sample_id,official_movie_path,relative_path,status,surprise_average,surprise_maximum,plausibility_average,plausibility_maximum,selected_aggregation,selected_surprise,selected_plausibility,error
O1/0001/1,,videos/sample_000000_O1__0001__1.pt,ok,0.5631235838,0.5969979167,0.5694276282,0.5504616899,average,0.5631235838,0.5694276282,
O1/0001/2,,videos/sample_000001_O1__0001__2.pt,ok,0.5626279712,0.6009026766,0.5697099136,0.5483164602,average,0.5626279712,0.5697099136,
O1/0001/3,,videos/sample_000002_O1__0001__3.pt,ok,0.5554364324,0.5879631639,0.5738217721,0.5554575092,average,0.5554364324,0.5738217721,
O1/0001/4,,videos/sample_000003_O1__0001__4.pt,ok,0.5613347292,0.5951698422,0.5704471630,0.5514688952,average,0.5613347292,0.5704471630,
O1/0002/1,,videos/sample_000004_O1__0002__1.pt,ok,0.5264394879,0.5569563508,0.5907044402,0.5729502723,average,0.5264394879,0.5907044402,
O1/0002/2,,videos/sample_000005_O1__0002__2.pt,ok,0.5339350700,0.5623350739,0.5862933191,0.5698768045,average,0.5339350700,0.5862933191,
O1/0002/3,,videos/sample_000006_O1__0002__3.pt,ok,0.5326614380,0.5533478856,0.5870405168,0.5750214781,average,0.5326614380,0.5870405168,
O1/0002/4,,videos/sample_000007_O1__0002__4.pt,ok,0.5249619484,0.5454530716,0.5915778744,0.5795791330,average,0.5249619484,0.5915778744,
O1/0003/1,,videos/sample_000008_O1__0003__1.pt,ok,0.6132642627,0.6415727139,0.5415801208,0.5264637957,average,0.6132642627,0.5415801208,
O1/0003/2,,videos/sample_000009_O1__0003__2.pt,ok,0.6115992665,0.6415727139,0.5424826007,0.5264637957,average,0.6115992665,0.5424826007,
O1/0003/3,,videos/sample_000010_O1__0003__3.pt,ok,0.6130071878,0.6424189806,0.5417193653,0.5260184554,average,0.6130071878,0.5417193653,
O1/0003/4,,videos/sample_000011_O1__0003__4.pt,ok,0.6129327416,0.6424189806,0.5417596957,0.5260184554,average,0.6129327416,0.5417596957,
O1/0004/1,,videos/sample_000012_O1__0004__1.pt,ok,0.5571219921,0.5804947615,0.5728553760,0.5596214189,average,0.5571219921,0.5728553760,
O1/0004/2,,videos/sample_000013_O1__0004__2.pt,ok,0.5573806763,0.5797056556,0.5727072065,0.5600631938,average,0.5573806763,0.5727072065,
O1/0004/3,,videos/sample_000014_O1__0004__3.pt,ok,0.5559115410,0.5797056556,0.5735492092,0.5600631938,average,0.5559115410,0.5735492092,
O1/0004/4,,videos/sample_000015_O1__0004__4.pt,ok,0.5579597354,0.5804947615,0.5723756712,0.5596214189,average,0.5579597354,0.5723756712,
O1/0005/1,,videos/sample_000016_O1__0005__1.pt,ok,0.5484429002,0.5815985203,0.5778488786,0.5590040726,average,0.5484429002,0.5778488786,
O1/0005/2,,videos/sample_000017_O1__0005__2.pt,ok,0.5506835580,0.5868225694,0.5765555665,0.5560914225,average,0.5506835580,0.5765555665,
O1/0005/3,,videos/sample_000018_O1__0005__3.pt,ok,0.5494287610,0.5888557434,0.5772794808,0.5549619404,average,0.5494287610,0.5772794808,
O1/0005/4,,videos/sample_000019_O1__0005__4.pt,ok,0.5457078815,0.5768929720,0.5794314693,0.5616406918,average,0.5457078815,0.5794314693,
O1/0006/1,,videos/sample_000020_O1__0006__1.pt,ok,0.5505821109,0.5761849284,0.5766140593,0.5620384987,average,0.5505821109,0.5766140593,
O1/0006/2,,videos/sample_000021_O1__0006__2.pt,ok,0.5469590425,0.5636678338,0.5787069606,0.5691178015,average,0.5469590425,0.5787069606,
O1/0006/3,,videos/sample_000022_O1__0006__3.pt,ok,0.5463294387,0.5770525932,0.5790714314,0.5615510492,average,0.5463294387,0.5790714314,
O1/0006/4,,videos/sample_000023_O1__0006__4.pt,ok,0.5408586264,0.5585865378,0.5822481041,0.5720170171,average,0.5408586264,0.5822481041,
O1/0007/1,,videos/sample_000024_O1__0007__1.pt,ok,0.5551878810,0.5879511833,0.5739644141,0.5554641640,average,0.5551878810,0.5739644141,
O1/0007/2,,videos/sample_000025_O1__0007__2.pt,ok,0.5500347614,0.5886868834,0.5769297551,0.5550556592,average,0.5500347614,0.5769297551,
O1/0007/3,,videos/sample_000026_O1__0007__3.pt,ok,0.5544015765,0.5889902711,0.5744159023,0.5548872877,average,0.5544015765,0.5744159023,
O1/0007/4,,videos/sample_000027_O1__0007__4.pt,ok,0.5438638330,0.5626342297,0.5805009549,0.5697063481,average,0.5438638330,0.5805009549,
O1/0008/1,,videos/sample_000028_O1__0008__1.pt,ok,0.5477411747,0.5766285658,0.5782545122,0.5617892127,average,0.5477411747,0.5782545122,
O1/0008/2,,videos/sample_000029_O1__0008__2.pt,ok,0.5409464836,0.5554036498,0.5821969516,0.5738405838,average,0.5409464836,0.5821969516,
O1/0008/3,,videos/sample_000030_O1__0008__3.pt,ok,0.5454630852,0.5706781745,0.5795733294,0.5651420438,average,0.5454630852,0.5795733294,
O1/0008/4,,videos/sample_000031_O1__0008__4.pt,ok,0.5438849926,0.5579944253,0.5804886718,0.5723558159,average,0.5438849926,0.5804886718,
O1/0009/1,,videos/sample_000032_O1__0009__1.pt,ok,0.6122880578,0.6418433785,0.5421090721,0.5263213198,average,0.6122880578,0.5421090721,
O1/0009/2,,videos/sample_000033_O1__0009__2.pt,ok,0.6104981303,0.6418433785,0.5430802769,0.5263213198,average,0.6104981303,0.5430802769,
O1/0009/3,,videos/sample_000034_O1__0009__3.pt,ok,0.6123465300,0.6427372694,0.5420773747,0.5258510562,average,0.6123465300,0.5420773747,
O1/0009/4,,videos/sample_000035_O1__0009__4.pt,ok,0.6127849221,0.6427372694,0.5418397843,0.5258510562,average,0.6127849221,0.5418397843,
O1/0010/1,,videos/sample_000036_O1__0010__1.pt,ok,0.5526521802,0.5932305455,0.5754216629,0.5525393947,average,0.5526521802,0.5754216629,
O1/0010/2,,videos/sample_000037_O1__0010__2.pt,ok,0.5392622352,0.5744355917,0.5831783422,0.5630225538,average,0.5392622352,0.5831783422,
O1/0010/3,,videos/sample_000038_O1__0010__3.pt,ok,0.5549213290,0.5952836871,0.5741174258,0.5514061169,average,0.5549213290,0.5741174258,
O1/0010/4,,videos/sample_000039_O1__0010__4.pt,ok,0.5494698882,0.5969931483,0.5772557394,0.5504643147,average,0.5494698882,0.5772557394,
O1/0011/1,,videos/sample_000040_O1__0011__1.pt,ok,0.6211632490,0.6342972517,0.5373190381,0.5303080305,average,0.6211632490,0.5373190381,
O1/0011/2,,videos/sample_000041_O1__0011__2.pt,ok,0.6186711788,0.6306322813,0.5386597447,0.5322551596,average,0.6186711788,0.5386597447,
O1/0011/3,,videos/sample_000042_O1__0011__3.pt,ok,0.6206830144,0.6333337426,0.5375771393,0.5308192333,average,0.6206830144,0.5375771393,
O1/0011/4,,videos/sample_000043_O1__0011__4.pt,ok,0.6203687787,0.6336863041,0.5377460917,0.5306321199,average,0.6203687787,0.5377460917,
O1/0012/1,,videos/sample_000044_O1__0012__1.pt,ok,0.6146488190,0.6462818384,0.5408307915,0.5239904404,average,0.6146488190,0.5408307915,
O1/0012/2,,videos/sample_000045_O1__0012__2.pt,ok,0.6146242023,0.6460893750,0.5408441051,0.5240912990,average,0.6146242023,0.5408441051,
O1/0012/3,,videos/sample_000046_O1__0012__3.pt,ok,0.6149273515,0.6462818384,0.5406801735,0.5239904404,average,0.6149273515,0.5406801735,
O1/0012/4,,videos/sample_000047_O1__0012__4.pt,ok,0.6133593321,0.6460893750,0.5415286355,0.5240912990,average,0.6133593321,0.5415286355,
O1/0013/1,,videos/sample_000048_O1__0013__1.pt,ok,0.6224532127,0.6498948336,0.5366263629,0.5221006813,average,0.6224532127,0.5366263629,
O1/0013/2,,videos/sample_000049_O1__0013__2.pt,ok,0.6225698590,0.6486128569,0.5365637710,0.5227704315,average,0.6225698590,0.5365637710,
O1/0013/3,,videos/sample_000050_O1__0013__3.pt,ok,0.6206966043,0.6498948336,0.5375698337,0.5221006813,average,0.6206966043,0.5375698337,
O1/0013/4,,videos/sample_000051_O1__0013__4.pt,ok,0.6222369671,0.6486128569,0.5367424185,0.5227704315,average,0.6222369671,0.5367424185,
O1/0014/1,,videos/sample_000052_O1__0014__1.pt,ok,0.5401005745,0.5793548226,0.5826896457,0.5602597169,average,0.5401005745,0.5826896457,
O1/0014/2,,videos/sample_000053_O1__0014__2.pt,ok,0.5246745944,0.5450984240,0.5917478911,0.5797847158,average,0.5246745944,0.5917478911,
O1/0014/3,,videos/sample_000054_O1__0014__3.pt,ok,0.5375037193,0.5874534845,0.5842047728,0.5557406866,average,0.5375037193,0.5842047728,
O1/0014/4,,videos/sample_000055_O1__0014__4.pt,ok,0.5423811078,0.5821577907,0.5813623166,0.5586915256,average,0.5423811078,0.5813623166,
O1/0015/1,,videos/sample_000056_O1__0015__1.pt,ok,0.6161143780,0.6290313005,0.5400387526,0.5331079724,average,0.6161143780,0.5400387526,
O1/0015/2,,videos/sample_000057_O1__0015__2.pt,ok,0.6140317321,0.6301159263,0.5411646341,0.5325300632,average,0.6140317321,0.5411646341,
O1/0015/3,,videos/sample_000058_O1__0015__3.pt,ok,0.6159837842,0.6303443909,0.5401092829,0.5324084128,average,0.6159837842,0.5401092829,
O1/0015/4,,videos/sample_000059_O1__0015__4.pt,ok,0.6152473092,0.6298490763,0.5405072064,0.5326721878,average,0.6152473092,0.5405072064,
O1/0016/1,,videos/sample_000060_O1__0016__1.pt,ok,0.5595513582,0.5937215090,0.5714653896,0.5522681846,average,0.5595513582,0.5714653896,
O1/0016/2,,videos/sample_000061_O1__0016__2.pt,ok,0.5564244986,0.5928825736,0.5732550783,0.5527316963,average,0.5564244986,0.5732550783,
O1/0016/3,,videos/sample_000062_O1__0016__3.pt,ok,0.5600029230,0.5925032496,0.5712073942,0.5529414005,average,0.5600029230,0.5712073942,
O1/0016/4,,videos/sample_000063_O1__0016__4.pt,ok,0.5489642620,0.5665548444,0.5775476888,0.5674771218,average,0.5489642620,0.5775476888,
O1/0017/1,,videos/sample_000064_O1__0017__1.pt,ok,0.6156364083,0.6315690279,0.5402969364,0.5317568048,average,0.6156364083,0.5402969364,
O1/0017/2,,videos/sample_000065_O1__0017__2.pt,ok,0.6174021363,0.6314579248,0.5393437607,0.5318158879,average,0.6174021363,0.5393437607,
O1/0017/3,,videos/sample_000066_O1__0017__3.pt,ok,0.6178886294,0.6318103671,0.5390814375,0.5316284866,average,0.6178886294,0.5390814375,
O1/0017/4,,videos/sample_000067_O1__0017__4.pt,ok,0.6177380681,0.6317087412,0.5391626085,0.5316825165,average,0.6177380681,0.5391626085,
O1/0018/1,,videos/sample_000068_O1__0018__1.pt,ok,0.5503155589,0.5820340514,0.5767677774,0.5587606620,average,0.5503155589,0.5767677774,
O1/0018/2,,videos/sample_000069_O1__0018__2.pt,ok,0.5343745351,0.5515831113,0.5860357203,0.5760371572,average,0.5343745351,0.5860357203,
O1/0018/3,,videos/sample_000070_O1__0018__3.pt,ok,0.5484912395,0.5811545253,0.5778209464,0.5592523228,average,0.5484912395,0.5778209464,
O1/0018/4,,videos/sample_000071_O1__0018__4.pt,ok,0.5458469391,0.5809603333,0.5793509006,0.5593609356,average,0.5458469391,0.5793509006,
O1/0019/1,,videos/sample_000072_O1__0019__1.pt,ok,0.6149755716,0.6405721307,0.5406541024,0.5269908302,average,0.6149755716,0.5406541024,
O1/0019/2,,videos/sample_000073_O1__0019__2.pt,ok,0.6152023077,0.6414949298,0.5405315306,0.5265047478,average,0.6152023077,0.5405315306,
O1/0019/3,,videos/sample_000074_O1__0019__3.pt,ok,0.6131399274,0.6405721307,0.5416474625,0.5269908302,average,0.6131399274,0.5416474625,
O1/0019/4,,videos/sample_000075_O1__0019__4.pt,ok,0.6147057414,0.6414949298,0.5408000069,0.5265047478,average,0.6147057414,0.5408000069,
O1/0020/1,,videos/sample_000076_O1__0020__1.pt,ok,0.5536553860,0.5861682892,0.5748446860,0.5564553811,average,0.5536553860,0.5748446860,
O1/0020/2,,videos/sample_000077_O1__0020__2.pt,ok,0.5542093515,0.5848957896,0.5745263300,0.5571639210,average,0.5542093515,0.5745263300,
O1/0020/3,,videos/sample_000078_O1__0020__3.pt,ok,0.5559667945,0.5880509615,0.5735175195,0.5554087435,average,0.5559667945,0.5735175195,
O1/0020/4,,videos/sample_000079_O1__0020__4.pt,ok,0.5435650349,0.5612597466,0.5806744334,0.5704899383,average,0.5435650349,0.5806744334,
O1/0021/1,,videos/sample_000080_O1__0021__1.pt,ok,0.5455242991,0.5882721543,0.5795378525,0.5552859047,average,0.5455242991,0.5795378525,
O1/0021/2,,videos/sample_000081_O1__0021__2.pt,ok,0.5326986909,0.5495183468,0.5870186483,0.5772277670,average,0.5326986909,0.5870186483,
O1/0021/3,,videos/sample_000082_O1__0021__3.pt,ok,0.5480209589,0.5801416636,0.5780927484,0.5598190550,average,0.5480209589,0.5780927484,
O1/0021/4,,videos/sample_000083_O1__0021__4.pt,ok,0.5461277366,0.5773846507,0.5791882431,0.5613646129,average,0.5461277366,0.5791882431,
O1/0022/1,,videos/sample_000084_O1__0022__1.pt,ok,0.5462418795,0.5725896955,0.5791221367,0.5640627948,average,0.5462418795,0.5791221367,
O1/0022/2,,videos/sample_000085_O1__0022__2.pt,ok,0.5464971662,0.5771088004,0.5789743134,0.5615194869,average,0.5464971662,0.5789743134,
O1/0022/3,,videos/sample_000086_O1__0022__3.pt,ok,0.5426373482,0.5811635852,0.5812133672,0.5592472560,average,0.5426373482,0.5812133672,
O1/0022/4,,videos/sample_000087_O1__0022__4.pt,ok,0.5343745351,0.5515831113,0.5860357203,0.5760371572,average,0.5343745351,0.5860357203,
O1/0023/1,,videos/sample_000088_O1__0023__1.pt,ok,0.5492860079,0.5772905946,0.5773618951,0.5614174152,average,0.5492860079,0.5773618951,
O1/0023/2,,videos/sample_000089_O1__0023__2.pt,ok,0.5488258600,0.5679295063,0.5776276281,0.5666975686,average,0.5488258600,0.5776276281,
O1/0023/3,,videos/sample_000090_O1__0023__3.pt,ok,0.5477848053,0.5656389594,0.5782292832,0.5679971037,average,0.5477848053,0.5782292832,
O1/0023/4,,videos/sample_000091_O1__0023__4.pt,ok,0.5509585738,0.5788102746,0.5763970264,0.5605648883,average,0.5509585738,0.5763970264,
O1/0024/1,,videos/sample_000092_O1__0024__1.pt,ok,0.5416338444,0.5851348042,0.5817969098,0.5570307666,average,0.5416338444,0.5817969098,
O1/0024/2,,videos/sample_000093_O1__0024__2.pt,ok,0.5213257074,0.5443887115,0.5937329099,0.5801963423,average,0.5213257074,0.5937329099,
O1/0024/3,,videos/sample_000094_O1__0024__3.pt,ok,0.5399177074,0.5811993480,0.5827962102,0.5592272561,average,0.5399177074,0.5827962102,
O1/0024/4,,videos/sample_000095_O1__0024__4.pt,ok,0.5313745141,0.5665854812,0.5877964796,0.5674597364,average,0.5313745141,0.5877964796,
O1/0025/1,,videos/sample_000096_O1__0025__1.pt,ok,0.5648223162,0.5972359776,0.5684611441,0.5503306621,average,0.5648223162,0.5684611441,
O1/0025/2,,videos/sample_000097_O1__0025__2.pt,ok,0.5614940524,0.5944432020,0.5703562848,0.5518697603,average,0.5614940524,0.5703562848,
O1/0025/3,,videos/sample_000098_O1__0025__3.pt,ok,0.5664733648,0.6005121469,0.5675233615,0.5485306359,average,0.5664733648,0.5675233615,
O1/0025/4,,videos/sample_000099_O1__0025__4.pt,ok,0.5673192143,0.6021672487,0.5670435251,0.5476235127,average,0.5673192143,0.5670435251,
O1/0026/1,,videos/sample_000100_O1__0026__1.pt,ok,0.5558481812,0.5878316760,0.5735855503,0.5555305499,average,0.5558481812,0.5735855503,
O1/0026/2,,videos/sample_000101_O1__0026__2.pt,ok,0.5632388592,0.5980820656,0.5693619909,0.5498652309,average,0.5632388592,0.5693619909,
O1/0026/3,,videos/sample_000102_O1__0026__3.pt,ok,0.5630901456,0.6041461825,0.5694466691,0.5465408736,average,0.5630901456,0.5694466691,
O1/0026/4,,videos/sample_000103_O1__0026__4.pt,ok,0.5653013587,0.6008058786,0.5681888923,0.5483695387,average,0.5653013587,0.5681888923,
O1/0027/1,,videos/sample_000104_O1__0027__1.pt,ok,0.5313674808,0.5628935099,0.5878006138,0.5695586537,average,0.5313674808,0.5878006138,
O1/0027/2,,videos/sample_000105_O1__0027__2.pt,ok,0.5293103456,0.5630149841,0.5890110437,0.5694894712,average,0.5293103456,0.5890110437,
O1/0027/3,,videos/sample_000106_O1__0027__3.pt,ok,0.5272701383,0.5498549342,0.5902139750,0.5770335121,average,0.5272701383,0.5902139750,
O1/0027/4,,videos/sample_000107_O1__0027__4.pt,ok,0.5295276642,0.5518898368,0.5888830546,0.5758604990,average,0.5295276642,0.5888830546,
O1/0028/1,,videos/sample_000108_O1__0028__1.pt,ok,0.5542385578,0.5948001146,0.5745095505,0.5516728262,average,0.5542385578,0.5745095505,
O1/0028/2,,videos/sample_000109_O1__0028__2.pt,ok,0.5489122868,0.5818030238,0.5775777078,0.5588897660,average,0.5489122868,0.5775777078,
O1/0028/3,,videos/sample_000110_O1__0028__3.pt,ok,0.5521685481,0.5919873118,0.5757000226,0.5532267575,average,0.5521685481,0.5757000226,
O1/0028/4,,videos/sample_000111_O1__0028__4.pt,ok,0.5522767305,0.5845410228,0.5756377453,0.5573616194,average,0.5522767305,0.5756377453,
O1/0029/1,,videos/sample_000112_O1__0029__1.pt,ok,0.6153565049,0.6453828216,0.5404481885,0.5244617284,average,0.6153565049,0.5404481885,
O1/0029/2,,videos/sample_000113_O1__0029__2.pt,ok,0.6124914289,0.6467643380,0.5419988340,0.5237376762,average,0.6124914289,0.5419988340,
O1/0029/3,,videos/sample_000114_O1__0029__3.pt,ok,0.6153390408,0.6467643380,0.5404576271,0.5237376762,average,0.6153390408,0.5404576271,
O1/0029/4,,videos/sample_000115_O1__0029__4.pt,ok,0.6159300208,0.6453828216,0.5401383218,0.5244617284,average,0.6159300208,0.5401383218,
O1/0030/1,,videos/sample_000116_O1__0030__1.pt,ok,0.5438638330,0.5626342297,0.5805009549,0.5697063481,average,0.5438638330,0.5805009549,
O1/0030/2,,videos/sample_000117_O1__0030__2.pt,ok,0.5463503003,0.5664850473,0.5790593512,0.5675167314,average,0.5463503003,0.5790593512,
O1/0030/3,,videos/sample_000118_O1__0030__3.pt,ok,0.5483158231,0.5773108006,0.5779223146,0.5614060713,average,0.5483158231,0.5779223146,
O1/0030/4,,videos/sample_000119_O1__0030__4.pt,ok,0.5472772121,0.5793177485,0.5785228629,0.5602804884,average,0.5472772121,0.5785228629,
O1/0031/1,,videos/sample_000120_O1__0031__1.pt,ok,0.6266015172,0.6512132883,0.5344048842,0.5214127688,average,0.6266015172,0.5344048842,
O1/0031/2,,videos/sample_000121_O1__0031__2.pt,ok,0.6257450581,0.6497149467,0.5348627762,0.5221946088,average,0.6257450581,0.5348627762,
O1/0031/3,,videos/sample_000122_O1__0031__3.pt,ok,0.6261832118,0.6497149467,0.5346284754,0.5221946088,average,0.6261832118,0.5346284754,
O1/0031/4,,videos/sample_000123_O1__0031__4.pt,ok,0.6254823804,0.6512132883,0.5350032912,0.5214127688,average,0.6254823804,0.5350032912,
O1/0032/1,,videos/sample_000124_O1__0032__1.pt,ok,0.5341966748,0.5702679753,0.5861399621,0.5653739121,average,0.5341966748,0.5861399621,
O1/0032/2,,videos/sample_000125_O1__0032__2.pt,ok,0.5235914588,0.5449111462,0.5923891816,0.5798933068,average,0.5235914588,0.5923891816,
O1/0032/3,,videos/sample_000126_O1__0032__3.pt,ok,0.5298801064,0.5502572060,0.5886755438,0.5768014345,average,0.5298801064,0.5886755438,
O1/0032/4,,videos/sample_000127_O1__0032__4.pt,ok,0.5324394703,0.5721476078,0.5871708353,0.5643122151,average,0.5324394703,0.5871708353,
O1/0033/1,,videos/sample_000128_O1__0033__1.pt,ok,0.5839796066,0.6073856950,0.5576746191,0.5447732124,average,0.5839796066,0.5576746191,
O1/0033/2,,videos/sample_000129_O1__0033__2.pt,ok,0.5817907453,0.6010048389,0.5588966284,0.5482604458,average,0.5817907453,0.5588966284,
O1/0033/3,,videos/sample_000130_O1__0033__3.pt,ok,0.5829948783,0.6022462249,0.5582240475,0.5475802652,average,0.5829948783,0.5582240475,
O1/0033/4,,videos/sample_000131_O1__0033__4.pt,ok,0.5836558342,0.6029995084,0.5578552080,0.5471679374,average,0.5836558342,0.5578552080,
O1/0034/1,,videos/sample_000132_O1__0034__1.pt,ok,0.6147334576,0.6443926692,0.5407850183,0.5249812826,average,0.6147334576,0.5407850183,
O1/0034/2,,videos/sample_000133_O1__0034__2.pt,ok,0.6125394106,0.6443926692,0.5419728286,0.5249812826,average,0.6125394106,0.5419728286,
O1/0034/3,,videos/sample_000134_O1__0034__3.pt,ok,0.6156718731,0.6437090039,0.5402777752,0.5253403168,average,0.6156718731,0.5402777752,
O1/0034/4,,videos/sample_000135_O1__0034__4.pt,ok,0.6160532236,0.6437090039,0.5400717793,0.5253403168,average,0.6160532236,0.5400717793,
O1/0035/1,,videos/sample_000136_O1__0035__1.pt,ok,0.6262358427,0.6493280530,0.5346003382,0.5223966817,average,0.6262358427,0.5346003382,
O1/0035/2,,videos/sample_000137_O1__0035__2.pt,ok,0.6256136894,0.6495077610,0.5349330450,0.5223028113,average,0.6256136894,0.5349330450,
O1/0035/3,,videos/sample_000138_O1__0035__3.pt,ok,0.6242703795,0.6495077610,0.5356521087,0.5223028113,average,0.6242703795,0.5356521087,
O1/0035/4,,videos/sample_000139_O1__0035__4.pt,ok,0.6260707378,0.6493280530,0.5346886106,0.5223966817,average,0.6260707378,0.5346886106,
O1/0036/1,,videos/sample_000140_O1__0036__1.pt,ok,0.5550036430,0.5826715827,0.5740701698,0.5584045481,average,0.5550036430,0.5740701698,
O1/0036/2,,videos/sample_000141_O1__0036__2.pt,ok,0.5537259579,0.5812460184,0.5748041196,0.5592011574,average,0.5537259579,0.5748041196,
O1/0036/3,,videos/sample_000142_O1__0036__3.pt,ok,0.5548253059,0.5817319751,0.5741725570,0.5589294758,average,0.5548253059,0.5741725570,
O1/0036/4,,videos/sample_000143_O1__0036__4.pt,ok,0.5557393432,0.5831769705,0.5736479817,0.5581224086,average,0.5557393432,0.5736479817,
O1/0037/1,,videos/sample_000144_O1__0037__1.pt,ok,0.5470802784,0.5821826458,0.5786368048,0.5586776394,average,0.5470802784,0.5786368048,
O1/0037/2,,videos/sample_000145_O1__0037__2.pt,ok,0.5484974384,0.5851302743,0.5778173646,0.5570332900,average,0.5484974384,0.5778173646,
O1/0037/3,,videos/sample_000146_O1__0037__3.pt,ok,0.5466248393,0.5919195414,0.5789003986,0.5532642512,average,0.5466248393,0.5789003986,
O1/0037/4,,videos/sample_000147_O1__0037__4.pt,ok,0.5324978828,0.5473577976,0.5871365382,0.5784762442,average,0.5324978828,0.5871365382,
O1/0038/1,,videos/sample_000148_O1__0038__1.pt,ok,0.5618641973,0.5833930373,0.5701452094,0.5580018298,average,0.5618641973,0.5701452094,
O1/0038/2,,videos/sample_000149_O1__0038__2.pt,ok,0.5618913770,0.5836230516,0.5701297132,0.5578734962,average,0.5618913770,0.5701297132,
O1/0038/3,,videos/sample_000150_O1__0038__3.pt,ok,0.5601096749,0.5810849071,0.5711464200,0.5592912583,average,0.5601096749,0.5711464200,
O1/0038/4,,videos/sample_000151_O1__0038__4.pt,ok,0.5602270365,0.5816525817,0.5710793933,0.5589738529,average,0.5602270365,0.5710793933,
O1/0039/1,,videos/sample_000152_O1__0039__1.pt,ok,0.5574754477,0.5863226056,0.5726529328,0.5563695175,average,0.5574754477,0.5726529328,
O1/0039/2,,videos/sample_000153_O1__0039__2.pt,ok,0.5514886975,0.5799787045,0.5760915456,0.5599102900,average,0.5514886975,0.5760915456,
O1/0039/3,,videos/sample_000154_O1__0039__3.pt,ok,0.5607406497,0.5915888548,0.5707861547,0.5534472385,average,0.5607406497,0.5707861547,
O1/0039/4,,videos/sample_000155_O1__0039__4.pt,ok,0.5600915551,0.5976963043,0.5711567691,0.5500773885,average,0.5600915551,0.5711567691,
O1/0040/1,,videos/sample_000156_O1__0040__1.pt,ok,0.6273092628,0.6511522532,0.5340267953,0.5214445943,average,0.6273092628,0.5340267953,
O1/0040/2,,videos/sample_000157_O1__0040__2.pt,ok,0.6258407235,0.6511522532,0.5348116108,0.5214445943,average,0.6258407235,0.5348116108,
O1/0040/3,,videos/sample_000158_O1__0040__3.pt,ok,0.6275479198,0.6518677473,0.5338993613,0.5210716372,average,0.6275479198,0.5338993613,
O1/0040/4,,videos/sample_000159_O1__0040__4.pt,ok,0.6273415089,0.6518677473,0.5340095753,0.5210716372,average,0.6273415089,0.5340095753,
O1/0041/1,,videos/sample_000160_O1__0041__1.pt,ok,0.6186150312,0.6463460326,0.5386899900,0.5239568043,average,0.6186150312,0.5386899900,
O1/0041/2,,videos/sample_000161_O1__0041__2.pt,ok,0.6199989915,0.6462649703,0.5379449801,0.5239992792,average,0.6199989915,0.5379449801,
O1/0041/3,,videos/sample_000162_O1__0041__3.pt,ok,0.6195269227,0.6463460326,0.5381989871,0.5239568043,average,0.6195269227,0.5381989871,
O1/0041/4,,videos/sample_000163_O1__0041__4.pt,ok,0.6200296879,0.6462649703,0.5379284674,0.5239992792,average,0.6200296879,0.5379284674,
O1/0042/1,,videos/sample_000164_O1__0042__1.pt,ok,0.6275726557,0.6511600614,0.5338861550,0.5214405228,average,0.6275726557,0.5338861550,
O1/0042/2,,videos/sample_000165_O1__0042__2.pt,ok,0.6238555312,0.6500234008,0.5358743692,0.5220335606,average,0.6238555312,0.5358743692,
O1/0042/3,,videos/sample_000166_O1__0042__3.pt,ok,0.6266630292,0.6511600614,0.5343720129,0.5214405228,average,0.6266630292,0.5343720129,
O1/0042/4,,videos/sample_000167_O1__0042__4.pt,ok,0.6268311143,0.6500234008,0.5342822005,0.5220335606,average,0.6268311143,0.5342822005,
O1/0043/1,,videos/sample_000168_O1__0043__1.pt,ok,0.5532566905,0.5929100513,0.5750739197,0.5527165087,average,0.5532566905,0.5750739197,
O1/0043/2,,videos/sample_000169_O1__0043__2.pt,ok,0.5465663671,0.5796506405,0.5789342492,0.5600940066,average,0.5465663671,0.5789342492,
O1/0043/3,,videos/sample_000170_O1__0043__3.pt,ok,0.5544837117,0.5971148610,0.5743687245,0.5503973203,average,0.5544837117,0.5743687245,
O1/0043/4,,videos/sample_000171_O1__0043__4.pt,ok,0.5526278615,0.5901349783,0.5754356566,0.5542524676,average,0.5526278615,0.5754356566,
O1/0044/1,,videos/sample_000172_O1__0044__1.pt,ok,0.6220727563,0.6376581788,0.5368305647,0.5285286956,average,0.6220727563,0.5368305647,
O1/0044/2,,videos/sample_000173_O1__0044__2.pt,ok,0.6228047013,0.6376581788,0.5364377780,0.5285286956,average,0.6228047013,0.5364377780,
O1/0044/3,,videos/sample_000174_O1__0044__3.pt,ok,0.6237276196,0.6381815672,0.5359429181,0.5282521422,average,0.6237276196,0.5359429181,
O1/0044/4,,videos/sample_000175_O1__0044__4.pt,ok,0.6228885055,0.6381815672,0.5363928242,0.5282521422,average,0.6228885055,0.5363928242,
O1/0045/1,,videos/sample_000176_O1__0045__1.pt,ok,0.5490462780,0.6006178260,0.5775003226,0.5484726707,average,0.5490462780,0.5775003226,
O1/0045/2,,videos/sample_000177_O1__0045__2.pt,ok,0.5510115027,0.5882179141,0.5763665191,0.5553160243,average,0.5510115027,0.5763665191,
O1/0045/3,,videos/sample_000178_O1__0045__3.pt,ok,0.5426307917,0.5809242725,0.5812171780,0.5593811070,average,0.5426307917,0.5812171780,
O1/0045/4,,videos/sample_000179_O1__0045__4.pt,ok,0.5310548544,0.5495811105,0.5879844045,0.5771915392,average,0.5310548544,0.5879844045,
O1/0046/1,,videos/sample_000180_O1__0046__1.pt,ok,0.5457621813,0.5645521283,0.5794000072,0.5686147562,average,0.5457621813,0.5794000072,
O1/0046/2,,videos/sample_000181_O1__0046__2.pt,ok,0.5465211868,0.5702565908,0.5789604062,0.5653803487,average,0.5465211868,0.5789604062,
O1/0046/3,,videos/sample_000182_O1__0046__3.pt,ok,0.5437426567,0.5630556941,0.5805713020,0.5694662877,average,0.5437426567,0.5805713020,
O1/0046/4,,videos/sample_000183_O1__0046__4.pt,ok,0.5453724861,0.5755848885,0.5796258405,0.5623758455,average,0.5453724861,0.5796258405,
O1/0047/1,,videos/sample_000184_O1__0047__1.pt,ok,0.5527170897,0.5975003839,0.5753843138,0.5501851705,average,0.5527170897,0.5753843138,
O1/0047/2,,videos/sample_000185_O1__0047__2.pt,ok,0.5400629044,0.5792315006,0.5827115961,0.5603288135,average,0.5400629044,0.5827115961,
O1/0047/3,,videos/sample_000186_O1__0047__3.pt,ok,0.5481522083,0.6014831662,0.5780168790,0.5479982606,average,0.5481522083,0.5780168790,
O1/0047/4,,videos/sample_000187_O1__0047__4.pt,ok,0.5511433482,0.5931421518,0.5762905328,0.5525882378,average,0.5511433482,0.5762905328,
O1/0048/1,,videos/sample_000188_O1__0048__1.pt,ok,0.5497201681,0.5812610984,0.5771112819,0.5591927247,average,0.5497201681,0.5771112819,
O1/0048/2,,videos/sample_000189_O1__0048__2.pt,ok,0.5587990880,0.5958181024,0.5718954477,0.5511115158,average,0.5587990880,0.5718954477,
O1/0048/3,,videos/sample_000190_O1__0048__3.pt,ok,0.5605179071,0.5965968370,0.5709133072,0.5506825132,average,0.5605179071,0.5709133072,
O1/0048/4,,videos/sample_000191_O1__0048__4.pt,ok,0.5587059855,0.5910764933,0.5719486951,0.5537308762,average,0.5587059855,0.5719486951,
O1/0049/1,,videos/sample_000192_O1__0049__1.pt,ok,0.5683677197,0.6066950560,0.5664492885,0.5451495840,average,0.5683677197,0.5664492885,
O1/0049/2,,videos/sample_000193_O1__0049__2.pt,ok,0.5653979778,0.6001048684,0.5681339970,0.5487540861,average,0.5653979778,0.5681339970,
O1/0049/3,,videos/sample_000194_O1__0049__3.pt,ok,0.5590338111,0.5977386832,0.5717612264,0.5500540773,average,0.5590338111,0.5717612264,
O1/0049/4,,videos/sample_000195_O1__0049__4.pt,ok,0.5670884252,0.6115458608,0.5671744077,0.5425115732,average,0.5670884252,0.5671744077,
O1/0050/1,,videos/sample_000196_O1__0050__1.pt,ok,0.5351839662,0.5714567304,0.5855615567,0.5647022204,average,0.5351839662,0.5855615567,
O1/0050/2,,videos/sample_000197_O1__0050__2.pt,ok,0.5220704079,0.5425438285,0.5932909213,0.5812677247,average,0.5220704079,0.5932909213,
O1/0050/3,,videos/sample_000198_O1__0050__3.pt,ok,0.5380015969,0.5731812119,0.5839139827,0.5637292410,average,0.5380015969,0.5839139827,
O1/0050/4,,videos/sample_000199_O1__0050__4.pt,ok,0.5341264606,0.5770800114,0.5861811189,0.5615356527,average,0.5341264606,0.5861811189,
O1/0051/1,,videos/sample_000200_O1__0051__1.pt,ok,0.5390483141,0.5800406337,0.5833031097,0.5598756163,average,0.5390483141,0.5833031097,
O1/0051/2,,videos/sample_000201_O1__0051__2.pt,ok,0.5353245735,0.5871040225,0.5854792282,0.5559349308,average,0.5353245735,0.5854792282,
O1/0051/3,,videos/sample_000202_O1__0051__3.pt,ok,0.5220050812,0.5438227057,0.5933296803,0.5805248297,average,0.5220050812,0.5933296803,
O1/0051/4,,videos/sample_000203_O1__0051__4.pt,ok,0.5393172503,0.5815616846,0.5831462595,0.5590246643,average,0.5393172503,0.5831462595,
O1/0052/1,,videos/sample_000204_O1__0052__1.pt,ok,0.5671842694,0.5892423391,0.5671200499,0.5547474360,average,0.5671842694,0.5671200499,
O1/0052/2,,videos/sample_000205_O1__0052__2.pt,ok,0.5683033466,0.5910164118,0.5664857538,0.5537641462,average,0.5683033466,0.5664857538,
O1/0052/3,,videos/sample_000206_O1__0052__3.pt,ok,0.5667600632,0.5892423391,0.5673606768,0.5547474360,average,0.5667600632,0.5673606768,
O1/0052/4,,videos/sample_000207_O1__0052__4.pt,ok,0.5684131384,0.5910164118,0.5664235617,0.5537641462,average,0.5684131384,0.5664235617,
O1/0053/1,,videos/sample_000208_O1__0053__1.pt,ok,0.6329546571,0.6399819255,0.5310204973,0.5273019547,average,0.6329546571,0.5310204973,
O1/0053/2,,videos/sample_000209_O1__0053__2.pt,ok,0.6322912574,0.6405526996,0.5313728931,0.5270010703,average,0.6322912574,0.5313728931,
O1/0053/3,,videos/sample_000210_O1__0053__3.pt,ok,0.6321523786,0.6395843625,0.5314466946,0.5275116321,average,0.6321523786,0.5314466946,
O1/0053/4,,videos/sample_000211_O1__0053__4.pt,ok,0.6331878304,0.6400036812,0.5308966919,0.5272904830,average,0.6331878304,0.5308966919,
O1/0054/1,,videos/sample_000212_O1__0054__1.pt,ok,0.5536834002,0.5950635672,0.5748285824,0.5515275057,average,0.5536834002,0.5748285824,
O1/0054/2,,videos/sample_000213_O1__0054__2.pt,ok,0.5543993115,0.5840789676,0.5744172034,0.5576192107,average,0.5543993115,0.5744172034,
O1/0054/3,,videos/sample_000214_O1__0054__3.pt,ok,0.5534327626,0.5849077702,0.5749726741,0.5571572460,average,0.5534327626,0.5749726741,
O1/0054/4,,videos/sample_000215_O1__0054__4.pt,ok,0.5478242040,0.5655912161,0.5782065021,0.5680242224,average,0.5478242040,0.5782065021,
O1/0055/1,,videos/sample_000216_O1__0055__1.pt,ok,0.6117858291,0.6265334487,0.5423814032,0.5344412616,average,0.6117858291,0.5423814032,
O1/0055/2,,videos/sample_000217_O1__0055__2.pt,ok,0.6113169789,0.6265287399,0.5426357584,0.5344437781,average,0.6113169789,0.5426357584,
O1/0055/3,,videos/sample_000218_O1__0055__3.pt,ok,0.6103194952,0.6254659295,0.5431772988,0.5350120925,average,0.6103194952,0.5431772988,
O1/0055/4,,videos/sample_000219_O1__0055__4.pt,ok,0.6090335846,0.6253160834,0.5438762255,0.5350922680,average,0.6090335846,0.5438762255,
O1/0056/1,,videos/sample_000220_O1__0056__1.pt,ok,0.5309373736,0.5521522164,0.5880534854,0.5757094248,average,0.5309373736,0.5880534854,
O1/0056/2,,videos/sample_000221_O1__0056__2.pt,ok,0.5271465778,0.5468748808,0.5902869066,0.5787556676,average,0.5271465778,0.5902869066,
O1/0056/3,,videos/sample_000222_O1__0056__3.pt,ok,0.5281755328,0.5623271465,0.5896798404,0.5698813222,average,0.5281755328,0.5896798404,
O1/0056/4,,videos/sample_000223_O1__0056__4.pt,ok,0.5316683054,0.5634350181,0.5876238155,0.5692503165,average,0.5316683054,0.5876238155,
O1/0057/1,,videos/sample_000224_O1__0057__1.pt,ok,0.6210893989,0.6351820827,0.5373587206,0.5298390050,average,0.6210893989,0.5373587206,
O1/0057/2,,videos/sample_000225_O1__0057__2.pt,ok,0.6199730635,0.6333382130,0.5379589281,0.5308168604,average,0.6199730635,0.5379589281,
O1/0057/3,,videos/sample_000226_O1__0057__3.pt,ok,0.6209183335,0.6332713962,0.5374506519,0.5308523290,average,0.6209183335,0.5374506519,
O1/0057/4,,videos/sample_000227_O1__0057__4.pt,ok,0.6186175346,0.6345183849,0.5386886414,0.5301907747,average,0.6186175346,0.5386886414,
O1/0058/1,,videos/sample_000228_O1__0058__1.pt,ok,0.5676931143,0.5878843069,0.5668315472,0.5555013126,average,0.5676931143,0.5668315472,
O1/0058/2,,videos/sample_000229_O1__0058__2.pt,ok,0.5680661201,0.5881453753,0.5666201551,0.5553563078,average,0.5680661201,0.5666201551,
O1/0058/3,,videos/sample_000230_O1__0058__3.pt,ok,0.5694264770,0.5906021595,0.5658498736,0.5539935918,average,0.5694264770,0.5658498736,
O1/0058/4,,videos/sample_000231_O1__0058__4.pt,ok,0.5693985820,0.5919606686,0.5658656582,0.5532414974,average,0.5693985820,0.5658656582,
O1/0059/1,,videos/sample_000232_O1__0059__1.pt,ok,0.5393507481,0.5563132167,0.5831267257,0.5733188747,average,0.5393507481,0.5831267257,
O1/0059/2,,videos/sample_000233_O1__0059__2.pt,ok,0.5405988097,0.5704708695,0.5823994015,0.5652592127,average,0.5405988097,0.5823994015,
O1/0059/3,,videos/sample_000234_O1__0059__3.pt,ok,0.5335719585,0.5514200926,0.5865062476,0.5761310697,average,0.5335719585,0.5865062476,
O1/0059/4,,videos/sample_000235_O1__0059__4.pt,ok,0.5355283022,0.5724506974,0.5853599615,0.5641412038,average,0.5355283022,0.5853599615,
O1/0060/1,,videos/sample_000236_O1__0060__1.pt,ok,0.6334832311,0.6555824876,0.5307398879,0.5191395821,average,0.6334832311,0.5307398879,
O1/0060/2,,videos/sample_000237_O1__0060__2.pt,ok,0.6336216927,0.6555824876,0.5306664059,0.5191395821,average,0.6336216927,0.5306664059,
O1/0060/3,,videos/sample_000238_O1__0060__3.pt,ok,0.6321582794,0.6558546424,0.5314435586,0.5189983150,average,0.6321582794,0.5314435586,
O1/0060/4,,videos/sample_000239_O1__0060__4.pt,ok,0.6307787895,0.6558546424,0.5321771856,0.5189983150,average,0.6307787895,0.5321771856,
O1/0061/1,,videos/sample_000240_O1__0061__1.pt,ok,0.5684188008,0.6032144427,0.5664203544,0.5470503448,average,0.5684188008,0.5664203544,
O1/0061/2,,videos/sample_000241_O1__0061__2.pt,ok,0.5673143268,0.5953865647,0.5670462966,0.5513493924,average,0.5673143268,0.5670462966,
O1/0061/3,,videos/sample_000242_O1__0061__3.pt,ok,0.5653735995,0.5957578421,0.5681478473,0.5511447269,average,0.5653735995,0.5681478473,
O1/0061/4,,videos/sample_000243_O1__0061__4.pt,ok,0.5693705082,0.5991407037,0.5658815444,0.5492834306,average,0.5693705082,0.5658815444,
O1/0062/1,,videos/sample_000244_O1__0062__1.pt,ok,0.6304116249,0.6504760981,0.5323726181,0.5217972909,average,0.6304116249,0.5323726181,
O1/0062/2,,videos/sample_000245_O1__0062__2.pt,ok,0.6300841570,0.6504760981,0.5325469816,0.5217972909,average,0.6300841570,0.5325469816,
O1/0062/3,,videos/sample_000246_O1__0062__3.pt,ok,0.6298816204,0.6522539258,0.5326548527,0.5208704494,average,0.6298816204,0.5326548527,
O1/0062/4,,videos/sample_000247_O1__0062__4.pt,ok,0.6291326880,0.6522539258,0.5330539246,0.5208704494,average,0.6291326880,0.5330539246,
O1/0063/1,,videos/sample_000248_O1__0063__1.pt,ok,0.5290882587,0.5492856503,0.5891418698,0.5773621016,average,0.5290882587,0.5891418698,
O1/0063/2,,videos/sample_000249_O1__0063__2.pt,ok,0.5310986638,0.5645867586,0.5879586458,0.5685950652,average,0.5310986638,0.5879586458,
O1/0063/3,,videos/sample_000250_O1__0063__3.pt,ok,0.5307608843,0.5614195466,0.5881572797,0.5703987812,average,0.5307608843,0.5881572797,
O1/0063/4,,videos/sample_000251_O1__0063__4.pt,ok,0.5265728831,0.5459004045,0.5906256483,0.5793199262,average,0.5265728831,0.5906256483,
O1/0064/1,,videos/sample_000252_O1__0064__1.pt,ok,0.6209402084,0.6333417296,0.5374388954,0.5308149937,average,0.6209402084,0.5374388954,
O1/0064/2,,videos/sample_000253_O1__0064__2.pt,ok,0.6194519401,0.6312869191,0.5382393442,0.5319068393,average,0.6194519401,0.5382393442,
O1/0064/3,,videos/sample_000254_O1__0064__3.pt,ok,0.6203047633,0.6337437630,0.5377805168,0.5306016312,average,0.6203047633,0.5377805168,
O1/0064/4,,videos/sample_000255_O1__0064__4.pt,ok,0.6210379004,0.6314154267,0.5373863945,0.5318384896,average,0.6210379004,0.5373863945,
O1/0065/1,,videos/sample_000256_O1__0065__1.pt,ok,0.5512222648,0.5869362354,0.5762450557,0.5560282173,average,0.5512222648,0.5762450557,
O1/0065/2,,videos/sample_000257_O1__0065__2.pt,ok,0.5483708978,0.5898092985,0.5778904866,0.5544330059,average,0.5483708978,0.5778904866,
O1/0065/3,,videos/sample_000258_O1__0065__3.pt,ok,0.5439050794,0.5776986480,0.5804770118,0.5611883736,average,0.5439050794,0.5804770118,
O1/0065/4,,videos/sample_000259_O1__0065__4.pt,ok,0.5326986909,0.5495183468,0.5870186483,0.5772277670,average,0.5326986909,0.5870186483,
O1/0066/1,,videos/sample_000260_O1__0066__1.pt,ok,0.5522117019,0.5858241320,0.5756751795,0.5566469222,average,0.5522117019,0.5756751795,
O1/0066/2,,videos/sample_000261_O1__0066__2.pt,ok,0.5482301712,0.5854968429,0.5779718169,0.5568291365,average,0.5482301712,0.5779718169,
O1/0066/3,,videos/sample_000262_O1__0066__3.pt,ok,0.5550649166,0.5940318108,0.5740349956,0.5520968414,average,0.5550649166,0.5740349956,
O1/0066/4,,videos/sample_000263_O1__0066__4.pt,ok,0.5554519296,0.5940318108,0.5738128796,0.5520968414,average,0.5554519296,0.5738128796,
O1/0067/1,,videos/sample_000264_O1__0067__1.pt,ok,0.5402386189,0.5609152317,0.5826092142,0.5706865144,average,0.5402386189,0.5826092142,
O1/0067/2,,videos/sample_000265_O1__0067__2.pt,ok,0.5454521179,0.5756072402,0.5795796857,0.5623632755,average,0.5454521179,0.5795796857,
O1/0067/3,,videos/sample_000266_O1__0067__3.pt,ok,0.5425266027,0.5622156858,0.5812777375,0.5699448451,average,0.5425266027,0.5812777375,
O1/0067/4,,videos/sample_000267_O1__0067__4.pt,ok,0.5441369414,0.5748072863,0.5803424368,0.5628133202,average,0.5441369414,0.5803424368,
O1/0068/1,,videos/sample_000268_O1__0068__1.pt,ok,0.5655357838,0.5954121351,0.5680557102,0.5513352944,average,0.5655357838,0.5680557102,
O1/0068/2,,videos/sample_000269_O1__0068__2.pt,ok,0.5645346045,0.5956447721,0.5686247205,0.5512070484,average,0.5645346045,0.5686247205,
O1/0068/3,,videos/sample_000270_O1__0068__3.pt,ok,0.5546520352,0.5853397250,0.5742720529,0.5569166312,average,0.5546520352,0.5742720529,
O1/0068/4,,videos/sample_000271_O1__0068__4.pt,ok,0.5611529946,0.5955744982,0.5705508424,0.5512457852,average,0.5611529946,0.5705508424,
O1/0069/1,,videos/sample_000272_O1__0069__1.pt,ok,0.6119934916,0.6280638576,0.5422687826,0.5336239735,average,0.6119934916,0.5422687826,
O1/0069/2,,videos/sample_000273_O1__0069__2.pt,ok,0.6112061739,0.6273547411,0.5426958885,0.5340025092,average,0.6112061739,0.5426958885,
O1/0069/3,,videos/sample_000274_O1__0069__3.pt,ok,0.6106497645,0.6273553371,0.5429979336,0.5340021909,average,0.6106497645,0.5429979336,
O1/0069/4,,videos/sample_000275_O1__0069__4.pt,ok,0.6095297337,0.6269870400,0.5436064488,0.5341988986,average,0.6095297337,0.5436064488,
O1/0070/1,,videos/sample_000276_O1__0070__1.pt,ok,0.6134331226,0.6411137581,0.5414886773,0.5267054748,average,0.6134331226,0.5414886773,
O1/0070/2,,videos/sample_000277_O1__0070__2.pt,ok,0.6126797199,0.6421881914,0.5418967901,0.5261398688,average,0.6126797199,0.5418967901,
O1/0070/3,,videos/sample_000278_O1__0070__3.pt,ok,0.6131727099,0.6421881914,0.5416297062,0.5261398688,average,0.6131727099,0.5416297062,
O1/0070/4,,videos/sample_000279_O1__0070__4.pt,ok,0.6113129854,0.6411137581,0.5426379255,0.5267054748,average,0.6113129854,0.5426379255,
O1/0071/1,,videos/sample_000280_O1__0071__1.pt,ok,0.6175097227,0.6301280856,0.5392857378,0.5325235880,average,0.6175097227,0.5392857378,
O1/0071/2,,videos/sample_000281_O1__0071__2.pt,ok,0.6164693236,0.6301693320,0.5398471022,0.5325016238,average,0.6164693236,0.5398471022,
O1/0071/3,,videos/sample_000282_O1__0071__3.pt,ok,0.6161187291,0.6313945651,0.5400364028,0.5318495847,average,0.6161187291,0.5400364028,
O1/0071/4,,videos/sample_000283_O1__0071__4.pt,ok,0.6173480749,0.6298639178,0.5393729192,0.5326642822,average,0.6173480749,0.5393729192,
O1/0072/1,,videos/sample_000284_O1__0072__1.pt,ok,0.5232986212,0.5438843369,0.5925626808,0.5804890524,average,0.5232986212,0.5925626808,
O1/0072/2,,videos/sample_000285_O1__0072__2.pt,ok,0.5333106518,0.5655096173,0.5866595257,0.5680705744,average,0.5333106518,0.5866595257,
O1/0072/3,,videos/sample_000286_O1__0072__3.pt,ok,0.5282860994,0.5671882629,0.5896146451,0.5671177851,average,0.5282860994,0.5896146451,
O1/0072/4,,videos/sample_000287_O1__0072__4.pt,ok,0.5296306610,0.5496862531,0.5888224046,0.5771308550,average,0.5296306610,0.5888224046,
O1/0073/1,,videos/sample_000288_O1__0073__1.pt,ok,0.5502318144,0.5697814226,0.5768160806,0.5656490633,average,0.5502318144,0.5768160806,
O1/0073/2,,videos/sample_000289_O1__0073__2.pt,ok,0.5508998036,0.5732093453,0.5764309023,0.5637133816,average,0.5508998036,0.5764309023,
O1/0073/3,,videos/sample_000290_O1__0073__3.pt,ok,0.5467312336,0.5687244534,0.5788388102,0.5662472530,average,0.5467312336,0.5788388102,
O1/0073/4,,videos/sample_000291_O1__0073__4.pt,ok,0.5467152596,0.5662181377,0.5788480567,0.5676682273,average,0.5467152596,0.5788480567,
O1/0074/1,,videos/sample_000292_O1__0074__1.pt,ok,0.6206945181,0.6492168307,0.5375709552,0.5224547871,average,0.6206945181,0.5375709552,
O1/0074/2,,videos/sample_000293_O1__0074__2.pt,ok,0.6210755706,0.6489995122,0.5373661514,0.5225683386,average,0.6210755706,0.5373661514,
O1/0074/3,,videos/sample_000294_O1__0074__3.pt,ok,0.6184963584,0.6489995122,0.5387539217,0.5225683386,average,0.6184963584,0.5387539217,
O1/0074/4,,videos/sample_000295_O1__0074__4.pt,ok,0.6213885546,0.6492168307,0.5371979907,0.5224547871,average,0.6213885546,0.5371979907,
O1/0075/1,,videos/sample_000296_O1__0075__1.pt,ok,0.5224857926,0.5438085198,0.5930445285,0.5805330651,average,0.5224857926,0.5930445285,
O1/0075/2,,videos/sample_000297_O1__0075__2.pt,ok,0.5340800285,0.5546318293,0.5862083371,0.5742836567,average,0.5340800285,0.5862083371,
O1/0075/3,,videos/sample_000298_O1__0075__3.pt,ok,0.5309645534,0.5708974600,0.5880375025,0.5650181299,average,0.5309645534,0.5880375025,
O1/0075/4,,videos/sample_000299_O1__0075__4.pt,ok,0.5390454531,0.5752659440,0.5833047785,0.5625552407,average,0.5390454531,0.5833047785,
O1/0076/1,,videos/sample_000300_O1__0076__1.pt,ok,0.5388016105,0.5717979670,0.5834470304,0.5645095562,average,0.5388016105,0.5834470304,
O1/0076/2,,videos/sample_000301_O1__0076__2.pt,ok,0.5328238606,0.5528091788,0.5869451759,0.5753313296,average,0.5328238606,0.5869451759,
O1/0076/3,,videos/sample_000302_O1__0076__3.pt,ok,0.5352791548,0.5554669499,0.5855058206,0.5738042608,average,0.5352791548,0.5855058206,
O1/0076/4,,videos/sample_000303_O1__0076__4.pt,ok,0.5386905670,0.5706295967,0.5835118220,0.5651694978,average,0.5386905670,0.5835118220,
O1/0077/1,,videos/sample_000304_O1__0077__1.pt,ok,0.6109903455,0.6267653108,0.5428130304,0.5343173593,average,0.6109903455,0.5428130304,
O1/0077/2,,videos/sample_000305_O1__0077__2.pt,ok,0.6112794876,0.6275825500,0.5426561029,0.5338808725,average,0.6112794876,0.5426561029,
O1/0077/3,,videos/sample_000306_O1__0077__3.pt,ok,0.6125249267,0.6320488453,0.5419806785,0.5315017199,average,0.6125249267,0.5419806785,
O1/0077/4,,videos/sample_000307_O1__0077__4.pt,ok,0.6129369140,0.6317372322,0.5417574354,0.5316673686,average,0.6129369140,0.5417574354,
O1/0078/1,,videos/sample_000308_O1__0078__1.pt,ok,0.5449138880,0.5706497431,0.5798917168,0.5651581118,average,0.5449138880,0.5798917168,
O1/0078/2,,videos/sample_000309_O1__0078__2.pt,ok,0.5427863002,0.5621625185,0.5811268008,0.5699751483,average,0.5427863002,0.5811268008,
O1/0078/3,,videos/sample_000310_O1__0078__3.pt,ok,0.5451911092,0.5771539807,0.5797309808,0.5614941178,average,0.5451911092,0.5797309808,
O1/0078/4,,videos/sample_000311_O1__0078__4.pt,ok,0.5428040028,0.5623466969,0.5811165134,0.5698701809,average,0.5428040028,0.5811165134,
O1/0079/1,,videos/sample_000312_O1__0079__1.pt,ok,0.5322242975,0.5502215624,0.5872971921,0.5768219942,average,0.5322242975,0.5872971921,
O1/0079/2,,videos/sample_000313_O1__0079__2.pt,ok,0.5407016277,0.5652543306,0.5823395234,0.5682156137,average,0.5407016277,0.5823395234,
O1/0079/3,,videos/sample_000314_O1__0079__3.pt,ok,0.5387057066,0.5552681684,0.5835029879,0.5739183338,average,0.5387057066,0.5835029879,
O1/0079/4,,videos/sample_000315_O1__0079__4.pt,ok,0.5372365713,0.5736585855,0.5843608628,0.5634601957,average,0.5372365713,0.5843608628,
O1/0080/1,,videos/sample_000316_O1__0080__1.pt,ok,0.5306744576,0.5492709279,0.5882081145,0.5773706018,average,0.5306744576,0.5882081145,
O1/0080/2,,videos/sample_000317_O1__0080__2.pt,ok,0.5565363169,0.5952244401,0.5731909814,0.5514387870,average,0.5565363169,0.5731909814,
O1/0080/3,,videos/sample_000318_O1__0080__3.pt,ok,0.5465708375,0.6003162265,0.5789316611,0.5486381148,average,0.5465708375,0.5789316611,
O1/0080/4,,videos/sample_000319_O1__0080__4.pt,ok,0.5518277287,0.5936826468,0.5758962657,0.5522896474,average,0.5518277287,0.5758962657,
O1/0081/1,,videos/sample_000320_O1__0081__1.pt,ok,0.5845398903,0.5957256556,0.5573622506,0.5511624666,average,0.5845398903,0.5573622506,
O1/0081/2,,videos/sample_000321_O1__0081__2.pt,ok,0.5833334327,0.5956723094,0.5580350903,0.5511918698,average,0.5833334327,0.5580350903,
O1/0081/3,,videos/sample_000322_O1__0081__3.pt,ok,0.5841097832,0.5963722467,0.5576020276,0.5508062050,average,0.5841097832,0.5576020276,
O1/0081/4,,videos/sample_000323_O1__0081__4.pt,ok,0.5851379037,0.5969864130,0.5570290402,0.5504680223,average,0.5851379037,0.5570290402,
O1/0082/1,,videos/sample_000324_O1__0082__1.pt,ok,0.5790925622,0.5994384289,0.5604066701,0.5491199194,average,0.5790925622,0.5604066701,
O1/0082/2,,videos/sample_000325_O1__0082__2.pt,ok,0.5686973333,0.5793257356,0.5662626099,0.5602760134,average,0.5686973333,0.5662626099,
O1/0082/3,,videos/sample_000326_O1__0082__3.pt,ok,0.5804942250,0.5984395146,0.5596217191,0.5496687172,average,0.5804942250,0.5596217191,
O1/0082/4,,videos/sample_000327_O1__0082__4.pt,ok,0.5760349631,0.5992318392,0.5621227913,0.5492333737,average,0.5760349631,0.5621227913,
O1/0083/1,,videos/sample_000328_O1__0083__1.pt,ok,0.5608053803,0.5978192687,0.5707492085,0.5500097527,average,0.5608053803,0.5707492085,
O1/0083/2,,videos/sample_000329_O1__0083__2.pt,ok,0.5607060790,0.5973093510,0.5708058875,0.5502902840,average,0.5607060790,0.5708058875,
O1/0083/3,,videos/sample_000330_O1__0083__3.pt,ok,0.5538324714,0.5862508416,0.5747428984,0.5564094463,average,0.5538324714,0.5747428984,
O1/0083/4,,videos/sample_000331_O1__0083__4.pt,ok,0.5591368079,0.6064649224,0.5717023399,0.5452750556,average,0.5591368079,0.5717023399,
O1/0084/1,,videos/sample_000332_O1__0084__1.pt,ok,0.5505868196,0.5787842274,0.5766113442,0.5605794896,average,0.5505868196,0.5766113442,
O1/0084/2,,videos/sample_000333_O1__0084__2.pt,ok,0.5482585430,0.5635310411,0.5779554190,0.5691956579,average,0.5482585430,0.5779554190,
O1/0084/3,,videos/sample_000334_O1__0084__3.pt,ok,0.5492482185,0.5651069283,0.5773837136,0.5682993762,average,0.5492482185,0.5773837136,
O1/0084/4,,videos/sample_000335_O1__0084__4.pt,ok,0.5508460402,0.5743370056,0.5764618940,0.5630780627,average,0.5508460402,0.5764618940,
O1/0085/1,,videos/sample_000336_O1__0085__1.pt,ok,0.5526804328,0.5813949704,0.5754054059,0.5591178694,average,0.5526804328,0.5754054059,
O1/0085/2,,videos/sample_000337_O1__0085__2.pt,ok,0.5499148965,0.5742986798,0.5769989129,0.5630996435,average,0.5499148965,0.5769989129,
O1/0085/3,,videos/sample_000338_O1__0085__3.pt,ok,0.5503717661,0.5739385486,0.5767353599,0.5633024698,average,0.5503717661,0.5767353599,
O1/0085/4,,videos/sample_000339_O1__0085__4.pt,ok,0.5521911383,0.5799564719,0.5756870176,0.5599227384,average,0.5521911383,0.5756870176,
O1/0086/1,,videos/sample_000340_O1__0086__1.pt,ok,0.6100403070,0.6246302724,0.5433289686,0.5354593660,average,0.6100403070,0.5433289686,
O1/0086/2,,videos/sample_000341_O1__0086__2.pt,ok,0.6074745655,0.6242425442,0.5447248003,0.5356670190,average,0.6074745655,0.5447248003,
O1/0086/3,,videos/sample_000342_O1__0086__3.pt,ok,0.6102482677,0.6245691776,0.5432159894,0.5354920808,average,0.6102482677,0.5432159894,
O1/0086/4,,videos/sample_000343_O1__0086__4.pt,ok,0.6089319587,0.6246302724,0.5439315003,0.5354593660,average,0.6089319587,0.5439315003,
O1/0087/1,,videos/sample_000344_O1__0087__1.pt,ok,0.5547601581,0.5840864182,0.5742099643,0.5576150562,average,0.5547601581,0.5742099643,
O1/0087/2,,videos/sample_000345_O1__0087__2.pt,ok,0.5535456538,0.5846830010,0.5749077684,0.5572824918,average,0.5535456538,0.5749077684,
O1/0087/3,,videos/sample_000346_O1__0087__3.pt,ok,0.5525746346,0.5753241777,0.5754662860,0.5625224820,average,0.5525746346,0.5754662860,
O1/0087/4,,videos/sample_000347_O1__0087__4.pt,ok,0.5515403152,0.5764796734,0.5760618099,0.5618728651,average,0.5515403152,0.5760618099,
O1/0088/1,,videos/sample_000348_O1__0088__1.pt,ok,0.5451078415,0.5778666139,0.5797792557,0.5610941210,average,0.5451078415,0.5797792557,
O1/0088/2,,videos/sample_000349_O1__0088__2.pt,ok,0.5337889791,0.5500532389,0.5863789776,0.5769190950,average,0.5337889791,0.5863789776,
O1/0088/3,,videos/sample_000350_O1__0088__3.pt,ok,0.5443351865,0.5747973323,0.5802273982,0.5628189225,average,0.5443351865,0.5802273982,
O1/0088/4,,videos/sample_000351_O1__0088__4.pt,ok,0.5474972725,0.5746417046,0.5783955670,0.5629065195,average,0.5474972725,0.5783955670,
O1/0089/1,,videos/sample_000352_O1__0089__1.pt,ok,0.5412427187,0.5714481473,0.5820245100,0.5647070673,average,0.5412427187,0.5820245100,
O1/0089/2,,videos/sample_000353_O1__0089__2.pt,ok,0.5478695035,0.5823822021,0.5781803103,0.5585661629,average,0.5478695035,0.5781803103,
O1/0089/3,,videos/sample_000354_O1__0089__3.pt,ok,0.5490292907,0.5880254507,0.5775101329,0.5554229126,average,0.5490292907,0.5775101329,
O1/0089/4,,videos/sample_000355_O1__0089__4.pt,ok,0.5474567413,0.5805679560,0.5784190105,0.5595804592,average,0.5474567413,0.5784190105,
O1/0090/1,,videos/sample_000356_O1__0090__1.pt,ok,0.5686475039,0.5900254846,0.5662908272,0.5543131581,average,0.5686475039,0.5662908272,
O1/0090/2,,videos/sample_000357_O1__0090__2.pt,ok,0.5667402744,0.5881200433,0.5673719043,0.5553703762,average,0.5667402744,0.5673719043,
O1/0090/3,,videos/sample_000358_O1__0090__3.pt,ok,0.5667547584,0.5902305245,0.5673636866,0.5541995134,average,0.5667547584,0.5673636866,
O1/0090/4,,videos/sample_000359_O1__0090__4.pt,ok,0.5688542724,0.5916190743,0.5661737481,0.5534305138,average,0.5688542724,0.5661737481,
O1/0091/1,,videos/sample_000360_O1__0091__1.pt,ok,0.5631024837,0.5865184665,0.5694396432,0.5562605572,average,0.5631024837,0.5694396432,
O1/0091/2,,videos/sample_000361_O1__0091__2.pt,ok,0.5659236312,0.5910223722,0.5678354340,0.5537608455,average,0.5659236312,0.5678354340,
O1/0091/3,,videos/sample_000362_O1__0091__3.pt,ok,0.5655816197,0.5932856202,0.5680296734,0.5525089646,average,0.5655816197,0.5680296734,
O1/0091/4,,videos/sample_000363_O1__0091__4.pt,ok,0.5642174482,0.5854004622,0.5688050921,0.5568828067,average,0.5642174482,0.5688050921,
O1/0092/1,,videos/sample_000364_O1__0092__1.pt,ok,0.6188760996,0.6457964182,0.5385493735,0.5242448577,average,0.6188760996,0.5385493735,
O1/0092/2,,videos/sample_000365_O1__0092__2.pt,ok,0.6192327142,0.6457964182,0.5383573531,0.5242448577,average,0.6192327142,0.5383573531,
O1/0092/3,,videos/sample_000366_O1__0092__3.pt,ok,0.6185182333,0.6440536976,0.5387421366,0.5251592665,average,0.6185182333,0.5387421366,
O1/0092/4,,videos/sample_000367_O1__0092__4.pt,ok,0.6176858544,0.6440536976,0.5391907609,0.5251592665,average,0.6176858544,0.5391907609,
O1/0093/1,,videos/sample_000368_O1__0093__1.pt,ok,0.5508710146,0.5732209682,0.5764474975,0.5637068296,average,0.5508710146,0.5764474975,
O1/0093/2,,videos/sample_000369_O1__0093__2.pt,ok,0.5519852638,0.5732209682,0.5758055490,0.5637068296,average,0.5519852638,0.5758055490,
O1/0093/3,,videos/sample_000370_O1__0093__3.pt,ok,0.5508287549,0.5739446282,0.5764718585,0.5632990451,average,0.5508287549,0.5764718585,
O1/0093/4,,videos/sample_000371_O1__0093__4.pt,ok,0.5522859097,0.5739446282,0.5756324615,0.5632990451,average,0.5522859097,0.5756324615,
O1/0094/1,,videos/sample_000372_O1__0094__1.pt,ok,0.5464409590,0.5799328685,0.5790068568,0.5599359547,average,0.5464409590,0.5790068568,
O1/0094/2,,videos/sample_000373_O1__0094__2.pt,ok,0.5394505262,0.5719498396,0.5830685452,0.5644238291,average,0.5394505262,0.5830685452,
O1/0094/3,,videos/sample_000374_O1__0094__3.pt,ok,0.5485496521,0.5870382786,0.5777871954,0.5559714814,average,0.5485496521,0.5777871954,
O1/0094/4,,videos/sample_000375_O1__0094__4.pt,ok,0.5482022166,0.5848037004,0.5779879741,0.5572152322,average,0.5482022166,0.5779879741,
O1/0095/1,,videos/sample_000376_O1__0095__1.pt,ok,0.5454939604,0.5758174062,0.5795554352,0.5622450983,average,0.5454939604,0.5795554352,
O1/0095/2,,videos/sample_000377_O1__0095__2.pt,ok,0.5572592020,0.5898013711,0.5727767799,0.5544374011,average,0.5572592020,0.5727767799,
O1/0095/3,,videos/sample_000378_O1__0095__3.pt,ok,0.5577873588,0.5898013711,0.5724743439,0.5544374011,average,0.5577873588,0.5724743439,
O1/0095/4,,videos/sample_000379_O1__0095__4.pt,ok,0.5447968245,0.5636288524,0.5799596050,0.5691399869,average,0.5447968245,0.5799596050,
O1/0096/1,,videos/sample_000380_O1__0096__1.pt,ok,0.5356420875,0.5535097718,0.5852933599,0.5749283976,average,0.5356420875,0.5852933599,
O1/0096/2,,videos/sample_000381_O1__0096__2.pt,ok,0.5400605798,0.5730894208,0.5827129507,0.5637809887,average,0.5400605798,0.5827129507,
O1/0096/3,,videos/sample_000382_O1__0096__3.pt,ok,0.5313018560,0.5493837595,0.5878391893,0.5773054598,average,0.5313018560,0.5878391893,
O1/0096/4,,videos/sample_000383_O1__0096__4.pt,ok,0.5355480909,0.5674961805,0.5853483781,0.5669431865,average,0.5355480909,0.5853483781,
O1/0097/1,,videos/sample_000384_O1__0097__1.pt,ok,0.6177506447,0.6470168233,0.5391558277,0.5236054568,average,0.6177506447,0.5391558277,
O1/0097/2,,videos/sample_000385_O1__0097__2.pt,ok,0.6165788770,0.6459314227,0.5397879634,0.5241740870,average,0.6165788770,0.5397879634,
O1/0097/3,,videos/sample_000386_O1__0097__3.pt,ok,0.6160437465,0.6459314227,0.5400768977,0.5241740870,average,0.6160437465,0.5400768977,
O1/0097/4,,videos/sample_000387_O1__0097__4.pt,ok,0.6173703074,0.6470168233,0.5393609277,0.5236054568,average,0.6173703074,0.5393609277,
O1/0098/1,,videos/sample_000388_O1__0098__1.pt,ok,0.5626010895,0.5840948820,0.5697252286,0.5576103366,average,0.5626010895,0.5697252286,
O1/0098/2,,videos/sample_000389_O1__0098__2.pt,ok,0.5645520687,0.5883932114,0.5686147901,0.5552186875,average,0.5645520687,0.5686147901,
O1/0098/3,,videos/sample_000390_O1__0098__3.pt,ok,0.5644726753,0.5887454152,0.5686599361,0.5550231717,average,0.5644726753,0.5686599361,
O1/0098/4,,videos/sample_000391_O1__0098__4.pt,ok,0.5628343225,0.5849871635,0.5695923654,0.5571130131,average,0.5628343225,0.5695923654,
O1/0099/1,,videos/sample_000392_O1__0099__1.pt,ok,0.6274774671,0.6369809508,0.5339369773,0.5288867513,average,0.6274774671,0.5339369773,
O1/0099/2,,videos/sample_000393_O1__0099__2.pt,ok,0.6257373691,0.6377454400,0.5348668888,0.5284825776,average,0.6257373691,0.5348668888,
O1/0099/3,,videos/sample_000394_O1__0099__3.pt,ok,0.6274814606,0.6380270720,0.5339348450,0.5283337610,average,0.6274814606,0.5339348450,
O1/0099/4,,videos/sample_000395_O1__0099__4.pt,ok,0.6267209053,0.6369947791,0.5343410864,0.5288794377,average,0.6267209053,0.5343410864,
O1/0100/1,,videos/sample_000396_O1__0100__1.pt,ok,0.5624171495,0.5810596347,0.5698300335,0.5593053931,average,0.5624171495,0.5698300335,
O1/0100/2,,videos/sample_000397_O1__0100__2.pt,ok,0.5642894506,0.5831958652,0.5687641382,0.5581118631,average,0.5642894506,0.5687641382,
O1/0100/3,,videos/sample_000398_O1__0100__3.pt,ok,0.5645787120,0.5880584717,0.5685996405,0.5554045723,average,0.5645787120,0.5685996405,
O1/0100/4,,videos/sample_000399_O1__0100__4.pt,ok,0.5649427772,0.5835388303,0.5683926709,0.5579204830,average,0.5649427772,0.5683926709,
O1/0101/1,,videos/sample_000400_O1__0101__1.pt,ok,0.5234617591,0.5438171029,0.5924660193,0.5805280823,average,0.5234617591,0.5924660193,
O1/0101/2,,videos/sample_000401_O1__0101__2.pt,ok,0.5400730371,0.5787327290,0.5827056917,0.5606083593,average,0.5400730371,0.5827056917,
O1/0101/3,,videos/sample_000402_O1__0101__3.pt,ok,0.5366964936,0.5726438761,0.5846765483,0.5640322343,average,0.5366964936,0.5846765483,
O1/0101/4,,videos/sample_000403_O1__0101__4.pt,ok,0.5341686606,0.5769443512,0.5861563825,0.5616118359,average,0.5341686606,0.5861563825,
O1/0102/1,,videos/sample_000404_O1__0102__1.pt,ok,0.6206088066,0.6382706165,0.5376170331,0.5282051038,average,0.6206088066,0.5376170331,
O1/0102/2,,videos/sample_000405_O1__0102__2.pt,ok,0.6217421889,0.6379745603,0.5370080527,0.5283615054,average,0.6217421889,0.5370080527,
O1/0102/3,,videos/sample_000406_O1__0102__3.pt,ok,0.6214048266,0.6382706165,0.5371892495,0.5282051038,average,0.6214048266,0.5371892495,
O1/0102/4,,videos/sample_000407_O1__0102__4.pt,ok,0.6226301789,0.6379745603,0.5365314065,0.5283615054,average,0.6226301789,0.5365314065,
O1/0103/1,,videos/sample_000408_O1__0103__1.pt,ok,0.5640691519,0.5866443515,0.5688894500,0.5561905367,average,0.5640691519,0.5688894500,
O1/0103/2,,videos/sample_000409_O1__0103__2.pt,ok,0.5664488077,0.5895763636,0.5675372984,0.5545621677,average,0.5664488077,0.5675372984,
O1/0103/3,,videos/sample_000410_O1__0103__3.pt,ok,0.5650700331,0.5873239636,0.5683203441,0.5558126713,average,0.5650700331,0.5683203441,
O1/0103/4,,videos/sample_000411_O1__0103__4.pt,ok,0.5665628910,0.5905112624,0.5674725556,0.5540439505,average,0.5665628910,0.5674725556,
O1/0104/1,,videos/sample_000412_O1__0104__1.pt,ok,0.5671156645,0.6078256369,0.5671589585,0.5445335965,average,0.5671156645,0.5671589585,
O1/0104/2,,videos/sample_000413_O1__0104__2.pt,ok,0.5675526857,0.6078256369,0.5669111521,0.5445335965,average,0.5675526857,0.5669111521,
O1/0104/3,,videos/sample_000414_O1__0104__3.pt,ok,0.5570142865,0.5952857137,0.5729170790,0.5514049994,average,0.5570142865,0.5729170790,
O1/0104/4,,videos/sample_000415_O1__0104__4.pt,ok,0.5562520027,0.5952857137,0.5733539709,0.5514049994,average,0.5562520027,0.5733539709,
O1/0105/1,,videos/sample_000416_O1__0105__1.pt,ok,0.6155725718,0.6298674941,0.5403314282,0.5326623772,average,0.6155725718,0.5403314282,
O1/0105/2,,videos/sample_000417_O1__0105__2.pt,ok,0.6150057912,0.6305735111,0.5406377644,0.5322864413,average,0.6150057912,0.5406377644,
O1/0105/3,,videos/sample_000418_O1__0105__3.pt,ok,0.6169514656,0.6301385164,0.5395868820,0.5325180334,average,0.6169514656,0.5395868820,
O1/0105/4,,videos/sample_000419_O1__0105__4.pt,ok,0.6169329286,0.6303604841,0.5395968844,0.5323998447,average,0.6169329286,0.5395968844,
O1/0106/1,,videos/sample_000420_O1__0106__1.pt,ok,0.5454887748,0.5649139881,0.5795584406,0.5684090346,average,0.5454887748,0.5795584406,
O1/0106/2,,videos/sample_000421_O1__0106__2.pt,ok,0.5430542231,0.5625994205,0.5809711245,0.5697261794,average,0.5430542231,0.5809711245,
O1/0106/3,,videos/sample_000422_O1__0106__3.pt,ok,0.5489565730,0.5808680058,0.5775521296,0.5594125824,average,0.5489565730,0.5775521296,
O1/0106/4,,videos/sample_000423_O1__0106__4.pt,ok,0.5476034880,0.5762872100,0.5783341357,0.5619810155,average,0.5476034880,0.5783341357,
O1/0107/1,,videos/sample_000424_O1__0107__1.pt,ok,0.5707672834,0.6109720469,0.5650916868,0.5428229632,average,0.5707672834,0.5650916868,
O1/0107/2,,videos/sample_000425_O1__0107__2.pt,ok,0.5738842487,0.6098331809,0.5633330579,0.5434415179,average,0.5738842487,0.5633330579,
O1/0107/3,,videos/sample_000426_O1__0107__3.pt,ok,0.5674900413,0.6017703414,0.5669466671,0.5478409116,average,0.5674900413,0.5669466671,
O1/0107/4,,videos/sample_000427_O1__0107__4.pt,ok,0.5728638768,0.6094765663,0.5639081605,0.5436353517,average,0.5728638768,0.5639081605,
O1/0108/1,,videos/sample_000428_O1__0108__1.pt,ok,0.6320273876,0.6402484775,0.5315131248,0.5271614200,average,0.6320273876,0.5315131248,
O1/0108/2,,videos/sample_000429_O1__0108__2.pt,ok,0.6314579844,0.6393137574,0.5318158562,0.5276543987,average,0.6314579844,0.5318158562,
O1/0108/3,,videos/sample_000430_O1__0108__3.pt,ok,0.6324570179,0.6411954165,0.5312848197,0.5266624666,average,0.6324570179,0.5312848197,
O1/0108/4,,videos/sample_000431_O1__0108__4.pt,ok,0.6317000389,0.6411954165,0.5316871434,0.5266624666,average,0.6317000389,0.5316871434,
O1/0109/1,,videos/sample_000432_O1__0109__1.pt,ok,0.5624961257,0.5950930715,0.5697850322,0.5515112335,average,0.5624961257,0.5697850322,
O1/0109/2,,videos/sample_000433_O1__0109__2.pt,ok,0.5527331829,0.5837782621,0.5753750540,0.5577869151,average,0.5527331829,0.5753750540,
O1/0109/3,,videos/sample_000434_O1__0109__3.pt,ok,0.5615193248,0.5946906209,0.5703418707,0.5517332342,average,0.5615193248,0.5703418707,
O1/0109/4,,videos/sample_000435_O1__0109__4.pt,ok,0.5581662059,0.6010493040,0.5722575047,0.5482360679,average,0.5581662059,0.5722575047,
O1/0110/1,,videos/sample_000436_O1__0110__1.pt,ok,0.5655942559,0.6019898653,0.5680224957,0.5477206607,average,0.5655942559,0.5680224957,
O1/0110/2,,videos/sample_000437_O1__0110__2.pt,ok,0.5680737495,0.6056278944,0.5666158322,0.5457316572,average,0.5680737495,0.5666158322,
O1/0110/3,,videos/sample_000438_O1__0110__3.pt,ok,0.5623778105,0.6075933576,0.5698524505,0.5446600951,average,0.5623778105,0.5698524505,
O1/0110/4,,videos/sample_000439_O1__0110__4.pt,ok,0.5544627905,0.5899090171,0.5743807411,0.5543777213,average,0.5544627905,0.5743807411,
O1/0111/1,,videos/sample_000440_O1__0111__1.pt,ok,0.5521008372,0.5806767344,0.5757390050,0.5595195922,average,0.5521008372,0.5757390050,
O1/0111/2,,videos/sample_000441_O1__0111__2.pt,ok,0.5470219254,0.5826746225,0.5786705709,0.5584028506,average,0.5470219254,0.5786705709,
O1/0111/3,,videos/sample_000442_O1__0111__3.pt,ok,0.5493408442,0.5678055286,0.5773302356,0.5667678308,average,0.5493408442,0.5773302356,
O1/0111/4,,videos/sample_000443_O1__0111__4.pt,ok,0.5391063094,0.5575189590,0.5832692818,0.5726280164,average,0.5391063094,0.5832692818,
O1/0112/1,,videos/sample_000444_O1__0112__1.pt,ok,0.6161041856,0.6301255822,0.5400442569,0.5325249211,average,0.6161041856,0.5400442569,
O1/0112/2,,videos/sample_000445_O1__0112__2.pt,ok,0.6143286824,0.6284580231,0.5410039589,0.5334136788,average,0.6143286824,0.5410039589,
O1/0112/3,,videos/sample_000446_O1__0112__3.pt,ok,0.6165244579,0.6326140165,0.5398173389,0.5312014153,average,0.6165244579,0.5398173389,
O1/0112/4,,videos/sample_000447_O1__0112__4.pt,ok,0.6169303656,0.6305568814,0.5395982674,0.5322952931,average,0.6169303656,0.5395982674,
O1/0113/1,,videos/sample_000448_O1__0113__1.pt,ok,0.5516813397,0.5713409185,0.5759805768,0.5647676234,average,0.5516813397,0.5759805768,
O1/0113/2,,videos/sample_000449_O1__0113__2.pt,ok,0.5493996143,0.5761851072,0.5772963068,0.5620383982,average,0.5493996143,0.5772963068,
O1/0113/3,,videos/sample_000450_O1__0113__3.pt,ok,0.5515087843,0.5800511837,0.5760799739,0.5598697096,average,0.5515087843,0.5760799739,
O1/0113/4,,videos/sample_000451_O1__0113__4.pt,ok,0.5463012457,0.5662056804,0.5790877574,0.5676752990,average,0.5463012457,0.5790877574,
O1/0114/1,,videos/sample_000452_O1__0114__1.pt,ok,0.5678498745,0.5880712867,0.5667426975,0.5553974548,average,0.5678498745,0.5667426975,
O1/0114/2,,videos/sample_000453_O1__0114__2.pt,ok,0.5690088868,0.5918582082,0.5660862163,0.5532981857,average,0.5690088868,0.5660862163,
O1/0114/3,,videos/sample_000454_O1__0114__3.pt,ok,0.5674587488,0.5888115168,0.5669644085,0.5549864851,average,0.5674587488,0.5669644085,
O1/0114/4,,videos/sample_000455_O1__0114__4.pt,ok,0.5690281987,0.5895364285,0.5660752842,0.5545843147,average,0.5690281987,0.5660752842,
O1/0115/1,,videos/sample_000456_O1__0115__1.pt,ok,0.6109127998,0.6435523629,0.5428551248,0.5254226131,average,0.6109127998,0.5428551248,
O1/0115/2,,videos/sample_000457_O1__0115__2.pt,ok,0.6127276421,0.6434327960,0.5418708218,0.5254854400,average,0.6127276421,0.5418708218,
O1/0115/3,,videos/sample_000458_O1__0115__3.pt,ok,0.6127823591,0.6434327960,0.5418411731,0.5254854400,average,0.6127823591,0.5418411731,
O1/0115/4,,videos/sample_000459_O1__0115__4.pt,ok,0.6128361225,0.6435523629,0.5418120426,0.5254226131,average,0.6128361225,0.5418120426,
O1/0116/1,,videos/sample_000460_O1__0116__1.pt,ok,0.6204579473,0.6377541423,0.5376981438,0.5284779786,average,0.6204579473,0.5376981438,
O1/0116/2,,videos/sample_000461_O1__0116__2.pt,ok,0.6185472012,0.6377541423,0.5387265306,0.5284779786,average,0.6185472012,0.5387265306,
O1/0116/3,,videos/sample_000462_O1__0116__3.pt,ok,0.6203905940,0.6372382641,0.5377343608,0.5287506792,average,0.6203905940,0.5377343608,
O1/0116/4,,videos/sample_000463_O1__0116__4.pt,ok,0.6207329631,0.6372382641,0.5375502886,0.5287506792,average,0.6207329631,0.5375502886,
O1/0117/1,,videos/sample_000464_O1__0117__1.pt,ok,0.5436283946,0.5625453591,0.5806376431,0.5697569805,average,0.5436283946,0.5806376431,
O1/0117/2,,videos/sample_000465_O1__0117__2.pt,ok,0.5572530627,0.5910544991,0.5727802964,0.5537430552,average,0.5572530627,0.5727802964,
O1/0117/3,,videos/sample_000466_O1__0117__3.pt,ok,0.5573984385,0.5920229554,0.5726970341,0.5532070388,average,0.5573984385,0.5726970341,
O1/0117/4,,videos/sample_000467_O1__0117__4.pt,ok,0.5534485579,0.5976952910,0.5749635923,0.5500779459,average,0.5534485579,0.5749635923,
O1/0118/1,,videos/sample_000468_O1__0118__1.pt,ok,0.5618747473,0.5815645456,0.5701391944,0.5590230649,average,0.5618747473,0.5701391944,
O1/0118/2,,videos/sample_000469_O1__0118__2.pt,ok,0.5628054738,0.5860388875,0.5696087976,0.5565273920,average,0.5628054738,0.5696087976,
O1/0118/3,,videos/sample_000470_O1__0118__3.pt,ok,0.5620878935,0.5849287510,0.5700176843,0.5571455565,average,0.5620878935,0.5700176843,
O1/0118/4,,videos/sample_000471_O1__0118__4.pt,ok,0.5608687401,0.5815119743,0.5707130471,0.5590524543,average,0.5608687401,0.5707130471,
O1/0119/1,,videos/sample_000472_O1__0119__1.pt,ok,0.5623945594,0.5991842151,0.5698429062,0.5492595310,average,0.5623945594,0.5698429062,
O1/0119/2,,videos/sample_000473_O1__0119__2.pt,ok,0.5477350354,0.5846096873,0.5782580623,0.5573233497,average,0.5477350354,0.5782580623,
O1/0119/3,,videos/sample_000474_O1__0119__3.pt,ok,0.5532964468,0.5846096873,0.5750510573,0.5573233497,average,0.5532964468,0.5750510573,
O1/0119/4,,videos/sample_000475_O1__0119__4.pt,ok,0.5639172792,0.5991842151,0.5689758553,0.5492595310,average,0.5639172792,0.5689758553,
O1/0120/1,,videos/sample_000476_O1__0120__1.pt,ok,0.6168161631,0.6444956064,0.5396598944,0.5249272453,average,0.6168161631,0.5396598944,
O1/0120/2,,videos/sample_000477_O1__0120__2.pt,ok,0.6170495152,0.6448540688,0.5395339783,0.5247391124,average,0.6170495152,0.5395339783,
O1/0120/3,,videos/sample_000478_O1__0120__3.pt,ok,0.6157457232,0.6444956064,0.5402378771,0.5249272453,average,0.6157457232,0.5402378771,
O1/0120/4,,videos/sample_000479_O1__0120__4.pt,ok,0.6170290709,0.6448540688,0.5395450088,0.5247391124,average,0.6170290709,0.5395450088,
O1/0121/1,,videos/sample_000480_O1__0121__1.pt,ok,0.6211087108,0.6474279761,0.5373483433,0.5233902192,average,0.6211087108,0.5373483433,
O1/0121/2,,videos/sample_000481_O1__0121__2.pt,ok,0.6206339002,0.6478372812,0.5376035426,0.5231760367,average,0.6206339002,0.5376035426,
O1/0121/3,,videos/sample_000482_O1__0121__3.pt,ok,0.6199170351,0.6478372812,0.5379890700,0.5231760367,average,0.6199170351,0.5379890700,
O1/0121/4,,videos/sample_000483_O1__0121__4.pt,ok,0.6207737923,0.6474279761,0.5375283414,0.5233902192,average,0.6207737923,0.5375283414,
O1/0122/1,,videos/sample_000484_O1__0122__1.pt,ok,0.5457246900,0.5998358727,0.5794217300,0.5489017185,average,0.5457246900,0.5794217300,
O1/0122/2,,videos/sample_000485_O1__0122__2.pt,ok,0.5489379168,0.5971562266,0.5775629046,0.5503745532,average,0.5489379168,0.5775629046,
O1/0122/3,,videos/sample_000486_O1__0122__3.pt,ok,0.5497176051,0.5959867239,0.5771127611,0.5510185943,average,0.5497176051,0.5771127611,
O1/0122/4,,videos/sample_000487_O1__0122__4.pt,ok,0.5364695191,0.5780203342,0.5848092700,0.5610078761,average,0.5364695191,0.5848092700,
O1/0123/1,,videos/sample_000488_O1__0123__1.pt,ok,0.5566822886,0.5840090513,0.5731073178,0.5576581988,average,0.5566822886,0.5731073178,
O1/0123/2,,videos/sample_000489_O1__0123__2.pt,ok,0.5541083217,0.5767787099,0.5745843773,0.5617048697,average,0.5541083217,0.5745843773,
O1/0123/3,,videos/sample_000490_O1__0123__3.pt,ok,0.5535405874,0.5767357945,0.5749106811,0.5617289760,average,0.5535405874,0.5749106811,
O1/0123/4,,videos/sample_000491_O1__0123__4.pt,ok,0.5561324954,0.5835317969,0.5734224950,0.5579244071,average,0.5561324954,0.5734224950,
O1/0124/1,,videos/sample_000492_O1__0124__1.pt,ok,0.6288593411,0.6371003985,0.5331996532,0.5288235807,average,0.6288593411,0.5331996532,
O1/0124/2,,videos/sample_000493_O1__0124__2.pt,ok,0.6283748746,0.6366943717,0.5334580332,0.5290383409,average,0.6283748746,0.5334580332,
O1/0124/3,,videos/sample_000494_O1__0124__3.pt,ok,0.6283858418,0.6397364140,0.5334521826,0.5274314293,average,0.6283858418,0.5334521826,
O1/0124/4,,videos/sample_000495_O1__0124__4.pt,ok,0.6292599440,0.6385603547,0.5329860947,0.5280520848,average,0.6292599440,0.5329860947,
O1/0125/1,,videos/sample_000496_O1__0125__1.pt,ok,0.5874884129,0.6095237136,0.5557212758,0.5436097213,average,0.5874884129,0.5557212758,
O1/0125/2,,videos/sample_000497_O1__0125__2.pt,ok,0.5823779702,0.6048592329,0.5585685267,0.5461513014,average,0.5823779702,0.5585685267,
O1/0125/3,,videos/sample_000498_O1__0125__3.pt,ok,0.5872393847,0.6146597266,0.5558596834,0.5408248923,average,0.5872393847,0.5558596834,
O1/0125/4,,videos/sample_000499_O1__0125__4.pt,ok,0.5871199965,0.6102263331,0.5559260503,0.5432279047,average,0.5871199965,0.5559260503,
O1/0126/1,,videos/sample_000500_O1__0126__1.pt,ok,0.5444013476,0.5629479885,0.5801890109,0.5695276257,average,0.5444013476,0.5801890109,
O1/0126/2,,videos/sample_000501_O1__0126__2.pt,ok,0.5554583073,0.5864673257,0.5738092200,0.5562890055,average,0.5554583073,0.5738092200,
O1/0126/3,,videos/sample_000502_O1__0126__3.pt,ok,0.5564705133,0.5912827253,0.5732287007,0.5536166909,average,0.5564705133,0.5732287007,
O1/0126/4,,videos/sample_000503_O1__0126__4.pt,ok,0.5507782698,0.5889309049,0.5765009625,0.5549202302,average,0.5507782698,0.5765009625,
O1/0127/1,,videos/sample_000504_O1__0127__1.pt,ok,0.6118611693,0.6248995066,0.5423405416,0.5353152215,average,0.6118611693,0.5423405416,
O1/0127/2,,videos/sample_000505_O1__0127__2.pt,ok,0.6118630171,0.6258013844,0.5423395395,0.5348326502,average,0.6118630171,0.5423395395,
O1/0127/3,,videos/sample_000506_O1__0127__3.pt,ok,0.6098085046,0.6251119375,0.5434549282,0.5352015160,average,0.6098085046,0.5434549282,
O1/0127/4,,videos/sample_000507_O1__0127__4.pt,ok,0.6105805635,0.6248995066,0.5430355109,0.5353152215,average,0.6105805635,0.5430355109,
O1/0128/1,,videos/sample_000508_O1__0128__1.pt,ok,0.5631766319,0.5851158500,0.5693974219,0.5570413249,average,0.5631766319,0.5693974219,
O1/0128/2,,videos/sample_000509_O1__0128__2.pt,ok,0.5649103522,0.5886209607,0.5684111013,0.5550922512,average,0.5649103522,0.5684111013,
O1/0128/3,,videos/sample_000510_O1__0128__3.pt,ok,0.5640323162,0.5879050493,0.5689104059,0.5554897903,average,0.5640323162,0.5689104059,
O1/0128/4,,videos/sample_000511_O1__0128__4.pt,ok,0.5615823865,0.5838619471,0.5703059051,0.5577402387,average,0.5615823865,0.5703059051,
O1/0129/1,,videos/sample_000512_O1__0129__1.pt,ok,0.5793025494,0.6085308790,0.5602890042,0.5441497039,average,0.5793025494,0.5602890042,
O1/0129/2,,videos/sample_000513_O1__0129__2.pt,ok,0.5686973333,0.5793257356,0.5662626099,0.5602760134,average,0.5686973333,0.5662626099,
O1/0129/3,,videos/sample_000514_O1__0129__3.pt,ok,0.5809698105,0.6047048569,0.5593556345,0.5462356205,average,0.5809698105,0.5593556345,
O1/0129/4,,videos/sample_000515_O1__0129__4.pt,ok,0.5812240243,0.6034860015,0.5592134566,0.5469018087,average,0.5812240243,0.5592134566,
O1/0130/1,,videos/sample_000516_O1__0130__1.pt,ok,0.5575624704,0.5839567184,0.5726031011,0.5576873834,average,0.5575624704,0.5726031011,
O1/0130/2,,videos/sample_000517_O1__0130__2.pt,ok,0.5550193191,0.5789449811,0.5740611708,0.5604893816,average,0.5550193191,0.5740611708,
O1/0130/3,,videos/sample_000518_O1__0130__3.pt,ok,0.5549950004,0.5784735680,0.5740751314,0.5607536660,average,0.5549950004,0.5740751314,
O1/0130/4,,videos/sample_000519_O1__0130__4.pt,ok,0.5575119257,0.5844159722,0.5726320439,0.5574313221,average,0.5575119257,0.5726320439,
O1/0131/1,,videos/sample_000520_O1__0131__1.pt,ok,0.5423775315,0.5822016597,0.5813643958,0.5586670169,average,0.5423775315,0.5813643958,
O1/0131/2,,videos/sample_000521_O1__0131__2.pt,ok,0.5372413397,0.5866487026,0.5843580763,0.5561881167,average,0.5372413397,0.5843580763,
O1/0131/3,,videos/sample_000522_O1__0131__3.pt,ok,0.5417298079,0.5816210508,0.5817410812,0.5589914781,average,0.5417298079,0.5817410812,
O1/0131/4,,videos/sample_000523_O1__0131__4.pt,ok,0.5232986212,0.5438843369,0.5925626808,0.5804890524,average,0.5232986212,0.5925626808,
O1/0132/1,,videos/sample_000524_O1__0132__1.pt,ok,0.5286468267,0.5489547253,0.5894019933,0.5775531967,average,0.5286468267,0.5894019933,
O1/0132/2,,videos/sample_000525_O1__0132__2.pt,ok,0.5325072408,0.5639654398,0.5871310438,0.5689484538,average,0.5325072408,0.5871310438,
O1/0132/3,,videos/sample_000526_O1__0132__3.pt,ok,0.5308449864,0.5668380260,0.5881078165,0.5673164455,average,0.5308449864,0.5881078165,
O1/0132/4,,videos/sample_000527_O1__0132__4.pt,ok,0.5255001783,0.5455142856,0.5912595552,0.5795436557,average,0.5255001783,0.5912595552,
O1/0133/1,,videos/sample_000528_O1__0133__1.pt,ok,0.5816985965,0.6052808762,0.5589481324,0.5459210689,average,0.5816985965,0.5589481324,
O1/0133/2,,videos/sample_000529_O1__0133__2.pt,ok,0.5863906145,0.6114153862,0.5563316807,0.5425823617,average,0.5863906145,0.5563316807,
O1/0133/3,,videos/sample_000530_O1__0133__3.pt,ok,0.5890681148,0.6147007942,0.5548440949,0.5408026824,average,0.5890681148,0.5548440949,
O1/0133/4,,videos/sample_000531_O1__0133__4.pt,ok,0.5903781056,0.6162990332,0.5541177301,0.5399390408,average,0.5903781056,0.5541177301,
O1/0134/1,,videos/sample_000532_O1__0134__1.pt,ok,0.6198671460,0.6323119402,0.5380159104,0.5313619029,average,0.6198671460,0.5380159104,
O1/0134/2,,videos/sample_000533_O1__0134__2.pt,ok,0.6194530129,0.6312513351,0.5382387667,0.5319257670,average,0.6194530129,0.5382387667,
O1/0134/3,,videos/sample_000534_O1__0134__3.pt,ok,0.6184756160,0.6312513351,0.5387650968,0.5319257670,average,0.6184756160,0.5387650968,
O1/0134/4,,videos/sample_000535_O1__0134__4.pt,ok,0.6181102991,0.6324451566,0.5389619528,0.5312911215,average,0.6181102991,0.5389619528,
O1/0135/1,,videos/sample_000536_O1__0135__1.pt,ok,0.5580645800,0.6022571325,0.5723156638,0.5475742924,average,0.5580645800,0.5723156638,
O1/0135/2,,videos/sample_000537_O1__0135__2.pt,ok,0.5582100153,0.5923464894,0.5722324350,0.5530280865,average,0.5582100153,0.5722324350,
O1/0135/3,,videos/sample_000538_O1__0135__3.pt,ok,0.5604416728,0.5964978337,0.5709568320,0.5507370353,average,0.5604416728,0.5709568320,
O1/0135/4,,videos/sample_000539_O1__0135__4.pt,ok,0.5510891676,0.5848423839,0.5763217574,0.5571936776,average,0.5510891676,0.5763217574,
O1/0136/1,,videos/sample_000540_O1__0136__1.pt,ok,0.5759942532,0.5953422785,0.5621456757,0.5513738102,average,0.5759942532,0.5621456757,
O1/0136/2,,videos/sample_000541_O1__0136__2.pt,ok,0.5691146255,0.5811290741,0.5660263622,0.5592665566,average,0.5691146255,0.5660263622,
O1/0136/3,,videos/sample_000542_O1__0136__3.pt,ok,0.5739529133,0.5863913298,0.5632943782,0.5563312828,average,0.5739529133,0.5632943782,
O1/0136/4,,videos/sample_000543_O1__0136__4.pt,ok,0.5727630854,0.5941621661,0.5639650004,0.5520248773,average,0.5727630854,0.5639650004,
O1/0137/1,,videos/sample_000544_O1__0137__1.pt,ok,0.6261191964,0.6499888301,0.5346627010,0.5220516080,average,0.6261191964,0.5346627010,
O1/0137/2,,videos/sample_000545_O1__0137__2.pt,ok,0.6261782050,0.6490468383,0.5346311522,0.5225436080,average,0.6261782050,0.5346311522,
O1/0137/3,,videos/sample_000546_O1__0137__3.pt,ok,0.6267147064,0.6490468383,0.5343443988,0.5225436080,average,0.6267147064,0.5343443988,
O1/0137/4,,videos/sample_000547_O1__0137__4.pt,ok,0.6243854761,0.6499888301,0.5355904605,0.5220516080,average,0.6243854761,0.5355904605,
O1/0138/1,,videos/sample_000548_O1__0138__1.pt,ok,0.5683079362,0.5908451080,0.5664831539,0.5538590162,average,0.5683079362,0.5664831539,
O1/0138/2,,videos/sample_000549_O1__0138__2.pt,ok,0.5684595704,0.5920286775,0.5663972621,0.5532038734,average,0.5684595704,0.5663972621,
O1/0138/3,,videos/sample_000550_O1__0138__3.pt,ok,0.5667325854,0.5874159336,0.5673762668,0.5557615556,average,0.5667325854,0.5673762668,
O1/0138/4,,videos/sample_000551_O1__0138__4.pt,ok,0.5664001107,0.5861496329,0.5675649364,0.5564657626,average,0.5664001107,0.5675649364,
O1/0139/1,,videos/sample_000552_O1__0139__1.pt,ok,0.6140292287,0.6298360825,0.5411659888,0.5326791093,average,0.6140292287,0.5411659888,
O1/0139/2,,videos/sample_000553_O1__0139__2.pt,ok,0.6160474420,0.6304582953,0.5400749018,0.5323477726,average,0.6160474420,0.5400749018,
O1/0139/3,,videos/sample_000554_O1__0139__3.pt,ok,0.6147261858,0.6304582953,0.5407889507,0.5323477726,average,0.6147261858,0.5407889507,
O1/0139/4,,videos/sample_000555_O1__0139__4.pt,ok,0.6161250472,0.6298360825,0.5400329908,0.5326791093,average,0.6161250472,0.5400329908,
O1/0140/1,,videos/sample_000556_O1__0140__1.pt,ok,0.5387668610,0.5781823993,0.5834673052,0.5609169637,average,0.5387668610,0.5834673052,
O1/0140/2,,videos/sample_000557_O1__0140__2.pt,ok,0.5388362408,0.5780925751,0.5834268258,0.5609673498,average,0.5388362408,0.5834268258,
O1/0140/3,,videos/sample_000558_O1__0140__3.pt,ok,0.5246745944,0.5450984240,0.5917478911,0.5797847158,average,0.5246745944,0.5917478911,
O1/0140/4,,videos/sample_000559_O1__0140__4.pt,ok,0.5394167304,0.5835396647,0.5830882509,0.5579200175,average,0.5394167304,0.5830882509,
O1/0141/1,,videos/sample_000560_O1__0141__1.pt,ok,0.6283832192,0.6367182136,0.5334535817,0.5290257278,average,0.6283832192,0.5334535817,
O1/0141/2,,videos/sample_000561_O1__0141__2.pt,ok,0.6273674965,0.6354840994,0.5339956979,0.5296790090,average,0.6273674965,0.5339956979,
O1/0141/3,,videos/sample_000562_O1__0141__3.pt,ok,0.6274558902,0.6368146539,0.5339484981,0.5289747108,average,0.6274558902,0.5339484981,
O1/0141/4,,videos/sample_000563_O1__0141__4.pt,ok,0.6280819774,0.6356933117,0.5336143044,0.5295682052,average,0.6280819774,0.5336143044,
O1/0142/1,,videos/sample_000564_O1__0142__1.pt,ok,0.6362772584,0.6591863036,0.5292590558,0.5172720657,average,0.6362772584,0.5292590558,
O1/0142/2,,videos/sample_000565_O1__0142__2.pt,ok,0.6349242926,0.6596587300,0.5299756099,0.5170277504,average,0.6349242926,0.5299756099,
O1/0142/3,,videos/sample_000566_O1__0142__3.pt,ok,0.6364816427,0.6596587300,0.5291508946,0.5170277504,average,0.6364816427,0.5291508946,
O1/0142/4,,videos/sample_000567_O1__0142__4.pt,ok,0.6368826032,0.6591863036,0.5289387686,0.5172720657,average,0.6368826032,0.5289387686,
O1/0143/1,,videos/sample_000568_O1__0143__1.pt,ok,0.5486513972,0.5840230584,0.5777284114,0.5576503876,average,0.5486513972,0.5777284114,
O1/0143/2,,videos/sample_000569_O1__0143__2.pt,ok,0.5561152697,0.5870390534,0.5734323727,0.5559710506,average,0.5561152697,0.5734323727,
O1/0143/3,,videos/sample_000570_O1__0143__3.pt,ok,0.5557340980,0.5831903815,0.5736509906,0.5581149236,average,0.5557340980,0.5736509906,
O1/0143/4,,videos/sample_000571_O1__0143__4.pt,ok,0.5433941483,0.5619394183,0.5807736713,0.5701023241,average,0.5433941483,0.5807736713,
O1/0144/1,,videos/sample_000572_O1__0144__1.pt,ok,0.6089807749,0.6371071339,0.5439049482,0.5288200189,average,0.6089807749,0.5439049482,
O1/0144/2,,videos/sample_000573_O1__0144__2.pt,ok,0.6057505608,0.6376706362,0.5456647184,0.5285221116,average,0.6057505608,0.5456647184,
O1/0144/3,,videos/sample_000574_O1__0144__3.pt,ok,0.6081743836,0.6376706362,0.5443437253,0.5285221116,average,0.6081743836,0.5443437253,
O1/0144/4,,videos/sample_000575_O1__0144__4.pt,ok,0.6087435484,0.6371071339,0.5440339922,0.5288200189,average,0.6087435484,0.5440339922,
O1/0145/1,,videos/sample_000576_O1__0145__1.pt,ok,0.6157374382,0.6290261149,0.5402423530,0.5331107369,average,0.6157374382,0.5402423530,
O1/0145/2,,videos/sample_000577_O1__0145__2.pt,ok,0.6159376502,0.6278854609,0.5401342009,0.5337191787,average,0.6159376502,0.5401342009,
O1/0145/3,,videos/sample_000578_O1__0145__3.pt,ok,0.6153218746,0.6282437444,0.5404669047,0.5335279902,average,0.6153218746,0.5404669047,
O1/0145/4,,videos/sample_000579_O1__0145__4.pt,ok,0.6139569879,0.6272848845,0.5412050845,0.5340398142,average,0.6139569879,0.5412050845,
O1/0146/1,,videos/sample_000580_O1__0146__1.pt,ok,0.5367206931,0.5566801429,0.5846623996,0.5731085476,average,0.5367206931,0.5846623996,
O1/0146/2,,videos/sample_000581_O1__0146__2.pt,ok,0.5389261246,0.5716370940,0.5833743875,0.5646003778,average,0.5389261246,0.5833743875,
O1/0146/3,,videos/sample_000582_O1__0146__3.pt,ok,0.5308558941,0.5517754555,0.5881014017,0.5759263705,average,0.5308558941,0.5881014017,
O1/0146/4,,videos/sample_000583_O1__0146__4.pt,ok,0.5343590379,0.5744298100,0.5860448023,0.5630258090,average,0.5343590379,0.5860448023,
O1/0147/1,,videos/sample_000584_O1__0147__1.pt,ok,0.5344921350,0.5519239902,0.5859668066,0.5758408317,average,0.5344921350,0.5859668066,
O1/0147/2,,videos/sample_000585_O1__0147__2.pt,ok,0.5336550474,0.5507187843,0.5864575175,0.5765352569,average,0.5336550474,0.5864575175,
O1/0147/3,,videos/sample_000586_O1__0147__3.pt,ok,0.5367246270,0.5665655136,0.5846600996,0.5674710673,average,0.5367246270,0.5846600996,
O1/0147/4,,videos/sample_000587_O1__0147__4.pt,ok,0.5366510153,0.5641978383,0.5847031390,0.5688162464,average,0.5366510153,0.5847031390,
O1/0148/1,,videos/sample_000588_O1__0148__1.pt,ok,0.6149958968,0.6456762552,0.5406431137,0.5243078563,average,0.6149958968,0.5406431137,
O1/0148/2,,videos/sample_000589_O1__0148__2.pt,ok,0.6131271124,0.6457015872,0.5416544037,0.5242945747,average,0.6131271124,0.5416544037,
O1/0148/3,,videos/sample_000590_O1__0148__3.pt,ok,0.6156083345,0.6456762552,0.5403121048,0.5243078563,average,0.6156083345,0.5403121048,
O1/0148/4,,videos/sample_000591_O1__0148__4.pt,ok,0.6156032681,0.6457015872,0.5403148422,0.5242945747,average,0.6156032681,0.5403148422,
O1/0149/1,,videos/sample_000592_O1__0149__1.pt,ok,0.6199572682,0.6359915137,0.5379674254,0.5294103104,average,0.6199572682,0.5379674254,
O1/0149/2,,videos/sample_000593_O1__0149__2.pt,ok,0.6203627586,0.6323708296,0.5377493290,0.5313306122,average,0.6203627586,0.5377493290,
O1/0149/3,,videos/sample_000594_O1__0149__3.pt,ok,0.6194165349,0.6332758069,0.5382584010,0.5308499876,average,0.6194165349,0.5382584010,
O1/0149/4,,videos/sample_000595_O1__0149__4.pt,ok,0.6183748841,0.6363319159,0.5388193704,0.5292301287,average,0.6183748841,0.5388193704,
O1/0150/1,,videos/sample_000596_O1__0150__1.pt,ok,0.6218324304,0.6347719431,0.5369595945,0.5300563575,average,0.6218324304,0.5369595945,
O1/0150/2,,videos/sample_000597_O1__0150__2.pt,ok,0.6228958368,0.6351613998,0.5363888917,0.5298499637,average,0.6228958368,0.5363888917,
O1/0150/3,,videos/sample_000598_O1__0150__3.pt,ok,0.6230179071,0.6351265311,0.5363234185,0.5298684392,average,0.6230179071,0.5363234185,
O1/0150/4,,videos/sample_000599_O1__0150__4.pt,ok,0.6221337914,0.6351265311,0.5367978001,0.5298684392,average,0.6221337914,0.5367978001,
O1/0151/1,,videos/sample_000600_O1__0151__1.pt,ok,0.5378406644,0.5718703270,0.5840079610,0.5644687097,average,0.5378406644,0.5840079610,
O1/0151/2,,videos/sample_000601_O1__0151__2.pt,ok,0.5416787267,0.5708570480,0.5817707980,0.5650409639,average,0.5416787267,0.5817707980,
O1/0151/3,,videos/sample_000602_O1__0151__3.pt,ok,0.5349610448,0.5522723198,0.5856921055,0.5756402843,average,0.5349610448,0.5856921055,
O1/0151/4,,videos/sample_000603_O1__0151__4.pt,ok,0.5398933887,0.5575747490,0.5828103832,0.5725960704,average,0.5398933887,0.5828103832,
O1/0152/1,,videos/sample_000604_O1__0152__1.pt,ok,0.5436002612,0.5779206753,0.5806539787,0.5610637883,average,0.5436002612,0.5806539787,
O1/0152/2,,videos/sample_000605_O1__0152__2.pt,ok,0.5441958904,0.5703539848,0.5803082272,0.5653252867,average,0.5441958904,0.5803082272,
O1/0152/3,,videos/sample_000606_O1__0152__3.pt,ok,0.5383700132,0.5573089123,0.5836988989,0.5727483077,average,0.5383700132,0.5836988989,
O1/0152/4,,videos/sample_000607_O1__0152__4.pt,ok,0.5417535305,0.5605261326,0.5817272810,0.5709086112,average,0.5417535305,0.5817272810,
O1/0153/1,,videos/sample_000608_O1__0153__1.pt,ok,0.5620072484,0.5821620226,0.5700636553,0.5586891613,average,0.5620072484,0.5700636553,
O1/0153/2,,videos/sample_000609_O1__0153__2.pt,ok,0.5638445020,0.5852375627,0.5690172654,0.5569735300,average,0.5638445020,0.5690172654,
O1/0153/3,,videos/sample_000610_O1__0153__3.pt,ok,0.5636355281,0.5849645734,0.5691361875,0.5571255985,average,0.5636355281,0.5691361875,
O1/0153/4,,videos/sample_000611_O1__0153__4.pt,ok,0.5622666478,0.5830081701,0.5699158003,0.5582166278,average,0.5622666478,0.5699158003,
O1/0154/1,,videos/sample_000612_O1__0154__1.pt,ok,0.6206038594,0.6489022374,0.5376196928,0.5226191738,average,0.6206038594,0.5376196928,
O1/0154/2,,videos/sample_000613_O1__0154__2.pt,ok,0.6220151782,0.6489022374,0.5368614752,0.5226191738,average,0.6220151782,0.5368614752,
O1/0154/3,,videos/sample_000614_O1__0154__3.pt,ok,0.6221848726,0.6475150585,0.5367703806,0.5233446431,average,0.6221848726,0.5367703806,
O1/0154/4,,videos/sample_000615_O1__0154__4.pt,ok,0.6221494079,0.6475150585,0.5367894173,0.5233446431,average,0.6221494079,0.5367894173,
O1/0155/1,,videos/sample_000616_O1__0155__1.pt,ok,0.5357174873,0.5652093887,0.5852492306,0.5682411510,average,0.5357174873,0.5852492306,
O1/0155/2,,videos/sample_000617_O1__0155__2.pt,ok,0.5376080275,0.5684210062,0.5841438386,0.5664191052,average,0.5376080275,0.5841438386,
O1/0155/3,,videos/sample_000618_O1__0155__3.pt,ok,0.5393059254,0.5721267462,0.5831528636,0.5643239877,average,0.5393059254,0.5831528636,
O1/0155/4,,videos/sample_000619_O1__0155__4.pt,ok,0.5269615650,0.5469693542,0.5903961274,0.5787009932,average,0.5269615650,0.5903961274,
O1/0156/1,,videos/sample_000620_O1__0156__1.pt,ok,0.5691373944,0.5827920437,0.5660134746,0.5583372862,average,0.5691373944,0.5660134746,
O1/0156/2,,videos/sample_000621_O1__0156__2.pt,ok,0.5700274110,0.5862939954,0.5655099373,0.5563854356,average,0.5700274110,0.5655099373,
O1/0156/3,,videos/sample_000622_O1__0156__3.pt,ok,0.5696914196,0.5817412138,0.5656999757,0.5589243121,average,0.5696914196,0.5656999757,
O1/0156/4,,videos/sample_000623_O1__0156__4.pt,ok,0.5702657104,0.5850481391,0.5653751927,0.5570790439,average,0.5702657104,0.5653751927,
O1/0157/1,,videos/sample_000624_O1__0157__1.pt,ok,0.5682374239,0.6004664898,0.5665230993,0.5485556808,average,0.5682374239,0.5665230993,
O1/0157/2,,videos/sample_000625_O1__0157__2.pt,ok,0.5663086176,0.5985116363,0.5676168671,0.5496290756,average,0.5663086176,0.5676168671,
O1/0157/3,,videos/sample_000626_O1__0157__3.pt,ok,0.5661221743,0.6004664898,0.5677227054,0.5485556808,average,0.5661221743,0.5677227054,
O1/0157/4,,videos/sample_000627_O1__0157__4.pt,ok,0.5625909567,0.5964852571,0.5697310015,0.5507439617,average,0.5625909567,0.5697310015,
O1/0158/1,,videos/sample_000628_O1__0158__1.pt,ok,0.5649037361,0.5861838460,0.5684148619,0.5564467245,average,0.5649037361,0.5684148619,
O1/0158/2,,videos/sample_000629_O1__0158__2.pt,ok,0.5692097545,0.5935963392,0.5659725193,0.5523373162,average,0.5692097545,0.5659725193,
O1/0158/3,,videos/sample_000630_O1__0158__3.pt,ok,0.5667440295,0.5912095904,0.5673697738,0.5536571811,average,0.5667440295,0.5673697738,
O1/0158/4,,videos/sample_000631_O1__0158__4.pt,ok,0.5673363209,0.5890009999,0.5670338250,0.5548813344,average,0.5673363209,0.5670338250,
O1/0159/1,,videos/sample_000632_O1__0159__1.pt,ok,0.6175534129,0.6319379807,0.5392621768,0.5315606479,average,0.6175534129,0.5392621768,
O1/0159/2,,videos/sample_000633_O1__0159__2.pt,ok,0.6171156168,0.6334161162,0.5394983154,0.5307755096,average,0.6171156168,0.5394983154,
O1/0159/3,,videos/sample_000634_O1__0159__3.pt,ok,0.6155151725,0.6315304637,0.5403624437,0.5317773120,average,0.6155151725,0.5403624437,
O1/0159/4,,videos/sample_000635_O1__0159__4.pt,ok,0.6166343093,0.6333633661,0.5397580425,0.5308035088,average,0.6166343093,0.5397580425,
O1/0160/1,,videos/sample_000636_O1__0160__1.pt,ok,0.5326225758,0.5477582216,0.5870633310,0.5782446548,average,0.5326225758,0.5870633310,
O1/0160/2,,videos/sample_000637_O1__0160__2.pt,ok,0.5444887280,0.5837213397,0.5801383160,0.5578186666,average,0.5444887280,0.5801383160,
O1/0160/3,,videos/sample_000638_O1__0160__3.pt,ok,0.5500476956,0.5828575492,0.5769222930,0.5583007132,average,0.5500476956,0.5769222930,
O1/0160/4,,videos/sample_000639_O1__0160__4.pt,ok,0.5487949848,0.5843809247,0.5776454627,0.5574508591,average,0.5487949848,0.5776454627,
O1/0161/1,,videos/sample_000640_O1__0161__1.pt,ok,0.5817027688,0.6028683782,0.5589458003,0.5472396923,average,0.5817027688,0.5589458003,
O1/0161/2,,videos/sample_000641_O1__0161__2.pt,ok,0.5801920891,0.6014394164,0.5597908265,0.5480222359,average,0.5801920891,0.5597908265,
O1/0161/3,,videos/sample_000642_O1__0161__3.pt,ok,0.5804679394,0.6028683782,0.5596364294,0.5472396923,average,0.5804679394,0.5596364294,
O1/0161/4,,videos/sample_000643_O1__0161__4.pt,ok,0.5821803212,0.6043845415,0.5586789381,0.5464106162,average,0.5821803212,0.5586789381,
O1/0162/1,,videos/sample_000644_O1__0162__1.pt,ok,0.6132769585,0.6280443668,0.5415732450,0.5336343743,average,0.6132769585,0.5415732450,
O1/0162/2,,videos/sample_000645_O1__0162__2.pt,ok,0.6163899302,0.6297651529,0.5398899642,0.5327168933,average,0.6163899302,0.5398899642,
O1/0162/3,,videos/sample_000646_O1__0162__3.pt,ok,0.6156271100,0.6297651529,0.5403019603,0.5327168933,average,0.6156271100,0.5403019603,
O1/0162/4,,videos/sample_000647_O1__0162__4.pt,ok,0.6159780622,0.6305423379,0.5401123734,0.5323030346,average,0.6159780622,0.5401123734,
O1/0163/1,,videos/sample_000648_O1__0163__1.pt,ok,0.6328456402,0.6422827840,0.5310783907,0.5260901022,average,0.6328456402,0.5310783907,
O1/0163/2,,videos/sample_000649_O1__0163__2.pt,ok,0.6323826313,0.6422355771,0.5313243417,0.5261149378,average,0.6323826313,0.5313243417,
O1/0163/3,,videos/sample_000650_O1__0163__3.pt,ok,0.6334660649,0.6418605447,0.5307489987,0.5263122850,average,0.6334660649,0.5307489987,
O1/0163/4,,videos/sample_000651_O1__0163__4.pt,ok,0.6325752735,0.6429694295,0.5312219960,0.5257289888,average,0.6325752735,0.5312219960,
O1/0164/1,,videos/sample_000652_O1__0164__1.pt,ok,0.5477395058,0.5751547217,0.5782554773,0.5626178129,average,0.5477395058,0.5782554773,
O1/0164/2,,videos/sample_000653_O1__0164__2.pt,ok,0.5452927947,0.5652039051,0.5796720336,0.5682442670,average,0.5452927947,0.5796720336,
O1/0164/3,,videos/sample_000654_O1__0164__3.pt,ok,0.5463070273,0.5670729280,0.5790844093,0.5671831974,average,0.5463070273,0.5790844093,
O1/0164/4,,videos/sample_000655_O1__0164__4.pt,ok,0.5488226414,0.5799862742,0.5776294873,0.5599060516,average,0.5488226414,0.5776294873,
O1/0165/1,,videos/sample_000656_O1__0165__1.pt,ok,0.5677672625,0.5917387605,0.5667895192,0.5533642798,average,0.5677672625,0.5667895192,
O1/0165/2,,videos/sample_000657_O1__0165__2.pt,ok,0.5685055256,0.5927718878,0.5663712338,0.5527928793,average,0.5685055256,0.5663712338,
O1/0165/3,,videos/sample_000658_O1__0165__3.pt,ok,0.5688693523,0.5927459002,0.5661652103,0.5528072453,average,0.5688693523,0.5661652103,
O1/0165/4,,videos/sample_000659_O1__0165__4.pt,ok,0.5676136613,0.5916495323,0.5668765855,0.5534136577,average,0.5676136613,0.5668765855,
O1/0166/1,,videos/sample_000660_O1__0166__1.pt,ok,0.5519163609,0.5794995427,0.5758452251,0.5601786419,average,0.5519163609,0.5758452251,
O1/0166/2,,videos/sample_000661_O1__0166__2.pt,ok,0.5565449595,0.5897732377,0.5731860276,0.5544529995,average,0.5565449595,0.5731860276,
O1/0166/3,,videos/sample_000662_O1__0166__3.pt,ok,0.5558966994,0.5991110802,0.5735577217,0.5492997025,average,0.5558966994,0.5735577217,
O1/0166/4,,videos/sample_000663_O1__0166__4.pt,ok,0.5443276763,0.5735380054,0.5802317558,0.5635281420,average,0.5443276763,0.5802317558,
O1/0167/1,,videos/sample_000664_O1__0167__1.pt,ok,0.6248539090,0.6499069333,0.5353396311,0.5220943641,average,0.6248539090,0.5353396311,
O1/0167/2,,videos/sample_000665_O1__0167__2.pt,ok,0.6235278249,0.6499069333,0.5360500074,0.5220943641,average,0.6235278249,0.5360500074,
O1/0167/3,,videos/sample_000666_O1__0167__3.pt,ok,0.6260805726,0.6507270336,0.5346833521,0.5216663699,average,0.6260805726,0.5346833521,
O1/0167/4,,videos/sample_000667_O1__0167__4.pt,ok,0.6260828972,0.6507270336,0.5346821092,0.5216663699,average,0.6260828972,0.5346821092,
O1/0168/1,,videos/sample_000668_O1__0168__1.pt,ok,0.5568016768,0.5861000419,0.5730388997,0.5564933590,average,0.5568016768,0.5730388997,
O1/0168/2,,videos/sample_000669_O1__0168__2.pt,ok,0.5649390817,0.5941674709,0.5683947714,0.5520219489,average,0.5649390817,0.5683947714,
O1/0168/3,,videos/sample_000670_O1__0168__3.pt,ok,0.5629211664,0.5916273594,0.5695429019,0.5534259286,average,0.5629211664,0.5695429019,
O1/0168/4,,videos/sample_000671_O1__0168__4.pt,ok,0.5648462176,0.6057246923,0.5684475572,0.5456788340,average,0.5648462176,0.5684475572,
O1/0169/1,,videos/sample_000672_O1__0169__1.pt,ok,0.5255001783,0.5455142856,0.5912595552,0.5795436557,average,0.5255001783,0.5912595552,
O1/0169/2,,videos/sample_000673_O1__0169__2.pt,ok,0.5347699523,0.5711367726,0.5858040375,0.5648829301,average,0.5347699523,0.5858040375,
O1/0169/3,,videos/sample_000674_O1__0169__3.pt,ok,0.5377746820,0.5709973574,0.5840464965,0.5649616889,average,0.5377746820,0.5840464965,
O1/0169/4,,videos/sample_000675_O1__0169__4.pt,ok,0.5386091471,0.5666354299,0.5835593334,0.5674313933,average,0.5386091471,0.5835593334,
O1/0170/1,,videos/sample_000676_O1__0170__1.pt,ok,0.5631157160,0.5871205926,0.5694321083,0.5559257190,average,0.5631157160,0.5694321083,
O1/0170/2,,videos/sample_000677_O1__0170__2.pt,ok,0.5611959100,0.5834543705,0.5705263575,0.5579676069,average,0.5611959100,0.5705263575,
O1/0170/3,,videos/sample_000678_O1__0170__3.pt,ok,0.5631936193,0.5855063200,0.5693877494,0.5568238594,average,0.5631936193,0.5693877494,
O1/0170/4,,videos/sample_000679_O1__0170__4.pt,ok,0.5616497993,0.5832194686,0.5702674605,0.5580986899,average,0.5616497993,0.5702674605,
O1/0171/1,,videos/sample_000680_O1__0171__1.pt,ok,0.6127021909,0.6414065957,0.5418846133,0.5265512582,average,0.6127021909,0.5418846133,
O1/0171/2,,videos/sample_000681_O1__0171__2.pt,ok,0.6125763655,0.6416116357,0.5419528004,0.5264433052,average,0.6125763655,0.5419528004,
O1/0171/3,,videos/sample_000682_O1__0171__3.pt,ok,0.6106866002,0.6416116357,0.5429779323,0.5264433052,average,0.6106866002,0.5429779323,
O1/0171/4,,videos/sample_000683_O1__0171__4.pt,ok,0.6132456064,0.6414065957,0.5415902247,0.5265512582,average,0.6132456064,0.5415902247,
O1/0172/1,,videos/sample_000684_O1__0172__1.pt,ok,0.5483264923,0.5786385536,0.5779161487,0.5606611573,average,0.5483264923,0.5779161487,
O1/0172/2,,videos/sample_000685_O1__0172__2.pt,ok,0.5437262058,0.5800641179,0.5805808530,0.5598624682,average,0.5437262058,0.5805808530,
O1/0172/3,,videos/sample_000686_O1__0172__3.pt,ok,0.5483204722,0.5788059235,0.5779196278,0.5605673274,average,0.5483204722,0.5779196278,
O1/0172/4,,videos/sample_000687_O1__0172__4.pt,ok,0.5403102040,0.5720019341,0.5825675096,0.5643944266,average,0.5403102040,0.5825675096,
O1/0173/1,,videos/sample_000688_O1__0173__1.pt,ok,0.5459914804,0.5813739896,0.5792671665,0.5591296003,average,0.5459914804,0.5792671665,
O1/0173/2,,videos/sample_000689_O1__0173__2.pt,ok,0.5352262855,0.5670750737,0.5855367767,0.5671819804,average,0.5352262855,0.5855367767,
O1/0173/3,,videos/sample_000690_O1__0173__3.pt,ok,0.5481153727,0.5863190889,0.5780381710,0.5563714741,average,0.5481153727,0.5780381710,
O1/0173/4,,videos/sample_000691_O1__0173__4.pt,ok,0.5440202951,0.5860248208,0.5804101355,0.5565352206,average,0.5440202951,0.5804101355,
O1/0174/1,,videos/sample_000692_O1__0174__1.pt,ok,0.6233932376,0.6364592314,0.5361221578,0.5291627538,average,0.6233932376,0.5361221578,
O1/0174/2,,videos/sample_000693_O1__0174__2.pt,ok,0.6218405962,0.6364592314,0.5369552098,0.5291627538,average,0.6218405962,0.5369552098,
O1/0174/3,,videos/sample_000694_O1__0174__3.pt,ok,0.6238722205,0.6381306648,0.5358654259,0.5282790322,average,0.6238722205,0.5358654259,
O1/0174/4,,videos/sample_000695_O1__0174__4.pt,ok,0.6244592667,0.6381306648,0.5355509405,0.5282790322,average,0.6244592667,0.5355509405,
O1/0175/1,,videos/sample_000696_O1__0175__1.pt,ok,0.6168542504,0.6391581297,0.5396393405,0.5277365228,average,0.6168542504,0.5396393405,
O1/0175/2,,videos/sample_000697_O1__0175__2.pt,ok,0.6168542504,0.6391581297,0.5396393405,0.5277365228,average,0.6168542504,0.5396393405,
O1/0175/3,,videos/sample_000698_O1__0175__3.pt,ok,0.6176249981,0.6397955418,0.5392235750,0.5274002443,average,0.6176249981,0.5392235750,
O1/0175/4,,videos/sample_000699_O1__0175__4.pt,ok,0.6176249981,0.6397955418,0.5392235750,0.5274002443,average,0.6176249981,0.5392235750,
O1/0176/1,,videos/sample_000700_O1__0176__1.pt,ok,0.5264757276,0.5657213330,0.5906830336,0.5679503176,average,0.5264757276,0.5906830336,
O1/0176/2,,videos/sample_000701_O1__0176__2.pt,ok,0.5302191973,0.5669208765,0.5884759632,0.5672694450,average,0.5302191973,0.5884759632,
O1/0176/3,,videos/sample_000702_O1__0176__3.pt,ok,0.5255654454,0.5463140607,0.5912209666,0.5790803365,average,0.5255654454,0.5912209666,
O1/0176/4,,videos/sample_000703_O1__0176__4.pt,ok,0.5215335488,0.5418822765,0.5936095204,0.5816523907,average,0.5215335488,0.5936095204,
O1/0177/1,,videos/sample_000704_O1__0177__1.pt,ok,0.6035183072,0.6169477105,0.5468841409,0.5395889082,average,0.6035183072,0.5468841409,
O1/0177/2,,videos/sample_000705_O1__0177__2.pt,ok,0.6050873995,0.6169477105,0.5460267021,0.5395889082,average,0.6050873995,0.5460267021,
O1/0177/3,,videos/sample_000706_O1__0177__3.pt,ok,0.6046752930,0.6187447906,0.5462517696,0.5386200945,average,0.6046752930,0.5462517696,
O1/0177/4,,videos/sample_000707_O1__0177__4.pt,ok,0.6045055389,0.6187447906,0.5463445059,0.5386200945,average,0.6045055389,0.5463445059,
O1/0178/1,,videos/sample_000708_O1__0178__1.pt,ok,0.5674661994,0.5859072804,0.5669601843,0.5566006398,average,0.5674661994,0.5669601843,
O1/0178/2,,videos/sample_000709_O1__0178__2.pt,ok,0.5676571727,0.5862402916,0.5668519204,0.5564153164,average,0.5676571727,0.5668519204,
O1/0178/3,,videos/sample_000710_O1__0178__3.pt,ok,0.5679091215,0.5865301490,0.5667091207,0.5562540587,average,0.5679091215,0.5667091207,
O1/0178/4,,videos/sample_000711_O1__0178__4.pt,ok,0.5680889487,0.5878638625,0.5666072201,0.5555126696,average,0.5680889487,0.5666072201,
O1/0179/1,,videos/sample_000712_O1__0179__1.pt,ok,0.5300411582,0.5616648793,0.5885807443,0.5702588609,average,0.5300411582,0.5885807443,
O1/0179/2,,videos/sample_000713_O1__0179__2.pt,ok,0.5303609371,0.5671629310,0.5883925586,0.5671321515,average,0.5303609371,0.5883925586,
O1/0179/3,,videos/sample_000714_O1__0179__3.pt,ok,0.5258755088,0.5473252535,0.5910376791,0.5784950705,average,0.5258755088,0.5910376791,
O1/0179/4,,videos/sample_000715_O1__0179__4.pt,ok,0.5269615650,0.5469693542,0.5903961274,0.5787009932,average,0.5269615650,0.5903961274,
O1/0180/1,,videos/sample_000716_O1__0180__1.pt,ok,0.5602750778,0.5841242075,0.5710519585,0.5575939847,average,0.5602750778,0.5710519585,
O1/0180/2,,videos/sample_000717_O1__0180__2.pt,ok,0.5588476062,0.5822277069,0.5718677011,0.5586524654,average,0.5588476062,0.5718677011,
O1/0180/3,,videos/sample_000718_O1__0180__3.pt,ok,0.5579984188,0.5820066929,0.5723535302,0.5587759490,average,0.5579984188,0.5723535302,
O1/0180/4,,videos/sample_000719_O1__0180__4.pt,ok,0.5600430369,0.5829206109,0.5711844813,0.5582655069,average,0.5600430369,0.5711844813,
O1/0181/1,,videos/sample_000720_O1__0181__1.pt,ok,0.5337340236,0.5658277869,0.5864112032,0.5678898603,average,0.5337340236,0.5864112032,
O1/0181/2,,videos/sample_000721_O1__0181__2.pt,ok,0.5286765695,0.5495651960,0.5893844632,0.5772007250,average,0.5286765695,0.5893844632,
O1/0181/3,,videos/sample_000722_O1__0181__3.pt,ok,0.5336463451,0.5680776238,0.5864626211,0.5666136369,average,0.5336463451,0.5864626211,
O1/0181/4,,videos/sample_000723_O1__0181__4.pt,ok,0.5301457047,0.5517020822,0.5885192134,0.5759686297,average,0.5301457047,0.5885192134,
O1/0182/1,,videos/sample_000724_O1__0182__1.pt,ok,0.6210452914,0.6351607442,0.5373824227,0.5298503111,average,0.6210452914,0.5373824227,
O1/0182/2,,videos/sample_000725_O1__0182__2.pt,ok,0.6227113605,0.6354539394,0.5364878519,0.5296949843,average,0.6227113605,0.5364878519,
O1/0182/3,,videos/sample_000726_O1__0182__3.pt,ok,0.6223425269,0.6334120631,0.5366857631,0.5307776609,average,0.6223425269,0.5366857631,
O1/0182/4,,videos/sample_000727_O1__0182__4.pt,ok,0.6231799126,0.6352499127,0.5362365382,0.5298030672,average,0.6231799126,0.5362365382,
O1/0183/1,,videos/sample_000728_O1__0183__1.pt,ok,0.5877664685,0.6084256172,0.5555667759,0.5442069851,average,0.5877664685,0.5555667759,
O1/0183/2,,videos/sample_000729_O1__0183__2.pt,ok,0.5872502327,0.6070662141,0.5558536534,0.5449472848,average,0.5872502327,0.5558536534,
O1/0183/3,,videos/sample_000730_O1__0183__3.pt,ok,0.5888972282,0.6097792983,0.5549389184,0.5434708008,average,0.5888972282,0.5549389184,
O1/0183/4,,videos/sample_000731_O1__0183__4.pt,ok,0.5886204243,0.6092799902,0.5550925490,0.5437422279,average,0.5886204243,0.5550925490,
O1/0184/1,,videos/sample_000732_O1__0184__1.pt,ok,0.5518174171,0.5695897341,0.5759022042,0.5657575021,average,0.5518174171,0.5759022042,
O1/0184/2,,videos/sample_000733_O1__0184__2.pt,ok,0.5516005158,0.5783691406,0.5760271316,0.5608122271,average,0.5516005158,0.5760271316,
O1/0184/3,,videos/sample_000734_O1__0184__3.pt,ok,0.5503081083,0.5684788227,0.5767720747,0.5663863578,average,0.5503081083,0.5767720747,
O1/0184/4,,videos/sample_000735_O1__0184__4.pt,ok,0.5529542565,0.5803844333,0.5752478679,0.5596831644,average,0.5529542565,0.5752478679,
O1/0185/1,,videos/sample_000736_O1__0185__1.pt,ok,0.5586792827,0.5907071829,0.5719639680,0.5539354125,average,0.5586792827,0.5719639680,
O1/0185/2,,videos/sample_000737_O1__0185__2.pt,ok,0.5570172071,0.5805850625,0.5729154057,0.5595708868,average,0.5570172071,0.5729154057,
O1/0185/3,,videos/sample_000738_O1__0185__3.pt,ok,0.5560497046,0.5797693133,0.5734699711,0.5600275426,average,0.5560497046,0.5734699711,
O1/0185/4,,videos/sample_000739_O1__0185__4.pt,ok,0.5594715476,0.5914869308,0.5715110004,0.5535036509,average,0.5594715476,0.5715110004,
O1/0186/1,,videos/sample_000740_O1__0186__1.pt,ok,0.5554040074,0.5789580941,0.5738403786,0.5604820320,average,0.5554040074,0.5738403786,
O1/0186/2,,videos/sample_000741_O1__0186__2.pt,ok,0.5535609722,0.5762378573,0.5748989618,0.5620087514,average,0.5535609722,0.5748989618,
O1/0186/3,,videos/sample_000742_O1__0186__3.pt,ok,0.5552603006,0.5785661340,0.5739228493,0.5607017617,average,0.5552603006,0.5739228493,
O1/0186/4,,videos/sample_000743_O1__0186__4.pt,ok,0.5538044572,0.5775667429,0.5747589996,0.5612624021,average,0.5538044572,0.5747589996,
O1/0187/1,,videos/sample_000744_O1__0187__1.pt,ok,0.5341516137,0.5547912121,0.5861663748,0.5741921331,average,0.5341516137,0.5861663748,
O1/0187/2,,videos/sample_000745_O1__0187__2.pt,ok,0.5360102654,0.5678339005,0.5850779075,0.5667517508,average,0.5360102654,0.5850779075,
O1/0187/3,,videos/sample_000746_O1__0187__3.pt,ok,0.5305526257,0.5513722897,0.5882797813,0.5761586111,average,0.5305526257,0.5882797813,
O1/0187/4,,videos/sample_000747_O1__0187__4.pt,ok,0.5340738297,0.5700905919,0.5862119709,0.5654742090,average,0.5340738297,0.5862119709,
O1/0188/1,,videos/sample_000748_O1__0188__1.pt,ok,0.6050094366,0.6382274032,0.5460692736,0.5282279298,average,0.6050094366,0.5460692736,
O1/0188/2,,videos/sample_000749_O1__0188__2.pt,ok,0.6069535613,0.6397849321,0.5450086781,0.5274058399,average,0.6069535613,0.5450086781,
O1/0188/3,,videos/sample_000750_O1__0188__3.pt,ok,0.6071552634,0.6382274032,0.5448987598,0.5282279298,average,0.6071552634,0.5448987598,
O1/0188/4,,videos/sample_000751_O1__0188__4.pt,ok,0.6063231230,0.6397849321,0.5453523808,0.5274058399,average,0.6063231230,0.5453523808,
O1/0189/1,,videos/sample_000752_O1__0189__1.pt,ok,0.5282713175,0.5613309145,0.5896233608,0.5704493391,average,0.5282713175,0.5896233608,
O1/0189/2,,videos/sample_000753_O1__0189__2.pt,ok,0.5293974876,0.5511475801,0.5889597183,0.5762880940,average,0.5293974876,0.5889597183,
O1/0189/3,,videos/sample_000754_O1__0189__3.pt,ok,0.5303151011,0.5624372959,0.5884195288,0.5698185536,average,0.5303151011,0.5884195288,
O1/0189/4,,videos/sample_000755_O1__0189__4.pt,ok,0.5236037970,0.5464159846,0.5923818726,0.5790213173,average,0.5236037970,0.5923818726,
O1/0190/1,,videos/sample_000756_O1__0190__1.pt,ok,0.6201819777,0.6350274086,0.5378465526,0.5299209637,average,0.6201819777,0.5378465526,
O1/0190/2,,videos/sample_000757_O1__0190__2.pt,ok,0.6193696260,0.6314946413,0.5382836507,0.5317963619,average,0.6193696260,0.5382836507,
O1/0190/3,,videos/sample_000758_O1__0190__3.pt,ok,0.6192470193,0.6311731935,0.5383496519,0.5319673342,average,0.6192470193,0.5383496519,
O1/0190/4,,videos/sample_000759_O1__0190__4.pt,ok,0.6203966737,0.6356638074,0.5377310915,0.5295838300,average,0.6203966737,0.5377310915,
O1/0191/1,,videos/sample_000760_O1__0191__1.pt,ok,0.5476522446,0.5775082707,0.5783059387,0.5612952213,average,0.5476522446,0.5783059387,
O1/0191/2,,videos/sample_000761_O1__0191__2.pt,ok,0.5395852923,0.5792261362,0.5829899727,0.5603318193,average,0.5395852923,0.5829899727,
O1/0191/3,,videos/sample_000762_O1__0191__3.pt,ok,0.5309009552,0.5499060154,0.5880749018,0.5770040373,average,0.5309009552,0.5880749018,
O1/0191/4,,videos/sample_000763_O1__0191__4.pt,ok,0.5474458337,0.5737524629,0.5784253197,0.5634073021,average,0.5474458337,0.5784253197,
O1/0192/1,,videos/sample_000764_O1__0192__1.pt,ok,0.5533326864,0.5946112871,0.5750302181,0.5517770070,average,0.5533326864,0.5750302181,
O1/0192/2,,videos/sample_000765_O1__0192__2.pt,ok,0.5563732982,0.5896329880,0.5732844299,0.5545307669,average,0.5563732982,0.5732844299,
O1/0192/3,,videos/sample_000766_O1__0192__3.pt,ok,0.5435650349,0.5612597466,0.5806744334,0.5704899383,average,0.5435650349,0.5806744334,
O1/0192/4,,videos/sample_000767_O1__0192__4.pt,ok,0.5580302477,0.5899151564,0.5723353131,0.5543743179,average,0.5580302477,0.5723353131,
O1/0193/1,,videos/sample_000768_O1__0193__1.pt,ok,0.6215457916,0.6479216218,0.5371135300,0.5231319136,average,0.6215457916,0.5371135300,
O1/0193/2,,videos/sample_000769_O1__0193__2.pt,ok,0.6195827723,0.6485657692,0.5381689298,0.5227950481,average,0.6195827723,0.5381689298,
O1/0193/3,,videos/sample_000770_O1__0193__3.pt,ok,0.6209556460,0.6485657692,0.5374305987,0.5227950481,average,0.6209556460,0.5374305987,
O1/0193/4,,videos/sample_000771_O1__0193__4.pt,ok,0.6212374568,0.6479216218,0.5372791663,0.5231319136,average,0.6212374568,0.5372791663,
O1/0194/1,,videos/sample_000772_O1__0194__1.pt,ok,0.5324683189,0.5625212789,0.5871538965,0.5697707005,average,0.5324683189,0.5871538965,
O1/0194/2,,videos/sample_000773_O1__0194__2.pt,ok,0.5314824581,0.5669688582,0.5877330339,0.5672422271,average,0.5314824581,0.5877330339,
O1/0194/3,,videos/sample_000774_O1__0194__3.pt,ok,0.5296214223,0.5495698452,0.5888278446,0.5771980415,average,0.5296214223,0.5888278446,
O1/0194/4,,videos/sample_000775_O1__0194__4.pt,ok,0.5279194117,0.5478581786,0.5898308892,0.5781868581,average,0.5279194117,0.5898308892,
O1/0195/1,,videos/sample_000776_O1__0195__1.pt,ok,0.6042830348,0.6171711087,0.5464660834,0.5394683784,average,0.6042830348,0.5464660834,
O1/0195/2,,videos/sample_000777_O1__0195__2.pt,ok,0.6058580875,0.6169069409,0.5456060480,0.5396109074,average,0.6058580875,0.5456060480,
O1/0195/3,,videos/sample_000778_O1__0195__3.pt,ok,0.6053770781,0.6203653812,0.5458685528,0.5377479187,average,0.6053770781,0.5458685528,
O1/0195/4,,videos/sample_000779_O1__0195__4.pt,ok,0.6016934514,0.6175034642,0.5478830367,0.5392891129,average,0.6016934514,0.5478830367,
O1/0196/1,,videos/sample_000780_O1__0196__1.pt,ok,0.6206695437,0.6469748616,0.5375843808,0.5236274286,average,0.6206695437,0.5375843808,
O1/0196/2,,videos/sample_000781_O1__0196__2.pt,ok,0.6207072735,0.6459565163,0.5375640983,0.5241609338,average,0.6207072735,0.5375640983,
O1/0196/3,,videos/sample_000782_O1__0196__3.pt,ok,0.6213608980,0.6469748616,0.5372128480,0.5236274286,average,0.6213608980,0.5372128480,
O1/0196/4,,videos/sample_000783_O1__0196__4.pt,ok,0.6206625104,0.6459565163,0.5375881618,0.5241609338,average,0.6206625104,0.5375881618,
O1/0197/1,,videos/sample_000784_O1__0197__1.pt,ok,0.5639863014,0.5852974057,0.5689365847,0.5569402000,average,0.5639863014,0.5689365847,
O1/0197/2,,videos/sample_000785_O1__0197__2.pt,ok,0.5634284019,0.5842675567,0.5692540827,0.5575140598,average,0.5634284019,0.5692540827,
O1/0197/3,,videos/sample_000786_O1__0197__3.pt,ok,0.5639532804,0.5842675567,0.5689553719,0.5575140598,average,0.5639532804,0.5689553719,
O1/0197/4,,videos/sample_000787_O1__0197__4.pt,ok,0.5646306872,0.5857123137,0.5685700882,0.5567091690,average,0.5646306872,0.5685700882,
O1/0198/1,,videos/sample_000788_O1__0198__1.pt,ok,0.6211638451,0.6340902448,0.5373187178,0.5304178193,average,0.6211638451,0.5373187178,
O1/0198/2,,videos/sample_000789_O1__0198__2.pt,ok,0.6187349558,0.6354363561,0.5386253917,0.5297042982,average,0.6187349558,0.5386253917,
O1/0198/3,,videos/sample_000790_O1__0198__3.pt,ok,0.6207032800,0.6349026561,0.5375662450,0.5299870768,average,0.6207032800,0.5375662450,
O1/0198/4,,videos/sample_000791_O1__0198__4.pt,ok,0.6203390360,0.6340902448,0.5377620860,0.5304178193,average,0.6203390360,0.5377620860,
O1/0199/1,,videos/sample_000792_O1__0199__1.pt,ok,0.5530306697,0.5771416426,0.5752039130,0.5615010456,average,0.5530306697,0.5752039130,
O1/0199/2,,videos/sample_000793_O1__0199__2.pt,ok,0.5533570051,0.5771416426,0.5750162342,0.5615010456,average,0.5533570051,0.5750162342,
O1/0199/3,,videos/sample_000794_O1__0199__3.pt,ok,0.5522220731,0.5757912397,0.5756692091,0.5622598105,average,0.5522220731,0.5756692091,
O1/0199/4,,videos/sample_000795_O1__0199__4.pt,ok,0.5528068542,0.5777177215,0.5753326670,0.5611776699,average,0.5528068542,0.5753326670,
O1/0200/1,,videos/sample_000796_O1__0200__1.pt,ok,0.5457002521,0.5644062161,0.5794358901,0.5686977301,average,0.5457002521,0.5794358901,
O1/0200/2,,videos/sample_000797_O1__0200__2.pt,ok,0.5392523408,0.5581564307,0.5831841124,0.5722630986,average,0.5392523408,0.5831841124,
O1/0200/3,,videos/sample_000798_O1__0200__3.pt,ok,0.5422551632,0.5708518624,0.5814355407,0.5650438940,average,0.5422551632,0.5814355407,
O1/0200/4,,videos/sample_000799_O1__0200__4.pt,ok,0.5476992130,0.5729017258,0.5782787772,0.5638868175,average,0.5476992130,0.5782787772,
O1/0201/1,,videos/sample_000800_O1__0201__1.pt,ok,0.5438638330,0.5626342297,0.5805009549,0.5697063481,average,0.5438638330,0.5805009549,
O1/0201/2,,videos/sample_000801_O1__0201__2.pt,ok,0.5608099103,0.5939663053,0.5707466230,0.5521330080,average,0.5608099103,0.5707466230,
O1/0201/3,,videos/sample_000802_O1__0201__3.pt,ok,0.5566259623,0.5873631835,0.5731395998,0.5557908728,average,0.5566259623,0.5731395998,
O1/0201/4,,videos/sample_000803_O1__0201__4.pt,ok,0.5579940677,0.5980577469,0.5723560206,0.5498786030,average,0.5579940677,0.5723560206,
O1/0202/1,,videos/sample_000804_O1__0202__1.pt,ok,0.5682457685,0.5889700651,0.5665183719,0.5548984998,average,0.5682457685,0.5665183719,
O1/0202/2,,videos/sample_000805_O1__0202__2.pt,ok,0.5682536960,0.5908766389,0.5665138809,0.5538415528,average,0.5682536960,0.5665138809,
O1/0202/3,,videos/sample_000806_O1__0202__3.pt,ok,0.5663967729,0.5872342587,0.5675668309,0.5558625327,average,0.5663967729,0.5675668309,
O1/0202/4,,videos/sample_000807_O1__0202__4.pt,ok,0.5689619780,0.5917099714,0.5661127713,0.5533802109,average,0.5689619780,0.5661127713,
O1/0203/1,,videos/sample_000808_O1__0203__1.pt,ok,0.5682497621,0.5878653526,0.5665161095,0.5555118419,average,0.5682497621,0.5665161095,
O1/0203/2,,videos/sample_000809_O1__0203__2.pt,ok,0.5703726411,0.5953375101,0.5653147399,0.5513764393,average,0.5703726411,0.5653147399,
O1/0203/3,,videos/sample_000810_O1__0203__3.pt,ok,0.5696963668,0.5908056498,0.5656971771,0.5538808709,average,0.5696963668,0.5656971771,
O1/0203/4,,videos/sample_000811_O1__0203__4.pt,ok,0.5698140860,0.5917344689,0.5656305876,0.5533666546,average,0.5698140860,0.5656305876,
O1/0204/1,,videos/sample_000812_O1__0204__1.pt,ok,0.5560896397,0.6004933119,0.5734470700,0.5485409676,average,0.5560896397,0.5734470700,
O1/0204/2,,videos/sample_000813_O1__0204__2.pt,ok,0.5501374006,0.5842084885,0.5768705426,0.5575469921,average,0.5501374006,0.5768705426,
O1/0204/3,,videos/sample_000814_O1__0204__3.pt,ok,0.5549494028,0.5906670094,0.5741013084,0.5539576665,average,0.5549494028,0.5741013084,
O1/0204/4,,videos/sample_000815_O1__0204__4.pt,ok,0.5569514036,0.5922579765,0.5729531068,0.5530770388,average,0.5569514036,0.5729531068,
O1/0205/1,,videos/sample_000816_O1__0205__1.pt,ok,0.6138623357,0.6421736479,0.5412563132,0.5261475207,average,0.6138623357,0.5412563132,
O1/0205/2,,videos/sample_000817_O1__0205__2.pt,ok,0.6140542626,0.6431517005,0.5411524415,0.5256331724,average,0.6140542626,0.5411524415,
O1/0205/3,,videos/sample_000818_O1__0205__3.pt,ok,0.6129292250,0.6431517005,0.5417616009,0.5256331724,average,0.6129292250,0.5417616009,
O1/0205/4,,videos/sample_000819_O1__0205__4.pt,ok,0.6142395735,0.6421736479,0.5410521693,0.5261475207,average,0.6142395735,0.5410521693,
O1/0206/1,,videos/sample_000820_O1__0206__1.pt,ok,0.5658050776,0.5890693069,0.5679027569,0.5548434335,average,0.5658050776,0.5679027569,
O1/0206/2,,videos/sample_000821_O1__0206__2.pt,ok,0.5675164461,0.5952087641,0.5669316971,0.5514474314,average,0.5675164461,0.5669316971,
O1/0206/3,,videos/sample_000822_O1__0206__3.pt,ok,0.5671451092,0.5949949026,0.5671422589,0.5515653774,average,0.5671451092,0.5671422589,
O1/0206/4,,videos/sample_000823_O1__0206__4.pt,ok,0.5660281777,0.5880198479,0.5677760718,0.5554260246,average,0.5660281777,0.5677760718,
O1/0207/1,,videos/sample_000824_O1__0207__1.pt,ok,0.5387826562,0.5575314760,0.5834580893,0.5726208489,average,0.5387826562,0.5834580893,
O1/0207/2,,videos/sample_000825_O1__0207__2.pt,ok,0.5532030463,0.5813049674,0.5751047699,0.5591681940,average,0.5532030463,0.5751047699,
O1/0207/3,,videos/sample_000826_O1__0207__3.pt,ok,0.5486176610,0.5790361762,0.5777479021,0.5604382701,average,0.5486176610,0.5777479021,
O1/0207/4,,videos/sample_000827_O1__0207__4.pt,ok,0.5515894294,0.5911998153,0.5760335178,0.5536625932,average,0.5515894294,0.5760335178,
O1/0208/1,,videos/sample_000828_O1__0208__1.pt,ok,0.6225208640,0.6357846260,0.5365900606,0.5295198502,average,0.6225208640,0.5365900606,
O1/0208/2,,videos/sample_000829_O1__0208__2.pt,ok,0.6222544312,0.6364319324,0.5367330449,0.5291771995,average,0.6222544312,0.5367330449,
O1/0208/3,,videos/sample_000830_O1__0208__3.pt,ok,0.6203280091,0.6348588467,0.5377680158,0.5300102958,average,0.6203280091,0.5377680158,
O1/0208/4,,videos/sample_000831_O1__0208__4.pt,ok,0.6221570373,0.6370303631,0.5367853220,0.5288606184,average,0.6221570373,0.5367853220,
O1/0209/1,,videos/sample_000832_O1__0209__1.pt,ok,0.6152290106,0.6268578768,0.5405170970,0.5342679020,average,0.6152290106,0.5405170970,
O1/0209/2,,videos/sample_000833_O1__0209__2.pt,ok,0.6137156487,0.6272661686,0.5413357143,0.5340498093,average,0.6137156487,0.5413357143,
O1/0209/3,,videos/sample_000834_O1__0209__3.pt,ok,0.6166459322,0.6271539330,0.5397517690,0.5341097520,average,0.6166459322,0.5397517690,
O1/0209/4,,videos/sample_000835_O1__0209__4.pt,ok,0.6158038974,0.6268675923,0.5402064502,0.5342627113,average,0.6158038974,0.5402064502,
O1/0210/1,,videos/sample_000836_O1__0210__1.pt,ok,0.5805162191,0.6024227738,0.5596094109,0.5474835990,average,0.5805162191,0.5596094109,
O1/0210/2,,videos/sample_000837_O1__0210__2.pt,ok,0.5816485882,0.6050031781,0.5589760852,0.5460726912,average,0.5816485882,0.5589760852,
O1/0210/3,,videos/sample_000838_O1__0210__3.pt,ok,0.5806817412,0.6008993387,0.5595167908,0.5483182904,average,0.5806817412,0.5595167908,
O1/0210/4,,videos/sample_000839_O1__0210__4.pt,ok,0.5817410946,0.6038308144,0.5589243787,0.5467132624,average,0.5817410946,0.5589243787,
O1/0211/1,,videos/sample_000840_O1__0211__1.pt,ok,0.5771474242,0.5967274904,0.5614977993,0.5506105693,average,0.5771474242,0.5614977993,
O1/0211/2,,videos/sample_000841_O1__0211__2.pt,ok,0.5770339966,0.5975338817,0.5615614922,0.5501667408,average,0.5770339966,0.5615614922,
O1/0211/3,,videos/sample_000842_O1__0211__3.pt,ok,0.5785763264,0.5995621085,0.5606960468,0.5490520087,average,0.5785763264,0.5606960468,
O1/0211/4,,videos/sample_000843_O1__0211__4.pt,ok,0.5785208344,0.5996586680,0.5607271618,0.5489989950,average,0.5785208344,0.5607271618,
O1/0212/1,,videos/sample_000844_O1__0212__1.pt,ok,0.5435656905,0.5745846629,0.5806740526,0.5629386295,average,0.5435656905,0.5806740526,
O1/0212/2,,videos/sample_000845_O1__0212__2.pt,ok,0.5431351066,0.5643267632,0.5809241354,0.5687429166,average,0.5431351066,0.5809241354,
O1/0212/3,,videos/sample_000846_O1__0212__3.pt,ok,0.5452697277,0.5732104182,0.5796854050,0.5637127768,average,0.5452697277,0.5796854050,
O1/0212/4,,videos/sample_000847_O1__0212__4.pt,ok,0.5448360443,0.5650769472,0.5799368595,0.5683164147,average,0.5448360443,0.5799368595,
O1/0213/1,,videos/sample_000848_O1__0213__1.pt,ok,0.5623037815,0.5852479935,0.5698946376,0.5569677203,average,0.5623037815,0.5698946376,
O1/0213/2,,videos/sample_000849_O1__0213__2.pt,ok,0.5633198619,0.5856110454,0.5693158730,0.5567655488,average,0.5633198619,0.5693158730,
O1/0213/3,,videos/sample_000850_O1__0213__3.pt,ok,0.5611140728,0.5852479935,0.5705730497,0.5569677203,average,0.5611140728,0.5705730497,
O1/0213/4,,videos/sample_000851_O1__0213__4.pt,ok,0.5622575283,0.5848534107,0.5699209977,0.5571875335,average,0.5622575283,0.5699209977,
O1/0214/1,,videos/sample_000852_O1__0214__1.pt,ok,0.6220151782,0.6355480552,0.5368614752,0.5296451340,average,0.6220151782,0.5368614752,
O1/0214/2,,videos/sample_000853_O1__0214__2.pt,ok,0.6199745536,0.6350194812,0.5379581265,0.5299251646,average,0.6199745536,0.5379581265,
O1/0214/3,,videos/sample_000854_O1__0214__3.pt,ok,0.6222693920,0.6345357895,0.5367250150,0.5301815470,average,0.6222693920,0.5367250150,
O1/0214/4,,videos/sample_000855_O1__0214__4.pt,ok,0.6224576831,0.6371402144,0.5366239640,0.5288025256,average,0.6224576831,0.5366239640,
O1/0215/1,,videos/sample_000856_O1__0215__1.pt,ok,0.6180068254,0.6315942407,0.5390177240,0.5317433980,average,0.6180068254,0.5390177240,
O1/0215/2,,videos/sample_000857_O1__0215__2.pt,ok,0.6175251007,0.6305986643,0.5392774448,0.5322730527,average,0.6175251007,0.5392774448,
O1/0215/3,,videos/sample_000858_O1__0215__3.pt,ok,0.6165826917,0.6304256916,0.5397859042,0.5323651294,average,0.6165826917,0.5397859042,
O1/0215/4,,videos/sample_000859_O1__0215__4.pt,ok,0.6179983020,0.6316761971,0.5390223183,0.5316998200,average,0.6179983020,0.5390223183,
O1/0216/1,,videos/sample_000860_O1__0216__1.pt,ok,0.5787103176,0.5990509391,0.5606209235,0.5493327390,average,0.5787103176,0.5606209235,
O1/0216/2,,videos/sample_000861_O1__0216__2.pt,ok,0.5690726042,0.5787438750,0.5660501479,0.5606021108,average,0.5690726042,0.5660501479,
O1/0216/3,,videos/sample_000862_O1__0216__3.pt,ok,0.5789605975,0.6032180190,0.5604806289,0.5470483884,average,0.5789605975,0.5604806289,
O1/0216/4,,videos/sample_000863_O1__0216__4.pt,ok,0.5741243958,0.5930919647,0.5631977913,0.5526159713,average,0.5741243958,0.5631977913,
O1/0217/1,,videos/sample_000864_O1__0217__1.pt,ok,0.5459978580,0.5697563291,0.5792634721,0.5656632576,average,0.5459978580,0.5792634721,
O1/0217/2,,videos/sample_000865_O1__0217__2.pt,ok,0.5447153449,0.5692412257,0.5800068618,0.5659547077,average,0.5447153449,0.5800068618,
O1/0217/3,,videos/sample_000866_O1__0217__3.pt,ok,0.5469869971,0.5716094375,0.5786907833,0.5646159929,average,0.5469869971,0.5786907833,
O1/0217/4,,videos/sample_000867_O1__0217__4.pt,ok,0.5468878746,0.5723606348,0.5787481474,0.5641920141,average,0.5468878746,0.5787481474,
O1/0218/1,,videos/sample_000868_O1__0218__1.pt,ok,0.5418580770,0.5736273527,0.5816664666,0.5634777945,average,0.5418580770,0.5816664666,
O1/0218/2,,videos/sample_000869_O1__0218__2.pt,ok,0.5373173952,0.5768198371,0.5843136343,0.5616817688,average,0.5373173952,0.5843136343,
O1/0218/3,,videos/sample_000870_O1__0218__3.pt,ok,0.5379160047,0.5648730397,0.5839639633,0.5684323105,average,0.5379160047,0.5839639633,
O1/0218/4,,videos/sample_000871_O1__0218__4.pt,ok,0.5259619355,0.5447865725,0.5909865999,0.5799655508,average,0.5259619355,0.5909865999,
O1/0219/1,,videos/sample_000872_O1__0219__1.pt,ok,0.5645713210,0.6039127707,0.5686038430,0.5466684576,average,0.5645713210,0.5686038430,
O1/0219/2,,videos/sample_000873_O1__0219__2.pt,ok,0.5664488673,0.5977165699,0.5675372646,0.5500662410,average,0.5664488673,0.5675372646,
O1/0219/3,,videos/sample_000874_O1__0219__3.pt,ok,0.5585356951,0.5887348056,0.5720461008,0.5550290604,average,0.5585356951,0.5720461008,
O1/0219/4,,videos/sample_000875_O1__0219__4.pt,ok,0.5673538446,0.5985061526,0.5670238886,0.5496320896,average,0.5673538446,0.5670238886,
O1/0220/1,,videos/sample_000876_O1__0220__1.pt,ok,0.5583708882,0.5796200633,0.5721403857,0.5601111329,average,0.5583708882,0.5721403857,
O1/0220/2,,videos/sample_000877_O1__0220__2.pt,ok,0.5580821037,0.5787194371,0.5723056348,0.5606158109,average,0.5580821037,0.5723056348,
O1/0220/3,,videos/sample_000878_O1__0220__3.pt,ok,0.5576615334,0.5796200633,0.5725463802,0.5601111329,average,0.5576615334,0.5725463802,
O1/0220/4,,videos/sample_000879_O1__0220__4.pt,ok,0.5573140979,0.5787194371,0.5727453377,0.5606158109,average,0.5573140979,0.5727453377,
O1/0221/1,,videos/sample_000880_O1__0221__1.pt,ok,0.5546638370,0.5835214853,0.5742652755,0.5579301602,average,0.5546638370,0.5742652755,
O1/0221/2,,videos/sample_000881_O1__0221__2.pt,ok,0.5516227484,0.5864835382,0.5760143252,0.5562799868,average,0.5516227484,0.5760143252,
O1/0221/3,,videos/sample_000882_O1__0221__3.pt,ok,0.5539608598,0.5837395787,0.5746691128,0.5578084926,average,0.5539608598,0.5746691128,
O1/0221/4,,videos/sample_000883_O1__0221__4.pt,ok,0.5480663776,0.5660526752,0.5780664927,0.5677621629,average,0.5480663776,0.5780664927,
O1/0222/1,,videos/sample_000884_O1__0222__1.pt,ok,0.5477150679,0.5729953647,0.5782696088,0.5638340183,average,0.5477150679,0.5782696088,
O1/0222/2,,videos/sample_000885_O1__0222__2.pt,ok,0.5456506610,0.5638320446,0.5794646256,0.5690243539,average,0.5456506610,0.5794646256,
O1/0222/3,,videos/sample_000886_O1__0222__3.pt,ok,0.5483322740,0.5770137906,0.5779128074,0.5615728392,average,0.5483322740,0.5779128074,
O1/0222/4,,videos/sample_000887_O1__0222__4.pt,ok,0.5455725193,0.5643512607,0.5795099077,0.5687289840,average,0.5455725193,0.5795099077,
O1/0223/1,,videos/sample_000888_O1__0223__1.pt,ok,0.6095839739,0.6241271496,0.5435769643,0.5357288356,average,0.6095839739,0.5435769643,
O1/0223/2,,videos/sample_000889_O1__0223__2.pt,ok,0.6078270078,0.6258200407,0.5445328500,0.5348226723,average,0.6078270078,0.5445328500,
O1/0223/3,,videos/sample_000890_O1__0223__3.pt,ok,0.6100916862,0.6265681386,0.5433010536,0.5344227222,average,0.6100916862,0.5433010536,
O1/0223/4,,videos/sample_000891_O1__0223__4.pt,ok,0.6106431484,0.6240314245,0.5430015262,0.5357801208,average,0.6106431484,0.5430015262,
O1/0224/1,,videos/sample_000892_O1__0224__1.pt,ok,0.5578632355,0.5937570333,0.5724309080,0.5522485660,average,0.5578632355,0.5724309080,
O1/0224/2,,videos/sample_000893_O1__0224__2.pt,ok,0.5574827790,0.5945901275,0.5726487345,0.5517886825,average,0.5574827790,0.5726487345,
O1/0224/3,,videos/sample_000894_O1__0224__3.pt,ok,0.5502820015,0.5858747959,0.5767871326,0.5566187210,average,0.5502820015,0.5767871326,
O1/0224/4,,videos/sample_000895_O1__0224__4.pt,ok,0.5593672991,0.5973512530,0.5715705827,0.5502672261,average,0.5593672991,0.5715705827,
O1/0225/1,,videos/sample_000896_O1__0225__1.pt,ok,0.5668387413,0.6007674336,0.5673160397,0.5483906212,average,0.5668387413,0.5673160397,
O1/0225/2,,videos/sample_000897_O1__0225__2.pt,ok,0.5664722919,0.6005316973,0.5675239704,0.5485199120,average,0.5664722919,0.5675239704,
O1/0225/3,,videos/sample_000898_O1__0225__3.pt,ok,0.5641346574,0.5984402299,0.5688521859,0.5496683240,average,0.5641346574,0.5688521859,
O1/0225/4,,videos/sample_000899_O1__0225__4.pt,ok,0.5618925095,0.5958272815,0.5701290676,0.5511064571,average,0.5618925095,0.5701290676,
O1/0226/1,,videos/sample_000900_O1__0226__1.pt,ok,0.6256495714,0.6503142118,0.5349138509,0.5218817696,average,0.6256495714,0.5349138509,
O1/0226/2,,videos/sample_000901_O1__0226__2.pt,ok,0.6234742403,0.6503142118,0.5360787322,0.5218817696,average,0.6234742403,0.5360787322,
O1/0226/3,,videos/sample_000902_O1__0226__3.pt,ok,0.6263628006,0.6500653625,0.5345324707,0.5220116557,average,0.6263628006,0.5345324707,
O1/0226/4,,videos/sample_000903_O1__0226__4.pt,ok,0.6272189617,0.6500653625,0.5340750207,0.5220116557,average,0.6272189617,0.5340750207,
O1/0227/1,,videos/sample_000904_O1__0227__1.pt,ok,0.6119560599,0.6242231131,0.5422890810,0.5356774277,average,0.6119560599,0.5422890810,
O1/0227/2,,videos/sample_000905_O1__0227__2.pt,ok,0.6118201613,0.6248440742,0.5423627823,0.5353448961,average,0.6118201613,0.5423627823,
O1/0227/3,,videos/sample_000906_O1__0227__3.pt,ok,0.6109074354,0.6232707500,0.5428580369,0.5361878301,average,0.6109074354,0.5428580369,
O1/0227/4,,videos/sample_000907_O1__0227__4.pt,ok,0.6102790236,0.6230961680,0.5431992825,0.5362814470,average,0.6102790236,0.5431992825,
O1/0228/1,,videos/sample_000908_O1__0228__1.pt,ok,0.5383991003,0.5661309958,0.5836819210,0.5677176972,average,0.5383991003,0.5836819210,
O1/0228/2,,videos/sample_000909_O1__0228__2.pt,ok,0.5358474851,0.5700040460,0.5851731544,0.5655231506,average,0.5358474851,0.5851731544,
O1/0228/3,,videos/sample_000910_O1__0228__3.pt,ok,0.5323460102,0.5473836064,0.5872257149,0.5784613146,average,0.5323460102,0.5872257149,
O1/0228/4,,videos/sample_000911_O1__0228__4.pt,ok,0.5361348987,0.5519157052,0.5850049919,0.5758456026,average,0.5361348987,0.5850049919,
O1/0229/1,,videos/sample_000912_O1__0229__1.pt,ok,0.5486212969,0.5718656778,0.5777458015,0.5644713340,average,0.5486212969,0.5777458015,
O1/0229/2,,videos/sample_000913_O1__0229__2.pt,ok,0.5485010743,0.5724708438,0.5778152637,0.5641298385,average,0.5485010743,0.5778152637,
O1/0229/3,,videos/sample_000914_O1__0229__3.pt,ok,0.5464206934,0.5688298941,0.5790185908,0.5661875507,average,0.5464206934,0.5790185908,
O1/0229/4,,videos/sample_000915_O1__0229__4.pt,ok,0.5471586585,0.5717620850,0.5785914529,0.5645298123,average,0.5471586585,0.5785914529,
O1/0230/1,,videos/sample_000916_O1__0230__1.pt,ok,0.5502308607,0.5779759884,0.5768166307,0.5610327550,average,0.5502308607,0.5768166307,
O1/0230/2,,videos/sample_000917_O1__0230__2.pt,ok,0.5495960712,0.5756126642,0.5771829041,0.5623602253,average,0.5495960712,0.5771829041,
O1/0230/3,,videos/sample_000918_O1__0230__3.pt,ok,0.5491492152,0.5674855113,0.5774408794,0.5669492353,average,0.5491492152,0.5774408794,
O1/0230/4,,videos/sample_000919_O1__0230__4.pt,ok,0.5488641858,0.5676374435,0.5776054905,0.5668631040,average,0.5488641858,0.5776054905,
O1/0231/1,,videos/sample_000920_O1__0231__1.pt,ok,0.5849137902,0.6065076590,0.5571538919,0.5452517529,average,0.5849137902,0.5571538919,
O1/0231/2,,videos/sample_000921_O1__0231__2.pt,ok,0.5892671943,0.6077551842,0.5547336478,0.5445719618,average,0.5892671943,0.5547336478,
O1/0231/3,,videos/sample_000922_O1__0231__3.pt,ok,0.5899979472,0.6180531979,0.5543284226,0.5389927291,average,0.5899979472,0.5543284226,
O1/0231/4,,videos/sample_000923_O1__0231__4.pt,ok,0.5902433395,0.6094651818,0.5541924114,0.5436415407,average,0.5902433395,0.5541924114,
O1/0232/1,,videos/sample_000924_O1__0232__1.pt,ok,0.5444013476,0.5629479885,0.5801890109,0.5695276257,average,0.5444013476,0.5801890109,
O1/0232/2,,videos/sample_000925_O1__0232__2.pt,ok,0.5434081554,0.5647670627,0.5807655364,0.5684925545,average,0.5434081554,0.5807655364,
O1/0232/3,,videos/sample_000926_O1__0232__3.pt,ok,0.5465056300,0.5774697065,0.5789694130,0.5613168676,average,0.5465056300,0.5789694130,
O1/0232/4,,videos/sample_000927_O1__0232__4.pt,ok,0.5466815829,0.5792645216,0.5788675507,0.5603103112,average,0.5466815829,0.5788675507,
O1/0233/1,,videos/sample_000928_O1__0233__1.pt,ok,0.6197763085,0.6357828975,0.5380647846,0.5295207655,average,0.6197763085,0.5380647846,
O1/0233/2,,videos/sample_000929_O1__0233__2.pt,ok,0.6190313697,0.6357828975,0.5384657593,0.5295207655,average,0.6190313697,0.5384657593,
O1/0233/3,,videos/sample_000930_O1__0233__3.pt,ok,0.6185107231,0.6351118684,0.5387461827,0.5298762086,average,0.6185107231,0.5387461827,
O1/0233/4,,videos/sample_000931_O1__0233__4.pt,ok,0.6199903488,0.6351118684,0.5379496294,0.5298762086,average,0.6199903488,0.5379496294,
O1/0234/1,,videos/sample_000932_O1__0234__1.pt,ok,0.6375377178,0.6591771841,0.5285923665,0.5172767830,average,0.6375377178,0.5285923665,
O1/0234/2,,videos/sample_000933_O1__0234__2.pt,ok,0.6373820305,0.6591771841,0.5286746681,0.5172767830,average,0.6373820305,0.5286746681,
O1/0234/3,,videos/sample_000934_O1__0234__3.pt,ok,0.6382341981,0.6591855288,0.5282243406,0.5172724665,average,0.6382341981,0.5282243406,
O1/0234/4,,videos/sample_000935_O1__0234__4.pt,ok,0.6376258135,0.6591855288,0.5285458019,0.5172724665,average,0.6376258135,0.5285458019,
O1/0235/1,,videos/sample_000936_O1__0235__1.pt,ok,0.5363582969,0.5657008290,0.5848743174,0.5679619630,average,0.5363582969,0.5848743174,
O1/0235/2,,videos/sample_000937_O1__0235__2.pt,ok,0.5364150405,0.5715355873,0.5848411305,0.5646576914,average,0.5364150405,0.5848411305,
O1/0235/3,,videos/sample_000938_O1__0235__3.pt,ok,0.5384122729,0.5710435510,0.5836742325,0.5649355919,average,0.5384122729,0.5836742325,
O1/0235/4,,videos/sample_000939_O1__0235__4.pt,ok,0.5230114460,0.5437189937,0.5927328745,0.5805850403,average,0.5230114460,0.5927328745,
O1/0236/1,,videos/sample_000940_O1__0236__1.pt,ok,0.5630024672,0.5876559019,0.5694965995,0.5556282064,average,0.5630024672,0.5694965995,
O1/0236/2,,videos/sample_000941_O1__0236__2.pt,ok,0.5649787784,0.5877003670,0.5683722084,0.5556035009,average,0.5649787784,0.5683722084,
O1/0236/3,,videos/sample_000942_O1__0236__3.pt,ok,0.5637429357,0.5876559019,0.5690750613,0.5556282064,average,0.5637429357,0.5690750613,
O1/0236/4,,videos/sample_000943_O1__0236__4.pt,ok,0.5642952919,0.5877003670,0.5687608159,0.5556035009,average,0.5642952919,0.5687608159,
O1/0237/1,,videos/sample_000944_O1__0237__1.pt,ok,0.5457891822,0.5731700063,0.5793843631,0.5637355580,average,0.5457891822,0.5793843631,
O1/0237/2,,videos/sample_000945_O1__0237__2.pt,ok,0.5440309048,0.5714724660,0.5804039776,0.5646933345,average,0.5440309048,0.5804039776,
O1/0237/3,,videos/sample_000946_O1__0237__3.pt,ok,0.5455693007,0.5640159249,0.5795117730,0.5689197311,average,0.5455693007,0.5795117730,
O1/0237/4,,videos/sample_000947_O1__0237__4.pt,ok,0.5421020985,0.5618622303,0.5815245448,0.5701463309,average,0.5421020985,0.5815245448,
O1/0238/1,,videos/sample_000948_O1__0238__1.pt,ok,0.5418259501,0.5722252727,0.5816851540,0.5642683896,average,0.5418259501,0.5816851540,
O1/0238/2,,videos/sample_000949_O1__0238__2.pt,ok,0.5522837639,0.5891689658,0.5756336967,0.5547881411,average,0.5522837639,0.5756336967,
O1/0238/3,,videos/sample_000950_O1__0238__3.pt,ok,0.5493344069,0.5846050382,0.5773339520,0.5573259408,average,0.5493344069,0.5773339520,
O1/0238/4,,videos/sample_000951_O1__0238__4.pt,ok,0.5512490869,0.5957720280,0.5762295999,0.5511369085,average,0.5512490869,0.5762295999,
O1/0239/1,,videos/sample_000952_O1__0239__1.pt,ok,0.6250439882,0.6517127156,0.5352378838,0.5211524260,average,0.6250439882,0.5352378838,
O1/0239/2,,videos/sample_000953_O1__0239__2.pt,ok,0.6229028106,0.6509115100,0.5363851510,0.5215701436,average,0.6229028106,0.5363851510,
O1/0239/3,,videos/sample_000954_O1__0239__3.pt,ok,0.6249730587,0.6517127156,0.5352758494,0.5211524260,average,0.6249730587,0.5352758494,
O1/0239/4,,videos/sample_000955_O1__0239__4.pt,ok,0.6240444183,0.6509115100,0.5357731590,0.5215701436,average,0.6240444183,0.5357731590,
O1/0240/1,,videos/sample_000956_O1__0240__1.pt,ok,0.5551768541,0.5967327952,0.5739707431,0.5506076485,average,0.5551768541,0.5739707431,
O1/0240/2,,videos/sample_000957_O1__0240__2.pt,ok,0.5537971854,0.5996150374,0.5747631791,0.5490229487,average,0.5537971854,0.5747631791,
O1/0240/3,,videos/sample_000958_O1__0240__3.pt,ok,0.5469900370,0.5841061473,0.5786890242,0.5576040550,average,0.5469900370,0.5786890242,
O1/0240/4,,videos/sample_000959_O1__0240__4.pt,ok,0.5567191839,0.5960815549,0.5730861733,0.5509663432,average,0.5567191839,0.5730861733,
O1/0241/1,,videos/sample_000960_O1__0241__1.pt,ok,0.5764286518,0.6017240882,0.5619015335,0.5478662516,average,0.5764286518,0.5619015335,
O1/0241/2,,videos/sample_000961_O1__0241__2.pt,ok,0.5785472393,0.6018857956,0.5607123560,0.5477776648,average,0.5785472393,0.5607123560,
O1/0241/3,,videos/sample_000962_O1__0241__3.pt,ok,0.5686973333,0.5793257356,0.5662626099,0.5602760134,average,0.5686973333,0.5662626099,
O1/0241/4,,videos/sample_000963_O1__0241__4.pt,ok,0.5801096559,0.6026568413,0.5598369738,0.5473554659,average,0.5801096559,0.5598369738,
O1/0242/1,,videos/sample_000964_O1__0242__1.pt,ok,0.6194666028,0.6357569098,0.5382314522,0.5295345267,average,0.6194666028,0.5382314522,
O1/0242/2,,videos/sample_000965_O1__0242__2.pt,ok,0.6189475656,0.6346809268,0.5385108869,0.5301046035,average,0.6189475656,0.5385108869,
O1/0242/3,,videos/sample_000966_O1__0242__3.pt,ok,0.6202901602,0.6345331073,0.5377883702,0.5301829691,average,0.6202901602,0.5377883702,
O1/0242/4,,videos/sample_000967_O1__0242__4.pt,ok,0.6201316118,0.6343670487,0.5378736424,0.5302710178,average,0.6201316118,0.5378736424,
O1/0243/1,,videos/sample_000968_O1__0243__1.pt,ok,0.5511166453,0.5727877021,0.5763059216,0.5639511176,average,0.5511166453,0.5763059216,
O1/0243/2,,videos/sample_000969_O1__0243__2.pt,ok,0.5501362085,0.5730035305,0.5768712302,0.5638294141,average,0.5501362085,0.5768712302,
O1/0243/3,,videos/sample_000970_O1__0243__3.pt,ok,0.5521783829,0.5776966810,0.5756943607,0.5611894774,average,0.5521783829,0.5756943607,
O1/0243/4,,videos/sample_000971_O1__0243__4.pt,ok,0.5521048307,0.5774631500,0.5757367058,0.5613205479,average,0.5521048307,0.5757367058,
O1/0244/1,,videos/sample_000972_O1__0244__1.pt,ok,0.5452009439,0.5809225440,0.5797252793,0.5593820739,average,0.5452009439,0.5797252793,
O1/0244/2,,videos/sample_000973_O1__0244__2.pt,ok,0.5522938371,0.5926992893,0.5756278982,0.5528330127,average,0.5522938371,0.5756278982,
O1/0244/3,,videos/sample_000974_O1__0244__3.pt,ok,0.5546643138,0.5970191956,0.5742650017,0.5504499768,average,0.5546643138,0.5742650017,
O1/0244/4,,videos/sample_000975_O1__0244__4.pt,ok,0.5526435375,0.5917463899,0.5754266361,0.5533600580,average,0.5526435375,0.5754266361,
O1/0245/1,,videos/sample_000976_O1__0245__1.pt,ok,0.5497614145,0.5885851383,0.5770874786,0.5551121363,average,0.5497614145,0.5770874786,
O1/0245/2,,videos/sample_000977_O1__0245__2.pt,ok,0.5544334650,0.5940120220,0.5743975854,0.5521077668,average,0.5544334650,0.5743975854,
O1/0245/3,,videos/sample_000978_O1__0245__3.pt,ok,0.5552950501,0.5940120220,0.5739029061,0.5521077668,average,0.5552950501,0.5739029061,
O1/0245/4,,videos/sample_000979_O1__0245__4.pt,ok,0.5481797457,0.5885851383,0.5780009622,0.5551121363,average,0.5481797457,0.5780009622,
O1/0246/1,,videos/sample_000980_O1__0246__1.pt,ok,0.5362284780,0.5626996756,0.5849502501,0.5696690644,average,0.5362284780,0.5849502501,
O1/0246/2,,videos/sample_000981_O1__0246__2.pt,ok,0.5337617993,0.5498529673,0.5863949154,0.5770346471,average,0.5337617993,0.5863949154,
O1/0246/3,,videos/sample_000982_O1__0246__3.pt,ok,0.5373861194,0.5659241676,0.5842734793,0.5678351293,average,0.5373861194,0.5842734793,
O1/0246/4,,videos/sample_000983_O1__0246__4.pt,ok,0.5321258903,0.5471100211,0.5873549892,0.5786195948,average,0.5321258903,0.5873549892,
O1/0247/1,,videos/sample_000984_O1__0247__1.pt,ok,0.5527470112,0.5847560167,0.5753670977,0.5572418029,average,0.5527470112,0.5753670977,
O1/0247/2,,videos/sample_000985_O1__0247__2.pt,ok,0.5585756898,0.5924745202,0.5720232224,0.5529572864,average,0.5585756898,0.5720232224,
O1/0247/3,,videos/sample_000986_O1__0247__3.pt,ok,0.5599415898,0.5888680816,0.5712424292,0.5549550933,average,0.5599415898,0.5712424292,
O1/0247/4,,videos/sample_000987_O1__0247__4.pt,ok,0.5617642403,0.5919929147,0.5702022023,0.5532236578,average,0.5617642403,0.5702022023,
O1/0248/1,,videos/sample_000988_O1__0248__1.pt,ok,0.6146197915,0.6302527189,0.5408464907,0.5324572220,average,0.6146197915,0.5408464907,
O1/0248/2,,videos/sample_000989_O1__0248__2.pt,ok,0.6137422919,0.6296624541,0.5413212915,0.5327716055,average,0.6137422919,0.5413212915,
O1/0248/3,,videos/sample_000990_O1__0248__3.pt,ok,0.6153243780,0.6306467652,0.5404655517,0.5322474505,average,0.6153243780,0.5404655517,
O1/0248/4,,videos/sample_000991_O1__0248__4.pt,ok,0.6157724261,0.6325525641,0.5402234514,0.5312340599,average,0.6157724261,0.5402234514,
O1/0249/1,,videos/sample_000992_O1__0249__1.pt,ok,0.6106866598,0.6282733083,0.5429778999,0.5335122173,average,0.6106866598,0.5429778999,
O1/0249/2,,videos/sample_000993_O1__0249__2.pt,ok,0.6125995517,0.6289669871,0.5419402347,0.5331422595,average,0.6125995517,0.5419402347,
O1/0249/3,,videos/sample_000994_O1__0249__3.pt,ok,0.6122856140,0.6285429597,0.5421103969,0.5333683743,average,0.6122856140,0.5421103969,
O1/0249/4,,videos/sample_000995_O1__0249__4.pt,ok,0.6118025184,0.6292620897,0.5423723513,0.5329849510,average,0.6118025184,0.5423723513,
O1/0250/1,,videos/sample_000996_O1__0250__1.pt,ok,0.5319512486,0.5661039948,0.5874575748,0.5677330263,average,0.5319512486,0.5874575748,
O1/0250/2,,videos/sample_000997_O1__0250__2.pt,ok,0.5268729925,0.5461852551,0.5904484226,0.5791549301,average,0.5268729925,0.5904484226,
O1/0250/3,,videos/sample_000998_O1__0250__3.pt,ok,0.5311394930,0.5617157221,0.5879346404,0.5702298681,average,0.5311394930,0.5879346404,
O1/0250/4,,videos/sample_000999_O1__0250__4.pt,ok,0.5286109447,0.5486135483,0.5894231426,0.5777502782,average,0.5286109447,0.5894231426,
O1/0251/1,,videos/sample_001000_O1__0251__1.pt,ok,0.5500285625,0.5767099261,0.5769333315,0.5617435072,average,0.5500285625,0.5769333315,
O1/0251/2,,videos/sample_001001_O1__0251__2.pt,ok,0.5508761406,0.5767449737,0.5764445426,0.5617238198,average,0.5508761406,0.5764445426,
O1/0251/3,,videos/sample_001002_O1__0251__3.pt,ok,0.5496508479,0.5767099261,0.5771512888,0.5617435072,average,0.5496508479,0.5771512888,
O1/0251/4,,videos/sample_001003_O1__0251__4.pt,ok,0.5505752563,0.5767449737,0.5766180118,0.5617238198,average,0.5505752563,0.5766180118,
O1/0252/1,,videos/sample_001004_O1__0252__1.pt,ok,0.6095140576,0.6244313717,0.5436149704,0.5355658799,average,0.6095140576,0.5436149704,
O1/0252/2,,videos/sample_001005_O1__0252__2.pt,ok,0.6104913950,0.6240645647,0.5430839348,0.5357623652,average,0.6104913950,0.5430839348,
O1/0252/3,,videos/sample_001006_O1__0252__3.pt,ok,0.6116662621,0.6243070364,0.5424462580,0.5356324738,average,0.6116662621,0.5424462580,
O1/0252/4,,videos/sample_001007_O1__0252__4.pt,ok,0.6113382578,0.6243718266,0.5426242119,0.5355977711,average,0.6113382578,0.5426242119,
O1/0253/1,,videos/sample_001008_O1__0253__1.pt,ok,0.5503090620,0.5779415965,0.5767715247,0.5610520503,average,0.5503090620,0.5767715247,
O1/0253/2,,videos/sample_001009_O1__0253__2.pt,ok,0.5507574081,0.5761057138,0.5765129893,0.5620830221,average,0.5507574081,0.5765129893,
O1/0253/3,,videos/sample_001010_O1__0253__3.pt,ok,0.5519881248,0.5829029083,0.5758039016,0.5582753898,average,0.5519881248,0.5758039016,
O1/0253/4,,videos/sample_001011_O1__0253__4.pt,ok,0.5387783051,0.5576270223,0.5834606280,0.5725661398,average,0.5387783051,0.5834606280,
O1/0254/1,,videos/sample_001012_O1__0254__1.pt,ok,0.5667261481,0.5896543860,0.5673799192,0.5545189011,average,0.5667261481,0.5673799192,
O1/0254/2,,videos/sample_001013_O1__0254__2.pt,ok,0.5679837465,0.5962444544,0.5666668316,0.5508765983,average,0.5679837465,0.5666668316,
O1/0254/3,,videos/sample_001014_O1__0254__3.pt,ok,0.5667001009,0.5883278847,0.5673946981,0.5552549593,average,0.5667001009,0.5673946981,
O1/0254/4,,videos/sample_001015_O1__0254__4.pt,ok,0.5678847432,0.5960928202,0.5667229363,0.5509601364,average,0.5678847432,0.5667229363,
O1/0255/1,,videos/sample_001016_O1__0255__1.pt,ok,0.5676130652,0.6004704237,0.5668769233,0.5485535228,average,0.5676130652,0.5668769233,
O1/0255/2,,videos/sample_001017_O1__0255__2.pt,ok,0.5656979680,0.6003718376,0.5679635880,0.5486076052,average,0.5656979680,0.5679635880,
O1/0255/3,,videos/sample_001018_O1__0255__3.pt,ok,0.5598283410,0.5902734399,0.5713071254,0.5541757303,average,0.5598283410,0.5713071254,
O1/0255/4,,videos/sample_001019_O1__0255__4.pt,ok,0.5653907061,0.5954560637,0.5681381284,0.5513110755,average,0.5653907061,0.5681381284,
O1/0256/1,,videos/sample_001020_O1__0256__1.pt,ok,0.5436308384,0.5587912798,0.5806362242,0.5718999132,average,0.5436308384,0.5806362242,
O1/0256/2,,videos/sample_001021_O1__0256__2.pt,ok,0.5450854897,0.5694034696,0.5797922149,0.5658628925,average,0.5450854897,0.5797922149,
O1/0256/3,,videos/sample_001022_O1__0256__3.pt,ok,0.5416080356,0.5561138391,0.5818119255,0.5734331930,average,0.5416080356,0.5818119255,
O1/0256/4,,videos/sample_001023_O1__0256__4.pt,ok,0.5471193194,0.5733330846,0.5786142146,0.5636436324,average,0.5471193194,0.5786142146,
O1/0257/1,,videos/sample_001024_O1__0257__1.pt,ok,0.5565740466,0.5950424671,0.5731693555,0.5515391431,average,0.5565740466,0.5731693555,
O1/0257/2,,videos/sample_001025_O1__0257__2.pt,ok,0.5584223866,0.5950424671,0.5721109221,0.5515391431,average,0.5584223866,0.5721109221,
O1/0257/3,,videos/sample_001026_O1__0257__3.pt,ok,0.5533134341,0.5866345167,0.5750412888,0.5561960068,average,0.5533134341,0.5750412888,
O1/0257/4,,videos/sample_001027_O1__0257__4.pt,ok,0.5496519208,0.5866345167,0.5771506696,0.5561960068,average,0.5496519208,0.5771506696,
O1/0258/1,,videos/sample_001028_O1__0258__1.pt,ok,0.5390268564,0.5749475360,0.5833156261,0.5627343913,average,0.5390268564,0.5833156261,
O1/0258/2,,videos/sample_001029_O1__0258__2.pt,ok,0.5347196460,0.5561669469,0.5858335079,0.5734027401,average,0.5347196460,0.5858335079,
O1/0258/3,,videos/sample_001030_O1__0258__3.pt,ok,0.5372713208,0.5738258362,0.5843405569,0.5633659645,average,0.5372713208,0.5843405569,
O1/0258/4,,videos/sample_001031_O1__0258__4.pt,ok,0.5308951139,0.5531796217,0.5880783369,0.5751182416,average,0.5308951139,0.5880783369,
O1/0259/1,,videos/sample_001032_O1__0259__1.pt,ok,0.6214015484,0.6359400749,0.5371910105,0.5294375433,average,0.6214015484,0.5371910105,
O1/0259/2,,videos/sample_001033_O1__0259__2.pt,ok,0.6229984760,0.6373361349,0.5363338400,0.5286989325,average,0.6229984760,0.5363338400,
O1/0259/3,,videos/sample_001034_O1__0259__3.pt,ok,0.6237316728,0.6377795339,0.5359407459,0.5284645599,average,0.6237316728,0.5359407459,
O1/0259/4,,videos/sample_001035_O1__0259__4.pt,ok,0.6234184504,0.6376856565,0.5361086408,0.5285141730,average,0.6234184504,0.5361086408,
O1/0260/1,,videos/sample_001036_O1__0260__1.pt,ok,0.5523640513,0.5736311674,0.5755874823,0.5634756450,average,0.5523640513,0.5755874823,
O1/0260/2,,videos/sample_001037_O1__0260__2.pt,ok,0.5544636250,0.5772168636,0.5743802618,0.5614588105,average,0.5544636250,0.5743802618,
O1/0260/3,,videos/sample_001038_O1__0260__3.pt,ok,0.5546178222,0.5769580603,0.5742917008,0.5616041368,average,0.5546178222,0.5742917008,
O1/0260/4,,videos/sample_001039_O1__0260__4.pt,ok,0.5533292890,0.5744885802,0.5750321717,0.5629927208,average,0.5533292890,0.5750321717,
O1/0261/1,,videos/sample_001040_O1__0261__1.pt,ok,0.5265039802,0.5467373729,0.5906663455,0.5788352566,average,0.5265039802,0.5906663455,
O1/0261/2,,videos/sample_001041_O1__0261__2.pt,ok,0.5313587189,0.5651749969,0.5878057641,0.5682606942,average,0.5313587189,0.5878057641,
O1/0261/3,,videos/sample_001042_O1__0261__3.pt,ok,0.5317303538,0.5668966174,0.5875873555,0.5672832066,average,0.5317303538,0.5875873555,
O1/0261/4,,videos/sample_001043_O1__0261__4.pt,ok,0.5269615650,0.5469693542,0.5903961274,0.5787009932,average,0.5269615650,0.5903961274,
O1/0262/1,,videos/sample_001044_O1__0262__1.pt,ok,0.6213015318,0.6520889997,0.5372447412,0.5209563616,average,0.6213015318,0.5372447412,
O1/0262/2,,videos/sample_001045_O1__0262__2.pt,ok,0.6224728227,0.6529145241,0.5366158398,0.5205264769,average,0.6224728227,0.5366158398,
O1/0262/3,,videos/sample_001046_O1__0262__3.pt,ok,0.6219633818,0.6520889997,0.5368892835,0.5209563616,average,0.6219633818,0.5368892835,
O1/0262/4,,videos/sample_001047_O1__0262__4.pt,ok,0.6222963929,0.6529145241,0.5367105231,0.5205264769,average,0.6222963929,0.5367105231,
O1/0263/1,,videos/sample_001048_O1__0263__1.pt,ok,0.6041405797,0.6306006312,0.5465439358,0.5322720058,average,0.6041405797,0.5465439358,
O1/0263/2,,videos/sample_001049_O1__0263__2.pt,ok,0.6051366329,0.6317501068,0.5459998200,0.5316605236,average,0.6051366329,0.5459998200,
O1/0263/3,,videos/sample_001050_O1__0263__3.pt,ok,0.6049473286,0.6317501068,0.5461031899,0.5316605236,average,0.6049473286,0.5461031899,
O1/0263/4,,videos/sample_001051_O1__0263__4.pt,ok,0.6019530296,0.6315580606,0.5477408367,0.5317626368,average,0.6019530296,0.5477408367,
O1/0264/1,,videos/sample_001052_O1__0264__1.pt,ok,0.5306048393,0.5513475537,0.5882490659,0.5761728631,average,0.5306048393,0.5882490659,
O1/0264/2,,videos/sample_001053_O1__0264__2.pt,ok,0.5349019766,0.5645933747,0.5857267023,0.5685913034,average,0.5349019766,0.5857267023,
O1/0264/3,,videos/sample_001054_O1__0264__3.pt,ok,0.5329109430,0.5531237721,0.5868940655,0.5751503626,average,0.5329109430,0.5868940655,
O1/0264/4,,videos/sample_001055_O1__0264__4.pt,ok,0.5352734923,0.5696225166,0.5855091360,0.5657389554,average,0.5352734923,0.5855091360,
O1/0265/1,,videos/sample_001056_O1__0265__1.pt,ok,0.5483121276,0.6049143672,0.5779244503,0.5461211905,average,0.5483121276,0.5779244503,
O1/0265/2,,videos/sample_001057_O1__0265__2.pt,ok,0.5572555661,0.5982526541,0.5727788625,0.5497714382,average,0.5572555661,0.5727788625,
O1/0265/3,,videos/sample_001058_O1__0265__3.pt,ok,0.5292210579,0.5474254489,0.5890636375,0.5784371109,average,0.5292210579,0.5890636375,
O1/0265/4,,videos/sample_001059_O1__0265__4.pt,ok,0.5566656590,0.5973351002,0.5731168485,0.5502761146,average,0.5566656590,0.5731168485,
O1/0266/1,,videos/sample_001060_O1__0266__1.pt,ok,0.5589747429,0.5793617964,0.5717950003,0.5602558098,average,0.5589747429,0.5717950003,
O1/0266/2,,videos/sample_001061_O1__0266__2.pt,ok,0.5586730242,0.5805518627,0.5719675476,0.5595894648,average,0.5586730242,0.5719675476,
O1/0266/3,,videos/sample_001062_O1__0266__3.pt,ok,0.5599440336,0.5811386704,0.5712410332,0.5592611897,average,0.5599440336,0.5712410332,
O1/0266/4,,videos/sample_001063_O1__0266__4.pt,ok,0.5575739741,0.5793617964,0.5725965141,0.5602558098,average,0.5575739741,0.5725965141,
O1/0267/1,,videos/sample_001064_O1__0267__1.pt,ok,0.6221376061,0.6479262710,0.5367957524,0.5231294815,average,0.6221376061,0.5367957524,
O1/0267/2,,videos/sample_001065_O1__0267__2.pt,ok,0.6223382950,0.6479262710,0.5366880343,0.5231294815,average,0.6223382950,0.5366880343,
O1/0267/3,,videos/sample_001066_O1__0267__3.pt,ok,0.6211354136,0.6487435102,0.5373339948,0.5227021342,average,0.6211354136,0.5373339948,
O1/0267/4,,videos/sample_001067_O1__0267__4.pt,ok,0.6216473579,0.6487435102,0.5370589801,0.5227021342,average,0.6216473579,0.5370589801,
O1/0268/1,,videos/sample_001068_O1__0268__1.pt,ok,0.6064170599,0.6340100169,0.5453011545,0.5304603753,average,0.6064170599,0.5453011545,
O1/0268/2,,videos/sample_001069_O1__0268__2.pt,ok,0.6046832800,0.6340100169,0.5462474067,0.5304603753,average,0.6046832800,0.5462474067,
O1/0268/3,,videos/sample_001070_O1__0268__3.pt,ok,0.6058458686,0.6335703731,0.5456127147,0.5306936402,average,0.6058458686,0.5456127147,
O1/0268/4,,videos/sample_001071_O1__0268__4.pt,ok,0.6068762541,0.6335703731,0.5450508128,0.5306936402,average,0.6068762541,0.5450508128,
O1/0269/1,,videos/sample_001072_O1__0269__1.pt,ok,0.5564832687,0.6022163630,0.5732213890,0.5475966173,average,0.5564832687,0.5732213890,
O1/0269/2,,videos/sample_001073_O1__0269__2.pt,ok,0.5551203489,0.5906407237,0.5740031764,0.5539722279,average,0.5551203489,0.5740031764,
O1/0269/3,,videos/sample_001074_O1__0269__3.pt,ok,0.5433941483,0.5619394183,0.5807736713,0.5701023241,average,0.5433941483,0.5807736713,
O1/0269/4,,videos/sample_001075_O1__0269__4.pt,ok,0.5592921376,0.5929681659,0.5716135444,0.5526843888,average,0.5592921376,0.5716135444,
O1/0270/1,,videos/sample_001076_O1__0270__1.pt,ok,0.6179087758,0.6304362416,0.5390705771,0.5323595130,average,0.6179087758,0.5390705771,
O1/0270/2,,videos/sample_001077_O1__0270__2.pt,ok,0.6183087230,0.6295129657,0.5388550205,0.5328512547,average,0.6183087230,0.5388550205,
O1/0270/3,,videos/sample_001078_O1__0270__3.pt,ok,0.6174991727,0.6285521984,0.5392914273,0.5333634467,average,0.6174991727,0.5392914273,
O1/0270/4,,videos/sample_001079_O1__0270__4.pt,ok,0.6167151332,0.6287345886,0.5397144189,0.5332661753,average,0.6167151332,0.5397144189,
O1/0271/1,,videos/sample_001080_O1__0271__1.pt,ok,0.6085995436,0.6419882178,0.5441123414,0.5262450933,average,0.6085995436,0.5441123414,
O1/0271/2,,videos/sample_001081_O1__0271__2.pt,ok,0.6106801033,0.6412091851,0.5429814600,0.5266552152,average,0.6106801033,0.5429814600,
O1/0271/3,,videos/sample_001082_O1__0271__3.pt,ok,0.6107746363,0.6412091851,0.5429301328,0.5266552152,average,0.6107746363,0.5429301328,
O1/0271/4,,videos/sample_001083_O1__0271__4.pt,ok,0.6103290915,0.6419882178,0.5431720863,0.5262450933,average,0.6103290915,0.5431720863,
O1/0272/1,,videos/sample_001084_O1__0272__1.pt,ok,0.6124531627,0.6294934154,0.5420195746,0.5328616722,average,0.6124531627,0.5420195746,
O1/0272/2,,videos/sample_001085_O1__0272__2.pt,ok,0.6109780073,0.6294934154,0.5428197277,0.5328616722,average,0.6109780073,0.5428197277,
O1/0272/3,,videos/sample_001086_O1__0272__3.pt,ok,0.6118559241,0.6291062236,0.5423433863,0.5330680318,average,0.6118559241,0.5423433863,
O1/0272/4,,videos/sample_001087_O1__0272__4.pt,ok,0.6126059890,0.6291062236,0.5419367461,0.5330680318,average,0.6126059890,0.5419367461,
O1/0273/1,,videos/sample_001088_O1__0273__1.pt,ok,0.6175254583,0.6425131559,0.5392772519,0.5259689197,average,0.6175254583,0.5392772519,
O1/0273/2,,videos/sample_001089_O1__0273__2.pt,ok,0.6165109873,0.6436327696,0.5398246106,0.5253803673,average,0.6165109873,0.5398246106,
O1/0273/3,,videos/sample_001090_O1__0273__3.pt,ok,0.6173773408,0.6425131559,0.5393571342,0.5259689197,average,0.6173773408,0.5393571342,
O1/0273/4,,videos/sample_001091_O1__0273__4.pt,ok,0.6155917645,0.6436327696,0.5403210579,0.5253803673,average,0.6155917645,0.5403210579,
O1/0274/1,,videos/sample_001092_O1__0274__1.pt,ok,0.5511323214,0.5882933736,0.5762968875,0.5552741220,average,0.5511323214,0.5762968875,
O1/0274/2,,videos/sample_001093_O1__0274__2.pt,ok,0.5506973863,0.5881652236,0.5765475938,0.5553452850,average,0.5506973863,0.5765475938,
O1/0274/3,,videos/sample_001094_O1__0274__3.pt,ok,0.5496771932,0.5914250612,0.5771360838,0.5535378970,average,0.5496771932,0.5771360838,
O1/0274/4,,videos/sample_001095_O1__0274__4.pt,ok,0.5461340547,0.5784818530,0.5791845838,0.5607490201,average,0.5461340547,0.5791845838,
O1/0275/1,,videos/sample_001096_O1__0275__1.pt,ok,0.5622025132,0.5990610719,0.5699523528,0.5493271728,average,0.5622025132,0.5699523528,
O1/0275/2,,videos/sample_001097_O1__0275__2.pt,ok,0.5561706424,0.5876399279,0.5734006211,0.5556370821,average,0.5561706424,0.5734006211,
O1/0275/3,,videos/sample_001098_O1__0275__3.pt,ok,0.5617760420,0.6023151278,0.5701954729,0.5475425366,average,0.5617760420,0.5701954729,
O1/0275/4,,videos/sample_001099_O1__0275__4.pt,ok,0.5642218590,0.5995655656,0.5688025832,0.5490501106,average,0.5642218590,0.5688025832,
O1/0276/1,,videos/sample_001100_O1__0276__1.pt,ok,0.5563222170,0.5789201260,0.5733137147,0.5605033128,average,0.5563222170,0.5733137147,
O1/0276/2,,videos/sample_001101_O1__0276__2.pt,ok,0.5571620464,0.5857356191,0.5728324311,0.5566961948,average,0.5571620464,0.5728324311,
O1/0276/3,,videos/sample_001102_O1__0276__3.pt,ok,0.5578371882,0.5863993168,0.5724458185,0.5563268394,average,0.5578371882,0.5724458185,
O1/0276/4,,videos/sample_001103_O1__0276__4.pt,ok,0.5541322827,0.5784080029,0.5745706098,0.5607904331,average,0.5541322827,0.5745706098,
O1/0277/1,,videos/sample_001104_O1__0277__1.pt,ok,0.5666101575,0.5961052775,0.5674457338,0.5509532729,average,0.5666101575,0.5674457338,
O1/0277/2,,videos/sample_001105_O1__0277__2.pt,ok,0.5663471222,0.5974952579,0.5675950117,0.5501879907,average,0.5663471222,0.5675950117,
O1/0277/3,,videos/sample_001106_O1__0277__3.pt,ok,0.5639329553,0.5921779871,0.5689669361,0.5531212809,average,0.5639329553,0.5689669361,
O1/0277/4,,videos/sample_001107_O1__0277__4.pt,ok,0.5674878955,0.5980291963,0.5669478836,0.5498943026,average,0.5674878955,0.5669478836,
O1/0278/1,,videos/sample_001108_O1__0278__1.pt,ok,0.5566871166,0.5871633887,0.5731045509,0.5559019280,average,0.5566871166,0.5731045509,
O1/0278/2,,videos/sample_001109_O1__0278__2.pt,ok,0.5444013476,0.5629479885,0.5801890109,0.5695276257,average,0.5444013476,0.5801890109,
O1/0278/3,,videos/sample_001110_O1__0278__3.pt,ok,0.5569338799,0.5863234401,0.5729631472,0.5563690533,average,0.5569338799,0.5729631472,
O1/0278/4,,videos/sample_001111_O1__0278__4.pt,ok,0.5587615371,0.5970335007,0.5719169233,0.5504421026,average,0.5587615371,0.5719169233,
O1/0279/1,,videos/sample_001112_O1__0279__1.pt,ok,0.6034992933,0.6203379631,0.5468945394,0.5377626629,average,0.6034992933,0.5468945394,
O1/0279/2,,videos/sample_001113_O1__0279__2.pt,ok,0.6065734029,0.6237385869,0.5452159071,0.5359370403,average,0.6065734029,0.5452159071,
O1/0279/3,,videos/sample_001114_O1__0279__3.pt,ok,0.6060079932,0.6225270033,0.5455242646,0.5365867664,average,0.6060079932,0.5455242646,
O1/0279/4,,videos/sample_001115_O1__0279__4.pt,ok,0.6051496863,0.6223633289,0.5459926929,0.5366745991,average,0.6051496863,0.5459926929,
O1/0280/1,,videos/sample_001116_O1__0280__1.pt,ok,0.5550097227,0.5827756524,0.5740666797,0.5583464381,average,0.5550097227,0.5740666797,
O1/0280/2,,videos/sample_001117_O1__0280__2.pt,ok,0.5589948893,0.5837953091,0.5717834808,0.5577774066,average,0.5589948893,0.5717834808,
O1/0280/3,,videos/sample_001118_O1__0280__3.pt,ok,0.5616437793,0.5898711085,0.5702708935,0.5543987374,average,0.5616437793,0.5702708935,
O1/0280/4,,videos/sample_001119_O1__0280__4.pt,ok,0.5601712465,0.5909790993,0.5711112547,0.5537848089,average,0.5601712465,0.5711112547,
O1/0281/1,,videos/sample_001120_O1__0281__1.pt,ok,0.6222022772,0.6337016821,0.5367610384,0.5306239599,average,0.6222022772,0.5367610384,
O1/0281/2,,videos/sample_001121_O1__0281__2.pt,ok,0.6205090880,0.6309064031,0.5376706462,0.5321092769,average,0.6205090880,0.5376706462,
O1/0281/3,,videos/sample_001122_O1__0281__3.pt,ok,0.6218663454,0.6329891682,0.5369413838,0.5310021716,average,0.6218663454,0.5369413838,
O1/0281/4,,videos/sample_001123_O1__0281__4.pt,ok,0.6213687062,0.6323216558,0.5372086533,0.5313567404,average,0.6213687062,0.5372086533,
O1/0282/1,,videos/sample_001124_O1__0282__1.pt,ok,0.5324566364,0.5475456715,0.5871607559,0.5783675739,average,0.5324566364,0.5871607559,
O1/0282/2,,videos/sample_001125_O1__0282__2.pt,ok,0.5380594134,0.5677605271,0.5838802238,0.5667933368,average,0.5380594134,0.5838802238,
O1/0282/3,,videos/sample_001126_O1__0282__3.pt,ok,0.5365141630,0.5690914392,0.5847831624,0.5660394864,average,0.5365141630,0.5847831624,
O1/0282/4,,videos/sample_001127_O1__0282__4.pt,ok,0.5345976949,0.5518069863,0.5859049553,0.5759082113,average,0.5345976949,0.5859049553,
O1/0283/1,,videos/sample_001128_O1__0283__1.pt,ok,0.5664058328,0.5954042673,0.5675616888,0.5513396322,average,0.5664058328,0.5675616888,
O1/0283/2,,videos/sample_001129_O1__0283__2.pt,ok,0.5664570332,0.6025769114,0.5675326302,0.5473992177,average,0.5664570332,0.5675326302,
O1/0283/3,,videos/sample_001130_O1__0283__3.pt,ok,0.5686146617,0.6026492119,0.5663094257,0.5473596420,average,0.5686146617,0.5663094257,
O1/0283/4,,videos/sample_001131_O1__0283__4.pt,ok,0.5593031645,0.5900378227,0.5716072413,0.5543063190,average,0.5593031645,0.5716072413,
O1/0284/1,,videos/sample_001132_O1__0284__1.pt,ok,0.5378082991,0.5707137585,0.5840268629,0.5651219341,average,0.5378082991,0.5840268629,
O1/0284/2,,videos/sample_001133_O1__0284__2.pt,ok,0.5255001783,0.5455142856,0.5912595552,0.5795436557,average,0.5255001783,0.5912595552,
O1/0284/3,,videos/sample_001134_O1__0284__3.pt,ok,0.5360566378,0.5744884014,0.5850507767,0.5629928215,average,0.5360566378,0.5850507767,
O1/0284/4,,videos/sample_001135_O1__0284__4.pt,ok,0.5412346721,0.5757121444,0.5820291934,0.5623042844,average,0.5412346721,0.5820291934,
O1/0285/1,,videos/sample_001136_O1__0285__1.pt,ok,0.5617117286,0.5854304433,0.5702321453,0.5568661109,average,0.5617117286,0.5702321453,
O1/0285/2,,videos/sample_001137_O1__0285__2.pt,ok,0.5642563105,0.5879541636,0.5687829875,0.5554625085,average,0.5642563105,0.5687829875,
O1/0285/3,,videos/sample_001138_O1__0285__3.pt,ok,0.5625609159,0.5844491124,0.5697481169,0.5574128491,average,0.5625609159,0.5697481169,
O1/0285/4,,videos/sample_001139_O1__0285__4.pt,ok,0.5647433400,0.5917223692,0.5685060408,0.5533733502,average,0.5647433400,0.5685060408,
O1/0286/1,,videos/sample_001140_O1__0286__1.pt,ok,0.6211087704,0.6494880319,0.5373483113,0.5223131160,average,0.6211087704,0.5373483113,
O1/0286/2,,videos/sample_001141_O1__0286__2.pt,ok,0.6197935343,0.6488314867,0.5380555161,0.5226561507,average,0.6197935343,0.5380555161,
O1/0286/3,,videos/sample_001142_O1__0286__3.pt,ok,0.6211243868,0.6488314867,0.5373399199,0.5226561507,average,0.6211243868,0.5373399199,
O1/0286/4,,videos/sample_001143_O1__0286__4.pt,ok,0.6215017438,0.6494880319,0.5371371892,0.5223131160,average,0.6215017438,0.5371371892,
O1/0287/1,,videos/sample_001144_O1__0287__1.pt,ok,0.5441733003,0.5766057372,0.5803213366,0.5618020377,average,0.5441733003,0.5803213366,
O1/0287/2,,videos/sample_001145_O1__0287__2.pt,ok,0.5446725488,0.5740640759,0.5800316843,0.5632317644,average,0.5446725488,0.5800316843,
O1/0287/3,,videos/sample_001146_O1__0287__3.pt,ok,0.5337889791,0.5500532389,0.5863789776,0.5769190950,average,0.5337889791,0.5863789776,
O1/0287/4,,videos/sample_001147_O1__0287__4.pt,ok,0.5425056219,0.5841066241,0.5812899333,0.5576037891,average,0.5425056219,0.5812899333,
O1/0288/1,,videos/sample_001148_O1__0288__1.pt,ok,0.5608262420,0.5813288689,0.5707373019,0.5591548292,average,0.5608262420,0.5707373019,
O1/0288/2,,videos/sample_001149_O1__0288__2.pt,ok,0.5621781349,0.5826168060,0.5699662474,0.5584351365,average,0.5621781349,0.5699662474,
O1/0288/3,,videos/sample_001150_O1__0288__3.pt,ok,0.5628463030,0.5850383639,0.5695855414,0.5570844894,average,0.5628463030,0.5695855414,
O1/0288/4,,videos/sample_001151_O1__0288__4.pt,ok,0.5632832050,0.5870782733,0.5693367427,0.5559492459,average,0.5632832050,0.5693367427,
O1/0289/1,,videos/sample_001152_O1__0289__1.pt,ok,0.6230273247,0.6512323618,0.5363183677,0.5214028237,average,0.6230273247,0.5363183677,
O1/0289/2,,videos/sample_001153_O1__0289__2.pt,ok,0.6231318712,0.6512323618,0.5362623004,0.5214028237,average,0.6231318712,0.5362623004,
O1/0289/3,,videos/sample_001154_O1__0289__3.pt,ok,0.6231201887,0.6520268917,0.5362685653,0.5209887181,average,0.6231201887,0.5362685653,
O1/0289/4,,videos/sample_001155_O1__0289__4.pt,ok,0.6215317845,0.6520268917,0.5371210534,0.5209887181,average,0.6215317845,0.5371210534,
O1/0290/1,,videos/sample_001156_O1__0290__1.pt,ok,0.5476847291,0.5889903307,0.5782871530,0.5548872546,average,0.5476847291,0.5782871530,
O1/0290/2,,videos/sample_001157_O1__0290__2.pt,ok,0.5486987233,0.5833512545,0.5777010704,0.5580251452,average,0.5486987233,0.5777010704,
O1/0290/3,,videos/sample_001158_O1__0290__3.pt,ok,0.5462481976,0.5796855092,0.5791184778,0.5600744771,average,0.5462481976,0.5791184778,
O1/0290/4,,videos/sample_001159_O1__0290__4.pt,ok,0.5379327536,0.5701853633,0.5839541827,0.5654206208,average,0.5379327536,0.5839541827,
O1/0291/1,,videos/sample_001160_O1__0291__1.pt,ok,0.5294322968,0.5612667799,0.5889392175,0.5704859258,average,0.5294322968,0.5889392175,
O1/0291/2,,videos/sample_001161_O1__0291__2.pt,ok,0.5259588957,0.5478326678,0.5909883964,0.5782016083,average,0.5259588957,0.5909883964,
O1/0291/3,,videos/sample_001162_O1__0291__3.pt,ok,0.5301756263,0.5642862320,0.5885016043,0.5687659689,average,0.5301756263,0.5885016043,
O1/0291/4,,videos/sample_001163_O1__0291__4.pt,ok,0.5263721943,0.5483133793,0.5907441921,0.5779237270,average,0.5263721943,0.5907441921,
O1/0292/1,,videos/sample_001164_O1__0292__1.pt,ok,0.5694430470,0.6026815176,0.5658404975,0.5473419594,average,0.5694430470,0.5658404975,
O1/0292/2,,videos/sample_001165_O1__0292__2.pt,ok,0.5666617751,0.5994290113,0.5674164443,0.5491250908,average,0.5666617751,0.5674164443,
O1/0292/3,,videos/sample_001166_O1__0292__3.pt,ok,0.5678629875,0.5994290113,0.5667352659,0.5491250908,average,0.5678629875,0.5667352659,
O1/0292/4,,videos/sample_001167_O1__0292__4.pt,ok,0.5707648993,0.6026815176,0.5650930341,0.5473419594,average,0.5707648993,0.5650930341,
O1/0293/1,,videos/sample_001168_O1__0293__1.pt,ok,0.5566530824,0.5870302320,0.5731240564,0.5559759551,average,0.5566530824,0.5731240564,
O1/0293/2,,videos/sample_001169_O1__0293__2.pt,ok,0.5639342070,0.5973875523,0.5689662240,0.5502472522,average,0.5639342070,0.5689662240,
O1/0293/3,,videos/sample_001170_O1__0293__3.pt,ok,0.5599570870,0.5878574848,0.5712335766,0.5555162126,average,0.5599570870,0.5712335766,
O1/0293/4,,videos/sample_001171_O1__0293__4.pt,ok,0.5660248995,0.5973875523,0.5677779331,0.5502472522,average,0.5660248995,0.5677779331,
O1/0294/1,,videos/sample_001172_O1__0294__1.pt,ok,0.6302678585,0.6399687529,0.5324491609,0.5273089007,average,0.6302678585,0.5324491609,
O1/0294/2,,videos/sample_001173_O1__0294__2.pt,ok,0.6298515201,0.6381042004,0.5326708861,0.5282930130,average,0.6298515201,0.5326708861,
O1/0294/3,,videos/sample_001174_O1__0294__3.pt,ok,0.6293413043,0.6397383213,0.5329427325,0.5274304233,average,0.6293413043,0.5329427325,
O1/0294/4,,videos/sample_001175_O1__0294__4.pt,ok,0.6291095018,0.6405399442,0.5330662843,0.5270077924,average,0.6291095018,0.5330662843,
O1/0295/1,,videos/sample_001176_O1__0295__1.pt,ok,0.5822107792,0.6126804352,0.5586619222,0.5418964025,average,0.5822107792,0.5586619222,
O1/0295/2,,videos/sample_001177_O1__0295__2.pt,ok,0.5690726042,0.5787438750,0.5660501479,0.5606021108,average,0.5690726042,0.5660501479,
O1/0295/3,,videos/sample_001178_O1__0295__3.pt,ok,0.5816453099,0.6044027209,0.5589779176,0.5464006829,average,0.5816453099,0.5589779176,
O1/0295/4,,videos/sample_001179_O1__0295__4.pt,ok,0.5801512599,0.6049072742,0.5598136828,0.5461250642,average,0.5801512599,0.5598136828,
O1/0296/1,,videos/sample_001180_O1__0296__1.pt,ok,0.5484679937,0.5683847666,0.5778343785,0.5664396324,average,0.5484679937,0.5778343785,
O1/0296/2,,videos/sample_001181_O1__0296__2.pt,ok,0.5482494235,0.5665054917,0.5779606897,0.5675051290,average,0.5482494235,0.5779606897,
O1/0296/3,,videos/sample_001182_O1__0296__3.pt,ok,0.5503691435,0.5825391412,0.5767368724,0.5584785089,average,0.5503691435,0.5767368724,
O1/0296/4,,videos/sample_001183_O1__0296__4.pt,ok,0.5494767427,0.5768853426,0.5772517826,0.5616449768,average,0.5494767427,0.5772517826,
O1/0297/1,,videos/sample_001184_O1__0297__1.pt,ok,0.5783486962,0.5989501476,0.5608236926,0.5493881098,average,0.5783486962,0.5608236926,
O1/0297/2,,videos/sample_001185_O1__0297__2.pt,ok,0.5761203170,0.5952540636,0.5620748140,0.5514224517,average,0.5761203170,0.5620748140,
O1/0297/3,,videos/sample_001186_O1__0297__3.pt,ok,0.5767608881,0.5989501476,0.5617148804,0.5493881098,average,0.5767608881,0.5617148804,
O1/0297/4,,videos/sample_001187_O1__0297__4.pt,ok,0.5778290033,0.5953623056,0.5611152245,0.5513627678,average,0.5778290033,0.5611152245,
O1/0298/1,,videos/sample_001188_O1__0298__1.pt,ok,0.5899131298,0.6141306162,0.5543754413,0.5411111241,average,0.5899131298,0.5543754413,
O1/0298/2,,videos/sample_001189_O1__0298__2.pt,ok,0.5898510814,0.6141306162,0.5544098405,0.5411111241,average,0.5898510814,0.5544098405,
O1/0298/3,,videos/sample_001190_O1__0298__3.pt,ok,0.5881426930,0.6116700172,0.5553577973,0.5424442210,average,0.5881426930,0.5553577973,
O1/0298/4,,videos/sample_001191_O1__0298__4.pt,ok,0.5902157426,0.6116700172,0.5542077056,0.5424442210,average,0.5902157426,0.5542077056,
O1/0299/1,,videos/sample_001192_O1__0299__1.pt,ok,0.5541775823,0.5883706212,0.5745445826,0.5552312301,average,0.5541775823,0.5745445826,
O1/0299/2,,videos/sample_001193_O1__0299__2.pt,ok,0.5543174148,0.5914742351,0.5744642482,0.5535106781,average,0.5543174148,0.5744642482,
O1/0299/3,,videos/sample_001194_O1__0299__3.pt,ok,0.5561960340,0.5896916389,0.5733860617,0.5544982440,average,0.5561960340,0.5733860617,
O1/0299/4,,videos/sample_001195_O1__0299__4.pt,ok,0.5436283946,0.5625453591,0.5806376431,0.5697569805,average,0.5436283946,0.5806376431,
O1/0300/1,,videos/sample_001196_O1__0300__1.pt,ok,0.5768355131,0.5982015133,0.5616729640,0.5497995546,average,0.5768355131,0.5616729640,
O1/0300/2,,videos/sample_001197_O1__0300__2.pt,ok,0.5786989331,0.6016617417,0.5606273059,0.5479004102,average,0.5786989331,0.5606273059,
O1/0300/3,,videos/sample_001198_O1__0300__3.pt,ok,0.5768231750,0.5982394218,0.5616798940,0.5497787129,average,0.5768231750,0.5616798940,
O1/0300/4,,videos/sample_001199_O1__0300__4.pt,ok,0.5779259205,0.5985313058,0.5610608454,0.5496182648,average,0.5779259205,0.5610608454,
O1/0301/1,,videos/sample_001200_O1__0301__1.pt,ok,0.5489824414,0.5714690685,0.5775371894,0.5646952530,average,0.5489824414,0.5775371894,
O1/0301/2,,videos/sample_001201_O1__0301__2.pt,ok,0.5481057763,0.5712751150,0.5780437181,0.5648047883,average,0.5481057763,0.5780437181,
O1/0301/3,,videos/sample_001202_O1__0301__3.pt,ok,0.5508977771,0.5775225759,0.5764320705,0.5612871919,average,0.5508977771,0.5764320705,
O1/0301/4,,videos/sample_001203_O1__0301__4.pt,ok,0.5505984426,0.5779294372,0.5766046424,0.5610588724,average,0.5505984426,0.5766046424,
O1/0302/1,,videos/sample_001204_O1__0302__1.pt,ok,0.5890284777,0.6084240675,0.5548660878,0.5442078284,average,0.5890284777,0.5548660878,
O1/0302/2,,videos/sample_001205_O1__0302__2.pt,ok,0.5883005261,0.6076645255,0.5552701504,0.5446213342,average,0.5883005261,0.5552701504,
O1/0302/3,,videos/sample_001206_O1__0302__3.pt,ok,0.5898449421,0.6101160049,0.5544132442,0.5432878413,average,0.5898449421,0.5544132442,
O1/0302/4,,videos/sample_001207_O1__0302__4.pt,ok,0.5901580453,0.6096773148,0.5542396828,0.5435262287,average,0.5901580453,0.5542396828,
O1/0303/1,,videos/sample_001208_O1__0303__1.pt,ok,0.5451677442,0.5722395778,0.5797445264,0.5642603177,average,0.5451677442,0.5797445264,
O1/0303/2,,videos/sample_001209_O1__0303__2.pt,ok,0.5467333198,0.5685802102,0.5788376027,0.5663289362,average,0.5467333198,0.5788376027,
O1/0303/3,,videos/sample_001210_O1__0303__3.pt,ok,0.5414038897,0.5553219318,0.5819307121,0.5738874788,average,0.5414038897,0.5819307121,
O1/0303/4,,videos/sample_001211_O1__0303__4.pt,ok,0.5452312827,0.5593605042,0.5797076915,0.5715744665,average,0.5452312827,0.5797076915,
O1/0304/1,,videos/sample_001212_O1__0304__1.pt,ok,0.5606476665,0.5984466076,0.5708392307,0.5496648184,average,0.5606476665,0.5708392307,
O1/0304/2,,videos/sample_001213_O1__0304__2.pt,ok,0.5550982356,0.5901870131,0.5740158696,0.5542236279,average,0.5550982356,0.5740158696,
O1/0304/3,,videos/sample_001214_O1__0304__3.pt,ok,0.5557065010,0.5901870131,0.5736668218,0.5542236279,average,0.5557065010,0.5736668218,
O1/0304/4,,videos/sample_001215_O1__0304__4.pt,ok,0.5601813197,0.5984466076,0.5711055018,0.5496648184,average,0.5601813197,0.5711055018,
O1/0305/1,,videos/sample_001216_O1__0305__1.pt,ok,0.5446476936,0.5914725065,0.5800461013,0.5535116349,average,0.5446476936,0.5800461013,
O1/0305/2,,videos/sample_001217_O1__0305__2.pt,ok,0.5488097668,0.5845108628,0.5776369240,0.5573784297,average,0.5488097668,0.5776369240,
O1/0305/3,,videos/sample_001218_O1__0305__3.pt,ok,0.5483018160,0.5848014951,0.5779304097,0.5572164610,average,0.5483018160,0.5779304097,
O1/0305/4,,videos/sample_001219_O1__0305__4.pt,ok,0.5302935839,0.5461623073,0.5884321901,0.5791682205,average,0.5302935839,0.5884321901,
O1/0306/1,,videos/sample_001220_O1__0306__1.pt,ok,0.5362221599,0.5731790662,0.5849539459,0.5637304506,average,0.5362221599,0.5849539459,
O1/0306/2,,videos/sample_001221_O1__0306__2.pt,ok,0.5244007707,0.5447292328,0.5919099479,0.5799988067,average,0.5244007707,0.5919099479,
O1/0306/3,,videos/sample_001222_O1__0306__3.pt,ok,0.5391969085,0.5696775913,0.5832164405,0.5657077984,average,0.5391969085,0.5832164405,
O1/0306/4,,videos/sample_001223_O1__0306__4.pt,ok,0.5362585783,0.5662886500,0.5849326431,0.5676282011,average,0.5362585783,0.5849326431,
O1/0307/1,,videos/sample_001224_O1__0307__1.pt,ok,0.5263407230,0.5589677095,0.5907627839,0.5717990220,average,0.5263407230,0.5907627839,
O1/0307/2,,videos/sample_001225_O1__0307__2.pt,ok,0.5253810883,0.5463113189,0.5913299725,0.5790819242,average,0.5253810883,0.5913299725,
O1/0307/3,,videos/sample_001226_O1__0307__3.pt,ok,0.5249355435,0.5457748771,0.5915934952,0.5793926513,average,0.5249355435,0.5915934952,
O1/0307/4,,videos/sample_001227_O1__0307__4.pt,ok,0.5257028341,0.5564208031,0.5911397451,0.5732571967,average,0.5257028341,0.5911397451,
O1/0308/1,,videos/sample_001228_O1__0308__1.pt,ok,0.5615510345,0.5884574056,0.5703237856,0.5551830468,average,0.5615510345,0.5703237856,
O1/0308/2,,videos/sample_001229_O1__0308__2.pt,ok,0.5691567659,0.6003461480,0.5660025101,0.5486216989,average,0.5691567659,0.5660025101,
O1/0308/3,,videos/sample_001230_O1__0308__3.pt,ok,0.5609636903,0.5884574056,0.5706588604,0.5551830468,average,0.5609636903,0.5706588604,
O1/0308/4,,videos/sample_001231_O1__0308__4.pt,ok,0.5694753528,0.6003461480,0.5658222179,0.5486216989,average,0.5694753528,0.5658222179,
O1/0309/1,,videos/sample_001232_O1__0309__1.pt,ok,0.5931327343,0.6109106541,0.5525934419,0.5428562896,average,0.5931327343,0.5525934419,
O1/0309/2,,videos/sample_001233_O1__0309__2.pt,ok,0.5924195051,0.6108954549,0.5529877082,0.5428645407,average,0.5924195051,0.5529877082,
O1/0309/3,,videos/sample_001234_O1__0309__3.pt,ok,0.5931398869,0.6104934216,0.5525894894,0.5430828342,average,0.5931398869,0.5525894894,
O1/0309/4,,videos/sample_001235_O1__0309__4.pt,ok,0.5925410390,0.6102347374,0.5529205056,0.5432233393,average,0.5925410390,0.5529205056,
O1/0310/1,,videos/sample_001236_O1__0310__1.pt,ok,0.5623338223,0.5868287086,0.5698775178,0.5560880085,average,0.5623338223,0.5698775178,
O1/0310/2,,videos/sample_001237_O1__0310__2.pt,ok,0.5621624589,0.5869458318,0.5699751823,0.5560228815,average,0.5621624589,0.5699751823,
O1/0310/3,,videos/sample_001238_O1__0310__3.pt,ok,0.5601893663,0.5825425982,0.5711009063,0.5584765782,average,0.5601893663,0.5711009063,
O1/0310/4,,videos/sample_001239_O1__0310__4.pt,ok,0.5612912178,0.5836584568,0.5704719845,0.5578537449,average,0.5612912178,0.5704719845,
O1/0311/1,,videos/sample_001240_O1__0311__1.pt,ok,0.5524181128,0.5866279006,0.5755563661,0.5561996866,average,0.5524181128,0.5755563661,
O1/0311/2,,videos/sample_001241_O1__0311__2.pt,ok,0.5603591800,0.5994825959,0.5710039338,0.5490956669,average,0.5603591800,0.5710039338,
O1/0311/3,,videos/sample_001242_O1__0311__3.pt,ok,0.5558027625,0.5995300412,0.5736116024,0.5490696156,average,0.5558027625,0.5736116024,
O1/0311/4,,videos/sample_001243_O1__0311__4.pt,ok,0.5587030053,0.5946400762,0.5719503996,0.5517611221,average,0.5587030053,0.5719503996,
O1/0312/1,,videos/sample_001244_O1__0312__1.pt,ok,0.6179495454,0.6306852698,0.5390485999,0.5322269569,average,0.6179495454,0.5390485999,
O1/0312/2,,videos/sample_001245_O1__0312__2.pt,ok,0.6171443462,0.6326134205,0.5394828161,0.5312017319,average,0.6171443462,0.5394828161,
O1/0312/3,,videos/sample_001246_O1__0312__3.pt,ok,0.6171554327,0.6306852698,0.5394768352,0.5322269569,average,0.6171554327,0.5394768352,
O1/0312/4,,videos/sample_001247_O1__0312__4.pt,ok,0.6154443026,0.6326134205,0.5404007405,0.5312017319,average,0.6154443026,0.5404007405,
O1/0313/1,,videos/sample_001248_O1__0313__1.pt,ok,0.5889170766,0.6047932506,0.5549279039,0.5461873389,average,0.5889170766,0.5549279039,
O1/0313/2,,videos/sample_001249_O1__0313__2.pt,ok,0.5891070962,0.6039614677,0.5548224667,0.5466418371,average,0.5891070962,0.5548224667,
O1/0313/3,,videos/sample_001250_O1__0313__3.pt,ok,0.5897818208,0.6048010588,0.5544482406,0.5461830742,average,0.5897818208,0.5544482406,
O1/0313/4,,videos/sample_001251_O1__0313__4.pt,ok,0.5879216194,0.6036897898,0.5554805859,0.5467903679,average,0.5879216194,0.5554805859,
O1/0314/1,,videos/sample_001252_O1__0314__1.pt,ok,0.6123238206,0.6408964396,0.5420896851,0.5268199501,average,0.6123238206,0.5420896851,
O1/0314/2,,videos/sample_001253_O1__0314__2.pt,ok,0.6115756631,0.6408964396,0.5424954053,0.5268199501,average,0.6115756631,0.5424954053,
O1/0314/3,,videos/sample_001254_O1__0314__3.pt,ok,0.6103644967,0.6410396099,0.5431528556,0.5267445305,average,0.6103644967,0.5431528556,
O1/0314/4,,videos/sample_001255_O1__0314__4.pt,ok,0.6110805869,0.6410396099,0.5427640484,0.5267445305,average,0.6110805869,0.5427640484,
O1/0315/1,,videos/sample_001256_O1__0315__1.pt,ok,0.5499516129,0.5681275725,0.5769777280,0.5665853360,average,0.5499516129,0.5769777280,
O1/0315/2,,videos/sample_001257_O1__0315__2.pt,ok,0.5513142347,0.5692506433,0.5761920609,0.5659493778,average,0.5513142347,0.5761920609,
O1/0315/3,,videos/sample_001258_O1__0315__3.pt,ok,0.5542966723,0.5834963918,0.5744761641,0.5579441608,average,0.5542966723,0.5744761641,
O1/0315/4,,videos/sample_001259_O1__0315__4.pt,ok,0.5548675656,0.5850429535,0.5741482931,0.5570819327,average,0.5548675656,0.5741482931,
O1/0316/1,,videos/sample_001260_O1__0316__1.pt,ok,0.5605312586,0.5838949084,0.5709056847,0.5577218551,average,0.5605312586,0.5709056847,
O1/0316/2,,videos/sample_001261_O1__0316__2.pt,ok,0.5592424870,0.5822433829,0.5716419261,0.5586437080,average,0.5592424870,0.5716419261,
O1/0316/3,,videos/sample_001262_O1__0316__3.pt,ok,0.5616241693,0.5851427913,0.5702820766,0.5570263176,average,0.5616241693,0.5702820766,
O1/0316/4,,videos/sample_001263_O1__0316__4.pt,ok,0.5602770448,0.5818136930,0.5710508353,0.5588838031,average,0.5602770448,0.5710508353,
O1/0317/1,,videos/sample_001264_O1__0317__1.pt,ok,0.5384380221,0.5573291183,0.5836592035,0.5727367349,average,0.5384380221,0.5836592035,
O1/0317/2,,videos/sample_001265_O1__0317__2.pt,ok,0.5479457974,0.5830314159,0.5781362003,0.5582036517,average,0.5479457974,0.5781362003,
O1/0317/3,,videos/sample_001266_O1__0317__3.pt,ok,0.5461227298,0.5649623871,0.5791911430,0.5683815248,average,0.5461227298,0.5791911430,
O1/0317/4,,videos/sample_001267_O1__0317__4.pt,ok,0.5460283756,0.5770738721,0.5792457947,0.5615391001,average,0.5460283756,0.5792457947,
O1/0318/1,,videos/sample_001268_O1__0318__1.pt,ok,0.5472216606,0.5631332397,0.5785550016,0.5694221298,average,0.5472216606,0.5785550016,
O1/0318/2,,videos/sample_001269_O1__0318__2.pt,ok,0.5365359783,0.5535965562,0.5847704053,0.5748785050,average,0.5365359783,0.5847704053,
O1/0318/3,,videos/sample_001270_O1__0318__3.pt,ok,0.5439407825,0.5790608525,0.5804562873,0.5604244407,average,0.5439407825,0.5804562873,
O1/0318/4,,videos/sample_001271_O1__0318__4.pt,ok,0.5484746695,0.5761434436,0.5778305211,0.5620618153,average,0.5484746695,0.5778305211,
O1/0319/1,,videos/sample_001272_O1__0319__1.pt,ok,0.5460460186,0.5642240047,0.5792355752,0.5688013627,average,0.5460460186,0.5792355752,
O1/0319/2,,videos/sample_001273_O1__0319__2.pt,ok,0.5482918024,0.5763872862,0.5779361969,0.5619247773,average,0.5482918024,0.5779361969,
O1/0319/3,,videos/sample_001274_O1__0319__3.pt,ok,0.5492866635,0.5793195367,0.5773615165,0.5602794865,average,0.5492866635,0.5773615165,
O1/0319/4,,videos/sample_001275_O1__0319__4.pt,ok,0.5443503261,0.5627229214,0.5802186138,0.5696558221,average,0.5443503261,0.5802186138,
O1/0320/1,,videos/sample_001276_O1__0320__1.pt,ok,0.5854712725,0.6069070697,0.5568433750,0.5450340170,average,0.5854712725,0.5568433750,
O1/0320/2,,videos/sample_001277_O1__0320__2.pt,ok,0.5882532001,0.6143789887,0.5552964298,0.5409767437,average,0.5882532001,0.5552964298,
O1/0320/3,,videos/sample_001278_O1__0320__3.pt,ok,0.5891038775,0.6143789887,0.5548242525,0.5409767437,average,0.5891038775,0.5548242525,
O1/0320/4,,videos/sample_001279_O1__0320__4.pt,ok,0.5834469795,0.6069070697,0.5579717308,0.5450340170,average,0.5834469795,0.5579717308,
O1/0321/1,,videos/sample_001280_O1__0321__1.pt,ok,0.5754795074,0.5959424376,0.5624351123,0.5510429974,average,0.5754795074,0.5624351123,
O1/0321/2,,videos/sample_001281_O1__0321__2.pt,ok,0.5761148334,0.5951278210,0.5620778962,0.5514920691,average,0.5761148334,0.5620778962,
O1/0321/3,,videos/sample_001282_O1__0321__3.pt,ok,0.5768571496,0.5959424376,0.5616608115,0.5510429974,average,0.5768571496,0.5616608115,
O1/0321/4,,videos/sample_001283_O1__0321__4.pt,ok,0.5749867558,0.5944768190,0.5627123214,0.5518512084,average,0.5749867558,0.5627123214,
O1/0322/1,,videos/sample_001284_O1__0322__1.pt,ok,0.5673437119,0.5889754295,0.5670296341,0.5548955231,average,0.5673437119,0.5670296341,
O1/0322/2,,videos/sample_001285_O1__0322__2.pt,ok,0.5691566467,0.5956138372,0.5660025776,0.5512241001,average,0.5691566467,0.5660025776,
O1/0322/3,,videos/sample_001286_O1__0322__3.pt,ok,0.5696171522,0.5940206051,0.5657419903,0.5521030281,average,0.5696171522,0.5657419903,
O1/0322/4,,videos/sample_001287_O1__0322__4.pt,ok,0.5675330758,0.5897498131,0.5669222693,0.5544659875,average,0.5675330758,0.5669222693,
O1/0323/1,,videos/sample_001288_O1__0323__1.pt,ok,0.6177048087,0.6481843591,0.5391805410,0.5229944854,average,0.6177048087,0.5391805410,
O1/0323/2,,videos/sample_001289_O1__0323__2.pt,ok,0.6176789403,0.6496461630,0.5391944889,0.5222305286,average,0.6176789403,0.5391944889,
O1/0323/3,,videos/sample_001290_O1__0323__3.pt,ok,0.6175513268,0.6481843591,0.5392633018,0.5229944854,average,0.6175513268,0.5392633018,
O1/0323/4,,videos/sample_001291_O1__0323__4.pt,ok,0.6155645251,0.6496461630,0.5403357761,0.5222305286,average,0.6155645251,0.5403357761,
O1/0324/1,,videos/sample_001292_O1__0324__1.pt,ok,0.5454253554,0.5818167925,0.5795951969,0.5588820709,average,0.5454253554,0.5795951969,
O1/0324/2,,videos/sample_001293_O1__0324__2.pt,ok,0.5499758124,0.5905540586,0.5769637656,0.5540202400,average,0.5499758124,0.5769637656,
O1/0324/3,,videos/sample_001294_O1__0324__3.pt,ok,0.5523101687,0.5918503404,0.5756184973,0.5533025389,average,0.5523101687,0.5756184973,
O1/0324/4,,videos/sample_001295_O1__0324__4.pt,ok,0.5508401394,0.5898837447,0.5764652957,0.5543917320,average,0.5508401394,0.5764652957,
O1/0325/1,,videos/sample_001296_O1__0325__1.pt,ok,0.5572777987,0.5916842818,0.5727661283,0.5533944272,average,0.5572777987,0.5727661283,
O1/0325/2,,videos/sample_001297_O1__0325__2.pt,ok,0.5454382300,0.5782409310,0.5795877349,0.5608841332,average,0.5454382300,0.5795877349,
O1/0325/3,,videos/sample_001298_O1__0325__3.pt,ok,0.5546265841,0.5869961977,0.5742866690,0.5559948776,average,0.5546265841,0.5742866690,
O1/0325/4,,videos/sample_001299_O1__0325__4.pt,ok,0.5516801476,0.5930486917,0.5759812634,0.5526398852,average,0.5516801476,0.5759812634,
O1/0326/1,,videos/sample_001300_O1__0326__1.pt,ok,0.5505310297,0.5952318907,0.5766435142,0.5514346785,average,0.5505310297,0.5766435142,
O1/0326/2,,videos/sample_001301_O1__0326__2.pt,ok,0.5496450663,0.5905596614,0.5771546257,0.5540171360,average,0.5496450663,0.5771546257,
O1/0326/3,,videos/sample_001302_O1__0326__3.pt,ok,0.5524389148,0.5946428180,0.5755443935,0.5517596093,average,0.5524389148,0.5755443935,
O1/0326/4,,videos/sample_001303_O1__0326__4.pt,ok,0.5422908664,0.5872924328,0.5814147820,0.5558301968,average,0.5422908664,0.5814147820,
O1/0327/1,,videos/sample_001304_O1__0327__1.pt,ok,0.5463320017,0.5916603804,0.5790699473,0.5534076543,average,0.5463320017,0.5790699473,
O1/0327/2,,videos/sample_001305_O1__0327__2.pt,ok,0.5317784548,0.5502884984,0.5875590927,0.5767833853,average,0.5317784548,0.5875590927,
O1/0327/3,,videos/sample_001306_O1__0327__3.pt,ok,0.5514817238,0.5855662227,0.5760955632,0.5567905051,average,0.5514817238,0.5760955632,
O1/0327/4,,videos/sample_001307_O1__0327__4.pt,ok,0.5478545427,0.5829541087,0.5781889603,0.5582468066,average,0.5478545427,0.5781889603,
O1/0328/1,,videos/sample_001308_O1__0328__1.pt,ok,0.5568774343,0.5876691937,0.5729954894,0.5556208211,average,0.5568774343,0.5729954894,
O1/0328/2,,videos/sample_001309_O1__0328__2.pt,ok,0.5516207218,0.5802472234,0.5760154926,0.5597599637,average,0.5516207218,0.5760154926,
O1/0328/3,,videos/sample_001310_O1__0328__3.pt,ok,0.5563749075,0.5968548656,0.5732835073,0.5505404397,average,0.5563749075,0.5732835073,
O1/0328/4,,videos/sample_001311_O1__0328__4.pt,ok,0.5576798320,0.5873775482,0.5725359035,0.5557828891,average,0.5576798320,0.5725359035,
O1/0329/1,,videos/sample_001312_O1__0329__1.pt,ok,0.6168391705,0.6323406100,0.5396474784,0.5313466690,average,0.6168391705,0.5396474784,
O1/0329/2,,videos/sample_001313_O1__0329__2.pt,ok,0.6147981882,0.6334124207,0.5407500140,0.5307774711,average,0.6147981882,0.5407500140,
O1/0329/3,,videos/sample_001314_O1__0329__3.pt,ok,0.6172385812,0.6308410168,0.5394319804,0.5321440707,average,0.6172385812,0.5394319804,
O1/0329/4,,videos/sample_001315_O1__0329__4.pt,ok,0.6162705421,0.6320971251,0.5399544245,0.5314760597,average,0.6162705421,0.5399544245,
O1/0330/1,,videos/sample_001316_O1__0330__1.pt,ok,0.6146319509,0.6307294965,0.5408399144,0.5322034188,average,0.6146319509,0.5408399144,
O1/0330/2,,videos/sample_001317_O1__0330__2.pt,ok,0.6172587276,0.6307303309,0.5394211129,0.5322029747,average,0.6172587276,0.5394211129,
O1/0330/3,,videos/sample_001318_O1__0330__3.pt,ok,0.6161415577,0.6307115555,0.5400240747,0.5322129672,average,0.6161415577,0.5400240747,
O1/0330/4,,videos/sample_001319_O1__0330__4.pt,ok,0.6170269251,0.6315397620,0.5395461666,0.5317723674,average,0.6170269251,0.5395461666,
O1/0331/1,,videos/sample_001320_O1__0331__1.pt,ok,0.5447968245,0.5636288524,0.5799596050,0.5691399869,average,0.5447968245,0.5799596050,
O1/0331/2,,videos/sample_001321_O1__0331__2.pt,ok,0.5448669195,0.5651778579,0.5799189541,0.5682590684,average,0.5448669195,0.5799189541,
O1/0331/3,,videos/sample_001322_O1__0331__3.pt,ok,0.5471208096,0.5747324228,0.5786133524,0.5628554559,average,0.5471208096,0.5786133524,
O1/0331/4,,videos/sample_001323_O1__0331__4.pt,ok,0.5477686524,0.5821412802,0.5782386233,0.5587007500,average,0.5477686524,0.5782386233,
O1/0332/1,,videos/sample_001324_O1__0332__1.pt,ok,0.5470272303,0.5861145258,0.5786675012,0.5564852988,average,0.5470272303,0.5786675012,
O1/0332/2,,videos/sample_001325_O1__0332__2.pt,ok,0.5358026624,0.5732350349,0.5851993841,0.5636989002,average,0.5358026624,0.5851993841,
O1/0332/3,,videos/sample_001326_O1__0332__3.pt,ok,0.5468744040,0.5937356949,0.5787559436,0.5522603503,average,0.5468744040,0.5787559436,
O1/0332/4,,videos/sample_001327_O1__0332__4.pt,ok,0.5456258059,0.5901128054,0.5794790285,0.5542647572,average,0.5456258059,0.5794790285,
O1/0333/1,,videos/sample_001328_O1__0333__1.pt,ok,0.6151160002,0.6310496330,0.5405781845,0.5320330683,average,0.6151160002,0.5405781845,
O1/0333/2,,videos/sample_001329_O1__0333__2.pt,ok,0.6133862138,0.6295299530,0.5415140785,0.5328422030,average,0.6133862138,0.5415140785,
O1/0333/3,,videos/sample_001330_O1__0333__3.pt,ok,0.6140816808,0.6301664114,0.5411376043,0.5325031790,average,0.6140816808,0.5411376043,
O1/0333/4,,videos/sample_001331_O1__0333__4.pt,ok,0.6150278449,0.6307203174,0.5406258414,0.5322083040,average,0.6150278449,0.5406258414,
O1/0334/1,,videos/sample_001332_O1__0334__1.pt,ok,0.6205593944,0.6380043030,0.5376435987,0.5283457907,average,0.6205593944,0.5376435987,
O1/0334/2,,videos/sample_001333_O1__0334__2.pt,ok,0.6217016578,0.6380043030,0.5370298187,0.5283457907,average,0.6217016578,0.5370298187,
O1/0334/3,,videos/sample_001334_O1__0334__3.pt,ok,0.6223724484,0.6377041936,0.5366697049,0.5285043760,average,0.6223724484,0.5366697049,
O1/0334/4,,videos/sample_001335_O1__0334__4.pt,ok,0.6220185757,0.6377041936,0.5368596513,0.5285043760,average,0.6220185757,0.5368596513,
O1/0335/1,,videos/sample_001336_O1__0335__1.pt,ok,0.6116802692,0.6291926503,0.5424386599,0.5330219624,average,0.6116802692,0.5424386599,
O1/0335/2,,videos/sample_001337_O1__0335__2.pt,ok,0.6116874814,0.6280982494,0.5424347478,0.5336056215,average,0.6116874814,0.5424347478,
O1/0335/3,,videos/sample_001338_O1__0335__3.pt,ok,0.6127845049,0.6280982494,0.5418400104,0.5336056215,average,0.6127845049,0.5418400104,
O1/0335/4,,videos/sample_001339_O1__0335__4.pt,ok,0.6128169894,0.6280208230,0.5418224093,0.5336469383,average,0.6128169894,0.5418224093,
O1/0336/1,,videos/sample_001340_O1__0336__1.pt,ok,0.6162391901,0.6306490898,0.5399713534,0.5322462133,average,0.6162391901,0.5399713534,
O1/0336/2,,videos/sample_001341_O1__0336__2.pt,ok,0.6148002744,0.6309459805,0.5407488859,0.5320882178,average,0.6148002744,0.5407488859,
O1/0336/3,,videos/sample_001342_O1__0336__3.pt,ok,0.6154185534,0.6304866076,0.5404146556,0.5323327009,average,0.6154185534,0.5404146556,
O1/0336/4,,videos/sample_001343_O1__0336__4.pt,ok,0.6139093637,0.6329081655,0.5412308595,0.5310451859,average,0.6139093637,0.5412308595,
O1/0337/1,,videos/sample_001344_O1__0337__1.pt,ok,0.5675142407,0.5976021886,0.5669329474,0.5501291619,average,0.5675142407,0.5669329474,
O1/0337/2,,videos/sample_001345_O1__0337__2.pt,ok,0.5605146885,0.5896353126,0.5709151448,0.5545294778,average,0.5605146885,0.5709151448,
O1/0337/3,,videos/sample_001346_O1__0337__3.pt,ok,0.5652129054,0.6023978591,0.5682391527,0.5474972396,average,0.5652129054,0.5682391527,
O1/0337/4,,videos/sample_001347_O1__0337__4.pt,ok,0.5665658116,0.6007702947,0.5674708982,0.5483890522,average,0.5665658116,0.5674708982,
O1/0338/1,,videos/sample_001348_O1__0338__1.pt,ok,0.5403015018,0.5576074123,0.5825725792,0.5725773678,average,0.5403015018,0.5825725792,
O1/0338/2,,videos/sample_001349_O1__0338__2.pt,ok,0.5384115577,0.5717906952,0.5836746499,0.5645136612,average,0.5384115577,0.5836746499,
O1/0338/3,,videos/sample_001350_O1__0338__3.pt,ok,0.5406123996,0.5663337111,0.5823914868,0.5676026238,average,0.5406123996,0.5823914868,
O1/0338/4,,videos/sample_001351_O1__0338__4.pt,ok,0.5308333635,0.5472173691,0.5881146521,0.5785574845,average,0.5308333635,0.5881146521,
O1/0339/1,,videos/sample_001352_O1__0339__1.pt,ok,0.5627529025,0.5906328559,0.5696387434,0.5539765864,average,0.5627529025,0.5696387434,
O1/0339/2,,videos/sample_001353_O1__0339__2.pt,ok,0.5595582128,0.5889093876,0.5714614725,0.5549321707,average,0.5595582128,0.5714614725,
O1/0339/3,,videos/sample_001354_O1__0339__3.pt,ok,0.5638682842,0.5939940214,0.5690037330,0.5521177052,average,0.5638682842,0.5690037330,
O1/0339/4,,videos/sample_001355_O1__0339__4.pt,ok,0.5640001297,0.5969648361,0.5689287174,0.5504798998,average,0.5640001297,0.5689287174,
O1/0340/1,,videos/sample_001356_O1__0340__1.pt,ok,0.6183688641,0.6491842270,0.5388226141,0.5224718214,average,0.6183688641,0.5388226141,
O1/0340/2,,videos/sample_001357_O1__0340__2.pt,ok,0.6200653911,0.6491842270,0.5379092620,0.5224718214,average,0.6200653911,0.5379092620,
O1/0340/3,,videos/sample_001358_O1__0340__3.pt,ok,0.6202905178,0.6490944028,0.5377881779,0.5225187541,average,0.6202905178,0.5377881779,
O1/0340/4,,videos/sample_001359_O1__0340__4.pt,ok,0.6206613183,0.6490944028,0.5375888027,0.5225187541,average,0.6206613183,0.5375888027,
O1/0341/1,,videos/sample_001360_O1__0341__1.pt,ok,0.6157427430,0.6295421720,0.5402394872,0.5328356923,average,0.6157427430,0.5402394872,
O1/0341/2,,videos/sample_001361_O1__0341__2.pt,ok,0.6150078773,0.6284565926,0.5406366365,0.5334144418,average,0.6150078773,0.5406366365,
O1/0341/3,,videos/sample_001362_O1__0341__3.pt,ok,0.6155815721,0.6281191707,0.5403265651,0.5335944579,average,0.6155815721,0.5403265651,
O1/0341/4,,videos/sample_001363_O1__0341__4.pt,ok,0.6148523092,0.6281191707,0.5407207489,0.5335944579,average,0.6148523092,0.5407207489,
O1/0342/1,,videos/sample_001364_O1__0342__1.pt,ok,0.5370433331,0.5555694103,0.5844737945,0.5737454716,average,0.5370433331,0.5844737945,
O1/0342/2,,videos/sample_001365_O1__0342__2.pt,ok,0.5415546298,0.5742855072,0.5818429984,0.5631070610,average,0.5415546298,0.5818429984,
O1/0342/3,,videos/sample_001366_O1__0342__3.pt,ok,0.5389379859,0.5574269295,0.5833674680,0.5726807176,average,0.5389379859,0.5833674680,
O1/0342/4,,videos/sample_001367_O1__0342__4.pt,ok,0.5417036414,0.5713141561,0.5817563035,0.5647827381,average,0.5417036414,0.5817563035,
O1/0343/1,,videos/sample_001368_O1__0343__1.pt,ok,0.5526187420,0.5836145878,0.5754409043,0.5578782180,average,0.5526187420,0.5754409043,
O1/0343/2,,videos/sample_001369_O1__0343__2.pt,ok,0.5590666533,0.5924790502,0.5717424488,0.5529547815,average,0.5590666533,0.5717424488,
O1/0343/3,,videos/sample_001370_O1__0343__3.pt,ok,0.5568701625,0.5874783993,0.5729996561,0.5557268406,average,0.5568701625,0.5729996561,
O1/0343/4,,videos/sample_001371_O1__0343__4.pt,ok,0.5598726869,0.5924790502,0.5712817909,0.5529547815,average,0.5598726869,0.5712817909,
O1/0344/1,,videos/sample_001372_O1__0344__1.pt,ok,0.6184067726,0.6333072186,0.5388021885,0.5308333130,average,0.6184067726,0.5388021885,
O1/0344/2,,videos/sample_001373_O1__0344__2.pt,ok,0.6182403564,0.6339227557,0.5388918614,0.5305066659,average,0.6182403564,0.5388918614,
O1/0344/3,,videos/sample_001374_O1__0344__3.pt,ok,0.6195614934,0.6336364746,0.5381803815,0.5306585617,average,0.6195614934,0.5381803815,
O1/0344/4,,videos/sample_001375_O1__0344__4.pt,ok,0.6193398833,0.6336330175,0.5382996609,0.5306603962,average,0.6193398833,0.5382996609,
O1/0345/1,,videos/sample_001376_O1__0345__1.pt,ok,0.6155572534,0.6467198730,0.5403397053,0.5237609647,average,0.6155572534,0.5403397053,
O1/0345/2,,videos/sample_001377_O1__0345__2.pt,ok,0.6166964173,0.6460846663,0.5397245202,0.5240937669,average,0.6166964173,0.5397245202,
O1/0345/3,,videos/sample_001378_O1__0345__3.pt,ok,0.6164727807,0.6460846663,0.5398452359,0.5240937669,average,0.6164727807,0.5398452359,
O1/0345/4,,videos/sample_001379_O1__0345__4.pt,ok,0.6137018204,0.6467198730,0.5413432001,0.5237609647,average,0.6137018204,0.5413432001,
O1/0346/1,,videos/sample_001380_O1__0346__1.pt,ok,0.5583021045,0.5945242643,0.5721797410,0.5518250263,average,0.5583021045,0.5721797410,
O1/0346/2,,videos/sample_001381_O1__0346__2.pt,ok,0.5663754344,0.6010475159,0.5675789420,0.5482370482,average,0.5663754344,0.5675789420,
O1/0346/3,,videos/sample_001382_O1__0346__3.pt,ok,0.5641810894,0.6016561389,0.5688257735,0.5479034800,average,0.5641810894,0.5688257735,
O1/0346/4,,videos/sample_001383_O1__0346__4.pt,ok,0.5641704798,0.5980095863,0.5688318086,0.5499050861,average,0.5641704798,0.5688318086,
O1/0347/1,,videos/sample_001384_O1__0347__1.pt,ok,0.6412152648,0.6604278684,0.5266520133,0.5166302375,average,0.6412152648,0.5266520133,
O1/0347/2,,videos/sample_001385_O1__0347__2.pt,ok,0.6400321126,0.6604421139,0.5272754916,0.5166228779,average,0.6400321126,0.5272754916,
O1/0347/3,,videos/sample_001386_O1__0347__3.pt,ok,0.6396108866,0.6604421139,0.5274976405,0.5166228779,average,0.6396108866,0.5274976405,
O1/0347/4,,videos/sample_001387_O1__0347__4.pt,ok,0.6409973502,0.6604278684,0.5267667910,0.5166302375,average,0.6409973502,0.5267667910,
O1/0348/1,,videos/sample_001388_O1__0348__1.pt,ok,0.5567366481,0.5906656384,0.5730761649,0.5539584260,average,0.5567366481,0.5730761649,
O1/0348/2,,videos/sample_001389_O1__0348__2.pt,ok,0.5425319672,0.5722387433,0.5812746193,0.5642607886,average,0.5425319672,0.5812746193,
O1/0348/3,,videos/sample_001390_O1__0348__3.pt,ok,0.5484587550,0.5867765546,0.5778397170,0.5561170115,average,0.5484587550,0.5778397170,
O1/0348/4,,videos/sample_001391_O1__0348__4.pt,ok,0.5572081804,0.5894836783,0.5728060046,0.5546135698,average,0.5572081804,0.5728060046,
O1/0349/1,,videos/sample_001392_O1__0349__1.pt,ok,0.5622831583,0.5841395259,0.5699063908,0.5575854433,average,0.5622831583,0.5699063908,
O1/0349/2,,videos/sample_001393_O1__0349__2.pt,ok,0.5601764917,0.5818240047,0.5711082591,0.5588780402,average,0.5601764917,0.5711082591,
O1/0349/3,,videos/sample_001394_O1__0349__3.pt,ok,0.5610598922,0.5829023123,0.5706039646,0.5582757225,average,0.5610598922,0.5706039646,
O1/0349/4,,videos/sample_001395_O1__0349__4.pt,ok,0.5626741052,0.5859048963,0.5696836312,0.5566019668,average,0.5626741052,0.5696836312,
O1/0350/1,,videos/sample_001396_O1__0350__1.pt,ok,0.6217964888,0.6383786201,0.5369788940,0.5281480588,average,0.6217964888,0.5369788940,
O1/0350/2,,videos/sample_001397_O1__0350__2.pt,ok,0.6224849224,0.6383786201,0.5366093469,0.5281480588,average,0.6224849224,0.5366093469,
O1/0350/3,,videos/sample_001398_O1__0350__3.pt,ok,0.6212310195,0.6376905441,0.5372826249,0.5285115899,average,0.6212310195,0.5372826249,
O1/0350/4,,videos/sample_001399_O1__0350__4.pt,ok,0.6224482059,0.6376905441,0.5366290497,0.5285115899,average,0.6224482059,0.5366290497,
O1/0351/1,,videos/sample_001400_O1__0351__1.pt,ok,0.5587030053,0.5934880376,0.5719503996,0.5523971385,average,0.5587030053,0.5719503996,
O1/0351/2,,videos/sample_001401_O1__0351__2.pt,ok,0.5610232949,0.5968083739,0.5706248475,0.5505660358,average,0.5610232949,0.5706248475,
O1/0351/3,,videos/sample_001402_O1__0351__3.pt,ok,0.5536715984,0.5834869742,0.5748353664,0.5579494153,average,0.5536715984,0.5748353664,
O1/0351/4,,videos/sample_001403_O1__0351__4.pt,ok,0.5600031018,0.5942705274,0.5712072921,0.5519650625,average,0.5600031018,0.5712072921,
O1/0352/1,,videos/sample_001404_O1__0352__1.pt,ok,0.5832972527,0.6116437912,0.5580552804,0.5424584474,average,0.5832972527,0.5580552804,
O1/0352/2,,videos/sample_001405_O1__0352__2.pt,ok,0.5827143788,0.6067562103,0.5583806510,0.5451162467,average,0.5827143788,0.5583806510,
O1/0352/3,,videos/sample_001406_O1__0352__3.pt,ok,0.5825868249,0.6070424914,0.5584518792,0.5449602126,average,0.5825868249,0.5584518792,
O1/0352/4,,videos/sample_001407_O1__0352__4.pt,ok,0.5808360577,0.6019517183,0.5594304549,0.5477415550,average,0.5808360577,0.5594304549,
O1/0353/1,,videos/sample_001408_O1__0353__1.pt,ok,0.6119957566,0.6279924512,0.5422675544,0.5336620790,average,0.6119957566,0.5422675544,
O1/0353/2,,videos/sample_001409_O1__0353__2.pt,ok,0.6099282503,0.6279924512,0.5433898557,0.5336620790,average,0.6099282503,0.5433898557,
O1/0353/3,,videos/sample_001410_O1__0353__3.pt,ok,0.6116777658,0.6275801659,0.5424400179,0.5338821454,average,0.6116777658,0.5424400179,
O1/0353/4,,videos/sample_001411_O1__0353__4.pt,ok,0.6127789021,0.6275801659,0.5418430462,0.5338821454,average,0.6127789021,0.5418430462,
O1/0354/1,,videos/sample_001412_O1__0354__1.pt,ok,0.6114678979,0.6264474988,0.5425538706,0.5344871987,average,0.6114678979,0.5425538706,
O1/0354/2,,videos/sample_001413_O1__0354__2.pt,ok,0.6081007123,0.6274058223,0.5443838293,0.5339752325,average,0.6081007123,0.5443838293,
O1/0354/3,,videos/sample_001414_O1__0354__3.pt,ok,0.6101474762,0.6269077659,0.5432707437,0.5342412485,average,0.6101474762,0.5432707437,
O1/0354/4,,videos/sample_001415_O1__0354__4.pt,ok,0.6103102565,0.6269390583,0.5431823171,0.5342245310,average,0.6103102565,0.5431823171,
O1/0355/1,,videos/sample_001416_O1__0355__1.pt,ok,0.5542895198,0.5906560421,0.5744802731,0.5539637420,average,0.5542895198,0.5744802731,
O1/0355/2,,videos/sample_001417_O1__0355__2.pt,ok,0.5435972214,0.5821629167,0.5806557438,0.5586886618,average,0.5435972214,0.5806557438,
O1/0355/3,,videos/sample_001418_O1__0355__3.pt,ok,0.5538564920,0.5963765979,0.5747290929,0.5508038084,average,0.5538564920,0.5747290929,
O1/0355/4,,videos/sample_001419_O1__0355__4.pt,ok,0.5564212799,0.5954885483,0.5732569234,0.5512931667,average,0.5564212799,0.5732569234,
O1/0356/1,,videos/sample_001420_O1__0356__1.pt,ok,0.5650946498,0.5903235078,0.5683063541,0.5541479845,average,0.5650946498,0.5683063541,
O1/0356/2,,videos/sample_001421_O1__0356__2.pt,ok,0.5630183220,0.5850212574,0.5694875703,0.5570940193,average,0.5630183220,0.5694875703,
O1/0356/3,,videos/sample_001422_O1__0356__3.pt,ok,0.5656487346,0.5914700627,0.5679915515,0.5535129875,average,0.5656487346,0.5679915515,
O1/0356/4,,videos/sample_001423_O1__0356__4.pt,ok,0.5638488531,0.5858289003,0.5690147895,0.5566442679,average,0.5638488531,0.5690147895,
O1/0357/1,,videos/sample_001424_O1__0357__1.pt,ok,0.6191668510,0.6487397552,0.5383928122,0.5227040970,average,0.6191668510,0.5383928122,
O1/0357/2,,videos/sample_001425_O1__0357__2.pt,ok,0.6189274192,0.6487397552,0.5385217360,0.5227040970,average,0.6189274192,0.5385217360,
O1/0357/3,,videos/sample_001426_O1__0357__3.pt,ok,0.6185977459,0.6492793560,0.5386993015,0.5224221215,average,0.6185977459,0.5386993015,
O1/0357/4,,videos/sample_001427_O1__0357__4.pt,ok,0.6195433736,0.6492793560,0.5381901333,0.5224221215,average,0.6195433736,0.5381901333,
O1/0358/1,,videos/sample_001428_O1__0358__1.pt,ok,0.5560435057,0.5934260488,0.5734735260,0.5524313820,average,0.5560435057,0.5734735260,
O1/0358/2,,videos/sample_001429_O1__0358__2.pt,ok,0.5555985570,0.5938131213,0.5737287490,0.5522175924,average,0.5555985570,0.5737287490,
O1/0358/3,,videos/sample_001430_O1__0358__3.pt,ok,0.5553571582,0.5900547504,0.5738672632,0.5542969359,average,0.5553571582,0.5738672632,
O1/0358/4,,videos/sample_001431_O1__0358__4.pt,ok,0.5508232117,0.5884488821,0.5764750540,0.5551877789,average,0.5508232117,0.5764750540,
O1/0359/1,,videos/sample_001432_O1__0359__1.pt,ok,0.5604301691,0.5861827135,0.5709634002,0.5564473547,average,0.5604301691,0.5709634002,
O1/0359/2,,videos/sample_001433_O1__0359__2.pt,ok,0.5604237318,0.5892055035,0.5709670757,0.5547678708,average,0.5604237318,0.5709670757,
O1/0359/3,,videos/sample_001434_O1__0359__3.pt,ok,0.5605395436,0.5873075724,0.5709009548,0.5558217818,average,0.5605395436,0.5709009548,
O1/0359/4,,videos/sample_001435_O1__0359__4.pt,ok,0.5585290194,0.5865243673,0.5720499196,0.5562572748,average,0.5585290194,0.5720499196,
O1/0360/1,,videos/sample_001436_O1__0360__1.pt,ok,0.6131199002,0.6425422430,0.5416583103,0.5259536211,average,0.6131199002,0.5416583103,
O1/0360/2,,videos/sample_001437_O1__0360__2.pt,ok,0.6133182049,0.6414134502,0.5415509075,0.5265476489,average,0.6133182049,0.5415509075,
O1/0360/3,,videos/sample_001438_O1__0360__3.pt,ok,0.6112194657,0.6414134502,0.5426886752,0.5265476489,average,0.6112194657,0.5426886752,
O1/0360/4,,videos/sample_001439_O1__0360__4.pt,ok,0.6136502624,0.6425422430,0.5413711114,0.5259536211,average,0.6136502624,0.5413711114,
O1/0361/1,,videos/sample_001440_O1__0361__1.pt,ok,0.5598799586,0.5938528776,0.5712776367,0.5521956387,average,0.5598799586,0.5712776367,
O1/0361/2,,videos/sample_001441_O1__0361__2.pt,ok,0.5599054098,0.5953379273,0.5712630972,0.5513762093,average,0.5599054098,0.5712630972,
O1/0361/3,,videos/sample_001442_O1__0361__3.pt,ok,0.5623109937,0.5957847238,0.5698905275,0.5511299114,average,0.5623109937,0.5698905275,
O1/0361/4,,videos/sample_001443_O1__0361__4.pt,ok,0.5544559360,0.5869179964,0.5743846783,0.5560383588,average,0.5544559360,0.5743846783,
O1/0362/1,,videos/sample_001444_O1__0362__1.pt,ok,0.5670444965,0.5973183513,0.5671993235,0.5502853312,average,0.5670444965,0.5671993235,
O1/0362/2,,videos/sample_001445_O1__0362__2.pt,ok,0.5679852366,0.6122022271,0.5666659872,0.5421556037,average,0.5679852366,0.5666659872,
O1/0362/3,,videos/sample_001446_O1__0362__3.pt,ok,0.5702853203,0.6051395535,0.5653641058,0.5459982253,average,0.5702853203,0.5653641058,
O1/0362/4,,videos/sample_001447_O1__0362__4.pt,ok,0.5579864383,0.5922303796,0.5723603873,0.5530923022,average,0.5579864383,0.5723603873,
O1/0363/1,,videos/sample_001448_O1__0363__1.pt,ok,0.6080743670,0.6382784843,0.5443981714,0.5282009480,average,0.6080743670,0.5443981714,
O1/0363/2,,videos/sample_001449_O1__0363__2.pt,ok,0.6078764796,0.6382784843,0.5445059117,0.5282009480,average,0.6078764796,0.5445059117,
O1/0363/3,,videos/sample_001450_O1__0363__3.pt,ok,0.6079392433,0.6392664313,0.5444717375,0.5276793712,average,0.6079392433,0.5444717375,
O1/0363/4,,videos/sample_001451_O1__0363__4.pt,ok,0.6059658527,0.6392664313,0.5455472538,0.5276793712,average,0.6059658527,0.5455472538,
O1/0364/1,,videos/sample_001452_O1__0364__1.pt,ok,0.5721626878,0.6062496901,0.5643037053,0.5453924291,average,0.5721626878,0.5643037053,
O1/0364/2,,videos/sample_001453_O1__0364__2.pt,ok,0.5725011230,0.6060603261,0.5641127574,0.5454957165,average,0.5725011230,0.5641127574,
O1/0364/3,,videos/sample_001454_O1__0364__3.pt,ok,0.5716454983,0.6150028110,0.5645956328,0.5406393756,average,0.5716454983,0.5645956328,
O1/0364/4,,videos/sample_001455_O1__0364__4.pt,ok,0.5629785061,0.5962321162,0.5695102454,0.5508833952,average,0.5629785061,0.5695102454,
O1/0365/1,,videos/sample_001456_O1__0365__1.pt,ok,0.6201487184,0.6350170970,0.5378644413,0.5299264281,average,0.6201487184,0.5378644413,
O1/0365/2,,videos/sample_001457_O1__0365__2.pt,ok,0.6192406416,0.6326336265,0.5383530854,0.5311909986,average,0.6192406416,0.5383530854,
O1/0365/3,,videos/sample_001458_O1__0365__3.pt,ok,0.6187952161,0.6336412430,0.5385929350,0.5306560313,average,0.6187952161,0.5385929350,
O1/0365/4,,videos/sample_001459_O1__0365__4.pt,ok,0.6177921295,0.6335722804,0.5391334614,0.5306926280,average,0.6177921295,0.5391334614,
O1/0366/1,,videos/sample_001460_O1__0366__1.pt,ok,0.5372648835,0.5784326196,0.5843443184,0.5607766284,average,0.5372648835,0.5843443184,
O1/0366/2,,videos/sample_001461_O1__0366__2.pt,ok,0.5457430482,0.5901234746,0.5794110930,0.5542588436,average,0.5457430482,0.5794110930,
O1/0366/3,,videos/sample_001462_O1__0366__3.pt,ok,0.5459609628,0.5896774530,0.5792848446,0.5545061102,average,0.5459609628,0.5792848446,
O1/0366/4,,videos/sample_001463_O1__0366__4.pt,ok,0.5442193151,0.5946025252,0.5802946338,0.5517818416,average,0.5442193151,0.5802946338,
O1/0367/1,,videos/sample_001464_O1__0367__1.pt,ok,0.5970982909,0.6141458154,0.5504064405,0.5411028997,average,0.5970982909,0.5504064405,
O1/0367/2,,videos/sample_001465_O1__0367__2.pt,ok,0.5987867713,0.6152067780,0.5494778742,0.5405291142,average,0.5987867713,0.5494778742,
O1/0367/3,,videos/sample_001466_O1__0367__3.pt,ok,0.5973353386,0.6150318980,0.5502759834,0.5406236502,average,0.5973353386,0.5502759834,
O1/0367/4,,videos/sample_001467_O1__0367__4.pt,ok,0.5982363820,0.6154465079,0.5497803842,0.5403995487,average,0.5982363820,0.5497803842,
O1/0368/1,,videos/sample_001468_O1__0368__1.pt,ok,0.6280796528,0.6491058469,0.5336155448,0.5225127744,average,0.6280796528,0.5336155448,
O1/0368/2,,videos/sample_001469_O1__0368__2.pt,ok,0.6274322271,0.6484668851,0.5339611331,0.5228467468,average,0.6274322271,0.5339611331,
O1/0368/3,,videos/sample_001470_O1__0368__3.pt,ok,0.6265819669,0.6484668851,0.5344153321,0.5228467468,average,0.6265819669,0.5344153321,
O1/0368/4,,videos/sample_001471_O1__0368__4.pt,ok,0.6280052662,0.6491058469,0.5336552402,0.5225127744,average,0.6280052662,0.5336552402,
O1/0369/1,,videos/sample_001472_O1__0369__1.pt,ok,0.5799589157,0.6018229723,0.5599213701,0.5478120790,average,0.5799589157,0.5599213701,
O1/0369/2,,videos/sample_001473_O1__0369__2.pt,ok,0.5901246071,0.6127673984,0.5542582159,0.5418492795,average,0.5901246071,0.5542582159,
O1/0369/3,,videos/sample_001474_O1__0369__3.pt,ok,0.5864305496,0.6184315681,0.5563094640,0.5387888288,average,0.5864305496,0.5563094640,
O1/0369/4,,videos/sample_001475_O1__0369__4.pt,ok,0.5897836685,0.6130224466,0.5544472161,0.5417110994,average,0.5897836685,0.5544472161,
O1/0370/1,,videos/sample_001476_O1__0370__1.pt,ok,0.5476796031,0.5936161280,0.5782901174,0.5523263863,average,0.5476796031,0.5782901174,
O1/0370/2,,videos/sample_001477_O1__0370__2.pt,ok,0.5482032895,0.5821930766,0.5779873540,0.5586718120,average,0.5482032895,0.5779873540,
O1/0370/3,,videos/sample_001478_O1__0370__3.pt,ok,0.5450885296,0.5760091543,0.5797904525,0.5621372992,average,0.5450885296,0.5797904525,
O1/0370/4,,videos/sample_001479_O1__0370__4.pt,ok,0.5306593180,0.5467616916,0.5882170197,0.5788211802,average,0.5306593180,0.5882170197,
O1/0371/1,,videos/sample_001480_O1__0371__1.pt,ok,0.5614697337,0.5985737443,0.5703701553,0.5495949403,average,0.5614697337,0.5703701553,
O1/0371/2,,videos/sample_001481_O1__0371__2.pt,ok,0.5579236746,0.5959100723,0.5723963119,0.5510608324,average,0.5579236746,0.5723963119,
O1/0371/3,,videos/sample_001482_O1__0371__3.pt,ok,0.5625016093,0.5990633965,0.5697819078,0.5493258958,average,0.5625016093,0.5697819078,
O1/0371/4,,videos/sample_001483_O1__0371__4.pt,ok,0.5622282028,0.5987821221,0.5699377111,0.5494804288,average,0.5622282028,0.5699377111,
O1/0372/1,,videos/sample_001484_O1__0372__1.pt,ok,0.5426909328,0.5561372042,0.5811822240,0.5734197949,average,0.5426909328,0.5811822240,
O1/0372/2,,videos/sample_001485_O1__0372__2.pt,ok,0.5475896597,0.5753918886,0.5783421331,0.5624843944,average,0.5475896597,0.5783421331,
O1/0372/3,,videos/sample_001486_O1__0372__3.pt,ok,0.5508121848,0.5801352859,0.5764814107,0.5598226254,average,0.5508121848,0.5764814107,
O1/0372/4,,videos/sample_001487_O1__0372__4.pt,ok,0.5470774770,0.5624602437,0.5786384258,0.5698054776,average,0.5470774770,0.5786384258,
O1/0373/1,,videos/sample_001488_O1__0373__1.pt,ok,0.5495427847,0.5798189640,0.5772136610,0.5599997375,average,0.5495427847,0.5772136610,
O1/0373/2,,videos/sample_001489_O1__0373__2.pt,ok,0.5482977629,0.5868349075,0.5779327521,0.5560845614,average,0.5482977629,0.5779327521,
O1/0373/3,,videos/sample_001490_O1__0373__3.pt,ok,0.5328875184,0.5492106676,0.5869078135,0.5774053953,average,0.5328875184,0.5869078135,
O1/0373/4,,videos/sample_001491_O1__0373__4.pt,ok,0.5502896309,0.5853240490,0.5767827321,0.5569253615,average,0.5502896309,0.5767827321,
O1/0374/1,,videos/sample_001492_O1__0374__1.pt,ok,0.6149610877,0.6423184872,0.5406619333,0.5260713194,average,0.6149610877,0.5406619333,
O1/0374/2,,videos/sample_001493_O1__0374__2.pt,ok,0.6144335866,0.6428927183,0.5409472083,0.5257693196,average,0.6144335866,0.5409472083,
O1/0374/3,,videos/sample_001494_O1__0374__3.pt,ok,0.6128733754,0.6428927183,0.5417918589,0.5257693196,average,0.6128733754,0.5417918589,
O1/0374/4,,videos/sample_001495_O1__0374__4.pt,ok,0.6146451831,0.6423184872,0.5408327579,0.5260713194,average,0.6146451831,0.5408327579,
O1/0375/1,,videos/sample_001496_O1__0375__1.pt,ok,0.6070808768,0.6252315640,0.5449392945,0.5351374956,average,0.6070808768,0.5449392945,
O1/0375/2,,videos/sample_001497_O1__0375__2.pt,ok,0.6077984571,0.6262470484,0.5445483970,0.5345943477,average,0.6077984571,0.5445483970,
O1/0375/3,,videos/sample_001498_O1__0375__3.pt,ok,0.6091749668,0.6268402934,0.5437993365,0.5342772963,average,0.6091749668,0.5437993365,
O1/0375/4,,videos/sample_001499_O1__0375__4.pt,ok,0.6092066169,0.6267175078,0.5437821255,0.5343429018,average,0.6092066169,0.5437821255,
O1/0376/1,,videos/sample_001500_O1__0376__1.pt,ok,0.6216912866,0.6325690746,0.5370353883,0.5312252890,average,0.6216912866,0.5370353883,
O1/0376/2,,videos/sample_001501_O1__0376__2.pt,ok,0.6198154092,0.6330753565,0.5380437464,0.5309564074,average,0.6198154092,0.5380437464,
O1/0376/3,,videos/sample_001502_O1__0376__3.pt,ok,0.6221309900,0.6325690746,0.5367993039,0.5312252890,average,0.6221309900,0.5367993039,
O1/0376/4,,videos/sample_001503_O1__0376__4.pt,ok,0.6211876869,0.6330753565,0.5373059073,0.5309564074,average,0.6211876869,0.5373059073,
O1/0377/1,,videos/sample_001504_O1__0377__1.pt,ok,0.5482894778,0.5914345384,0.5779375404,0.5535326511,average,0.5482894778,0.5779375404,
O1/0377/2,,videos/sample_001505_O1__0377__2.pt,ok,0.5458491445,0.5925737023,0.5793496229,0.5529024456,average,0.5458491445,0.5793496229,
O1/0377/3,,videos/sample_001506_O1__0377__3.pt,ok,0.5488271713,0.5908800960,0.5776268706,0.5538396382,average,0.5488271713,0.5776268706,
O1/0377/4,,videos/sample_001507_O1__0377__4.pt,ok,0.5415905118,0.5864626169,0.5818221211,0.5562916250,average,0.5415905118,0.5818221211,
O1/0378/1,,videos/sample_001508_O1__0378__1.pt,ok,0.6117237806,0.6273422837,0.5424150582,0.5340091615,average,0.6117237806,0.5424150582,
O1/0378/2,,videos/sample_001509_O1__0378__2.pt,ok,0.6104966402,0.6277453303,0.5430810862,0.5337939743,average,0.6104966402,0.5430810862,
O1/0378/3,,videos/sample_001510_O1__0378__3.pt,ok,0.6102973223,0.6260883212,0.5431893428,0.5346792090,average,0.6102973223,0.5431893428,
O1/0378/4,,videos/sample_001511_O1__0378__4.pt,ok,0.6088049412,0.6266151667,0.5440005935,0.5343975899,average,0.6088049412,0.5440005935,
O1/0379/1,,videos/sample_001512_O1__0379__1.pt,ok,0.5849990845,0.6049548984,0.5571063719,0.5460990560,average,0.5849990845,0.5571063719,
O1/0379/2,,videos/sample_001513_O1__0379__2.pt,ok,0.5832477808,0.6020410061,0.5580828891,0.5476926505,average,0.5832477808,0.5580828891,
O1/0379/3,,videos/sample_001514_O1__0379__3.pt,ok,0.5843045115,0.6022726893,0.5574934573,0.5475657740,average,0.5843045115,0.5574934573,
O1/0379/4,,videos/sample_001515_O1__0379__4.pt,ok,0.5843961835,0.6022726893,0.5574423531,0.5475657740,average,0.5843961835,0.5574423531,
O1/0380/1,,videos/sample_001516_O1__0380__1.pt,ok,0.6136795282,0.6275476813,0.5413552679,0.5338994886,average,0.6136795282,0.5413552679,
O1/0380/2,,videos/sample_001517_O1__0380__2.pt,ok,0.6154466271,0.6290484071,0.5403994843,0.5330988528,average,0.6154466271,0.5403994843,
O1/0380/3,,videos/sample_001518_O1__0380__3.pt,ok,0.6160243154,0.6318359375,0.5400873921,0.5316148928,average,0.6160243154,0.5400873921,
O1/0380/4,,videos/sample_001519_O1__0380__4.pt,ok,0.6149436235,0.6316181421,0.5406713756,0.5317306887,average,0.6149436235,0.5406713756,
O1/0381/1,,videos/sample_001520_O1__0381__1.pt,ok,0.5495262146,0.5780034065,0.5772232255,0.5610173727,average,0.5495262146,0.5772232255,
O1/0381/2,,videos/sample_001521_O1__0381__2.pt,ok,0.5478322506,0.5665228367,0.5782018496,0.5674952858,average,0.5478322506,0.5782018496,
O1/0381/3,,videos/sample_001522_O1__0381__3.pt,ok,0.5476481915,0.5651177764,0.5783082827,0.5682932113,average,0.5476481915,0.5783082827,
O1/0381/4,,videos/sample_001523_O1__0381__4.pt,ok,0.5487254262,0.5753540397,0.5776856443,0.5625056842,average,0.5487254262,0.5776856443,
O1/0382/1,,videos/sample_001524_O1__0382__1.pt,ok,0.5705757141,0.5946091413,0.5651999514,0.5517781910,average,0.5705757141,0.5651999514,
O1/0382/2,,videos/sample_001525_O1__0382__2.pt,ok,0.5695044398,0.5946091413,0.5658057600,0.5517781910,average,0.5695044398,0.5658057600,
O1/0382/3,,videos/sample_001526_O1__0382__3.pt,ok,0.5703929663,0.5939992070,0.5653032499,0.5521148421,average,0.5703929663,0.5653032499,
O1/0382/4,,videos/sample_001527_O1__0382__4.pt,ok,0.5714014173,0.5962733626,0.5647334567,0.5508606737,average,0.5714014173,0.5647334567,
O1/0383/1,,videos/sample_001528_O1__0383__1.pt,ok,0.5579306483,0.5893698931,0.5723923201,0.5546766803,average,0.5579306483,0.5723923201,
O1/0383/2,,videos/sample_001529_O1__0383__2.pt,ok,0.5615161061,0.5954623222,0.5703437064,0.5513076252,average,0.5615161061,0.5703437064,
O1/0383/3,,videos/sample_001530_O1__0383__3.pt,ok,0.5602006316,0.5910648108,0.5710944727,0.5537373452,average,0.5602006316,0.5710944727,
O1/0383/4,,videos/sample_001531_O1__0383__4.pt,ok,0.5618756413,0.5947754383,0.5701386846,0.5516864396,average,0.5618756413,0.5701386846,
O1/0384/1,,videos/sample_001532_O1__0384__1.pt,ok,0.5264953375,0.5470886230,0.5906714505,0.5786319763,average,0.5264953375,0.5906714505,
O1/0384/2,,videos/sample_001533_O1__0384__2.pt,ok,0.5381575823,0.5793526173,0.5838229078,0.5602609525,average,0.5381575823,0.5838229078,
O1/0384/3,,videos/sample_001534_O1__0384__3.pt,ok,0.5355612636,0.5706057549,0.5853406675,0.5651829727,average,0.5355612636,0.5853406675,
O1/0384/4,,videos/sample_001535_O1__0384__4.pt,ok,0.5379545689,0.5707938075,0.5839414437,0.5650766985,average,0.5379545689,0.5839414437,
O1/0385/1,,videos/sample_001536_O1__0385__1.pt,ok,0.5513754487,0.5781112909,0.5761567910,0.5609568510,average,0.5513754487,0.5761567910,
O1/0385/2,,videos/sample_001537_O1__0385__2.pt,ok,0.5423201323,0.5611982346,0.5813977666,0.5705250313,average,0.5423201323,0.5813977666,
O1/0385/3,,videos/sample_001538_O1__0385__3.pt,ok,0.5501378179,0.5757221580,0.5768703019,0.5622986537,average,0.5501378179,0.5768703019,
O1/0385/4,,videos/sample_001539_O1__0385__4.pt,ok,0.5478093028,0.5818565488,0.5782151182,0.5588598523,average,0.5478093028,0.5782151182,
O1/0386/1,,videos/sample_001540_O1__0386__1.pt,ok,0.6218439341,0.6498012543,0.5369534175,0.5221495414,average,0.6218439341,0.5369534175,
O1/0386/2,,videos/sample_001541_O1__0386__2.pt,ok,0.6209431291,0.6498012543,0.5374373257,0.5221495414,average,0.6209431291,0.5374373257,
O1/0386/3,,videos/sample_001542_O1__0386__3.pt,ok,0.6192373037,0.6479945779,0.5383548823,0.5230937494,average,0.6192373037,0.5383548823,
O1/0386/4,,videos/sample_001543_O1__0386__4.pt,ok,0.6214175224,0.6479945779,0.5371824295,0.5230937494,average,0.6214175224,0.5371824295,
O1/0387/1,,videos/sample_001544_O1__0387__1.pt,ok,0.5760718584,0.5964336991,0.5621020520,0.5507723577,average,0.5760718584,0.5621020520,
O1/0387/2,,videos/sample_001545_O1__0387__2.pt,ok,0.5770654082,0.5986325741,0.5615438529,0.5495626087,average,0.5770654082,0.5615438529,
O1/0387/3,,videos/sample_001546_O1__0387__3.pt,ok,0.5777841806,0.5973929167,0.5611403757,0.5502443005,average,0.5777841806,0.5611403757,
O1/0387/4,,videos/sample_001547_O1__0387__4.pt,ok,0.5781667233,0.6008594632,0.5609257567,0.5483401553,average,0.5781667233,0.5609257567,
O1/0388/1,,videos/sample_001548_O1__0388__1.pt,ok,0.5528469682,0.5919257402,0.5753095886,0.5532608216,average,0.5528469682,0.5753095886,
O1/0388/2,,videos/sample_001549_O1__0388__2.pt,ok,0.5518053770,0.5850256681,0.5759091381,0.5570915621,average,0.5518053770,0.5759091381,
O1/0388/3,,videos/sample_001550_O1__0388__3.pt,ok,0.5423201323,0.5611982346,0.5813977666,0.5705250313,average,0.5423201323,0.5813977666,
O1/0388/4,,videos/sample_001551_O1__0388__4.pt,ok,0.5561022758,0.5879393220,0.5734398238,0.5554707525,average,0.5561022758,0.5734398238,
O1/0389/1,,videos/sample_001552_O1__0389__1.pt,ok,0.5478456616,0.5669813156,0.5781940953,0.5672351608,average,0.5478456616,0.5781940953,
O1/0389/2,,videos/sample_001553_O1__0389__2.pt,ok,0.5436283946,0.5625453591,0.5806376431,0.5697569805,average,0.5436283946,0.5806376431,
O1/0389/3,,videos/sample_001554_O1__0389__3.pt,ok,0.5446895957,0.5677721500,0.5800217967,0.5667867490,average,0.5446895957,0.5800217967,
O1/0389/4,,videos/sample_001555_O1__0389__4.pt,ok,0.5489624143,0.5720779300,0.5775487559,0.5643515365,average,0.5489624143,0.5775487559,
O1/0390/1,,videos/sample_001556_O1__0390__1.pt,ok,0.5471606851,0.5818974376,0.5785902804,0.5588370016,average,0.5471606851,0.5785902804,
O1/0390/2,,videos/sample_001557_O1__0390__2.pt,ok,0.5537459254,0.5969025493,0.5747926422,0.5505141885,average,0.5537459254,0.5747926422,
O1/0390/3,,videos/sample_001558_O1__0390__3.pt,ok,0.5514456034,0.5909060836,0.5761163723,0.5538252454,average,0.5514456034,0.5761163723,
O1/0390/4,,videos/sample_001559_O1__0390__4.pt,ok,0.5540429950,0.5926285386,0.5746219142,0.5528721274,average,0.5540429950,0.5746219142,
O1/0391/1,,videos/sample_001560_O1__0391__1.pt,ok,0.5382744670,0.5815023780,0.5837546718,0.5590578192,average,0.5382744670,0.5837546718,
O1/0391/2,,videos/sample_001561_O1__0391__2.pt,ok,0.5421431065,0.5807182193,0.5815006981,0.5594963811,average,0.5421431065,0.5815006981,
O1/0391/3,,videos/sample_001562_O1__0391__3.pt,ok,0.5407381654,0.5831733942,0.5823182465,0.5581244046,average,0.5407381654,0.5823182465,
O1/0391/4,,videos/sample_001563_O1__0391__4.pt,ok,0.5332973003,0.5705469251,0.5866673585,0.5652162232,average,0.5332973003,0.5866673585,
O1/0392/1,,videos/sample_001564_O1__0392__1.pt,ok,0.5499277711,0.5769689679,0.5769914843,0.5615980110,average,0.5499277711,0.5769914843,
O1/0392/2,,videos/sample_001565_O1__0392__2.pt,ok,0.5607901812,0.5972663760,0.5707578835,0.5503139332,average,0.5607901812,0.5707578835,
O1/0392/3,,videos/sample_001566_O1__0392__3.pt,ok,0.5612364411,0.5909737349,0.5705032339,0.5537877796,average,0.5612364411,0.5705032339,
O1/0392/4,,videos/sample_001567_O1__0392__4.pt,ok,0.5598391294,0.5858408213,0.5713009620,0.5566376322,average,0.5598391294,0.5713009620,
O1/0393/1,,videos/sample_001568_O1__0393__1.pt,ok,0.5681540370,0.6010090113,0.5665703419,0.5482581582,average,0.5681540370,0.5665703419,
O1/0393/2,,videos/sample_001569_O1__0393__2.pt,ok,0.5683661103,0.6020278335,0.5664502001,0.5476998651,average,0.5683661103,0.5664502001,
O1/0393/3,,videos/sample_001570_O1__0393__3.pt,ok,0.5620037913,0.5968745351,0.5700656261,0.5505296109,average,0.5620037913,0.5700656261,
O1/0393/4,,videos/sample_001571_O1__0393__4.pt,ok,0.5671414137,0.6016939282,0.5671443548,0.5478827755,average,0.5671414137,0.5671443548,
O1/0394/1,,videos/sample_001572_O1__0394__1.pt,ok,0.6167625189,0.6331135631,0.5396888448,0.5309361217,average,0.6167625189,0.5396888448,
O1/0394/2,,videos/sample_001573_O1__0394__2.pt,ok,0.6157846451,0.6336346865,0.5402168505,0.5306595106,average,0.6157846451,0.5402168505,
O1/0394/3,,videos/sample_001574_O1__0394__3.pt,ok,0.6178222299,0.6336346865,0.5391172335,0.5306595106,average,0.6178222299,0.5391172335,
O1/0394/4,,videos/sample_001575_O1__0394__4.pt,ok,0.6177650094,0.6331135631,0.5391480829,0.5309361217,average,0.6177650094,0.5391480829,
O1/0395/1,,videos/sample_001576_O1__0395__1.pt,ok,0.5567250252,0.5871539116,0.5730828257,0.5559071964,average,0.5567250252,0.5730828257,
O1/0395/2,,videos/sample_001577_O1__0395__2.pt,ok,0.5547011495,0.5871539116,0.5742438486,0.5559071964,average,0.5547011495,0.5742438486,
O1/0395/3,,videos/sample_001578_O1__0395__3.pt,ok,0.5614446998,0.5957345366,0.5703844341,0.5511575717,average,0.5614446998,0.5703844341,
O1/0395/4,,videos/sample_001579_O1__0395__4.pt,ok,0.5610879064,0.5957345366,0.5705879798,0.5511575717,average,0.5610879064,0.5705879798,
O1/0396/1,,videos/sample_001580_O1__0396__1.pt,ok,0.5421197414,0.5555330515,0.5815142851,0.5737663327,average,0.5421197414,0.5815142851,
O1/0396/2,,videos/sample_001581_O1__0396__2.pt,ok,0.5414038897,0.5553219318,0.5819307121,0.5738874788,average,0.5414038897,0.5819307121,
O1/0396/3,,videos/sample_001582_O1__0396__3.pt,ok,0.5441769958,0.5668305755,0.5803191920,0.5673206723,average,0.5441769958,0.5803191920,
O1/0396/4,,videos/sample_001583_O1__0396__4.pt,ok,0.5448116064,0.5719841123,0.5799510321,0.5644044852,average,0.5448116064,0.5799510321,
O1/0397/1,,videos/sample_001584_O1__0397__1.pt,ok,0.5471509099,0.5712109804,0.5785959362,0.5648410130,average,0.5471509099,0.5785959362,
O1/0397/2,,videos/sample_001585_O1__0397__2.pt,ok,0.5457636714,0.5692585707,0.5793991438,0.5659448913,average,0.5457636714,0.5793991438,
O1/0397/3,,videos/sample_001586_O1__0397__3.pt,ok,0.5459077954,0.5695450902,0.5793156445,0.5657827603,average,0.5459077954,0.5793156445,
O1/0397/4,,videos/sample_001587_O1__0397__4.pt,ok,0.5475322604,0.5742048025,0.5783753304,0.5631525083,average,0.5475322604,0.5783753304,
O1/0398/1,,videos/sample_001588_O1__0398__1.pt,ok,0.5854883790,0.6041134000,0.5568338494,0.5465587909,average,0.5854883790,0.5568338494,
O1/0398/2,,videos/sample_001589_O1__0398__2.pt,ok,0.5858885646,0.6051964760,0.5566110571,0.5459671467,average,0.5858885646,0.5566110571,
O1/0398/3,,videos/sample_001590_O1__0398__3.pt,ok,0.5847622156,0.6041134000,0.5572383486,0.5465587909,average,0.5847622156,0.5572383486,
O1/0398/4,,videos/sample_001591_O1__0398__4.pt,ok,0.5847789645,0.6051964760,0.5572290156,0.5459671467,average,0.5847789645,0.5572290156,
O1/0399/1,,videos/sample_001592_O1__0399__1.pt,ok,0.5509756207,0.5863899589,0.5763872007,0.5563320455,average,0.5509756207,0.5763872007,
O1/0399/2,,videos/sample_001593_O1__0399__2.pt,ok,0.5473188758,0.5843827724,0.5784987600,0.5574498290,average,0.5473188758,0.5784987600,
O1/0399/3,,videos/sample_001594_O1__0399__3.pt,ok,0.5496783257,0.5818463564,0.5771354302,0.5588655484,average,0.5496783257,0.5771354302,
O1/0399/4,,videos/sample_001595_O1__0399__4.pt,ok,0.5337889791,0.5500532389,0.5863789776,0.5769190950,average,0.5337889791,0.5863789776,
O1/0400/1,,videos/sample_001596_O1__0400__1.pt,ok,0.5382149816,0.5739037991,0.5837893977,0.5633220446,average,0.5382149816,0.5837893977,
O1/0400/2,,videos/sample_001597_O1__0400__2.pt,ok,0.5215335488,0.5418822765,0.5936095204,0.5816523907,average,0.5215335488,0.5936095204,
O1/0400/3,,videos/sample_001598_O1__0400__3.pt,ok,0.5383071303,0.5737490654,0.5837356047,0.5634092163,average,0.5383071303,0.5837356047,
O1/0400/4,,videos/sample_001599_O1__0400__4.pt,ok,0.5372166038,0.5803400278,0.5843725311,0.5597080179,average,0.5372166038,0.5843725311,
O1/0401/1,,videos/sample_001600_O1__0401__1.pt,ok,0.6335806251,0.6577327847,0.5306881995,0.5180244771,average,0.6335806251,0.5306881995,
O1/0401/2,,videos/sample_001601_O1__0401__2.pt,ok,0.6341750026,0.6559725404,0.5303728641,0.5189371298,average,0.6341750026,0.5303728641,
O1/0401/3,,videos/sample_001602_O1__0401__3.pt,ok,0.6323384047,0.6577327847,0.5313478409,0.5180244771,average,0.6323384047,0.5313478409,
O1/0401/4,,videos/sample_001603_O1__0401__4.pt,ok,0.6340854168,0.6559725404,0.5304203801,0.5189371298,average,0.6340854168,0.5304203801,
O1/0402/1,,videos/sample_001604_O1__0402__1.pt,ok,0.5862855315,0.6064464450,0.5563901448,0.5452851310,average,0.5862855315,0.5563901448,
O1/0402/2,,videos/sample_001605_O1__0402__2.pt,ok,0.5864083767,0.6073604226,0.5563217992,0.5447869803,average,0.5864083767,0.5563217992,
O1/0402/3,,videos/sample_001606_O1__0402__3.pt,ok,0.5856292248,0.6070252061,0.5567554273,0.5449696325,average,0.5856292248,0.5567554273,
O1/0402/4,,videos/sample_001607_O1__0402__4.pt,ok,0.5868465304,0.6061903834,0.5560780981,0.5454247754,average,0.5868465304,0.5560780981,
O1/0403/1,,videos/sample_001608_O1__0403__1.pt,ok,0.5466211438,0.5780431032,0.5789025379,0.5609951026,average,0.5466211438,0.5789025379,
O1/0403/2,,videos/sample_001609_O1__0403__2.pt,ok,0.5434033275,0.5730128288,0.5807683403,0.5638241715,average,0.5434033275,0.5807683403,
O1/0403/3,,videos/sample_001610_O1__0403__3.pt,ok,0.5422797799,0.5604504347,0.5814212279,0.5709518294,average,0.5422797799,0.5814212279,
O1/0403/4,,videos/sample_001611_O1__0403__4.pt,ok,0.5392296314,0.5568197966,0.5831973563,0.5730285165,average,0.5392296314,0.5831973563,
O1/0404/1,,videos/sample_001612_O1__0404__1.pt,ok,0.6153274775,0.6437237263,0.5404638766,0.5253325826,average,0.6153274775,0.5404638766,
O1/0404/2,,videos/sample_001613_O1__0404__2.pt,ok,0.6171228886,0.6445102692,0.5394943923,0.5249195485,average,0.6171228886,0.5394943923,
O1/0404/3,,videos/sample_001614_O1__0404__3.pt,ok,0.6163721681,0.6445102692,0.5398995539,0.5249195485,average,0.6163721681,0.5398995539,
O1/0404/4,,videos/sample_001615_O1__0404__4.pt,ok,0.6161693931,0.6437237263,0.5400090431,0.5253325826,average,0.6161693931,0.5400090431,
O1/0405/1,,videos/sample_001616_O1__0405__1.pt,ok,0.5661018491,0.6088149548,0.5677342445,0.5439951461,average,0.5661018491,0.5677342445,
O1/0405/2,,videos/sample_001617_O1__0405__2.pt,ok,0.5670010448,0.6048762202,0.5672239698,0.5461420238,average,0.5670010448,0.5672239698,
O1/0405/3,,videos/sample_001618_O1__0405__3.pt,ok,0.5602619052,0.6002517939,0.5710594808,0.5486734661,average,0.5602619052,0.5710594808,
O1/0405/4,,videos/sample_001619_O1__0405__4.pt,ok,0.5684067011,0.6084579825,0.5664272080,0.5441893719,average,0.5684067011,0.5664272080,
O1/0406/1,,videos/sample_001620_O1__0406__1.pt,ok,0.6179336309,0.6310669780,0.5390571786,0.5320238403,average,0.6179336309,0.5390571786,
O1/0406/2,,videos/sample_001621_O1__0406__2.pt,ok,0.6170728803,0.6325657368,0.5395213722,0.5312270622,average,0.6170728803,0.5395213722,
O1/0406/3,,videos/sample_001622_O1__0406__3.pt,ok,0.6178607941,0.6308737397,0.5390964433,0.5321266576,average,0.6178607941,0.5390964433,
O1/0406/4,,videos/sample_001623_O1__0406__4.pt,ok,0.6164808869,0.6320043802,0.5398408598,0.5315253537,average,0.6164808869,0.5398408598,
O1/0407/1,,videos/sample_001624_O1__0407__1.pt,ok,0.5480788946,0.5808755159,0.5780592571,0.5594083811,average,0.5480788946,0.5780592571,
O1/0407/2,,videos/sample_001625_O1__0407__2.pt,ok,0.5466533303,0.5770436525,0.5788839054,0.5615560698,average,0.5466533303,0.5788839054,
O1/0407/3,,videos/sample_001626_O1__0407__3.pt,ok,0.5439184904,0.5645536184,0.5804692270,0.5686139089,average,0.5439184904,0.5804692270,
O1/0407/4,,videos/sample_001627_O1__0407__4.pt,ok,0.5447968245,0.5636288524,0.5799596050,0.5691399869,average,0.5447968245,0.5799596050,
O1/0408/1,,videos/sample_001628_O1__0408__1.pt,ok,0.6154685616,0.6277936697,0.5403876311,0.5337681717,average,0.6154685616,0.5403876311,
O1/0408/2,,videos/sample_001629_O1__0408__2.pt,ok,0.6155229807,0.6287353635,0.5403582245,0.5332657621,average,0.6155229807,0.5403582245,
O1/0408/3,,videos/sample_001630_O1__0408__3.pt,ok,0.6141617894,0.6277266145,0.5410942562,0.5338039648,average,0.6141617894,0.5410942562,
O1/0408/4,,videos/sample_001631_O1__0408__4.pt,ok,0.6142958403,0.6278102994,0.5410217269,0.5337592954,average,0.6142958403,0.5410217269,
O1/0409/1,,videos/sample_001632_O1__0409__1.pt,ok,0.5729163289,0.6136465073,0.5638785831,0.5413731443,average,0.5729163289,0.5638785831,
O1/0409/2,,videos/sample_001633_O1__0409__2.pt,ok,0.5728658438,0.6127052307,0.5639070513,0.5418829660,average,0.5728658438,0.5639070513,
O1/0409/3,,videos/sample_001634_O1__0409__3.pt,ok,0.5676245093,0.6135371327,0.5668704360,0.5414323599,average,0.5676245093,0.5668704360,
O1/0409/4,,videos/sample_001635_O1__0409__4.pt,ok,0.5583802462,0.5987746716,0.5721350316,0.5494845228,average,0.5583802462,0.5721350316,
O1/0410/1,,videos/sample_001636_O1__0410__1.pt,ok,0.5371221900,0.5713897347,0.5844277065,0.5647400542,average,0.5371221900,0.5844277065,
O1/0410/2,,videos/sample_001637_O1__0410__2.pt,ok,0.5230114460,0.5437189937,0.5927328745,0.5805850403,average,0.5230114460,0.5927328745,
O1/0410/3,,videos/sample_001638_O1__0410__3.pt,ok,0.5380035043,0.5776849985,0.5839128690,0.5611960336,average,0.5380035043,0.5839128690,
O1/0410/4,,videos/sample_001639_O1__0410__4.pt,ok,0.5305653811,0.5652149320,0.5882722776,0.5682380011,average,0.5305653811,0.5882722776,
O1/0411/1,,videos/sample_001640_O1__0411__1.pt,ok,0.6172025800,0.6438894868,0.5394514010,0.5252455104,average,0.6172025800,0.5394514010,
O1/0411/2,,videos/sample_001641_O1__0411__2.pt,ok,0.6189768314,0.6444727778,0.5384951271,0.5249392288,average,0.6189768314,0.5384951271,
O1/0411/3,,videos/sample_001642_O1__0411__3.pt,ok,0.6154254675,0.6438894868,0.5404109191,0.5252455104,average,0.6154254675,0.5404109191,
O1/0411/4,,videos/sample_001643_O1__0411__4.pt,ok,0.6191816926,0.6444727778,0.5383848217,0.5249392288,average,0.6191816926,0.5383848217,
O1/0412/1,,videos/sample_001644_O1__0412__1.pt,ok,0.5603269935,0.5835721493,0.5710223128,0.5579018940,average,0.5603269935,0.5710223128,
O1/0412/2,,videos/sample_001645_O1__0412__2.pt,ok,0.5608092546,0.5835721493,0.5707469972,0.5579018940,average,0.5608092546,0.5707469972,
O1/0412/3,,videos/sample_001646_O1__0412__3.pt,ok,0.5610699058,0.5846821070,0.5705982508,0.5572829900,average,0.5610699058,0.5705982508,
O1/0412/4,,videos/sample_001647_O1__0412__4.pt,ok,0.5615720153,0.5846821070,0.5703118199,0.5572829900,average,0.5615720153,0.5703118199,
O1/0413/1,,videos/sample_001648_O1__0413__1.pt,ok,0.6206041574,0.6330454946,0.5376195326,0.5309722630,average,0.6206041574,0.5376195326,
O1/0413/2,,videos/sample_001649_O1__0413__2.pt,ok,0.6202135682,0.6329119205,0.5378295620,0.5310431918,average,0.6202135682,0.5378295620,
O1/0413/3,,videos/sample_001650_O1__0413__3.pt,ok,0.6197779179,0.6320980787,0.5380639187,0.5314755529,average,0.6197779179,0.5380639187,
O1/0413/4,,videos/sample_001651_O1__0413__4.pt,ok,0.6214559078,0.6334547400,0.5371618099,0.5307550094,average,0.6214559078,0.5371618099,
O1/0414/1,,videos/sample_001652_O1__0414__1.pt,ok,0.5509375334,0.5700745583,0.5764091542,0.5654832757,average,0.5509375334,0.5764091542,
O1/0414/2,,videos/sample_001653_O1__0414__2.pt,ok,0.5482062697,0.5742782950,0.5779856314,0.5631111223,average,0.5482062697,0.5779856314,
O1/0414/3,,videos/sample_001654_O1__0414__3.pt,ok,0.5508717895,0.5740624070,0.5764470508,0.5632327044,average,0.5508717895,0.5764470508,
O1/0414/4,,videos/sample_001655_O1__0414__4.pt,ok,0.5479976535,0.5668084621,0.5781062212,0.5673332178,average,0.5479976535,0.5781062212,
O1/0415/1,,videos/sample_001656_O1__0415__1.pt,ok,0.5649321079,0.5871607065,0.5683987352,0.5559034191,average,0.5649321079,0.5683987352,
O1/0415/2,,videos/sample_001657_O1__0415__2.pt,ok,0.5649287701,0.5872571468,0.5684006325,0.5558498102,average,0.5649287701,0.5684006325,
O1/0415/3,,videos/sample_001658_O1__0415__3.pt,ok,0.5667024255,0.5915008187,0.5673933791,0.5534959640,average,0.5667024255,0.5673933791,
O1/0415/4,,videos/sample_001659_O1__0415__4.pt,ok,0.5659066439,0.5895612836,0.5678450800,0.5545705306,average,0.5659066439,0.5678450800,
O1/0416/1,,videos/sample_001660_O1__0416__1.pt,ok,0.5617818236,0.5935609937,0.5701921763,0.5523568392,average,0.5617818236,0.5701921763,
O1/0416/2,,videos/sample_001661_O1__0416__2.pt,ok,0.5619142652,0.5950335264,0.5701166641,0.5515440743,average,0.5619142652,0.5701166641,
O1/0416/3,,videos/sample_001662_O1__0416__3.pt,ok,0.5594869256,0.5945657492,0.5715022118,0.5518021344,average,0.5594869256,0.5715022118,
O1/0416/4,,videos/sample_001663_O1__0416__4.pt,ok,0.5569149852,0.5881965756,0.5729739733,0.5553278740,average,0.5569149852,0.5729739733,
O1/0417/1,,videos/sample_001664_O1__0417__1.pt,ok,0.5693684220,0.6071454287,0.5658827249,0.5449041188,average,0.5693684220,0.5658827249,
O1/0417/2,,videos/sample_001665_O1__0417__2.pt,ok,0.5636371970,0.5967490077,0.5691352377,0.5505987218,average,0.5636371970,0.5691352377,
O1/0417/3,,videos/sample_001666_O1__0417__3.pt,ok,0.5673823953,0.5990157127,0.5670076999,0.5493520903,average,0.5673823953,0.5670076999,
O1/0417/4,,videos/sample_001667_O1__0417__4.pt,ok,0.5680044889,0.6026362181,0.5666550777,0.5473667543,average,0.5680044889,0.5666550777,
O1/0418/1,,videos/sample_001668_O1__0418__1.pt,ok,0.6270478964,0.6487928629,0.5341663902,0.5226763381,average,0.6270478964,0.5341663902,
O1/0418/2,,videos/sample_001669_O1__0418__2.pt,ok,0.6262084842,0.6475504637,0.5346149643,0.5233261143,average,0.6262084842,0.5346149643,
O1/0418/3,,videos/sample_001670_O1__0418__3.pt,ok,0.6264480352,0.6487928629,0.5344869120,0.5226763381,average,0.6264480352,0.5344869120,
O1/0418/4,,videos/sample_001671_O1__0418__4.pt,ok,0.6273712516,0.6475504637,0.5339936927,0.5233261143,average,0.6273712516,0.5339936927,
O1/0419/1,,videos/sample_001672_O1__0419__1.pt,ok,0.6176103354,0.6439645886,0.5392314816,0.5252060650,average,0.6176103354,0.5392314816,
O1/0419/2,,videos/sample_001673_O1__0419__2.pt,ok,0.6181721687,0.6452680230,0.5389286084,0.5245219393,average,0.6181721687,0.5389286084,
O1/0419/3,,videos/sample_001674_O1__0419__3.pt,ok,0.6184451580,0.6452680230,0.5387815068,0.5245219393,average,0.6184451580,0.5387815068,
O1/0419/4,,videos/sample_001675_O1__0419__4.pt,ok,0.6156179309,0.6439645886,0.5403069198,0.5252060650,average,0.6156179309,0.5403069198,
O1/0420/1,,videos/sample_001676_O1__0420__1.pt,ok,0.5506596565,0.5881682634,0.5765693472,0.5553435968,average,0.5506596565,0.5765693472,
O1/0420/2,,videos/sample_001677_O1__0420__2.pt,ok,0.5501235723,0.5894339085,0.5768785197,0.5546411736,average,0.5501235723,0.5768785197,
O1/0420/3,,videos/sample_001678_O1__0420__3.pt,ok,0.5410835743,0.5780861378,0.5821171433,0.5609709610,average,0.5410835743,0.5821171433,
O1/0420/4,,videos/sample_001679_O1__0420__4.pt,ok,0.5473027229,0.5818803310,0.5785081045,0.5588465615,average,0.5473027229,0.5785081045,
O1/0421/1,,videos/sample_001680_O1__0421__1.pt,ok,0.5503805876,0.5795446634,0.5767302722,0.5601533668,average,0.5503805876,0.5767302722,
O1/0421/2,,videos/sample_001681_O1__0421__2.pt,ok,0.5489488244,0.5732021332,0.5775566048,0.5637174472,average,0.5489488244,0.5775566048,
O1/0421/3,,videos/sample_001682_O1__0421__3.pt,ok,0.5505356193,0.5757507682,0.5766408677,0.5622825664,average,0.5505356193,0.5766408677,
O1/0421/4,,videos/sample_001683_O1__0421__4.pt,ok,0.5481873155,0.5725264549,0.5779965868,0.5640984675,average,0.5481873155,0.5779965868,
O1/0422/1,,videos/sample_001684_O1__0422__1.pt,ok,0.5240802765,0.5444599390,0.5920996820,0.5801550178,average,0.5240802765,0.5920996820,
O1/0422/2,,videos/sample_001685_O1__0422__2.pt,ok,0.5359290838,0.5718801022,0.5851254070,0.5644631920,average,0.5359290838,0.5851254070,
O1/0422/3,,videos/sample_001686_O1__0422__3.pt,ok,0.5311689973,0.5719001889,0.5879172941,0.5644518539,average,0.5311689973,0.5879172941,
O1/0422/4,,videos/sample_001687_O1__0422__4.pt,ok,0.5318166614,0.5523588061,0.5875366445,0.5755905014,average,0.5318166614,0.5875366445,
O1/0423/1,,videos/sample_001688_O1__0423__1.pt,ok,0.6183894277,0.6480147243,0.5388115341,0.5230832110,average,0.6183894277,0.5388115341,
O1/0423/2,,videos/sample_001689_O1__0423__2.pt,ok,0.6191096306,0.6482452750,0.5384236202,0.5229626277,average,0.6191096306,0.5384236202,
O1/0423/3,,videos/sample_001690_O1__0423__3.pt,ok,0.6183875799,0.6482452750,0.5388125297,0.5229626277,average,0.6183875799,0.5388125297,
O1/0423/4,,videos/sample_001691_O1__0423__4.pt,ok,0.6172659993,0.6480147243,0.5394171904,0.5230832110,average,0.6172659993,0.5394171904,
O1/0424/1,,videos/sample_001692_O1__0424__1.pt,ok,0.5438638330,0.5626342297,0.5805009549,0.5697063481,average,0.5438638330,0.5805009549,
O1/0424/2,,videos/sample_001693_O1__0424__2.pt,ok,0.5517144799,0.5830252171,0.5759614890,0.5582071120,average,0.5517144799,0.5759614890,
O1/0424/3,,videos/sample_001694_O1__0424__3.pt,ok,0.5535172820,0.5823030472,0.5749240798,0.5586103779,average,0.5535172820,0.5749240798,
O1/0424/4,,videos/sample_001695_O1__0424__4.pt,ok,0.5525959730,0.5798394084,0.5754540066,0.5599882888,average,0.5525959730,0.5754540066,
O1/0425/1,,videos/sample_001696_O1__0425__1.pt,ok,0.6211824417,0.6453208327,0.5373087256,0.5244942402,average,0.6211824417,0.5373087256,
O1/0425/2,,videos/sample_001697_O1__0425__2.pt,ok,0.6192045808,0.6452777386,0.5383724992,0.5245168433,average,0.6192045808,0.5383724992,
O1/0425/3,,videos/sample_001698_O1__0425__3.pt,ok,0.6214306355,0.6452777386,0.5371753855,0.5245168433,average,0.6214306355,0.5371753855,
O1/0425/4,,videos/sample_001699_O1__0425__4.pt,ok,0.6206501126,0.6453208327,0.5375948268,0.5244942402,average,0.6206501126,0.5375948268,
O1/0426/1,,videos/sample_001700_O1__0426__1.pt,ok,0.5702934861,0.5935471654,0.5653594892,0.5523644774,average,0.5702934861,0.5653594892,
O1/0426/2,,videos/sample_001701_O1__0426__2.pt,ok,0.5707821846,0.5931852460,0.5650832664,0.5525644250,average,0.5707821846,0.5650832664,
O1/0426/3,,videos/sample_001702_O1__0426__3.pt,ok,0.5697460175,0.5931852460,0.5656690905,0.5525644250,average,0.5697460175,0.5656690905,
O1/0426/4,,videos/sample_001703_O1__0426__4.pt,ok,0.5711623430,0.5935471654,0.5648684860,0.5523644774,average,0.5711623430,0.5648684860,
O1/0427/1,,videos/sample_001704_O1__0427__1.pt,ok,0.5592973232,0.5952247381,0.5716105802,0.5514386227,average,0.5592973232,0.5716105802,
O1/0427/2,,videos/sample_001705_O1__0427__2.pt,ok,0.5508388281,0.5875180364,0.5764660516,0.5557048137,average,0.5508388281,0.5764660516,
O1/0427/3,,videos/sample_001706_O1__0427__3.pt,ok,0.5608842969,0.5993012786,0.5707041687,0.5491952365,average,0.5608842969,0.5707041687,
O1/0427/4,,videos/sample_001707_O1__0427__4.pt,ok,0.5579316020,0.5975862741,0.5723917743,0.5501379169,average,0.5579316020,0.5723917743,
O1/0428/1,,videos/sample_001708_O1__0428__1.pt,ok,0.6171283722,0.6301243305,0.5394914339,0.5325255877,average,0.6171283722,0.5394914339,
O1/0428/2,,videos/sample_001709_O1__0428__2.pt,ok,0.6183509827,0.6319354773,0.5388322491,0.5315619786,average,0.6183509827,0.5388322491,
O1/0428/3,,videos/sample_001710_O1__0428__3.pt,ok,0.6160897017,0.6298171282,0.5400520789,0.5326892059,average,0.6160897017,0.5400520789,
O1/0428/4,,videos/sample_001711_O1__0428__4.pt,ok,0.6180058122,0.6301243305,0.5390182702,0.5325255877,average,0.6180058122,0.5390182702,
O1/0429/1,,videos/sample_001712_O1__0429__1.pt,ok,0.6195397377,0.6346571445,0.5381920901,0.5301172107,average,0.6195397377,0.5381920901,
O1/0429/2,,videos/sample_001713_O1__0429__2.pt,ok,0.6187359095,0.6336758137,0.5386248780,0.5306376865,average,0.6187359095,0.5386248780,
O1/0429/3,,videos/sample_001714_O1__0429__3.pt,ok,0.6174585819,0.6330220699,0.5393133180,0.5309847009,average,0.6174585819,0.5393133180,
O1/0429/4,,videos/sample_001715_O1__0429__4.pt,ok,0.6192572117,0.6334984303,0.5383441649,0.5307318211,average,0.6192572117,0.5383441649,
O1/0430/1,,videos/sample_001716_O1__0430__1.pt,ok,0.6138151884,0.6282626390,0.5412818325,0.5335179095,average,0.6138151884,0.5412818325,
O1/0430/2,,videos/sample_001717_O1__0430__2.pt,ok,0.6116731763,0.6289353967,0.5424425074,0.5331591019,average,0.6116731763,0.5424425074,
O1/0430/3,,videos/sample_001718_O1__0430__3.pt,ok,0.6123214364,0.6272070408,0.5420909775,0.5340813874,average,0.6123214364,0.5420909775,
O1/0430/4,,videos/sample_001719_O1__0430__4.pt,ok,0.6135359406,0.6302169561,0.5414330054,0.5324762645,average,0.6135359406,0.5414330054,
O1/0431/1,,videos/sample_001720_O1__0431__1.pt,ok,0.6102865934,0.6411870718,0.5431951706,0.5266668614,average,0.6102865934,0.5431951706,
O1/0431/2,,videos/sample_001721_O1__0431__2.pt,ok,0.6106325984,0.6411870718,0.5430072549,0.5266668614,average,0.6106325984,0.5430072549,
O1/0431/3,,videos/sample_001722_O1__0431__3.pt,ok,0.6093692780,0.6417250037,0.5436936805,0.5263836267,average,0.6093692780,0.5436936805,
O1/0431/4,,videos/sample_001723_O1__0431__4.pt,ok,0.6104251146,0.6417250037,0.5431199318,0.5263836267,average,0.6104251146,0.5431199318,
O1/0432/1,,videos/sample_001724_O1__0432__1.pt,ok,0.6142992973,0.6294792295,0.5410198566,0.5328692314,average,0.6142992973,0.5410198566,
O1/0432/2,,videos/sample_001725_O1__0432__2.pt,ok,0.6154749990,0.6294792295,0.5403841524,0.5328692314,average,0.6154749990,0.5403841524,
O1/0432/3,,videos/sample_001726_O1__0432__3.pt,ok,0.6161330342,0.6289817095,0.5400286776,0.5331344104,average,0.6161330342,0.5400286776,
O1/0432/4,,videos/sample_001727_O1__0432__4.pt,ok,0.6153607368,0.6289817095,0.5404459014,0.5331344104,average,0.6153607368,0.5404459014,
O1/0433/1,,videos/sample_001728_O1__0433__1.pt,ok,0.6231009960,0.6374740601,0.5362788578,0.5286260166,average,0.6231009960,0.5362788578,
O1/0433/2,,videos/sample_001729_O1__0433__2.pt,ok,0.6247152686,0.6380752325,0.5354138559,0.5283083167,average,0.6247152686,0.5354138559,
O1/0433/3,,videos/sample_001730_O1__0433__3.pt,ok,0.6237910390,0.6379132867,0.5359089300,0.5283938810,average,0.6237910390,0.5359089300,
O1/0433/4,,videos/sample_001731_O1__0433__4.pt,ok,0.6249538660,0.6387668252,0.5352861228,0.5279430689,average,0.6249538660,0.5352861228,
O1/0434/1,,videos/sample_001732_O1__0434__1.pt,ok,0.5816518664,0.5978843570,0.5589742527,0.5499739547,average,0.5816518664,0.5589742527,
O1/0434/2,,videos/sample_001733_O1__0434__2.pt,ok,0.5818999410,0.5978843570,0.5588356026,0.5499739547,average,0.5818999410,0.5588356026,
O1/0434/3,,videos/sample_001734_O1__0434__3.pt,ok,0.5809806585,0.5976519585,0.5593495666,0.5501017827,average,0.5809806585,0.5593495666,
O1/0434/4,,videos/sample_001735_O1__0434__4.pt,ok,0.5811209083,0.5976519585,0.5592711235,0.5501017827,average,0.5811209083,0.5592711235,
O1/0435/1,,videos/sample_001736_O1__0435__1.pt,ok,0.6212798357,0.6483228803,0.5372563975,0.5229220446,average,0.6212798357,0.5372563975,
O1/0435/2,,videos/sample_001737_O1__0435__2.pt,ok,0.6213112473,0.6497979164,0.5372395216,0.5221512843,average,0.6213112473,0.5372395216,
O1/0435/3,,videos/sample_001738_O1__0435__3.pt,ok,0.6208814383,0.6483228803,0.5374704817,0.5229220446,average,0.6208814383,0.5374704817,
O1/0435/4,,videos/sample_001739_O1__0435__4.pt,ok,0.6207504869,0.6497979164,0.5375408688,0.5221512843,average,0.6207504869,0.5375408688,
O1/0436/1,,videos/sample_001740_O1__0436__1.pt,ok,0.5689285994,0.5810998082,0.5661316677,0.5592829242,average,0.5689285994,0.5661316677,
O1/0436/2,,videos/sample_001741_O1__0436__2.pt,ok,0.5701572895,0.5867530704,0.5654364945,0.5561300716,average,0.5701572895,0.5654364945,
O1/0436/3,,videos/sample_001742_O1__0436__3.pt,ok,0.5677148104,0.5795213580,0.5668192493,0.5601664216,average,0.5677148104,0.5668192493,
O1/0436/4,,videos/sample_001743_O1__0436__4.pt,ok,0.5709074736,0.5913383365,0.5650124721,0.5535859045,average,0.5709074736,0.5650124721,
O1/0437/1,,videos/sample_001744_O1__0437__1.pt,ok,0.5577324033,0.5879703164,0.5725058053,0.5554535363,average,0.5577324033,0.5725058053,
O1/0437/2,,videos/sample_001745_O1__0437__2.pt,ok,0.5575795174,0.6016352773,0.5725933401,0.5479149103,average,0.5575795174,0.5725933401,
O1/0437/3,,videos/sample_001746_O1__0437__3.pt,ok,0.5499144793,0.5812637806,0.5769991537,0.5591912248,average,0.5499144793,0.5769991537,
O1/0437/4,,videos/sample_001747_O1__0437__4.pt,ok,0.5600071549,0.5918993950,0.5712049769,0.5532753976,average,0.5600071549,0.5712049769,
O1/0438/1,,videos/sample_001748_O1__0438__1.pt,ok,0.5569918752,0.5893598795,0.5729299190,0.5546822346,average,0.5569918752,0.5729299190,
O1/0438/2,,videos/sample_001749_O1__0438__2.pt,ok,0.5495133400,0.5770978928,0.5772306571,0.5615256117,average,0.5495133400,0.5772306571,
O1/0438/3,,videos/sample_001750_O1__0438__3.pt,ok,0.5546138287,0.5938208699,0.5742939943,0.5522133135,average,0.5546138287,0.5742939943,
O1/0438/4,,videos/sample_001751_O1__0438__4.pt,ok,0.5555317998,0.5848953128,0.5737670508,0.5571641867,average,0.5555317998,0.5737670508,
O1/0439/1,,videos/sample_001752_O1__0439__1.pt,ok,0.5605754852,0.5984445810,0.5708804360,0.5496659323,average,0.5605754852,0.5708804360,
O1/0439/2,,videos/sample_001753_O1__0439__2.pt,ok,0.5561963320,0.5984299779,0.5733858908,0.5496739593,average,0.5561963320,0.5733858908,
O1/0439/3,,videos/sample_001754_O1__0439__3.pt,ok,0.5509935021,0.5885668993,0.5763768942,0.5551222611,average,0.5509935021,0.5763768942,
O1/0439/4,,videos/sample_001755_O1__0439__4.pt,ok,0.5589990616,0.6004386544,0.5717810952,0.5485709502,average,0.5589990616,0.5717810952,
O1/0440/1,,videos/sample_001756_O1__0440__1.pt,ok,0.5516153574,0.5705786347,0.5760185826,0.5651983007,average,0.5516153574,0.5760185826,
O1/0440/2,,videos/sample_001757_O1__0440__2.pt,ok,0.5480063558,0.5718011856,0.5781011904,0.5645077392,average,0.5480063558,0.5781011904,
O1/0440/3,,videos/sample_001758_O1__0440__3.pt,ok,0.5513752699,0.5722009540,0.5761568940,0.5642821120,average,0.5513752699,0.5761568940,
O1/0440/4,,videos/sample_001759_O1__0440__4.pt,ok,0.5481072068,0.5671178699,0.5780428912,0.5671577077,average,0.5481072068,0.5780428912,
O1/0441/1,,videos/sample_001760_O1__0441__1.pt,ok,0.6158215404,0.6425808668,0.5401969194,0.5259333071,average,0.6158215404,0.5401969194,
O1/0441/2,,videos/sample_001761_O1__0441__2.pt,ok,0.6145420074,0.6424897909,0.5408885615,0.5259812092,average,0.6145420074,0.5408885615,
O1/0441/3,,videos/sample_001762_O1__0441__3.pt,ok,0.6118869781,0.6424897909,0.5423265446,0.5259812092,average,0.6118869781,0.5423265446,
O1/0441/4,,videos/sample_001763_O1__0441__4.pt,ok,0.6162204146,0.6425808668,0.5399814917,0.5259333071,average,0.6162204146,0.5399814917,
O1/0442/1,,videos/sample_001764_O1__0442__1.pt,ok,0.6236916780,0.6507036090,0.5359621811,0.5216785899,average,0.6236916780,0.5359621811,
O1/0442/2,,videos/sample_001765_O1__0442__2.pt,ok,0.6237708330,0.6491114497,0.5359197587,0.5225098468,average,0.6237708330,0.5359197587,
O1/0442/3,,videos/sample_001766_O1__0442__3.pt,ok,0.6230117083,0.6507036090,0.5363267431,0.5216785899,average,0.6230117083,0.5363267431,
O1/0442/4,,videos/sample_001767_O1__0442__4.pt,ok,0.6238724589,0.6491114497,0.5358652981,0.5225098468,average,0.6238724589,0.5358652981,
O1/0443/1,,videos/sample_001768_O1__0443__1.pt,ok,0.6165062189,0.6413515210,0.5398271847,0.5265802586,average,0.6165062189,0.5398271847,
O1/0443/2,,videos/sample_001769_O1__0443__2.pt,ok,0.6145956516,0.6398760080,0.5408595468,0.5273578081,average,0.6145956516,0.5408595468,
O1/0443/3,,videos/sample_001770_O1__0443__3.pt,ok,0.6156895161,0.6398760080,0.5402682432,0.5273578081,average,0.6156895161,0.5402682432,
O1/0443/4,,videos/sample_001771_O1__0443__4.pt,ok,0.6161078215,0.6413515210,0.5400422934,0.5265802586,average,0.6161078215,0.5400422934,
O1/0444/1,,videos/sample_001772_O1__0444__1.pt,ok,0.6198133826,0.6482546329,0.5380448367,0.5229577339,average,0.6198133826,0.5380448367,
O1/0444/2,,videos/sample_001773_O1__0444__2.pt,ok,0.6199042797,0.6482812762,0.5379959323,0.5229438008,average,0.6199042797,0.5379959323,
O1/0444/3,,videos/sample_001774_O1__0444__3.pt,ok,0.6193862557,0.6482546329,0.5382746992,0.5229577339,average,0.6193862557,0.5382746992,
O1/0444/4,,videos/sample_001775_O1__0444__4.pt,ok,0.6177285910,0.6482812762,0.5391677182,0.5229438008,average,0.6177285910,0.5391677182,
O1/0445/1,,videos/sample_001776_O1__0445__1.pt,ok,0.6215289235,0.6364942193,0.5371225901,0.5291442398,average,0.6215289235,0.5371225901,
O1/0445/2,,videos/sample_001777_O1__0445__2.pt,ok,0.6211732030,0.6347905993,0.5373136896,0.5300464688,average,0.6211732030,0.5373136896,
O1/0445/3,,videos/sample_001778_O1__0445__3.pt,ok,0.6192446351,0.6345319748,0.5383509354,0.5301835695,average,0.6192446351,0.5383509354,
O1/0445/4,,videos/sample_001779_O1__0445__4.pt,ok,0.6218716502,0.6356190443,0.5369385354,0.5296075363,average,0.6218716502,0.5369385354,
O1/0446/1,,videos/sample_001780_O1__0446__1.pt,ok,0.6233698726,0.6399055719,0.5361346844,0.5273422176,average,0.6233698726,0.5361346844,
O1/0446/2,,videos/sample_001781_O1__0446__2.pt,ok,0.6226254702,0.6389970183,0.5365339330,0.5278215540,average,0.6226254702,0.5365339330,
O1/0446/3,,videos/sample_001782_O1__0446__3.pt,ok,0.6223183274,0.6399055719,0.5366987508,0.5273422176,average,0.6223183274,0.5366987508,
O1/0446/4,,videos/sample_001783_O1__0446__4.pt,ok,0.6237596273,0.6389970183,0.5359257641,0.5278215540,average,0.6237596273,0.5359257641,
O1/0447/1,,videos/sample_001784_O1__0447__1.pt,ok,0.5411546826,0.5784372091,0.5820757514,0.5607740547,average,0.5411546826,0.5820757514,
O1/0447/2,,videos/sample_001785_O1__0447__2.pt,ok,0.5395275950,0.5821086764,0.5830236106,0.5587189660,average,0.5395275950,0.5830236106,
O1/0447/3,,videos/sample_001786_O1__0447__3.pt,ok,0.5356807113,0.5701917410,0.5852707541,0.5654170147,average,0.5356807113,0.5852707541,
O1/0447/4,,videos/sample_001787_O1__0447__4.pt,ok,0.5423628688,0.5798451900,0.5813729202,0.5599850511,average,0.5423628688,0.5813729202,
O1/0448/1,,videos/sample_001788_O1__0448__1.pt,ok,0.6161544323,0.6288754940,0.5400171221,0.5331910405,average,0.6161544323,0.5400171221,
O1/0448/2,,videos/sample_001789_O1__0448__2.pt,ok,0.6161367297,0.6298707128,0.5400266819,0.5326606628,average,0.6161367297,0.5400266819,
O1/0448/3,,videos/sample_001790_O1__0448__3.pt,ok,0.6148003340,0.6289931536,0.5407488537,0.5331283092,average,0.6148003340,0.5407488537,
O1/0448/4,,videos/sample_001791_O1__0448__4.pt,ok,0.6145394444,0.6289102435,0.5408899478,0.5331725127,average,0.6145394444,0.5408899478,
O1/0449/1,,videos/sample_001792_O1__0449__1.pt,ok,0.5596083403,0.5830038786,0.5714328273,0.5582190234,average,0.5596083403,0.5714328273,
O1/0449/2,,videos/sample_001793_O1__0449__2.pt,ok,0.5583093762,0.5825034380,0.5721755802,0.5584984488,average,0.5583093762,0.5721755802,
O1/0449/3,,videos/sample_001794_O1__0449__3.pt,ok,0.5596472621,0.5850288868,0.5714105865,0.5570897690,average,0.5596472621,0.5714105865,
O1/0449/4,,videos/sample_001795_O1__0449__4.pt,ok,0.5569359064,0.5817834735,0.5729619861,0.5589006926,average,0.5569359064,0.5729619861,
O1/0450/1,,videos/sample_001796_O1__0450__1.pt,ok,0.5503337383,0.5835492015,0.5767572922,0.5579146968,average,0.5503337383,0.5767572922,
O1/0450/2,,videos/sample_001797_O1__0450__2.pt,ok,0.5440824032,0.5768766999,0.5803740885,0.5616498309,average,0.5440824032,0.5803740885,
O1/0450/3,,videos/sample_001798_O1__0450__3.pt,ok,0.5526168942,0.5865153074,0.5754419675,0.5562623144,average,0.5526168942,0.5754419675,
O1/0450/4,,videos/sample_001799_O1__0450__4.pt,ok,0.5504419804,0.5865474343,0.5766948662,0.5562444437,average,0.5504419804,0.5766948662,
O1/0451/1,,videos/sample_001800_O1__0451__1.pt,ok,0.5456075072,0.5765446424,0.5794896322,0.5618363619,average,0.5456075072,0.5794896322,
O1/0451/2,,videos/sample_001801_O1__0451__2.pt,ok,0.5445541739,0.5648888946,0.5801003495,0.5684232982,average,0.5445541739,0.5801003495,
O1/0451/3,,videos/sample_001802_O1__0451__3.pt,ok,0.5424849987,0.5790839195,0.5813019215,0.5604115135,average,0.5424849987,0.5813019215,
O1/0451/4,,videos/sample_001803_O1__0451__4.pt,ok,0.5407310724,0.5605391264,0.5823223769,0.5709011930,average,0.5407310724,0.5823223769,
O1/0452/1,,videos/sample_001804_O1__0452__1.pt,ok,0.5367091298,0.5855601430,0.5846691602,0.5567938902,average,0.5367091298,0.5846691602,
O1/0452/2,,videos/sample_001805_O1__0452__2.pt,ok,0.5367129445,0.5744225979,0.5846669299,0.5630298696,average,0.5367129445,0.5846669299,
O1/0452/3,,videos/sample_001806_O1__0452__3.pt,ok,0.5234617591,0.5438171029,0.5924660193,0.5805280823,average,0.5234617591,0.5924660193,
O1/0452/4,,videos/sample_001807_O1__0452__4.pt,ok,0.5406509638,0.5788427591,0.5823690278,0.5605466789,average,0.5406509638,0.5823690278,
O1/0453/1,,videos/sample_001808_O1__0453__1.pt,ok,0.5571682453,0.5984210968,0.5728288802,0.5496788410,average,0.5571682453,0.5728288802,
O1/0453/2,,videos/sample_001809_O1__0453__2.pt,ok,0.5601938367,0.6025983095,0.5710983533,0.5473875046,average,0.5601938367,0.5710983533,
O1/0453/3,,videos/sample_001810_O1__0453__3.pt,ok,0.5617948174,0.6015560627,0.5701847673,0.5479583149,average,0.5617948174,0.5701847673,
O1/0453/4,,videos/sample_001811_O1__0453__4.pt,ok,0.5495854020,0.5848335624,0.5771890622,0.5571985929,average,0.5495854020,0.5771890622,
O1/0454/1,,videos/sample_001812_O1__0454__1.pt,ok,0.6149315834,0.6484355927,0.5406778854,0.5228631082,average,0.6149315834,0.5406778854,
O1/0454/2,,videos/sample_001813_O1__0454__2.pt,ok,0.6182689667,0.6486636400,0.5388764438,0.5227438842,average,0.6182689667,0.5388764438,
O1/0454/3,,videos/sample_001814_O1__0454__3.pt,ok,0.6184923649,0.6486636400,0.5387560732,0.5227438842,average,0.6184923649,0.5387560732,
O1/0454/4,,videos/sample_001815_O1__0454__4.pt,ok,0.6174503565,0.6484355927,0.5393177541,0.5228631082,average,0.6174503565,0.5393177541,
O1/0455/1,,videos/sample_001816_O1__0455__1.pt,ok,0.6331173182,0.6569837928,0.5309341280,0.5184126186,average,0.6331173182,0.5309341280,
O1/0455/2,,videos/sample_001817_O1__0455__2.pt,ok,0.6328664422,0.6561555266,0.5310673433,0.5188421801,average,0.6328664422,0.5310673433,
O1/0455/3,,videos/sample_001818_O1__0455__3.pt,ok,0.6334651113,0.6561555266,0.5307495049,0.5188421801,average,0.6334651113,0.5307495049,
O1/0455/4,,videos/sample_001819_O1__0455__4.pt,ok,0.6329272389,0.6569837928,0.5310350571,0.5184126186,average,0.6329272389,0.5310350571,
O1/0456/1,,videos/sample_001820_O1__0456__1.pt,ok,0.6096347570,0.6402647495,0.5435493604,0.5271528421,average,0.6096347570,0.5435493604,
O1/0456/2,,videos/sample_001821_O1__0456__2.pt,ok,0.6113312840,0.6387165785,0.5426279960,0.5279695969,average,0.6113312840,0.5426279960,
O1/0456/3,,videos/sample_001822_O1__0456__3.pt,ok,0.6108921170,0.6402647495,0.5428663527,0.5271528421,average,0.6108921170,0.5428663527,
O1/0456/4,,videos/sample_001823_O1__0456__4.pt,ok,0.6114165783,0.6387165785,0.5425817149,0.5279695969,average,0.6114165783,0.5425817149,
O1/0457/1,,videos/sample_001824_O1__0457__1.pt,ok,0.5893506408,0.6126192808,0.5546873592,0.5419295428,average,0.5893506408,0.5546873592,
O1/0457/2,,videos/sample_001825_O1__0457__2.pt,ok,0.5888169408,0.6122372150,0.5549834748,0.5421366351,average,0.5888169408,0.5549834748,
O1/0457/3,,videos/sample_001826_O1__0457__3.pt,ok,0.5843331218,0.6090512276,0.5574775075,0.5438666300,average,0.5843331218,0.5574775075,
O1/0457/4,,videos/sample_001827_O1__0457__4.pt,ok,0.5896202922,0.6167852283,0.5545378071,0.5396765889,average,0.5896202922,0.5545378071,
O1/0458/1,,videos/sample_001828_O1__0458__1.pt,ok,0.6239005923,0.6525310874,0.5358502226,0.5207261041,average,0.6239005923,0.5358502226,
O1/0458/2,,videos/sample_001829_O1__0458__2.pt,ok,0.6237615943,0.6527992487,0.5359247099,0.5205864842,average,0.6237615943,0.5359247099,
O1/0458/3,,videos/sample_001830_O1__0458__3.pt,ok,0.6225730777,0.6527992487,0.5365620440,0.5205864842,average,0.6225730777,0.5365620440,
O1/0458/4,,videos/sample_001831_O1__0458__4.pt,ok,0.6234665513,0.6525310874,0.5360828541,0.5207261041,average,0.6234665513,0.5360828541,
O1/0459/1,,videos/sample_001832_O1__0459__1.pt,ok,0.6153397560,0.6440607309,0.5404572405,0.5251555729,average,0.6153397560,0.5404572405,
O1/0459/2,,videos/sample_001833_O1__0459__2.pt,ok,0.6143543720,0.6441305280,0.5409900609,0.5251189199,average,0.6143543720,0.5409900609,
O1/0459/3,,videos/sample_001834_O1__0459__3.pt,ok,0.6137414575,0.6440607309,0.5413217432,0.5251555729,average,0.6137414575,0.5413217432,
O1/0459/4,,videos/sample_001835_O1__0459__4.pt,ok,0.6150360703,0.6441305280,0.5406213946,0.5251189199,average,0.6150360703,0.5406213946,
O1/0460/1,,videos/sample_001836_O1__0460__1.pt,ok,0.5516809821,0.5759179592,0.5759807828,0.5621885657,average,0.5516809821,0.5759807828,
O1/0460/2,,videos/sample_001837_O1__0460__2.pt,ok,0.5529868007,0.5792099833,0.5752291472,0.5603408704,average,0.5529868007,0.5752291472,
O1/0460/3,,videos/sample_001838_O1__0460__3.pt,ok,0.5530803204,0.5778478384,0.5751753545,0.5611046559,average,0.5530803204,0.5751753545,
O1/0460/4,,videos/sample_001839_O1__0460__4.pt,ok,0.5501090288,0.5737243295,0.5768869097,0.5634231529,average,0.5501090288,0.5768869097,
O1/0461/1,,videos/sample_001840_O1__0461__1.pt,ok,0.5661630630,0.6028348804,0.5676994923,0.5472580240,average,0.5661630630,0.5676994923,
O1/0461/2,,videos/sample_001841_O1__0461__2.pt,ok,0.5662907362,0.6009526849,0.5676270170,0.5482890405,average,0.5662907362,0.5676270170,
O1/0461/3,,videos/sample_001842_O1__0461__3.pt,ok,0.5609006286,0.5957445502,0.5706948482,0.5511520527,average,0.5609006286,0.5706948482,
O1/0461/4,,videos/sample_001843_O1__0461__4.pt,ok,0.5675409436,0.6013075709,0.5669178089,0.5480944949,average,0.5675409436,0.5669178089,
O1/0462/1,,videos/sample_001844_O1__0462__1.pt,ok,0.5565353036,0.5865651965,0.5731915622,0.5562345637,average,0.5565353036,0.5731915622,
O1/0462/2,,videos/sample_001845_O1__0462__2.pt,ok,0.5643413663,0.5930883288,0.5687346112,0.5526179806,average,0.5643413663,0.5687346112,
O1/0462/3,,videos/sample_001846_O1__0462__3.pt,ok,0.5615537763,0.6018260121,0.5703222219,0.5478104138,average,0.5615537763,0.5703222219,
O1/0462/4,,videos/sample_001847_O1__0462__4.pt,ok,0.5652613640,0.6016528010,0.5682116173,0.5479053088,average,0.5652613640,0.5682116173,
O1/0463/1,,videos/sample_001848_O1__0463__1.pt,ok,0.5521042347,0.5796015859,0.5757370490,0.5601214824,average,0.5521042347,0.5757370490,
O1/0463/2,,videos/sample_001849_O1__0463__2.pt,ok,0.5535121560,0.5808046460,0.5749270269,0.5594480278,average,0.5535121560,0.5749270269,
O1/0463/3,,videos/sample_001850_O1__0463__3.pt,ok,0.5482022166,0.5664582253,0.5779879741,0.5675319536,average,0.5482022166,0.5779879741,
O1/0463/4,,videos/sample_001851_O1__0463__4.pt,ok,0.5497976542,0.5789648890,0.5770665656,0.5604782236,average,0.5497976542,0.5770665656,
O1/0464/1,,videos/sample_001852_O1__0464__1.pt,ok,0.5583409667,0.5893899798,0.5721575052,0.5546655387,average,0.5583409667,0.5721575052,
O1/0464/2,,videos/sample_001853_O1__0464__2.pt,ok,0.5571166277,0.5884958506,0.5728584490,0.5551617032,average,0.5571166277,0.5728584490,
O1/0464/3,,videos/sample_001854_O1__0464__3.pt,ok,0.5573404431,0.5893242955,0.5727302488,0.5547019727,average,0.5573404431,0.5727302488,
O1/0464/4,,videos/sample_001855_O1__0464__4.pt,ok,0.5532022119,0.5787435174,0.5751052498,0.5606023113,average,0.5532022119,0.5751052498,
O1/0465/1,,videos/sample_001856_O1__0465__1.pt,ok,0.6266124249,0.6555093527,0.5343990551,0.5191775507,average,0.6266124249,0.5343990551,
O1/0465/2,,videos/sample_001857_O1__0465__2.pt,ok,0.6267929077,0.6555846334,0.5343026140,0.5191384682,average,0.6267929077,0.5343026140,
O1/0465/3,,videos/sample_001858_O1__0465__3.pt,ok,0.6267389059,0.6555093527,0.5343314681,0.5191775507,average,0.6267389059,0.5343314681,
O1/0465/4,,videos/sample_001859_O1__0465__4.pt,ok,0.6249299049,0.6555846334,0.5352989490,0.5191384682,average,0.6249299049,0.5352989490,
O1/0466/1,,videos/sample_001860_O1__0466__1.pt,ok,0.6366401315,0.6599992514,0.5290670368,0.5168517214,average,0.6366401315,0.5290670368,
O1/0466/2,,videos/sample_001861_O1__0466__2.pt,ok,0.6368768811,0.6599992514,0.5289417952,0.5168517214,average,0.6368768811,0.5289417952,
O1/0466/3,,videos/sample_001862_O1__0466__3.pt,ok,0.6363103986,0.6598551273,0.5292415164,0.5169262175,average,0.6363103986,0.5292415164,
O1/0466/4,,videos/sample_001863_O1__0466__4.pt,ok,0.6364005208,0.6598551273,0.5291938221,0.5169262175,average,0.6364005208,0.5291938221,
O1/0467/1,,videos/sample_001864_O1__0467__1.pt,ok,0.5652220845,0.5983318686,0.5682339368,0.5497278900,average,0.5652220845,0.5682339368,
O1/0467/2,,videos/sample_001865_O1__0467__2.pt,ok,0.5591825843,0.5923681259,0.5716761700,0.5530161210,average,0.5591825843,0.5716761700,
O1/0467/3,,videos/sample_001866_O1__0467__3.pt,ok,0.5650161505,0.6017657518,0.5683509675,0.5478434260,average,0.5650161505,0.5683509675,
O1/0467/4,,videos/sample_001867_O1__0467__4.pt,ok,0.5626080036,0.5989304781,0.5697212894,0.5493989162,average,0.5626080036,0.5697212894,
O1/0468/1,,videos/sample_001868_O1__0468__1.pt,ok,0.5565245152,0.5962303281,0.5731977461,0.5508843802,average,0.5565245152,0.5731977461,
O1/0468/2,,videos/sample_001869_O1__0468__2.pt,ok,0.5562185645,0.5962303281,0.5733731432,0.5508843802,average,0.5562185645,0.5733731432,
O1/0468/3,,videos/sample_001870_O1__0468__3.pt,ok,0.5496782660,0.5922152400,0.5771354646,0.5531006759,average,0.5496782660,0.5771354646,
O1/0468/4,,videos/sample_001871_O1__0468__4.pt,ok,0.5505527258,0.5922152400,0.5766310035,0.5531006759,average,0.5505527258,0.5766310035,
O1/0469/1,,videos/sample_001872_O1__0469__1.pt,ok,0.5551669002,0.5899490118,0.5739764564,0.5543555496,average,0.5551669002,0.5739764564,
O1/0469/2,,videos/sample_001873_O1__0469__2.pt,ok,0.5550847054,0.5899490118,0.5740236363,0.5543555496,average,0.5550847054,0.5740236363,
O1/0469/3,,videos/sample_001874_O1__0469__3.pt,ok,0.5625529289,0.5972586274,0.5697526675,0.5503181973,average,0.5625529289,0.5697526675,
O1/0469/4,,videos/sample_001875_O1__0469__4.pt,ok,0.5627059340,0.5972586274,0.5696654991,0.5503181973,average,0.5627059340,0.5696654991,
O1/0470/1,,videos/sample_001876_O1__0470__1.pt,ok,0.5460053682,0.5844638348,0.5792591218,0.5574046427,average,0.5460053682,0.5792591218,
O1/0470/2,,videos/sample_001877_O1__0470__2.pt,ok,0.5255001783,0.5455142856,0.5912595552,0.5795436557,average,0.5255001783,0.5912595552,
O1/0470/3,,videos/sample_001878_O1__0470__3.pt,ok,0.5476847291,0.5872284770,0.5782871530,0.5558657465,average,0.5476847291,0.5782871530,
O1/0470/4,,videos/sample_001879_O1__0470__4.pt,ok,0.5406120420,0.5855497718,0.5823916951,0.5567996649,average,0.5406120420,0.5823916951,
O1/0471/1,,videos/sample_001880_O1__0471__1.pt,ok,0.6180752516,0.6494756937,0.5389808424,0.5223195604,average,0.6180752516,0.5389808424,
O1/0471/2,,videos/sample_001881_O1__0471__2.pt,ok,0.6201938987,0.6492068768,0.5378401410,0.5224599876,average,0.6201938987,0.5378401410,
O1/0471/3,,videos/sample_001882_O1__0471__3.pt,ok,0.6192235351,0.6494756937,0.5383622948,0.5223195604,average,0.6192235351,0.5383622948,
O1/0471/4,,videos/sample_001883_O1__0471__4.pt,ok,0.6194826365,0.6492068768,0.5382228224,0.5224599876,average,0.6194826365,0.5382228224,
O1/0472/1,,videos/sample_001884_O1__0472__1.pt,ok,0.5458360314,0.5645457506,0.5793572200,0.5686183827,average,0.5458360314,0.5793572200,
O1/0472/2,,videos/sample_001885_O1__0472__2.pt,ok,0.5403887630,0.5762768984,0.5825217455,0.5619868104,average,0.5403887630,0.5825217455,
O1/0472/3,,videos/sample_001886_O1__0472__3.pt,ok,0.5468709469,0.5739043951,0.5787579444,0.5633217089,average,0.5468709469,0.5787579444,
O1/0472/4,,videos/sample_001887_O1__0472__4.pt,ok,0.5386874676,0.5550501943,0.5835136305,0.5740434468,average,0.5386874676,0.5835136305,
O1/0473/1,,videos/sample_001888_O1__0473__1.pt,ok,0.5549455881,0.5998279452,0.5741034984,0.5489060699,average,0.5549455881,0.5741034984,
O1/0473/2,,videos/sample_001889_O1__0473__2.pt,ok,0.5548411608,0.5976909399,0.5741634536,0.5500803393,average,0.5548411608,0.5741634536,
O1/0473/3,,videos/sample_001890_O1__0473__3.pt,ok,0.5557614565,0.5977339745,0.5736352965,0.5500566674,average,0.5557614565,0.5736352965,
O1/0473/4,,videos/sample_001891_O1__0473__4.pt,ok,0.5501740575,0.5920222402,0.5768493967,0.5532074345,average,0.5501740575,0.5768493967,
O1/0474/1,,videos/sample_001892_O1__0474__1.pt,ok,0.5672581196,0.5783567429,0.5670781696,0.5608191799,average,0.5672581196,0.5670781696,
O1/0474/2,,videos/sample_001893_O1__0474__2.pt,ok,0.5696119666,0.5926213264,0.5657449240,0.5528761148,average,0.5696119666,0.5657449240,
O1/0474/3,,videos/sample_001894_O1__0474__3.pt,ok,0.5659751892,0.5757610798,0.5678061582,0.5622767684,average,0.5659751892,0.5678061582,
O1/0474/4,,videos/sample_001895_O1__0474__4.pt,ok,0.5715764761,0.5958667994,0.5646346037,0.5510846789,average,0.5715764761,0.5646346037,
O1/0475/1,,videos/sample_001896_O1__0475__1.pt,ok,0.5517532825,0.5962879062,0.5759391406,0.5508526623,average,0.5517532825,0.5759391406,
O1/0475/2,,videos/sample_001897_O1__0475__2.pt,ok,0.5523277521,0.5939942002,0.5756083761,0.5521176065,average,0.5523277521,0.5756083761,
O1/0475/3,,videos/sample_001898_O1__0475__3.pt,ok,0.5453907847,0.5905498862,0.5796152343,0.5540225516,average,0.5453907847,0.5796152343,
O1/0475/4,,videos/sample_001899_O1__0475__4.pt,ok,0.5534279346,0.5942344069,0.5749754501,0.5519850000,average,0.5534279346,0.5749754501,
O1/0476/1,,videos/sample_001900_O1__0476__1.pt,ok,0.5454115272,0.5785879493,0.5796032118,0.5606895299,average,0.5454115272,0.5796032118,
O1/0476/2,,videos/sample_001901_O1__0476__2.pt,ok,0.5513042808,0.5843200684,0.5761977964,0.5574847845,average,0.5513042808,0.5761977964,
O1/0476/3,,videos/sample_001902_O1__0476__3.pt,ok,0.5517194271,0.5877138376,0.5759586396,0.5555960166,average,0.5517194271,0.5759586396,
O1/0476/4,,videos/sample_001903_O1__0476__4.pt,ok,0.5519828200,0.5855871439,0.5758069561,0.5567788565,average,0.5519828200,0.5758069561,
O1/0477/1,,videos/sample_001904_O1__0477__1.pt,ok,0.6155611873,0.6302710772,0.5403375796,0.5324474471,average,0.6155611873,0.5403375796,
O1/0477/2,,videos/sample_001905_O1__0477__2.pt,ok,0.6172665954,0.6298066378,0.5394168689,0.5326947941,average,0.6172665954,0.5394168689,
O1/0477/3,,videos/sample_001906_O1__0477__3.pt,ok,0.6159073710,0.6298066378,0.5401505559,0.5326947941,average,0.6159073710,0.5401505559,
O1/0477/4,,videos/sample_001907_O1__0477__4.pt,ok,0.6173041463,0.6315951943,0.5393966137,0.5317428908,average,0.6173041463,0.5393966137,
O1/0478/1,,videos/sample_001908_O1__0478__1.pt,ok,0.6141000390,0.6307262182,0.5411276700,0.5322051635,average,0.6141000390,0.5411276700,
O1/0478/2,,videos/sample_001909_O1__0478__2.pt,ok,0.6143298745,0.6276386380,0.5410033140,0.5338509291,average,0.6143298745,0.5410033140,
O1/0478/3,,videos/sample_001910_O1__0478__3.pt,ok,0.6158175468,0.6299566627,0.5401990767,0.5326148826,average,0.6158175468,0.5401990767,
O1/0478/4,,videos/sample_001911_O1__0478__4.pt,ok,0.6159132719,0.6272730827,0.5401473686,0.5340461168,average,0.6159132719,0.5401473686,
O1/0479/1,,videos/sample_001912_O1__0479__1.pt,ok,0.5653166175,0.5870630145,0.5681802225,0.5559577291,average,0.5653166175,0.5681802225,
O1/0479/2,,videos/sample_001913_O1__0479__2.pt,ok,0.5659916997,0.5861603022,0.5677967836,0.5564598255,average,0.5659916997,0.5677967836,
O1/0479/3,,videos/sample_001914_O1__0479__3.pt,ok,0.5672337413,0.5902101398,0.5670919941,0.5542108108,average,0.5672337413,0.5670919941,
O1/0479/4,,videos/sample_001915_O1__0479__4.pt,ok,0.5666145086,0.5870630145,0.5674432648,0.5559577291,average,0.5666145086,0.5674432648,
O1/0480/1,,videos/sample_001916_O1__0480__1.pt,ok,0.5607137084,0.5964244604,0.5708015326,0.5507774461,average,0.5607137084,0.5708015326,
O1/0480/2,,videos/sample_001917_O1__0480__2.pt,ok,0.5567796826,0.5897173285,0.5730515033,0.5544839994,average,0.5567796826,0.5730515033,
O1/0480/3,,videos/sample_001918_O1__0480__3.pt,ok,0.5624719262,0.5977137685,0.5697988209,0.5500677819,average,0.5624719262,0.5697988209,
O1/0480/4,,videos/sample_001919_O1__0480__4.pt,ok,0.5623364449,0.5978246331,0.5698760233,0.5500068022,average,0.5623364449,0.5698760233,
O1/0481/1,,videos/sample_001920_O1__0481__1.pt,ok,0.5451145768,0.5647905469,0.5797753507,0.5684792040,average,0.5451145768,0.5797753507,
O1/0481/2,,videos/sample_001921_O1__0481__2.pt,ok,0.5452587008,0.5758063197,0.5796917972,0.5622513317,average,0.5452587008,0.5796917972,
O1/0481/3,,videos/sample_001922_O1__0481__3.pt,ok,0.5445132256,0.5631899238,0.5801241042,0.5693898536,average,0.5445132256,0.5801241042,
O1/0481/4,,videos/sample_001923_O1__0481__4.pt,ok,0.5455606580,0.5760831833,0.5795167815,0.5620956863,average,0.5455606580,0.5795167815,
O1/0482/1,,videos/sample_001924_O1__0482__1.pt,ok,0.5540490150,0.5827602744,0.5746184549,0.5583550244,average,0.5540490150,0.5746184549,
O1/0482/2,,videos/sample_001925_O1__0482__2.pt,ok,0.5492692590,0.5779441595,0.5773715654,0.5610506123,average,0.5492692590,0.5773715654,
O1/0482/3,,videos/sample_001926_O1__0482__3.pt,ok,0.5414038897,0.5553219318,0.5819307121,0.5738874788,average,0.5414038897,0.5819307121,
O1/0482/4,,videos/sample_001927_O1__0482__4.pt,ok,0.5530253649,0.5799679756,0.5752069644,0.5599162973,average,0.5530253649,0.5752069644,
O1/0483/1,,videos/sample_001928_O1__0483__1.pt,ok,0.5550474524,0.5813246369,0.5740450207,0.5591571955,average,0.5550474524,0.5740450207,
O1/0483/2,,videos/sample_001929_O1__0483__2.pt,ok,0.5553511381,0.5818033218,0.5738707179,0.5588895995,average,0.5553511381,0.5738707179,
O1/0483/3,,videos/sample_001930_O1__0483__3.pt,ok,0.5571182370,0.5833885670,0.5728575271,0.5580043243,average,0.5571182370,0.5728575271,
O1/0483/4,,videos/sample_001931_O1__0483__4.pt,ok,0.5568645000,0.5825110674,0.5730029007,0.5584941878,average,0.5568645000,0.5730029007,
O1/0484/1,,videos/sample_001932_O1__0484__1.pt,ok,0.5414792895,0.5595076084,0.5818868363,0.5714903916,average,0.5414792895,0.5818868363,
O1/0484/2,,videos/sample_001933_O1__0484__2.pt,ok,0.5428723693,0.5771368146,0.5810767859,0.5615037566,average,0.5428723693,0.5810767859,
O1/0484/3,,videos/sample_001934_O1__0484__3.pt,ok,0.5433624387,0.5724542141,0.5807920877,0.5641392199,average,0.5433624387,0.5807920877,
O1/0484/4,,videos/sample_001935_O1__0484__4.pt,ok,0.5392874479,0.5577014685,0.5831636388,0.5725235160,average,0.5392874479,0.5831636388,
O1/0485/1,,videos/sample_001936_O1__0485__1.pt,ok,0.5515722036,0.5747490525,0.5760434405,0.5628460959,average,0.5515722036,0.5760434405,
O1/0485/2,,videos/sample_001937_O1__0485__2.pt,ok,0.5514945388,0.5736325979,0.5760881805,0.5634748389,average,0.5514945388,0.5760881805,
O1/0485/3,,videos/sample_001938_O1__0485__3.pt,ok,0.5511136055,0.5736325979,0.5763076735,0.5634748389,average,0.5511136055,0.5763076735,
O1/0485/4,,videos/sample_001939_O1__0485__4.pt,ok,0.5513265133,0.5747490525,0.5761849862,0.5628460959,average,0.5513265133,0.5761849862,
O1/0486/1,,videos/sample_001940_O1__0486__1.pt,ok,0.5595253110,0.5824460387,0.5714802749,0.5585305071,average,0.5595253110,0.5714802749,
O1/0486/2,,videos/sample_001941_O1__0486__2.pt,ok,0.5603213906,0.5824760795,0.5710255121,0.5585137287,average,0.5603213906,0.5710255121,
O1/0486/3,,videos/sample_001942_O1__0486__3.pt,ok,0.5606784821,0.5824760795,0.5708216402,0.5585137287,average,0.5606784821,0.5708216402,
O1/0486/4,,videos/sample_001943_O1__0486__4.pt,ok,0.5598387122,0.5824460387,0.5713012003,0.5585305071,average,0.5598387122,0.5713012003,
O1/0487/1,,videos/sample_001944_O1__0487__1.pt,ok,0.6113293171,0.6278105378,0.5426290633,0.5337591681,average,0.6113293171,0.5426290633,
O1/0487/2,,videos/sample_001945_O1__0487__2.pt,ok,0.6114873290,0.6274328232,0.5425433283,0.5339608148,average,0.6114873290,0.5425433283,
O1/0487/3,,videos/sample_001946_O1__0487__3.pt,ok,0.6127318144,0.6284555197,0.5418685610,0.5334150141,average,0.6127318144,0.5418685610,
O1/0487/4,,videos/sample_001947_O1__0487__4.pt,ok,0.6123952270,0.6281245947,0.5420509778,0.5335915637,average,0.6123952270,0.5420509778,
O1/0488/1,,videos/sample_001948_O1__0488__1.pt,ok,0.5481648445,0.5746533275,0.5780095751,0.5628999769,average,0.5481648445,0.5780095751,
O1/0488/2,,videos/sample_001949_O1__0488__2.pt,ok,0.5480750799,0.5677379966,0.5780614622,0.5668061071,average,0.5480750799,0.5780614622,
O1/0488/3,,videos/sample_001950_O1__0488__3.pt,ok,0.5497070551,0.5763699412,0.5771188496,0.5619345240,average,0.5497070551,0.5771188496,
O1/0488/4,,videos/sample_001951_O1__0488__4.pt,ok,0.5494509935,0.5679302216,0.5772666465,0.5666971632,average,0.5494509935,0.5772666465,
O1/0489/1,,videos/sample_001952_O1__0489__1.pt,ok,0.5498464704,0.5893847346,0.5770383961,0.5546684481,average,0.5498464704,0.5770383961,
O1/0489/2,,videos/sample_001953_O1__0489__2.pt,ok,0.5511919260,0.5893847346,0.5762625386,0.5546684481,average,0.5511919260,0.5762625386,
O1/0489/3,,videos/sample_001954_O1__0489__3.pt,ok,0.5435826778,0.5785031915,0.5806641886,0.5607370547,average,0.5435826778,0.5806641886,
O1/0489/4,,videos/sample_001955_O1__0489__4.pt,ok,0.5460957289,0.5785031915,0.5792067819,0.5607370547,average,0.5460957289,0.5792067819,
O1/0490/1,,videos/sample_001956_O1__0490__1.pt,ok,0.5635013580,0.5854068995,0.5692125537,0.5568792219,average,0.5635013580,0.5692125537,
O1/0490/2,,videos/sample_001957_O1__0490__2.pt,ok,0.5620118380,0.5851039886,0.5700610390,0.5570479321,average,0.5620118380,0.5700610390,
O1/0490/3,,videos/sample_001958_O1__0490__3.pt,ok,0.5641764998,0.5885272622,0.5688283842,0.5551442649,average,0.5641764998,0.5688283842,
O1/0490/4,,videos/sample_001959_O1__0490__4.pt,ok,0.5617630482,0.5848585963,0.5702028820,0.5571846442,average,0.5617630482,0.5702028820,
O1/0491/1,,videos/sample_001960_O1__0491__1.pt,ok,0.6152666807,0.6406773925,0.5404967360,0.5269353611,average,0.6152666807,0.5404967360,
O1/0491/2,,videos/sample_001961_O1__0491__2.pt,ok,0.6161611080,0.6416570544,0.5400135171,0.5264193953,average,0.6161611080,0.5400135171,
O1/0491/3,,videos/sample_001962_O1__0491__3.pt,ok,0.6158583760,0.6416570544,0.5401770212,0.5264193953,average,0.6158583760,0.5401770212,
O1/0491/4,,videos/sample_001963_O1__0491__4.pt,ok,0.6135680079,0.6406773925,0.5414156434,0.5269353611,average,0.6135680079,0.5414156434,
O1/0492/1,,videos/sample_001964_O1__0492__1.pt,ok,0.5313917398,0.5494207144,0.5877863545,0.5772841259,average,0.5313917398,0.5877863545,
O1/0492/2,,videos/sample_001965_O1__0492__2.pt,ok,0.5360313058,0.5646422505,0.5850655974,0.5685635137,average,0.5360313058,0.5850655974,
O1/0492/3,,videos/sample_001966_O1__0492__3.pt,ok,0.5339841843,0.5512852073,0.5862645245,0.5762087866,average,0.5339841843,0.5862645245,
O1/0492/4,,videos/sample_001967_O1__0492__4.pt,ok,0.5375358462,0.5696437955,0.5841860044,0.5657269173,average,0.5375358462,0.5841860044,
O1/0493/1,,videos/sample_001968_O1__0493__1.pt,ok,0.6099655032,0.6437090039,0.5433696133,0.5253403168,average,0.6099655032,0.5433696133,
O1/0493/2,,videos/sample_001969_O1__0493__2.pt,ok,0.6129054427,0.6437090039,0.5417744854,0.5253403168,average,0.6129054427,0.5417744854,
O1/0493/3,,videos/sample_001970_O1__0493__3.pt,ok,0.6134871244,0.6452916861,0.5414594367,0.5245095277,average,0.6134871244,0.5414594367,
O1/0493/4,,videos/sample_001971_O1__0493__4.pt,ok,0.6124558449,0.6452916861,0.5420181208,0.5245095277,average,0.6124558449,0.5420181208,
O1/0494/1,,videos/sample_001972_O1__0494__1.pt,ok,0.5594605207,0.5919424891,0.5715173024,0.5532515551,average,0.5594605207,0.5715173024,
O1/0494/2,,videos/sample_001973_O1__0494__2.pt,ok,0.5655859709,0.6128768921,0.5680272018,0.5417899536,average,0.5655859709,0.5680272018,
O1/0494/3,,videos/sample_001974_O1__0494__3.pt,ok,0.5641760230,0.5987533927,0.5688286554,0.5494962153,average,0.5641760230,0.5688286554,
O1/0494/4,,videos/sample_001975_O1__0494__4.pt,ok,0.5496018529,0.5761324167,0.5771795670,0.5620680131,average,0.5496018529,0.5771795670,
O1/0495/1,,videos/sample_001976_O1__0495__1.pt,ok,0.5642767549,0.5864092112,0.5687713592,0.5563213349,average,0.5642767549,0.5687713592,
O1/0495/2,,videos/sample_001977_O1__0495__2.pt,ok,0.5658130646,0.5897609591,0.5678982211,0.5544598074,average,0.5658130646,0.5678982211,
O1/0495/3,,videos/sample_001978_O1__0495__3.pt,ok,0.5657653213,0.5886765122,0.5679253351,0.5550614158,average,0.5657653213,0.5679253351,
O1/0495/4,,videos/sample_001979_O1__0495__4.pt,ok,0.5641049743,0.5869707465,0.5688690714,0.5560090285,average,0.5641049743,0.5688690714,
O1/0496/1,,videos/sample_001980_O1__0496__1.pt,ok,0.5588111877,0.5839436650,0.5718885280,0.5576946631,average,0.5588111877,0.5718885280,
O1/0496/2,,videos/sample_001981_O1__0496__2.pt,ok,0.5572584867,0.5784650445,0.5727771896,0.5607584456,average,0.5572584867,0.5727771896,
O1/0496/3,,videos/sample_001982_O1__0496__3.pt,ok,0.5590063930,0.5840728879,0.5717769033,0.5576226009,average,0.5590063930,0.5717769033,
O1/0496/4,,videos/sample_001983_O1__0496__4.pt,ok,0.5562527180,0.5783581734,0.5733535608,0.5608183777,average,0.5562527180,0.5733535608,
O1/0497/1,,videos/sample_001984_O1__0497__1.pt,ok,0.5600018501,0.5902258158,0.5712080070,0.5542021230,average,0.5600018501,0.5712080070,
O1/0497/2,,videos/sample_001985_O1__0497__2.pt,ok,0.5576421618,0.5902258158,0.5725574714,0.5542021230,average,0.5576421618,0.5725574714,
O1/0497/3,,videos/sample_001986_O1__0497__3.pt,ok,0.5651118159,0.6005209684,0.5682965986,0.5485257970,average,0.5651118159,0.5682965986,
O1/0497/4,,videos/sample_001987_O1__0497__4.pt,ok,0.5660711527,0.6005209684,0.5677516722,0.5485257970,average,0.5660711527,0.5677516722,
O1/0498/1,,videos/sample_001988_O1__0498__1.pt,ok,0.6186925173,0.6308382750,0.5386482507,0.5321455297,average,0.6186925173,0.5386482507,
O1/0498/2,,videos/sample_001989_O1__0498__2.pt,ok,0.6178613901,0.6308639646,0.5390961219,0.5321318593,average,0.6178613901,0.5390961219,
O1/0498/3,,videos/sample_001990_O1__0498__3.pt,ok,0.6155715585,0.6304587722,0.5403319757,0.5323475187,average,0.6155715585,0.5403319757,
O1/0498/4,,videos/sample_001991_O1__0498__4.pt,ok,0.6192522049,0.6308382750,0.5383468603,0.5321455297,average,0.6192522049,0.5383468603,
O1/0499/1,,videos/sample_001992_O1__0499__1.pt,ok,0.6253867149,0.6535863280,0.5350544749,0.5201769026,average,0.6253867149,0.5350544749,
O1/0499/2,,videos/sample_001993_O1__0499__2.pt,ok,0.6259536147,0.6535863280,0.5347512386,0.5201769026,average,0.6259536147,0.5347512386,
O1/0499/3,,videos/sample_001994_O1__0499__3.pt,ok,0.6242647767,0.6523710489,0.5356551099,0.5208094470,average,0.6242647767,0.5356551099,
O1/0499/4,,videos/sample_001995_O1__0499__4.pt,ok,0.6259579062,0.6523710489,0.5347489437,0.5208094470,average,0.6259579062,0.5347489437,
O1/0500/1,,videos/sample_001996_O1__0500__1.pt,ok,0.5925101042,0.6178296804,0.5529376103,0.5391132168,average,0.5925101042,0.5529376103,
O1/0500/2,,videos/sample_001997_O1__0500__2.pt,ok,0.5917993188,0.6140071750,0.5533307700,0.5411779237,average,0.5917993188,0.5533307700,
O1/0500/3,,videos/sample_001998_O1__0500__3.pt,ok,0.5899620652,0.6130851507,0.5543483134,0.5416771329,average,0.5899620652,0.5543483134,
O1/0500/4,,videos/sample_001999_O1__0500__4.pt,ok,0.5903728008,0.6144300103,0.5541206696,0.5409491429,average,0.5903728008,0.5541206696,
O1/0501/1,,videos/sample_002000_O1__0501__1.pt,ok,0.5413790345,0.5837429762,0.5819451763,0.5578065975,average,0.5413790345,0.5819451763,
O1/0501/2,,videos/sample_002001_O1__0501__2.pt,ok,0.5421064496,0.5837429762,0.5815220145,0.5578065975,average,0.5421064496,0.5815220145,
O1/0501/3,,videos/sample_002002_O1__0501__3.pt,ok,0.5508797765,0.5910758376,0.5764424467,0.5537312393,average,0.5508797765,0.5764424467,
O1/0501/4,,videos/sample_002003_O1__0501__4.pt,ok,0.5513389707,0.5910758376,0.5761778085,0.5537312393,average,0.5513389707,0.5761778085,
O1/0502/1,,videos/sample_002004_O1__0502__1.pt,ok,0.5548036098,0.5925006270,0.5741850144,0.5529428506,average,0.5548036098,0.5741850144,
O1/0502/2,,videos/sample_002005_O1__0502__2.pt,ok,0.5616102219,0.6067926884,0.5702900306,0.5450963623,average,0.5616102219,0.5702900306,
O1/0502/3,,videos/sample_002006_O1__0502__3.pt,ok,0.5635911226,0.6034905314,0.5691614609,0.5468993312,average,0.5635911226,0.5691614609,
O1/0502/4,,videos/sample_002007_O1__0502__4.pt,ok,0.5644595027,0.6046685576,0.5686674269,0.5462554488,average,0.5644595027,0.5686674269,
O1/0503/1,,videos/sample_002008_O1__0503__1.pt,ok,0.5525624156,0.5867158771,0.5754733177,0.5561507563,average,0.5525624156,0.5754733177,
O1/0503/2,,videos/sample_002009_O1__0503__2.pt,ok,0.5512064695,0.5883217454,0.5762541577,0.5552583681,average,0.5512064695,0.5762541577,
O1/0503/3,,videos/sample_002010_O1__0503__3.pt,ok,0.5448248982,0.5821529031,0.5799433235,0.5586942563,average,0.5448248982,0.5799433235,
O1/0503/4,,videos/sample_002011_O1__0503__4.pt,ok,0.5533435345,0.5885632038,0.5750239801,0.5551243125,average,0.5533435345,0.5750239801,
O1/0504/1,,videos/sample_002012_O1__0504__1.pt,ok,0.6089469790,0.6227751374,0.5439233303,0.5364536374,average,0.6089469790,0.5439233303,
O1/0504/2,,videos/sample_002013_O1__0504__2.pt,ok,0.6076499820,0.6218996644,0.5446292549,0.5369234937,average,0.6076499820,0.5446292549,
O1/0504/3,,videos/sample_002014_O1__0504__3.pt,ok,0.6082606316,0.6226307154,0.5442967788,0.5365311187,average,0.6082606316,0.5442967788,
O1/0504/4,,videos/sample_002015_O1__0504__4.pt,ok,0.6054749489,0.6214492321,0.5458151308,0.5371653959,average,0.6054749489,0.5458151308,
O1/0505/1,,videos/sample_002016_O1__0505__1.pt,ok,0.5295947194,0.5477507710,0.5888435682,0.5782489631,average,0.5295947194,0.5888435682,
O1/0505/2,,videos/sample_002017_O1__0505__2.pt,ok,0.5421999097,0.5914905667,0.5814676679,0.5535016384,average,0.5421999097,0.5814676679,
O1/0505/3,,videos/sample_002018_O1__0505__3.pt,ok,0.5499609709,0.5902475119,0.5769723287,0.5541900991,average,0.5499609709,0.5769723287,
O1/0505/4,,videos/sample_002019_O1__0505__4.pt,ok,0.5526034832,0.5902475119,0.5754496849,0.5541900991,average,0.5526034832,0.5754496849,
O1/0506/1,,videos/sample_002020_O1__0506__1.pt,ok,0.5246745944,0.5450984240,0.5917478911,0.5797847158,average,0.5246745944,0.5917478911,
O1/0506/2,,videos/sample_002021_O1__0506__2.pt,ok,0.5394311547,0.5706185102,0.5830798403,0.5651757636,average,0.5394311547,0.5830798403,
O1/0506/3,,videos/sample_002022_O1__0506__3.pt,ok,0.5372309685,0.5720285177,0.5843641368,0.5643794231,average,0.5372309685,0.5843641368,
O1/0506/4,,videos/sample_002023_O1__0506__4.pt,ok,0.5367137194,0.5828139186,0.5846664769,0.5583250727,average,0.5367137194,0.5846664769,
O1/0507/1,,videos/sample_002024_O1__0507__1.pt,ok,0.5500398278,0.5965055227,0.5769268322,0.5507328007,average,0.5500398278,0.5769268322,
O1/0507/2,,videos/sample_002025_O1__0507__2.pt,ok,0.5500249267,0.5849056244,0.5769354291,0.5571584415,average,0.5500249267,0.5769354291,
O1/0507/3,,videos/sample_002026_O1__0507__3.pt,ok,0.5487720370,0.5858851671,0.5776587186,0.5566129482,average,0.5487720370,0.5776587186,
O1/0507/4,,videos/sample_002027_O1__0507__4.pt,ok,0.5416716933,0.5762221813,0.5817748898,0.5620175615,average,0.5416716933,0.5817748898,
O1/0508/1,,videos/sample_002028_O1__0508__1.pt,ok,0.5477496386,0.5671874881,0.5782496180,0.5671182246,average,0.5477496386,0.5782496180,
O1/0508/2,,videos/sample_002029_O1__0508__2.pt,ok,0.5467037559,0.5675146580,0.5788547156,0.5669327109,average,0.5467037559,0.5788547156,
O1/0508/3,,videos/sample_002030_O1__0508__3.pt,ok,0.5479933619,0.5737063885,0.5781087022,0.5634332613,average,0.5479933619,0.5781087022,
O1/0508/4,,videos/sample_002031_O1__0508__4.pt,ok,0.5492051244,0.5764340162,0.5774085960,0.5618985192,average,0.5492051244,0.5774085960,
O1/0509/1,,videos/sample_002032_O1__0509__1.pt,ok,0.5550018549,0.5965444446,0.5740711964,0.5507113655,average,0.5550018549,0.5740711964,
O1/0509/2,,videos/sample_002033_O1__0509__2.pt,ok,0.5521891713,0.5965319276,0.5756881499,0.5507182588,average,0.5521891713,0.5756881499,
O1/0509/3,,videos/sample_002034_O1__0509__3.pt,ok,0.5559899807,0.5965444446,0.5735042220,0.5507113655,average,0.5559899807,0.5735042220,
O1/0509/4,,videos/sample_002035_O1__0509__4.pt,ok,0.5541146398,0.5965319276,0.5745807470,0.5507182588,average,0.5541146398,0.5745807470,
O1/0510/1,,videos/sample_002036_O1__0510__1.pt,ok,0.6191578507,0.6468389630,0.5383976579,0.5236985937,average,0.6191578507,0.5383976579,
O1/0510/2,,videos/sample_002037_O1__0510__2.pt,ok,0.6185950637,0.6479790807,0.5387007464,0.5231018559,average,0.6185950637,0.5387007464,
O1/0510/3,,videos/sample_002038_O1__0510__3.pt,ok,0.6192824244,0.6479790807,0.5383305919,0.5231018559,average,0.6192824244,0.5383305919,
O1/0510/4,,videos/sample_002039_O1__0510__4.pt,ok,0.6191239357,0.6468389630,0.5384159180,0.5236985937,average,0.6191239357,0.5384159180,
O1/0511/1,,videos/sample_002040_O1__0511__1.pt,ok,0.6141324043,0.6280612946,0.5411101565,0.5336253412,average,0.6141324043,0.5411101565,
O1/0511/2,,videos/sample_002041_O1__0511__2.pt,ok,0.6139881611,0.6271094084,0.5411882137,0.5341335336,average,0.6139881611,0.5411882137,
O1/0511/3,,videos/sample_002042_O1__0511__3.pt,ok,0.6129184961,0.6271094084,0.5417674134,0.5341335336,average,0.6129184961,0.5417674134,
O1/0511/4,,videos/sample_002043_O1__0511__4.pt,ok,0.6124542356,0.6294041872,0.5420189931,0.5329092206,average,0.6124542356,0.5420189931,
O1/0512/1,,videos/sample_002044_O1__0512__1.pt,ok,0.6035712957,0.6227473021,0.5468551631,0.5364685700,average,0.6035712957,0.5468551631,
O1/0512/2,,videos/sample_002045_O1__0512__2.pt,ok,0.6025505066,0.6226662993,0.5474136719,0.5365120272,average,0.6025505066,0.5474136719,
O1/0512/3,,videos/sample_002046_O1__0512__3.pt,ok,0.6007470489,0.6205331087,0.5484018001,0.5376577312,average,0.6007470489,0.5484018001,
O1/0512/4,,videos/sample_002047_O1__0512__4.pt,ok,0.6034386754,0.6222902536,0.5469276920,0.5367138181,average,0.6034386754,0.5469276920,
O1/0513/1,,videos/sample_002048_O1__0513__1.pt,ok,0.5554988980,0.5857643485,0.5737859291,0.5566802015,average,0.5554988980,0.5737859291,
O1/0513/2,,videos/sample_002049_O1__0513__2.pt,ok,0.5569092035,0.5883401036,0.5729772860,0.5552481747,average,0.5569092035,0.5729772860,
O1/0513/3,,videos/sample_002050_O1__0513__3.pt,ok,0.5547695160,0.5894125700,0.5742045909,0.5546530089,average,0.5547695160,0.5742045909,
O1/0513/4,,videos/sample_002051_O1__0513__4.pt,ok,0.5459753871,0.5753323436,0.5792764889,0.5625178885,average,0.5459753871,0.5792764889,
O1/0514/1,,videos/sample_002052_O1__0514__1.pt,ok,0.6254783869,0.6404762268,0.5350054277,0.5270413730,average,0.6254783869,0.5350054277,
O1/0514/2,,videos/sample_002053_O1__0514__2.pt,ok,0.6254057288,0.6400887966,0.5350443016,0.5272456043,average,0.6254057288,0.5350443016,
O1/0514/3,,videos/sample_002054_O1__0514__3.pt,ok,0.6244553328,0.6404762268,0.5355530473,0.5270413730,average,0.6244553328,0.5355530473,
O1/0514/4,,videos/sample_002055_O1__0514__4.pt,ok,0.6261792183,0.6400887966,0.5346306105,0.5272456043,average,0.6261792183,0.5346306105,
O1/0515/1,,videos/sample_002056_O1__0515__1.pt,ok,0.6148447394,0.6427909732,0.5407248420,0.5258228168,average,0.6148447394,0.5407248420,
O1/0515/2,,videos/sample_002057_O1__0515__2.pt,ok,0.6116722822,0.6427909732,0.5424429924,0.5258228168,average,0.6116722822,0.5424429924,
O1/0515/3,,videos/sample_002058_O1__0515__3.pt,ok,0.6143969297,0.6431111693,0.5409670381,0.5256544773,average,0.6143969297,0.5409670381,
O1/0515/4,,videos/sample_002059_O1__0515__4.pt,ok,0.6148332357,0.6431111693,0.5407310624,0.5256544773,average,0.6148332357,0.5407310624,
O1/0516/1,,videos/sample_002060_O1__0516__1.pt,ok,0.5495170951,0.5762886405,0.5772284896,0.5619802115,average,0.5495170951,0.5772284896,
O1/0516/2,,videos/sample_002061_O1__0516__2.pt,ok,0.5450652242,0.5643419623,0.5798039649,0.5687342722,average,0.5450652242,0.5798039649,
O1/0516/3,,videos/sample_002062_O1__0516__3.pt,ok,0.5459915996,0.5768282413,0.5792670975,0.5616770483,average,0.5459915996,0.5792670975,
O1/0516/4,,videos/sample_002063_O1__0516__4.pt,ok,0.5490545630,0.5689172149,0.5774955380,0.5661381129,average,0.5490545630,0.5774955380,
O1/0517/1,,videos/sample_002064_O1__0517__1.pt,ok,0.5561444163,0.5892093182,0.5734156593,0.5547657546,average,0.5561444163,0.5734156593,
O1/0517/2,,videos/sample_002065_O1__0517__2.pt,ok,0.5589089394,0.5901618600,0.5718326277,0.5542375686,average,0.5589089394,0.5718326277,
O1/0517/3,,videos/sample_002066_O1__0517__3.pt,ok,0.5438638330,0.5626342297,0.5805009549,0.5697063481,average,0.5438638330,0.5805009549,
O1/0517/4,,videos/sample_002067_O1__0517__4.pt,ok,0.5527289510,0.5925225616,0.5753774890,0.5529307222,average,0.5527289510,0.5753774890,
O1/0518/1,,videos/sample_002068_O1__0518__1.pt,ok,0.5675624609,0.6003379822,0.5669056105,0.5486261789,average,0.5675624609,0.5669056105,
O1/0518/2,,videos/sample_002069_O1__0518__2.pt,ok,0.5658228397,0.5989376307,0.5678926698,0.5493949866,average,0.5658228397,0.5678926698,
O1/0518/3,,videos/sample_002070_O1__0518__3.pt,ok,0.5615311861,0.5940392017,0.5703351057,0.5520927609,average,0.5615311861,0.5703351057,
O1/0518/4,,videos/sample_002071_O1__0518__4.pt,ok,0.5678325891,0.6019222140,0.5667524940,0.5477577159,average,0.5678325891,0.5667524940,
O1/0519/1,,videos/sample_002072_O1__0519__1.pt,ok,0.5573420525,0.5907095671,0.5727293271,0.5539340919,average,0.5573420525,0.5727293271,
O1/0519/2,,videos/sample_002073_O1__0519__2.pt,ok,0.5481147170,0.5665109754,0.5780385500,0.5675020170,average,0.5481147170,0.5780385500,
O1/0519/3,,videos/sample_002074_O1__0519__3.pt,ok,0.5553391576,0.5935778618,0.5738775933,0.5523475221,average,0.5553391576,0.5738775933,
O1/0519/4,,videos/sample_002075_O1__0519__4.pt,ok,0.5573169589,0.5885738730,0.5727436991,0.5551183898,average,0.5573169589,0.5727436991,
O1/0520/1,,videos/sample_002076_O1__0520__1.pt,ok,0.5549021363,0.5785708427,0.5741284448,0.5606991214,average,0.5549021363,0.5741284448,
O1/0520/2,,videos/sample_002077_O1__0520__2.pt,ok,0.5562470555,0.5829275846,0.5733568074,0.5582616137,average,0.5562470555,0.5733568074,
O1/0520/3,,videos/sample_002078_O1__0520__3.pt,ok,0.5541352034,0.5773758292,0.5745689317,0.5613695650,average,0.5541352034,0.5745689317,
O1/0520/4,,videos/sample_002079_O1__0520__4.pt,ok,0.5567378998,0.5831043720,0.5730754476,0.5581629289,average,0.5567378998,0.5730754476,
O1/0521/1,,videos/sample_002080_O1__0521__1.pt,ok,0.5637184381,0.5970550179,0.5690890024,0.5504302587,average,0.5637184381,0.5690890024,
O1/0521/2,,videos/sample_002081_O1__0521__2.pt,ok,0.5642001629,0.5985788703,0.5688149241,0.5495921231,average,0.5642001629,0.5688149241,
O1/0521/3,,videos/sample_002082_O1__0521__3.pt,ok,0.5681774616,0.6004285812,0.5665570703,0.5485764761,average,0.5681774616,0.5665570703,
O1/0521/4,,videos/sample_002083_O1__0521__4.pt,ok,0.5675325394,0.5994601250,0.5669225734,0.5491080058,average,0.5675325394,0.5669225734,
O1/0522/1,,videos/sample_002084_O1__0522__1.pt,ok,0.6106989384,0.6259770393,0.5429712330,0.5347387124,average,0.6106989384,0.5429712330,
O1/0522/2,,videos/sample_002085_O1__0522__2.pt,ok,0.6123858690,0.6270038486,0.5420560503,0.5341899196,average,0.6123858690,0.5420560503,
O1/0522/3,,videos/sample_002086_O1__0522__3.pt,ok,0.6100192070,0.6263645887,0.5433404330,0.5345315149,average,0.6100192070,0.5433404330,
O1/0522/4,,videos/sample_002087_O1__0522__4.pt,ok,0.6129059196,0.6268452406,0.5417742271,0.5342746531,average,0.6129059196,0.5417742271,
O1/0523/1,,videos/sample_002088_O1__0523__1.pt,ok,0.5473904014,0.5732723475,0.5784573840,0.5636778676,average,0.5473904014,0.5784573840,
O1/0523/2,,videos/sample_002089_O1__0523__2.pt,ok,0.5494623780,0.5770262480,0.5772600747,0.5615658436,average,0.5494623780,0.5772600747,
O1/0523/3,,videos/sample_002090_O1__0523__3.pt,ok,0.5487797856,0.5758111477,0.5776542425,0.5622486171,average,0.5487797856,0.5776542425,
O1/0523/4,,videos/sample_002091_O1__0523__4.pt,ok,0.5474353433,0.5717696548,0.5784313877,0.5645255389,average,0.5474353433,0.5784313877,
O1/0524/1,,videos/sample_002092_O1__0524__1.pt,ok,0.6129603386,0.6270551085,0.5417447450,0.5341625377,average,0.6129603386,0.5417447450,
O1/0524/2,,videos/sample_002093_O1__0524__2.pt,ok,0.6140290499,0.6260911226,0.5411660856,0.5346777112,average,0.6140290499,0.5411660856,
O1/0524/3,,videos/sample_002094_O1__0524__3.pt,ok,0.6135531068,0.6269379854,0.5414237111,0.5342251042,average,0.6135531068,0.5414237111,
O1/0524/4,,videos/sample_002095_O1__0524__4.pt,ok,0.6114513278,0.6272218227,0.5425628608,0.5340734927,average,0.6114513278,0.5425628608,
O1/0525/1,,videos/sample_002096_O1__0525__1.pt,ok,0.5630080104,0.5933933854,0.5694934426,0.5524494266,average,0.5630080104,0.5694934426,
O1/0525/2,,videos/sample_002097_O1__0525__2.pt,ok,0.5619356036,0.5947996378,0.5701044989,0.5516730892,average,0.5619356036,0.5701044989,
O1/0525/3,,videos/sample_002098_O1__0525__3.pt,ok,0.5611940622,0.5893110037,0.5705274117,0.5547093458,average,0.5611940622,0.5705274117,
O1/0525/4,,videos/sample_002099_O1__0525__4.pt,ok,0.5597572327,0.5887060761,0.5713477516,0.5550450063,average,0.5597572327,0.5713477516,
O1/0526/1,,videos/sample_002100_O1__0526__1.pt,ok,0.6159258485,0.6508528590,0.5401405754,0.5216007351,average,0.6159258485,0.5401405754,
O1/0526/2,,videos/sample_002101_O1__0526__2.pt,ok,0.6141591668,0.6508528590,0.5410956753,0.5216007351,average,0.6141591668,0.5410956753,
O1/0526/3,,videos/sample_002102_O1__0526__3.pt,ok,0.6158186793,0.6494452953,0.5401984649,0.5223354383,average,0.6158186793,0.5401984649,
O1/0526/4,,videos/sample_002103_O1__0526__4.pt,ok,0.6154223084,0.6494452953,0.5404126263,0.5223354383,average,0.6154223084,0.5404126263,
O1/0527/1,,videos/sample_002104_O1__0527__1.pt,ok,0.6153122783,0.6286558509,0.5404720913,0.5333081651,average,0.6153122783,0.5404720913,
O1/0527/2,,videos/sample_002105_O1__0527__2.pt,ok,0.6130589247,0.6268768311,0.5416913392,0.5342577754,average,0.6130589247,0.5416913392,
O1/0527/3,,videos/sample_002106_O1__0527__3.pt,ok,0.6148576736,0.6275318861,0.5407178482,0.5339079217,average,0.6148576736,0.5407178482,
O1/0527/4,,videos/sample_002107_O1__0527__4.pt,ok,0.6143944263,0.6279093027,0.5409683923,0.5337064540,average,0.6143944263,0.5409683923,
O1/0528/1,,videos/sample_002108_O1__0528__1.pt,ok,0.5443135500,0.5778278708,0.5802399524,0.5611158599,average,0.5443135500,0.5802399524,
O1/0528/2,,videos/sample_002109_O1__0528__2.pt,ok,0.5423201323,0.5611982346,0.5813977666,0.5705250313,average,0.5423201323,0.5813977666,
O1/0528/3,,videos/sample_002110_O1__0528__3.pt,ok,0.5465208888,0.5775979161,0.5789605787,0.5612449060,average,0.5465208888,0.5789605787,
O1/0528/4,,videos/sample_002111_O1__0528__4.pt,ok,0.5447717309,0.5645787120,0.5799741584,0.5685996405,average,0.5447717309,0.5799741584,
O1/0529/1,,videos/sample_002112_O1__0529__1.pt,ok,0.5890939832,0.6097023487,0.5548297422,0.5435126222,average,0.5890939832,0.5548297422,
O1/0529/2,,videos/sample_002113_O1__0529__2.pt,ok,0.5901691914,0.6102933288,0.5542335053,0.5431915120,average,0.5901691914,0.5542335053,
O1/0529/3,,videos/sample_002114_O1__0529__3.pt,ok,0.5898420215,0.6115158796,0.5544148635,0.5425278385,average,0.5898420215,0.5544148635,
O1/0529/4,,videos/sample_002115_O1__0529__4.pt,ok,0.5885735750,0.6082034111,0.5551185552,0.5443279246,average,0.5885735750,0.5551185552,
O1/0530/1,,videos/sample_002116_O1__0530__1.pt,ok,0.5545961261,0.5852158666,0.5743041608,0.5569856143,average,0.5545961261,0.5743041608,
O1/0530/2,,videos/sample_002117_O1__0530__2.pt,ok,0.5560761094,0.5891258717,0.5734548289,0.5548120498,average,0.5560761094,0.5734548289,
O1/0530/3,,videos/sample_002118_O1__0530__3.pt,ok,0.5512345433,0.5684674978,0.5762379803,0.5663927721,average,0.5512345433,0.5762379803,
O1/0530/4,,videos/sample_002119_O1__0530__4.pt,ok,0.5501053929,0.5688171983,0.5768890072,0.5661947389,average,0.5501053929,0.5768890072,
O1/0531/1,,videos/sample_002120_O1__0531__1.pt,ok,0.6150545478,0.6284546256,0.5406114053,0.5334154910,average,0.6150545478,0.5406114053,
O1/0531/2,,videos/sample_002121_O1__0531__2.pt,ok,0.6157392859,0.6287803054,0.5402413548,0.5332417967,average,0.6157392859,0.5402413548,
O1/0531/3,,videos/sample_002122_O1__0531__3.pt,ok,0.6129658818,0.6271121502,0.5417417420,0.5341320691,average,0.6129658818,0.5417417420,
O1/0531/4,,videos/sample_002123_O1__0531__4.pt,ok,0.6150552630,0.6287803054,0.5406110187,0.5332417967,average,0.6150552630,0.5406110187,
O1/0532/1,,videos/sample_002124_O1__0532__1.pt,ok,0.6122319698,0.6425678730,0.5421394787,0.5259401411,average,0.6122319698,0.5421394787,
O1/0532/2,,videos/sample_002125_O1__0532__2.pt,ok,0.6100589037,0.6419315934,0.5433188646,0.5262748925,average,0.6100589037,0.5433188646,
O1/0532/3,,videos/sample_002126_O1__0532__3.pt,ok,0.6130324602,0.6425678730,0.5417056749,0.5259401411,average,0.6130324602,0.5417056749,
O1/0532/4,,videos/sample_002127_O1__0532__4.pt,ok,0.6123493314,0.6419315934,0.5420758561,0.5262748925,average,0.6123493314,0.5420758561,
O1/0533/1,,videos/sample_002128_O1__0533__1.pt,ok,0.6115692854,0.6390323639,0.5424988652,0.5278028982,average,0.6115692854,0.5424988652,
O1/0533/2,,videos/sample_002129_O1__0533__2.pt,ok,0.6090803146,0.6384083629,0.5438508108,0.5281323505,average,0.6090803146,0.5438508108,
O1/0533/3,,videos/sample_002130_O1__0533__3.pt,ok,0.6109532714,0.6384083629,0.5428331550,0.5281323505,average,0.6109532714,0.5428331550,
O1/0533/4,,videos/sample_002131_O1__0533__4.pt,ok,0.6110503078,0.6390323639,0.5427804830,0.5278028982,average,0.6110503078,0.5427804830,
O1/0534/1,,videos/sample_002132_O1__0534__1.pt,ok,0.6146647930,0.6442338228,0.5408221523,0.5250646806,average,0.6146647930,0.5408221523,
O1/0534/2,,videos/sample_002133_O1__0534__2.pt,ok,0.6158605218,0.6442338228,0.5401758622,0.5250646806,average,0.6158605218,0.5401758622,
O1/0534/3,,videos/sample_002134_O1__0534__3.pt,ok,0.6171755195,0.6451162696,0.5394659990,0.5246015434,average,0.6171755195,0.5394659990,
O1/0534/4,,videos/sample_002135_O1__0534__4.pt,ok,0.6168800592,0.6451162696,0.5396254133,0.5246015434,average,0.6168800592,0.5396254133,
O1/0535/1,,videos/sample_002136_O1__0535__1.pt,ok,0.5601772666,0.5811623335,0.5711078165,0.5592479560,average,0.5601772666,0.5711078165,
O1/0535/2,,videos/sample_002137_O1__0535__2.pt,ok,0.5590609908,0.5801537037,0.5717456863,0.5598123147,average,0.5590609908,0.5717456863,
O1/0535/3,,videos/sample_002138_O1__0535__3.pt,ok,0.5612311363,0.5853340030,0.5705062603,0.5569198179,average,0.5612311363,0.5705062603,
O1/0535/4,,videos/sample_002139_O1__0535__4.pt,ok,0.5611898303,0.5865708590,0.5705298262,0.5562314141,average,0.5611898303,0.5705298262,
O1/0536/1,,videos/sample_002140_O1__0536__1.pt,ok,0.5718598962,0.6047833562,0.5644745976,0.5461927431,average,0.5718598962,0.5644745976,
O1/0536/2,,videos/sample_002141_O1__0536__2.pt,ok,0.5722404122,0.6060382128,0.5642598468,0.5455077794,average,0.5722404122,0.5642598468,
O1/0536/3,,videos/sample_002142_O1__0536__3.pt,ok,0.5663534999,0.5952085257,0.5675913917,0.5514475629,average,0.5663534999,0.5675913917,
O1/0536/4,,videos/sample_002143_O1__0536__4.pt,ok,0.5687311888,0.6028200984,0.5662434391,0.5472661136,average,0.5687311888,0.5662434391,
O1/0537/1,,videos/sample_002144_O1__0537__1.pt,ok,0.5639514923,0.5971262455,0.5689563893,0.5503910543,average,0.5639514923,0.5689563893,
O1/0537/2,,videos/sample_002145_O1__0537__2.pt,ok,0.5614017248,0.6000941992,0.5704089468,0.5487599409,average,0.5614017248,0.5704089468,
O1/0537/3,,videos/sample_002146_O1__0537__3.pt,ok,0.5564778447,0.5883492827,0.5732244981,0.5552430780,average,0.5564778447,0.5732244981,
O1/0537/4,,videos/sample_002147_O1__0537__4.pt,ok,0.5647632480,0.5983576179,0.5684947231,0.5497137351,average,0.5647632480,0.5684947231,
O1/0538/1,,videos/sample_002148_O1__0538__1.pt,ok,0.5552331805,0.5878148675,0.5739384143,0.5555398877,average,0.5552331805,0.5739384143,
O1/0538/2,,videos/sample_002149_O1__0538__2.pt,ok,0.5419814587,0.5561873317,0.5815947040,0.5733910515,average,0.5419814587,0.5815947040,
O1/0538/3,,videos/sample_002150_O1__0538__3.pt,ok,0.5537778735,0.5903788209,0.5747742790,0.5541173337,average,0.5537778735,0.5747742790,
O1/0538/4,,videos/sample_002151_O1__0538__4.pt,ok,0.5558742881,0.5864007473,0.5735705760,0.5563260436,average,0.5558742881,0.5735705760,
O1/0539/1,,videos/sample_002152_O1__0539__1.pt,ok,0.6194442511,0.6335019469,0.5382434827,0.5307299547,average,0.6194442511,0.5382434827,
O1/0539/2,,videos/sample_002153_O1__0539__2.pt,ok,0.6186407804,0.6334547997,0.5386761193,0.5307549778,average,0.6186407804,0.5386761193,
O1/0539/3,,videos/sample_002154_O1__0539__3.pt,ok,0.6177744865,0.6317819953,0.5391429734,0.5316435700,average,0.6177744865,0.5391429734,
O1/0539/4,,videos/sample_002155_O1__0539__4.pt,ok,0.6191829443,0.6331242919,0.5383841478,0.5309304254,average,0.6191829443,0.5383841478,
O1/0540/1,,videos/sample_002156_O1__0540__1.pt,ok,0.6178709865,0.6317176819,0.5390909486,0.5316777630,average,0.6178709865,0.5390909486,
O1/0540/2,,videos/sample_002157_O1__0540__2.pt,ok,0.6178111434,0.6330757141,0.5391232104,0.5309562175,average,0.6178111434,0.5391232104,
O1/0540/3,,videos/sample_002158_O1__0540__3.pt,ok,0.6184965968,0.6317015290,0.5387537932,0.5316863511,average,0.6184965968,0.5387537932,
O1/0540/4,,videos/sample_002159_O1__0540__4.pt,ok,0.6194215417,0.6317176819,0.5382557060,0.5316777630,average,0.6194215417,0.5382557060,
O1/0541/1,,videos/sample_002160_O1__0541__1.pt,ok,0.6238785386,0.6453208327,0.5358620403,0.5244942402,average,0.6238785386,0.5358620403,
O1/0541/2,,videos/sample_002161_O1__0541__2.pt,ok,0.6233748794,0.6452777386,0.5361320001,0.5245168433,average,0.6233748794,0.5361320001,
O1/0541/3,,videos/sample_002162_O1__0541__3.pt,ok,0.6217869520,0.6452777386,0.5369840151,0.5245168433,average,0.6217869520,0.5369840151,
O1/0541/4,,videos/sample_002163_O1__0541__4.pt,ok,0.6237143874,0.6453208327,0.5359500099,0.5244942402,average,0.6237143874,0.5359500099,
O1/0542/1,,videos/sample_002164_O1__0542__1.pt,ok,0.5379272699,0.5660821199,0.5839573849,0.5677454456,average,0.5379272699,0.5839573849,
O1/0542/2,,videos/sample_002165_O1__0542__2.pt,ok,0.5331978202,0.5506877899,0.5867257232,0.5765531266,average,0.5331978202,0.5867257232,
O1/0542/3,,videos/sample_002166_O1__0542__3.pt,ok,0.5354366302,0.5528897643,0.5854136250,0.5752849681,average,0.5354366302,0.5854136250,
O1/0542/4,,videos/sample_002167_O1__0542__4.pt,ok,0.5385925770,0.5681419969,0.5835690031,0.5665771635,average,0.5385925770,0.5835690031,
O1/0543/1,,videos/sample_002168_O1__0543__1.pt,ok,0.5465135574,0.5784110427,0.5789648233,0.5607887284,average,0.5465135574,0.5789648233,
O1/0543/2,,videos/sample_002169_O1__0543__2.pt,ok,0.5337889791,0.5500532389,0.5863789776,0.5769190950,average,0.5337889791,0.5863789776,
O1/0543/3,,videos/sample_002170_O1__0543__3.pt,ok,0.5447584987,0.5775436163,0.5799818328,0.5612753823,average,0.5447584987,0.5799818328,
O1/0543/4,,videos/sample_002171_O1__0543__4.pt,ok,0.5454497933,0.5838691592,0.5795810330,0.5577362162,average,0.5454497933,0.5795810330,
O1/0544/1,,videos/sample_002172_O1__0544__1.pt,ok,0.5865142345,0.6063271761,0.5562629112,0.5453501704,average,0.5865142345,0.5562629112,
O1/0544/2,,videos/sample_002173_O1__0544__2.pt,ok,0.5875841379,0.6106073260,0.5556680819,0.5430209781,average,0.5875841379,0.5556680819,
O1/0544/3,,videos/sample_002174_O1__0544__3.pt,ok,0.5852727890,0.6048074961,0.5569539102,0.5461795582,average,0.5852727890,0.5569539102,
O1/0544/4,,videos/sample_002175_O1__0544__4.pt,ok,0.5866497755,0.6090204120,0.5561875199,0.5438833899,average,0.5866497755,0.5561875199,
O1/0545/1,,videos/sample_002176_O1__0545__1.pt,ok,0.5411539674,0.5758547783,0.5820761678,0.5622240864,average,0.5411539674,0.5820761678,
O1/0545/2,,videos/sample_002177_O1__0545__2.pt,ok,0.5502184033,0.5883818269,0.5768238164,0.5552250084,average,0.5502184033,0.5768238164,
O1/0545/3,,videos/sample_002178_O1__0545__3.pt,ok,0.5513749719,0.5930151939,0.5761570657,0.5526583977,average,0.5513749719,0.5761570657,
O1/0545/4,,videos/sample_002179_O1__0545__4.pt,ok,0.5492753983,0.5858613849,0.5773680207,0.5566261859,average,0.5492753983,0.5773680207,
O1/0546/1,,videos/sample_002180_O1__0546__1.pt,ok,0.5485078692,0.5635266900,0.5778113375,0.5691981346,average,0.5485078692,0.5778113375,
O1/0546/2,,videos/sample_002181_O1__0546__2.pt,ok,0.5471297503,0.5628541112,0.5786081793,0.5695810940,average,0.5471297503,0.5786081793,
O1/0546/3,,videos/sample_002182_O1__0546__3.pt,ok,0.5496196747,0.5722789764,0.5771692807,0.5642380870,average,0.5496196747,0.5771692807,
O1/0546/4,,videos/sample_002183_O1__0546__4.pt,ok,0.5500596762,0.5746461153,0.5769153813,0.5629040367,average,0.5500596762,0.5769153813,
O1/0547/1,,videos/sample_002184_O1__0547__1.pt,ok,0.6402685046,0.6604421139,0.5271508626,0.5166228779,average,0.6402685046,0.5271508626,
O1/0547/2,,videos/sample_002185_O1__0547__2.pt,ok,0.6408044100,0.6604278684,0.5268684353,0.5166302375,average,0.6408044100,0.5268684353,
O1/0547/3,,videos/sample_002186_O1__0547__3.pt,ok,0.6394062042,0.6604421139,0.5276056210,0.5166228779,average,0.6394062042,0.5276056210,
O1/0547/4,,videos/sample_002187_O1__0547__4.pt,ok,0.6409846544,0.6604278684,0.5267734788,0.5166302375,average,0.6409846544,0.5267734788,
O1/0548/1,,videos/sample_002188_O1__0548__1.pt,ok,0.6109969020,0.6420006156,0.5428094714,0.5262385691,average,0.6109969020,0.5428094714,
O1/0548/2,,videos/sample_002189_O1__0548__2.pt,ok,0.6093944907,0.6420006156,0.5436799727,0.5262385691,average,0.6093944907,0.5436799727,
O1/0548/3,,videos/sample_002190_O1__0548__3.pt,ok,0.6126878262,0.6409658790,0.5418923973,0.5267833693,average,0.6126878262,0.5418923973,
O1/0548/4,,videos/sample_002191_O1__0548__4.pt,ok,0.6118143797,0.6409658790,0.5423659181,0.5267833693,average,0.6118143797,0.5423659181,
O1/0549/1,,videos/sample_002192_O1__0549__1.pt,ok,0.6241067052,0.6505365372,0.5357397884,0.5217657549,average,0.6241067052,0.5357397884,
O1/0549/2,,videos/sample_002193_O1__0549__2.pt,ok,0.6230449080,0.6505734324,0.5363089375,0.5217465046,average,0.6230449080,0.5363089375,
O1/0549/3,,videos/sample_002194_O1__0549__3.pt,ok,0.6205479503,0.6505734324,0.5376497515,0.5217465046,average,0.6205479503,0.5376497515,
O1/0549/4,,videos/sample_002195_O1__0549__4.pt,ok,0.6234055758,0.6505365372,0.5361155430,0.5217657549,average,0.6234055758,0.5361155430,
O1/0550/1,,videos/sample_002196_O1__0550__1.pt,ok,0.6101887226,0.6237111092,0.5432483362,0.5359517669,average,0.6101887226,0.5432483362,
O1/0550/2,,videos/sample_002197_O1__0550__2.pt,ok,0.6095775962,0.6239215732,0.5435804310,0.5358389802,average,0.6095775962,0.5435804310,
O1/0550/3,,videos/sample_002198_O1__0550__3.pt,ok,0.6111205816,0.6239215732,0.5427423411,0.5358389802,average,0.6111205816,0.5427423411,
O1/0550/4,,videos/sample_002199_O1__0550__4.pt,ok,0.6094383001,0.6237111092,0.5436561549,0.5359517669,average,0.6094383001,0.5436561549,
O1/0551/1,,videos/sample_002200_O1__0551__1.pt,ok,0.6242066622,0.6507036090,0.5356862401,0.5216785899,average,0.6242066622,0.5356862401,
O1/0551/2,,videos/sample_002201_O1__0551__2.pt,ok,0.6228851676,0.6507036090,0.5363946146,0.5216785899,average,0.6228851676,0.5363946146,
O1/0551/3,,videos/sample_002202_O1__0551__3.pt,ok,0.6245103478,0.6491114497,0.5355235846,0.5225098468,average,0.6245103478,0.5355235846,
O1/0551/4,,videos/sample_002203_O1__0551__4.pt,ok,0.6240905523,0.6491114497,0.5357484422,0.5225098468,average,0.6240905523,0.5357484422,
O1/0552/1,,videos/sample_002204_O1__0552__1.pt,ok,0.5713178515,0.6053113937,0.5647806510,0.5459044090,average,0.5713178515,0.5647806510,
O1/0552/2,,videos/sample_002205_O1__0552__2.pt,ok,0.5665208697,0.6111643910,0.5674964020,0.5427185644,average,0.5665208697,0.5674964020,
O1/0552/3,,videos/sample_002206_O1__0552__3.pt,ok,0.5615062118,0.5973519683,0.5703493497,0.5502668326,average,0.5615062118,0.5703493497,
O1/0552/4,,videos/sample_002207_O1__0552__4.pt,ok,0.5713643432,0.6060865521,0.5647543940,0.5454814105,average,0.5713643432,0.5647543940,
O1/0553/1,,videos/sample_002208_O1__0553__1.pt,ok,0.5504781604,0.5866979361,0.5766740018,0.5561607343,average,0.5504781604,0.5766740018,
O1/0553/2,,videos/sample_002209_O1__0553__2.pt,ok,0.5317838788,0.5500820279,0.5875559057,0.5769024863,average,0.5317838788,0.5875559057,
O1/0553/3,,videos/sample_002210_O1__0553__3.pt,ok,0.5507845879,0.5870564580,0.5764973201,0.5559613742,average,0.5507845879,0.5764973201,
O1/0553/4,,videos/sample_002211_O1__0553__4.pt,ok,0.5470948219,0.5958853960,0.5786283894,0.5510744307,average,0.5470948219,0.5786283894,
O1/0554/1,,videos/sample_002212_O1__0554__1.pt,ok,0.6109753251,0.6429556608,0.5428211837,0.5257362274,average,0.6109753251,0.5428211837,
O1/0554/2,,videos/sample_002213_O1__0554__2.pt,ok,0.6094140410,0.6429895163,0.5436693437,0.5257184287,average,0.6094140410,0.5436693437,
O1/0554/3,,videos/sample_002214_O1__0554__3.pt,ok,0.6116186380,0.6429895163,0.5424720921,0.5257184287,average,0.6116186380,0.5424720921,
O1/0554/4,,videos/sample_002215_O1__0554__4.pt,ok,0.6109099388,0.6429556608,0.5428566779,0.5257362274,average,0.6109099388,0.5428566779,
O1/0555/1,,videos/sample_002216_O1__0555__1.pt,ok,0.5589382052,0.5903727412,0.5718158927,0.5541207026,average,0.5589382052,0.5718158927,
O1/0555/2,,videos/sample_002217_O1__0555__2.pt,ok,0.5646908879,0.5930821300,0.5685358609,0.5526214062,average,0.5646908879,0.5685358609,
O1/0555/3,,videos/sample_002218_O1__0555__3.pt,ok,0.5655016899,0.5959435701,0.5680750777,0.5510423734,average,0.5655016899,0.5680750777,
O1/0555/4,,videos/sample_002219_O1__0555__4.pt,ok,0.5654929876,0.5968449712,0.5680800213,0.5505458870,average,0.5654929876,0.5680800213,
O1/0556/1,,videos/sample_002220_O1__0556__1.pt,ok,0.5457158089,0.5854516029,0.5794268760,0.5568543280,average,0.5457158089,0.5794268760,
O1/0556/2,,videos/sample_002221_O1__0556__2.pt,ok,0.5391902924,0.5745595098,0.5832202992,0.5629527894,average,0.5391902924,0.5832202992,
O1/0556/3,,videos/sample_002222_O1__0556__3.pt,ok,0.5459812880,0.5850737095,0.5792730707,0.5570647993,average,0.5459812880,0.5792730707,
O1/0556/4,,videos/sample_002223_O1__0556__4.pt,ok,0.5443159938,0.5849483609,0.5802385344,0.5571346310,average,0.5443159938,0.5802385344,
O1/0557/1,,videos/sample_002224_O1__0557__1.pt,ok,0.5758776665,0.5977564454,0.5622112183,0.5500443072,average,0.5758776665,0.5622112183,
O1/0557/2,,videos/sample_002225_O1__0557__2.pt,ok,0.5750445724,0.5982344151,0.5626797883,0.5497814656,average,0.5750445724,0.5626797883,
O1/0557/3,,videos/sample_002226_O1__0557__3.pt,ok,0.5747473240,0.5936502218,0.5628470688,0.5523075557,average,0.5747473240,0.5628470688,
O1/0557/4,,videos/sample_002227_O1__0557__4.pt,ok,0.5734823942,0.5932238102,0.5635594813,0.5525431162,average,0.5734823942,0.5635594813,
O1/0558/1,,videos/sample_002228_O1__0558__1.pt,ok,0.5598862767,0.5923495889,0.5712740273,0.5530263724,average,0.5598862767,0.5712740273,
O1/0558/2,,videos/sample_002229_O1__0558__2.pt,ok,0.5607896447,0.5935837030,0.5707581897,0.5523442957,average,0.5607896447,0.5707581897,
O1/0558/3,,videos/sample_002230_O1__0558__3.pt,ok,0.5602732301,0.5978022218,0.5710530137,0.5500191288,average,0.5602732301,0.5710530137,
O1/0558/4,,videos/sample_002231_O1__0558__4.pt,ok,0.5551618934,0.5877911448,0.5739793302,0.5555530667,average,0.5551618934,0.5739793302,
O1/0559/1,,videos/sample_002232_O1__0559__1.pt,ok,0.5693984032,0.5955044031,0.5658657594,0.5512844261,average,0.5693984032,0.5658657594,
O1/0559/2,,videos/sample_002233_O1__0559__2.pt,ok,0.5654387474,0.5867695212,0.5681108349,0.5561209229,average,0.5654387474,0.5681108349,
O1/0559/3,,videos/sample_002234_O1__0559__3.pt,ok,0.5707479715,0.5956686139,0.5651025999,0.5511939067,average,0.5707479715,0.5651025999,
O1/0559/4,,videos/sample_002235_O1__0559__4.pt,ok,0.5690103173,0.5912687182,0.5660854065,0.5536244455,average,0.5690103173,0.5660854065,
O1/0560/1,,videos/sample_002236_O1__0560__1.pt,ok,0.5383251309,0.5573374033,0.5837250972,0.5727319898,average,0.5383251309,0.5837250972,
O1/0560/2,,videos/sample_002237_O1__0560__2.pt,ok,0.5563259721,0.5866397023,0.5733115619,0.5561931226,average,0.5563259721,0.5733115619,
O1/0560/3,,videos/sample_002238_O1__0560__3.pt,ok,0.5585438013,0.5904044509,0.5720414637,0.5541031319,average,0.5585438013,0.5720414637,
O1/0560/4,,videos/sample_002239_O1__0560__4.pt,ok,0.5500580072,0.5868723989,0.5769163441,0.5560637134,average,0.5500580072,0.5769163441,
O1/0561/1,,videos/sample_002240_O1__0561__1.pt,ok,0.5781922340,0.6001498699,0.5609114472,0.5487293919,average,0.5781922340,0.5609114472,
O1/0561/2,,videos/sample_002241_O1__0561__2.pt,ok,0.5776718259,0.5994760394,0.5612034261,0.5490992671,average,0.5776718259,0.5612034261,
O1/0561/3,,videos/sample_002242_O1__0561__3.pt,ok,0.5774413347,0.5994760394,0.5613327934,0.5490992671,average,0.5774413347,0.5613327934,
O1/0561/4,,videos/sample_002243_O1__0561__4.pt,ok,0.5783643723,0.6001498699,0.5608149012,0.5487293919,average,0.5783643723,0.5608149012,
O1/0562/1,,videos/sample_002244_O1__0562__1.pt,ok,0.5548970103,0.5775794983,0.5741313878,0.5612552430,average,0.5548970103,0.5741313878,
O1/0562/2,,videos/sample_002245_O1__0562__2.pt,ok,0.5523766279,0.5724992752,0.5755802435,0.5641137998,average,0.5523766279,0.5755802435,
O1/0562/3,,videos/sample_002246_O1__0562__3.pt,ok,0.5540492535,0.5764881372,0.5746183179,0.5618681095,average,0.5540492535,0.5746183179,
O1/0562/4,,videos/sample_002247_O1__0562__4.pt,ok,0.5529445410,0.5736904740,0.5752534567,0.5634422281,average,0.5529445410,0.5752534567,
O1/0563/1,,videos/sample_002248_O1__0563__1.pt,ok,0.5648363233,0.5919848680,0.5684531817,0.5532281094,average,0.5648363233,0.5684531817,
O1/0563/2,,videos/sample_002249_O1__0563__2.pt,ok,0.5624261498,0.5845097899,0.5698249048,0.5573790277,average,0.5624261498,0.5698249048,
O1/0563/3,,videos/sample_002250_O1__0563__3.pt,ok,0.5629761815,0.5842836499,0.5695115693,0.5575050876,average,0.5629761815,0.5695115693,
O1/0563/4,,videos/sample_002251_O1__0563__4.pt,ok,0.5647529960,0.5904539227,0.5685005513,0.5540757201,average,0.5647529960,0.5685005513,
O1/0564/1,,videos/sample_002252_O1__0564__1.pt,ok,0.5601962805,0.5841544867,0.5710969577,0.5575771014,average,0.5601962805,0.5710969577,
O1/0564/2,,videos/sample_002253_O1__0564__2.pt,ok,0.5597896576,0.5848926306,0.5713292260,0.5571656812,average,0.5597896576,0.5713292260,
O1/0564/3,,videos/sample_002254_O1__0564__3.pt,ok,0.5588794947,0.5799882412,0.5718494654,0.5599049503,average,0.5588794947,0.5718494654,
O1/0564/4,,videos/sample_002255_O1__0564__4.pt,ok,0.5578075051,0.5797255635,0.5724628107,0.5600520442,average,0.5578075051,0.5724628107,
O1/0565/1,,videos/sample_002256_O1__0565__1.pt,ok,0.6191040277,0.6316956282,0.5384266369,0.5316894886,average,0.6191040277,0.5384266369,
O1/0565/2,,videos/sample_002257_O1__0565__2.pt,ok,0.6172318459,0.6326182485,0.5394356137,0.5311991673,average,0.6172318459,0.5394356137,
O1/0565/3,,videos/sample_002258_O1__0565__3.pt,ok,0.6196528673,0.6316956282,0.5381312081,0.5316894886,average,0.6196528673,0.5381312081,
O1/0565/4,,videos/sample_002259_O1__0565__4.pt,ok,0.6187037826,0.6327680349,0.5386421827,0.5311196068,average,0.6187037826,0.5386421827,
O1/0566/1,,videos/sample_002260_O1__0566__1.pt,ok,0.5417731404,0.5815252066,0.5817158734,0.5590450568,average,0.5417731404,0.5817158734,
O1/0566/2,,videos/sample_002261_O1__0566__2.pt,ok,0.5435388684,0.5852926970,0.5806896277,0.5569428225,average,0.5435388684,0.5806896277,
O1/0566/3,,videos/sample_002262_O1__0566__3.pt,ok,0.5372385979,0.5727021694,0.5843596785,0.5639993559,average,0.5372385979,0.5843596785,
O1/0566/4,,videos/sample_002263_O1__0566__4.pt,ok,0.5424166322,0.5748586655,0.5813416645,0.5627844041,average,0.5424166322,0.5813416645,
O1/0567/1,,videos/sample_002264_O1__0567__1.pt,ok,0.5331343412,0.5666095018,0.5867629691,0.5674461058,average,0.5331343412,0.5867629691,
O1/0567/2,,videos/sample_002265_O1__0567__2.pt,ok,0.5269615650,0.5469693542,0.5903961274,0.5787009932,average,0.5269615650,0.5903961274,
O1/0567/3,,videos/sample_002266_O1__0567__3.pt,ok,0.5373847485,0.5717346668,0.5842742802,0.5645452908,average,0.5373847485,0.5842742802,
O1/0567/4,,videos/sample_002267_O1__0567__4.pt,ok,0.5353504419,0.5644366145,0.5854640830,0.5686804428,average,0.5353504419,0.5854640830,
O1/0568/1,,videos/sample_002268_O1__0568__1.pt,ok,0.5695434809,0.5918989778,0.5657836708,0.5532756284,average,0.5695434809,0.5657836708,
O1/0568/2,,videos/sample_002269_O1__0568__2.pt,ok,0.5685102940,0.5896347165,0.5663685332,0.5545298083,average,0.5685102940,0.5663685332,
O1/0568/3,,videos/sample_002270_O1__0568__3.pt,ok,0.5682824254,0.5907896161,0.5664976055,0.5538897517,average,0.5682824254,0.5664976055,
O1/0568/4,,videos/sample_002271_O1__0568__4.pt,ok,0.5670266747,0.5877138376,0.5672094321,0.5555960166,average,0.5670266747,0.5672094321,
O1/0569/1,,videos/sample_002272_O1__0569__1.pt,ok,0.5567776561,0.5791727304,0.5730526647,0.5603617451,average,0.5567776561,0.5730526647,
O1/0569/2,,videos/sample_002273_O1__0569__2.pt,ok,0.5559122562,0.5784323215,0.5735487990,0.5607767955,average,0.5559122562,0.5735487990,
O1/0569/3,,videos/sample_002274_O1__0569__3.pt,ok,0.5585438609,0.5866109133,0.5720414296,0.5562091351,average,0.5585438609,0.5720414296,
O1/0569/4,,videos/sample_002275_O1__0569__4.pt,ok,0.5584250689,0.5861241221,0.5721093876,0.5564799586,average,0.5584250689,0.5721093876,
O1/0570/1,,videos/sample_002276_O1__0570__1.pt,ok,0.5318077803,0.5603389740,0.5875418625,0.5710154716,average,0.5318077803,0.5875418625,
O1/0570/2,,videos/sample_002277_O1__0570__2.pt,ok,0.5438615680,0.5775554180,0.5805022697,0.5612687584,average,0.5438615680,0.5805022697,
O1/0570/3,,videos/sample_002278_O1__0570__3.pt,ok,0.5460759401,0.5852574706,0.5792182438,0.5569624419,average,0.5460759401,0.5792182438,
O1/0570/4,,videos/sample_002279_O1__0570__4.pt,ok,0.5407022238,0.5839695334,0.5823391763,0.5576802367,average,0.5407022238,0.5823391763,
O1/0571/1,,videos/sample_002280_O1__0571__1.pt,ok,0.6101723313,0.6257148385,0.5432572408,0.5348789398,average,0.6101723313,0.5432572408,
O1/0571/2,,videos/sample_002281_O1__0571__2.pt,ok,0.6127190590,0.6227564216,0.5418754728,0.5364636777,average,0.6127190590,0.5418754728,
O1/0571/3,,videos/sample_002282_O1__0571__3.pt,ok,0.6124211550,0.6253264546,0.5420369237,0.5350867185,average,0.6124211550,0.5420369237,
O1/0571/4,,videos/sample_002283_O1__0571__4.pt,ok,0.6115719676,0.6230542064,0.5424974101,0.5363039507,average,0.6115719676,0.5424974101,
O1/0572/1,,videos/sample_002284_O1__0572__1.pt,ok,0.6198527813,0.6462363601,0.5380236389,0.5240142711,average,0.6198527813,0.5380236389,
O1/0572/2,,videos/sample_002285_O1__0572__2.pt,ok,0.6210370064,0.6468146443,0.5373868749,0.5237113295,average,0.6210370064,0.5373868749,
O1/0572/3,,videos/sample_002286_O1__0572__3.pt,ok,0.6198527813,0.6462363601,0.5380236389,0.5240142711,average,0.6198527813,0.5380236389,
O1/0572/4,,videos/sample_002287_O1__0572__4.pt,ok,0.6210370064,0.6468146443,0.5373868749,0.5237113295,average,0.6210370064,0.5373868749,
O1/0573/1,,videos/sample_002288_O1__0573__1.pt,ok,0.5464783907,0.5698356032,0.5789851840,0.5656184169,average,0.5464783907,0.5789851840,
O1/0573/2,,videos/sample_002289_O1__0573__2.pt,ok,0.5454800129,0.5696408749,0.5795635186,0.5657285696,average,0.5454800129,0.5795635186,
O1/0573/3,,videos/sample_002290_O1__0573__3.pt,ok,0.5454792976,0.5682067871,0.5795639331,0.5665404560,average,0.5454792976,0.5795639331,
O1/0573/4,,videos/sample_002291_O1__0573__4.pt,ok,0.5440044403,0.5675562620,0.5804193379,0.5669091247,average,0.5440044403,0.5804193379,
O1/0574/1,,videos/sample_002292_O1__0574__1.pt,ok,0.5543580055,0.5982136130,0.5744409307,0.5497929022,average,0.5543580055,0.5744409307,
O1/0574/2,,videos/sample_002293_O1__0574__2.pt,ok,0.5563795567,0.5894121528,0.5732808420,0.5546532403,average,0.5563795567,0.5732808420,
O1/0574/3,,videos/sample_002294_O1__0574__3.pt,ok,0.5433941483,0.5619394183,0.5807736713,0.5701023241,average,0.5433941483,0.5807736713,
O1/0574/4,,videos/sample_002295_O1__0574__4.pt,ok,0.5585259199,0.5933660269,0.5720516927,0.5524645410,average,0.5585259199,0.5720516927,
O1/0575/1,,videos/sample_002296_O1__0575__1.pt,ok,0.5768520236,0.5996222496,0.5616636906,0.5490189891,average,0.5768520236,0.5616636906,
O1/0575/2,,videos/sample_002297_O1__0575__2.pt,ok,0.5759233236,0.5984110832,0.5621855499,0.5496843453,average,0.5759233236,0.5621855499,
O1/0575/3,,videos/sample_002298_O1__0575__3.pt,ok,0.5770403147,0.5990803838,0.5615579442,0.5493165643,average,0.5770403147,0.5615579442,
O1/0575/4,,videos/sample_002299_O1__0575__4.pt,ok,0.5763494372,0.5980623364,0.5619460460,0.5498760793,average,0.5763494372,0.5619460460,
O1/0576/1,,videos/sample_002300_O1__0576__1.pt,ok,0.5634548664,0.5859950781,0.5692390179,0.5565517737,average,0.5634548664,0.5692390179,
O1/0576/2,,videos/sample_002301_O1__0576__2.pt,ok,0.5638827682,0.5851716399,0.5689954917,0.5570102484,average,0.5638827682,0.5689954917,
O1/0576/3,,videos/sample_002302_O1__0576__3.pt,ok,0.5642362833,0.5851716399,0.5687943787,0.5570102484,average,0.5642362833,0.5687943787,
O1/0576/4,,videos/sample_002303_O1__0576__4.pt,ok,0.5627471805,0.5837580562,0.5696420030,0.5577981858,average,0.5627471805,0.5696420030,
O1/0577/1,,videos/sample_002304_O1__0577__1.pt,ok,0.5514643192,0.5706756115,0.5761055899,0.5651434923,average,0.5514643192,0.5761055899,
O1/0577/2,,videos/sample_002305_O1__0577__2.pt,ok,0.5498152971,0.5643806458,0.5770563845,0.5687122721,average,0.5498152971,0.5770563845,
O1/0577/3,,videos/sample_002306_O1__0577__3.pt,ok,0.5501445532,0.5688635707,0.5768664165,0.5661684837,average,0.5501445532,0.5768664165,
O1/0577/4,,videos/sample_002307_O1__0577__4.pt,ok,0.5486019850,0.5638955832,0.5777569590,0.5689882000,average,0.5486019850,0.5777569590,
O1/0578/1,,videos/sample_002308_O1__0578__1.pt,ok,0.5344833136,0.5608848333,0.5859719757,0.5707038626,average,0.5344833136,0.5859719757,
O1/0578/2,,videos/sample_002309_O1__0578__2.pt,ok,0.5369280577,0.5570858121,0.5845411739,0.5728761022,average,0.5369280577,0.5845411739,
O1/0578/3,,videos/sample_002310_O1__0578__3.pt,ok,0.5331300497,0.5529664755,0.5867654872,0.5752408390,average,0.5331300497,0.5867654872,
O1/0578/4,,videos/sample_002311_O1__0578__4.pt,ok,0.5380203128,0.5631420016,0.5839030543,0.5694171406,average,0.5380203128,0.5839030543,
O1/0579/1,,videos/sample_002312_O1__0579__1.pt,ok,0.6097738743,0.6254788637,0.5434737486,0.5350051726,average,0.6097738743,0.5434737486,
O1/0579/2,,videos/sample_002313_O1__0579__2.pt,ok,0.6110368371,0.6287392974,0.5427877947,0.5332636643,average,0.6110368371,0.5427877947,
O1/0579/3,,videos/sample_002314_O1__0579__3.pt,ok,0.6118753552,0.6291429996,0.5423328480,0.5330484280,average,0.6118753552,0.5423328480,
O1/0579/4,,videos/sample_002315_O1__0579__4.pt,ok,0.6114282012,0.6270548701,0.5425754086,0.5341626651,average,0.6114282012,0.5425754086,
O1/0580/1,,videos/sample_002316_O1__0580__1.pt,ok,0.5551586151,0.5785027146,0.5739812119,0.5607373221,average,0.5551586151,0.5739812119,
O1/0580/2,,videos/sample_002317_O1__0580__2.pt,ok,0.5574222207,0.5844992995,0.5726834142,0.5573848748,average,0.5574222207,0.5726834142,
O1/0580/3,,videos/sample_002318_O1__0580__3.pt,ok,0.5558782220,0.5793616176,0.5735683196,0.5602559100,average,0.5558782220,0.5735683196,
O1/0580/4,,videos/sample_002319_O1__0580__4.pt,ok,0.5574219227,0.5840641260,0.5726835849,0.5576274867,average,0.5574219227,0.5726835849,
O1/0581/1,,videos/sample_002320_O1__0581__1.pt,ok,0.5647496581,0.5851058364,0.5685024489,0.5570469029,average,0.5647496581,0.5685024489,
O1/0581/2,,videos/sample_002321_O1__0581__2.pt,ok,0.5643810034,0.5851058364,0.5687120687,0.5570469029,average,0.5643810034,0.5687120687,
O1/0581/3,,videos/sample_002322_O1__0581__3.pt,ok,0.5652743578,0.5850639939,0.5682042341,0.5570702116,average,0.5652743578,0.5682042341,
O1/0581/4,,videos/sample_002323_O1__0581__4.pt,ok,0.5648993254,0.5850639939,0.5684173691,0.5570702116,average,0.5648993254,0.5684173691,
O1/0582/1,,videos/sample_002324_O1__0582__1.pt,ok,0.5505411625,0.5839138031,0.5766376713,0.5577113172,average,0.5505411625,0.5766376713,
O1/0582/2,,videos/sample_002325_O1__0582__2.pt,ok,0.5439779162,0.5826629996,0.5804347332,0.5584093409,average,0.5439779162,0.5804347332,
O1/0582/3,,videos/sample_002326_O1__0582__3.pt,ok,0.5531204939,0.5875674486,0.5751522481,0.5556773557,average,0.5531204939,0.5751522481,
O1/0582/4,,videos/sample_002327_O1__0582__4.pt,ok,0.5496564507,0.5875399113,0.5771480551,0.5556926578,average,0.5496564507,0.5771480551,
O1/0583/1,,videos/sample_002328_O1__0583__1.pt,ok,0.5370486975,0.5826519728,0.5844706592,0.5584154985,average,0.5370486975,0.5844706592,
O1/0583/2,,videos/sample_002329_O1__0583__2.pt,ok,0.5399085879,0.5779986382,0.5828015250,0.5610200479,average,0.5399085879,0.5828015250,
O1/0583/3,,videos/sample_002330_O1__0583__3.pt,ok,0.5230114460,0.5437189937,0.5927328745,0.5805850403,average,0.5230114460,0.5927328745,
O1/0583/4,,videos/sample_002331_O1__0583__4.pt,ok,0.5412077308,0.5787683725,0.5820448742,0.5605883776,average,0.5412077308,0.5820448742,
O1/0584/1,,videos/sample_002332_O1__0584__1.pt,ok,0.5547996759,0.5771641135,0.5741872732,0.5614884283,average,0.5547996759,0.5741872732,
O1/0584/2,,videos/sample_002333_O1__0584__2.pt,ok,0.5545424223,0.5786126256,0.5743350040,0.5606756943,average,0.5545424223,0.5743350040,
O1/0584/3,,videos/sample_002334_O1__0584__3.pt,ok,0.5568795204,0.5823036432,0.5729942940,0.5586100450,average,0.5568795204,0.5729942940,
O1/0584/4,,videos/sample_002335_O1__0584__4.pt,ok,0.5567047000,0.5819721818,0.5730944739,0.5587952333,average,0.5567047000,0.5730944739,
O1/0585/1,,videos/sample_002336_O1__0585__1.pt,ok,0.5648158193,0.5873349309,0.5684648374,0.5558065756,average,0.5648158193,0.5684648374,
O1/0585/2,,videos/sample_002337_O1__0585__2.pt,ok,0.5652221441,0.5868377686,0.5682339029,0.5560829704,average,0.5652221441,0.5682339029,
O1/0585/3,,videos/sample_002338_O1__0585__3.pt,ok,0.5660575628,0.5871502161,0.5677593879,0.5559092508,average,0.5660575628,0.5677593879,
O1/0585/4,,videos/sample_002339_O1__0585__4.pt,ok,0.5653966665,0.5873349309,0.5681347420,0.5558065756,average,0.5653966665,0.5681347420,
O1/0586/1,,videos/sample_002340_O1__0586__1.pt,ok,0.5356736183,0.5522381067,0.5852749054,0.5756599791,average,0.5356736183,0.5852749054,
O1/0586/2,,videos/sample_002341_O1__0586__2.pt,ok,0.5381686687,0.5667023063,0.5838164353,0.5673934468,average,0.5381686687,0.5838164353,
O1/0586/3,,videos/sample_002342_O1__0586__3.pt,ok,0.5382062197,0.5675599575,0.5837945128,0.5669070297,average,0.5382062197,0.5837945128,
O1/0586/4,,videos/sample_002343_O1__0586__4.pt,ok,0.5343745351,0.5515831113,0.5860357203,0.5760371572,average,0.5343745351,0.5860357203,
O1/0587/1,,videos/sample_002344_O1__0587__1.pt,ok,0.6224767566,0.6366735101,0.5366137288,0.5290493776,average,0.6224767566,0.5366137288,
O1/0587/2,,videos/sample_002345_O1__0587__2.pt,ok,0.6238665581,0.6374761462,0.5358684602,0.5286249138,average,0.6238665581,0.5358684602,
O1/0587/3,,videos/sample_002346_O1__0587__3.pt,ok,0.6240462065,0.6366735101,0.5357722010,0.5290493776,average,0.6240462065,0.5357722010,
O1/0587/4,,videos/sample_002347_O1__0587__4.pt,ok,0.6247015595,0.6373326182,0.5354211960,0.5287007917,average,0.6247015595,0.5354211960,
O1/0588/1,,videos/sample_002348_O1__0588__1.pt,ok,0.5771697760,0.5990454555,0.5614852489,0.5493357514,average,0.5771697760,0.5614852489,
O1/0588/2,,videos/sample_002349_O1__0588__2.pt,ok,0.5788163543,0.6016949415,0.5605614802,0.5478822203,average,0.5788163543,0.5605614802,
O1/0588/3,,videos/sample_002350_O1__0588__3.pt,ok,0.5794016123,0.6015387177,0.5602335031,0.5479678193,average,0.5794016123,0.5602335031,
O1/0588/4,,videos/sample_002351_O1__0588__4.pt,ok,0.5780490637,0.5997499824,0.5609917588,0.5489488658,average,0.5780490637,0.5609917588,
O1/0589/1,,videos/sample_002352_O1__0589__1.pt,ok,0.5588098764,0.5925015807,0.5718892779,0.5529423233,average,0.5588098764,0.5718892779,
O1/0589/2,,videos/sample_002353_O1__0589__2.pt,ok,0.5665153265,0.6042799354,0.5674995478,0.5464677771,average,0.5665153265,0.5674995478,
O1/0589/3,,videos/sample_002354_O1__0589__3.pt,ok,0.5668431520,0.5993126035,0.5673135374,0.5491890170,average,0.5668431520,0.5673135374,
O1/0589/4,,videos/sample_002355_O1__0589__4.pt,ok,0.5650091171,0.5965143442,0.5683549650,0.5507279424,average,0.5650091171,0.5683549650,
O1/0590/1,,videos/sample_002356_O1__0590__1.pt,ok,0.6098536849,0.6254744530,0.5434303753,0.5350075324,average,0.6098536849,0.5434303753,
O1/0590/2,,videos/sample_002357_O1__0590__2.pt,ok,0.6111176014,0.6264243722,0.5427439586,0.5344995597,average,0.6111176014,0.5427439586,
O1/0590/3,,videos/sample_002358_O1__0590__3.pt,ok,0.6087939143,0.6240476966,0.5440065921,0.5357714026,average,0.6087939143,0.5440065921,
O1/0590/4,,videos/sample_002359_O1__0590__4.pt,ok,0.6112705469,0.6257747412,0.5426609547,0.5348469000,average,0.6112705469,0.5426609547,
O1/0591/1,,videos/sample_002360_O1__0591__1.pt,ok,0.5322967172,0.5745827556,0.5872546618,0.5629397033,average,0.5322967172,0.5872546618,
O1/0591/2,,videos/sample_002361_O1__0591__2.pt,ok,0.5322863460,0.5544388294,0.5872607523,0.5743945041,average,0.5322863460,0.5872607523,
O1/0591/3,,videos/sample_002362_O1__0591__3.pt,ok,0.5303734541,0.5518577695,0.5883851938,0.5758789656,average,0.5303734541,0.5883851938,
O1/0591/4,,videos/sample_002363_O1__0591__4.pt,ok,0.5337309241,0.5705744028,0.5864130207,0.5652006926,average,0.5337309241,0.5864130207,
O1/0592/1,,videos/sample_002364_O1__0592__1.pt,ok,0.5686973333,0.5793257356,0.5662626099,0.5602760134,average,0.5686973333,0.5662626099,
O1/0592/2,,videos/sample_002365_O1__0592__2.pt,ok,0.5718277693,0.5917239189,0.5644927327,0.5533724927,average,0.5718277693,0.5644927327,
O1/0592/3,,videos/sample_002366_O1__0592__3.pt,ok,0.5673619509,0.5795842409,0.5670192922,0.5601311978,average,0.5673619509,0.5670192922,
O1/0592/4,,videos/sample_002367_O1__0592__4.pt,ok,0.5721438527,0.5936517715,0.5643143341,0.5523066997,average,0.5721438527,0.5643143341,
O1/0593/1,,videos/sample_002368_O1__0593__1.pt,ok,0.5763020515,0.6000517011,0.5619726748,0.5487832627,average,0.5763020515,0.5619726748,
O1/0593/2,,videos/sample_002369_O1__0593__2.pt,ok,0.5773852468,0.6044220924,0.5613642783,0.5463900984,average,0.5773852468,0.5613642783,
O1/0593/3,,videos/sample_002370_O1__0593__3.pt,ok,0.5766134858,0.5991988182,0.5617976845,0.5492515102,average,0.5766134858,0.5617976845,
O1/0593/4,,videos/sample_002371_O1__0593__4.pt,ok,0.5748691559,0.5967928171,0.5627785002,0.5505746009,average,0.5748691559,0.5627785002,
O1/0594/1,,videos/sample_002372_O1__0594__1.pt,ok,0.6143617034,0.6425286531,0.5409860947,0.5259607688,average,0.6143617034,0.5409860947,
O1/0594/2,,videos/sample_002373_O1__0594__2.pt,ok,0.6146200895,0.6425286531,0.5408463295,0.5259607688,average,0.6146200895,0.5408463295,
O1/0594/3,,videos/sample_002374_O1__0594__3.pt,ok,0.6133277416,0.6437964439,0.5415457429,0.5252943830,average,0.6133277416,0.5415457429,
O1/0594/4,,videos/sample_002375_O1__0594__4.pt,ok,0.6149133444,0.6437964439,0.5406877469,0.5252943830,average,0.6149133444,0.5406877469,
O1/0595/1,,videos/sample_002376_O1__0595__1.pt,ok,0.5627723336,0.5835339427,0.5696276748,0.5579232099,average,0.5627723336,0.5696276748,
O1/0595/2,,videos/sample_002377_O1__0595__2.pt,ok,0.5652266145,0.5876482129,0.5682313627,0.5556324787,average,0.5652266145,0.5682313627,
O1/0595/3,,videos/sample_002378_O1__0595__3.pt,ok,0.5635726452,0.5840336680,0.5691719776,0.5576444712,average,0.5635726452,0.5691719776,
O1/0595/4,,videos/sample_002379_O1__0595__4.pt,ok,0.5657236576,0.5896847248,0.5679489974,0.5545020779,average,0.5657236576,0.5679489974,
O1/0596/1,,videos/sample_002380_O1__0596__1.pt,ok,0.5678197742,0.6006024480,0.5667597569,0.5484811052,average,0.5678197742,0.5667597569,
O1/0596/2,,videos/sample_002381_O1__0596__2.pt,ok,0.5706374049,0.6074426174,0.5651650849,0.5447422035,average,0.5706374049,0.5651650849,
O1/0596/3,,videos/sample_002382_O1__0596__3.pt,ok,0.5701653957,0.6074426174,0.5654319109,0.5447422035,average,0.5701653957,0.5654319109,
O1/0596/4,,videos/sample_002383_O1__0596__4.pt,ok,0.5665609241,0.6006024480,0.5674736718,0.5484811052,average,0.5665609241,0.5674736718,
O1/0597/1,,videos/sample_002384_O1__0597__1.pt,ok,0.6205806732,0.6473227739,0.5376321583,0.5234452839,average,0.6205806732,0.5376321583,
O1/0597/2,,videos/sample_002385_O1__0597__2.pt,ok,0.6218259931,0.6461196542,0.5369630511,0.5240754302,average,0.6218259931,0.5369630511,
O1/0597/3,,videos/sample_002386_O1__0597__3.pt,ok,0.6213997602,0.6473227739,0.5371919711,0.5234452839,average,0.6213997602,0.5371919711,
O1/0597/4,,videos/sample_002387_O1__0597__4.pt,ok,0.6218658090,0.6461196542,0.5369416718,0.5240754302,average,0.6218658090,0.5369416718,
O1/0598/1,,videos/sample_002388_O1__0598__1.pt,ok,0.5695974827,0.6043407321,0.5657531183,0.5464345547,average,0.5695974827,0.5657531183,
O1/0598/2,,videos/sample_002389_O1__0598__2.pt,ok,0.5685840249,0.6056743264,0.5663267758,0.5457063184,average,0.5685840249,0.5663267758,
O1/0598/3,,videos/sample_002390_O1__0598__3.pt,ok,0.5554579496,0.5930143595,0.5738094252,0.5526588589,average,0.5554579496,0.5738094252,
O1/0598/4,,videos/sample_002391_O1__0598__4.pt,ok,0.5627275109,0.6118583679,0.5696532077,0.5423420609,average,0.5627275109,0.5696532077,
O1/0599/1,,videos/sample_002392_O1__0599__1.pt,ok,0.5700496435,0.6045857072,0.5654973647,0.5463007082,average,0.5700496435,0.5654973647,
O1/0599/2,,videos/sample_002393_O1__0599__2.pt,ok,0.5653197169,0.5996900797,0.5681784614,0.5489817503,average,0.5653197169,0.5681784614,
O1/0599/3,,videos/sample_002394_O1__0599__3.pt,ok,0.5605236888,0.5945894122,0.5709100064,0.5517890772,average,0.5605236888,0.5709100064,
O1/0599/4,,videos/sample_002395_O1__0599__4.pt,ok,0.5679609179,0.5997974277,0.5666797680,0.5489228214,average,0.5679609179,0.5666797680,
O1/0600/1,,videos/sample_002396_O1__0600__1.pt,ok,0.5672622919,0.6000730991,0.5670758035,0.5487715199,average,0.5672622919,0.5670758035,
O1/0600/2,,videos/sample_002397_O1__0600__2.pt,ok,0.5666617751,0.6000730991,0.5674164443,0.5487715199,average,0.5666617751,0.5674164443,
O1/0600/3,,videos/sample_002398_O1__0600__3.pt,ok,0.5632889867,0.5984659195,0.5693334510,0.5496542034,average,0.5632889867,0.5693334510,
O1/0600/4,,videos/sample_002399_O1__0600__4.pt,ok,0.5680947900,0.6005124450,0.5666039105,0.5485304724,average,0.5680947900,0.5666039105,
O1/0601/1,,videos/sample_002400_O1__0601__1.pt,ok,0.5587266088,0.5814332366,0.5719368998,0.5590964745,average,0.5587266088,0.5719368998,
O1/0601/2,,videos/sample_002401_O1__0601__2.pt,ok,0.5592194796,0.5815411806,0.5716550782,0.5590361267,average,0.5592194796,0.5716550782,
O1/0601/3,,videos/sample_002402_O1__0601__3.pt,ok,0.5596579313,0.5815411806,0.5714044900,0.5590361267,average,0.5596579313,0.5714044900,
O1/0601/4,,videos/sample_002403_O1__0601__4.pt,ok,0.5591490269,0.5814332366,0.5716953543,0.5590964745,average,0.5591490269,0.5716953543,
O1/0602/1,,videos/sample_002404_O1__0602__1.pt,ok,0.5468983650,0.5794367194,0.5787420761,0.5602138353,average,0.5468983650,0.5787420761,
O1/0602/2,,videos/sample_002405_O1__0602__2.pt,ok,0.5441326499,0.5644468069,0.5803449273,0.5686746466,average,0.5441326499,0.5803449273,
O1/0602/3,,videos/sample_002406_O1__0602__3.pt,ok,0.5482349992,0.5777842999,0.5779690265,0.5611403088,average,0.5482349992,0.5779690265,
O1/0602/4,,videos/sample_002407_O1__0602__4.pt,ok,0.5470559001,0.5681906939,0.5786509111,0.5665495736,average,0.5470559001,0.5786509111,
O1/0603/1,,videos/sample_002408_O1__0603__1.pt,ok,0.6188786030,0.6439294815,0.5385480253,0.5252245038,average,0.6188786030,0.5385480253,
O1/0603/2,,videos/sample_002409_O1__0603__2.pt,ok,0.6166142821,0.6435384750,0.5397688524,0.5254299101,average,0.6166142821,0.5397688524,
O1/0603/3,,videos/sample_002410_O1__0603__3.pt,ok,0.6186081767,0.6435384750,0.5386936825,0.5254299101,average,0.6186081767,0.5386936825,
O1/0603/4,,videos/sample_002411_O1__0603__4.pt,ok,0.6191298962,0.6439294815,0.5384127088,0.5252245038,average,0.6191298962,0.5384127088,
O1/0604/1,,videos/sample_002412_O1__0604__1.pt,ok,0.6128798723,0.6445739269,0.5417883390,0.5248861343,average,0.6128798723,0.5417883390,
O1/0604/2,,videos/sample_002413_O1__0604__2.pt,ok,0.6147904992,0.6443639398,0.5407541719,0.5249963652,average,0.6147904992,0.5407541719,
O1/0604/3,,videos/sample_002414_O1__0604__3.pt,ok,0.6146200895,0.6443639398,0.5408463295,0.5249963652,average,0.6146200895,0.5408463295,
O1/0604/4,,videos/sample_002415_O1__0604__4.pt,ok,0.6147712469,0.6445739269,0.5407645827,0.5248861343,average,0.6147712469,0.5407645827,
O1/0605/1,,videos/sample_002416_O1__0605__1.pt,ok,0.5356733203,0.5766143203,0.5852750799,0.5617972157,average,0.5356733203,0.5852750799,
O1/0605/2,,videos/sample_002417_O1__0605__2.pt,ok,0.5217064619,0.5440436006,0.5935068864,0.5803966090,average,0.5217064619,0.5935068864,
O1/0605/3,,videos/sample_002418_O1__0605__3.pt,ok,0.5342747569,0.5746572018,0.5860941968,0.5628977961,average,0.5342747569,0.5860941968,
O1/0605/4,,videos/sample_002419_O1__0605__4.pt,ok,0.5316215754,0.5748978257,0.5876512758,0.5627623657,average,0.5316215754,0.5876512758,
O1/0606/1,,videos/sample_002420_O1__0606__1.pt,ok,0.6181266904,0.6473626494,0.5389531186,0.5234244117,average,0.6181266904,0.5389531186,
O1/0606/2,,videos/sample_002421_O1__0606__2.pt,ok,0.6176427007,0.6480346322,0.5392140295,0.5230727976,average,0.6176427007,0.5392140295,
O1/0606/3,,videos/sample_002422_O1__0606__3.pt,ok,0.6181867719,0.6473626494,0.5389207384,0.5234244117,average,0.6181867719,0.5389207384,
O1/0606/4,,videos/sample_002423_O1__0606__4.pt,ok,0.6153181195,0.6480346322,0.5404689342,0.5230727976,average,0.6153181195,0.5404689342,
O1/0607/1,,videos/sample_002424_O1__0607__1.pt,ok,0.5424765348,0.5825494528,0.5813068416,0.5584727502,average,0.5424765348,0.5813068416,
O1/0607/2,,videos/sample_002425_O1__0607__2.pt,ok,0.5436706543,0.5865223408,0.5806131061,0.5562584021,average,0.5436706543,0.5806131061,
O1/0607/3,,videos/sample_002426_O1__0607__3.pt,ok,0.5436707139,0.5831387043,0.5806130715,0.5581437662,average,0.5436707139,0.5806130715,
O1/0607/4,,videos/sample_002427_O1__0607__4.pt,ok,0.5365699530,0.5710163713,0.5847505383,0.5649509469,average,0.5365699530,0.5847505383,
O1/0608/1,,videos/sample_002428_O1__0608__1.pt,ok,0.5545772910,0.5816272497,0.5743149780,0.5589880130,average,0.5545772910,0.5743149780,
O1/0608/2,,videos/sample_002429_O1__0608__2.pt,ok,0.5524721742,0.5772770047,0.5755252516,0.5614250448,average,0.5524721742,0.5755252516,
O1/0608/3,,videos/sample_002430_O1__0608__3.pt,ok,0.5511200428,0.5759689212,0.5763039637,0.5621599162,average,0.5511200428,0.5763039637,
O1/0608/4,,videos/sample_002431_O1__0608__4.pt,ok,0.5535824299,0.5829058290,0.5748866260,0.5582737592,average,0.5535824299,0.5748866260,
O1/0609/1,,videos/sample_002432_O1__0609__1.pt,ok,0.5435470343,0.5703292489,0.5806848859,0.5653392707,average,0.5435470343,0.5806848859,
O1/0609/2,,videos/sample_002433_O1__0609__2.pt,ok,0.5417727828,0.5724627972,0.5817160815,0.5641343779,average,0.5417727828,0.5817160815,
O1/0609/3,,videos/sample_002434_O1__0609__3.pt,ok,0.5377013683,0.5549438000,0.5840893167,0.5741045250,average,0.5377013683,0.5840893167,
O1/0609/4,,videos/sample_002435_O1__0609__4.pt,ok,0.5413010716,0.5586068034,0.5819905482,0.5720054250,average,0.5413010716,0.5819905482,
O1/0610/1,,videos/sample_002436_O1__0610__1.pt,ok,0.5685945153,0.5901926756,0.5663208349,0.5542204897,average,0.5685945153,0.5663208349,
O1/0610/2,,videos/sample_002437_O1__0610__2.pt,ok,0.5699393153,0.5918428302,0.5655597585,0.5533066944,average,0.5699393153,0.5655597585,
O1/0610/3,,videos/sample_002438_O1__0610__3.pt,ok,0.5695134997,0.5907127857,0.5658006339,0.5539323089,average,0.5695134997,0.5658006339,
O1/0610/4,,videos/sample_002439_O1__0610__4.pt,ok,0.5684432983,0.5901270509,0.5664064787,0.5542568614,average,0.5684432983,0.5664064787,
O1/0611/1,,videos/sample_002440_O1__0611__1.pt,ok,0.6121441722,0.6454649568,0.5421870794,0.5244186534,average,0.6121441722,0.5421870794,
O1/0611/2,,videos/sample_002441_O1__0611__2.pt,ok,0.6098752022,0.6454649568,0.5434186823,0.5244186534,average,0.6098752022,0.5434186823,
O1/0611/3,,videos/sample_002442_O1__0611__3.pt,ok,0.6124813557,0.6449962854,0.5420042937,0.5246644910,average,0.6124813557,0.5420042937,
O1/0611/4,,videos/sample_002443_O1__0611__4.pt,ok,0.6126886606,0.6449962854,0.5418919451,0.5246644910,average,0.6126886606,0.5418919451,
O1/0612/1,,videos/sample_002444_O1__0612__1.pt,ok,0.5554679632,0.5900713205,0.5738036793,0.5542877512,average,0.5554679632,0.5738036793,
O1/0612/2,,videos/sample_002445_O1__0612__2.pt,ok,0.5547787547,0.5884878635,0.5741992860,0.5551661373,average,0.5547787547,0.5741992860,
O1/0612/3,,videos/sample_002446_O1__0612__3.pt,ok,0.5507515669,0.5890141726,0.5765163569,0.5548740252,average,0.5507515669,0.5765163569,
O1/0612/4,,videos/sample_002447_O1__0612__4.pt,ok,0.5422410965,0.5720275640,0.5814437196,0.5643799613,average,0.5422410965,0.5814437196,
O1/0613/1,,videos/sample_002448_O1__0613__1.pt,ok,0.5557711124,0.5937160254,0.5736297576,0.5522712131,average,0.5557711124,0.5736297576,
O1/0613/2,,videos/sample_002449_O1__0613__2.pt,ok,0.5557693243,0.5945045352,0.5736307833,0.5518359134,average,0.5557693243,0.5736307833,
O1/0613/3,,videos/sample_002450_O1__0613__3.pt,ok,0.5537146926,0.6030260921,0.5748105949,0.5471533918,average,0.5537146926,0.5748105949,
O1/0613/4,,videos/sample_002451_O1__0613__4.pt,ok,0.5456461310,0.5798659921,0.5794672506,0.5599734024,average,0.5456461310,0.5794672506,
O1/0614/1,,videos/sample_002452_O1__0614__1.pt,ok,0.5428698659,0.5701064467,0.5810782405,0.5654652436,average,0.5428698659,0.5810782405,
O1/0614/2,,videos/sample_002453_O1__0614__2.pt,ok,0.5397138596,0.5576237440,0.5829150241,0.5725680168,average,0.5397138596,0.5829150241,
O1/0614/3,,videos/sample_002454_O1__0614__3.pt,ok,0.5422692895,0.5702456832,0.5814273272,0.5653865157,average,0.5422692895,0.5814273272,
O1/0614/4,,videos/sample_002455_O1__0614__4.pt,ok,0.5403503180,0.5581029058,0.5825441410,0.5722937298,average,0.5403503180,0.5825441410,
O1/0615/1,,videos/sample_002456_O1__0615__1.pt,ok,0.6144088507,0.6421452165,0.5409605893,0.5261624801,average,0.6144088507,0.5409605893,
O1/0615/2,,videos/sample_002457_O1__0615__2.pt,ok,0.6142848730,0.6419413090,0.5410276605,0.5262697795,average,0.6142848730,0.5410276605,
O1/0615/3,,videos/sample_002458_O1__0615__3.pt,ok,0.6146537066,0.6421452165,0.5408281481,0.5261624801,average,0.6146537066,0.5408281481,
O1/0615/4,,videos/sample_002459_O1__0615__4.pt,ok,0.6118417382,0.6419413090,0.5423510800,0.5262697795,average,0.6118417382,0.5423510800,
O1/0616/1,,videos/sample_002460_O1__0616__1.pt,ok,0.6128126979,0.6280987859,0.5418247345,0.5336053352,average,0.6128126979,0.5418247345,
O1/0616/2,,videos/sample_002461_O1__0616__2.pt,ok,0.6124082804,0.6286801696,0.5420439022,0.5332951959,average,0.6124082804,0.5420439022,
O1/0616/3,,videos/sample_002462_O1__0616__3.pt,ok,0.6117973328,0.6291725039,0.5423751639,0.5330327010,average,0.6117973328,0.5423751639,
O1/0616/4,,videos/sample_002463_O1__0616__4.pt,ok,0.6128098965,0.6298993826,0.5418262524,0.5326453917,average,0.6128098965,0.5418262524,
O1/0617/1,,videos/sample_002464_O1__0617__1.pt,ok,0.5633367300,0.6013417840,0.5693062697,0.5480757432,average,0.5633367300,0.5693062697,
O1/0617/2,,videos/sample_002465_O1__0617__2.pt,ok,0.5652931929,0.6015149355,0.5681935320,0.5479808513,average,0.5652931929,0.5681935320,
O1/0617/3,,videos/sample_002466_O1__0617__3.pt,ok,0.5586315989,0.5931798816,0.5719912420,0.5525673892,average,0.5586315989,0.5719912420,
O1/0617/4,,videos/sample_002467_O1__0617__4.pt,ok,0.5644353032,0.5954269171,0.5686811885,0.5513271446,average,0.5644353032,0.5686811885,
O1/0618/1,,videos/sample_002468_O1__0618__1.pt,ok,0.5381394625,0.5665607452,0.5838334866,0.5674737732,average,0.5381394625,0.5838334866,
O1/0618/2,,videos/sample_002469_O1__0618__2.pt,ok,0.5416819453,0.5786395073,0.5817689255,0.5606606226,average,0.5416819453,0.5817689255,
O1/0618/3,,videos/sample_002470_O1__0618__3.pt,ok,0.5492326617,0.5827967525,0.5773926960,0.5583346571,average,0.5492326617,0.5773926960,
O1/0618/4,,videos/sample_002471_O1__0618__4.pt,ok,0.5509243011,0.5857786536,0.5764167814,0.5566722382,average,0.5509243011,0.5764167814,
O1/0619/1,,videos/sample_002472_O1__0619__1.pt,ok,0.6161457896,0.6355900764,0.5400217893,0.5296228781,average,0.6161457896,0.5400217893,
O1/0619/2,,videos/sample_002473_O1__0619__2.pt,ok,0.6161233187,0.6338893771,0.5400339243,0.5305243738,average,0.6161233187,0.5400339243,
O1/0619/3,,videos/sample_002474_O1__0619__3.pt,ok,0.6153087020,0.6343612075,0.5404740241,0.5302741153,average,0.6153087020,0.5404740241,
O1/0619/4,,videos/sample_002475_O1__0619__4.pt,ok,0.6151366234,0.6331129670,0.5405670362,0.5309364382,average,0.6151366234,0.5405670362,
O1/0620/1,,videos/sample_002476_O1__0620__1.pt,ok,0.6078823805,0.6302192211,0.5445026986,0.5324750584,average,0.6078823805,0.5445026986,
O1/0620/2,,videos/sample_002477_O1__0620__2.pt,ok,0.6074893475,0.6312627792,0.5447167482,0.5319196796,average,0.6074893475,0.5447167482,
O1/0620/3,,videos/sample_002478_O1__0620__3.pt,ok,0.6057680249,0.6312627792,0.5456551889,0.5319196796,average,0.6057680249,0.5456551889,
O1/0620/4,,videos/sample_002479_O1__0620__4.pt,ok,0.6076048613,0.6302192211,0.5446538296,0.5324750584,average,0.6076048613,0.5446538296,
O1/0621/1,,videos/sample_002480_O1__0621__1.pt,ok,0.6131049991,0.6464136839,0.5416663817,0.5239213591,average,0.6131049991,0.5416663817,
O1/0621/2,,videos/sample_002481_O1__0621__2.pt,ok,0.6157183647,0.6459412575,0.5402526574,0.5241689319,average,0.6157183647,0.5402526574,
O1/0621/3,,videos/sample_002482_O1__0621__3.pt,ok,0.6131049991,0.6464136839,0.5416663817,0.5239213591,average,0.6131049991,0.5416663817,
O1/0621/4,,videos/sample_002483_O1__0621__4.pt,ok,0.6157183647,0.6459412575,0.5402526574,0.5241689319,average,0.6157183647,0.5402526574,
O1/0622/1,,videos/sample_002484_O1__0622__1.pt,ok,0.5685444474,0.6069991589,0.5663491901,0.5449838276,average,0.5685444474,0.5663491901,
O1/0622/2,,videos/sample_002485_O1__0622__2.pt,ok,0.5610632300,0.5916872621,0.5706020600,0.5533927779,average,0.5610632300,0.5706020600,
O1/0622/3,,videos/sample_002486_O1__0622__3.pt,ok,0.5683254004,0.6000974178,0.5664732608,0.5487581747,average,0.5683254004,0.5664732608,
O1/0622/4,,videos/sample_002487_O1__0622__4.pt,ok,0.5695344210,0.6036406755,0.5657887968,0.5468172237,average,0.5695344210,0.5657887968,
O1/0623/1,,videos/sample_002488_O1__0623__1.pt,ok,0.5472979546,0.5732156634,0.5785108631,0.5637098200,average,0.5472979546,0.5785108631,
O1/0623/2,,videos/sample_002489_O1__0623__2.pt,ok,0.5454467535,0.5650193691,0.5795827948,0.5683491382,average,0.5454467535,0.5795827948,
O1/0623/3,,videos/sample_002490_O1__0623__3.pt,ok,0.5458565354,0.5745878816,0.5793453409,0.5629368176,average,0.5458565354,0.5793453409,
O1/0623/4,,videos/sample_002491_O1__0623__4.pt,ok,0.5467786193,0.5655974746,0.5788113822,0.5680206674,average,0.5467786193,0.5788113822,
O1/0624/1,,videos/sample_002492_O1__0624__1.pt,ok,0.5480372906,0.5657300949,0.5780833072,0.5679453413,average,0.5480372906,0.5780833072,
O1/0624/2,,videos/sample_002493_O1__0624__2.pt,ok,0.5594564080,0.5909969807,0.5715196529,0.5537749065,average,0.5594564080,0.5715196529,
O1/0624/3,,videos/sample_002494_O1__0624__3.pt,ok,0.5587925315,0.5889295936,0.5718991974,0.5549209579,average,0.5587925315,0.5718991974,
O1/0624/4,,videos/sample_002495_O1__0624__4.pt,ok,0.5575137138,0.5981316566,0.5726310200,0.5498379631,average,0.5575137138,0.5726310200,
O1/0625/1,,videos/sample_002496_O1__0625__1.pt,ok,0.6271254420,0.6522426009,0.5341249695,0.5208763482,average,0.6271254420,0.5341249695,
O1/0625/2,,videos/sample_002497_O1__0625__2.pt,ok,0.6252797246,0.6517897248,0.5351117237,0.5211122941,average,0.6252797246,0.5351117237,
O1/0625/3,,videos/sample_002498_O1__0625__3.pt,ok,0.6270633340,0.6522426009,0.5341581440,0.5208763482,average,0.6270633340,0.5341581440,
O1/0625/4,,videos/sample_002499_O1__0625__4.pt,ok,0.6267900467,0.6517897248,0.5343041426,0.5211122941,average,0.6267900467,0.5343041426,
O1/0626/1,,videos/sample_002500_O1__0626__1.pt,ok,0.5895262957,0.6121417880,0.5545899342,0.5421883721,average,0.5895262957,0.5545899342,
O1/0626/2,,videos/sample_002501_O1__0626__2.pt,ok,0.5904889703,0.6143056750,0.5540563014,0.5410164061,average,0.5904889703,0.5540563014,
O1/0626/3,,videos/sample_002502_O1__0626__3.pt,ok,0.5885924697,0.6117681861,0.5551080665,0.5423909725,average,0.5885924697,0.5551080665,
O1/0626/4,,videos/sample_002503_O1__0626__4.pt,ok,0.5846644044,0.6079933643,0.5572928555,0.5444422710,average,0.5846644044,0.5572928555,
O1/0627/1,,videos/sample_002504_O1__0627__1.pt,ok,0.6217986941,0.6342506409,0.5369777098,0.5303327491,average,0.6217986941,0.5369777098,
O1/0627/2,,videos/sample_002505_O1__0627__2.pt,ok,0.6205696464,0.6342506409,0.5376380868,0.5303327491,average,0.6205696464,0.5376380868,
O1/0627/3,,videos/sample_002506_O1__0627__3.pt,ok,0.6196855903,0.6329217553,0.5381135992,0.5310379691,average,0.6196855903,0.5381135992,
O1/0627/4,,videos/sample_002507_O1__0627__4.pt,ok,0.6217675805,0.6329217553,0.5369944174,0.5310379691,average,0.6217675805,0.5369944174,
O1/0628/1,,videos/sample_002508_O1__0628__1.pt,ok,0.5446995497,0.5779463649,0.5800160232,0.5610493750,average,0.5446995497,0.5800160232,
O1/0628/2,,videos/sample_002509_O1__0628__2.pt,ok,0.5377388000,0.5710926652,0.5840674536,0.5649078462,average,0.5377388000,0.5840674536,
O1/0628/3,,videos/sample_002510_O1__0628__3.pt,ok,0.5444091558,0.5750990510,0.5801844807,0.5626491351,average,0.5444091558,0.5801844807,
O1/0628/4,,videos/sample_002511_O1__0628__4.pt,ok,0.5461186767,0.5803758502,0.5791934906,0.5596879682,average,0.5461186767,0.5791934906,
O1/0629/1,,videos/sample_002512_O1__0629__1.pt,ok,0.6170171499,0.6327250600,0.5395514407,0.5311424321,average,0.6170171499,0.5395514407,
O1/0629/2,,videos/sample_002513_O1__0629__2.pt,ok,0.6180490851,0.6333933473,0.5389949458,0.5307875950,average,0.6180490851,0.5389949458,
O1/0629/3,,videos/sample_002514_O1__0629__3.pt,ok,0.6176635623,0.6330997348,0.5392027807,0.5309434637,average,0.6176635623,0.5392027807,
O1/0629/4,,videos/sample_002515_O1__0629__4.pt,ok,0.6156579256,0.6320602894,0.5402853108,0.5314956374,average,0.6156579256,0.5402853108,
O1/0630/1,,videos/sample_002516_O1__0630__1.pt,ok,0.6173444390,0.6329998374,0.5393748803,0.5309965062,average,0.6173444390,0.5393748803,
O1/0630/2,,videos/sample_002517_O1__0630__2.pt,ok,0.6185524464,0.6325572729,0.5387237049,0.5312315584,average,0.6185524464,0.5387237049,
O1/0630/3,,videos/sample_002518_O1__0630__3.pt,ok,0.6189721227,0.6330253482,0.5384976628,0.5309829602,average,0.6189721227,0.5384976628,
O1/0630/4,,videos/sample_002519_O1__0630__4.pt,ok,0.6192730665,0.6318458915,0.5383356296,0.5316096011,average,0.6192730665,0.5383356296,
O1/0631/1,,videos/sample_002520_O1__0631__1.pt,ok,0.6186792254,0.6310291290,0.5386554103,0.5320439773,average,0.6186792254,0.5386554103,
O1/0631/2,,videos/sample_002521_O1__0631__2.pt,ok,0.6185349226,0.6319623590,0.5387331455,0.5315476895,average,0.6185349226,0.5387331455,
O1/0631/3,,videos/sample_002522_O1__0631__3.pt,ok,0.6175663471,0.6310548782,0.5392552019,0.5320302777,average,0.6175663471,0.5392552019,
O1/0631/4,,videos/sample_002523_O1__0631__4.pt,ok,0.6171025634,0.6307033300,0.5395053577,0.5322173449,average,0.6171025634,0.5395053577,
O1/0632/1,,videos/sample_002524_O1__0632__1.pt,ok,0.6140359044,0.6284907460,0.5411623762,0.5333962242,average,0.6140359044,0.5411623762,
O1/0632/2,,videos/sample_002525_O1__0632__2.pt,ok,0.6143019795,0.6286893487,0.5410184055,0.5332903008,average,0.6143019795,0.5410184055,
O1/0632/3,,videos/sample_002526_O1__0632__3.pt,ok,0.6148974895,0.6295062304,0.5406963195,0.5328548436,average,0.6148974895,0.5406963195,
O1/0632/4,,videos/sample_002527_O1__0632__4.pt,ok,0.6126362085,0.6286893487,0.5419203693,0.5332903008,average,0.6126362085,0.5419203693,
O1/0633/1,,videos/sample_002528_O1__0633__1.pt,ok,0.5803279877,0.5997309089,0.5597147569,0.5489593363,average,0.5803279877,0.5597147569,
O1/0633/2,,videos/sample_002529_O1__0633__2.pt,ok,0.5814689994,0.6008027792,0.5590764800,0.5483712383,average,0.5814689994,0.5590764800,
O1/0633/3,,videos/sample_002530_O1__0633__3.pt,ok,0.5817549825,0.6010188460,0.5589166165,0.5482527663,average,0.5817549825,0.5589166165,
O1/0633/4,,videos/sample_002531_O1__0633__4.pt,ok,0.5805979371,0.6008027792,0.5595636826,0.5483712383,average,0.5805979371,0.5595636826,
O1/0634/1,,videos/sample_002532_O1__0634__1.pt,ok,0.5874559283,0.6041197181,0.5557393285,0.5465553377,average,0.5874559283,0.5557393285,
O1/0634/2,,videos/sample_002533_O1__0634__2.pt,ok,0.5888694525,0.6039760113,0.5549543325,0.5466338871,average,0.5888694525,0.5549543325,
O1/0634/3,,videos/sample_002534_O1__0634__3.pt,ok,0.5899125934,0.6075974703,0.5543757387,0.5446578551,average,0.5899125934,0.5543757387,
O1/0634/4,,videos/sample_002535_O1__0634__4.pt,ok,0.5889630914,0.6096902490,0.5549023696,0.5435191986,average,0.5889630914,0.5549023696,
O1/0635/1,,videos/sample_002536_O1__0635__1.pt,ok,0.5478075147,0.5865134001,0.5782161521,0.5562633754,average,0.5478075147,0.5782161521,
O1/0635/2,,videos/sample_002537_O1__0635__2.pt,ok,0.5484542847,0.5906739235,0.5778423001,0.5539538364,average,0.5484542847,0.5778423001,
O1/0635/3,,videos/sample_002538_O1__0635__3.pt,ok,0.5430918336,0.5775250196,0.5809492743,0.5612858203,average,0.5430918336,0.5809492743,
O1/0635/4,,videos/sample_002539_O1__0635__4.pt,ok,0.5473356247,0.5927100778,0.5784890709,0.5528270485,average,0.5473356247,0.5784890709,
O1/0636/1,,videos/sample_002540_O1__0636__1.pt,ok,0.5436283946,0.5625453591,0.5806376431,0.5697569805,average,0.5436283946,0.5806376431,
O1/0636/2,,videos/sample_002541_O1__0636__2.pt,ok,0.5461968780,0.5658466220,0.5791481986,0.5678791642,average,0.5461968780,0.5791481986,
O1/0636/3,,videos/sample_002542_O1__0636__3.pt,ok,0.5465089083,0.5765225887,0.5789675150,0.5618487526,average,0.5465089083,0.5789675150,
O1/0636/4,,videos/sample_002543_O1__0636__4.pt,ok,0.5456943512,0.5718769431,0.5794393092,0.5644649751,average,0.5456943512,0.5794393092,
O1/0637/1,,videos/sample_002544_O1__0637__1.pt,ok,0.5859757066,0.6084483266,0.5565625551,0.5441946266,average,0.5859757066,0.5565625551,
O1/0637/2,,videos/sample_002545_O1__0637__2.pt,ok,0.5861488581,0.6080024838,0.5564661938,0.5444373059,average,0.5861488581,0.5564661938,
O1/0637/3,,videos/sample_002546_O1__0637__3.pt,ok,0.5818932056,0.6036040783,0.5588393666,0.5468372361,average,0.5818932056,0.5588393666,
O1/0637/4,,videos/sample_002547_O1__0637__4.pt,ok,0.5851397514,0.6103805304,0.5570280109,0.5431441469,average,0.5851397514,0.5570280109,
O1/0638/1,,videos/sample_002548_O1__0638__1.pt,ok,0.6136569381,0.6467198730,0.5413674973,0.5237609647,average,0.6136569381,0.5413674973,
O1/0638/2,,videos/sample_002549_O1__0638__2.pt,ok,0.6113001108,0.6467198730,0.5426449117,0.5237609647,average,0.6113001108,0.5426449117,
O1/0638/3,,videos/sample_002550_O1__0638__3.pt,ok,0.6148095727,0.6460846663,0.5407438579,0.5240937669,average,0.6148095727,0.5407438579,
O1/0638/4,,videos/sample_002551_O1__0638__4.pt,ok,0.6151543856,0.6460846663,0.5405574346,0.5240937669,average,0.6151543856,0.5405574346,
O1/0639/1,,videos/sample_002552_O1__0639__1.pt,ok,0.6145396829,0.6286509633,0.5408898189,0.5333107717,average,0.6145396829,0.5408898189,
O1/0639/2,,videos/sample_002553_O1__0639__2.pt,ok,0.6134588718,0.6301259995,0.5414747346,0.5325246990,average,0.6134588718,0.5414747346,
O1/0639/3,,videos/sample_002554_O1__0639__3.pt,ok,0.6154223084,0.6288372874,0.5404126263,0.5332114123,average,0.6154223084,0.5404126263,
O1/0639/4,,videos/sample_002555_O1__0639__4.pt,ok,0.6151949167,0.6298217773,0.5405355256,0.5326867294,average,0.6151949167,0.5405355256,
O1/0640/1,,videos/sample_002556_O1__0640__1.pt,ok,0.5615624189,0.5785466433,0.5703172928,0.5607126902,average,0.5615624189,0.5703172928,
O1/0640/2,,videos/sample_002557_O1__0640__2.pt,ok,0.5633965135,0.5811517239,0.5692722357,0.5592538895,average,0.5633965135,0.5692722357,
O1/0640/3,,videos/sample_002558_O1__0640__3.pt,ok,0.5627974868,0.5805718303,0.5696133471,0.5595782913,average,0.5627974868,0.5696133471,
O1/0640/4,,videos/sample_002559_O1__0640__4.pt,ok,0.5637429357,0.5820892453,0.5690750613,0.5587298226,average,0.5637429357,0.5690750613,
O1/0641/1,,videos/sample_002560_O1__0641__1.pt,ok,0.6279223561,0.6487402320,0.5336994874,0.5227038478,average,0.6279223561,0.5336994874,
O1/0641/2,,videos/sample_002561_O1__0641__2.pt,ok,0.6285778880,0.6479563713,0.5333497450,0.5231137354,average,0.6285778880,0.5333497450,
O1/0641/3,,videos/sample_002562_O1__0641__3.pt,ok,0.6273757815,0.6487402320,0.5339912737,0.5227038478,average,0.6273757815,0.5339912737,
O1/0641/4,,videos/sample_002563_O1__0641__4.pt,ok,0.6287731528,0.6479563713,0.5332456107,0.5231137354,average,0.6287731528,0.5332456107,
O1/0642/1,,videos/sample_002564_O1__0642__1.pt,ok,0.5351343751,0.5510298014,0.5855905961,0.5763559725,average,0.5351343751,0.5855905961,
O1/0642/2,,videos/sample_002565_O1__0642__2.pt,ok,0.5307131410,0.5469505787,0.5881853610,0.5787118587,average,0.5307131410,0.5881853610,
O1/0642/3,,videos/sample_002566_O1__0642__3.pt,ok,0.5349866748,0.5645223260,0.5856770944,0.5686317025,average,0.5349866748,0.5856770944,
O1/0642/4,,videos/sample_002567_O1__0642__4.pt,ok,0.5383245349,0.5643223524,0.5837254451,0.5687454252,average,0.5383245349,0.5837254451,
O1/0643/1,,videos/sample_002568_O1__0643__1.pt,ok,0.5473698974,0.5817210674,0.5784692449,0.5589355725,average,0.5473698974,0.5784692449,
O1/0643/2,,videos/sample_002569_O1__0643__2.pt,ok,0.5479984283,0.5833761692,0.5781057733,0.5580112424,average,0.5479984283,0.5781057733,
O1/0643/3,,videos/sample_002570_O1__0643__3.pt,ok,0.5302813649,0.5461836457,0.5884393802,0.5791558621,average,0.5302813649,0.5884393802,
O1/0643/4,,videos/sample_002571_O1__0643__4.pt,ok,0.5368809700,0.5737550259,0.5845686992,0.5634058581,average,0.5368809700,0.5845686992,
O1/0644/1,,videos/sample_002572_O1__0644__1.pt,ok,0.5880457163,0.6027533412,0.5554116568,0.5473026487,average,0.5880457163,0.5554116568,
O1/0644/2,,videos/sample_002573_O1__0644__2.pt,ok,0.5853541493,0.5993037820,0.5569085981,0.5491938617,average,0.5853541493,0.5569085981,
O1/0644/3,,videos/sample_002574_O1__0644__3.pt,ok,0.5880975127,0.6030400991,0.5553828892,0.5471457279,average,0.5880975127,0.5553828892,
O1/0644/4,,videos/sample_002575_O1__0644__4.pt,ok,0.5876763463,0.6039348841,0.5556168470,0.5466563691,average,0.5876763463,0.5556168470,
O1/0645/1,,videos/sample_002576_O1__0645__1.pt,ok,0.5463218093,0.5653331280,0.5790758494,0.5681708416,average,0.5463218093,0.5790758494,
O1/0645/2,,videos/sample_002577_O1__0645__2.pt,ok,0.5501598716,0.5816200376,0.5768575799,0.5589920445,average,0.5501598716,0.5768575799,
O1/0645/3,,videos/sample_002578_O1__0645__3.pt,ok,0.5496993065,0.5806596279,0.5771233215,0.5595291638,average,0.5496993065,0.5771233215,
O1/0645/4,,videos/sample_002579_O1__0645__4.pt,ok,0.5453373790,0.5658124685,0.5796461899,0.5678985596,average,0.5453373790,0.5796461899,
O1/0646/1,,videos/sample_002580_O1__0646__1.pt,ok,0.5472290516,0.5727280378,0.5785507255,0.5639847664,average,0.5472290516,0.5785507255,
O1/0646/2,,videos/sample_002581_O1__0646__2.pt,ok,0.5459092259,0.5726866722,0.5793148158,0.5640080964,average,0.5459092259,0.5793148158,
O1/0646/3,,videos/sample_002582_O1__0646__3.pt,ok,0.5479412079,0.5757399201,0.5781388537,0.5622886661,average,0.5479412079,0.5781388537,
O1/0646/4,,videos/sample_002583_O1__0646__4.pt,ok,0.5486538410,0.5757358670,0.5777269995,0.5622909452,average,0.5486538410,0.5777269995,
O1/0647/1,,videos/sample_002584_O1__0647__1.pt,ok,0.5534048676,0.5765174031,0.5749887132,0.5618516662,average,0.5534048676,0.5749887132,
O1/0647/2,,videos/sample_002585_O1__0647__2.pt,ok,0.5522473454,0.5739016533,0.5756546607,0.5633232534,average,0.5522473454,0.5756546607,
O1/0647/3,,videos/sample_002586_O1__0647__3.pt,ok,0.5545079708,0.5768021345,0.5743547910,0.5616917121,average,0.5545079708,0.5743547910,
O1/0647/4,,videos/sample_002587_O1__0647__4.pt,ok,0.5550969243,0.5765174031,0.5740166223,0.5618516662,average,0.5550969243,0.5740166223,
O1/0648/1,,videos/sample_002588_O1__0648__1.pt,ok,0.5303016901,0.5513656139,0.5884274202,0.5761624574,average,0.5303016901,0.5884274202,
O1/0648/2,,videos/sample_002589_O1__0648__2.pt,ok,0.5338987708,0.5689359307,0.5863146015,0.5661275172,average,0.5338987708,0.5863146015,
O1/0648/3,,videos/sample_002590_O1__0648__3.pt,ok,0.5280272961,0.5489395857,0.5897672591,0.5775619407,average,0.5280272961,0.5897672591,
O1/0648/4,,videos/sample_002591_O1__0648__4.pt,ok,0.5324824452,0.5643191934,0.5871456022,0.5687472219,average,0.5324824452,0.5871456022,
O1/0649/1,,videos/sample_002592_O1__0649__1.pt,ok,0.5434513092,0.5738598704,0.5807404747,0.5633467911,average,0.5434513092,0.5807404747,
O1/0649/2,,videos/sample_002593_O1__0649__2.pt,ok,0.5407597423,0.5612589121,0.5823056820,0.5704904143,average,0.5407597423,0.5823056820,
O1/0649/3,,videos/sample_002594_O1__0649__3.pt,ok,0.5438330770,0.5781560540,0.5805188090,0.5609317414,average,0.5438330770,0.5805188090,
O1/0649/4,,videos/sample_002595_O1__0649__4.pt,ok,0.5410180688,0.5608532429,0.5821552765,0.5707218917,average,0.5410180688,0.5821552765,
O1/0650/1,,videos/sample_002596_O1__0650__1.pt,ok,0.6196342707,0.6444690824,0.5381412156,0.5249411687,average,0.6196342707,0.5381412156,
O1/0650/2,,videos/sample_002597_O1__0650__2.pt,ok,0.6199107170,0.6438907385,0.5379924690,0.5252448530,average,0.6199107170,0.5379924690,
O1/0650/3,,videos/sample_002598_O1__0650__3.pt,ok,0.6199515462,0.6444690824,0.5379705037,0.5249411687,average,0.6199515462,0.5379705037,
O1/0650/4,,videos/sample_002599_O1__0650__4.pt,ok,0.6184739470,0.6438907385,0.5387659960,0.5252448530,average,0.6184739470,0.5387659960,
O1/0651/1,,videos/sample_002600_O1__0651__1.pt,ok,0.5275657773,0.5552052855,0.5900395105,0.5739544246,average,0.5275657773,0.5900395105,
O1/0651/2,,videos/sample_002601_O1__0651__2.pt,ok,0.5257878900,0.5535295606,0.5910894674,0.5749170206,average,0.5257878900,0.5910894674,
O1/0651/3,,videos/sample_002602_O1__0651__3.pt,ok,0.5262550712,0.5470532179,0.5908133860,0.5786524632,average,0.5262550712,0.5908133860,
O1/0651/4,,videos/sample_002603_O1__0651__4.pt,ok,0.5246745944,0.5450984240,0.5917478911,0.5797847158,average,0.5246745944,0.5917478911,
O1/0652/1,,videos/sample_002604_O1__0652__1.pt,ok,0.5572441816,0.5824596882,0.5727853833,0.5585228835,average,0.5572441816,0.5727853833,
O1/0652/2,,videos/sample_002605_O1__0652__2.pt,ok,0.5577622056,0.5805154443,0.5724887436,0.5596098445,average,0.5577622056,0.5724887436,
O1/0652/3,,videos/sample_002606_O1__0652__3.pt,ok,0.5577883720,0.5824596882,0.5724737638,0.5585228835,average,0.5577883720,0.5724737638,
O1/0652/4,,videos/sample_002607_O1__0652__4.pt,ok,0.5581715107,0.5805154443,0.5722544690,0.5596098445,average,0.5581715107,0.5722544690,
O1/0653/1,,videos/sample_002608_O1__0653__1.pt,ok,0.6009950042,0.6304423213,0.5482658378,0.5323562764,average,0.6009950042,0.5482658378,
O1/0653/2,,videos/sample_002609_O1__0653__2.pt,ok,0.6010882258,0.6303687096,0.5482147299,0.5323954655,average,0.6010882258,0.5482147299,
O1/0653/3,,videos/sample_002610_O1__0653__3.pt,ok,0.6012768149,0.6304423213,0.5481113524,0.5323562764,average,0.6012768149,0.5481113524,
O1/0653/4,,videos/sample_002611_O1__0653__4.pt,ok,0.5977455378,0.6303687096,0.5500503069,0.5323954655,average,0.5977455378,0.5500503069,
O1/0654/1,,videos/sample_002612_O1__0654__1.pt,ok,0.5343693495,0.5661391020,0.5860387593,0.5677130952,average,0.5343693495,0.5860387593,
O1/0654/2,,videos/sample_002613_O1__0654__2.pt,ok,0.5353128910,0.5687469840,0.5854860682,0.5662344953,average,0.5353128910,0.5854860682,
O1/0654/3,,videos/sample_002614_O1__0654__3.pt,ok,0.5309708714,0.5530321002,0.5880337872,0.5752030902,average,0.5309708714,0.5880337872,
O1/0654/4,,videos/sample_002615_O1__0654__4.pt,ok,0.5318308473,0.5531125069,0.5875283098,0.5751568419,average,0.5318308473,0.5875283098,
O1/0655/1,,videos/sample_002616_O1__0655__1.pt,ok,0.6185149550,0.6485907435,0.5387439027,0.5227819918,average,0.6185149550,0.5387439027,
O1/0655/2,,videos/sample_002617_O1__0655__2.pt,ok,0.6187018156,0.6484692097,0.5386432422,0.5228455314,average,0.6187018156,0.5386432422,
O1/0655/3,,videos/sample_002618_O1__0655__3.pt,ok,0.6178863645,0.6485907435,0.5390826585,0.5227819918,average,0.6178863645,0.5390826585,
O1/0655/4,,videos/sample_002619_O1__0655__4.pt,ok,0.6188066602,0.6484692097,0.5385867713,0.5228455314,average,0.6188066602,0.5385867713,
O1/0656/1,,videos/sample_002620_O1__0656__1.pt,ok,0.5473961234,0.5820373297,0.5784540741,0.5587588302,average,0.5473961234,0.5784540741,
O1/0656/2,,videos/sample_002621_O1__0656__2.pt,ok,0.5437346697,0.5845100880,0.5805759391,0.5573788615,average,0.5437346697,0.5805759391,
O1/0656/3,,videos/sample_002622_O1__0656__3.pt,ok,0.5328875184,0.5492106676,0.5869078135,0.5774053953,average,0.5328875184,0.5869078135,
O1/0656/4,,videos/sample_002623_O1__0656__4.pt,ok,0.5509808064,0.5871747732,0.5763842118,0.5558955994,average,0.5509808064,0.5763842118,
O1/0657/1,,videos/sample_002624_O1__0657__1.pt,ok,0.6201059222,0.6447075605,0.5378874603,0.5248159966,average,0.6201059222,0.5378874603,
O1/0657/2,,videos/sample_002625_O1__0657__2.pt,ok,0.6202908158,0.6447075605,0.5377880176,0.5248159966,average,0.6202908158,0.5377880176,
O1/0657/3,,videos/sample_002626_O1__0657__3.pt,ok,0.6186832190,0.6458410025,0.5386532592,0.5242214851,average,0.6186832190,0.5386532592,
O1/0657/4,,videos/sample_002627_O1__0657__4.pt,ok,0.6197826862,0.6458410025,0.5380613530,0.5242214851,average,0.6197826862,0.5380613530,
O1/0658/1,,videos/sample_002628_O1__0658__1.pt,ok,0.6149772406,0.6298744082,0.5406532001,0.5326586943,average,0.6149772406,0.5406532001,
O1/0658/2,,videos/sample_002629_O1__0658__2.pt,ok,0.6155603528,0.6288140416,0.5403380305,0.5332238074,average,0.6155603528,0.5403380305,
O1/0658/3,,videos/sample_002630_O1__0658__3.pt,ok,0.6166596413,0.6297066808,0.5397443695,0.5327480433,average,0.6166596413,0.5397443695,
O1/0658/4,,videos/sample_002631_O1__0658__4.pt,ok,0.6165302396,0.6298744082,0.5398142179,0.5326586943,average,0.6165302396,0.5398142179,
O1/0659/1,,videos/sample_002632_O1__0659__1.pt,ok,0.5930472016,0.6161038280,0.5526407087,0.5400444500,average,0.5930472016,0.5526407087,
O1/0659/2,,videos/sample_002633_O1__0659__2.pt,ok,0.5908300281,0.6154147983,0.5538673684,0.5404166849,average,0.5908300281,0.5538673684,
O1/0659/3,,videos/sample_002634_O1__0659__3.pt,ok,0.5879609585,0.6085130572,0.5554587342,0.5441594017,average,0.5879609585,0.5554587342,
O1/0659/4,,videos/sample_002635_O1__0659__4.pt,ok,0.5914232731,0.6163178682,0.5535388868,0.5399288711,average,0.5914232731,0.5535388868,
O1/0660/1,,videos/sample_002636_O1__0660__1.pt,ok,0.5534390807,0.5754151344,0.5749690414,0.5624713191,average,0.5534390807,0.5749690414,
O1/0660/2,,videos/sample_002637_O1__0660__2.pt,ok,0.5533052683,0.5754940510,0.5750459845,0.5624269326,average,0.5533052683,0.5750459845,
O1/0660/3,,videos/sample_002638_O1__0660__3.pt,ok,0.5528087020,0.5754940510,0.5753316039,0.5624269326,average,0.5528087020,0.5753316039,
O1/0660/4,,videos/sample_002639_O1__0660__4.pt,ok,0.5536665320,0.5754151344,0.5748382788,0.5624713191,average,0.5536665320,0.5748382788,
O1/0661/1,,videos/sample_002640_O1__0661__1.pt,ok,0.5544020534,0.5966858268,0.5744156284,0.5506335103,average,0.5544020534,0.5744156284,
O1/0661/2,,videos/sample_002641_O1__0661__2.pt,ok,0.5619943738,0.5956730247,0.5700709947,0.5511914756,average,0.5619943738,0.5700709947,
O1/0661/3,,videos/sample_002642_O1__0661__3.pt,ok,0.5606768727,0.5963038206,0.5708225588,0.5508438958,average,0.5606768727,0.5708225588,
O1/0661/4,,videos/sample_002643_O1__0661__4.pt,ok,0.5447214842,0.5631261468,0.5800033009,0.5694261687,average,0.5447214842,0.5800033009,
O1/0662/1,,videos/sample_002644_O1__0662__1.pt,ok,0.5490847826,0.5850710869,0.5774780866,0.5570662603,average,0.5490847826,0.5774780866,
O1/0662/2,,videos/sample_002645_O1__0662__2.pt,ok,0.5465424657,0.5945852399,0.5789480867,0.5517913795,average,0.5465424657,0.5789480867,
O1/0662/3,,videos/sample_002646_O1__0662__3.pt,ok,0.5430830717,0.5804300904,0.5809543645,0.5596576114,average,0.5430830717,0.5809543645,
O1/0662/4,,videos/sample_002647_O1__0662__4.pt,ok,0.5306739211,0.5469299555,0.5882084300,0.5787237937,average,0.5306739211,0.5882084300,
O1/0663/1,,videos/sample_002648_O1__0663__1.pt,ok,0.5464943051,0.5646090508,0.5789759698,0.5685823902,average,0.5464943051,0.5789759698,
O1/0663/2,,videos/sample_002649_O1__0663__2.pt,ok,0.5480490327,0.5779145956,0.5780765193,0.5610671994,average,0.5480490327,0.5780765193,
O1/0663/3,,videos/sample_002650_O1__0663__3.pt,ok,0.5457078218,0.5721071362,0.5794315039,0.5643350541,average,0.5457078218,0.5794315039,
O1/0663/4,,videos/sample_002651_O1__0663__4.pt,ok,0.5436283946,0.5625453591,0.5806376431,0.5697569805,average,0.5436283946,0.5806376431,
O1/0664/1,,videos/sample_002652_O1__0664__1.pt,ok,0.6217854023,0.6361992955,0.5369848472,0.5293003200,average,0.6217854023,0.5369848472,
O1/0664/2,,videos/sample_002653_O1__0664__2.pt,ok,0.6201388240,0.6358702183,0.5378697632,0.5294745294,average,0.6201388240,0.5378697632,
O1/0664/3,,videos/sample_002654_O1__0664__3.pt,ok,0.6212933064,0.6362636685,0.5372491603,0.5292662485,average,0.6212933064,0.5372491603,
O1/0664/4,,videos/sample_002655_O1__0664__4.pt,ok,0.6216863990,0.6348307729,0.5370380132,0.5300251754,average,0.6216863990,0.5370380132,
O1/0665/1,,videos/sample_002656_O1__0665__1.pt,ok,0.5635579824,0.5835168958,0.5691803233,0.5579327209,average,0.5635579824,0.5691803233,
O1/0665/2,,videos/sample_002657_O1__0665__2.pt,ok,0.5625799894,0.5835168958,0.5697372499,0.5579327209,average,0.5625799894,0.5697372499,
O1/0665/3,,videos/sample_002658_O1__0665__3.pt,ok,0.5625122786,0.5829547048,0.5697758287,0.5582464738,average,0.5625122786,0.5697758287,
O1/0665/4,,videos/sample_002659_O1__0665__4.pt,ok,0.5636507869,0.5839025378,0.5691275033,0.5577176000,average,0.5636507869,0.5691275033,
O1/0666/1,,videos/sample_002660_O1__0666__1.pt,ok,0.5438017249,0.5706602335,0.5805370098,0.5651521831,average,0.5438017249,0.5805370098,
O1/0666/2,,videos/sample_002661_O1__0666__2.pt,ok,0.5391063094,0.5575189590,0.5832692818,0.5726280164,average,0.5391063094,0.5832692818,
O1/0666/3,,videos/sample_002662_O1__0666__3.pt,ok,0.5425285101,0.5607607365,0.5812766288,0.5707746895,average,0.5425285101,0.5812766288,
O1/0666/4,,videos/sample_002663_O1__0666__4.pt,ok,0.5446123481,0.5768176317,0.5800666037,0.5616830076,average,0.5446123481,0.5800666037,
O1/0667/1,,videos/sample_002664_O1__0667__1.pt,ok,0.5433517694,0.5764955282,0.5807982843,0.5618639568,average,0.5433517694,0.5807982843,
O1/0667/2,,videos/sample_002665_O1__0667__2.pt,ok,0.5367082357,0.5580859184,0.5846696830,0.5723034516,average,0.5367082357,0.5846696830,
O1/0667/3,,videos/sample_002666_O1__0667__3.pt,ok,0.5399961472,0.5609416366,0.5827504976,0.5706714457,average,0.5399961472,0.5827504976,
O1/0667/4,,videos/sample_002667_O1__0667__4.pt,ok,0.5411708355,0.5738651156,0.5820663493,0.5633438363,average,0.5411708355,0.5820663493,
O1/0668/1,,videos/sample_002668_O1__0668__1.pt,ok,0.6216589808,0.6544116735,0.5370527379,0.5197477540,average,0.6216589808,0.5370527379,
O1/0668/2,,videos/sample_002669_O1__0668__2.pt,ok,0.6236302257,0.6537844539,0.5359951183,0.5200738523,average,0.6236302257,0.5359951183,
O1/0668/3,,videos/sample_002670_O1__0668__3.pt,ok,0.6233087182,0.6537844539,0.5361674724,0.5200738523,average,0.6233087182,0.5361674724,
O1/0668/4,,videos/sample_002671_O1__0668__4.pt,ok,0.6235628724,0.6544116735,0.5360312205,0.5197477540,average,0.6235628724,0.5360312205,
O1/0669/1,,videos/sample_002672_O1__0669__1.pt,ok,0.6190890074,0.6324638128,0.5384347243,0.5312812097,average,0.6190890074,0.5384347243,
O1/0669/2,,videos/sample_002673_O1__0669__2.pt,ok,0.6200565100,0.6336079240,0.5379140392,0.5306737125,average,0.6200565100,0.5379140392,
O1/0669/3,,videos/sample_002674_O1__0669__3.pt,ok,0.6197000146,0.6327272654,0.5381058373,0.5311412607,average,0.6197000146,0.5381058373,
O1/0669/4,,videos/sample_002675_O1__0669__4.pt,ok,0.6179547906,0.6302571297,0.5390457725,0.5324548735,average,0.6179547906,0.5390457725,
O1/0670/1,,videos/sample_002676_O1__0670__1.pt,ok,0.5608338714,0.5830175877,0.5707329475,0.5582113708,average,0.5608338714,0.5707329475,
O1/0670/2,,videos/sample_002677_O1__0670__2.pt,ok,0.5621181726,0.5856474638,0.5700004249,0.5567452727,average,0.5621181726,0.5700004249,
O1/0670/3,,videos/sample_002678_O1__0670__3.pt,ok,0.5612483621,0.5830175877,0.5704964330,0.5582113708,average,0.5612483621,0.5704964330,
O1/0670/4,,videos/sample_002679_O1__0670__4.pt,ok,0.5625224113,0.5856474638,0.5697700553,0.5567452727,average,0.5625224113,0.5697700553,
O1/0671/1,,videos/sample_002680_O1__0671__1.pt,ok,0.5391001105,0.5735551119,0.5832728974,0.5635185020,average,0.5391001105,0.5832728974,
O1/0671/2,,videos/sample_002681_O1__0671__2.pt,ok,0.5374200940,0.5790666938,0.5842536291,0.5604211671,average,0.5374200940,0.5842536291,
O1/0671/3,,videos/sample_002682_O1__0671__3.pt,ok,0.5269615650,0.5469693542,0.5903961274,0.5787009932,average,0.5269615650,0.5903961274,
O1/0671/4,,videos/sample_002683_O1__0671__4.pt,ok,0.5402050018,0.5724762082,0.5826288002,0.5641268123,average,0.5402050018,0.5826288002,
O1/0672/1,,videos/sample_002684_O1__0672__1.pt,ok,0.6158540249,0.6439880729,0.5401793716,0.5251937311,average,0.6158540249,0.5401793716,
O1/0672/2,,videos/sample_002685_O1__0672__2.pt,ok,0.6155751348,0.6444133520,0.5403300433,0.5249704246,average,0.6155751348,0.5403300433,
O1/0672/3,,videos/sample_002686_O1__0672__3.pt,ok,0.6132150888,0.6444133520,0.5416067530,0.5249704246,average,0.6132150888,0.5416067530,
O1/0672/4,,videos/sample_002687_O1__0672__4.pt,ok,0.6149969697,0.6439880729,0.5406425336,0.5251937311,average,0.6149969697,0.5406425336,
O1/0673/1,,videos/sample_002688_O1__0673__1.pt,ok,0.6120075583,0.6269173026,0.5422611547,0.5342361536,average,0.6120075583,0.5422611547,
O1/0673/2,,videos/sample_002689_O1__0673__2.pt,ok,0.6123340130,0.6276777387,0.5420841599,0.5338300556,average,0.6123340130,0.5420841599,
O1/0673/3,,videos/sample_002690_O1__0673__3.pt,ok,0.6111333370,0.6257216930,0.5427354182,0.5348752734,average,0.6111333370,0.5427354182,
O1/0673/4,,videos/sample_002691_O1__0673__4.pt,ok,0.6127779484,0.6268427968,0.5418435630,0.5342759588,average,0.6127779484,0.5418435630,
O1/0674/1,,videos/sample_002692_O1__0674__1.pt,ok,0.5512423515,0.5665291548,0.5762334810,0.5674917003,average,0.5512423515,0.5762334810,
O1/0674/2,,videos/sample_002693_O1__0674__2.pt,ok,0.5475219488,0.5604541898,0.5783812945,0.5709496854,average,0.5475219488,0.5783812945,
O1/0674/3,,videos/sample_002694_O1__0674__3.pt,ok,0.5548937917,0.5819730163,0.5741332357,0.5587947671,average,0.5548937917,0.5741332357,
O1/0674/4,,videos/sample_002695_O1__0674__4.pt,ok,0.5525658727,0.5791404843,0.5754713282,0.5603798149,average,0.5525658727,0.5754713282,
O1/0675/1,,videos/sample_002696_O1__0675__1.pt,ok,0.6176088452,0.6293411255,0.5392322851,0.5329428278,average,0.6176088452,0.5392322851,
O1/0675/2,,videos/sample_002697_O1__0675__2.pt,ok,0.6156731844,0.6303997636,0.5402770668,0.5323789328,average,0.6156731844,0.5402770668,
O1/0675/3,,videos/sample_002698_O1__0675__3.pt,ok,0.6174657345,0.6296498775,0.5393094606,0.5327783060,average,0.6174657345,0.5393094606,
O1/0675/4,,videos/sample_002699_O1__0675__4.pt,ok,0.6169221997,0.6290605664,0.5396026737,0.5330923707,average,0.6169221997,0.5396026737,
O1/0676/1,,videos/sample_002700_O1__0676__1.pt,ok,0.5646119714,0.5846671462,0.5685807296,0.5572913275,average,0.5646119714,0.5685807296,
O1/0676/2,,videos/sample_002701_O1__0676__2.pt,ok,0.5629484057,0.5846671462,0.5695273881,0.5572913275,average,0.5629484057,0.5695273881,
O1/0676/3,,videos/sample_002702_O1__0676__3.pt,ok,0.5639455914,0.5834266543,0.5689597466,0.5579830718,average,0.5639455914,0.5689597466,
O1/0676/4,,videos/sample_002703_O1__0676__4.pt,ok,0.5625920296,0.5834266543,0.5697303903,0.5579830718,average,0.5625920296,0.5697303903,
O1/0677/1,,videos/sample_002704_O1__0677__1.pt,ok,0.5619316697,0.5792832375,0.5701067416,0.5602998246,average,0.5619316697,0.5701067416,
O1/0677/2,,videos/sample_002705_O1__0677__2.pt,ok,0.5623707771,0.5831074715,0.5698564585,0.5581611989,average,0.5623707771,0.5698564585,
O1/0677/3,,videos/sample_002706_O1__0677__3.pt,ok,0.5606854558,0.5790795088,0.5708176594,0.5604139854,average,0.5606854558,0.5708176594,
O1/0677/4,,videos/sample_002707_O1__0677__4.pt,ok,0.5629144311,0.5828397870,0.5695467379,0.5583106299,average,0.5629144311,0.5695467379,
O1/0678/1,,videos/sample_002708_O1__0678__1.pt,ok,0.5603669286,0.5873571038,0.5709995094,0.5557942519,average,0.5603669286,0.5709995094,
O1/0678/2,,videos/sample_002709_O1__0678__2.pt,ok,0.5658352375,0.5993076563,0.5678856292,0.5491917339,average,0.5658352375,0.5678856292,
O1/0678/3,,videos/sample_002710_O1__0678__3.pt,ok,0.5644168258,0.6027992964,0.5686916964,0.5472774979,average,0.5644168258,0.5686916964,
O1/0678/4,,videos/sample_002711_O1__0678__4.pt,ok,0.5523569584,0.5798569918,0.5755915650,0.5599784424,average,0.5523569584,0.5755915650,
O1/0679/1,,videos/sample_002712_O1__0679__1.pt,ok,0.5497702360,0.5775920749,0.5770823879,0.5612481844,average,0.5497702360,0.5770823879,
O1/0679/2,,videos/sample_002713_O1__0679__2.pt,ok,0.5494282842,0.5736292601,0.5772797560,0.5634767197,average,0.5494282842,0.5772797560,
O1/0679/3,,videos/sample_002714_O1__0679__3.pt,ok,0.5481094718,0.5670484900,0.5780415820,0.5671970583,average,0.5481094718,0.5780415820,
O1/0679/4,,videos/sample_002715_O1__0679__4.pt,ok,0.5488780141,0.5680785775,0.5775975032,0.5666130966,average,0.5488780141,0.5775975032,
O1/0680/1,,videos/sample_002716_O1__0680__1.pt,ok,0.6153084636,0.6444538236,0.5404741530,0.5249491787,average,0.6153084636,0.5404741530,
O1/0680/2,,videos/sample_002717_O1__0680__2.pt,ok,0.6164329052,0.6444538236,0.5398667629,0.5249491787,average,0.6164329052,0.5398667629,
O1/0680/3,,videos/sample_002718_O1__0680__3.pt,ok,0.6153447032,0.6444046497,0.5404545668,0.5249749931,average,0.6153447032,0.5404545668,
O1/0680/4,,videos/sample_002719_O1__0680__4.pt,ok,0.6161465645,0.6444046497,0.5400213709,0.5249749931,average,0.6161465645,0.5400213709,
O1/0681/1,,videos/sample_002720_O1__0681__1.pt,ok,0.5333138108,0.5719103813,0.5866576724,0.5644461008,average,0.5333138108,0.5866576724,
O1/0681/2,,videos/sample_002721_O1__0681__2.pt,ok,0.5409740210,0.5947622657,0.5821809197,0.5516937068,average,0.5409740210,0.5821809197,
O1/0681/3,,videos/sample_002722_O1__0681__3.pt,ok,0.5426387787,0.5814762115,0.5812125358,0.5590724479,average,0.5426387787,0.5812125358,
O1/0681/4,,videos/sample_002723_O1__0681__4.pt,ok,0.5417795181,0.5799143910,0.5817121634,0.5599463009,average,0.5417795181,0.5817121634,
O1/0682/1,,videos/sample_002724_O1__0682__1.pt,ok,0.5531387329,0.5825852752,0.5751417580,0.5584527447,average,0.5531387329,0.5751417580,
O1/0682/2,,videos/sample_002725_O1__0682__2.pt,ok,0.5545635223,0.5949065089,0.5743228856,0.5516141345,average,0.5545635223,0.5743228856,
O1/0682/3,,videos/sample_002726_O1__0682__3.pt,ok,0.5433941483,0.5619394183,0.5807736713,0.5701023241,average,0.5433941483,0.5807736713,
O1/0682/4,,videos/sample_002727_O1__0682__4.pt,ok,0.5495191216,0.5806974173,0.5772273198,0.5595080199,average,0.5495191216,0.5772273198,
O1/0683/1,,videos/sample_002728_O1__0683__1.pt,ok,0.5637024641,0.5831751227,0.5690980931,0.5581234398,average,0.5637024641,0.5690980931,
O1/0683/2,,videos/sample_002729_O1__0683__2.pt,ok,0.5650541186,0.5889667273,0.5683293887,0.5549003520,average,0.5650541186,0.5683293887,
O1/0683/3,,videos/sample_002730_O1__0683__3.pt,ok,0.5653227568,0.5895854831,0.5681767343,0.5545571104,average,0.5653227568,0.5681767343,
O1/0683/4,,videos/sample_002731_O1__0683__4.pt,ok,0.5636159778,0.5829216242,0.5691473144,0.5582649412,average,0.5636159778,0.5691473144,
O1/0684/1,,videos/sample_002732_O1__0684__1.pt,ok,0.6385341287,0.6605871916,0.5280659337,0.5165479328,average,0.6385341287,0.5280659337,
O1/0684/2,,videos/sample_002733_O1__0684__2.pt,ok,0.6391386390,0.6605871916,0.5277468089,0.5165479328,average,0.6391386390,0.5277468089,
O1/0684/3,,videos/sample_002734_O1__0684__3.pt,ok,0.6388020515,0.6595630646,0.5279244717,0.5170772145,average,0.6388020515,0.5279244717,
O1/0684/4,,videos/sample_002735_O1__0684__4.pt,ok,0.6388528347,0.6595630646,0.5278976627,0.5170772145,average,0.6388528347,0.5278976627,
O1/0685/1,,videos/sample_002736_O1__0685__1.pt,ok,0.6265115142,0.6395204663,0.5344529844,0.5275453392,average,0.6265115142,0.5344529844,
O1/0685/2,,videos/sample_002737_O1__0685__2.pt,ok,0.6255971789,0.6395204663,0.5349418771,0.5275453392,average,0.6255971789,0.5349418771,
O1/0685/3,,videos/sample_002738_O1__0685__3.pt,ok,0.6256835461,0.6389786601,0.5348956777,0.5278312439,average,0.6256835461,0.5348956777,
O1/0685/4,,videos/sample_002739_O1__0685__4.pt,ok,0.6245161891,0.6389786601,0.5355204565,0.5278312439,average,0.6245161891,0.5355204565,
O1/0686/1,,videos/sample_002740_O1__0686__1.pt,ok,0.6215952039,0.6469571590,0.5370869906,0.5236366983,average,0.6215952039,0.5370869906,
O1/0686/2,,videos/sample_002741_O1__0686__2.pt,ok,0.6203160882,0.6452943087,0.5377744266,0.5245081521,average,0.6203160882,0.5377744266,
O1/0686/3,,videos/sample_002742_O1__0686__3.pt,ok,0.6213263273,0.6469571590,0.5372314201,0.5236366983,average,0.6213263273,0.5372314201,
O1/0686/4,,videos/sample_002743_O1__0686__4.pt,ok,0.6185788512,0.6452943087,0.5387094802,0.5245081521,average,0.6185788512,0.5387094802,
O1/0687/1,,videos/sample_002744_O1__0687__1.pt,ok,0.5845280290,0.6086423993,0.5573688617,0.5440890235,average,0.5845280290,0.5573688617,
O1/0687/2,,videos/sample_002745_O1__0687__2.pt,ok,0.5919217467,0.6145020127,0.5532630310,0.5409101946,average,0.5919217467,0.5532630310,
O1/0687/3,,videos/sample_002746_O1__0687__3.pt,ok,0.5935144424,0.6167450547,0.5523825527,0.5396982701,average,0.5935144424,0.5523825527,
O1/0687/4,,videos/sample_002747_O1__0687__4.pt,ok,0.5886845589,0.6168566346,0.5550569495,0.5396380540,average,0.5886845589,0.5550569495,
O1/0688/1,,videos/sample_002748_O1__0688__1.pt,ok,0.5846914649,0.6054018140,0.5572777750,0.5458550504,average,0.5846914649,0.5572777750,
O1/0688/2,,videos/sample_002749_O1__0688__2.pt,ok,0.5843419433,0.6039753556,0.5574725897,0.5466342455,average,0.5843419433,0.5574725897,
O1/0688/3,,videos/sample_002750_O1__0688__3.pt,ok,0.5834164023,0.6039753556,0.5579887923,0.5466342455,average,0.5834164023,0.5579887923,
O1/0688/4,,videos/sample_002751_O1__0688__4.pt,ok,0.5822646022,0.6039599776,0.5586318541,0.5466426517,average,0.5822646022,0.5586318541,
O1/0689/1,,videos/sample_002752_O1__0689__1.pt,ok,0.5232986212,0.5438843369,0.5925626808,0.5804890524,average,0.5232986212,0.5925626808,
O1/0689/2,,videos/sample_002753_O1__0689__2.pt,ok,0.5361663103,0.5693414807,0.5849866162,0.5658979707,average,0.5361663103,0.5849866162,
O1/0689/3,,videos/sample_002754_O1__0689__3.pt,ok,0.5349381566,0.5652027726,0.5857055110,0.5682449106,average,0.5349381566,0.5857055110,
O1/0689/4,,videos/sample_002755_O1__0689__4.pt,ok,0.5304299593,0.5719413757,0.5883519479,0.5644286064,average,0.5304299593,0.5883519479,
O1/0690/1,,videos/sample_002756_O1__0690__1.pt,ok,0.6218739152,0.6371161342,0.5369373193,0.5288152594,average,0.6218739152,0.5369373193,
O1/0690/2,,videos/sample_002757_O1__0690__2.pt,ok,0.6227269769,0.6357062459,0.5364794739,0.5295613557,average,0.6227269769,0.5364794739,
O1/0690/3,,videos/sample_002758_O1__0690__3.pt,ok,0.6225298047,0.6371161342,0.5365852632,0.5288152594,average,0.6225298047,0.5365852632,
O1/0690/4,,videos/sample_002759_O1__0690__4.pt,ok,0.6212379336,0.6357062459,0.5372789101,0.5295613557,average,0.6212379336,0.5372789101,
O1/0691/1,,videos/sample_002760_O1__0691__1.pt,ok,0.5627923608,0.5817101002,0.5696162669,0.5589417025,average,0.5627923608,0.5696162669,
O1/0691/2,,videos/sample_002761_O1__0691__2.pt,ok,0.5637788773,0.5847298503,0.5690546082,0.5572563841,average,0.5637788773,0.5690546082,
O1/0691/3,,videos/sample_002762_O1__0691__3.pt,ok,0.5617628098,0.5826804042,0.5702030179,0.5583996222,average,0.5617628098,0.5702030179,
O1/0691/4,,videos/sample_002763_O1__0691__4.pt,ok,0.5634953380,0.5836808681,0.5692159804,0.5578412428,average,0.5634953380,0.5692159804,
O1/0692/1,,videos/sample_002764_O1__0692__1.pt,ok,0.5719859600,0.5900857449,0.5644034423,0.5542797561,average,0.5719859600,0.5644034423,
O1/0692/2,,videos/sample_002765_O1__0692__2.pt,ok,0.5719237924,0.5913344622,0.5644385310,0.5535880493,average,0.5719237924,0.5644385310,
O1/0692/3,,videos/sample_002766_O1__0692__3.pt,ok,0.5686973333,0.5793257356,0.5662626099,0.5602760134,average,0.5686973333,0.5662626099,
O1/0692/4,,videos/sample_002767_O1__0692__4.pt,ok,0.5700839162,0.5812678337,0.5654779840,0.5591889583,average,0.5700839162,0.5654779840,
O1/0693/1,,videos/sample_002768_O1__0693__1.pt,ok,0.5636041760,0.5842888355,0.5691540314,0.5575021966,average,0.5636041760,0.5691540314,
O1/0693/2,,videos/sample_002769_O1__0693__2.pt,ok,0.5654020309,0.5850154161,0.5681316943,0.5570972735,average,0.5654020309,0.5681316943,
O1/0693/3,,videos/sample_002770_O1__0693__3.pt,ok,0.5651476979,0.5850154161,0.5682762073,0.5570972735,average,0.5651476979,0.5682762073,
O1/0693/4,,videos/sample_002771_O1__0693__4.pt,ok,0.5631550550,0.5836873651,0.5694097078,0.5578376186,average,0.5631550550,0.5694097078,
O1/0694/1,,videos/sample_002772_O1__0694__1.pt,ok,0.6264896393,0.6545237899,0.5344646757,0.5196894851,average,0.6264896393,0.5344646757,
O1/0694/2,,videos/sample_002773_O1__0694__2.pt,ok,0.6269600391,0.6535805464,0.5342133227,0.5201799100,average,0.6269600391,0.5342133227,
O1/0694/3,,videos/sample_002774_O1__0694__3.pt,ok,0.6261783838,0.6535805464,0.5346310566,0.5201799100,average,0.6261783838,0.5346310566,
O1/0694/4,,videos/sample_002775_O1__0694__4.pt,ok,0.6235210896,0.6545237899,0.5360536179,0.5196894851,average,0.6235210896,0.5360536179,
O1/0695/1,,videos/sample_002776_O1__0695__1.pt,ok,0.5514171720,0.5781140924,0.5761327524,0.5609552795,average,0.5514171720,0.5761327524,
O1/0695/2,,videos/sample_002777_O1__0695__2.pt,ok,0.5636288524,0.5954237580,0.5691399869,0.5513288863,average,0.5636288524,0.5691399869,
O1/0695/3,,videos/sample_002778_O1__0695__3.pt,ok,0.5569185615,0.5903891921,0.5729719242,0.5541115869,average,0.5569185615,0.5729719242,
O1/0695/4,,videos/sample_002779_O1__0695__4.pt,ok,0.5622904897,0.5928700566,0.5699022126,0.5527386149,average,0.5622904897,0.5699022126,
O1/0696/1,,videos/sample_002780_O1__0696__1.pt,ok,0.5860727429,0.6035405993,0.5565085509,0.5468719498,average,0.5860727429,0.5565085509,
O1/0696/2,,videos/sample_002781_O1__0696__2.pt,ok,0.5847281814,0.6035647392,0.5572573142,0.5468587486,average,0.5847281814,0.5572573142,
O1/0696/3,,videos/sample_002782_O1__0696__3.pt,ok,0.5853448510,0.6035647392,0.5569137764,0.5468587486,average,0.5853448510,0.5569137764,
O1/0696/4,,videos/sample_002783_O1__0696__4.pt,ok,0.5840005875,0.6028677821,0.5576629187,0.5472400185,average,0.5840005875,0.5576629187,
O1/0697/1,,videos/sample_002784_O1__0697__1.pt,ok,0.5347779393,0.5511512160,0.5857993587,0.5762859987,average,0.5347779393,0.5857993587,
O1/0697/2,,videos/sample_002785_O1__0697__2.pt,ok,0.5420511365,0.5674147606,0.5815541812,0.5669893488,average,0.5420511365,0.5815541812,
O1/0697/3,,videos/sample_002786_O1__0697__3.pt,ok,0.5398433208,0.5711208582,0.5828395640,0.5648919200,average,0.5398433208,0.5828395640,
O1/0697/4,,videos/sample_002787_O1__0697__4.pt,ok,0.5399964452,0.5570561886,0.5827503239,0.5728930731,average,0.5399964452,0.5827503239,
O1/0698/1,,videos/sample_002788_O1__0698__1.pt,ok,0.6117761731,0.6294379830,0.5423866404,0.5328912108,average,0.6117761731,0.5423866404,
O1/0698/2,,videos/sample_002789_O1__0698__2.pt,ok,0.6127696037,0.6282723546,0.5418480845,0.5335127261,average,0.6127696037,0.5418480845,
O1/0698/3,,videos/sample_002790_O1__0698__3.pt,ok,0.6139240265,0.6300461292,0.5412229237,0.5325672335,average,0.6139240265,0.5412229237,
O1/0698/4,,videos/sample_002791_O1__0698__4.pt,ok,0.6140229702,0.6297277212,0.5411693757,0.5327368342,average,0.6140229702,0.5411693757,
O1/0699/1,,videos/sample_002792_O1__0699__1.pt,ok,0.5454960465,0.5606130362,0.5795542262,0.5708589994,average,0.5454960465,0.5795542262,
O1/0699/2,,videos/sample_002793_O1__0699__2.pt,ok,0.5448127985,0.5676652193,0.5799503408,0.5668473592,average,0.5448127985,0.5799503408,
O1/0699/3,,videos/sample_002794_O1__0699__3.pt,ok,0.5430713892,0.5588835478,0.5809611515,0.5718471476,average,0.5430713892,0.5809611515,
O1/0699/4,,videos/sample_002795_O1__0699__4.pt,ok,0.5470691919,0.5717241168,0.5786432199,0.5645512468,average,0.5470691919,0.5786432199,
O1/0700/1,,videos/sample_002796_O1__0700__1.pt,ok,0.6153554320,0.6445304155,0.5404487684,0.5249089733,average,0.6153554320,0.5404487684,
O1/0700/2,,videos/sample_002797_O1__0700__2.pt,ok,0.6156697869,0.6441349983,0.5402789023,0.5251165724,average,0.6156697869,0.5402789023,
O1/0700/3,,videos/sample_002798_O1__0700__3.pt,ok,0.6138334274,0.6445304155,0.5412719602,0.5249089733,average,0.6138334274,0.5412719602,
O1/0700/4,,videos/sample_002799_O1__0700__4.pt,ok,0.6154350042,0.6441349983,0.5404057654,0.5251165724,average,0.6154350042,0.5404057654,
O1/0701/1,,videos/sample_002800_O1__0701__1.pt,ok,0.6375024915,0.6583059430,0.5286109872,0.5177276522,average,0.6375024915,0.5286109872,
O1/0701/2,,videos/sample_002801_O1__0701__2.pt,ok,0.6376915574,0.6583059430,0.5285110544,0.5177276522,average,0.6376915574,0.5285110544,
O1/0701/3,,videos/sample_002802_O1__0701__3.pt,ok,0.6363143921,0.6577900648,0.5292394029,0.5179948055,average,0.6363143921,0.5292394029,
O1/0701/4,,videos/sample_002803_O1__0701__4.pt,ok,0.6365073919,0.6577900648,0.5291372696,0.5179948055,average,0.6365073919,0.5291372696,
O1/0702/1,,videos/sample_002804_O1__0702__1.pt,ok,0.5345252752,0.5670011044,0.5859473879,0.5672239360,average,0.5345252752,0.5859473879,
O1/0702/2,,videos/sample_002805_O1__0702__2.pt,ok,0.5372471809,0.5712565780,0.5843546629,0.5648152582,average,0.5372471809,0.5843546629,
O1/0702/3,,videos/sample_002806_O1__0702__3.pt,ok,0.5217024684,0.5440265536,0.5935092566,0.5804065030,average,0.5217024684,0.5935092566,
O1/0702/4,,videos/sample_002807_O1__0702__4.pt,ok,0.5316681862,0.5729794502,0.5876238855,0.5638429914,average,0.5316681862,0.5876238855,
O1/0703/1,,videos/sample_002808_O1__0703__1.pt,ok,0.5538988113,0.5764297843,0.5747047713,0.5619008971,average,0.5538988113,0.5747047713,
O1/0703/2,,videos/sample_002809_O1__0703__2.pt,ok,0.5539589524,0.5764029026,0.5746702089,0.5619160022,average,0.5539589524,0.5746702089,
O1/0703/3,,videos/sample_002810_O1__0703__3.pt,ok,0.5560413599,0.5842824578,0.5734747565,0.5575057522,average,0.5560413599,0.5734747565,
O1/0703/4,,videos/sample_002811_O1__0703__4.pt,ok,0.5560254455,0.5832340121,0.5734838831,0.5580905732,average,0.5560254455,0.5734838831,
O1/0704/1,,videos/sample_002812_O1__0704__1.pt,ok,0.5349327922,0.5625085235,0.5857086530,0.5697779682,average,0.5349327922,0.5857086530,
O1/0704/2,,videos/sample_002813_O1__0704__2.pt,ok,0.5346344113,0.5545552373,0.5858834433,0.5743276439,average,0.5346344113,0.5858834433,
O1/0704/3,,videos/sample_002814_O1__0704__3.pt,ok,0.5284330249,0.5484032631,0.5895280220,0.5778717833,average,0.5284330249,0.5895280220,
O1/0704/4,,videos/sample_002815_O1__0704__4.pt,ok,0.5289167762,0.5603178740,0.5892429061,0.5710275202,average,0.5289167762,0.5892429061,
O1/0705/1,,videos/sample_002816_O1__0705__1.pt,ok,0.6152704358,0.6277374029,0.5404947064,0.5337982060,average,0.6152704358,0.5404947064,
O1/0705/2,,videos/sample_002817_O1__0705__2.pt,ok,0.6157366037,0.6266174316,0.5402428038,0.5343963795,average,0.6157366037,0.5402428038,
O1/0705/3,,videos/sample_002818_O1__0705__3.pt,ok,0.6153132319,0.6283713579,0.5404715758,0.5334599092,average,0.6153132319,0.5404715758,
O1/0705/4,,videos/sample_002819_O1__0705__4.pt,ok,0.6131680012,0.6278600097,0.5416322566,0.5337327627,average,0.6131680012,0.5416322566,
O1/0706/1,,videos/sample_002820_O1__0706__1.pt,ok,0.5423201323,0.5611982346,0.5813977666,0.5705250313,average,0.5423201323,0.5813977666,
O1/0706/2,,videos/sample_002821_O1__0706__2.pt,ok,0.5480951071,0.5847814679,0.5780498854,0.5572276206,average,0.5480951071,0.5780498854,
O1/0706/3,,videos/sample_002822_O1__0706__3.pt,ok,0.5536605120,0.5794868469,0.5748417394,0.5601857539,average,0.5536605120,0.5748417394,
O1/0706/4,,videos/sample_002823_O1__0706__4.pt,ok,0.5556944609,0.5895100832,0.5736737289,0.5545989255,average,0.5556944609,0.5736737289,
O1/0707/1,,videos/sample_002824_O1__0707__1.pt,ok,0.6201212406,0.6458571553,0.5378792208,0.5242130175,average,0.6201212406,0.5378792208,
O1/0707/2,,videos/sample_002825_O1__0707__2.pt,ok,0.6199287772,0.6458571553,0.5379827529,0.5242130175,average,0.6199287772,0.5379827529,
O1/0707/3,,videos/sample_002826_O1__0707__3.pt,ok,0.6185058951,0.6461620927,0.5387487837,0.5240531897,average,0.6185058951,0.5387487837,
O1/0707/4,,videos/sample_002827_O1__0707__4.pt,ok,0.6180121899,0.6461620927,0.5390148325,0.5240531897,average,0.6180121899,0.5390148325,
O1/0708/1,,videos/sample_002828_O1__0708__1.pt,ok,0.5604483485,0.5980049372,0.5709530205,0.5499076427,average,0.5604483485,0.5709530205,
O1/0708/2,,videos/sample_002829_O1__0708__2.pt,ok,0.5552784801,0.5968808532,0.5739124158,0.5505261327,average,0.5552784801,0.5739124158,
O1/0708/3,,videos/sample_002830_O1__0708__3.pt,ok,0.5567013621,0.5965695977,0.5730963868,0.5506975136,average,0.5567013621,0.5730963868,
O1/0708/4,,videos/sample_002831_O1__0708__4.pt,ok,0.5464241505,0.5810014009,0.5790165891,0.5593379645,average,0.5464241505,0.5790165891,
O1/0709/1,,videos/sample_002832_O1__0709__1.pt,ok,0.6386076212,0.6590133905,0.5280271262,0.5173615165,average,0.6386076212,0.5280271262,
O1/0709/2,,videos/sample_002833_O1__0709__2.pt,ok,0.6390917897,0.6590133905,0.5277715340,0.5173615165,average,0.6390917897,0.5277715340,
O1/0709/3,,videos/sample_002834_O1__0709__3.pt,ok,0.6389596462,0.6590472460,0.5278412802,0.5173440013,average,0.6389596462,0.5278412802,
O1/0709/4,,videos/sample_002835_O1__0709__4.pt,ok,0.6391800642,0.6590472460,0.5277249473,0.5173440013,average,0.6391800642,0.5277249473,
O1/0710/1,,videos/sample_002836_O1__0710__1.pt,ok,0.5552536845,0.5846949816,0.5739266464,0.5572758153,average,0.5552536845,0.5739266464,
O1/0710/2,,videos/sample_002837_O1__0710__2.pt,ok,0.5614898205,0.6002981663,0.5703586985,0.5486480234,average,0.5614898205,0.5703586985,
O1/0710/3,,videos/sample_002838_O1__0710__3.pt,ok,0.5597384572,0.5942080021,0.5713584790,0.5519995753,average,0.5597384572,0.5713584790,
O1/0710/4,,videos/sample_002839_O1__0710__4.pt,ok,0.5601398945,0.5950164795,0.5711291604,0.5515534765,average,0.5601398945,0.5711291604,
O1/0711/1,,videos/sample_002840_O1__0711__1.pt,ok,0.5248638988,0.5449436903,0.5916358813,0.5798744350,average,0.5248638988,0.5916358813,
O1/0711/2,,videos/sample_002841_O1__0711__2.pt,ok,0.5421699286,0.5801668167,0.5814851013,0.5598049740,average,0.5421699286,0.5814851013,
O1/0711/3,,videos/sample_002842_O1__0711__3.pt,ok,0.5289514661,0.5612771511,0.5892224656,0.5704800092,average,0.5289514661,0.5892224656,
O1/0711/4,,videos/sample_002843_O1__0711__4.pt,ok,0.5439412594,0.5801668167,0.5804560105,0.5598049740,average,0.5439412594,0.5804560105,
O1/0712/1,,videos/sample_002844_O1__0712__1.pt,ok,0.6166822314,0.6307642460,0.5397321768,0.5321849254,average,0.6166822314,0.5397321768,
O1/0712/2,,videos/sample_002845_O1__0712__2.pt,ok,0.6165159345,0.6298258305,0.5398219400,0.5326845704,average,0.6165159345,0.5398219400,
O1/0712/3,,videos/sample_002846_O1__0712__3.pt,ok,0.6154392958,0.6286324859,0.5404034462,0.5333206260,average,0.6154392958,0.5404034462,
O1/0712/4,,videos/sample_002847_O1__0712__4.pt,ok,0.6163228154,0.6310408115,0.5399262000,0.5320377617,average,0.6163228154,0.5399262000,
O1/0713/1,,videos/sample_002848_O1__0713__1.pt,ok,0.6121481657,0.6257389784,0.5421849142,0.5348660280,average,0.6121481657,0.5421849142,
O1/0713/2,,videos/sample_002849_O1__0713__2.pt,ok,0.6105059385,0.6244316697,0.5430760365,0.5355657203,average,0.6105059385,0.5430760365,
O1/0713/3,,videos/sample_002850_O1__0713__3.pt,ok,0.6120588779,0.6273849010,0.5422333268,0.5339864040,average,0.6120588779,0.5422333268,
O1/0713/4,,videos/sample_002851_O1__0713__4.pt,ok,0.6126517057,0.6267844439,0.5419119711,0.5343071362,average,0.6126517057,0.5419119711,
O1/0714/1,,videos/sample_002852_O1__0714__1.pt,ok,0.5222800970,0.5454025269,0.5931665277,0.5796084284,average,0.5222800970,0.5931665277,
O1/0714/2,,videos/sample_002853_O1__0714__2.pt,ok,0.5294257402,0.5507681370,0.5889430789,0.5765068041,average,0.5294257402,0.5889430789,
O1/0714/3,,videos/sample_002854_O1__0714__3.pt,ok,0.5320947766,0.5642657876,0.5873732643,0.5687775971,average,0.5320947766,0.5873732643,
O1/0714/4,,videos/sample_002855_O1__0714__4.pt,ok,0.5284695625,0.5673145056,0.5895064825,0.5670461952,average,0.5284695625,0.5895064825,
O1/0715/1,,videos/sample_002856_O1__0715__1.pt,ok,0.6208435297,0.6485621333,0.5374908568,0.5227969489,average,0.6208435297,0.5374908568,
O1/0715/2,,videos/sample_002857_O1__0715__2.pt,ok,0.6230470538,0.6485621333,0.5363077867,0.5227969489,average,0.6230470538,0.5363077867,
O1/0715/3,,videos/sample_002858_O1__0715__3.pt,ok,0.6225316525,0.6485377550,0.5365842717,0.5228096940,average,0.6225316525,0.5365842717,
O1/0715/4,,videos/sample_002859_O1__0715__4.pt,ok,0.6223852038,0.6485377550,0.5366628595,0.5228096940,average,0.6223852038,0.5366628595,
O1/0716/1,,videos/sample_002860_O1__0716__1.pt,ok,0.6202765703,0.6491316557,0.5377956787,0.5224992891,average,0.6202765703,0.5377956787,
O1/0716/2,,videos/sample_002861_O1__0716__2.pt,ok,0.6214891076,0.6491316557,0.5371439766,0.5224992891,average,0.6214891076,0.5371439766,
O1/0716/3,,videos/sample_002862_O1__0716__3.pt,ok,0.6220047474,0.6482249498,0.5368670752,0.5229732571,average,0.6220047474,0.5368670752,
O1/0716/4,,videos/sample_002863_O1__0716__4.pt,ok,0.6217848659,0.6482249498,0.5369851353,0.5229732571,average,0.6217848659,0.5369851353,
O1/0717/1,,videos/sample_002864_O1__0717__1.pt,ok,0.5437155366,0.5764663815,0.5805870474,0.5618803335,average,0.5437155366,0.5805870474,
O1/0717/2,,videos/sample_002865_O1__0717__2.pt,ok,0.5372565389,0.5549345613,0.5843491946,0.5741098290,average,0.5372565389,0.5843491946,
O1/0717/3,,videos/sample_002866_O1__0717__3.pt,ok,0.5379289389,0.5560824871,0.5839564103,0.5734511716,average,0.5379289389,0.5839564103,
O1/0717/4,,videos/sample_002867_O1__0717__4.pt,ok,0.5422415137,0.5722790956,0.5814434770,0.5642380198,average,0.5422415137,0.5814434770,
O1/0718/1,,videos/sample_002868_O1__0718__1.pt,ok,0.5308860540,0.5603631735,0.5880836649,0.5710016535,average,0.5308860540,0.5880836649,
O1/0718/2,,videos/sample_002869_O1__0718__2.pt,ok,0.5235938430,0.5700187087,0.5923877692,0.5655148585,average,0.5235938430,0.5923877692,
O1/0718/3,,videos/sample_002870_O1__0718__3.pt,ok,0.5211330056,0.5415396094,0.5938473343,0.5818517380,average,0.5211330056,0.5938473343,
O1/0718/4,,videos/sample_002871_O1__0718__4.pt,ok,0.5295318961,0.5498786569,0.5888805624,0.5770198235,average,0.5295318961,0.5888805624,
O1/0719/1,,videos/sample_002872_O1__0719__1.pt,ok,0.5275000334,0.5482809544,0.5900783033,0.5779424664,average,0.5275000334,0.5900783033,
O1/0719/2,,videos/sample_002873_O1__0719__2.pt,ok,0.5317236185,0.5627513528,0.5875913131,0.5696396262,average,0.5317236185,0.5875913131,
O1/0719/3,,videos/sample_002874_O1__0719__3.pt,ok,0.5323666930,0.5673262477,0.5872135696,0.5670395369,average,0.5323666930,0.5872135696,
O1/0719/4,,videos/sample_002875_O1__0719__4.pt,ok,0.5293757915,0.5502724648,0.5889724966,0.5767926333,average,0.5293757915,0.5889724966,
O1/0720/1,,videos/sample_002876_O1__0720__1.pt,ok,0.5492194891,0.5826630592,0.5774003018,0.5584093077,average,0.5492194891,0.5774003018,
O1/0720/2,,videos/sample_002877_O1__0720__2.pt,ok,0.5457491875,0.5657980442,0.5794075358,0.5679067512,average,0.5457491875,0.5794075358,
O1/0720/3,,videos/sample_002878_O1__0720__3.pt,ok,0.5447729826,0.5647934675,0.5799734325,0.5684775437,average,0.5447729826,0.5799734325,
O1/0720/4,,videos/sample_002879_O1__0720__4.pt,ok,0.5485600829,0.5789358020,0.5777811687,0.5604945265,average,0.5485600829,0.5777811687,
O1/0721/1,,videos/sample_002880_O1__0721__1.pt,ok,0.5435650349,0.5612597466,0.5806744334,0.5704899383,average,0.5435650349,0.5806744334,
O1/0721/2,,videos/sample_002881_O1__0721__2.pt,ok,0.5429294705,0.5623974204,0.5810436066,0.5698412758,average,0.5429294705,0.5810436066,
O1/0721/3,,videos/sample_002882_O1__0721__3.pt,ok,0.5483318567,0.5838470459,0.5779130485,0.5577485497,average,0.5483318567,0.5779130485,
O1/0721/4,,videos/sample_002883_O1__0721__4.pt,ok,0.5494512916,0.5865951777,0.5772664745,0.5562178874,average,0.5494512916,0.5772664745,
O1/0722/1,,videos/sample_002884_O1__0722__1.pt,ok,0.5821592212,0.6058879495,0.5586907264,0.5455897554,average,0.5821592212,0.5586907264,
O1/0722/2,,videos/sample_002885_O1__0722__2.pt,ok,0.5838256478,0.6070096493,0.5577604846,0.5449781105,average,0.5838256478,0.5577604846,
O1/0722/3,,videos/sample_002886_O1__0722__3.pt,ok,0.5838562250,0.6077843308,0.5577434301,0.5445560895,average,0.5838562250,0.5577434301,
O1/0722/4,,videos/sample_002887_O1__0722__4.pt,ok,0.5826660395,0.6056724787,0.5584076435,0.5457073267,average,0.5826660395,0.5584076435,
O1/0723/1,,videos/sample_002888_O1__0723__1.pt,ok,0.5732145309,0.6003240943,0.5637104584,0.5486337982,average,0.5732145309,0.5637104584,
O1/0723/2,,videos/sample_002889_O1__0723__2.pt,ok,0.5711313486,0.5940765142,0.5648859941,0.5520721613,average,0.5711313486,0.5648859941,
O1/0723/3,,videos/sample_002890_O1__0723__3.pt,ok,0.5726001859,0.5994148254,0.5640568775,0.5491328807,average,0.5726001859,0.5640568775,
O1/0723/4,,videos/sample_002891_O1__0723__4.pt,ok,0.5722684860,0.5957142115,0.5642440062,0.5511687742,average,0.5722684860,0.5642440062,
O1/0724/1,,videos/sample_002892_O1__0724__1.pt,ok,0.5667278171,0.5787214637,0.5673789723,0.5606146748,average,0.5667278171,0.5673789723,
O1/0724/2,,videos/sample_002893_O1__0724__2.pt,ok,0.5683777928,0.5811402798,0.5664435826,0.5592602896,average,0.5683777928,0.5664435826,
O1/0724/3,,videos/sample_002894_O1__0724__3.pt,ok,0.5713545084,0.5918782353,0.5647599483,0.5532871048,average,0.5713545084,0.5647599483,
O1/0724/4,,videos/sample_002895_O1__0724__4.pt,ok,0.5693585277,0.5896091461,0.5658883240,0.5545439881,average,0.5693585277,0.5658883240,
O1/0725/1,,videos/sample_002896_O1__0725__1.pt,ok,0.5378510356,0.5532817841,0.5840019042,0.5750594892,average,0.5378510356,0.5840019042,
O1/0725/2,,videos/sample_002897_O1__0725__2.pt,ok,0.5377730727,0.5678597689,0.5840474364,0.5667370900,average,0.5377730727,0.5840474364,
O1/0725/3,,videos/sample_002898_O1__0725__3.pt,ok,0.5390410423,0.5663007498,0.5833073513,0.5676213330,average,0.5390410423,0.5833073513,
O1/0725/4,,videos/sample_002899_O1__0725__4.pt,ok,0.5364438891,0.5521330237,0.5848242588,0.5757204743,average,0.5364438891,0.5848242588,
O1/0726/1,,videos/sample_002900_O1__0726__1.pt,ok,0.5354794860,0.5677410364,0.5853885372,0.5668043841,average,0.5354794860,0.5853885372,
O1/0726/2,,videos/sample_002901_O1__0726__2.pt,ok,0.5343198776,0.5683098435,0.5860677524,0.5664820734,average,0.5343198776,0.5860677524,
O1/0726/3,,videos/sample_002902_O1__0726__3.pt,ok,0.5276867151,0.5472815037,0.5899681568,0.5785203801,average,0.5276867151,0.5899681568,
O1/0726/4,,videos/sample_002903_O1__0726__4.pt,ok,0.5324599147,0.5521215200,0.5871588311,0.5757270973,average,0.5324599147,0.5871588311,
O1/0727/1,,videos/sample_002904_O1__0727__1.pt,ok,0.5633993745,0.5953544378,0.5692706070,0.5513671059,average,0.5633993745,0.5692706070,
O1/0727/2,,videos/sample_002905_O1__0727__2.pt,ok,0.5661551356,0.5992828012,0.5677039927,0.5492053843,average,0.5661551356,0.5677039927,
O1/0727/3,,videos/sample_002906_O1__0727__3.pt,ok,0.5570049882,0.5890647173,0.5729224062,0.5548459800,average,0.5570049882,0.5729224062,
O1/0727/4,,videos/sample_002907_O1__0727__4.pt,ok,0.5641189814,0.6021605730,0.5688611033,0.5476271685,average,0.5641189814,0.5688611033,
O1/0728/1,,videos/sample_002908_O1__0728__1.pt,ok,0.5483781099,0.5812749267,0.5778863188,0.5591849921,average,0.5483781099,0.5778863188,
O1/0728/2,,videos/sample_002909_O1__0728__2.pt,ok,0.5498638749,0.5889536142,0.5770283531,0.5549076285,average,0.5498638749,0.5770283531,
O1/0728/3,,videos/sample_002910_O1__0728__3.pt,ok,0.5476366878,0.5810133815,0.5783149354,0.5593312633,average,0.5476366878,0.5783149354,
O1/0728/4,,videos/sample_002911_O1__0728__4.pt,ok,0.5431305170,0.5765073299,0.5809268016,0.5618573258,average,0.5431305170,0.5809268016,
O1/0729/1,,videos/sample_002912_O1__0729__1.pt,ok,0.5567021966,0.5791260600,0.5730959086,0.5603878980,average,0.5567021966,0.5730959086,
O1/0729/2,,videos/sample_002913_O1__0729__2.pt,ok,0.5586922169,0.5799953341,0.5719565701,0.5599009790,average,0.5586922169,0.5719565701,
O1/0729/3,,videos/sample_002914_O1__0729__3.pt,ok,0.5576000810,0.5795989633,0.5725815656,0.5601229514,average,0.5576000810,0.5725815656,
O1/0729/4,,videos/sample_002915_O1__0729__4.pt,ok,0.5590752363,0.5810906887,0.5717375416,0.5592880246,average,0.5590752363,0.5717375416,
O1/0730/1,,videos/sample_002916_O1__0730__1.pt,ok,0.5655541420,0.5973336101,0.5680452818,0.5502769346,average,0.5655541420,0.5680452818,
O1/0730/2,,videos/sample_002917_O1__0730__2.pt,ok,0.5547424555,0.5871710777,0.5742201294,0.5558976537,average,0.5547424555,0.5742201294,
O1/0730/3,,videos/sample_002918_O1__0730__3.pt,ok,0.5661102533,0.5973336101,0.5677294732,0.5502769346,average,0.5661102533,0.5677294732,
O1/0730/4,,videos/sample_002919_O1__0730__4.pt,ok,0.5551604033,0.5871710777,0.5739801855,0.5558976537,average,0.5551604033,0.5739801855,
O1/0731/1,,videos/sample_002920_O1__0731__1.pt,ok,0.5654929876,0.5978579521,0.5680800213,0.5499884769,average,0.5654929876,0.5680800213,
O1/0731/2,,videos/sample_002921_O1__0731__2.pt,ok,0.5618059039,0.5952569842,0.5701784460,0.5514208412,average,0.5618059039,0.5701784460,
O1/0731/3,,videos/sample_002922_O1__0731__3.pt,ok,0.5658378005,0.6021758914,0.5678841738,0.5476187798,average,0.5658378005,0.5678841738,
O1/0731/4,,videos/sample_002923_O1__0731__4.pt,ok,0.5666719079,0.5994911194,0.5674106949,0.5490909868,average,0.5666719079,0.5674106949,
O1/0732/1,,videos/sample_002924_O1__0732__1.pt,ok,0.5697395802,0.5919625759,0.5656727319,0.5532404422,average,0.5697395802,0.5656727319,
O1/0732/2,,videos/sample_002925_O1__0732__2.pt,ok,0.5699861050,0.5938981771,0.5655332967,0.5521706250,average,0.5699861050,0.5655332967,
O1/0732/3,,videos/sample_002926_O1__0732__3.pt,ok,0.5683669448,0.5905631781,0.5664497275,0.5540151877,average,0.5683669448,0.5664497275,
O1/0732/4,,videos/sample_002927_O1__0732__4.pt,ok,0.5684471130,0.5909901857,0.5664043180,0.5537786694,average,0.5684471130,0.5664043180,
O1/0733/1,,videos/sample_002928_O1__0733__1.pt,ok,0.6150056720,0.6283212304,0.5406378288,0.5334866508,average,0.6150056720,0.5406378288,
O1/0733/2,,videos/sample_002929_O1__0733__2.pt,ok,0.6129379272,0.6267695427,0.5417568864,0.5343150981,average,0.6129379272,0.5417568864,
O1/0733/3,,videos/sample_002930_O1__0733__3.pt,ok,0.6148504019,0.6283233166,0.5407217802,0.5334855379,average,0.6148504019,0.5407217802,
O1/0733/4,,videos/sample_002931_O1__0733__4.pt,ok,0.6154686809,0.6277481318,0.5403875666,0.5337924789,average,0.6154686809,0.5403875666,
O1/0734/1,,videos/sample_002932_O1__0734__1.pt,ok,0.5804237127,0.6020067334,0.5596611808,0.5477114217,average,0.5804237127,0.5596611808,
O1/0734/2,,videos/sample_002933_O1__0734__2.pt,ok,0.5813285112,0.6011276841,0.5591550292,0.5481930988,average,0.5813285112,0.5591550292,
O1/0734/3,,videos/sample_002934_O1__0734__3.pt,ok,0.5815007091,0.6012444496,0.5590587522,0.5481290924,average,0.5815007091,0.5590587522,
O1/0734/4,,videos/sample_002935_O1__0734__4.pt,ok,0.5818347931,0.6020067334,0.5588720108,0.5477114217,average,0.5818347931,0.5588720108,
O1/0735/1,,videos/sample_002936_O1__0735__1.pt,ok,0.5270316005,0.5504954457,0.5903547802,0.5766640339,average,0.5270316005,0.5903547802,
O1/0735/2,,videos/sample_002937_O1__0735__2.pt,ok,0.5286561251,0.5649816990,0.5893965129,0.5683705484,average,0.5286561251,0.5893965129,
O1/0735/3,,videos/sample_002938_O1__0735__3.pt,ok,0.5245954394,0.5478858352,0.5917947328,0.5781708677,average,0.5245954394,0.5917947328,
O1/0735/4,,videos/sample_002939_O1__0735__4.pt,ok,0.5266073346,0.5654986501,0.5906053007,0.5680768046,average,0.5266073346,0.5906053007,
O1/0736/1,,videos/sample_002940_O1__0736__1.pt,ok,0.5635750294,0.5989973545,0.5691706206,0.5493621756,average,0.5635750294,0.5691706206,
O1/0736/2,,videos/sample_002941_O1__0736__2.pt,ok,0.5579907298,0.5936003327,0.5723579310,0.5523351105,average,0.5579907298,0.5723579310,
O1/0736/3,,videos/sample_002942_O1__0736__3.pt,ok,0.5646804571,0.5999213457,0.5685417912,0.5488548042,average,0.5646804571,0.5685417912,
O1/0736/4,,videos/sample_002943_O1__0736__4.pt,ok,0.5625518560,0.6001242399,0.5697532788,0.5487434560,average,0.5625518560,0.5697532788,
O1/0737/1,,videos/sample_002944_O1__0737__1.pt,ok,0.5602861047,0.5934025645,0.5710456616,0.5524443556,average,0.5602861047,0.5710456616,
O1/0737/2,,videos/sample_002945_O1__0737__2.pt,ok,0.5535224676,0.5834227800,0.5749210985,0.5579852336,average,0.5535224676,0.5749210985,
O1/0737/3,,videos/sample_002946_O1__0737__3.pt,ok,0.5592132211,0.5909785032,0.5716586559,0.5537851390,average,0.5592132211,0.5716586559,
O1/0737/4,,videos/sample_002947_O1__0737__4.pt,ok,0.5595005155,0.5972797871,0.5714944452,0.5503065529,average,0.5595005155,0.5714944452,
O1/0738/1,,videos/sample_002948_O1__0738__1.pt,ok,0.5424299240,0.5570456386,0.5813339374,0.5728991172,average,0.5424299240,0.5813339374,
O1/0738/2,,videos/sample_002949_O1__0738__2.pt,ok,0.5445495248,0.5688306689,0.5801030465,0.5661871120,average,0.5445495248,0.5801030465,
O1/0738/3,,videos/sample_002950_O1__0738__3.pt,ok,0.5484783053,0.5635452271,0.5778284201,0.5691875834,average,0.5484783053,0.5778284201,
O1/0738/4,,videos/sample_002951_O1__0738__4.pt,ok,0.5509933829,0.5771280527,0.5763769629,0.5615086764,average,0.5509933829,0.5763769629,
O1/0739/1,,videos/sample_002952_O1__0739__1.pt,ok,0.5613859892,0.5829162598,0.5704179226,0.5582679360,average,0.5613859892,0.5704179226,
O1/0739/2,,videos/sample_002953_O1__0739__2.pt,ok,0.5607520938,0.5827471614,0.5707796226,0.5583623462,average,0.5607520938,0.5707796226,
O1/0739/3,,videos/sample_002954_O1__0739__3.pt,ok,0.5628537536,0.5866764188,0.5695812977,0.5561727015,average,0.5628537536,0.5695812977,
O1/0739/4,,videos/sample_002955_O1__0739__4.pt,ok,0.5628857613,0.5876545906,0.5695630670,0.5556289350,average,0.5628857613,0.5695630670,
O1/0740/1,,videos/sample_002956_O1__0740__1.pt,ok,0.6175381541,0.6487206221,0.5392704054,0.5227140980,average,0.6175381541,0.5392704054,
O1/0740/2,,videos/sample_002957_O1__0740__2.pt,ok,0.6206013560,0.6485982537,0.5376210387,0.5227780656,average,0.6206013560,0.5376210387,
O1/0740/3,,videos/sample_002958_O1__0740__3.pt,ok,0.6196659803,0.6487206221,0.5381241516,0.5227140980,average,0.6196659803,0.5381241516,
O1/0740/4,,videos/sample_002959_O1__0740__4.pt,ok,0.6201106310,0.6485982537,0.5378849276,0.5227780656,average,0.6201106310,0.5378849276,
O1/0741/1,,videos/sample_002960_O1__0741__1.pt,ok,0.6241962910,0.6521459818,0.5356917959,0.5209266772,average,0.6241962910,0.5356917959,
O1/0741/2,,videos/sample_002961_O1__0741__2.pt,ok,0.6245257258,0.6517380476,0.5355153494,0.5211392244,average,0.6245257258,0.5355153494,
O1/0741/3,,videos/sample_002962_O1__0741__3.pt,ok,0.6231680512,0.6521459818,0.5362428988,0.5209266772,average,0.6231680512,0.5362428988,
O1/0741/4,,videos/sample_002963_O1__0741__4.pt,ok,0.6243601441,0.6517380476,0.5356040283,0.5211392244,average,0.6243601441,0.5356040283,
O1/0742/1,,videos/sample_002964_O1__0742__1.pt,ok,0.5631471872,0.5933575630,0.5694141879,0.5524692170,average,0.5631471872,0.5694141879,
O1/0742/2,,videos/sample_002965_O1__0742__2.pt,ok,0.5542320609,0.5830448866,0.5745132830,0.5581961324,average,0.5542320609,0.5745132830,
O1/0742/3,,videos/sample_002966_O1__0742__3.pt,ok,0.5629457235,0.5933575630,0.5695289157,0.5524692170,average,0.5629457235,0.5695289157,
O1/0742/4,,videos/sample_002967_O1__0742__4.pt,ok,0.5545947552,0.5830448866,0.5743049482,0.5581961324,average,0.5545947552,0.5743049482,
O1/0743/1,,videos/sample_002968_O1__0743__1.pt,ok,0.5559604168,0.5999232531,0.5735211772,0.5488537573,average,0.5559604168,0.5735211772,
O1/0743/2,,videos/sample_002969_O1__0743__2.pt,ok,0.5508188009,0.5846277475,0.5764775967,0.5573132844,average,0.5508188009,0.5764775967,
O1/0743/3,,videos/sample_002970_O1__0743__3.pt,ok,0.5592115521,0.5925683379,0.5716596100,0.5529054117,average,0.5592115521,0.5716596100,
O1/0743/4,,videos/sample_002971_O1__0743__4.pt,ok,0.5583602190,0.5903852582,0.5721464900,0.5541137667,average,0.5583602190,0.5721464900,
O1/0744/1,,videos/sample_002972_O1__0744__1.pt,ok,0.5305392742,0.5463529825,0.5882876358,0.5790577980,average,0.5305392742,0.5882876358,
O1/0744/2,,videos/sample_002973_O1__0744__2.pt,ok,0.5501677394,0.5897576809,0.5768530413,0.5544616251,average,0.5501677394,0.5768530413,
O1/0744/3,,videos/sample_002974_O1__0744__3.pt,ok,0.5507211685,0.5891339183,0.5765338823,0.5548075854,average,0.5507211685,0.5765338823,
O1/0744/4,,videos/sample_002975_O1__0744__4.pt,ok,0.5446864963,0.5924908519,0.5800235944,0.5529482558,average,0.5446864963,0.5800235944,
O1/0745/1,,videos/sample_002976_O1__0745__1.pt,ok,0.5398084521,0.5752087831,0.5828598873,0.5625873978,average,0.5398084521,0.5828598873,
O1/0745/2,,videos/sample_002977_O1__0745__2.pt,ok,0.5364903212,0.5820686817,0.5847971049,0.5587413123,average,0.5364903212,0.5847971049,
O1/0745/3,,videos/sample_002978_O1__0745__3.pt,ok,0.5251204967,0.5453785658,0.5914840882,0.5796223166,average,0.5251204967,0.5914840882,
O1/0745/4,,videos/sample_002979_O1__0745__4.pt,ok,0.5364702940,0.5680276155,0.5848088168,0.5666419730,average,0.5364702940,0.5848088168,
O1/0746/1,,videos/sample_002980_O1__0746__1.pt,ok,0.5679180622,0.5927426815,0.5667040540,0.5528090245,average,0.5679180622,0.5667040540,
O1/0746/2,,videos/sample_002981_O1__0746__2.pt,ok,0.5672113299,0.5916449428,0.5671047036,0.5534161976,average,0.5672113299,0.5671047036,
O1/0746/3,,videos/sample_002982_O1__0746__3.pt,ok,0.5649188757,0.5862190127,0.5684062565,0.5564271564,average,0.5649188757,0.5684062565,
O1/0746/4,,videos/sample_002983_O1__0746__4.pt,ok,0.5666378140,0.5874515176,0.5674300404,0.5557417797,average,0.5666378140,0.5674300404,
O1/0747/1,,videos/sample_002984_O1__0747__1.pt,ok,0.6240025163,0.6518671513,0.5357956095,0.5210719478,average,0.6240025163,0.5357956095,
O1/0747/2,,videos/sample_002985_O1__0747__2.pt,ok,0.6252327561,0.6523690224,0.5351368576,0.5208105024,average,0.6252327561,0.5351368576,
O1/0747/3,,videos/sample_002986_O1__0747__3.pt,ok,0.6244000793,0.6523690224,0.5355826393,0.5208105024,average,0.6244000793,0.5355826393,
O1/0747/4,,videos/sample_002987_O1__0747__4.pt,ok,0.6237917542,0.6518671513,0.5359085467,0.5210719478,average,0.6237917542,0.5359085467,
O1/0748/1,,videos/sample_002988_O1__0748__1.pt,ok,0.6151276827,0.6454415321,0.5405718692,0.5244309379,average,0.6151276827,0.5405718692,
O1/0748/2,,videos/sample_002989_O1__0748__2.pt,ok,0.6156775355,0.6454415321,0.5402747160,0.5244309379,average,0.6156775355,0.5402747160,
O1/0748/3,,videos/sample_002990_O1__0748__3.pt,ok,0.6151990891,0.6470718980,0.5405332703,0.5235766202,average,0.6151990891,0.5405332703,
O1/0748/4,,videos/sample_002991_O1__0748__4.pt,ok,0.6127403378,0.6470718980,0.5418639424,0.5235766202,average,0.6127403378,0.5418639424,
O1/0749/1,,videos/sample_002992_O1__0749__1.pt,ok,0.5481050611,0.5849441886,0.5780441316,0.5571369555,average,0.5481050611,0.5780441316,
O1/0749/2,,videos/sample_002993_O1__0749__2.pt,ok,0.5493664742,0.5850501657,0.5773154388,0.5570779149,average,0.5493664742,0.5773154388,
O1/0749/3,,videos/sample_002994_O1__0749__3.pt,ok,0.5440540910,0.5899461508,0.5803905204,0.5543571356,average,0.5440540910,0.5803905204,
O1/0749/4,,videos/sample_002995_O1__0749__4.pt,ok,0.5303401947,0.5461935997,0.5884047634,0.5791500972,average,0.5303401947,0.5884047634,
O1/0750/1,,videos/sample_002996_O1__0750__1.pt,ok,0.6234815121,0.6337510347,0.5360748340,0.5305977728,average,0.6234815121,0.5360748340,
O1/0750/2,,videos/sample_002997_O1__0750__2.pt,ok,0.6229736805,0.6338725090,0.5363471388,0.5305333228,average,0.6229736805,0.5363471388,
O1/0750/3,,videos/sample_002998_O1__0750__3.pt,ok,0.6243124604,0.6340980530,0.5356295685,0.5304136777,average,0.6243124604,0.5356295685,
O1/0750/4,,videos/sample_002999_O1__0750__4.pt,ok,0.6242611408,0.6340970397,0.5356570575,0.5304142151,average,0.6242611408,0.5356570575,
O1/0751/1,,videos/sample_003000_O1__0751__1.pt,ok,0.5233391523,0.5446378589,0.5925386640,0.5800518059,average,0.5233391523,0.5925386640,
O1/0751/2,,videos/sample_003001_O1__0751__2.pt,ok,0.5324910879,0.5655485392,0.5871405277,0.5680484645,average,0.5324910879,0.5871405277,
O1/0751/3,,videos/sample_003002_O1__0751__3.pt,ok,0.5293979645,0.5502564907,0.5889594375,0.5768018471,average,0.5293979645,0.5889594375,
O1/0751/4,,videos/sample_003003_O1__0751__4.pt,ok,0.5286158323,0.5602416992,0.5894202618,0.5710710197,average,0.5286158323,0.5894202618,
O1/0752/1,,videos/sample_003004_O1__0752__1.pt,ok,0.6307944655,0.6421598196,0.5321688432,0.5261547965,average,0.6307944655,0.5321688432,
O1/0752/2,,videos/sample_003005_O1__0752__2.pt,ok,0.6317221522,0.6429765821,0.5316753862,0.5257252285,average,0.6317221522,0.5316753862,
O1/0752/3,,videos/sample_003006_O1__0752__3.pt,ok,0.6309449077,0.6402317286,0.5320887886,0.5271702495,average,0.6309449077,0.5320887886,
O1/0752/4,,videos/sample_003007_O1__0752__4.pt,ok,0.6306507587,0.6428005099,0.5322453250,0.5258178022,average,0.6306507587,0.5322453250,
O1/0753/1,,videos/sample_003008_O1__0753__1.pt,ok,0.5408930182,0.5725271106,0.5822280798,0.5640980977,average,0.5408930182,0.5822280798,
O1/0753/2,,videos/sample_003009_O1__0753__2.pt,ok,0.5475563407,0.5764237046,0.5783614032,0.5619043133,average,0.5475563407,0.5783614032,
O1/0753/3,,videos/sample_003010_O1__0753__3.pt,ok,0.5471114516,0.5793125629,0.5786187671,0.5602833938,average,0.5471114516,0.5786187671,
O1/0753/4,,videos/sample_003011_O1__0753__4.pt,ok,0.5326986909,0.5495183468,0.5870186483,0.5772277670,average,0.5326986909,0.5870186483,
O1/0754/1,,videos/sample_003012_O1__0754__1.pt,ok,0.6087176204,0.6246848702,0.5440480981,0.5354301319,average,0.6087176204,0.5440480981,
O1/0754/2,,videos/sample_003013_O1__0754__2.pt,ok,0.6072813869,0.6241297126,0.5448300396,0.5357274626,average,0.6072813869,0.5448300396,
O1/0754/3,,videos/sample_003014_O1__0754__3.pt,ok,0.6103249192,0.6222780347,0.5431743526,0.5367203763,average,0.6103249192,0.5431743526,
O1/0754/4,,videos/sample_003015_O1__0754__4.pt,ok,0.6100417376,0.6227768660,0.5433281914,0.5364527101,average,0.6100417376,0.5433281914,
O1/0755/1,,videos/sample_003016_O1__0755__1.pt,ok,0.6148294806,0.6448217034,0.5407330929,0.5247560960,average,0.6148294806,0.5407330929,
O1/0755/2,,videos/sample_003017_O1__0755__2.pt,ok,0.6129290462,0.6448217034,0.5417616978,0.5247560960,average,0.6129290462,0.5417616978,
O1/0755/3,,videos/sample_003018_O1__0755__3.pt,ok,0.6151009202,0.6449997425,0.5405863365,0.5246626772,average,0.6151009202,0.5405863365,
O1/0755/4,,videos/sample_003019_O1__0755__4.pt,ok,0.6148794889,0.6449997425,0.5407060524,0.5246626772,average,0.6148794889,0.5407060524,
O1/0756/1,,videos/sample_003020_O1__0756__1.pt,ok,0.5498993993,0.5901929736,0.5770078549,0.5542203245,average,0.5498993993,0.5770078549,
O1/0756/2,,videos/sample_003021_O1__0756__2.pt,ok,0.5465806127,0.5793153644,0.5789260020,0.5602818242,average,0.5465806127,0.5789260020,
O1/0756/3,,videos/sample_003022_O1__0756__3.pt,ok,0.5554053187,0.5879708529,0.5738396261,0.5554532383,average,0.5554053187,0.5738396261,
O1/0756/4,,videos/sample_003023_O1__0756__4.pt,ok,0.5560713410,0.5892114043,0.5734575634,0.5547645972,average,0.5560713410,0.5734575634,
O1/0757/1,,videos/sample_003024_O1__0757__1.pt,ok,0.5617405772,0.5819892287,0.5702156951,0.5587857077,average,0.5617405772,0.5702156951,
O1/0757/2,,videos/sample_003025_O1__0757__2.pt,ok,0.5607827902,0.5827457309,0.5707621020,0.5583631449,average,0.5607827902,0.5707621020,
O1/0757/3,,videos/sample_003026_O1__0757__3.pt,ok,0.5599434376,0.5816718936,0.5712413737,0.5589630582,average,0.5599434376,0.5712413737,
O1/0757/4,,videos/sample_003027_O1__0757__4.pt,ok,0.5621987581,0.5819892287,0.5699544930,0.5587857077,average,0.5621987581,0.5699544930,
O1/0758/1,,videos/sample_003028_O1__0758__1.pt,ok,0.6215493083,0.6351150870,0.5371116411,0.5298745031,average,0.6215493083,0.5371116411,
O1/0758/2,,videos/sample_003029_O1__0758__2.pt,ok,0.6207084060,0.6342118382,0.5375634895,0.5303533278,average,0.6207084060,0.5375634895,
O1/0758/3,,videos/sample_003030_O1__0758__3.pt,ok,0.6222116351,0.6347352266,0.5367560155,0.5300758197,average,0.6222116351,0.5367560155,
O1/0758/4,,videos/sample_003031_O1__0758__4.pt,ok,0.6204228997,0.6358239651,0.5377169891,0.5294990198,average,0.6204228997,0.5377169891,
O1/0759/1,,videos/sample_003032_O1__0759__1.pt,ok,0.6183040142,0.6330835223,0.5388575578,0.5309520717,average,0.6183040142,0.5388575578,
O1/0759/2,,videos/sample_003033_O1__0759__2.pt,ok,0.6202681065,0.6348372102,0.5378002305,0.5300217634,average,0.6202681065,0.5378002305,
O1/0759/3,,videos/sample_003034_O1__0759__3.pt,ok,0.6206228733,0.6318749785,0.5376094707,0.5315941384,average,0.6206228733,0.5376094707,
O1/0759/4,,videos/sample_003035_O1__0759__4.pt,ok,0.6197869778,0.6327310801,0.5380590439,0.5311392346,average,0.6197869778,0.5380590439,
O1/0760/1,,videos/sample_003036_O1__0760__1.pt,ok,0.5321651697,0.5539066792,0.5873319187,0.5747002496,average,0.5321651697,0.5873319187,
O1/0760/2,,videos/sample_003037_O1__0760__2.pt,ok,0.5282607079,0.5481798649,0.5896296165,0.5780008933,average,0.5282607079,0.5896296165,
O1/0760/3,,videos/sample_003038_O1__0760__3.pt,ok,0.5358538628,0.5699323416,0.5851694224,0.5655637026,average,0.5358538628,0.5851694224,
O1/0760/4,,videos/sample_003039_O1__0760__4.pt,ok,0.5334891677,0.5721365809,0.5865548070,0.5643184377,average,0.5334891677,0.5865548070,
O1/0761/1,,videos/sample_003040_O1__0761__1.pt,ok,0.5338506103,0.5660052299,0.5863428394,0.5677891012,average,0.5338506103,0.5863428394,
O1/0761/2,,videos/sample_003041_O1__0761__2.pt,ok,0.5338969231,0.5652528405,0.5863156849,0.5682164604,average,0.5338969231,0.5863156849,
O1/0761/3,,videos/sample_003042_O1__0761__3.pt,ok,0.5299087167,0.5508271456,0.5886587019,0.5764727862,average,0.5299087167,0.5886587019,
O1/0761/4,,videos/sample_003043_O1__0761__4.pt,ok,0.5299916267,0.5507519841,0.5886098982,0.5765161164,average,0.5299916267,0.5886098982,
O1/0762/1,,videos/sample_003044_O1__0762__1.pt,ok,0.5403222442,0.5762108564,0.5825604954,0.5620239263,average,0.5403222442,0.5825604954,
O1/0762/2,,videos/sample_003045_O1__0762__2.pt,ok,0.5453211665,0.5928385854,0.5796555875,0.5527560106,average,0.5453211665,0.5796555875,
O1/0762/3,,videos/sample_003046_O1__0762__3.pt,ok,0.5529468656,0.5928206444,0.5752521195,0.5527659276,average,0.5529468656,0.5752521195,
O1/0762/4,,videos/sample_003047_O1__0762__4.pt,ok,0.5505945683,0.5870331526,0.5766068763,0.5559743313,average,0.5505945683,0.5766068763,
O1/0763/1,,videos/sample_003048_O1__0763__1.pt,ok,0.5476472378,0.5707742572,0.5783088342,0.5650877460,average,0.5476472378,0.5783088342,
O1/0763/2,,videos/sample_003049_O1__0763__2.pt,ok,0.5461954474,0.5711063147,0.5791490271,0.5649001356,average,0.5461954474,0.5791490271,
O1/0763/3,,videos/sample_003050_O1__0763__3.pt,ok,0.5488690734,0.5747994184,0.5776026674,0.5628177483,average,0.5488690734,0.5776026674,
O1/0763/4,,videos/sample_003051_O1__0763__4.pt,ok,0.5483234525,0.5748263597,0.5779179055,0.5628025855,average,0.5483234525,0.5779179055,
O1/0764/1,,videos/sample_003052_O1__0764__1.pt,ok,0.5636357665,0.6043950915,0.5691360518,0.5464048516,average,0.5636357665,0.5691360518,
O1/0764/2,,videos/sample_003053_O1__0764__2.pt,ok,0.5713065863,0.6084366441,0.5647870134,0.5442009842,average,0.5713065863,0.5647870134,
O1/0764/3,,videos/sample_003054_O1__0764__3.pt,ok,0.5686125755,0.6109800935,0.5663106071,0.5428185953,average,0.5686125755,0.5663106071,
O1/0764/4,,videos/sample_003055_O1__0764__4.pt,ok,0.5711423755,0.6111870408,0.5648797652,0.5427062721,average,0.5711423755,0.5648797652,
O1/0765/1,,videos/sample_003056_O1__0765__1.pt,ok,0.6227940917,0.6346735358,0.5364434694,0.5301085215,average,0.6227940917,0.5364434694,
O1/0765/2,,videos/sample_003057_O1__0765__2.pt,ok,0.6213130951,0.6349737048,0.5372385290,0.5299494233,average,0.6213130951,0.5372385290,
O1/0765/3,,videos/sample_003058_O1__0765__3.pt,ok,0.6223839521,0.6338637471,0.5366635312,0.5305379713,average,0.6223839521,0.5366635312,
O1/0765/4,,videos/sample_003059_O1__0765__4.pt,ok,0.6237320900,0.6346535087,0.5359405223,0.5301191382,average,0.6237320900,0.5359405223,
O1/0766/1,,videos/sample_003060_O1__0766__1.pt,ok,0.6235668659,0.6494609714,0.5360290799,0.5223272502,average,0.6235668659,0.5360290799,
O1/0766/2,,videos/sample_003061_O1__0766__2.pt,ok,0.6235686541,0.6494609714,0.5360281214,0.5223272502,average,0.6235686541,0.5360281214,
O1/0766/3,,videos/sample_003062_O1__0766__3.pt,ok,0.6237362623,0.6488663554,0.5359382861,0.5226379267,average,0.6237362623,0.5359382861,
O1/0766/4,,videos/sample_003063_O1__0766__4.pt,ok,0.6225889325,0.6488663554,0.5365535370,0.5226379267,average,0.6225889325,0.5365535370,
O1/0767/1,,videos/sample_003064_O1__0767__1.pt,ok,0.6158220768,0.6427674890,0.5401966296,0.5258351655,average,0.6158220768,0.5401966296,
O1/0767/2,,videos/sample_003065_O1__0767__2.pt,ok,0.6156243086,0.6427674890,0.5403034739,0.5258351655,average,0.6156243086,0.5403034739,
O1/0767/3,,videos/sample_003066_O1__0767__3.pt,ok,0.6157451868,0.6426188946,0.5402381669,0.5259133074,average,0.6157451868,0.5402381669,
O1/0767/4,,videos/sample_003067_O1__0767__4.pt,ok,0.6148872375,0.6426188946,0.5407018627,0.5259133074,average,0.6148872375,0.5407018627,
O1/0768/1,,videos/sample_003068_O1__0768__1.pt,ok,0.5603982210,0.5948302746,0.5709816417,0.5516561880,average,0.5603982210,0.5709816417,
O1/0768/2,,videos/sample_003069_O1__0768__2.pt,ok,0.5668644905,0.6000202298,0.5673014319,0.5488005338,average,0.5668644905,0.5673014319,
O1/0768/3,,videos/sample_003070_O1__0768__3.pt,ok,0.5676413774,0.6037378311,0.5668608740,0.5467640999,average,0.5676413774,0.5668608740,
O1/0768/4,,videos/sample_003071_O1__0768__4.pt,ok,0.5634586811,0.6035941839,0.5692368465,0.5468426467,average,0.5634586811,0.5692368465,
O1/0769/1,,videos/sample_003072_O1__0769__1.pt,ok,0.5590937734,0.5826479793,0.5717269433,0.5584177285,average,0.5590937734,0.5717269433,
O1/0769/2,,videos/sample_003073_O1__0769__2.pt,ok,0.5597478747,0.5832130909,0.5713530982,0.5581022493,average,0.5597478747,0.5713530982,
O1/0769/3,,videos/sample_003074_O1__0769__3.pt,ok,0.5577268600,0.5802874565,0.5725089789,0.5597374433,average,0.5577268600,0.5725089789,
O1/0769/4,,videos/sample_003075_O1__0769__4.pt,ok,0.5579135418,0.5795599222,0.5724021119,0.5601448196,average,0.5579135418,0.5724021119,
O1/0770/1,,videos/sample_003076_O1__0770__1.pt,ok,0.5415077209,0.5569087863,0.5818702927,0.5729775251,average,0.5415077209,0.5818702927,
O1/0770/2,,videos/sample_003077_O1__0770__2.pt,ok,0.5419377089,0.5703216195,0.5816201492,0.5653435839,average,0.5419377089,0.5816201492,
O1/0770/3,,videos/sample_003078_O1__0770__3.pt,ok,0.5364005566,0.5526866317,0.5848496013,0.5754018391,average,0.5364005566,0.5848496013,
O1/0770/4,,videos/sample_003079_O1__0770__4.pt,ok,0.5436387658,0.5689671040,0.5806316213,0.5661098695,average,0.5436387658,0.5806316213,
O1/0771/1,,videos/sample_003080_O1__0771__1.pt,ok,0.5626994371,0.5867265463,0.5696692002,0.5561448226,average,0.5626994371,0.5696692002,
O1/0771/2,,videos/sample_003081_O1__0771__2.pt,ok,0.5629068017,0.5889405608,0.5695510832,0.5549148720,average,0.5629068017,0.5695510832,
O1/0771/3,,videos/sample_003082_O1__0771__3.pt,ok,0.5608489513,0.5813655853,0.5707243409,0.5591342994,average,0.5608489513,0.5707243409,
O1/0771/4,,videos/sample_003083_O1__0771__4.pt,ok,0.5612361431,0.5815398097,0.5705034039,0.5590368931,average,0.5612361431,0.5705034039,
O1/0772/1,,videos/sample_003084_O1__0772__1.pt,ok,0.6162789464,0.6291068792,0.5399498866,0.5330676823,average,0.6162789464,0.5399498866,
O1/0772/2,,videos/sample_003085_O1__0772__2.pt,ok,0.6181986928,0.6335592866,0.5389143140,0.5306995237,average,0.6181986928,0.5389143140,
O1/0772/3,,videos/sample_003086_O1__0772__3.pt,ok,0.6172277331,0.6323834658,0.5394378322,0.5313238983,average,0.6172277331,0.5394378322,
O1/0772/4,,videos/sample_003087_O1__0772__4.pt,ok,0.6179323792,0.6305559278,0.5390578533,0.5322958007,average,0.6179323792,0.5390578533,
O1/0773/1,,videos/sample_003088_O1__0773__1.pt,ok,0.6202000976,0.6481578946,0.5378368070,0.5230083264,average,0.6202000976,0.5378368070,
O1/0773/2,,videos/sample_003089_O1__0773__2.pt,ok,0.6177459955,0.6492056251,0.5391583343,0.5224606416,average,0.6177459955,0.5391583343,
O1/0773/3,,videos/sample_003090_O1__0773__3.pt,ok,0.6208634377,0.6481578946,0.5374801566,0.5230083264,average,0.6208634377,0.5374801566,
O1/0773/4,,videos/sample_003091_O1__0773__4.pt,ok,0.6205839515,0.6492056251,0.5376303958,0.5224606416,average,0.6205839515,0.5376303958,
O1/0774/1,,videos/sample_003092_O1__0774__1.pt,ok,0.5447597504,0.5748726130,0.5799811069,0.5627765547,average,0.5447597504,0.5799811069,
O1/0774/2,,videos/sample_003093_O1__0774__2.pt,ok,0.5432498455,0.5596337318,0.5808574846,0.5714183179,average,0.5432498455,0.5808574846,
O1/0774/3,,videos/sample_003094_O1__0774__3.pt,ok,0.5405583978,0.5776209235,0.5824229379,0.5612319934,average,0.5405583978,0.5824229379,
O1/0774/4,,videos/sample_003095_O1__0774__4.pt,ok,0.5382596850,0.5543596148,0.5837633009,0.5744400063,average,0.5382596850,0.5837633009,
O1/0775/1,,videos/sample_003096_O1__0775__1.pt,ok,0.6095030904,0.6265066862,0.5436209324,0.5344555647,average,0.6095030904,0.5436209324,
O1/0775/2,,videos/sample_003097_O1__0775__2.pt,ok,0.6081961393,0.6246594787,0.5443318829,0.5354437275,average,0.6081961393,0.5443318829,
O1/0775/3,,videos/sample_003098_O1__0775__3.pt,ok,0.6074303389,0.6287891269,0.5447488921,0.5332370927,average,0.6074303389,0.5447488921,
O1/0775/4,,videos/sample_003099_O1__0775__4.pt,ok,0.6090356112,0.6271860600,0.5438751233,0.5340925930,average,0.6090356112,0.5438751233,
O1/0776/1,,videos/sample_003100_O1__0776__1.pt,ok,0.6178122759,0.6312832832,0.5391225999,0.5319087732,average,0.6178122759,0.5391225999,
O1/0776/2,,videos/sample_003101_O1__0776__2.pt,ok,0.6189439297,0.6312229037,0.5385128448,0.5319408906,average,0.6189439297,0.5385128448,
O1/0776/3,,videos/sample_003102_O1__0776__3.pt,ok,0.6183212399,0.6311385632,0.5388482757,0.5319857567,average,0.6183212399,0.5388482757,
O1/0776/4,,videos/sample_003103_O1__0776__4.pt,ok,0.6176524758,0.6330578923,0.5392087586,0.5309656801,average,0.6176524758,0.5392087586,
O1/0777/1,,videos/sample_003104_O1__0777__1.pt,ok,0.5520915985,0.5816258788,0.5757443242,0.5589887793,average,0.5520915985,0.5757443242,
O1/0777/2,,videos/sample_003105_O1__0777__2.pt,ok,0.5543234944,0.5834580660,0.5744607557,0.5579655449,average,0.5543234944,0.5744607557,
O1/0777/3,,videos/sample_003106_O1__0777__3.pt,ok,0.5480411649,0.5658477545,0.5780810675,0.5678785211,average,0.5480411649,0.5780810675,
O1/0777/4,,videos/sample_003107_O1__0777__4.pt,ok,0.5551637411,0.5869963765,0.5739782697,0.5559947782,average,0.5551637411,0.5739782697,
O1/0778/1,,videos/sample_003108_O1__0778__1.pt,ok,0.5549640656,0.5877221227,0.5740928905,0.5555914135,average,0.5549640656,0.5740928905,
O1/0778/2,,videos/sample_003109_O1__0778__2.pt,ok,0.5560696125,0.5897589326,0.5734585546,0.5544609311,average,0.5560696125,0.5734585546,
O1/0778/3,,videos/sample_003110_O1__0778__3.pt,ok,0.5443308949,0.5631242394,0.5802298882,0.5694272548,average,0.5443308949,0.5802298882,
O1/0778/4,,videos/sample_003111_O1__0778__4.pt,ok,0.5465902686,0.5800694227,0.5789204120,0.5598594982,average,0.5465902686,0.5789204120,
O1/0779/1,,videos/sample_003112_O1__0779__1.pt,ok,0.6145139933,0.6467198730,0.5409037143,0.5237609647,average,0.6145139933,0.5409037143,
O1/0779/2,,videos/sample_003113_O1__0779__2.pt,ok,0.6160812378,0.6460846663,0.5400566499,0.5240937669,average,0.6160812378,0.5400566499,
O1/0779/3,,videos/sample_003114_O1__0779__3.pt,ok,0.6159681678,0.6460846663,0.5401177175,0.5240937669,average,0.6159681678,0.5401177175,
O1/0779/4,,videos/sample_003115_O1__0779__4.pt,ok,0.6156482100,0.6467198730,0.5402905600,0.5237609647,average,0.6156482100,0.5402905600,
O1/0780/1,,videos/sample_003116_O1__0780__1.pt,ok,0.6142119169,0.6282195449,0.5410671332,0.5335409015,average,0.6142119169,0.5410671332,
O1/0780/2,,videos/sample_003117_O1__0780__2.pt,ok,0.6156065464,0.6282195449,0.5403130709,0.5335409015,average,0.6156065464,0.5403130709,
O1/0780/3,,videos/sample_003118_O1__0780__3.pt,ok,0.6154197454,0.6286252141,0.5404140114,0.5333245042,average,0.6154197454,0.5404140114,
O1/0780/4,,videos/sample_003119_O1__0780__4.pt,ok,0.6133204103,0.6297646761,0.5415497132,0.5327171473,average,0.6133204103,0.5415497132,
O1/0781/1,,videos/sample_003120_O1__0781__1.pt,ok,0.5611162186,0.5935844183,0.5705718254,0.5523439006,average,0.5611162186,0.5705718254,
O1/0781/2,,videos/sample_003121_O1__0781__2.pt,ok,0.5607141852,0.5943714976,0.5708012604,0.5519093332,average,0.5607141852,0.5708012604,
O1/0781/3,,videos/sample_003122_O1__0781__3.pt,ok,0.5566241741,0.5918592811,0.5731406247,0.5532975921,average,0.5566241741,0.5731406247,
O1/0781/4,,videos/sample_003123_O1__0781__4.pt,ok,0.5611400604,0.5927916765,0.5705582221,0.5527819403,average,0.5611400604,0.5705582221,
O1/0782/1,,videos/sample_003124_O1__0782__1.pt,ok,0.5509977937,0.5741410851,0.5763744206,0.5631883920,average,0.5509977937,0.5763744206,
O1/0782/2,,videos/sample_003125_O1__0782__2.pt,ok,0.5525193214,0.5772810578,0.5754981178,0.5614227693,average,0.5525193214,0.5754981178,
O1/0782/3,,videos/sample_003126_O1__0782__3.pt,ok,0.5510039330,0.5742591023,0.5763708821,0.5631219300,average,0.5510039330,0.5763708821,
O1/0782/4,,videos/sample_003127_O1__0782__4.pt,ok,0.5531060696,0.5801404715,0.5751605444,0.5598197223,average,0.5531060696,0.5751605444,
O1/0783/1,,videos/sample_003128_O1__0783__1.pt,ok,0.5578624010,0.5909419060,0.5724313857,0.5538054064,average,0.5578624010,0.5724313857,
O1/0783/2,,videos/sample_003129_O1__0783__2.pt,ok,0.5541589856,0.5819122791,0.5745552673,0.5588287077,average,0.5541589856,0.5745552673,
O1/0783/3,,videos/sample_003130_O1__0783__3.pt,ok,0.5593441725,0.5955739617,0.5715838013,0.5512460809,average,0.5593441725,0.5715838013,
O1/0783/4,,videos/sample_003131_O1__0783__4.pt,ok,0.5587531924,0.5969926119,0.5719216958,0.5504646100,average,0.5587531924,0.5719216958,
O1/0784/1,,videos/sample_003132_O1__0784__1.pt,ok,0.5475944281,0.5674158335,0.5783393753,0.5669887405,average,0.5475944281,0.5783393753,
O1/0784/2,,videos/sample_003133_O1__0784__2.pt,ok,0.5485633612,0.5744098425,0.5777792746,0.5630370513,average,0.5485633612,0.5777792746,
O1/0784/3,,videos/sample_003134_O1__0784__3.pt,ok,0.5447322130,0.5641887188,0.5799970782,0.5688214338,average,0.5447322130,0.5799970782,
O1/0784/4,,videos/sample_003135_O1__0784__4.pt,ok,0.5468360782,0.5766654611,0.5787781253,0.5617684857,average,0.5468360782,0.5787781253,
O1/0785/1,,videos/sample_003136_O1__0785__1.pt,ok,0.5671932697,0.6005977392,0.5671149457,0.5484836879,average,0.5671932697,0.5671149457,
O1/0785/2,,videos/sample_003137_O1__0785__2.pt,ok,0.5594938397,0.5923485756,0.5714982604,0.5530269328,average,0.5594938397,0.5714982604,
O1/0785/3,,videos/sample_003138_O1__0785__3.pt,ok,0.5566769838,0.5838791728,0.5731103581,0.5577306313,average,0.5566769838,0.5731103581,
O1/0785/4,,videos/sample_003139_O1__0785__4.pt,ok,0.5670547485,0.6021966338,0.5671935086,0.5476074210,average,0.5670547485,0.5671935086,
O1/0786/1,,videos/sample_003140_O1__0786__1.pt,ok,0.5454953313,0.5635659099,0.5795546407,0.5691758112,average,0.5454953313,0.5795546407,
O1/0786/2,,videos/sample_003141_O1__0786__2.pt,ok,0.5539290905,0.5838056803,0.5746873699,0.5577716218,average,0.5539290905,0.5746873699,
O1/0786/3,,videos/sample_003142_O1__0786__3.pt,ok,0.5552711487,0.5842951536,0.5739166234,0.5574986743,average,0.5552711487,0.5739166234,
O1/0786/4,,videos/sample_003143_O1__0786__4.pt,ok,0.5552301407,0.5932912230,0.5739401590,0.5525058690,average,0.5552301407,0.5739401590,
O1/0787/1,,videos/sample_003144_O1__0787__1.pt,ok,0.5852347016,0.6065430641,0.5569751235,0.5452324486,average,0.5852347016,0.5569751235,
O1/0787/2,,videos/sample_003145_O1__0787__2.pt,ok,0.5859425664,0.6062697172,0.5565809999,0.5453815065,average,0.5859425664,0.5565809999,
O1/0787/3,,videos/sample_003146_O1__0787__3.pt,ok,0.5862524509,0.6065430641,0.5564085508,0.5452324486,average,0.5862524509,0.5564085508,
O1/0787/4,,videos/sample_003147_O1__0787__4.pt,ok,0.5838057399,0.6040528417,0.5577715886,0.5465918906,average,0.5838057399,0.5577715886,
O1/0788/1,,videos/sample_003148_O1__0788__1.pt,ok,0.6183199883,0.6506593823,0.5388489502,0.5217016625,average,0.6183199883,0.5388489502,
O1/0788/2,,videos/sample_003149_O1__0788__2.pt,ok,0.6176657081,0.6493314505,0.5392016237,0.5223949069,average,0.6176657081,0.5392016237,
O1/0788/3,,videos/sample_003150_O1__0788__3.pt,ok,0.6176760793,0.6493314505,0.5391960316,0.5223949069,average,0.6176760793,0.5391960316,
O1/0788/4,,videos/sample_003151_O1__0788__4.pt,ok,0.6168335080,0.6506593823,0.5396505341,0.5217016625,average,0.6168335080,0.5396505341,
O1/0789/1,,videos/sample_003152_O1__0789__1.pt,ok,0.5765937567,0.5958509445,0.5618087684,0.5510934164,average,0.5765937567,0.5618087684,
O1/0789/2,,videos/sample_003153_O1__0789__2.pt,ok,0.5874418020,0.6060785651,0.5557471791,0.5454857673,average,0.5874418020,0.5557471791,
O1/0789/3,,videos/sample_003154_O1__0789__3.pt,ok,0.5825189948,0.6082738042,0.5584897604,0.5442896091,average,0.5825189948,0.5584897604,
O1/0789/4,,videos/sample_003155_O1__0789__4.pt,ok,0.5879118443,0.6061720252,0.5554860158,0.5454347886,average,0.5879118443,0.5554860158,
O1/0790/1,,videos/sample_003156_O1__0790__1.pt,ok,0.5475748181,0.5933554173,0.5783507166,0.5524704024,average,0.5475748181,0.5783507166,
O1/0790/2,,videos/sample_003157_O1__0790__2.pt,ok,0.5472291708,0.5880383253,0.5785506566,0.5554157618,average,0.5472291708,0.5785506566,
O1/0790/3,,videos/sample_003158_O1__0790__3.pt,ok,0.5488670468,0.5913230181,0.5776038379,0.5535943846,average,0.5488670468,0.5776038379,
O1/0790/4,,videos/sample_003159_O1__0790__4.pt,ok,0.5401691198,0.5807520151,0.5826497064,0.5594774728,average,0.5401691198,0.5826497064,
O1/0791/1,,videos/sample_003160_O1__0791__1.pt,ok,0.5612400770,0.5944219232,0.5705011596,0.5518815036,average,0.5612400770,0.5705011596,
O1/0791/2,,videos/sample_003161_O1__0791__2.pt,ok,0.5624315739,0.5955901146,0.5698218141,0.5512371768,average,0.5624315739,0.5698218141,
O1/0791/3,,videos/sample_003162_O1__0791__3.pt,ok,0.5537026525,0.5834999681,0.5748175158,0.5579421655,average,0.5537026525,0.5748175158,
O1/0791/4,,videos/sample_003163_O1__0791__4.pt,ok,0.5618221164,0.5987638831,0.5701692021,0.5494904509,average,0.5618221164,0.5701692021,
O1/0792/1,,videos/sample_003164_O1__0792__1.pt,ok,0.6324276328,0.6411538124,0.5313004318,0.5266843784,average,0.6324276328,0.5313004318,
O1/0792/2,,videos/sample_003165_O1__0792__2.pt,ok,0.6318386197,0.6403700113,0.5316134669,0.5270973560,average,0.6318386197,0.5316134669,
O1/0792/3,,videos/sample_003166_O1__0792__3.pt,ok,0.6314323545,0.6411538124,0.5318294869,0.5266843784,average,0.6314323545,0.5318294869,
O1/0792/4,,videos/sample_003167_O1__0792__4.pt,ok,0.6322497129,0.6403700113,0.5313949691,0.5270973560,average,0.6322497129,0.5313949691,
O1/0793/1,,videos/sample_003168_O1__0793__1.pt,ok,0.6126840711,0.6280615926,0.5418944322,0.5336251821,average,0.6126840711,0.5418944322,
O1/0793/2,,videos/sample_003169_O1__0793__2.pt,ok,0.6135286689,0.6284728646,0.5414369426,0.5334057621,average,0.6135286689,0.5414369426,
O1/0793/3,,videos/sample_003170_O1__0793__3.pt,ok,0.6151868105,0.6286333203,0.5405399073,0.5333201810,average,0.6151868105,0.5405399073,
O1/0793/4,,videos/sample_003171_O1__0793__4.pt,ok,0.6145803928,0.6281706095,0.5408677997,0.5335670111,average,0.6145803928,0.5408677997,
O1/0794/1,,videos/sample_003172_O1__0794__1.pt,ok,0.5638836622,0.5883882642,0.5689949829,0.5552214342,average,0.5638836622,0.5689949829,
O1/0794/2,,videos/sample_003173_O1__0794__2.pt,ok,0.5619799495,0.5869734287,0.5700792177,0.5560075372,average,0.5619799495,0.5700792177,
O1/0794/3,,videos/sample_003174_O1__0794__3.pt,ok,0.5642975569,0.5878461599,0.5687595277,0.5555225037,average,0.5642975569,0.5687595277,
O1/0794/4,,videos/sample_003175_O1__0794__4.pt,ok,0.5631667376,0.5880389214,0.5694030557,0.5554154308,average,0.5631667376,0.5694030557,
O1/0795/1,,videos/sample_003176_O1__0795__1.pt,ok,0.6316088438,0.6416149735,0.5317356329,0.5264415480,average,0.6316088438,0.5317356329,
O1/0795/2,,videos/sample_003177_O1__0795__2.pt,ok,0.6315134168,0.6411958337,0.5317863773,0.5266622469,average,0.6315134168,0.5317863773,
O1/0795/3,,videos/sample_003178_O1__0795__3.pt,ok,0.6323586106,0.6416149735,0.5313371046,0.5264415480,average,0.6323586106,0.5313371046,
O1/0795/4,,videos/sample_003179_O1__0795__4.pt,ok,0.6320448518,0.6411958337,0.5315038425,0.5266622469,average,0.6320448518,0.5315038425,
O1/0796/1,,videos/sample_003180_O1__0796__1.pt,ok,0.6305674314,0.6386226416,0.5322896774,0.5280191951,average,0.6305674314,0.5322896774,
O1/0796/2,,videos/sample_003181_O1__0796__2.pt,ok,0.6303906441,0.6391649842,0.5323837878,0.5277329054,average,0.6303906441,0.5323837878,
O1/0796/3,,videos/sample_003182_O1__0796__3.pt,ok,0.6297433972,0.6399788260,0.5327284831,0.5273035890,average,0.6297433972,0.5327284831,
O1/0796/4,,videos/sample_003183_O1__0796__4.pt,ok,0.6308609843,0.6392983198,0.5321334452,0.5276625445,average,0.6308609843,0.5321334452,
O1/0797/1,,videos/sample_003184_O1__0797__1.pt,ok,0.5877638459,0.6090635061,0.5555682329,0.5438599522,average,0.5877638459,0.5555682329,
O1/0797/2,,videos/sample_003185_O1__0797__2.pt,ok,0.5847483277,0.6083403826,0.5572460876,0.5442533723,average,0.5847483277,0.5572460876,
O1/0797/3,,videos/sample_003186_O1__0797__3.pt,ok,0.5888143182,0.6110706925,0.5549849303,0.5427694187,average,0.5888143182,0.5549849303,
O1/0797/4,,videos/sample_003187_O1__0797__4.pt,ok,0.5884179473,0.6130424142,0.5552049538,0.5417002828,average,0.5884179473,0.5552049538,
O1/0798/1,,videos/sample_003188_O1__0798__1.pt,ok,0.5337506533,0.5651725531,0.5864014514,0.5682620829,average,0.5337506533,0.5864014514,
O1/0798/2,,videos/sample_003189_O1__0798__2.pt,ok,0.5458883643,0.5800998807,0.5793269013,0.5598424463,average,0.5458883643,0.5793269013,
O1/0798/3,,videos/sample_003190_O1__0798__3.pt,ok,0.5423235893,0.5852609873,0.5813957567,0.5569604832,average,0.5423235893,0.5813957567,
O1/0798/4,,videos/sample_003191_O1__0798__4.pt,ok,0.5445015430,0.5837924480,0.5801308816,0.5577790024,average,0.5445015430,0.5801308816,
O1/0799/1,,videos/sample_003192_O1__0799__1.pt,ok,0.5343745351,0.5515831113,0.5860357203,0.5760371572,average,0.5343745351,0.5860357203,
O1/0799/2,,videos/sample_003193_O1__0799__2.pt,ok,0.5474355817,0.5832340717,0.5784312497,0.5580905400,average,0.5474355817,0.5784312497,
O1/0799/3,,videos/sample_003194_O1__0799__3.pt,ok,0.5477922559,0.5805608034,0.5782249750,0.5595844617,average,0.5477922559,0.5782249750,
O1/0799/4,,videos/sample_003195_O1__0799__4.pt,ok,0.5484273434,0.5792917609,0.5778578682,0.5602950489,average,0.5484273434,0.5778578682,
O1/0800/1,,videos/sample_003196_O1__0800__1.pt,ok,0.6073799133,0.6250593662,0.5447763621,0.5352296530,average,0.6073799133,0.5447763621,
O1/0800/2,,videos/sample_003197_O1__0800__2.pt,ok,0.6056485772,0.6228678823,0.5457203700,0.5364038864,average,0.6056485772,0.5457203700,
O1/0800/3,,videos/sample_003198_O1__0800__3.pt,ok,0.6072100401,0.6235515475,0.5448689129,0.5360372910,average,0.6072100401,0.5448689129,
O1/0800/4,,videos/sample_003199_O1__0800__4.pt,ok,0.6051399708,0.6222150922,0.5459979975,0.5367541599,average,0.6051399708,0.5459979975,
O1/0801/1,,videos/sample_003200_O1__0801__1.pt,ok,0.5544652343,0.5888987184,0.5743793375,0.5549380915,average,0.5544652343,0.5743793375,
O1/0801/2,,videos/sample_003201_O1__0801__2.pt,ok,0.5608352423,0.5971512198,0.5707321651,0.5503773089,average,0.5608352423,0.5707321651,
O1/0801/3,,videos/sample_003202_O1__0801__3.pt,ok,0.5514550805,0.5829858184,0.5761109124,0.5582291050,average,0.5514550805,0.5761109124,
O1/0801/4,,videos/sample_003203_O1__0801__4.pt,ok,0.5574367642,0.5941882133,0.5726750854,0.5520104988,average,0.5574367642,0.5726750854,
O1/0802/1,,videos/sample_003204_O1__0802__1.pt,ok,0.6255604625,0.6508501768,0.5349615186,0.5216021342,average,0.6255604625,0.5349615186,
O1/0802/2,,videos/sample_003205_O1__0802__2.pt,ok,0.6220976710,0.6518172622,0.5368171898,0.5210979442,average,0.6220976710,0.5368171898,
O1/0802/3,,videos/sample_003206_O1__0802__3.pt,ok,0.6263362169,0.6508501768,0.5345466808,0.5216021342,average,0.6263362169,0.5345466808,
O1/0802/4,,videos/sample_003207_O1__0802__4.pt,ok,0.6250993609,0.6518172622,0.5352082471,0.5210979442,average,0.6250993609,0.5352082471,
O1/0803/1,,videos/sample_003208_O1__0803__1.pt,ok,0.5556605458,0.5811060667,0.5736931854,0.5592794240,average,0.5556605458,0.5736931854,
O1/0803/2,,videos/sample_003209_O1__0803__2.pt,ok,0.5605692863,0.5917305350,0.5708839749,0.5533688315,average,0.5605692863,0.5708839749,
O1/0803/3,,videos/sample_003210_O1__0803__3.pt,ok,0.5619076490,0.5917305350,0.5701204361,0.5533688315,average,0.5619076490,0.5701204361,
O1/0803/4,,videos/sample_003211_O1__0803__4.pt,ok,0.5543035865,0.5811060667,0.5744721921,0.5592794240,average,0.5543035865,0.5744721921,
O1/0804/1,,videos/sample_003212_O1__0804__1.pt,ok,0.5486328006,0.5660661459,0.5777391553,0.5677545148,average,0.5486328006,0.5777391553,
O1/0804/2,,videos/sample_003213_O1__0804__2.pt,ok,0.5543373823,0.5854181647,0.5744527777,0.5568729485,average,0.5543373823,0.5744527777,
O1/0804/3,,videos/sample_003214_O1__0804__3.pt,ok,0.5558530688,0.5892531872,0.5735827469,0.5547414181,average,0.5558530688,0.5735827469,
O1/0804/4,,videos/sample_003215_O1__0804__4.pt,ok,0.5557019114,0.5859963894,0.5736694547,0.5565510439,average,0.5557019114,0.5736694547,
O1/0805/1,,videos/sample_003216_O1__0805__1.pt,ok,0.5619178414,0.5840180516,0.5701146253,0.5576531797,average,0.5619178414,0.5701146253,
O1/0805/2,,videos/sample_003217_O1__0805__2.pt,ok,0.5642454028,0.5894647241,0.5687891916,0.5546240822,average,0.5642454028,0.5687891916,
O1/0805/3,,videos/sample_003218_O1__0805__3.pt,ok,0.5639790297,0.5890334845,0.5689407219,0.5548633097,average,0.5639790297,0.5689407219,
O1/0805/4,,videos/sample_003219_O1__0805__4.pt,ok,0.5622906685,0.5840096474,0.5699021107,0.5576578664,average,0.5622906685,0.5699021107,
O1/0806/1,,videos/sample_003220_O1__0806__1.pt,ok,0.5366867781,0.5680181980,0.5846822287,0.5666473094,average,0.5366867781,0.5846822287,
O1/0806/2,,videos/sample_003221_O1__0806__2.pt,ok,0.5255001783,0.5455142856,0.5912595552,0.5795436557,average,0.5255001783,0.5912595552,
O1/0806/3,,videos/sample_003222_O1__0806__3.pt,ok,0.5394798517,0.5733736157,0.5830514467,0.5636207878,average,0.5394798517,0.5830514467,
O1/0806/4,,videos/sample_003223_O1__0806__4.pt,ok,0.5378262401,0.5718292594,0.5840163850,0.5644918916,average,0.5378262401,0.5840163850,
O1/0807/1,,videos/sample_003224_O1__0807__1.pt,ok,0.6206708550,0.6449305415,0.5375836759,0.5246989856,average,0.6206708550,0.5375836759,
O1/0807/2,,videos/sample_003225_O1__0807__2.pt,ok,0.6202940941,0.6450459361,0.5377862546,0.5246384417,average,0.6202940941,0.5377862546,
O1/0807/3,,videos/sample_003226_O1__0807__3.pt,ok,0.6180874705,0.6449305415,0.5389742566,0.5246989856,average,0.6180874705,0.5389742566,
O1/0807/4,,videos/sample_003227_O1__0807__4.pt,ok,0.6210832596,0.6450459361,0.5373620196,0.5246384417,average,0.6210832596,0.5373620196,
O1/0808/1,,videos/sample_003228_O1__0808__1.pt,ok,0.5243838429,0.5470395088,0.5919199677,0.5786603960,average,0.5243838429,0.5919199677,
O1/0808/2,,videos/sample_003229_O1__0808__2.pt,ok,0.5211179852,0.5440278053,0.5938562542,0.5804057765,average,0.5211179852,0.5938562542,
O1/0808/3,,videos/sample_003230_O1__0808__3.pt,ok,0.5258412361,0.5552537441,0.5910579359,0.5739266122,average,0.5258412361,0.5910579359,
O1/0808/4,,videos/sample_003231_O1__0808__4.pt,ok,0.5243420601,0.5594916940,0.5919447003,0.5714994867,average,0.5243420601,0.5919447003,
O1/0809/1,,videos/sample_003232_O1__0809__1.pt,ok,0.6168085337,0.6315332651,0.5396640117,0.5317758223,average,0.6168085337,0.5396640117,
O1/0809/2,,videos/sample_003233_O1__0809__2.pt,ok,0.6153841019,0.6314707398,0.5404332740,0.5318090728,average,0.6153841019,0.5404332740,
O1/0809/3,,videos/sample_003234_O1__0809__3.pt,ok,0.6173875928,0.6315537095,0.5393516048,0.5317649506,average,0.6173875928,0.5393516048,
O1/0809/4,,videos/sample_003235_O1__0809__4.pt,ok,0.6180337667,0.6315332651,0.5390032024,0.5317758223,average,0.6180337667,0.5390032024,
O1/0810/1,,videos/sample_003236_O1__0810__1.pt,ok,0.6127516627,0.6437090039,0.5418578059,0.5253403168,average,0.6127516627,0.5418578059,
O1/0810/2,,videos/sample_003237_O1__0810__2.pt,ok,0.6132624745,0.6437090039,0.5415810892,0.5253403168,average,0.6132624745,0.5415810892,
O1/0810/3,,videos/sample_003238_O1__0810__3.pt,ok,0.6125394106,0.6443926692,0.5419728286,0.5249812826,average,0.6125394106,0.5419728286,
O1/0810/4,,videos/sample_003239_O1__0810__4.pt,ok,0.6131851077,0.6443926692,0.5416229912,0.5249812826,average,0.6131851077,0.5416229912,
O1/0811/1,,videos/sample_003240_O1__0811__1.pt,ok,0.5518615246,0.5777676105,0.5758768032,0.5611496740,average,0.5518615246,0.5758768032,
O1/0811/2,,videos/sample_003241_O1__0811__2.pt,ok,0.5505825281,0.5696504116,0.5766138188,0.5657231744,average,0.5505825281,0.5766138188,
O1/0811/3,,videos/sample_003242_O1__0811__3.pt,ok,0.5528809428,0.5834384561,0.5752900430,0.5579764867,average,0.5528809428,0.5752900430,
O1/0811/4,,videos/sample_003243_O1__0811__4.pt,ok,0.5515579581,0.5697286725,0.5760516466,0.5656789021,average,0.5515579581,0.5760516466,
O1/0812/1,,videos/sample_003244_O1__0812__1.pt,ok,0.5416076779,0.5597521663,0.5818121336,0.5713506463,average,0.5416076779,0.5818121336,
O1/0812/2,,videos/sample_003245_O1__0812__2.pt,ok,0.5458107591,0.5748162270,0.5793718619,0.5628082883,average,0.5458107591,0.5793718619,
O1/0812/3,,videos/sample_003246_O1__0812__3.pt,ok,0.5460740328,0.5744279623,0.5792193486,0.5630268493,average,0.5460740328,0.5792193486,
O1/0812/4,,videos/sample_003247_O1__0812__4.pt,ok,0.5435650349,0.5612597466,0.5806744334,0.5704899383,average,0.5435650349,0.5806744334,
O1/0813/1,,videos/sample_003248_O1__0813__1.pt,ok,0.6185098290,0.6480691433,0.5387466644,0.5230547461,average,0.6185098290,0.5387466644,
O1/0813/2,,videos/sample_003249_O1__0813__2.pt,ok,0.6165387034,0.6497386694,0.5398096490,0.5221822211,average,0.6165387034,0.5398096490,
O1/0813/3,,videos/sample_003250_O1__0813__3.pt,ok,0.6176803112,0.6497386694,0.5391937497,0.5221822211,average,0.6176803112,0.5391937497,
O1/0813/4,,videos/sample_003251_O1__0813__4.pt,ok,0.6173920035,0.6480691433,0.5393492258,0.5230547461,average,0.6173920035,0.5393492258,
O1/0814/1,,videos/sample_003252_O1__0814__1.pt,ok,0.5859937072,0.6071618199,0.5565525367,0.5448951872,average,0.5859937072,0.5565525367,
O1/0814/2,,videos/sample_003253_O1__0814__2.pt,ok,0.5876483917,0.6084461808,0.5556323793,0.5441957943,average,0.5876483917,0.5556323793,
O1/0814/3,,videos/sample_003254_O1__0814__3.pt,ok,0.5861347318,0.6071618199,0.5564740546,0.5448951872,average,0.5861347318,0.5564740546,
O1/0814/4,,videos/sample_003255_O1__0814__4.pt,ok,0.5834659934,0.6084461808,0.5579611217,0.5441957943,average,0.5834659934,0.5579611217,
O1/0815/1,,videos/sample_003256_O1__0815__1.pt,ok,0.6140054464,0.6309046149,0.5411788591,0.5321102284,average,0.6140054464,0.5411788591,
O1/0815/2,,videos/sample_003257_O1__0815__2.pt,ok,0.6114435792,0.6300541759,0.5425670649,0.5325629482,average,0.6114435792,0.5425670649,
O1/0815/3,,videos/sample_003258_O1__0815__3.pt,ok,0.6145411134,0.6306908727,0.5408890451,0.5322239750,average,0.6145411134,0.5408890451,
O1/0815/4,,videos/sample_003259_O1__0815__4.pt,ok,0.6128900647,0.6298025250,0.5417828169,0.5326969849,average,0.6128900647,0.5417828169,
O1/0816/1,,videos/sample_003260_O1__0816__1.pt,ok,0.6223352551,0.6378751397,0.5366896658,0.5284140380,average,0.6223352551,0.5366896658,
O1/0816/2,,videos/sample_003261_O1__0816__2.pt,ok,0.6213892102,0.6374737620,0.5371976385,0.5286261742,average,0.6213892102,0.5371976385,
O1/0816/3,,videos/sample_003262_O1__0816__3.pt,ok,0.6219502091,0.6378751397,0.5368963558,0.5284140380,average,0.6219502091,0.5368963558,
O1/0816/4,,videos/sample_003263_O1__0816__4.pt,ok,0.6224129796,0.6374737620,0.5366479535,0.5286261742,average,0.6224129796,0.5366479535,
O1/0817/1,,videos/sample_003264_O1__0817__1.pt,ok,0.5488789082,0.5683887601,0.5775969868,0.5664373703,average,0.5488789082,0.5775969868,
O1/0817/2,,videos/sample_003265_O1__0817__2.pt,ok,0.5519610047,0.5705398321,0.5758195177,0.5652202323,average,0.5519610047,0.5758195177,
O1/0817/3,,videos/sample_003266_O1__0817__3.pt,ok,0.5523426533,0.5827018619,0.5755997989,0.5583876403,average,0.5523426533,0.5755997989,
O1/0817/4,,videos/sample_003267_O1__0817__4.pt,ok,0.5531868935,0.5803996921,0.5751140595,0.5596746244,average,0.5531868935,0.5751140595,
O1/0818/1,,videos/sample_003268_O1__0818__1.pt,ok,0.5537530184,0.5929222703,0.5747885653,0.5527097552,average,0.5537530184,0.5747885653,
O1/0818/2,,videos/sample_003269_O1__0818__2.pt,ok,0.5504787564,0.5830762982,0.5766736581,0.5581785988,average,0.5504787564,0.5766736581,
O1/0818/3,,videos/sample_003270_O1__0818__3.pt,ok,0.5445092916,0.5766703486,0.5801263864,0.5617657400,average,0.5445092916,0.5801263864,
O1/0818/4,,videos/sample_003271_O1__0818__4.pt,ok,0.5536075830,0.5879575610,0.5748721659,0.5554606214,average,0.5536075830,0.5748721659,
O1/0819/1,,videos/sample_003272_O1__0819__1.pt,ok,0.6029589772,0.6208710670,0.5471901152,0.5374760559,average,0.6029589772,0.5471901152,
O1/0819/2,,videos/sample_003273_O1__0819__2.pt,ok,0.6061106324,0.6240229011,0.5454682753,0.5357846875,average,0.6061106324,0.5454682753,
O1/0819/3,,videos/sample_003274_O1__0819__3.pt,ok,0.6056572795,0.6226639748,0.5457156210,0.5365132743,average,0.6056572795,0.5457156210,
O1/0819/4,,videos/sample_003275_O1__0819__4.pt,ok,0.6046041846,0.6225891113,0.5462906141,0.5365534411,average,0.6046041846,0.5462906141,
O1/0820/1,,videos/sample_003276_O1__0820__1.pt,ok,0.5474000573,0.5666940212,0.5784517985,0.5673981477,average,0.5474000573,0.5784517985,
O1/0820/2,,videos/sample_003277_O1__0820__2.pt,ok,0.5441072583,0.5631585121,0.5803596634,0.5694077394,average,0.5441072583,0.5803596634,
O1/0820/3,,videos/sample_003278_O1__0820__3.pt,ok,0.5475659370,0.5760577321,0.5783558530,0.5621099925,average,0.5475659370,0.5783558530,
O1/0820/4,,videos/sample_003279_O1__0820__4.pt,ok,0.5459911823,0.5727778673,0.5792673391,0.5639566640,average,0.5459911823,0.5792673391,
O1/0821/1,,videos/sample_003280_O1__0821__1.pt,ok,0.6231301427,0.6502827406,0.5362632273,0.5218981941,average,0.6231301427,0.5362632273,
O1/0821/2,,videos/sample_003281_O1__0821__2.pt,ok,0.6210342646,0.6508406401,0.5373883483,0.5216071086,average,0.6210342646,0.5373883483,
O1/0821/3,,videos/sample_003282_O1__0821__3.pt,ok,0.6221483946,0.6502827406,0.5367899613,0.5218981941,average,0.6221483946,0.5367899613,
O1/0821/4,,videos/sample_003283_O1__0821__4.pt,ok,0.6181603670,0.6508406401,0.5389349688,0.5216071086,average,0.6181603670,0.5389349688,
O1/0822/1,,videos/sample_003284_O1__0822__1.pt,ok,0.6203659177,0.6479712129,0.5377476302,0.5231059716,average,0.6203659177,0.5377476302,
O1/0822/2,,videos/sample_003285_O1__0822__2.pt,ok,0.6202061772,0.6489868760,0.5378335371,0.5225749419,average,0.6202061772,0.5378335371,
O1/0822/3,,videos/sample_003286_O1__0822__3.pt,ok,0.6182789803,0.6489868760,0.5388710477,0.5225749419,average,0.6182789803,0.5388710477,
O1/0822/4,,videos/sample_003287_O1__0822__4.pt,ok,0.6201664805,0.6479712129,0.5378548878,0.5231059716,average,0.6201664805,0.5378548878,
O1/0823/1,,videos/sample_003288_O1__0823__1.pt,ok,0.5427059531,0.5602286458,0.5811734945,0.5710784742,average,0.5427059531,0.5811734945,
O1/0823/2,,videos/sample_003289_O1__0823__2.pt,ok,0.5473803878,0.5792779922,0.5784631765,0.5603027635,average,0.5473803878,0.5784631765,
O1/0823/3,,videos/sample_003290_O1__0823__3.pt,ok,0.5476909280,0.5643705130,0.5782835683,0.5687180347,average,0.5476909280,0.5782835683,
O1/0823/4,,videos/sample_003291_O1__0823__4.pt,ok,0.5498585701,0.5747678876,0.5770314141,0.5628354947,average,0.5498585701,0.5770314141,
O1/0824/1,,videos/sample_003292_O1__0824__1.pt,ok,0.6271005869,0.6519601345,0.5341382455,0.5210234990,average,0.6271005869,0.5341382455,
O1/0824/2,,videos/sample_003293_O1__0824__2.pt,ok,0.6287016273,0.6519601345,0.5332837528,0.5210234990,average,0.6287016273,0.5332837528,
O1/0824/3,,videos/sample_003294_O1__0824__3.pt,ok,0.6288907528,0.6527838111,0.5331829048,0.5205945209,average,0.6288907528,0.5331829048,
O1/0824/4,,videos/sample_003295_O1__0824__4.pt,ok,0.6283476353,0.6527838111,0.5334725644,0.5205945209,average,0.6283476353,0.5334725644,
O1/0825/1,,videos/sample_003296_O1__0825__1.pt,ok,0.5622158051,0.5930845737,0.5699447771,0.5526200557,average,0.5622158051,0.5699447771,
O1/0825/2,,videos/sample_003297_O1__0825__2.pt,ok,0.5500851274,0.5804884434,0.5769006983,0.5596249547,average,0.5500851274,0.5769006983,
O1/0825/3,,videos/sample_003298_O1__0825__3.pt,ok,0.5441697240,0.5719537139,0.5803234120,0.5644216424,average,0.5441697240,0.5803234120,
O1/0825/4,,videos/sample_003299_O1__0825__4.pt,ok,0.5605259538,0.5922830701,0.5709087133,0.5530631603,average,0.5605259538,0.5709087133,
O1/0826/1,,videos/sample_003300_O1__0826__1.pt,ok,0.5453181863,0.5657697916,0.5796573150,0.5679227962,average,0.5453181863,0.5796573150,
O1/0826/2,,videos/sample_003301_O1__0826__2.pt,ok,0.5465885997,0.5664719939,0.5789213781,0.5675241395,average,0.5465885997,0.5789213781,
O1/0826/3,,videos/sample_003302_O1__0826__3.pt,ok,0.5468615294,0.5766544342,0.5787633949,0.5617746803,average,0.5468615294,0.5787633949,
O1/0826/4,,videos/sample_003303_O1__0826__4.pt,ok,0.5483092070,0.5800842643,0.5779261383,0.5598511891,average,0.5483092070,0.5779261383,
O1/0827/1,,videos/sample_003304_O1__0827__1.pt,ok,0.5827312469,0.6014671922,0.5583712323,0.5480070144,average,0.5827312469,0.5583712323,
O1/0827/2,,videos/sample_003305_O1__0827__2.pt,ok,0.5817128420,0.6016117334,0.5589401700,0.5479278105,average,0.5817128420,0.5589401700,
O1/0827/3,,videos/sample_003306_O1__0827__3.pt,ok,0.5808861852,0.6006111503,0.5594024127,0.5484763322,average,0.5808861852,0.5594024127,
O1/0827/4,,videos/sample_003307_O1__0827__4.pt,ok,0.5825489759,0.6027173996,0.5584730165,0.5473223200,average,0.5825489759,0.5584730165,
O1/0828/1,,videos/sample_003308_O1__0828__1.pt,ok,0.5266005397,0.5609956980,0.5906093138,0.5706405952,average,0.5266005397,0.5906093138,
O1/0828/2,,videos/sample_003309_O1__0828__2.pt,ok,0.5234617591,0.5438171029,0.5924660193,0.5805280823,average,0.5234617591,0.5924660193,
O1/0828/3,,videos/sample_003310_O1__0828__3.pt,ok,0.5408793092,0.5791050196,0.5822360617,0.5603996890,average,0.5408793092,0.5822360617,
O1/0828/4,,videos/sample_003311_O1__0828__4.pt,ok,0.5423145294,0.5791050196,0.5814010241,0.5603996890,average,0.5423145294,0.5814010241,
O1/0829/1,,videos/sample_003312_O1__0829__1.pt,ok,0.5573361516,0.5934696794,0.5727327067,0.5524072796,average,0.5573361516,0.5727327067,
O1/0829/2,,videos/sample_003313_O1__0829__2.pt,ok,0.5594971776,0.5953273773,0.5714963528,0.5513820263,average,0.5594971776,0.5714963528,
O1/0829/3,,videos/sample_003314_O1__0829__3.pt,ok,0.5489349961,0.5829847455,0.5775645915,0.5582297039,average,0.5489349961,0.5775645915,
O1/0829/4,,videos/sample_003315_O1__0829__4.pt,ok,0.5610814095,0.5958662033,0.5705916868,0.5510850074,average,0.5610814095,0.5705916868,
O1/0830/1,,videos/sample_003316_O1__0830__1.pt,ok,0.5402148366,0.5848634839,0.5826230702,0.5571819209,average,0.5402148366,0.5826230702,
O1/0830/2,,videos/sample_003317_O1__0830__2.pt,ok,0.5460686088,0.5855829120,0.5792224903,0.5567812128,average,0.5460686088,0.5792224903,
O1/0830/3,,videos/sample_003318_O1__0830__3.pt,ok,0.5463271141,0.5845187306,0.5790727775,0.5573740443,average,0.5463271141,0.5790727775,
O1/0830/4,,videos/sample_003319_O1__0830__4.pt,ok,0.5350165963,0.5727360249,0.5856595703,0.5639802618,average,0.5350165963,0.5856595703,
O1/0831/1,,videos/sample_003320_O1__0831__1.pt,ok,0.5587815046,0.5841678381,0.5719055037,0.5575696570,average,0.5587815046,0.5719055037,
O1/0831/2,,videos/sample_003321_O1__0831__2.pt,ok,0.5564187169,0.5808985829,0.5732583926,0.5593954774,average,0.5564187169,0.5732583926,
O1/0831/3,,videos/sample_003322_O1__0831__3.pt,ok,0.5566766858,0.5804911852,0.5731105289,0.5596234203,average,0.5566766858,0.5731105289,
O1/0831/4,,videos/sample_003323_O1__0831__4.pt,ok,0.5585306287,0.5841040611,0.5720489990,0.5576052183,average,0.5585306287,0.5720489990,
O1/0832/1,,videos/sample_003324_O1__0832__1.pt,ok,0.5422070026,0.5820743442,0.5814635436,0.5587381484,average,0.5422070026,0.5814635436,
O1/0832/2,,videos/sample_003325_O1__0832__2.pt,ok,0.5486780405,0.5889367461,0.5777130190,0.5549169888,average,0.5486780405,0.5777130190,
O1/0832/3,,videos/sample_003326_O1__0832__3.pt,ok,0.5514888763,0.5892204046,0.5760914426,0.5547596042,average,0.5514888763,0.5760914426,
O1/0832/4,,videos/sample_003327_O1__0832__4.pt,ok,0.5514605641,0.5873157382,0.5761077533,0.5558172431,average,0.5514605641,0.5761077533,
O1/0833/1,,videos/sample_003328_O1__0833__1.pt,ok,0.6291972995,0.6519927979,0.5330194844,0.5210064810,average,0.6291972995,0.5330194844,
O1/0833/2,,videos/sample_003329_O1__0833__2.pt,ok,0.6267788410,0.6536627412,0.5343101299,0.5201371557,average,0.6267788410,0.5343101299,
O1/0833/3,,videos/sample_003330_O1__0833__3.pt,ok,0.6284239292,0.6536627412,0.5334318652,0.5201371557,average,0.6284239292,0.5334318652,
O1/0833/4,,videos/sample_003331_O1__0833__4.pt,ok,0.6287761927,0.6519927979,0.5332439898,0.5210064810,average,0.6287761927,0.5332439898,
O1/0834/1,,videos/sample_003332_O1__0834__1.pt,ok,0.6207190752,0.6479122043,0.5375577541,0.5231368403,average,0.6207190752,0.5375577541,
O1/0834/2,,videos/sample_003333_O1__0834__2.pt,ok,0.6208447814,0.6479122043,0.5374901840,0.5231368403,average,0.6208447814,0.5374901840,
O1/0834/3,,videos/sample_003334_O1__0834__3.pt,ok,0.6182696819,0.6472449303,0.5388760583,0.5234860324,average,0.6182696819,0.5388760583,
O1/0834/4,,videos/sample_003335_O1__0834__4.pt,ok,0.6201006770,0.6472449303,0.5378902817,0.5234860324,average,0.6201006770,0.5378902817,
O1/0835/1,,videos/sample_003336_O1__0835__1.pt,ok,0.5261719227,0.5460069776,0.5908625133,0.5792581896,average,0.5261719227,0.5908625133,
O1/0835/2,,videos/sample_003337_O1__0835__2.pt,ok,0.5279474258,0.5602796078,0.5898143658,0.5710493717,average,0.5279474258,0.5898143658,
O1/0835/3,,videos/sample_003338_O1__0835__3.pt,ok,0.5234617591,0.5438171029,0.5924660193,0.5805280823,average,0.5234617591,0.5924660193,
O1/0835/4,,videos/sample_003339_O1__0835__4.pt,ok,0.5304860473,0.5657940507,0.5883189494,0.5679090191,average,0.5304860473,0.5883189494,
O1/0836/1,,videos/sample_003340_O1__0836__1.pt,ok,0.6166646481,0.6309035420,0.5397416672,0.5321107993,average,0.6166646481,0.5397416672,
O1/0836/2,,videos/sample_003341_O1__0836__2.pt,ok,0.6175013185,0.6326932311,0.5392902701,0.5311593380,average,0.6175013185,0.5392902701,
O1/0836/3,,videos/sample_003342_O1__0836__3.pt,ok,0.6170902252,0.6309035420,0.5395120143,0.5321107993,average,0.6170902252,0.5395120143,
O1/0836/4,,videos/sample_003343_O1__0836__4.pt,ok,0.6158984303,0.6328948140,0.5401553853,0.5310522762,average,0.6158984303,0.5401553853,
O1/0837/1,,videos/sample_003344_O1__0837__1.pt,ok,0.5654037595,0.6037515998,0.5681307123,0.5467565718,average,0.5654037595,0.5681307123,
O1/0837/2,,videos/sample_003345_O1__0837__2.pt,ok,0.5646998882,0.6028793454,0.5685307439,0.5472336906,average,0.5646998882,0.5685307439,
O1/0837/3,,videos/sample_003346_O1__0837__3.pt,ok,0.5580355525,0.5908505321,0.5723322770,0.5538560121,average,0.5580355525,0.5723322770,
O1/0837/4,,videos/sample_003347_O1__0837__4.pt,ok,0.5677679777,0.6024525762,0.5667891138,0.5474672830,average,0.5677679777,0.5667891138,
O1/0838/1,,videos/sample_003348_O1__0838__1.pt,ok,0.5582903028,0.5802595615,0.5721864937,0.5597530573,average,0.5582903028,0.5721864937,
O1/0838/2,,videos/sample_003349_O1__0838__2.pt,ok,0.5571885705,0.5802834630,0.5728172374,0.5597396786,average,0.5571885705,0.5728172374,
O1/0838/3,,videos/sample_003350_O1__0838__3.pt,ok,0.5598522425,0.5852727890,0.5712934705,0.5569539102,average,0.5598522425,0.5712934705,
O1/0838/4,,videos/sample_003351_O1__0838__4.pt,ok,0.5595878959,0.5842908025,0.5714445100,0.5575011000,average,0.5595878959,0.5714445100,
O1/0839/1,,videos/sample_003352_O1__0839__1.pt,ok,0.5321802497,0.5530712008,0.5873230618,0.5751805998,average,0.5321802497,0.5873230618,
O1/0839/2,,videos/sample_003353_O1__0839__2.pt,ok,0.5300841928,0.5680308342,0.5885554155,0.5666401492,average,0.5300841928,0.5885554155,
O1/0839/3,,videos/sample_003354_O1__0839__3.pt,ok,0.5350065231,0.5662315488,0.5856654698,0.5676606144,average,0.5350065231,0.5856654698,
O1/0839/4,,videos/sample_003355_O1__0839__4.pt,ok,0.5255001783,0.5455142856,0.5912595552,0.5795436557,average,0.5255001783,0.5912595552,
O1/0840/1,,videos/sample_003356_O1__0840__1.pt,ok,0.6197230816,0.6330773830,0.5380934249,0.5309553313,average,0.6197230816,0.5380934249,
O1/0840/2,,videos/sample_003357_O1__0840__2.pt,ok,0.6181330085,0.6303405762,0.5389497134,0.5324104438,average,0.6181330085,0.5389497134,
O1/0840/3,,videos/sample_003358_O1__0840__3.pt,ok,0.6190875769,0.6331875324,0.5384354945,0.5308968502,average,0.6190875769,0.5384354945,
O1/0840/4,,videos/sample_003359_O1__0840__4.pt,ok,0.6187719703,0.6306179166,0.5386054551,0.5322628054,average,0.6187719703,0.5386054551,
O1/0841/1,,videos/sample_003360_O1__0841__1.pt,ok,0.6280028224,0.6526612043,0.5336565443,0.5206583532,average,0.6280028224,0.5336565443,
O1/0841/2,,videos/sample_003361_O1__0841__2.pt,ok,0.6275185943,0.6540564299,0.5339150184,0.5199324239,average,0.6275185943,0.5339150184,
O1/0841/3,,videos/sample_003362_O1__0841__3.pt,ok,0.6266340613,0.6526612043,0.5343874927,0.5206583532,average,0.6266340613,0.5343874927,
O1/0841/4,,videos/sample_003363_O1__0841__4.pt,ok,0.6277474165,0.6540564299,0.5337928607,0.5199324239,average,0.6277474165,0.5337928607,
O1/0842/1,,videos/sample_003364_O1__0842__1.pt,ok,0.5478866696,0.5656901002,0.5781703852,0.5679680566,average,0.5478866696,0.5781703852,
O1/0842/2,,videos/sample_003365_O1__0842__2.pt,ok,0.5565057993,0.5944469571,0.5732084741,0.5518676880,average,0.5565057993,0.5732084741,
O1/0842/3,,videos/sample_003366_O1__0842__3.pt,ok,0.5564309359,0.5857993364,0.5732513881,0.5566607247,average,0.5564309359,0.5732513881,
O1/0842/4,,videos/sample_003367_O1__0842__4.pt,ok,0.5557970405,0.5875558257,0.5736148847,0.5556838144,average,0.5557970405,0.5736148847,
O1/0843/1,,videos/sample_003368_O1__0843__1.pt,ok,0.6159589887,0.6451939940,0.5401226753,0.5245607706,average,0.6159589887,0.5401226753,
O1/0843/2,,videos/sample_003369_O1__0843__2.pt,ok,0.6160742044,0.6449485421,0.5400604483,0.5246895408,average,0.6160742044,0.5400604483,
O1/0843/3,,videos/sample_003370_O1__0843__3.pt,ok,0.6140929461,0.6449485421,0.5411315082,0.5246895408,average,0.6140929461,0.5411315082,
O1/0843/4,,videos/sample_003371_O1__0843__4.pt,ok,0.6163331270,0.6451939940,0.5399206325,0.5245607706,average,0.6163331270,0.5399206325,
O1/0844/1,,videos/sample_003372_O1__0844__1.pt,ok,0.5597221255,0.5860105753,0.5713678103,0.5565431488,average,0.5597221255,0.5713678103,
O1/0844/2,,videos/sample_003373_O1__0844__2.pt,ok,0.5597581863,0.5831408501,0.5713472067,0.5581425685,average,0.5597581863,0.5713472067,
O1/0844/3,,videos/sample_003374_O1__0844__3.pt,ok,0.5578183532,0.5792763233,0.5724566006,0.5603036986,average,0.5578183532,0.5724566006,
O1/0844/4,,videos/sample_003375_O1__0844__4.pt,ok,0.5575337410,0.5797212124,0.5726195519,0.5600544811,average,0.5575337410,0.5726195519,
O1/0845/1,,videos/sample_003376_O1__0845__1.pt,ok,0.5741491914,0.6119840145,0.5631838267,0.5422739218,average,0.5741491914,0.5631838267,
O1/0845/2,,videos/sample_003377_O1__0845__2.pt,ok,0.5714558363,0.6103713512,0.5647027253,0.5431491325,average,0.5714558363,0.5647027253,
O1/0845/3,,videos/sample_003378_O1__0845__3.pt,ok,0.5749585032,0.6139894724,0.5627282197,0.5411875040,average,0.5749585032,0.5627282197,
O1/0845/4,,videos/sample_003379_O1__0845__4.pt,ok,0.5668057799,0.5990036130,0.5673347395,0.5493587374,average,0.5668057799,0.5673347395,
O1/0846/1,,videos/sample_003380_O1__0846__1.pt,ok,0.5473846197,0.5839405656,0.5784607285,0.5576963917,average,0.5473846197,0.5784607285,
O1/0846/2,,videos/sample_003381_O1__0846__2.pt,ok,0.5505903363,0.5839405656,0.5766093165,0.5576963917,average,0.5505903363,0.5766093165,
O1/0846/3,,videos/sample_003382_O1__0846__3.pt,ok,0.5464700460,0.5803592205,0.5789900154,0.5596972757,average,0.5464700460,0.5789900154,
O1/0846/4,,videos/sample_003383_O1__0846__4.pt,ok,0.5405557752,0.5741113424,0.5824244654,0.5632051430,average,0.5405557752,0.5824244654,
O1/0847/1,,videos/sample_003384_O1__0847__1.pt,ok,0.5475103855,0.5658758283,0.5783879825,0.5678625788,average,0.5475103855,0.5783879825,
O1/0847/2,,videos/sample_003385_O1__0847__2.pt,ok,0.5437426567,0.5630556941,0.5805713020,0.5694662877,average,0.5437426567,0.5805713020,
O1/0847/3,,videos/sample_003386_O1__0847__3.pt,ok,0.5491664410,0.5839621425,0.5774309326,0.5576843585,average,0.5491664410,0.5774309326,
O1/0847/4,,videos/sample_003387_O1__0847__4.pt,ok,0.5500362515,0.5808230042,0.5769288954,0.5594377574,average,0.5500362515,0.5769288954,
O1/0848/1,,videos/sample_003388_O1__0848__1.pt,ok,0.5696634650,0.5937197208,0.5657157898,0.5522691722,average,0.5696634650,0.5657157898,
O1/0848/2,,videos/sample_003389_O1__0848__2.pt,ok,0.5705145597,0.5939081907,0.5652345169,0.5521650959,average,0.5705145597,0.5652345169,
O1/0848/3,,videos/sample_003390_O1__0848__3.pt,ok,0.5710912347,0.5937197208,0.5649086543,0.5522691722,average,0.5710912347,0.5649086543,
O1/0848/4,,videos/sample_003391_O1__0848__4.pt,ok,0.5713524222,0.5946504474,0.5647611265,0.5517553997,average,0.5713524222,0.5647611265,
O1/0849/1,,videos/sample_003392_O1__0849__1.pt,ok,0.5230114460,0.5437189937,0.5927328745,0.5805850403,average,0.5230114460,0.5927328745,
O1/0849/2,,videos/sample_003393_O1__0849__2.pt,ok,0.5323111415,0.5744075179,0.5872461911,0.5630383601,average,0.5323111415,0.5872461911,
O1/0849/3,,videos/sample_003394_O1__0849__3.pt,ok,0.5421163440,0.5810333490,0.5815162607,0.5593200950,average,0.5421163440,0.5815162607,
O1/0849/4,,videos/sample_003395_O1__0849__4.pt,ok,0.5418893695,0.5829572678,0.5816482651,0.5582450430,average,0.5418893695,0.5816482651,
O1/0850/1,,videos/sample_003396_O1__0850__1.pt,ok,0.5707646012,0.5935007334,0.5650932025,0.5523901254,average,0.5707646012,0.5650932025,
O1/0850/2,,videos/sample_003397_O1__0850__2.pt,ok,0.5703583956,0.5936560035,0.5653227932,0.5523043624,average,0.5703583956,0.5653227932,
O1/0850/3,,videos/sample_003398_O1__0850__3.pt,ok,0.5685209036,0.5897923708,0.5663625243,0.5544423912,average,0.5685209036,0.5663625243,
O1/0850/4,,videos/sample_003399_O1__0850__4.pt,ok,0.5697272420,0.5892833471,0.5656797113,0.5547246874,average,0.5697272420,0.5656797113,
O1/0851/1,,videos/sample_003400_O1__0851__1.pt,ok,0.5524539351,0.5828903913,0.5755357487,0.5582823777,average,0.5524539351,0.5755357487,
O1/0851/2,,videos/sample_003401_O1__0851__2.pt,ok,0.5502398014,0.5756894946,0.5768114736,0.5623170206,average,0.5502398014,0.5768114736,
O1/0851/3,,videos/sample_003402_O1__0851__3.pt,ok,0.5528265834,0.5847203135,0.5753213163,0.5572616986,average,0.5528265834,0.5753213163,
O1/0851/4,,videos/sample_003403_O1__0851__4.pt,ok,0.5509404540,0.5749869943,0.5764074707,0.5627121872,average,0.5509404540,0.5764074707,
O1/0852/1,,videos/sample_003404_O1__0852__1.pt,ok,0.6171486974,0.6318505406,0.5394804688,0.5316071296,average,0.6171486974,0.5394804688,
O1/0852/2,,videos/sample_003405_O1__0852__2.pt,ok,0.6192268133,0.6330889463,0.5383605299,0.5309491918,average,0.6192268133,0.5383605299,
O1/0852/3,,videos/sample_003406_O1__0852__3.pt,ok,0.6187559962,0.6340627074,0.5386140589,0.5304324258,average,0.6187559962,0.5386140589,
O1/0852/4,,videos/sample_003407_O1__0852__4.pt,ok,0.6189009547,0.6336729527,0.5385359879,0.5306392046,average,0.6189009547,0.5385359879,
O1/0853/1,,videos/sample_003408_O1__0853__1.pt,ok,0.5304960012,0.5724433064,0.5883130933,0.5641453734,average,0.5304960012,0.5883130933,
O1/0853/2,,videos/sample_003409_O1__0853__2.pt,ok,0.5318765044,0.5643334389,0.5875014855,0.5687391198,average,0.5318765044,0.5875014855,
O1/0853/3,,videos/sample_003410_O1__0853__3.pt,ok,0.5216202736,0.5447564125,0.5935580420,0.5799830428,average,0.5216202736,0.5935580420,
O1/0853/4,,videos/sample_003411_O1__0853__4.pt,ok,0.5343425870,0.5669436455,0.5860544433,0.5672565290,average,0.5343425870,0.5860544433,
O1/0854/1,,videos/sample_003412_O1__0854__1.pt,ok,0.5496365428,0.5794597864,0.5771595451,0.5602009130,average,0.5496365428,0.5771595451,
O1/0854/2,,videos/sample_003413_O1__0854__2.pt,ok,0.5494446754,0.5665539503,0.5772702938,0.5674776292,average,0.5494446754,0.5772702938,
O1/0854/3,,videos/sample_003414_O1__0854__3.pt,ok,0.5482494235,0.5665054917,0.5779606897,0.5675051290,average,0.5482494235,0.5779606897,
O1/0854/4,,videos/sample_003415_O1__0854__4.pt,ok,0.5496866703,0.5765954852,0.5771306142,0.5618077973,average,0.5496866703,0.5771306142,
O1/0855/1,,videos/sample_003416_O1__0855__1.pt,ok,0.6239924431,0.6479511857,0.5358010067,0.5231164480,average,0.6239924431,0.5358010067,
O1/0855/2,,videos/sample_003417_O1__0855__2.pt,ok,0.6241058111,0.6479511857,0.5357402674,0.5231164480,average,0.6241058111,0.5357402674,
O1/0855/3,,videos/sample_003418_O1__0855__3.pt,ok,0.6233083010,0.6493339539,0.5361676961,0.5223935992,average,0.6233083010,0.5361676961,
O1/0855/4,,videos/sample_003419_O1__0855__4.pt,ok,0.6237806678,0.6493339539,0.5359144881,0.5223935992,average,0.6237806678,0.5359144881,
O1/0856/1,,videos/sample_003420_O1__0856__1.pt,ok,0.6106902361,0.6434198618,0.5429759581,0.5254922368,average,0.6106902361,0.5429759581,
O1/0856/2,,videos/sample_003421_O1__0856__2.pt,ok,0.6087874770,0.6421672702,0.5440100941,0.5261508764,average,0.6087874770,0.5440100941,
O1/0856/3,,videos/sample_003422_O1__0856__3.pt,ok,0.6105864644,0.6421672702,0.5430323066,0.5261508764,average,0.6105864644,0.5430323066,
O1/0856/4,,videos/sample_003423_O1__0856__4.pt,ok,0.6113685369,0.6434198618,0.5426077819,0.5254922368,average,0.6113685369,0.5426077819,
O1/0857/1,,videos/sample_003424_O1__0857__1.pt,ok,0.6121271849,0.6281879544,0.5421962898,0.5335577565,average,0.6121271849,0.5421962898,
O1/0857/2,,videos/sample_003425_O1__0857__2.pt,ok,0.6141467690,0.6308596730,0.5411023837,0.5321341429,average,0.6141467690,0.5411023837,
O1/0857/3,,videos/sample_003426_O1__0857__3.pt,ok,0.6136646271,0.6280986667,0.5413633348,0.5336053988,average,0.6136646271,0.5413633348,
O1/0857/4,,videos/sample_003427_O1__0857__4.pt,ok,0.6135144234,0.6302502751,0.5414446557,0.5324585232,average,0.6135144234,0.5414446557,
O1/0858/1,,videos/sample_003428_O1__0858__1.pt,ok,0.6140591502,0.6273507476,0.5411497965,0.5340046418,average,0.6140591502,0.5411497965,
O1/0858/2,,videos/sample_003429_O1__0858__2.pt,ok,0.6121658087,0.6265566945,0.5421753485,0.5344288382,average,0.6121658087,0.5421753485,
O1/0858/3,,videos/sample_003430_O1__0858__3.pt,ok,0.6131841540,0.6267867684,0.5416235078,0.5343058942,average,0.6131841540,0.5416235078,
O1/0858/4,,videos/sample_003431_O1__0858__4.pt,ok,0.6144308448,0.6267867684,0.5409486915,0.5343058942,average,0.6144308448,0.5409486915,
O1/0859/1,,videos/sample_003432_O1__0859__1.pt,ok,0.6210682392,0.6483312249,0.5373700911,0.5229176810,average,0.6210682392,0.5373700911,
O1/0859/2,,videos/sample_003433_O1__0859__2.pt,ok,0.6203305721,0.6483312249,0.5377666375,0.5229176810,average,0.6203305721,0.5377666375,
O1/0859/3,,videos/sample_003434_O1__0859__3.pt,ok,0.6204567552,0.6493161321,0.5376987848,0.5224029092,average,0.6204567552,0.5376987848,
O1/0859/4,,videos/sample_003435_O1__0859__4.pt,ok,0.6180721521,0.6493161321,0.5389825129,0.5224029092,average,0.6180721521,0.5389825129,
O1/0860/1,,videos/sample_003436_O1__0860__1.pt,ok,0.5628326535,0.5963043571,0.5695933160,0.5508436003,average,0.5628326535,0.5695933160,
O1/0860/2,,videos/sample_003437_O1__0860__2.pt,ok,0.5637009144,0.5963043571,0.5690989750,0.5508436003,average,0.5637009144,0.5690989750,
O1/0860/3,,videos/sample_003438_O1__0860__3.pt,ok,0.5616517067,0.5921723247,0.5702663728,0.5531244129,average,0.5616517067,0.5702663728,
O1/0860/4,,videos/sample_003439_O1__0860__4.pt,ok,0.5583770275,0.5921723247,0.5721368731,0.5531244129,average,0.5583770275,0.5721368731,
O1/0861/1,,videos/sample_003440_O1__0861__1.pt,ok,0.5887617469,0.6006418467,0.5550141074,0.5484594962,average,0.5887617469,0.5550141074,
O1/0861/2,,videos/sample_003441_O1__0861__2.pt,ok,0.5905157924,0.6047222018,0.5540414407,0.5462261462,average,0.5905157924,0.5540414407,
O1/0861/3,,videos/sample_003442_O1__0861__3.pt,ok,0.5905902386,0.6050934196,0.5540001959,0.5460234150,average,0.5905902386,0.5540001959,
O1/0861/4,,videos/sample_003443_O1__0861__4.pt,ok,0.5896031857,0.6013168693,0.5545472934,0.5480893986,average,0.5896031857,0.5545472934,
O1/0862/1,,videos/sample_003444_O1__0862__1.pt,ok,0.5686796904,0.5894013643,0.5662726005,0.5546592242,average,0.5686796904,0.5662726005,
O1/0862/2,,videos/sample_003445_O1__0862__2.pt,ok,0.5686343908,0.5898807645,0.5662982530,0.5543933842,average,0.5686343908,0.5662982530,
O1/0862/3,,videos/sample_003446_O1__0862__3.pt,ok,0.5693749189,0.5898807645,0.5658790484,0.5543933842,average,0.5693749189,0.5658790484,
O1/0862/4,,videos/sample_003447_O1__0862__4.pt,ok,0.5672733188,0.5880343914,0.5670695505,0.5554179468,average,0.5672733188,0.5670695505,
O1/0863/1,,videos/sample_003448_O1__0863__1.pt,ok,0.5463693738,0.5797755718,0.5790483066,0.5600240376,average,0.5463693738,0.5790483066,
O1/0863/2,,videos/sample_003449_O1__0863__2.pt,ok,0.5519527197,0.5885658860,0.5758242884,0.5551228236,average,0.5519527197,0.5758242884,
O1/0863/3,,videos/sample_003450_O1__0863__3.pt,ok,0.5505581498,0.5885658860,0.5766278758,0.5551228236,average,0.5505581498,0.5766278758,
O1/0863/4,,videos/sample_003451_O1__0863__4.pt,ok,0.5411269665,0.5797755718,0.5820918846,0.5600240376,average,0.5411269665,0.5820918846,
O1/0864/1,,videos/sample_003452_O1__0864__1.pt,ok,0.6097103357,0.6264774203,0.5435082812,0.5344712063,average,0.6097103357,0.5435082812,
O1/0864/2,,videos/sample_003453_O1__0864__2.pt,ok,0.6105983257,0.6259694695,0.5430258655,0.5347427603,average,0.6105983257,0.5430258655,
O1/0864/3,,videos/sample_003454_O1__0864__3.pt,ok,0.6086899042,0.6249973178,0.5440631773,0.5352628642,average,0.6086899042,0.5440631773,
O1/0864/4,,videos/sample_003455_O1__0864__4.pt,ok,0.6114546061,0.6272835135,0.5425610822,0.5340405463,average,0.6114546061,0.5425610822,
O1/0865/1,,videos/sample_003456_O1__0865__1.pt,ok,0.6240371466,0.6534208059,0.5357770550,0.5202630105,average,0.6240371466,0.5357770550,
O1/0865/2,,videos/sample_003457_O1__0865__2.pt,ok,0.6218193173,0.6541976333,0.5369666357,0.5198590129,average,0.6218193173,0.5369666357,
O1/0865/3,,videos/sample_003458_O1__0865__3.pt,ok,0.6229690313,0.6541976333,0.5363496324,0.5198590129,average,0.6229690313,0.5363496324,
O1/0865/4,,videos/sample_003459_O1__0865__4.pt,ok,0.6246084571,0.6534208059,0.5354710474,0.5202630105,average,0.6246084571,0.5354710474,
O1/0866/1,,videos/sample_003460_O1__0866__1.pt,ok,0.5536708832,0.5840581656,0.5748357776,0.5576308105,average,0.5536708832,0.5748357776,
O1/0866/2,,videos/sample_003461_O1__0866__2.pt,ok,0.5507667065,0.5817210674,0.5765076288,0.5589355725,average,0.5507667065,0.5765076288,
O1/0866/3,,videos/sample_003462_O1__0866__3.pt,ok,0.5544266701,0.5903269053,0.5744014884,0.5541461019,average,0.5544266701,0.5744014884,
O1/0866/4,,videos/sample_003463_O1__0866__4.pt,ok,0.5437426567,0.5630556941,0.5805713020,0.5694662877,average,0.5437426567,0.5805713020,
O1/0867/1,,videos/sample_003464_O1__0867__1.pt,ok,0.6279541254,0.6399217248,0.5336825324,0.5273336996,average,0.6279541254,0.5336825324,
O1/0867/2,,videos/sample_003465_O1__0867__2.pt,ok,0.6292314529,0.6402701139,0.5330012802,0.5271500142,average,0.6292314529,0.5330012802,
O1/0867/3,,videos/sample_003466_O1__0867__3.pt,ok,0.6292414665,0.6401768923,0.5329959430,0.5271991583,average,0.6292414665,0.5329959430,
O1/0867/4,,videos/sample_003467_O1__0867__4.pt,ok,0.6293982267,0.6393887401,0.5329123970,0.5276148353,average,0.6293982267,0.5329123970,
O1/0868/1,,videos/sample_003468_O1__0868__1.pt,ok,0.6143864989,0.6309635639,0.5409726808,0.5320788619,average,0.6143864989,0.5409726808,
O1/0868/2,,videos/sample_003469_O1__0868__2.pt,ok,0.6162951589,0.6308033466,0.5399411327,0.5321641170,average,0.6162951589,0.5399411327,
O1/0868/3,,videos/sample_003470_O1__0868__3.pt,ok,0.6159305573,0.6322050691,0.5401380320,0.5314186932,average,0.6159305573,0.5401380320,
O1/0868/4,,videos/sample_003471_O1__0868__4.pt,ok,0.6155220270,0.6308265328,0.5403587398,0.5321517783,average,0.6155220270,0.5403587398,
O1/0869/1,,videos/sample_003472_O1__0869__1.pt,ok,0.5522406101,0.5799219012,0.5756585380,0.5599420956,average,0.5522406101,0.5756585380,
O1/0869/2,,videos/sample_003473_O1__0869__2.pt,ok,0.5470668674,0.5789950490,0.5786445650,0.5604613198,average,0.5470668674,0.5786445650,
O1/0869/3,,videos/sample_003474_O1__0869__3.pt,ok,0.5518056750,0.5792270899,0.5759089665,0.5603312850,average,0.5518056750,0.5759089665,
O1/0869/4,,videos/sample_003475_O1__0869__4.pt,ok,0.5409464836,0.5554036498,0.5821969516,0.5738405838,average,0.5409464836,0.5821969516,
O1/0870/1,,videos/sample_003476_O1__0870__1.pt,ok,0.5459614396,0.5788468122,0.5792845684,0.5605444069,average,0.5459614396,0.5792845684,
O1/0870/2,,videos/sample_003477_O1__0870__2.pt,ok,0.5389728546,0.5575937629,0.5833471271,0.5725851833,average,0.5389728546,0.5833471271,
O1/0870/3,,videos/sample_003478_O1__0870__3.pt,ok,0.5479152203,0.5657743216,0.5781538783,0.5679202236,average,0.5479152203,0.5781538783,
O1/0870/4,,videos/sample_003479_O1__0870__4.pt,ok,0.5496942997,0.5770149827,0.5771262111,0.5615721698,average,0.5496942997,0.5771262111,
O1/0871/1,,videos/sample_003480_O1__0871__1.pt,ok,0.5358618498,0.5735561848,0.5851647486,0.5635178975,average,0.5358618498,0.5851647486,
O1/0871/2,,videos/sample_003481_O1__0871__2.pt,ok,0.5338963866,0.5691689849,0.5863159994,0.5659955942,average,0.5338963866,0.5863159994,
O1/0871/3,,videos/sample_003482_O1__0871__3.pt,ok,0.5277791619,0.5500717759,0.5899136186,0.5769084008,average,0.5277791619,0.5899136186,
O1/0871/4,,videos/sample_003483_O1__0871__4.pt,ok,0.5329485536,0.5542689562,0.5868719925,0.5744920866,average,0.5329485536,0.5868719925,
O1/0872/1,,videos/sample_003484_O1__0872__1.pt,ok,0.5607769489,0.5954931378,0.5707654359,0.5512906366,average,0.5607769489,0.5707654359,
O1/0872/2,,videos/sample_003485_O1__0872__2.pt,ok,0.5616246462,0.5999090075,0.5702818047,0.5488615761,average,0.5616246462,0.5702818047,
O1/0872/3,,videos/sample_003486_O1__0872__3.pt,ok,0.5613179803,0.5909092426,0.5704567175,0.5538234958,average,0.5613179803,0.5704567175,
O1/0872/4,,videos/sample_003487_O1__0872__4.pt,ok,0.5546382666,0.5861175060,0.5742799599,0.5564836404,average,0.5546382666,0.5742799599,
O1/0873/1,,videos/sample_003488_O1__0873__1.pt,ok,0.5518939495,0.5940419436,0.5758581307,0.5520912472,average,0.5518939495,0.5758581307,
O1/0873/2,,videos/sample_003489_O1__0873__2.pt,ok,0.5423201323,0.5611982346,0.5813977666,0.5705250313,average,0.5423201323,0.5813977666,
O1/0873/3,,videos/sample_003490_O1__0873__3.pt,ok,0.5574425459,0.5898820162,0.5726717744,0.5543926902,average,0.5574425459,0.5726717744,
O1/0873/4,,videos/sample_003491_O1__0873__4.pt,ok,0.5574707389,0.5902898312,0.5726556293,0.5541666467,average,0.5574707389,0.5726556293,
O1/0874/1,,videos/sample_003492_O1__0874__1.pt,ok,0.5264664292,0.5467434525,0.5906885260,0.5788317374,average,0.5264664292,0.5906885260,
O1/0874/2,,videos/sample_003493_O1__0874__2.pt,ok,0.5279272795,0.5563002825,0.5898262485,0.5733262902,average,0.5279272795,0.5898262485,
O1/0874/3,,videos/sample_003494_O1__0874__3.pt,ok,0.5247874856,0.5531440377,0.5916810918,0.5751387070,average,0.5247874856,0.5916810918,
O1/0874/4,,videos/sample_003495_O1__0874__4.pt,ok,0.5232986212,0.5438843369,0.5925626808,0.5804890524,average,0.5232986212,0.5925626808,
O1/0875/1,,videos/sample_003496_O1__0875__1.pt,ok,0.5536476374,0.5991645455,0.5748491403,0.5492703348,average,0.5536476374,0.5748491403,
O1/0875/2,,videos/sample_003497_O1__0875__2.pt,ok,0.5578228831,0.5921451449,0.5724540074,0.5531394469,average,0.5578228831,0.5724540074,
O1/0875/3,,videos/sample_003498_O1__0875__3.pt,ok,0.5385804176,0.5571426749,0.5835760990,0.5728435278,average,0.5385804176,0.5835760990,
O1/0875/4,,videos/sample_003499_O1__0875__4.pt,ok,0.5581022501,0.5943751931,0.5722941050,0.5519072936,average,0.5581022501,0.5722941050,
O1/0876/1,,videos/sample_003500_O1__0876__1.pt,ok,0.5469253659,0.5661020875,0.5787264498,0.5677341092,average,0.5469253659,0.5787264498,
O1/0876/2,,videos/sample_003501_O1__0876__2.pt,ok,0.5497536063,0.5802261233,0.5770919847,0.5597717748,average,0.5497536063,0.5770919847,
O1/0876/3,,videos/sample_003502_O1__0876__3.pt,ok,0.5482591391,0.5832179189,0.5779550745,0.5580995548,average,0.5482591391,0.5779550745,
O1/0876/4,,videos/sample_003503_O1__0876__4.pt,ok,0.5435650349,0.5612597466,0.5806744334,0.5704899383,average,0.5435650349,0.5806744334,
O1/0877/1,,videos/sample_003504_O1__0877__1.pt,ok,0.5529211164,0.5789362192,0.5752669320,0.5604942926,average,0.5529211164,0.5752669320,
O1/0877/2,,videos/sample_003505_O1__0877__2.pt,ok,0.5527102351,0.5768839121,0.5753882578,0.5616457802,average,0.5527102351,0.5753882578,
O1/0877/3,,videos/sample_003506_O1__0877__3.pt,ok,0.5502209663,0.5658799410,0.5768223380,0.5678602433,average,0.5502209663,0.5768223380,
O1/0877/4,,videos/sample_003507_O1__0877__4.pt,ok,0.5506216884,0.5662353039,0.5765912389,0.5676584827,average,0.5506216884,0.5765912389,
O1/0878/1,,videos/sample_003508_O1__0878__1.pt,ok,0.5455266833,0.5866265297,0.5795364707,0.5562004491,average,0.5455266833,0.5795364707,
O1/0878/2,,videos/sample_003509_O1__0878__2.pt,ok,0.5423285961,0.5774688125,0.5813928458,0.5613173695,average,0.5423285961,0.5813928458,
O1/0878/3,,videos/sample_003510_O1__0878__3.pt,ok,0.5438383818,0.5874096155,0.5805157295,0.5557650669,average,0.5438383818,0.5805157295,
O1/0878/4,,videos/sample_003511_O1__0878__4.pt,ok,0.5373046994,0.5707955956,0.5843210527,0.5650756881,average,0.5373046994,0.5843210527,
O1/0879/1,,videos/sample_003512_O1__0879__1.pt,ok,0.6263505220,0.6530297399,0.5345390341,0.5204665075,average,0.6263505220,0.5345390341,
O1/0879/2,,videos/sample_003513_O1__0879__2.pt,ok,0.6256355047,0.6530297399,0.5349213754,0.5204665075,average,0.6256355047,0.5349213754,
O1/0879/3,,videos/sample_003514_O1__0879__3.pt,ok,0.6251243353,0.6538041234,0.5351948808,0.5200636228,average,0.6251243353,0.5351948808,
O1/0879/4,,videos/sample_003515_O1__0879__4.pt,ok,0.6261352301,0.6538041234,0.5346541284,0.5200636228,average,0.6261352301,0.5346541284,
O1/0880/1,,videos/sample_003516_O1__0880__1.pt,ok,0.5416818857,0.5813910961,0.5817689602,0.5591200356,average,0.5416818857,0.5817689602,
O1/0880/2,,videos/sample_003517_O1__0880__2.pt,ok,0.5348058939,0.5680032969,0.5857829832,0.5666557532,average,0.5348058939,0.5857829832,
O1/0880/3,,videos/sample_003518_O1__0880__3.pt,ok,0.5415150523,0.5917094350,0.5818660268,0.5533805077,average,0.5415150523,0.5818660268,
O1/0880/4,,videos/sample_003519_O1__0880__4.pt,ok,0.5408458710,0.5798366666,0.5822555310,0.5599898241,average,0.5408458710,0.5822555310,
O1/0881/1,,videos/sample_003520_O1__0881__1.pt,ok,0.5403239131,0.5810170770,0.5825595232,0.5593291963,average,0.5403239131,0.5825595232,
O1/0881/2,,videos/sample_003521_O1__0881__2.pt,ok,0.5215820074,0.5439687967,0.5935807556,0.5804400265,average,0.5215820074,0.5935807556,
O1/0881/3,,videos/sample_003522_O1__0881__3.pt,ok,0.5381864905,0.5906441808,0.5838060307,0.5539703127,average,0.5381864905,0.5838060307,
O1/0881/4,,videos/sample_003523_O1__0881__4.pt,ok,0.5315675735,0.5738815665,0.5876830109,0.5633345688,average,0.5315675735,0.5876830109,
O1/0882/1,,videos/sample_003524_O1__0882__1.pt,ok,0.6138160825,0.6480647922,0.5412813486,0.5230570220,average,0.6138160825,0.5412813486,
O1/0882/2,,videos/sample_003525_O1__0882__2.pt,ok,0.6110494137,0.6484271288,0.5427809683,0.5228675336,average,0.6110494137,0.5427809683,
O1/0882/3,,videos/sample_003526_O1__0882__3.pt,ok,0.6129200459,0.6484271288,0.5417665739,0.5228675336,average,0.6129200459,0.5417665739,
O1/0882/4,,videos/sample_003527_O1__0882__4.pt,ok,0.6138305664,0.6480647922,0.5412735088,0.5230570220,average,0.6138305664,0.5412735088,
O1/0883/1,,videos/sample_003528_O1__0883__1.pt,ok,0.5752464533,0.5872951150,0.5625662054,0.5558287060,average,0.5752464533,0.5625662054,
O1/0883/2,,videos/sample_003529_O1__0883__2.pt,ok,0.5762755275,0.5978494883,0.5619875808,0.5499931319,average,0.5762755275,0.5619875808,
O1/0883/3,,videos/sample_003530_O1__0883__3.pt,ok,0.5762591362,0.6008980274,0.5619967926,0.5483190094,average,0.5762591362,0.5619967926,
O1/0883/4,,videos/sample_003531_O1__0883__4.pt,ok,0.5696097612,0.5826150775,0.5657461717,0.5584361017,average,0.5696097612,0.5657461717,
O1/0884/1,,videos/sample_003532_O1__0884__1.pt,ok,0.6134867668,0.6272833347,0.5414596304,0.5340406418,average,0.6134867668,0.5414596304,
O1/0884/2,,videos/sample_003533_O1__0884__2.pt,ok,0.6156116724,0.6288768053,0.5403103013,0.5331903414,average,0.6156116724,0.5403103013,
O1/0884/3,,videos/sample_003534_O1__0884__3.pt,ok,0.6154688597,0.6273219585,0.5403874700,0.5340200155,average,0.6154688597,0.5403874700,
O1/0884/4,,videos/sample_003535_O1__0884__4.pt,ok,0.6148051023,0.6288768053,0.5407462752,0.5331903414,average,0.6148051023,0.5407462752,
O1/0885/1,,videos/sample_003536_O1__0885__1.pt,ok,0.6114686728,0.6478014588,0.5425534502,0.5231947785,average,0.6114686728,0.5425534502,
O1/0885/2,,videos/sample_003537_O1__0885__2.pt,ok,0.6114686728,0.6478014588,0.5425534502,0.5231947785,average,0.6114686728,0.5425534502,
O1/0885/3,,videos/sample_003538_O1__0885__3.pt,ok,0.6141870618,0.6488965154,0.5410805816,0.5226221642,average,0.6141870618,0.5410805816,
O1/0885/4,,videos/sample_003539_O1__0885__4.pt,ok,0.6141870618,0.6488965154,0.5410805816,0.5226221642,average,0.6141870618,0.5410805816,
O1/0886/1,,videos/sample_003540_O1__0886__1.pt,ok,0.5680940151,0.5896182060,0.5666043495,0.5545389640,average,0.5680940151,0.5666043495,
O1/0886/2,,videos/sample_003541_O1__0886__2.pt,ok,0.5677284002,0.5903111696,0.5668115464,0.5541548218,average,0.5677284002,0.5668115464,
O1/0886/3,,videos/sample_003542_O1__0886__3.pt,ok,0.5691927075,0.5921103358,0.5659821675,0.5531587015,average,0.5691927075,0.5659821675,
O1/0886/4,,videos/sample_003543_O1__0886__4.pt,ok,0.5689864159,0.5912656188,0.5660989369,0.5536261615,average,0.5689864159,0.5660989369,
O1/0887/1,,videos/sample_003544_O1__0887__1.pt,ok,0.5370806456,0.5767214894,0.5844519868,0.5617370116,average,0.5370806456,0.5844519868,
O1/0887/2,,videos/sample_003545_O1__0887__2.pt,ok,0.5495751500,0.5954532623,0.5771949796,0.5513126200,average,0.5495751500,0.5771949796,
O1/0887/3,,videos/sample_003546_O1__0887__3.pt,ok,0.5448728800,0.5829579830,0.5799154975,0.5582446438,average,0.5448728800,0.5799154975,
O1/0887/4,,videos/sample_003547_O1__0887__4.pt,ok,0.5475760698,0.5981154442,0.5783499927,0.5498468774,average,0.5475760698,0.5783499927,
O1/0888/1,,videos/sample_003548_O1__0888__1.pt,ok,0.5624267459,0.5960769057,0.5698245652,0.5509689047,average,0.5624267459,0.5698245652,
O1/0888/2,,videos/sample_003549_O1__0888__2.pt,ok,0.5638793111,0.5960769057,0.5689974587,0.5509689047,average,0.5638793111,0.5689974587,
O1/0888/3,,videos/sample_003550_O1__0888__3.pt,ok,0.5615247488,0.5924794078,0.5703387772,0.5529545838,average,0.5615247488,0.5703387772,
O1/0888/4,,videos/sample_003551_O1__0888__4.pt,ok,0.5609360933,0.5878919363,0.5706746090,0.5554970745,average,0.5609360933,0.5706746090,
O1/0889/1,,videos/sample_003552_O1__0889__1.pt,ok,0.5612645149,0.5909352303,0.5704872180,0.5538091034,average,0.5612645149,0.5704872180,
O1/0889/2,,videos/sample_003553_O1__0889__2.pt,ok,0.5652418137,0.5952575207,0.5682227261,0.5514205454,average,0.5652418137,0.5682227261,
O1/0889/3,,videos/sample_003554_O1__0889__3.pt,ok,0.5660152435,0.5964927673,0.5677834156,0.5507398255,average,0.5660152435,0.5677834156,
O1/0889/4,,videos/sample_003555_O1__0889__4.pt,ok,0.5673680305,0.5959009528,0.5670158449,0.5510658578,average,0.5673680305,0.5670158449,
O1/0890/1,,videos/sample_003556_O1__0890__1.pt,ok,0.6144128442,0.6284297705,0.5409584290,0.5334287493,average,0.6144128442,0.5409584290,
O1/0890/2,,videos/sample_003557_O1__0890__2.pt,ok,0.6155586243,0.6299381256,0.5403389645,0.5326247558,average,0.6155586243,0.5403389645,
O1/0890/3,,videos/sample_003558_O1__0890__3.pt,ok,0.6153072715,0.6293722987,0.5404747973,0.5329262145,average,0.6153072715,0.5404747973,
O1/0890/4,,videos/sample_003559_O1__0890__4.pt,ok,0.6144911051,0.6299462318,0.5409160947,0.5326204383,average,0.6144911051,0.5409160947,
O1/0891/1,,videos/sample_003560_O1__0891__1.pt,ok,0.5293885469,0.5616266727,0.5889649840,0.5702806490,average,0.5293885469,0.5889649840,
O1/0891/2,,videos/sample_003561_O1__0891__2.pt,ok,0.5265967250,0.5482099056,0.5906115668,0.5779835299,average,0.5265967250,0.5906115668,
O1/0891/3,,videos/sample_003562_O1__0891__3.pt,ok,0.5269615650,0.5469693542,0.5903961274,0.5787009932,average,0.5269615650,0.5903961274,
O1/0891/4,,videos/sample_003563_O1__0891__4.pt,ok,0.5298236012,0.5642958879,0.5887088080,0.5687604769,average,0.5298236012,0.5887088080,
O1/0892/1,,videos/sample_003564_O1__0892__1.pt,ok,0.5482763648,0.5665211082,0.5779451189,0.5674962667,average,0.5482763648,0.5779451189,
O1/0892/2,,videos/sample_003565_O1__0892__2.pt,ok,0.5552492738,0.5864400268,0.5739291779,0.5563041918,average,0.5552492738,0.5739291779,
O1/0892/3,,videos/sample_003566_O1__0892__3.pt,ok,0.5548425317,0.5948945284,0.5741626665,0.5516207431,average,0.5548425317,0.5741626665,
O1/0892/4,,videos/sample_003567_O1__0892__4.pt,ok,0.5570039749,0.5894090533,0.5729229867,0.5546549594,average,0.5570039749,0.5729229867,
O1/0893/1,,videos/sample_003568_O1__0893__1.pt,ok,0.5554024577,0.5773218274,0.5738412679,0.5613998808,average,0.5554024577,0.5738412679,
O1/0893/2,,videos/sample_003569_O1__0893__2.pt,ok,0.5566520095,0.5823308825,0.5731246713,0.5585948290,average,0.5566520095,0.5731246713,
O1/0893/3,,videos/sample_003570_O1__0893__3.pt,ok,0.5544565320,0.5777351856,0.5743843359,0.5611678695,average,0.5544565320,0.5743843359,
O1/0893/4,,videos/sample_003571_O1__0893__4.pt,ok,0.5567356944,0.5801173449,0.5730767114,0.5598326692,average,0.5567356944,0.5730767114,
O1/0894/1,,videos/sample_003572_O1__0894__1.pt,ok,0.5523532629,0.5771064758,0.5755936921,0.5615207922,average,0.5523532629,0.5755936921,
O1/0894/2,,videos/sample_003573_O1__0894__2.pt,ok,0.5515730381,0.5858162045,0.5760429598,0.5566513350,average,0.5515730381,0.5760429598,
O1/0894/3,,videos/sample_003574_O1__0894__3.pt,ok,0.5409464836,0.5554036498,0.5821969516,0.5738405838,average,0.5409464836,0.5821969516,
O1/0894/4,,videos/sample_003575_O1__0894__4.pt,ok,0.5533338189,0.5826675296,0.5750295668,0.5584068114,average,0.5533338189,0.5750295668,
O1/0895/1,,videos/sample_003576_O1__0895__1.pt,ok,0.6394287348,0.6593843102,0.5275937339,0.5171696525,average,0.6394287348,0.5275937339,
O1/0895/2,,videos/sample_003577_O1__0895__2.pt,ok,0.6399861574,0.6605871916,0.5272997232,0.5165479328,average,0.6399861574,0.5272997232,
O1/0895/3,,videos/sample_003578_O1__0895__3.pt,ok,0.6389564276,0.6593843102,0.5278429791,0.5171696525,average,0.6389564276,0.5278429791,
O1/0895/4,,videos/sample_003579_O1__0895__4.pt,ok,0.6401307583,0.6605871916,0.5272234807,0.5165479328,average,0.6401307583,0.5272234807,
O1/0896/1,,videos/sample_003580_O1__0896__1.pt,ok,0.5357416272,0.5574318767,0.5852351029,0.5726778844,average,0.5357416272,0.5852351029,
O1/0896/2,,videos/sample_003581_O1__0896__2.pt,ok,0.5333144665,0.5553597808,0.5866572878,0.5738657582,average,0.5333144665,0.5866572878,
O1/0896/3,,videos/sample_003582_O1__0896__3.pt,ok,0.5380740166,0.5725444555,0.5838716974,0.5640883135,average,0.5380740166,0.5838716974,
O1/0896/4,,videos/sample_003583_O1__0896__4.pt,ok,0.5389521718,0.5715210438,0.5833591924,0.5646659036,average,0.5389521718,0.5833591924,
O1/0897/1,,videos/sample_003584_O1__0897__1.pt,ok,0.6391077638,0.6595552564,0.5277631034,0.5170812520,average,0.6391077638,0.5277631034,
O1/0897/2,,videos/sample_003585_O1__0897__2.pt,ok,0.6394091249,0.6595552564,0.5276040801,0.5170812520,average,0.6394091249,0.5276040801,
O1/0897/3,,videos/sample_003586_O1__0897__3.pt,ok,0.6402203441,0.6595016718,0.5271762511,0.5171089603,average,0.6402203441,0.5271762511,
O1/0897/4,,videos/sample_003587_O1__0897__4.pt,ok,0.6397078037,0.6595016718,0.5274465194,0.5171089603,average,0.6397078037,0.5274465194,
O1/0898/1,,videos/sample_003588_O1__0898__1.pt,ok,0.5531193614,0.5827049613,0.5751528995,0.5583859096,average,0.5531193614,0.5751528995,
O1/0898/2,,videos/sample_003589_O1__0898__2.pt,ok,0.5481905937,0.5665841103,0.5779946920,0.5674605144,average,0.5481905937,0.5779946920,
O1/0898/3,,videos/sample_003590_O1__0898__3.pt,ok,0.5544501543,0.5818887949,0.5743879992,0.5588418315,average,0.5544501543,0.5743879992,
O1/0898/4,,videos/sample_003591_O1__0898__4.pt,ok,0.5522472262,0.5872767568,0.5756547293,0.5558389101,average,0.5522472262,0.5756547293,
O1/0899/1,,videos/sample_003592_O1__0899__1.pt,ok,0.6228219271,0.6377953291,0.5364285375,0.5284562127,average,0.6228219271,0.5364285375,
O1/0899/2,,videos/sample_003593_O1__0899__2.pt,ok,0.6235177517,0.6378437281,0.5360554072,0.5284306366,average,0.6235177517,0.5360554072,
O1/0899/3,,videos/sample_003594_O1__0899__3.pt,ok,0.6222024560,0.6370071769,0.5367609424,0.5288728808,average,0.6222024560,0.5367609424,
O1/0899/4,,videos/sample_003595_O1__0899__4.pt,ok,0.6239371300,0.6375163198,0.5358306443,0.5286036775,average,0.6239371300,0.5358306443,
O1/0900/1,,videos/sample_003596_O1__0900__1.pt,ok,0.5584115386,0.5828501582,0.5721171284,0.5583048396,average,0.5584115386,0.5721171284,
O1/0900/2,,videos/sample_003597_O1__0900__2.pt,ok,0.5585108399,0.5827926397,0.5720603192,0.5583369534,average,0.5585108399,0.5720603192,
O1/0900/3,,videos/sample_003598_O1__0900__3.pt,ok,0.5563375354,0.5807817578,0.5733049325,0.5594608327,average,0.5563375354,0.5733049325,
O1/0900/4,,videos/sample_003599_O1__0900__4.pt,ok,0.5571734905,0.5798936486,0.5728258756,0.5599579157,average,0.5571734905,0.5728258756,
O1/0901/1,,videos/sample_003600_O1__0901__1.pt,ok,0.6245326400,0.6517380476,0.5355116468,0.5211392244,average,0.6245326400,0.5355116468,
O1/0901/2,,videos/sample_003601_O1__0901__2.pt,ok,0.6221855879,0.6521459818,0.5367699966,0.5209266772,average,0.6221855879,0.5367699966,
O1/0901/3,,videos/sample_003602_O1__0901__3.pt,ok,0.6239154339,0.6517380476,0.5358422699,0.5211392244,average,0.6239154339,0.5358422699,
O1/0901/4,,videos/sample_003603_O1__0901__4.pt,ok,0.6238456964,0.6521459818,0.5358796394,0.5209266772,average,0.6238456964,0.5358796394,
O1/0902/1,,videos/sample_003604_O1__0902__1.pt,ok,0.5789880157,0.6025916934,0.5604652617,0.5473911262,average,0.5789880157,0.5604652617,
O1/0902/2,,videos/sample_003605_O1__0902__2.pt,ok,0.5789182782,0.6022963524,0.5605043485,0.5475528171,average,0.5789182782,0.5605043485,
O1/0902/3,,videos/sample_003606_O1__0902__3.pt,ok,0.5778914690,0.6002495289,0.5610801751,0.5486747088,average,0.5778914690,0.5610801751,
O1/0902/4,,videos/sample_003607_O1__0902__4.pt,ok,0.5773565173,0.5984877348,0.5613804062,0.5496422127,average,0.5773565173,0.5613804062,
O1/0903/1,,videos/sample_003608_O1__0903__1.pt,ok,0.5269562006,0.5471079946,0.5903992945,0.5786207674,average,0.5269562006,0.5903992945,
O1/0903/2,,videos/sample_003609_O1__0903__2.pt,ok,0.5296495557,0.5665045381,0.5888112791,0.5675056702,average,0.5296495557,0.5888112791,
O1/0903/3,,videos/sample_003610_O1__0903__3.pt,ok,0.5248638988,0.5449436903,0.5916358813,0.5798744350,average,0.5248638988,0.5916358813,
O1/0903/4,,videos/sample_003611_O1__0903__4.pt,ok,0.5296334028,0.5614511371,0.5888207902,0.5703807623,average,0.5296334028,0.5888207902,
O1/0904/1,,videos/sample_003612_O1__0904__1.pt,ok,0.5486547351,0.5706889033,0.5777264830,0.5651359805,average,0.5486547351,0.5777264830,
O1/0904/2,,videos/sample_003613_O1__0904__2.pt,ok,0.5466859937,0.5705282092,0.5788649974,0.5652268018,average,0.5466859937,0.5788649974,
O1/0904/3,,videos/sample_003614_O1__0904__3.pt,ok,0.5460410714,0.5613764524,0.5792384407,0.5704233626,average,0.5460410714,0.5792384407,
O1/0904/4,,videos/sample_003615_O1__0904__4.pt,ok,0.5483501554,0.5643688440,0.5779024736,0.5687189839,average,0.5483501554,0.5779024736,
O1/0905/1,,videos/sample_003616_O1__0905__1.pt,ok,0.6208230853,0.6329241991,0.5375018456,0.5310366714,average,0.6208230853,0.5375018456,
O1/0905/2,,videos/sample_003617_O1__0905__2.pt,ok,0.6197728515,0.6321340203,0.5380666448,0.5314564511,average,0.6197728515,0.5380666448,
O1/0905/3,,videos/sample_003618_O1__0905__3.pt,ok,0.6209303141,0.6322356462,0.5374442130,0.5314024441,average,0.6209303141,0.5374442130,
O1/0905/4,,videos/sample_003619_O1__0905__4.pt,ok,0.6200306416,0.6311491728,0.5379279544,0.5319801125,average,0.6200306416,0.5379279544,
O1/0906/1,,videos/sample_003620_O1__0906__1.pt,ok,0.5521392822,0.5700451732,0.5757168712,0.5654998927,average,0.5521392822,0.5757168712,
O1/0906/2,,videos/sample_003621_O1__0906__2.pt,ok,0.5519397259,0.5759624243,0.5758317706,0.5621635685,average,0.5519397259,0.5758317706,
O1/0906/3,,videos/sample_003622_O1__0906__3.pt,ok,0.5477848053,0.5656389594,0.5782292832,0.5679971037,average,0.5477848053,0.5782292832,
O1/0906/4,,videos/sample_003623_O1__0906__4.pt,ok,0.5478265882,0.5758913159,0.5782051236,0.5622035444,average,0.5478265882,0.5782051236,
O1/0907/1,,videos/sample_003624_O1__0907__1.pt,ok,0.5677346587,0.5905434489,0.5668079990,0.5540261180,average,0.5677346587,0.5668079990,
O1/0907/2,,videos/sample_003625_O1__0907__2.pt,ok,0.5683923364,0.5907888412,0.5664353446,0.5538901809,average,0.5683923364,0.5664353446,
O1/0907/3,,videos/sample_003626_O1__0907__3.pt,ok,0.5695188046,0.5945501328,0.5657976325,0.5518107516,average,0.5695188046,0.5657976325,
O1/0907/4,,videos/sample_003627_O1__0907__4.pt,ok,0.5700878501,0.5957041383,0.5654757594,0.5511743263,average,0.5700878501,0.5654757594,
O1/0908/1,,videos/sample_003628_O1__0908__1.pt,ok,0.6072680354,0.6382599473,0.5448373139,0.5282107394,average,0.6072680354,0.5448373139,
O1/0908/2,,videos/sample_003629_O1__0908__2.pt,ok,0.6080392003,0.6392736435,0.5444173165,0.5276755655,average,0.6080392003,0.5444173165,
O1/0908/3,,videos/sample_003630_O1__0908__3.pt,ok,0.6074538827,0.6392736435,0.5447360668,0.5276755655,average,0.6074538827,0.5447360668,
O1/0908/4,,videos/sample_003631_O1__0908__4.pt,ok,0.6077829599,0.6382599473,0.5445568361,0.5282107394,average,0.6077829599,0.5445568361,
O1/0909/1,,videos/sample_003632_O1__0909__1.pt,ok,0.6175931096,0.6465801597,0.5392407703,0.5238341462,average,0.6175931096,0.5392407703,
O1/0909/2,,videos/sample_003633_O1__0909__2.pt,ok,0.6170069575,0.6465801597,0.5395569401,0.5238341462,average,0.6170069575,0.5395569401,
O1/0909/3,,videos/sample_003634_O1__0909__3.pt,ok,0.6172761321,0.6474460959,0.5394117246,0.5233807355,average,0.6172761321,0.5394117246,
O1/0909/4,,videos/sample_003635_O1__0909__4.pt,ok,0.6164266467,0.6474460959,0.5398701417,0.5233807355,average,0.6164266467,0.5398701417,
O1/0910/1,,videos/sample_003636_O1__0910__1.pt,ok,0.5854216814,0.6069422960,0.5568709902,0.5450148178,average,0.5854216814,0.5568709902,
O1/0910/2,,videos/sample_003637_O1__0910__2.pt,ok,0.5868452787,0.6069422960,0.5560787941,0.5450148178,average,0.5868452787,0.5560787941,
O1/0910/3,,videos/sample_003638_O1__0910__3.pt,ok,0.5862993598,0.6065201163,0.5563824509,0.5452449606,average,0.5862993598,0.5563824509,
O1/0910/4,,videos/sample_003639_O1__0910__4.pt,ok,0.5869275331,0.6065201163,0.5560330561,0.5452449606,average,0.5869275331,0.5560330561,
O1/0911/1,,videos/sample_003640_O1__0911__1.pt,ok,0.6199787259,0.6362283230,0.5379558820,0.5292849560,average,0.6199787259,0.5379558820,
O1/0911/2,,videos/sample_003641_O1__0911__2.pt,ok,0.6200957298,0.6351616383,0.5378929427,0.5298498374,average,0.6200957298,0.5378929427,
O1/0911/3,,videos/sample_003642_O1__0911__3.pt,ok,0.6177903414,0.6335664988,0.5391344254,0.5306956962,average,0.6177903414,0.5391344254,
O1/0911/4,,videos/sample_003643_O1__0911__4.pt,ok,0.6191716194,0.6365902424,0.5383902449,0.5290934322,average,0.6191716194,0.5383902449,
O1/0912/1,,videos/sample_003644_O1__0912__1.pt,ok,0.6131203771,0.6457015872,0.5416580520,0.5242945747,average,0.6131203771,0.5416580520,
O1/0912/2,,videos/sample_003645_O1__0912__2.pt,ok,0.6157251596,0.6456762552,0.5402489865,0.5243078563,average,0.6157251596,0.5402489865,
O1/0912/3,,videos/sample_003646_O1__0912__3.pt,ok,0.6131203771,0.6457015872,0.5416580520,0.5242945747,average,0.6131203771,0.5416580520,
O1/0912/4,,videos/sample_003647_O1__0912__4.pt,ok,0.6157251596,0.6456762552,0.5402489865,0.5243078563,average,0.6157251596,0.5402489865,
O1/0913/1,,videos/sample_003648_O1__0913__1.pt,ok,0.6107954979,0.6281594634,0.5429188065,0.5335729584,average,0.6107954979,0.5429188065,
O1/0913/2,,videos/sample_003649_O1__0913__2.pt,ok,0.6109228134,0.6243718266,0.5428496889,0.5355977711,average,0.6109228134,0.5428496889,
O1/0913/3,,videos/sample_003650_O1__0913__3.pt,ok,0.6125694513,0.6258821487,0.5419565475,0.5347894565,average,0.6125694513,0.5419565475,
O1/0913/4,,videos/sample_003651_O1__0913__4.pt,ok,0.6125529408,0.6256096363,0.5419654956,0.5349352132,average,0.6125529408,0.5419654956,
O1/0914/1,,videos/sample_003652_O1__0914__1.pt,ok,0.5477848053,0.5656389594,0.5782292832,0.5679971037,average,0.5477848053,0.5782292832,
O1/0914/2,,videos/sample_003653_O1__0914__2.pt,ok,0.5481233597,0.5709851980,0.5780335542,0.5649685585,average,0.5481233597,0.5780335542,
O1/0914/3,,videos/sample_003654_O1__0914__3.pt,ok,0.5475515723,0.5720067620,0.5783641610,0.5643917017,average,0.5475515723,0.5783641610,
O1/0914/4,,videos/sample_003655_O1__0914__4.pt,ok,0.5481737256,0.5678731799,0.5780044418,0.5667294895,average,0.5481737256,0.5780044418,
O1/0915/1,,videos/sample_003656_O1__0915__1.pt,ok,0.5446109772,0.5629726052,0.5800673989,0.5695136060,average,0.5446109772,0.5800673989,
O1/0915/2,,videos/sample_003657_O1__0915__2.pt,ok,0.5450748205,0.5734485388,0.5797984009,0.5635785612,average,0.5450748205,0.5797984009,
O1/0915/3,,videos/sample_003658_O1__0915__3.pt,ok,0.5454947948,0.5656805634,0.5795549516,0.5679734732,average,0.5454947948,0.5795549516,
O1/0915/4,,videos/sample_003659_O1__0915__4.pt,ok,0.5458599925,0.5737425089,0.5793433381,0.5634129103,average,0.5458599925,0.5793433381,
O1/0916/1,,videos/sample_003660_O1__0916__1.pt,ok,0.5697015524,0.6075636148,0.5656942436,0.5446762950,average,0.5697015524,0.5656942436,
O1/0916/2,,videos/sample_003661_O1__0916__2.pt,ok,0.5680673718,0.6107279062,0.5666194459,0.5429555045,average,0.5680673718,0.5666194459,
O1/0916/3,,videos/sample_003662_O1__0916__3.pt,ok,0.5620489717,0.5992233157,0.5700398709,0.5492380550,average,0.5620489717,0.5700398709,
O1/0916/4,,videos/sample_003663_O1__0916__4.pt,ok,0.5697344542,0.6077990532,0.5656756316,0.5445480724,average,0.5697344542,0.5656756316,
O1/0917/1,,videos/sample_003664_O1__0917__1.pt,ok,0.5581598282,0.5811098814,0.5722611544,0.5592772905,average,0.5581598282,0.5722611544,
O1/0917/2,,videos/sample_003665_O1__0917__2.pt,ok,0.5566695929,0.5811098814,0.5731145939,0.5592772905,average,0.5566695929,0.5731145939,
O1/0917/3,,videos/sample_003666_O1__0917__3.pt,ok,0.5578987002,0.5816403627,0.5724106073,0.5589806830,average,0.5578987002,0.5724106073,
O1/0917/4,,videos/sample_003667_O1__0917__4.pt,ok,0.5592324734,0.5816403627,0.5716476503,0.5589806830,average,0.5592324734,0.5716476503,
O1/0918/1,,videos/sample_003668_O1__0918__1.pt,ok,0.5671100616,0.6040186286,0.5671621362,0.5466105915,average,0.5671100616,0.5671621362,
O1/0918/2,,videos/sample_003669_O1__0918__2.pt,ok,0.5583073497,0.5893659592,0.5721767398,0.5546788623,average,0.5583073497,0.5721767398,
O1/0918/3,,videos/sample_003670_O1__0918__3.pt,ok,0.5669275522,0.6040186286,0.5672656581,0.5466105915,average,0.5669275522,0.5672656581,
O1/0918/4,,videos/sample_003671_O1__0918__4.pt,ok,0.5581519008,0.5893659592,0.5722656910,0.5546788623,average,0.5581519008,0.5722656910,
O1/0919/1,,videos/sample_003672_O1__0919__1.pt,ok,0.6127363443,0.6448540688,0.5418661063,0.5247391124,average,0.6127363443,0.5418661063,
O1/0919/2,,videos/sample_003673_O1__0919__2.pt,ok,0.6116397977,0.6448540688,0.5424606137,0.5247391124,average,0.6116397977,0.5424606137,
O1/0919/3,,videos/sample_003674_O1__0919__3.pt,ok,0.6122669578,0.6444956064,0.5421205107,0.5249272453,average,0.6122669578,0.5421205107,
O1/0919/4,,videos/sample_003675_O1__0919__4.pt,ok,0.6113623977,0.6444956064,0.5426111132,0.5249272453,average,0.6113623977,0.5426111132,
O1/0920/1,,videos/sample_003676_O1__0920__1.pt,ok,0.6148234010,0.6296303868,0.5407363804,0.5327886903,average,0.6148234010,0.5407363804,
O1/0920/2,,videos/sample_003677_O1__0920__2.pt,ok,0.6178420186,0.6313487887,0.5391065652,0.5318739314,average,0.6178420186,0.5391065652,
O1/0920/3,,videos/sample_003678_O1__0920__3.pt,ok,0.6171679497,0.6323475838,0.5394700826,0.5313429636,average,0.6171679497,0.5394700826,
O1/0920/4,,videos/sample_003679_O1__0920__4.pt,ok,0.6165958047,0.6304410696,0.5397788261,0.5323569428,average,0.6165958047,0.5397788261,
O1/0921/1,,videos/sample_003680_O1__0921__1.pt,ok,0.5639831424,0.5996008515,0.5689383820,0.5490307371,average,0.5639831424,0.5689383820,
O1/0921/2,,videos/sample_003681_O1__0921__2.pt,ok,0.5609970093,0.5933797359,0.5706398469,0.5524569673,average,0.5609970093,0.5706398469,
O1/0921/3,,videos/sample_003682_O1__0921__3.pt,ok,0.5625810027,0.5985848308,0.5697366726,0.5495888473,average,0.5625810027,0.5697366726,
O1/0921/4,,videos/sample_003683_O1__0921__4.pt,ok,0.5560649037,0.5885187387,0.5734612549,0.5551489967,average,0.5560649037,0.5734612549,
O1/0922/1,,videos/sample_003684_O1__0922__1.pt,ok,0.6134499311,0.6444133520,0.5414795758,0.5249704246,average,0.6134499311,0.5414795758,
O1/0922/2,,videos/sample_003685_O1__0922__2.pt,ok,0.6152431965,0.6444133520,0.5405094293,0.5249704246,average,0.6152431965,0.5405094293,
O1/0922/3,,videos/sample_003686_O1__0922__3.pt,ok,0.6154463291,0.6439880729,0.5403996454,0.5251937311,average,0.6154463291,0.5403996454,
O1/0922/4,,videos/sample_003687_O1__0922__4.pt,ok,0.6160618663,0.6439880729,0.5400671117,0.5251937311,average,0.6160618663,0.5400671117,
O1/0923/1,,videos/sample_003688_O1__0923__1.pt,ok,0.5630157590,0.5849260688,0.5694890299,0.5571470508,average,0.5630157590,0.5694890299,
O1/0923/2,,videos/sample_003689_O1__0923__2.pt,ok,0.5630601645,0.5856180787,0.5694637420,0.5567616329,average,0.5630601645,0.5694637420,
O1/0923/3,,videos/sample_003690_O1__0923__3.pt,ok,0.5627788305,0.5856180787,0.5696239740,0.5567616329,average,0.5627788305,0.5696239740,
O1/0923/4,,videos/sample_003691_O1__0923__4.pt,ok,0.5628533959,0.5849260688,0.5695815014,0.5571470508,average,0.5628533959,0.5695815014,
O1/0924/1,,videos/sample_003692_O1__0924__1.pt,ok,0.6174399853,0.6301910281,0.5393233475,0.5324900707,average,0.6174399853,0.5393233475,
O1/0924/2,,videos/sample_003693_O1__0924__2.pt,ok,0.6173587441,0.6296140552,0.5393671646,0.5327973917,average,0.6173587441,0.5393671646,
O1/0924/3,,videos/sample_003694_O1__0924__3.pt,ok,0.6167318821,0.6294244528,0.5397053794,0.5328984210,average,0.6167318821,0.5397053794,
O1/0924/4,,videos/sample_003695_O1__0924__4.pt,ok,0.6166282296,0.6301910281,0.5397613241,0.5324900707,average,0.6166282296,0.5397613241,
O1/0925/1,,videos/sample_003696_O1__0925__1.pt,ok,0.5251204967,0.5453785658,0.5914840882,0.5796223166,average,0.5251204967,0.5914840882,
O1/0925/2,,videos/sample_003697_O1__0925__2.pt,ok,0.5385438800,0.5730075836,0.5835974219,0.5638271288,average,0.5385438800,0.5835974219,
O1/0925/3,,videos/sample_003698_O1__0925__3.pt,ok,0.5338926911,0.5670034289,0.5863181661,0.5672226175,average,0.5338926911,0.5863181661,
O1/0925/4,,videos/sample_003699_O1__0925__4.pt,ok,0.5394486189,0.5857975483,0.5830696574,0.5566617201,average,0.5394486189,0.5830696574,
O1/0926/1,,videos/sample_003700_O1__0926__1.pt,ok,0.5754736662,0.5962264538,0.5624383976,0.5508865145,average,0.5754736662,0.5624383976,
O1/0926/2,,videos/sample_003701_O1__0926__2.pt,ok,0.5686973333,0.5793257356,0.5662626099,0.5602760134,average,0.5686973333,0.5662626099,
O1/0926/3,,videos/sample_003702_O1__0926__3.pt,ok,0.5783350468,0.6031383276,0.5608313476,0.5470919852,average,0.5783350468,0.5608313476,
O1/0926/4,,videos/sample_003703_O1__0926__4.pt,ok,0.5799418688,0.6019795537,0.5599309151,0.5477263086,average,0.5799418688,0.5599309151,
O1/0927/1,,videos/sample_003704_O1__0927__1.pt,ok,0.5658465028,0.5954415202,0.5678792319,0.5513190936,average,0.5658465028,0.5678792319,
O1/0927/2,,videos/sample_003705_O1__0927__2.pt,ok,0.5675583482,0.6019765735,0.5669079420,0.5477279409,average,0.5675583482,0.5669079420,
O1/0927/3,,videos/sample_003706_O1__0927__3.pt,ok,0.5668252110,0.6000732780,0.5673237157,0.5487714218,average,0.5668252110,0.5673237157,
O1/0927/4,,videos/sample_003707_O1__0927__4.pt,ok,0.5617600083,0.5921933651,0.5702046153,0.5531127750,average,0.5617600083,0.5702046153,
O1/0928/1,,videos/sample_003708_O1__0928__1.pt,ok,0.6162163615,0.6448370218,0.5399836803,0.5247480576,average,0.6162163615,0.5399836803,
O1/0928/2,,videos/sample_003709_O1__0928__2.pt,ok,0.6141256690,0.6448370218,0.5411138011,0.5247480576,average,0.6141256690,0.5411138011,
O1/0928/3,,videos/sample_003710_O1__0928__3.pt,ok,0.6164162755,0.6458154917,0.5398757408,0.5242348586,average,0.6164162755,0.5398757408,
O1/0928/4,,videos/sample_003711_O1__0928__4.pt,ok,0.6169983745,0.6458154917,0.5395615712,0.5242348586,average,0.6169983745,0.5395615712,
O1/0929/1,,videos/sample_003712_O1__0929__1.pt,ok,0.5687026381,0.5891086459,0.5662596060,0.5548216069,average,0.5687026381,0.5662596060,
O1/0929/2,,videos/sample_003713_O1__0929__2.pt,ok,0.5676909685,0.5895695090,0.5668327635,0.5545659690,average,0.5676909685,0.5668327635,
O1/0929/3,,videos/sample_003714_O1__0929__3.pt,ok,0.5675724149,0.5891086459,0.5668999676,0.5548216069,average,0.5675724149,0.5668999676,
O1/0929/4,,videos/sample_003715_O1__0929__4.pt,ok,0.5658112764,0.5884212255,0.5678992366,0.5552031337,average,0.5658112764,0.5678992366,
O1/0930/1,,videos/sample_003716_O1__0930__1.pt,ok,0.5554002523,0.5864583850,0.5738425334,0.5562939791,average,0.5554002523,0.5738425334,
O1/0930/2,,videos/sample_003717_O1__0930__2.pt,ok,0.5659377575,0.6018653512,0.5678274126,0.5477888639,average,0.5659377575,0.5678274126,
O1/0930/3,,videos/sample_003718_O1__0930__3.pt,ok,0.5639799833,0.6066044569,0.5689401794,0.5451989763,average,0.5639799833,0.5689401794,
O1/0930/4,,videos/sample_003719_O1__0930__4.pt,ok,0.5627447963,0.5943462253,0.5696433611,0.5519232814,average,0.5627447963,0.5696433611,
O1/0931/1,,videos/sample_003720_O1__0931__1.pt,ok,0.5474370718,0.5692903399,0.5784303878,0.5659269120,average,0.5474370718,0.5784303878,
O1/0931/2,,videos/sample_003721_O1__0931__2.pt,ok,0.5487803817,0.5716494322,0.5776538982,0.5645934117,average,0.5487803817,0.5776538982,
O1/0931/3,,videos/sample_003722_O1__0931__3.pt,ok,0.5471940041,0.5660542250,0.5785710027,0.5677612830,average,0.5471940041,0.5785710027,
O1/0931/4,,videos/sample_003723_O1__0931__4.pt,ok,0.5463362932,0.5648427606,0.5790674622,0.5684495224,average,0.5463362932,0.5790674622,
O1/0932/1,,videos/sample_003724_O1__0932__1.pt,ok,0.5444744229,0.5639876723,0.5801466150,0.5689358048,average,0.5444744229,0.5801466150,
O1/0932/2,,videos/sample_003725_O1__0932__2.pt,ok,0.5447968245,0.5636288524,0.5799596050,0.5691399869,average,0.5447968245,0.5799596050,
O1/0932/3,,videos/sample_003726_O1__0932__3.pt,ok,0.5484056473,0.5818473101,0.5778704056,0.5588650154,average,0.5484056473,0.5778704056,
O1/0932/4,,videos/sample_003727_O1__0932__4.pt,ok,0.5476587415,0.5779533982,0.5783021816,0.5610454289,average,0.5476587415,0.5783021816,
O1/0933/1,,videos/sample_003728_O1__0933__1.pt,ok,0.5522951484,0.5729315877,0.5756271434,0.5638699790,average,0.5522951484,0.5756271434,
O1/0933/2,,videos/sample_003729_O1__0933__2.pt,ok,0.5546380281,0.5784910917,0.5742800968,0.5607438396,average,0.5546380281,0.5742800968,
O1/0933/3,,videos/sample_003730_O1__0933__3.pt,ok,0.5537088513,0.5800832510,0.5748139525,0.5598517564,average,0.5537088513,0.5748139525,
O1/0933/4,,videos/sample_003731_O1__0933__4.pt,ok,0.5536223650,0.5734001398,0.5748636682,0.5636058384,average,0.5536223650,0.5748636682,
O1/0934/1,,videos/sample_003732_O1__0934__1.pt,ok,0.5263949633,0.5463972688,0.5907307417,0.5790321543,average,0.5263949633,0.5907307417,
O1/0934/2,,videos/sample_003733_O1__0934__2.pt,ok,0.5288688540,0.5494799614,0.5892711445,0.5772499246,average,0.5288688540,0.5892711445,
O1/0934/3,,videos/sample_003734_O1__0934__3.pt,ok,0.5322528481,0.5630930066,0.5872804246,0.5694450399,average,0.5322528481,0.5872804246,
O1/0934/4,,videos/sample_003735_O1__0934__4.pt,ok,0.5319343805,0.5659095645,0.5874674842,0.5678434216,average,0.5319343805,0.5874674842,
O1/0935/1,,videos/sample_003736_O1__0935__1.pt,ok,0.5523521900,0.5945876837,0.5755943096,0.5517900310,average,0.5523521900,0.5755943096,
O1/0935/2,,videos/sample_003737_O1__0935__2.pt,ok,0.5567548871,0.5840494633,0.5730657126,0.5576356632,average,0.5567548871,0.5730657126,
O1/0935/3,,videos/sample_003738_O1__0935__3.pt,ok,0.5603048801,0.5952219963,0.5710349401,0.5514401346,average,0.5603048801,0.5710349401,
O1/0935/4,,videos/sample_003739_O1__0935__4.pt,ok,0.5447214842,0.5631261468,0.5800033009,0.5694261687,average,0.5447214842,0.5800033009,
O1/0936/1,,videos/sample_003740_O1__0936__1.pt,ok,0.5584730506,0.5864418745,0.5720819374,0.5563031639,average,0.5584730506,0.5720819374,
O1/0936/2,,videos/sample_003741_O1__0936__2.pt,ok,0.5581061244,0.5870651603,0.5722918878,0.5559565361,average,0.5581061244,0.5722918878,
O1/0936/3,,videos/sample_003742_O1__0936__3.pt,ok,0.5573586822,0.5878568292,0.5727198028,0.5555165768,average,0.5573586822,0.5727198028,
O1/0936/4,,videos/sample_003743_O1__0936__4.pt,ok,0.5527691841,0.5833593011,0.5753543402,0.5580206550,average,0.5527691841,0.5753543402,
O1/0937/1,,videos/sample_003744_O1__0937__1.pt,ok,0.5834407806,0.5967593193,0.5579751896,0.5505930443,average,0.5834407806,0.5579751896,
O1/0937/2,,videos/sample_003745_O1__0937__2.pt,ok,0.5850044489,0.5999821424,0.5571033833,0.5488214366,average,0.5850044489,0.5571033833,
O1/0937/3,,videos/sample_003746_O1__0937__3.pt,ok,0.5840142965,0.5972692370,0.5576552737,0.5503123587,average,0.5840142965,0.5576552737,
O1/0937/4,,videos/sample_003747_O1__0937__4.pt,ok,0.5853602290,0.6002097726,0.5569052123,0.5486965225,average,0.5853602290,0.5569052123,
O1/0938/1,,videos/sample_003748_O1__0938__1.pt,ok,0.5511299372,0.5900534391,0.5762982615,0.5542976628,average,0.5511299372,0.5762982615,
O1/0938/2,,videos/sample_003749_O1__0938__2.pt,ok,0.5516065955,0.5890530944,0.5760236296,0.5548524289,average,0.5516065955,0.5760236296,
O1/0938/3,,videos/sample_003750_O1__0938__3.pt,ok,0.5528445244,0.5957410932,0.5753109945,0.5511539581,average,0.5528445244,0.5753109945,
O1/0938/4,,videos/sample_003751_O1__0938__4.pt,ok,0.5453669429,0.5823758841,0.5796290536,0.5585696920,average,0.5453669429,0.5796290536,
O1/0939/1,,videos/sample_003752_O1__0939__1.pt,ok,0.5607305169,0.5880366564,0.5707919383,0.5554166888,average,0.5607305169,0.5707919383,
O1/0939/2,,videos/sample_003753_O1__0939__2.pt,ok,0.5666388273,0.5967087150,0.5674294654,0.5506209074,average,0.5666388273,0.5674294654,
O1/0939/3,,videos/sample_003754_O1__0939__3.pt,ok,0.5636201501,0.5938206315,0.5691449398,0.5522134451,average,0.5636201501,0.5691449398,
O1/0939/4,,videos/sample_003755_O1__0939__4.pt,ok,0.5656899214,0.6019104719,0.5679681582,0.5477641478,average,0.5656899214,0.5679681582,
O1/0940/1,,videos/sample_003756_O1__0940__1.pt,ok,0.5744856596,0.6081463099,0.5629943651,0.5443590073,average,0.5744856596,0.5629943651,
O1/0940/2,,videos/sample_003757_O1__0940__2.pt,ok,0.5728911161,0.6055836678,0.5638928002,0.5457557936,average,0.5728911161,0.5638928002,
O1/0940/3,,videos/sample_003758_O1__0940__3.pt,ok,0.5734912753,0.6103129387,0.5635544763,0.5431808602,average,0.5734912753,0.5635544763,
O1/0940/4,,videos/sample_003759_O1__0940__4.pt,ok,0.5694053173,0.6038807631,0.5658618469,0.5466859555,average,0.5694053173,0.5658618469,
O1/0941/1,,videos/sample_003760_O1__0941__1.pt,ok,0.5411540866,0.5758329630,0.5820760984,0.5622363516,average,0.5411540866,0.5820760984,
O1/0941/2,,videos/sample_003761_O1__0941__2.pt,ok,0.5493268967,0.5845851898,0.5773382879,0.5573370029,average,0.5493268967,0.5773382879,
O1/0941/3,,videos/sample_003762_O1__0941__3.pt,ok,0.5469697118,0.5937889218,0.5787007862,0.5522309559,average,0.5469697118,0.5787007862,
O1/0941/4,,videos/sample_003763_O1__0941__4.pt,ok,0.5521491170,0.5890244246,0.5757112092,0.5548683367,average,0.5521491170,0.5757112092,
O1/0942/1,,videos/sample_003764_O1__0942__1.pt,ok,0.6192043424,0.6463428736,0.5383726275,0.5239584595,average,0.6192043424,0.5383726275,
O1/0942/2,,videos/sample_003765_O1__0942__2.pt,ok,0.6196258664,0.6460081339,0.5381457383,0.5241338785,average,0.6196258664,0.5381457383,
O1/0942/3,,videos/sample_003766_O1__0942__3.pt,ok,0.6197777987,0.6460081339,0.5380639829,0.5241338785,average,0.6197777987,0.5380639829,
O1/0942/4,,videos/sample_003767_O1__0942__4.pt,ok,0.6194331646,0.6463428736,0.5382494500,0.5239584595,average,0.6194331646,0.5382494500,
O1/0943/1,,videos/sample_003768_O1__0943__1.pt,ok,0.5473754406,0.5659838915,0.5784660383,0.5678012171,average,0.5473754406,0.5784660383,
O1/0943/2,,videos/sample_003769_O1__0943__2.pt,ok,0.5518593192,0.5756636262,0.5758780732,0.5623315670,average,0.5518593192,0.5758780732,
O1/0943/3,,videos/sample_003770_O1__0943__3.pt,ok,0.5516345501,0.5689195991,0.5760075273,0.5661367631,average,0.5516345501,0.5760075273,
O1/0943/4,,videos/sample_003771_O1__0943__4.pt,ok,0.5476821661,0.5749548674,0.5782886352,0.5627302657,average,0.5476821661,0.5782886352,
O1/0944/1,,videos/sample_003772_O1__0944__1.pt,ok,0.6149768829,0.6320995092,0.5406533935,0.5314747926,average,0.6149768829,0.5406533935,
O1/0944/2,,videos/sample_003773_O1__0944__2.pt,ok,0.6149405241,0.6322947741,0.5406730514,0.5313710244,average,0.6149405241,0.5406730514,
O1/0944/3,,videos/sample_003774_O1__0944__3.pt,ok,0.6126097441,0.6322947741,0.5419347111,0.5313710244,average,0.6126097441,0.5419347111,
O1/0944/4,,videos/sample_003775_O1__0944__4.pt,ok,0.6142236590,0.6320995092,0.5410607799,0.5314747926,average,0.6142236590,0.5410607799,
O1/0945/1,,videos/sample_003776_O1__0945__1.pt,ok,0.5437678099,0.5818560719,0.5805566990,0.5588601187,average,0.5437678099,0.5805566990,
O1/0945/2,,videos/sample_003777_O1__0945__2.pt,ok,0.5513511896,0.5886281729,0.5761707682,0.5550882478,average,0.5513511896,0.5761707682,
O1/0945/3,,videos/sample_003778_O1__0945__3.pt,ok,0.5499421358,0.5852904320,0.5769831961,0.5569440839,average,0.5499421358,0.5769831961,
O1/0945/4,,videos/sample_003779_O1__0945__4.pt,ok,0.5501190424,0.5894910693,0.5768811330,0.5546094707,average,0.5501190424,0.5768811330,
O1/0946/1,,videos/sample_003780_O1__0946__1.pt,ok,0.5455636382,0.5737594962,0.5795150544,0.5634033395,average,0.5455636382,0.5795150544,
O1/0946/2,,videos/sample_003781_O1__0946__2.pt,ok,0.5487319827,0.5749341249,0.5776818567,0.5627419382,average,0.5487319827,0.5776818567,
O1/0946/3,,videos/sample_003782_O1__0946__3.pt,ok,0.5452454686,0.5636525750,0.5796994678,0.5691264856,average,0.5452454686,0.5796994678,
O1/0946/4,,videos/sample_003783_O1__0946__4.pt,ok,0.5484823585,0.5683287978,0.5778260781,0.5664713362,average,0.5484823585,0.5778260781,
O1/0947/1,,videos/sample_003784_O1__0947__1.pt,ok,0.5589109063,0.5930647850,0.5718315029,0.5526309915,average,0.5589109063,0.5718315029,
O1/0947/2,,videos/sample_003785_O1__0947__2.pt,ok,0.5504676700,0.5905993581,0.5766800514,0.5539951437,average,0.5504676700,0.5766800514,
O1/0947/3,,videos/sample_003786_O1__0947__3.pt,ok,0.5573187470,0.5923619866,0.5727426749,0.5530195162,average,0.5573187470,0.5727426749,
O1/0947/4,,videos/sample_003787_O1__0947__4.pt,ok,0.5386329293,0.5576530695,0.5835454552,0.5725512262,average,0.5386329293,0.5835454552,
O1/0948/1,,videos/sample_003788_O1__0948__1.pt,ok,0.6262464523,0.6522095799,0.5345946663,0.5208935483,average,0.6262464523,0.5345946663,
O1/0948/2,,videos/sample_003789_O1__0948__2.pt,ok,0.6246733069,0.6522095799,0.5354363233,0.5208935483,average,0.6246733069,0.5354363233,
O1/0948/3,,videos/sample_003790_O1__0948__3.pt,ok,0.6262789369,0.6512087584,0.5345773005,0.5214151308,average,0.6262789369,0.5345773005,
O1/0948/4,,videos/sample_003791_O1__0948__4.pt,ok,0.6254989505,0.6512087584,0.5349944262,0.5214151308,average,0.6254989505,0.5349944262,
O1/0949/1,,videos/sample_003792_O1__0949__1.pt,ok,0.6071754694,0.6245556474,0.5448877497,0.5354993262,average,0.6071754694,0.5448877497,
O1/0949/2,,videos/sample_003793_O1__0949__2.pt,ok,0.6101299524,0.6232836246,0.5432802639,0.5361809269,average,0.6101299524,0.5432802639,
O1/0949/3,,videos/sample_003794_O1__0949__3.pt,ok,0.6095578074,0.6231384873,0.5435911879,0.5362587524,average,0.6095578074,0.5435911879,
O1/0949/4,,videos/sample_003795_O1__0949__4.pt,ok,0.6089984179,0.6235710979,0.5438953522,0.5360268114,average,0.6089984179,0.5438953522,
O1/0950/1,,videos/sample_003796_O1__0950__1.pt,ok,0.6083805561,0.6381874084,0.5442315082,0.5282490566,average,0.6083805561,0.5442315082,
O1/0950/2,,videos/sample_003797_O1__0950__2.pt,ok,0.6059968472,0.6380169988,0.5455303451,0.5283390830,average,0.6059968472,0.5455303451,
O1/0950/3,,videos/sample_003798_O1__0950__3.pt,ok,0.6068103313,0.6381874084,0.5450867453,0.5282490566,average,0.6068103313,0.5450867453,
O1/0950/4,,videos/sample_003799_O1__0950__4.pt,ok,0.6071407795,0.6380169988,0.5449066521,0.5283390830,average,0.6071407795,0.5449066521,
O1/0951/1,,videos/sample_003800_O1__0951__1.pt,ok,0.6077644229,0.6260411739,0.5445669306,0.5347044183,average,0.6077644229,0.5445669306,
O1/0951/2,,videos/sample_003801_O1__0951__2.pt,ok,0.6060140729,0.6236979365,0.5455209480,0.5359588268,average,0.6060140729,0.5455209480,
O1/0951/3,,videos/sample_003802_O1__0951__3.pt,ok,0.6077864766,0.6269791722,0.5445549210,0.5342031016,average,0.6077864766,0.5445549210,
O1/0951/4,,videos/sample_003803_O1__0951__4.pt,ok,0.6063722372,0.6252458692,0.5453255969,0.5351298404,average,0.6063722372,0.5453255969,
O1/0952/1,,videos/sample_003804_O1__0952__1.pt,ok,0.5845201612,0.6093724966,0.5573732470,0.5436919306,average,0.5845201612,0.5573732470,
O1/0952/2,,videos/sample_003805_O1__0952__2.pt,ok,0.5752130747,0.6004843116,0.5625849834,0.5485459046,average,0.5752130747,0.5625849834,
O1/0952/3,,videos/sample_003806_O1__0952__3.pt,ok,0.5844374299,0.6081464887,0.5574193611,0.5443589100,average,0.5844374299,0.5574193611,
O1/0952/4,,videos/sample_003807_O1__0952__4.pt,ok,0.5690726042,0.5787438750,0.5660501479,0.5606021108,average,0.5690726042,0.5660501479,
O1/0953/1,,videos/sample_003808_O1__0953__1.pt,ok,0.5623751283,0.5994300842,0.5698539789,0.5491245016,average,0.5623751283,0.5698539789,
O1/0953/2,,videos/sample_003809_O1__0953__2.pt,ok,0.5581892133,0.5891364813,0.5722443387,0.5548061634,average,0.5581892133,0.5722443387,
O1/0953/3,,videos/sample_003810_O1__0953__3.pt,ok,0.5635952950,0.5978932977,0.5691590861,0.5499690376,average,0.5635952950,0.5691590861,
O1/0953/4,,videos/sample_003811_O1__0953__4.pt,ok,0.5627835989,0.5999693274,0.5696212579,0.5488284698,average,0.5627835989,0.5696212579,
O1/0954/1,,videos/sample_003812_O1__0954__1.pt,ok,0.6189749241,0.6340340376,0.5384961542,0.5304476334,average,0.6189749241,0.5384961542,
O1/0954/2,,videos/sample_003813_O1__0954__2.pt,ok,0.6182006598,0.6320980191,0.5389132540,0.5314755846,average,0.6182006598,0.5389132540,
O1/0954/3,,videos/sample_003814_O1__0954__3.pt,ok,0.6173819304,0.6333745718,0.5393546588,0.5307975608,average,0.6173819304,0.5393546588,
O1/0954/4,,videos/sample_003815_O1__0954__4.pt,ok,0.6198517084,0.6327726245,0.5380242161,0.5311171692,average,0.6198517084,0.5380242161,
O1/0955/1,,videos/sample_003816_O1__0955__1.pt,ok,0.5507389307,0.5907837749,0.5765236419,0.5538929872,average,0.5507389307,0.5765236419,
O1/0955/2,,videos/sample_003817_O1__0955__2.pt,ok,0.5550214052,0.5942896605,0.5740599732,0.5519545018,average,0.5550214052,0.5740599732,
O1/0955/3,,videos/sample_003818_O1__0955__3.pt,ok,0.5542586446,0.5901778340,0.5744980106,0.5542287152,average,0.5542586446,0.5744980106,
O1/0955/4,,videos/sample_003819_O1__0955__4.pt,ok,0.5483543873,0.5871251225,0.5779000280,0.5559232007,average,0.5483543873,0.5779000280,
O1/0956/1,,videos/sample_003820_O1__0956__1.pt,ok,0.6206451654,0.6463142037,0.5375974864,0.5239734815,average,0.6206451654,0.5375974864,
O1/0956/2,,videos/sample_003821_O1__0956__2.pt,ok,0.6216617227,0.6463142037,0.5370512654,0.5239734815,average,0.6216617227,0.5370512654,
O1/0956/3,,videos/sample_003822_O1__0956__3.pt,ok,0.6206687093,0.6477088928,0.5375848294,0.5232432108,average,0.6206687093,0.5375848294,
O1/0956/4,,videos/sample_003823_O1__0956__4.pt,ok,0.6214247942,0.6477088928,0.5371785232,0.5232432108,average,0.6214247942,0.5371785232,
O1/0957/1,,videos/sample_003824_O1__0957__1.pt,ok,0.5661349893,0.5984657407,0.5677154300,0.5496543017,average,0.5661349893,0.5677154300,
O1/0957/2,,videos/sample_003825_O1__0957__2.pt,ok,0.5596098900,0.5984657407,0.5714319417,0.5496543017,average,0.5596098900,0.5714319417,
O1/0957/3,,videos/sample_003826_O1__0957__3.pt,ok,0.5702186227,0.6007091403,0.5654018155,0.5484225896,average,0.5702186227,0.5654018155,
O1/0957/4,,videos/sample_003827_O1__0957__4.pt,ok,0.5681265593,0.6036472321,0.5665859102,0.5468136385,average,0.5681265593,0.5665859102,
O1/0958/1,,videos/sample_003828_O1__0958__1.pt,ok,0.5468353033,0.5675053596,0.5787785738,0.5669379824,average,0.5468353033,0.5787785738,
O1/0958/2,,videos/sample_003829_O1__0958__2.pt,ok,0.5460727215,0.5712745190,0.5792201081,0.5648051249,average,0.5460727215,0.5792201081,
O1/0958/3,,videos/sample_003830_O1__0958__3.pt,ok,0.5455505848,0.5598428845,0.5795226191,0.5712988167,average,0.5455505848,0.5795226191,
O1/0958/4,,videos/sample_003831_O1__0958__4.pt,ok,0.5431079865,0.5566302538,0.5809398903,0.5731371402,average,0.5431079865,0.5809398903,
O1/0959/1,,videos/sample_003832_O1__0959__1.pt,ok,0.6233472228,0.6480944753,0.5361468279,0.5230414963,average,0.6233472228,0.5361468279,
O1/0959/2,,videos/sample_003833_O1__0959__2.pt,ok,0.6222062707,0.6485322714,0.5367588948,0.5228125609,average,0.6222062707,0.5367588948,
O1/0959/3,,videos/sample_003834_O1__0959__3.pt,ok,0.6207759976,0.6485322714,0.5375271559,0.5228125609,average,0.6207759976,0.5375271559,
O1/0959/4,,videos/sample_003835_O1__0959__4.pt,ok,0.6236473322,0.6480944753,0.5359859493,0.5230414963,average,0.6236473322,0.5359859493,
O1/0960/1,,videos/sample_003836_O1__0960__1.pt,ok,0.5581727624,0.5934810638,0.5722537527,0.5524009908,average,0.5581727624,0.5722537527,
O1/0960/2,,videos/sample_003837_O1__0960__2.pt,ok,0.5529897809,0.5861876607,0.5752274329,0.5564446018,average,0.5529897809,0.5752274329,
O1/0960/3,,videos/sample_003838_O1__0960__3.pt,ok,0.5589365959,0.5923858881,0.5718168130,0.5530062984,average,0.5589365959,0.5718168130,
O1/0960/4,,videos/sample_003839_O1__0960__4.pt,ok,0.5588502288,0.5959591866,0.5718662013,0.5510337681,average,0.5588502288,0.5718662013,
O1/0961/1,,videos/sample_003840_O1__0961__1.pt,ok,0.5592902303,0.5962320566,0.5716146347,0.5508834280,average,0.5592902303,0.5716146347,
O1/0961/2,,videos/sample_003841_O1__0961__2.pt,ok,0.5549650788,0.5907123685,0.5740923088,0.5539325401,average,0.5549650788,0.5740923088,
O1/0961/3,,videos/sample_003842_O1__0961__3.pt,ok,0.5390360951,0.5575222969,0.5833102371,0.5726261051,average,0.5390360951,0.5833102371,
O1/0961/4,,videos/sample_003843_O1__0961__4.pt,ok,0.5519451499,0.5979559422,0.5758286473,0.5499345861,average,0.5519451499,0.5758286473,
O1/0962/1,,videos/sample_003844_O1__0962__1.pt,ok,0.5761577487,0.5963950753,0.5620537750,0.5507936310,average,0.5761577487,0.5620537750,
O1/0962/2,,videos/sample_003845_O1__0962__2.pt,ok,0.5776244998,0.5968729258,0.5612299863,0.5505304969,average,0.5776244998,0.5612299863,
O1/0962/3,,videos/sample_003846_O1__0962__3.pt,ok,0.5762532949,0.5960873365,0.5620000754,0.5509631577,average,0.5762532949,0.5620000754,
O1/0962/4,,videos/sample_003847_O1__0962__4.pt,ok,0.5779199004,0.5993905067,0.5610642231,0.5491462350,average,0.5779199004,0.5610642231,
O1/0963/1,,videos/sample_003848_O1__0963__1.pt,ok,0.5377651453,0.5726324320,0.5840520664,0.5640386892,average,0.5377651453,0.5840520664,
O1/0963/2,,videos/sample_003849_O1__0963__2.pt,ok,0.5492365360,0.5957476497,0.5773904590,0.5511503444,average,0.5492365360,0.5773904590,
O1/0963/3,,videos/sample_003850_O1__0963__3.pt,ok,0.5512167215,0.5888018608,0.5762482500,0.5549918440,average,0.5512167215,0.5762482500,
O1/0963/4,,videos/sample_003851_O1__0963__4.pt,ok,0.5466213226,0.5842188597,0.5789024344,0.5575412097,average,0.5466213226,0.5789024344,
O1/0964/1,,videos/sample_003852_O1__0964__1.pt,ok,0.5357249379,0.5740087628,0.5852448701,0.5632629193,average,0.5357249379,0.5852448701,
O1/0964/2,,videos/sample_003853_O1__0964__2.pt,ok,0.5403517485,0.5743436813,0.5825433076,0.5630743037,average,0.5403517485,0.5825433076,
O1/0964/3,,videos/sample_003854_O1__0964__3.pt,ok,0.5255001783,0.5455142856,0.5912595552,0.5795436557,average,0.5255001783,0.5912595552,
O1/0964/4,,videos/sample_003855_O1__0964__4.pt,ok,0.5374867916,0.5688566566,0.5842146621,0.5661723983,average,0.5374867916,0.5842146621,
O1/0965/1,,videos/sample_003856_O1__0965__1.pt,ok,0.5474706292,0.5768376589,0.5784109775,0.5616717587,average,0.5474706292,0.5784109775,
O1/0965/2,,videos/sample_003857_O1__0965__2.pt,ok,0.5466086864,0.5749412775,0.5789097496,0.5627379132,average,0.5466086864,0.5789097496,
O1/0965/3,,videos/sample_003858_O1__0965__3.pt,ok,0.5453289747,0.5646361113,0.5796510614,0.5685670042,average,0.5453289747,0.5796510614,
O1/0965/4,,videos/sample_003859_O1__0965__4.pt,ok,0.5440100431,0.5626648068,0.5804160859,0.5696889284,average,0.5440100431,0.5804160859,
O1/0966/1,,videos/sample_003860_O1__0966__1.pt,ok,0.6332567930,0.6415514350,0.5308600812,0.5264749984,average,0.6332567930,0.5308600812,
O1/0966/2,,videos/sample_003861_O1__0966__2.pt,ok,0.6337011456,0.6442538500,0.5306242445,0.5250541652,average,0.6337011456,0.5306242445,
O1/0966/3,,videos/sample_003862_O1__0966__3.pt,ok,0.6341250539,0.6415514350,0.5303993562,0.5264749984,average,0.6341250539,0.5303993562,
O1/0966/4,,videos/sample_003863_O1__0966__4.pt,ok,0.6336668730,0.6442538500,0.5306424308,0.5250541652,average,0.6336668730,0.5306424308,
O1/0967/1,,videos/sample_003864_O1__0967__1.pt,ok,0.6123802066,0.6338718534,0.5420591197,0.5305336706,average,0.6123802066,0.5420591197,
O1/0967/2,,videos/sample_003865_O1__0967__2.pt,ok,0.6129120588,0.6338718534,0.5417709010,0.5305336706,average,0.6129120588,0.5417709010,
O1/0967/3,,videos/sample_003866_O1__0967__3.pt,ok,0.6120196581,0.6348341107,0.5422545935,0.5300234062,average,0.6120196581,0.5422545935,
O1/0967/4,,videos/sample_003867_O1__0967__4.pt,ok,0.6098143458,0.6348341107,0.5434517538,0.5300234062,average,0.6098143458,0.5434517538,
O1/0968/1,,videos/sample_003868_O1__0968__1.pt,ok,0.5425752997,0.5750342011,0.5812494317,0.5626856240,average,0.5425752997,0.5812494317,
O1/0968/2,,videos/sample_003869_O1__0968__2.pt,ok,0.5317002535,0.5498408079,0.5876050423,0.5770416635,average,0.5317002535,0.5876050423,
O1/0968/3,,videos/sample_003870_O1__0968__3.pt,ok,0.5485969782,0.5747556686,0.5777598517,0.5628423721,average,0.5485969782,0.5777598517,
O1/0968/4,,videos/sample_003871_O1__0968__4.pt,ok,0.5472396016,0.5846390128,0.5785446219,0.5573070062,average,0.5472396016,0.5785446219,
O1/0969/1,,videos/sample_003872_O1__0969__1.pt,ok,0.6217496395,0.6479098201,0.5370040517,0.5231380875,average,0.6217496395,0.5370040517,
O1/0969/2,,videos/sample_003873_O1__0969__2.pt,ok,0.6217962503,0.6491630673,0.5369790220,0.5224828768,average,0.6217962503,0.5369790220,
O1/0969/3,,videos/sample_003874_O1__0969__3.pt,ok,0.6201393008,0.6479098201,0.5378695067,0.5231380875,average,0.6201393008,0.5378695067,
O1/0969/4,,videos/sample_003875_O1__0969__4.pt,ok,0.6220294833,0.6491630673,0.5368537954,0.5224828768,average,0.6220294833,0.5368537954,
O1/0970/1,,videos/sample_003876_O1__0970__1.pt,ok,0.5536810756,0.5977792144,0.5748299187,0.5500317834,average,0.5536810756,0.5748299187,
O1/0970/2,,videos/sample_003877_O1__0970__2.pt,ok,0.5552060008,0.5933457017,0.5739540140,0.5524757700,average,0.5552060008,0.5739540140,
O1/0970/3,,videos/sample_003878_O1__0970__3.pt,ok,0.5443862677,0.5846614838,0.5801977602,0.5572944831,average,0.5443862677,0.5801977602,
O1/0970/4,,videos/sample_003879_O1__0970__4.pt,ok,0.5556187630,0.5947752595,0.5737171564,0.5516865382,average,0.5556187630,0.5737171564,
O1/0971/1,,videos/sample_003880_O1__0971__1.pt,ok,0.6091336608,0.6254392266,0.5438217992,0.5350263791,average,0.6091336608,0.5438217992,
O1/0971/2,,videos/sample_003881_O1__0971__2.pt,ok,0.6112929583,0.6274760365,0.5426487931,0.5339377411,average,0.6112929583,0.5426487931,
O1/0971/3,,videos/sample_003882_O1__0971__3.pt,ok,0.6116976738,0.6279017329,0.5424292191,0.5337104941,average,0.6116976738,0.5424292191,
O1/0971/4,,videos/sample_003883_O1__0971__4.pt,ok,0.6112177968,0.6279742122,0.5426895809,0.5336718126,average,0.6112177968,0.5426895809,
O1/0972/1,,videos/sample_003884_O1__0972__1.pt,ok,0.5562768579,0.5886185169,0.5733397203,0.5550936077,average,0.5562768579,0.5733397203,
O1/0972/2,,videos/sample_003885_O1__0972__2.pt,ok,0.5551530123,0.5884962082,0.5739844278,0.5551615047,average,0.5551530123,0.5739844278,
O1/0972/3,,videos/sample_003886_O1__0972__3.pt,ok,0.5500810742,0.5899281502,0.5769030365,0.5543671145,average,0.5500810742,0.5769030365,
O1/0972/4,,videos/sample_003887_O1__0972__4.pt,ok,0.5440100431,0.5626648068,0.5804160859,0.5696889284,average,0.5440100431,0.5804160859,
O1/0973/1,,videos/sample_003888_O1__0973__1.pt,ok,0.5665017962,0.6005499959,0.5675072262,0.5485098749,average,0.5665017962,0.5675072262,
O1/0973/2,,videos/sample_003889_O1__0973__2.pt,ok,0.5532919168,0.5814080238,0.5750536623,0.5591105711,average,0.5532919168,0.5750536623,
O1/0973/3,,videos/sample_003890_O1__0973__3.pt,ok,0.5641246438,0.5984423161,0.5688578822,0.5496671773,average,0.5641246438,0.5688578822,
O1/0973/4,,videos/sample_003891_O1__0973__4.pt,ok,0.5567673445,0.5914390683,0.5730585738,0.5535301436,average,0.5567673445,0.5730585738,
O1/0974/1,,videos/sample_003892_O1__0974__1.pt,ok,0.6149980426,0.6306965947,0.5406419536,0.5322209296,average,0.6149980426,0.5406419536,
O1/0974/2,,videos/sample_003893_O1__0974__2.pt,ok,0.6147602201,0.6305068731,0.5407705457,0.5323219129,average,0.6147602201,0.5407705457,
O1/0974/3,,videos/sample_003894_O1__0974__3.pt,ok,0.6130486727,0.6278605461,0.5416968926,0.5337324764,average,0.6130486727,0.5416968926,
O1/0974/4,,videos/sample_003895_O1__0974__4.pt,ok,0.6135235429,0.6284328699,0.5414397180,0.5334270960,average,0.6135235429,0.5414397180,
O1/0975/1,,videos/sample_003896_O1__0975__1.pt,ok,0.5394128561,0.5742405057,0.5830905099,0.5631324023,average,0.5394128561,0.5830905099,
O1/0975/2,,videos/sample_003897_O1__0975__2.pt,ok,0.5361090302,0.5750181079,0.5850201252,0.5626946795,average,0.5361090302,0.5850201252,
O1/0975/3,,videos/sample_003898_O1__0975__3.pt,ok,0.5234617591,0.5438171029,0.5924660193,0.5805280823,average,0.5234617591,0.5924660193,
O1/0975/4,,videos/sample_003899_O1__0975__4.pt,ok,0.5366306305,0.5671707392,0.5847150582,0.5671277232,average,0.5366306305,0.5847150582,
O1/0976/1,,videos/sample_003900_O1__0976__1.pt,ok,0.5337870121,0.5643059015,0.5863801309,0.5687547816,average,0.5337870121,0.5863801309,
O1/0976/2,,videos/sample_003901_O1__0976__2.pt,ok,0.5327578187,0.5611454844,0.5869839402,0.5705551274,average,0.5327578187,0.5869839402,
O1/0976/3,,videos/sample_003902_O1__0976__3.pt,ok,0.5220704079,0.5425438285,0.5932909213,0.5812677247,average,0.5220704079,0.5932909213,
O1/0976/4,,videos/sample_003903_O1__0976__4.pt,ok,0.5287548900,0.5652278662,0.5893383041,0.5682306515,average,0.5287548900,0.5893383041,
O1/0977/1,,videos/sample_003904_O1__0977__1.pt,ok,0.5475177169,0.5795610547,0.5783837421,0.5601441853,average,0.5475177169,0.5783837421,
O1/0977/2,,videos/sample_003905_O1__0977__2.pt,ok,0.5458205342,0.5638725758,0.5793661985,0.5690012911,average,0.5458205342,0.5793661985,
O1/0977/3,,videos/sample_003906_O1__0977__3.pt,ok,0.5499218702,0.5839665532,0.5769948891,0.5576818987,average,0.5499218702,0.5769948891,
O1/0977/4,,videos/sample_003907_O1__0977__4.pt,ok,0.5392017365,0.5577010512,0.5832136248,0.5725237548,average,0.5392017365,0.5832136248,
O1/0978/1,,videos/sample_003908_O1__0978__1.pt,ok,0.5496922731,0.5917133093,0.5771273807,0.5533783638,average,0.5496922731,0.5771273807,
O1/0978/2,,videos/sample_003909_O1__0978__2.pt,ok,0.5523839593,0.5948975086,0.5755760237,0.5516190992,average,0.5523839593,0.5755760237,
O1/0978/3,,videos/sample_003910_O1__0978__3.pt,ok,0.5469502211,0.5857122540,0.5787120656,0.5567092022,average,0.5469502211,0.5787120656,
O1/0978/4,,videos/sample_003911_O1__0978__4.pt,ok,0.5520222187,0.5907655358,0.5757842706,0.5539030897,average,0.5520222187,0.5757842706,
O1/0979/1,,videos/sample_003912_O1__0979__1.pt,ok,0.5704927444,0.5904480219,0.5652468478,0.5540789896,average,0.5704927444,0.5652468478,
O1/0979/2,,videos/sample_003913_O1__0979__2.pt,ok,0.5698471665,0.5897513032,0.5656118765,0.5544651613,average,0.5698471665,0.5656118765,
O1/0979/3,,videos/sample_003914_O1__0979__3.pt,ok,0.5705211163,0.5907458067,0.5652308110,0.5539140179,average,0.5705211163,0.5652308110,
O1/0979/4,,videos/sample_003915_O1__0979__4.pt,ok,0.5699484944,0.5896687508,0.5655545672,0.5545109356,average,0.5699484944,0.5655545672,
O1/0980/1,,videos/sample_003916_O1__0980__1.pt,ok,0.5366341472,0.5867766142,0.5847130019,0.5561169783,average,0.5366341472,0.5847130019,
O1/0980/2,,videos/sample_003917_O1__0980__2.pt,ok,0.5384654403,0.5794670582,0.5836432009,0.5601968393,average,0.5384654403,0.5836432009,
O1/0980/3,,videos/sample_003918_O1__0980__3.pt,ok,0.5219733119,0.5437587500,0.5933485303,0.5805619588,average,0.5219733119,0.5933485303,
O1/0980/4,,videos/sample_003919_O1__0980__4.pt,ok,0.5380991101,0.5751548409,0.5838570461,0.5626177458,average,0.5380991101,0.5838570461,
O1/0981/1,,videos/sample_003920_O1__0981__1.pt,ok,0.5486457348,0.5852354765,0.5777316828,0.5569746919,average,0.5486457348,0.5777316828,
O1/0981/2,,videos/sample_003921_O1__0981__2.pt,ok,0.5489799976,0.5868371129,0.5775386008,0.5560833350,average,0.5489799976,0.5775386008,
O1/0981/3,,videos/sample_003922_O1__0981__3.pt,ok,0.5402607918,0.5770461559,0.5825962962,0.5615546641,average,0.5402607918,0.5825962962,
O1/0981/4,,videos/sample_003923_O1__0981__4.pt,ok,0.5436165929,0.5853903294,0.5806444957,0.5568884495,average,0.5436165929,0.5806444957,
O1/0982/1,,videos/sample_003924_O1__0982__1.pt,ok,0.6120883226,0.6281990409,0.5422173611,0.5335518413,average,0.6120883226,0.5422173611,
O1/0982/2,,videos/sample_003925_O1__0982__2.pt,ok,0.6134003401,0.6281990409,0.5415064290,0.5335518413,average,0.6134003401,0.5415064290,
O1/0982/3,,videos/sample_003926_O1__0982__3.pt,ok,0.6137103438,0.6290540695,0.5413385860,0.5330958342,average,0.6137103438,0.5413385860,
O1/0982/4,,videos/sample_003927_O1__0982__4.pt,ok,0.6126405001,0.6290540695,0.5419180436,0.5330958342,average,0.6126405001,0.5419180436,
O1/0983/1,,videos/sample_003928_O1__0983__1.pt,ok,0.5696190000,0.5925308466,0.5657409450,0.5529261412,average,0.5696190000,0.5657409450,
O1/0983/2,,videos/sample_003929_O1__0983__2.pt,ok,0.5664892793,0.5892013311,0.5675143298,0.5547701855,average,0.5664892793,0.5675143298,
O1/0983/3,,videos/sample_003930_O1__0983__3.pt,ok,0.5684021711,0.5891300440,0.5664297739,0.5548097349,average,0.5684021711,0.5664297739,
O1/0983/4,,videos/sample_003931_O1__0983__4.pt,ok,0.5685165524,0.5926872492,0.5663649886,0.5528396689,average,0.5685165524,0.5663649886,
O1/0984/1,,videos/sample_003932_O1__0984__1.pt,ok,0.5469369292,0.5787362456,0.5787197578,0.5606063879,average,0.5469369292,0.5787197578,
O1/0984/2,,videos/sample_003933_O1__0984__2.pt,ok,0.5502007008,0.5849323869,0.5768340277,0.5571435308,average,0.5502007008,0.5768340277,
O1/0984/3,,videos/sample_003934_O1__0984__3.pt,ok,0.5492519736,0.5960668325,0.5773815455,0.5509744547,average,0.5492519736,0.5773815455,
O1/0984/4,,videos/sample_003935_O1__0984__4.pt,ok,0.5394936204,0.5724624395,0.5830434189,0.5641345797,average,0.5394936204,0.5830434189,
O1/0985/1,,videos/sample_003936_O1__0985__1.pt,ok,0.5465330482,0.5791224837,0.5789535390,0.5603899021,average,0.5465330482,0.5789535390,
O1/0985/2,,videos/sample_003937_O1__0985__2.pt,ok,0.5303997993,0.5467107892,0.5883696928,0.5788506443,average,0.5303997993,0.5883696928,
O1/0985/3,,videos/sample_003938_O1__0985__3.pt,ok,0.5413919687,0.5584998727,0.5819376493,0.5720665932,average,0.5413919687,0.5819376493,
O1/0985/4,,videos/sample_003939_O1__0985__4.pt,ok,0.5395204425,0.5763579011,0.5830277807,0.5619412898,average,0.5395204425,0.5830277807,
O1/0986/1,,videos/sample_003940_O1__0986__1.pt,ok,0.5259619355,0.5447865725,0.5909865999,0.5799655508,average,0.5259619355,0.5909865999,
O1/0986/2,,videos/sample_003941_O1__0986__2.pt,ok,0.5418969393,0.5777745247,0.5816438621,0.5611457941,average,0.5418969393,0.5816438621,
O1/0986/3,,videos/sample_003942_O1__0986__3.pt,ok,0.5330421329,0.5711756349,0.5868170760,0.5648609779,average,0.5330421329,0.5868170760,
O1/0986/4,,videos/sample_003943_O1__0986__4.pt,ok,0.5416098833,0.5753704906,0.5818108504,0.5624964306,average,0.5416098833,0.5818108504,
O1/0987/1,,videos/sample_003944_O1__0987__1.pt,ok,0.6119211912,0.6416113377,0.5423079903,0.5264434621,average,0.6119211912,0.5423079903,
O1/0987/2,,videos/sample_003945_O1__0987__2.pt,ok,0.6090918779,0.6413933635,0.5438445221,0.5265582257,average,0.6090918779,0.5438445221,
O1/0987/3,,videos/sample_003946_O1__0987__3.pt,ok,0.6116003394,0.6416113377,0.5424820187,0.5264434621,average,0.6116003394,0.5424820187,
O1/0987/4,,videos/sample_003947_O1__0987__4.pt,ok,0.6120032668,0.6413933635,0.5422634818,0.5265582257,average,0.6120032668,0.5422634818,
O1/0988/1,,videos/sample_003948_O1__0988__1.pt,ok,0.6102604270,0.6232449412,0.5432093843,0.5362016686,average,0.6102604270,0.5432093843,
O1/0988/2,,videos/sample_003949_O1__0988__2.pt,ok,0.6119043827,0.6281591058,0.5423171057,0.5335731492,average,0.6119043827,0.5423171057,
O1/0988/3,,videos/sample_003950_O1__0988__3.pt,ok,0.6131621599,0.6292949915,0.5416354204,0.5329674151,average,0.6131621599,0.5416354204,
O1/0988/4,,videos/sample_003951_O1__0988__4.pt,ok,0.6123357415,0.6260914803,0.5420832229,0.5346775200,average,0.6123357415,0.5420832229,
O1/0989/1,,videos/sample_003952_O1__0989__1.pt,ok,0.6176275611,0.6472543478,0.5392221930,0.5234811024,average,0.6176275611,0.5392221930,
O1/0989/2,,videos/sample_003953_O1__0989__2.pt,ok,0.6157722473,0.6471951604,0.5402235480,0.5235120869,average,0.6157722473,0.5402235480,
O1/0989/3,,videos/sample_003954_O1__0989__3.pt,ok,0.6180287004,0.6472543478,0.5390059332,0.5234811024,average,0.6180287004,0.5390059332,
O1/0989/4,,videos/sample_003955_O1__0989__4.pt,ok,0.6142064333,0.6471951604,0.5410701002,0.5235120869,average,0.6142064333,0.5410701002,
O1/0990/1,,videos/sample_003956_O1__0990__1.pt,ok,0.5406974554,0.5740253925,0.5823419532,0.5632535525,average,0.5406974554,0.5823419532,
O1/0990/2,,videos/sample_003957_O1__0990__2.pt,ok,0.5269615650,0.5469693542,0.5903961274,0.5787009932,average,0.5269615650,0.5903961274,
O1/0990/3,,videos/sample_003958_O1__0990__3.pt,ok,0.5435201526,0.5767453909,0.5807004959,0.5617235855,average,0.5435201526,0.5807004959,
O1/0990/4,,videos/sample_003959_O1__0990__4.pt,ok,0.5372439027,0.5707393289,0.5843565786,0.5651074839,average,0.5372439027,0.5843565786,
O1/0991/1,,videos/sample_003960_O1__0991__1.pt,ok,0.5431039929,0.5607428551,0.5809422103,0.5707848959,average,0.5431039929,0.5809422103,
O1/0991/2,,videos/sample_003961_O1__0991__2.pt,ok,0.5476199389,0.5780681968,0.5783246216,0.5609810254,average,0.5476199389,0.5783246216,
O1/0991/3,,videos/sample_003962_O1__0991__3.pt,ok,0.5422908664,0.5605784059,0.5814147820,0.5708787687,average,0.5422908664,0.5814147820,
O1/0991/4,,videos/sample_003963_O1__0991__4.pt,ok,0.5450914502,0.5731025338,0.5797887591,0.5637735959,average,0.5450914502,0.5797887591,
O1/0992/1,,videos/sample_003964_O1__0992__1.pt,ok,0.6071472764,0.6431610584,0.5449031119,0.5256282535,average,0.6071472764,0.5449031119,
O1/0992/2,,videos/sample_003965_O1__0992__2.pt,ok,0.6104849577,0.6416915655,0.5430874308,0.5264012283,average,0.6104849577,0.5430874308,
O1/0992/3,,videos/sample_003966_O1__0992__3.pt,ok,0.6097593307,0.6416915655,0.5434816527,0.5264012283,average,0.6097593307,0.5434816527,
O1/0992/4,,videos/sample_003967_O1__0992__4.pt,ok,0.6107335687,0.6431610584,0.5429524301,0.5256282535,average,0.6107335687,0.5429524301,
O1/0993/1,,videos/sample_003968_O1__0993__1.pt,ok,0.5336293578,0.5503754020,0.5864725836,0.5767332629,average,0.5336293578,0.5864725836,
O1/0993/2,,videos/sample_003969_O1__0993__2.pt,ok,0.5351354480,0.5630936623,0.5855899678,0.5694446666,average,0.5351354480,0.5855899678,
O1/0993/3,,videos/sample_003970_O1__0993__3.pt,ok,0.5348904133,0.5679624677,0.5857334752,0.5666788898,average,0.5348904133,0.5857334752,
O1/0993/4,,videos/sample_003971_O1__0993__4.pt,ok,0.5331793427,0.5477259159,0.5867365645,0.5782633357,average,0.5331793427,0.5867365645,
O1/0994/1,,videos/sample_003972_O1__0994__1.pt,ok,0.5294139385,0.5497604609,0.5889500295,0.5770880290,average,0.5294139385,0.5889500295,
O1/0994/2,,videos/sample_003973_O1__0994__2.pt,ok,0.5371702909,0.5745155811,0.5843995957,0.5629775197,average,0.5371702909,0.5843995957,
O1/0994/3,,videos/sample_003974_O1__0994__3.pt,ok,0.5329059958,0.5536717176,0.5868969690,0.5748352979,average,0.5329059958,0.5868969690,
O1/0994/4,,videos/sample_003975_O1__0994__4.pt,ok,0.5356802344,0.5683943033,0.5852710332,0.5664342304,average,0.5356802344,0.5852710332,
O1/0995/1,,videos/sample_003976_O1__0995__1.pt,ok,0.6387771368,0.6596938372,0.5279376250,0.5170095994,average,0.6387771368,0.5279376250,
O1/0995/2,,videos/sample_003977_O1__0995__2.pt,ok,0.6402424574,0.6603371501,0.5271645936,0.5166771074,average,0.6402424574,0.5271645936,
O1/0995/3,,videos/sample_003978_O1__0995__3.pt,ok,0.6402424574,0.6603371501,0.5271645936,0.5166771074,average,0.6402424574,0.5271645936,
O1/0995/4,,videos/sample_003979_O1__0995__4.pt,ok,0.6387771368,0.6596938372,0.5279376250,0.5170095994,average,0.6387771368,0.5279376250,
O1/0996/1,,videos/sample_003980_O1__0996__1.pt,ok,0.5341178775,0.5496113300,0.5861861501,0.5771740970,average,0.5341178775,0.5861861501,
O1/0996/2,,videos/sample_003981_O1__0996__2.pt,ok,0.5362148881,0.5625052452,0.5849581995,0.5697798361,average,0.5362148881,0.5849581995,
O1/0996/3,,videos/sample_003982_O1__0996__3.pt,ok,0.5356684327,0.5657288432,0.5852779404,0.5679460522,average,0.5356684327,0.5852779404,
O1/0996/4,,videos/sample_003983_O1__0996__4.pt,ok,0.5305153131,0.5467806458,0.5883017319,0.5788102092,average,0.5305153131,0.5883017319,
O1/0997/1,,videos/sample_003984_O1__0997__1.pt,ok,0.5610791445,0.5945999026,0.5705929792,0.5517832888,average,0.5610791445,0.5705929792,
O1/0997/2,,videos/sample_003985_O1__0997__2.pt,ok,0.5601372719,0.6027941704,0.5711306583,0.5472803033,average,0.5601372719,0.5711306583,
O1/0997/3,,videos/sample_003986_O1__0997__3.pt,ok,0.5559555888,0.5871664286,0.5735239462,0.5559002382,average,0.5559555888,0.5735239462,
O1/0997/4,,videos/sample_003987_O1__0997__4.pt,ok,0.5608037710,0.5931140184,0.5707501270,0.5526037842,average,0.5608037710,0.5707501270,
O1/0998/1,,videos/sample_003988_O1__0998__1.pt,ok,0.5317006111,0.5685150027,0.5876048322,0.5663658663,average,0.5317006111,0.5876048322,
O1/0998/2,,videos/sample_003989_O1__0998__2.pt,ok,0.5421184301,0.5798760056,0.5815150476,0.5599677951,average,0.5421184301,0.5815150476,
O1/0998/3,,videos/sample_003990_O1__0998__3.pt,ok,0.5398874879,0.5867416859,0.5828138223,0.5561364029,average,0.5398874879,0.5828138223,
O1/0998/4,,videos/sample_003991_O1__0998__4.pt,ok,0.5441972017,0.5826464295,0.5803074662,0.5584185939,average,0.5441972017,0.5803074662,
O1/0999/1,,videos/sample_003992_O1__0999__1.pt,ok,0.5465419888,0.5846265554,0.5789483628,0.5573139488,average,0.5465419888,0.5789483628,
O1/0999/2,,videos/sample_003993_O1__0999__2.pt,ok,0.5491011739,0.5897865891,0.5774686211,0.5544455968,average,0.5491011739,0.5774686211,
O1/0999/3,,videos/sample_003994_O1__0999__3.pt,ok,0.5426990986,0.5894339085,0.5811774782,0.5546411736,average,0.5426990986,0.5811774782,
O1/0999/4,,videos/sample_003995_O1__0999__4.pt,ok,0.5352072716,0.5704320669,0.5855479101,0.5652811466,average,0.5352072716,0.5855479101,
O1/1000/1,,videos/sample_003996_O1__1000__1.pt,ok,0.6156225801,0.6315742135,0.5403044078,0.5317540474,average,0.6156225801,0.5403044078,
O1/1000/2,,videos/sample_003997_O1__1000__2.pt,ok,0.6158465743,0.6308242083,0.5401833963,0.5321530153,average,0.6158465743,0.5401833963,
O1/1000/3,,videos/sample_003998_O1__1000__3.pt,ok,0.6136147976,0.6308242083,0.5413903113,0.5321530153,average,0.6136147976,0.5413903113,
O1/1000/4,,videos/sample_003999_O1__1000__4.pt,ok,0.6147611141,0.6315742135,0.5407700622,0.5317540474,average,0.6147611141,0.5407700622,
O1/1001/1,,videos/sample_004000_O1__1001__1.pt,ok,0.5558227301,0.5786302686,0.5736001489,0.5606658024,average,0.5558227301,0.5736001489,
O1/1001/2,,videos/sample_004001_O1__1001__2.pt,ok,0.5580149889,0.5802833438,0.5723440463,0.5597397453,average,0.5580149889,0.5723440463,
O1/1001/3,,videos/sample_004002_O1__1001__3.pt,ok,0.5581755638,0.5823311806,0.5722521496,0.5585946625,average,0.5581755638,0.5722521496,
O1/1001/4,,videos/sample_004003_O1__1001__4.pt,ok,0.5568117499,0.5778200030,0.5730331274,0.5611202747,average,0.5568117499,0.5730331274,
O1/1002/1,,videos/sample_004004_O1__1002__1.pt,ok,0.5356944203,0.5669774413,0.5852627307,0.5672373584,average,0.5356944203,0.5852627307,
O1/1002/2,,videos/sample_004005_O1__1002__2.pt,ok,0.5349965096,0.5565319061,0.5856713344,0.5731935096,average,0.5349965096,0.5856713344,
O1/1002/3,,videos/sample_004006_O1__1002__3.pt,ok,0.5340564251,0.5670884848,0.5862221738,0.5671743739,average,0.5340564251,0.5862221738,
O1/1002/4,,videos/sample_004007_O1__1002__4.pt,ok,0.5332610607,0.5551486611,0.5866886195,0.5739869253,average,0.5332610607,0.5866886195,
O1/1003/1,,videos/sample_004008_O1__1003__1.pt,ok,0.5495553613,0.5881805420,0.5772064017,0.5553367780,average,0.5495553613,0.5772064017,
O1/1003/2,,videos/sample_004009_O1__1003__2.pt,ok,0.5512887836,0.5881805420,0.5762067259,0.5553367780,average,0.5512887836,0.5762067259,
O1/1003/3,,videos/sample_004010_O1__1003__3.pt,ok,0.5446279645,0.5836632252,0.5800575452,0.5578510849,average,0.5446279645,0.5800575452,
O1/1003/4,,videos/sample_004011_O1__1003__4.pt,ok,0.5516157150,0.5899800658,0.5760183766,0.5543383349,average,0.5516157150,0.5760183766,
O1/1004/1,,videos/sample_004012_O1__1004__1.pt,ok,0.5314101577,0.5519573689,0.5877755288,0.5758216113,average,0.5314101577,0.5877755288,
O1/1004/2,,videos/sample_004013_O1__1004__2.pt,ok,0.5354740620,0.5679193735,0.5853917124,0.5667033108,average,0.5354740620,0.5853917124,
O1/1004/3,,videos/sample_004014_O1__1004__3.pt,ok,0.5312656164,0.5526911020,0.5878604928,0.5753992668,average,0.5312656164,0.5878604928,
O1/1004/4,,videos/sample_004015_O1__1004__4.pt,ok,0.5366300941,0.5709795356,0.5847153718,0.5649717576,average,0.5366300941,0.5847153718,
O1/1005/1,,videos/sample_004016_O1__1005__1.pt,ok,0.5647643209,0.6000298858,0.5684941132,0.5487952347,average,0.5647643209,0.5684941132,
O1/1005/2,,videos/sample_004017_O1__1005__2.pt,ok,0.5648300648,0.6016890407,0.5684567394,0.5478854533,average,0.5648300648,0.5684567394,
O1/1005/3,,videos/sample_004018_O1__1005__3.pt,ok,0.5561280251,0.5967373252,0.5734250584,0.5506051542,average,0.5561280251,0.5734250584,
O1/1005/4,,videos/sample_004019_O1__1005__4.pt,ok,0.5656444430,0.6016890407,0.5679939890,0.5478854533,average,0.5656444430,0.5679939890,
O1/1006/1,,videos/sample_004020_O1__1006__1.pt,ok,0.5607634187,0.5838769674,0.5707731586,0.5577318613,average,0.5607634187,0.5707731586,
O1/1006/2,,videos/sample_004021_O1__1006__2.pt,ok,0.5586749911,0.5823619366,0.5719664226,0.5585774827,average,0.5586749911,0.5719664226,
O1/1006/3,,videos/sample_004022_O1__1006__3.pt,ok,0.5596206188,0.5829497576,0.5714258109,0.5582492356,average,0.5596206188,0.5714258109,
O1/1006/4,,videos/sample_004023_O1__1006__4.pt,ok,0.5603798628,0.5850433707,0.5709921240,0.5570817003,average,0.5603798628,0.5709921240,
O1/1007/1,,videos/sample_004024_O1__1007__1.pt,ok,0.5503219366,0.5816370249,0.5767640990,0.5589825488,average,0.5503219366,0.5767640990,
O1/1007/2,,videos/sample_004025_O1__1007__2.pt,ok,0.5496325493,0.5805136561,0.5771618500,0.5596108452,average,0.5496325493,0.5771618500,
O1/1007/3,,videos/sample_004026_O1__1007__3.pt,ok,0.5466022491,0.5677193403,0.5789134762,0.5668166816,average,0.5466022491,0.5789134762,
O1/1007/4,,videos/sample_004027_O1__1007__4.pt,ok,0.5455471873,0.5657923818,0.5795245881,0.5679099669,average,0.5455471873,0.5795245881,
O1/1008/1,,videos/sample_004028_O1__1008__1.pt,ok,0.6108710170,0.6289131641,0.5428778073,0.5331709555,average,0.6108710170,0.5428778073,
O1/1008/2,,videos/sample_004029_O1__1008__2.pt,ok,0.6113911867,0.6292444468,0.5425954921,0.5329943545,average,0.6113911867,0.5425954921,
O1/1008/3,,videos/sample_004030_O1__1008__3.pt,ok,0.6120750904,0.6313226223,0.5422245359,0.5318878488,average,0.6120750904,0.5422245359,
O1/1008/4,,videos/sample_004031_O1__1008__4.pt,ok,0.6123024225,0.6305226088,0.5421012849,0.5323135366,average,0.6123024225,0.5421012849,
O1/1009/1,,videos/sample_004032_O1__1009__1.pt,ok,0.5642023683,0.5863897204,0.5688136697,0.5563321781,average,0.5642023683,0.5688136697,
O1/1009/2,,videos/sample_004033_O1__1009__2.pt,ok,0.5629279017,0.5826299787,0.5695390658,0.5584277805,average,0.5629279017,0.5695390658,
O1/1009/3,,videos/sample_004034_O1__1009__3.pt,ok,0.5628703237,0.5827987194,0.5695718597,0.5583335589,average,0.5628703237,0.5695718597,
O1/1009/4,,videos/sample_004035_O1__1009__4.pt,ok,0.5643388629,0.5874801874,0.5687360350,0.5557258469,average,0.5643388629,0.5687360350,
O1/1010/1,,videos/sample_004036_O1__1010__1.pt,ok,0.6208431721,0.6340010166,0.5374910490,0.5304651496,average,0.6208431721,0.5374910490,
O1/1010/2,,videos/sample_004037_O1__1010__2.pt,ok,0.6220691204,0.6348161697,0.5368325165,0.5300329155,average,0.6220691204,0.5368325165,
O1/1010/3,,videos/sample_004038_O1__1010__3.pt,ok,0.6213588119,0.6347885132,0.5372139687,0.5300475745,average,0.6213588119,0.5372139687,
O1/1010/4,,videos/sample_004039_O1__1010__4.pt,ok,0.6197241545,0.6348100901,0.5380928476,0.5300361379,average,0.6197241545,0.5380928476,
O1/1011/1,,videos/sample_004040_O1__1011__1.pt,ok,0.5312756896,0.5517635345,0.5878545712,0.5759332361,average,0.5312756896,0.5878545712,
O1/1011/2,,videos/sample_004041_O1__1011__2.pt,ok,0.5332314968,0.5602215528,0.5867059646,0.5710825249,average,0.5332314968,0.5867059646,
O1/1011/3,,videos/sample_004042_O1__1011__3.pt,ok,0.5284050107,0.5557416677,0.5895445374,0.5736466482,average,0.5284050107,0.5895445374,
O1/1011/4,,videos/sample_004043_O1__1011__4.pt,ok,0.5262203813,0.5464060307,0.5908338816,0.5790270809,average,0.5262203813,0.5908338816,
O1/1012/1,,videos/sample_004044_O1__1012__1.pt,ok,0.5815997124,0.5991696119,0.5590034063,0.5492675520,average,0.5815997124,0.5590034063,
O1/1012/2,,videos/sample_004045_O1__1012__2.pt,ok,0.5821923614,0.5971907973,0.5586722116,0.5503555267,average,0.5821923614,0.5586722116,
O1/1012/3,,videos/sample_004046_O1__1012__3.pt,ok,0.5794334412,0.5974316001,0.5602156718,0.5502230156,average,0.5794334412,0.5602156718,
O1/1012/4,,videos/sample_004047_O1__1012__4.pt,ok,0.5771962404,0.5925133228,0.5614703897,0.5529358306,average,0.5771962404,0.5614703897,
O1/1013/1,,videos/sample_004048_O1__1013__1.pt,ok,0.5796264410,0.6027048230,0.5601075607,0.5473292035,average,0.5796264410,0.5601075607,
O1/1013/2,,videos/sample_004049_O1__1013__2.pt,ok,0.5747537017,0.5963854790,0.5628434791,0.5507989167,average,0.5747537017,0.5628434791,
O1/1013/3,,videos/sample_004050_O1__1013__3.pt,ok,0.5799380541,0.6007453799,0.5599330511,0.5484027153,average,0.5799380541,0.5599330511,
O1/1013/4,,videos/sample_004051_O1__1013__4.pt,ok,0.5686973333,0.5793257356,0.5662626099,0.5602760134,average,0.5686973333,0.5662626099,
O1/1014/1,,videos/sample_004052_O1__1014__1.pt,ok,0.5211330056,0.5415396094,0.5938473343,0.5818517380,average,0.5211330056,0.5938473343,
O1/1014/2,,videos/sample_004053_O1__1014__2.pt,ok,0.5423123837,0.5788772106,0.5814022717,0.5605273676,average,0.5423123837,0.5814022717,
O1/1014/3,,videos/sample_004054_O1__1014__3.pt,ok,0.5409806967,0.5782619715,0.5821770332,0.5608723320,average,0.5409806967,0.5821770332,
O1/1014/4,,videos/sample_004055_O1__1014__4.pt,ok,0.5267012119,0.5662929416,0.5905498589,0.5676257652,average,0.5267012119,0.5905498589,
O1/1015/1,,videos/sample_004056_O1__1015__1.pt,ok,0.5907958746,0.6108499765,0.5538862852,0.5428892298,average,0.5907958746,0.5538862852,
O1/1015/2,,videos/sample_004057_O1__1015__2.pt,ok,0.5907737613,0.6108499765,0.5538985336,0.5428892298,average,0.5907737613,0.5538985336,
O1/1015/3,,videos/sample_004058_O1__1015__3.pt,ok,0.5898970366,0.6096925735,0.5543843631,0.5435179352,average,0.5898970366,0.5543843631,
O1/1015/4,,videos/sample_004059_O1__1015__4.pt,ok,0.5916584730,0.6096925735,0.5534087098,0.5435179352,average,0.5916584730,0.5534087098,
O1/1016/1,,videos/sample_004060_O1__1016__1.pt,ok,0.5523070693,0.5875158906,0.5756202814,0.5557060061,average,0.5523070693,0.5756202814,
O1/1016/2,,videos/sample_004061_O1__1016__2.pt,ok,0.5455808640,0.5776338577,0.5795050720,0.5612247343,average,0.5455808640,0.5795050720,
O1/1016/3,,videos/sample_004062_O1__1016__3.pt,ok,0.5571618676,0.5905689001,0.5728325335,0.5540120176,average,0.5571618676,0.5728325335,
O1/1016/4,,videos/sample_004063_O1__1016__4.pt,ok,0.5551879406,0.5892991424,0.5739643799,0.5547159254,average,0.5551879406,0.5739643799,
O1/1017/1,,videos/sample_004064_O1__1017__1.pt,ok,0.6136544347,0.6306791306,0.5413688526,0.5322302244,average,0.6136544347,0.5413688526,
O1/1017/2,,videos/sample_004065_O1__1017__2.pt,ok,0.6164495945,0.6287336946,0.5398577530,0.5332666521,average,0.6164495945,0.5398577530,
O1/1017/3,,videos/sample_004066_O1__1017__3.pt,ok,0.6156060100,0.6298596263,0.5403133608,0.5326665681,average,0.6156060100,0.5403133608,
O1/1017/4,,videos/sample_004067_O1__1017__4.pt,ok,0.6155794859,0.6306884289,0.5403276923,0.5322252756,average,0.6155794859,0.5403276923,
O1/1018/1,,videos/sample_004068_O1__1018__1.pt,ok,0.6105663776,0.6433615685,0.5430432144,0.5255228704,average,0.6105663776,0.5430432144,
O1/1018/2,,videos/sample_004069_O1__1018__2.pt,ok,0.6134880781,0.6437636614,0.5414589203,0.5253116038,average,0.6134880781,0.5414589203,
O1/1018/3,,videos/sample_004070_O1__1018__3.pt,ok,0.6127405763,0.6433615685,0.5418638132,0.5255228704,average,0.6127405763,0.5418638132,
O1/1018/4,,videos/sample_004071_O1__1018__4.pt,ok,0.6133269072,0.6437636614,0.5415461948,0.5253116038,average,0.6133269072,0.5415461948,
O1/1019/1,,videos/sample_004072_O1__1019__1.pt,ok,0.5546427369,0.5774204731,0.5742773927,0.5613445038,average,0.5546427369,0.5742773927,
O1/1019/2,,videos/sample_004073_O1__1019__2.pt,ok,0.5579788089,0.5822128654,0.5723647541,0.5586607567,average,0.5579788089,0.5723647541,
O1/1019/3,,videos/sample_004074_O1__1019__3.pt,ok,0.5565742254,0.5819220543,0.5731692530,0.5588232451,average,0.5565742254,0.5731692530,
O1/1019/4,,videos/sample_004075_O1__1019__4.pt,ok,0.5562635660,0.5790779591,0.5733473411,0.5604148539,average,0.5562635660,0.5733473411,
O1/1020/1,,videos/sample_004076_O1__1020__1.pt,ok,0.5773952007,0.5977769494,0.5613586905,0.5500330292,average,0.5773952007,0.5613586905,
O1/1020/2,,videos/sample_004077_O1__1020__2.pt,ok,0.5761657953,0.6013599038,0.5620492523,0.5480658123,average,0.5761657953,0.5620492523,
O1/1020/3,,videos/sample_004078_O1__1020__3.pt,ok,0.5659751892,0.5757610798,0.5678061582,0.5622767684,average,0.5659751892,0.5678061582,
O1/1020/4,,videos/sample_004079_O1__1020__4.pt,ok,0.5776157379,0.5982310176,0.5612349037,0.5497833334,average,0.5776157379,0.5612349037,
O1/1021/1,,videos/sample_004080_O1__1021__1.pt,ok,0.6225914955,0.6479712129,0.5365521618,0.5231059716,average,0.6225914955,0.5365521618,
O1/1021/2,,videos/sample_004081_O1__1021__2.pt,ok,0.6218112707,0.6489868760,0.5369709565,0.5225749419,average,0.6218112707,0.5369709565,
O1/1021/3,,videos/sample_004082_O1__1021__3.pt,ok,0.6213579774,0.6489868760,0.5372144170,0.5225749419,average,0.6213579774,0.5372144170,
O1/1021/4,,videos/sample_004083_O1__1021__4.pt,ok,0.6218227744,0.6479712129,0.5369647794,0.5231059716,average,0.6218227744,0.5369647794,
O1/1022/1,,videos/sample_004084_O1__1022__1.pt,ok,0.6346254945,0.6556105614,0.5301339893,0.5191250081,average,0.6346254945,0.5301339893,
O1/1022/2,,videos/sample_004085_O1__1022__2.pt,ok,0.6344002485,0.6555898190,0.5302534132,0.5191357761,average,0.6344002485,0.5302534132,
O1/1022/3,,videos/sample_004086_O1__1022__3.pt,ok,0.6348283887,0.6556105614,0.5300264390,0.5191250081,average,0.6348283887,0.5300264390,
O1/1022/4,,videos/sample_004087_O1__1022__4.pt,ok,0.6340884566,0.6555898190,0.5304187677,0.5191357761,average,0.6340884566,0.5304187677,
O1/1023/1,,videos/sample_004088_O1__1023__1.pt,ok,0.5581834912,0.5851608515,0.5722476131,0.5570162577,average,0.5581834912,0.5722476131,
O1/1023/2,,videos/sample_004089_O1__1023__2.pt,ok,0.5563259125,0.5789200664,0.5733115960,0.5605033463,average,0.5563259125,0.5733115960,
O1/1023/3,,videos/sample_004090_O1__1023__3.pt,ok,0.5560081601,0.5788312554,0.5734937961,0.5605531273,average,0.5560081601,0.5734937961,
O1/1023/4,,videos/sample_004091_O1__1023__4.pt,ok,0.5584517717,0.5856910348,0.5720941108,0.5567210153,average,0.5584517717,0.5720941108,
O1/1024/1,,videos/sample_004092_O1__1024__1.pt,ok,0.5915853381,0.6195124388,0.5534491848,0.5382067824,average,0.5915853381,0.5534491848,
O1/1024/2,,videos/sample_004093_O1__1024__2.pt,ok,0.5935757756,0.6159257293,0.5523486744,0.5401406398,average,0.5935757756,0.5523486744,
O1/1024/3,,videos/sample_004094_O1__1024__3.pt,ok,0.5913243294,0.6114900708,0.5535936587,0.5425418407,average,0.5913243294,0.5535936587,
O1/1024/4,,videos/sample_004095_O1__1024__4.pt,ok,0.5846607089,0.6058285236,0.5572949149,0.5456221784,average,0.5846607089,0.5572949149,
O1/1025/1,,videos/sample_004096_O1__1025__1.pt,ok,0.5319048762,0.5514000058,0.5874848173,0.5761426424,average,0.5319048762,0.5874848173,
O1/1025/2,,videos/sample_004097_O1__1025__2.pt,ok,0.5283318758,0.5493858457,0.5895876553,0.5773042554,average,0.5283318758,0.5895876553,
O1/1025/3,,videos/sample_004098_O1__1025__3.pt,ok,0.5359299779,0.5765906572,0.5851248838,0.5618105097,average,0.5359299779,0.5851248838,
O1/1025/4,,videos/sample_004099_O1__1025__4.pt,ok,0.5356296897,0.5723334551,0.5853006163,0.5642073489,average,0.5356296897,0.5853006163,
O1/1026/1,,videos/sample_004100_O1__1026__1.pt,ok,0.5629963875,0.5920165181,0.5695000619,0.5532106000,average,0.5629963875,0.5695000619,
O1/1026/2,,videos/sample_004101_O1__1026__2.pt,ok,0.5565827489,0.5897464752,0.5731643676,0.5544678383,average,0.5565827489,0.5731643676,
O1/1026/3,,videos/sample_004102_O1__1026__3.pt,ok,0.5592973232,0.5944775343,0.5716105802,0.5518508137,average,0.5592973232,0.5716105802,
O1/1026/4,,videos/sample_004103_O1__1026__4.pt,ok,0.5628099442,0.5975076556,0.5696062512,0.5501811697,average,0.5628099442,0.5696062512,
O1/1027/1,,videos/sample_004104_O1__1027__1.pt,ok,0.5439816713,0.5843622088,0.5804325536,0.5574612923,average,0.5439816713,0.5804325536,
O1/1027/2,,videos/sample_004105_O1__1027__2.pt,ok,0.5525047779,0.5996239185,0.5755064876,0.5490180728,average,0.5525047779,0.5755064876,
O1/1027/3,,videos/sample_004106_O1__1027__3.pt,ok,0.5513113737,0.5933830738,0.5761937094,0.5524551232,average,0.5513113737,0.5761937094,
O1/1027/4,,videos/sample_004107_O1__1027__4.pt,ok,0.5528000593,0.5941354036,0.5753365763,0.5520396511,average,0.5528000593,0.5753365763,
O1/1028/1,,videos/sample_004108_O1__1028__1.pt,ok,0.6314007044,0.6396032572,0.5318463196,0.5275016650,average,0.6314007044,0.5318463196,
O1/1028/2,,videos/sample_004109_O1__1028__2.pt,ok,0.6304177642,0.6418330669,0.5323693497,0.5263267471,average,0.6304177642,0.5323693497,
O1/1028/3,,videos/sample_004110_O1__1028__3.pt,ok,0.6316860318,0.6405685544,0.5316945909,0.5269927148,average,0.6316860318,0.5316945909,
O1/1028/4,,videos/sample_004111_O1__1028__4.pt,ok,0.6306786537,0.6386358738,0.5322304782,0.5280122083,average,0.6306786537,0.5322304782,
O1/1029/1,,videos/sample_004112_O1__1029__1.pt,ok,0.5707492828,0.5914148688,0.5651018589,0.5535435389,average,0.5707492828,0.5651018589,
O1/1029/2,,videos/sample_004113_O1__1029__2.pt,ok,0.5694795251,0.5810726881,0.5658198571,0.5592980923,average,0.5694795251,0.5658198571,
O1/1029/3,,videos/sample_004114_O1__1029__3.pt,ok,0.5681373477,0.5877730846,0.5665797976,0.5555631002,average,0.5681373477,0.5665797976,
O1/1029/4,,videos/sample_004115_O1__1029__4.pt,ok,0.5670822263,0.5771034956,0.5671779236,0.5615224656,average,0.5670822263,0.5671779236,
O1/1030/1,,videos/sample_004116_O1__1030__1.pt,ok,0.5643295050,0.5955573916,0.5687413572,0.5512552152,average,0.5643295050,0.5687413572,
O1/1030/2,,videos/sample_004117_O1__1030__2.pt,ok,0.5631732345,0.6012756824,0.5693993564,0.5481119731,average,0.5631732345,0.5693993564,
O1/1030/3,,videos/sample_004118_O1__1030__3.pt,ok,0.5523902178,0.5839374661,0.5755724215,0.5576981202,average,0.5523902178,0.5755724215,
O1/1030/4,,videos/sample_004119_O1__1030__4.pt,ok,0.5636325479,0.5966941714,0.5691378837,0.5506289154,average,0.5636325479,0.5691378837,
O1/1031/1,,videos/sample_004120_O1__1031__1.pt,ok,0.6116065383,0.6291517019,0.5424786559,0.5330437893,average,0.6116065383,0.5424786559,
O1/1031/2,,videos/sample_004121_O1__1031__2.pt,ok,0.6100291610,0.6274363995,0.5433350247,0.5339589052,average,0.6100291610,0.5433350247,
O1/1031/3,,videos/sample_004122_O1__1031__3.pt,ok,0.6094877124,0.6290665865,0.5436292923,0.5330891615,average,0.6094877124,0.5436292923,
O1/1031/4,,videos/sample_004123_O1__1031__4.pt,ok,0.6113810539,0.6294569969,0.5426009902,0.5328810785,average,0.6113810539,0.5426009902,
O1/1032/1,,videos/sample_004124_O1__1032__1.pt,ok,0.6074943542,0.6240677238,0.5447140209,0.5357606727,average,0.6074943542,0.5447140209,
O1/1032/2,,videos/sample_004125_O1__1032__2.pt,ok,0.6105739474,0.6236183047,0.5430391037,0.5360015079,average,0.6105739474,0.5430391037,
O1/1032/3,,videos/sample_004126_O1__1032__3.pt,ok,0.6100868583,0.6240155697,0.5433036766,0.5357886155,average,0.6100868583,0.5433036766,
O1/1032/4,,videos/sample_004127_O1__1032__4.pt,ok,0.6093159914,0.6245375276,0.5437226529,0.5355090294,average,0.6093159914,0.5437226529,
O1/1033/1,,videos/sample_004128_O1__1033__1.pt,ok,0.6129694581,0.6308116913,0.5417398046,0.5321596763,average,0.6129694581,0.5417398046,
O1/1033/2,,videos/sample_004129_O1__1033__2.pt,ok,0.6111100316,0.6268957853,0.5427480671,0.5342476490,average,0.6111100316,0.5427480671,
O1/1033/3,,videos/sample_004130_O1__1033__3.pt,ok,0.6113839746,0.6289846301,0.5425994054,0.5331328533,average,0.6113839746,0.5425994054,
O1/1033/4,,videos/sample_004131_O1__1033__4.pt,ok,0.6126898527,0.6276023984,0.5418912992,0.5338702760,average,0.6126898527,0.5418912992,
O1/1034/1,,videos/sample_004132_O1__1034__1.pt,ok,0.5338460803,0.5762335062,0.5863454955,0.5620111968,average,0.5338460803,0.5863454955,
O1/1034/2,,videos/sample_004133_O1__1034__2.pt,ok,0.5388898253,0.5738582015,0.5833955640,0.5633477313,average,0.5388898253,0.5833955640,
O1/1034/3,,videos/sample_004134_O1__1034__3.pt,ok,0.5264953375,0.5470886230,0.5906714505,0.5786319763,average,0.5264953375,0.5906714505,
O1/1034/4,,videos/sample_004135_O1__1034__4.pt,ok,0.5401993990,0.5788381696,0.5826320645,0.5605492516,average,0.5401993990,0.5826320645,
O1/1035/1,,videos/sample_004136_O1__1035__1.pt,ok,0.6095892191,0.6434565187,0.5435741131,0.5254729742,average,0.6095892191,0.5435741131,
O1/1035/2,,videos/sample_004137_O1__1035__2.pt,ok,0.6115842462,0.6434565187,0.5424907490,0.5254729742,average,0.6115842462,0.5424907490,
O1/1035/3,,videos/sample_004138_O1__1035__3.pt,ok,0.6119968891,0.6435326338,0.5422669402,0.5254329793,average,0.6119968891,0.5422669402,
O1/1035/4,,videos/sample_004139_O1__1035__4.pt,ok,0.6115220189,0.6435326338,0.5425245078,0.5254329793,average,0.6115220189,0.5425245078,
O1/1036/1,,videos/sample_004140_O1__1036__1.pt,ok,0.6143108606,0.6444407701,0.5410136006,0.5249560311,average,0.6143108606,0.5410136006,
O1/1036/2,,videos/sample_004141_O1__1036__2.pt,ok,0.6149739027,0.6444407701,0.5406550048,0.5249560311,average,0.6149739027,0.5406550048,
O1/1036/3,,videos/sample_004142_O1__1036__3.pt,ok,0.6122273803,0.6442158222,0.5421419669,0.5250741322,average,0.6122273803,0.5421419669,
O1/1036/4,,videos/sample_004143_O1__1036__4.pt,ok,0.6149796247,0.6442158222,0.5406519111,0.5250741322,average,0.6149796247,0.5406519111,
O1/1037/1,,videos/sample_004144_O1__1037__1.pt,ok,0.5830965042,0.6050006747,0.5581673204,0.5460740582,average,0.5830965042,0.5581673204,
O1/1037/2,,videos/sample_004145_O1__1037__2.pt,ok,0.5840028524,0.6093518734,0.5576616556,0.5437031434,average,0.5840028524,0.5576616556,
O1/1037/3,,videos/sample_004146_O1__1037__3.pt,ok,0.5838288069,0.6066292524,0.5577587226,0.5451854579,average,0.5838288069,0.5577587226,
O1/1037/4,,videos/sample_004147_O1__1037__4.pt,ok,0.5825766921,0.6040776372,0.5584575379,0.5465783377,average,0.5825766921,0.5584575379,
O1/1038/1,,videos/sample_004148_O1__1038__1.pt,ok,0.5256283283,0.5463771820,0.5911837901,0.5790437853,average,0.5256283283,0.5911837901,
O1/1038/2,,videos/sample_004149_O1__1038__2.pt,ok,0.5294022560,0.5625239611,0.5889569099,0.5697691723,average,0.5294022560,0.5889569099,
O1/1038/3,,videos/sample_004150_O1__1038__3.pt,ok,0.5268729925,0.5461852551,0.5904484226,0.5791549301,average,0.5268729925,0.5904484226,
O1/1038/4,,videos/sample_004151_O1__1038__4.pt,ok,0.5313143134,0.5650254488,0.5878318664,0.5683456829,average,0.5313143134,0.5878318664,
O1/1039/1,,videos/sample_004152_O1__1039__1.pt,ok,0.5458416343,0.5671135187,0.5793539739,0.5671601755,average,0.5458416343,0.5793539739,
O1/1039/2,,videos/sample_004153_O1__1039__2.pt,ok,0.5450717211,0.5609049797,0.5798001980,0.5706923651,average,0.5450717211,0.5798001980,
O1/1039/3,,videos/sample_004154_O1__1039__3.pt,ok,0.5498710871,0.5722382069,0.5770241915,0.5642610912,average,0.5498710871,0.5770241915,
O1/1039/4,,videos/sample_004155_O1__1039__4.pt,ok,0.5488743782,0.5642088056,0.5775996033,0.5688100081,average,0.5488743782,0.5775996033,
O1/1040/1,,videos/sample_004156_O1__1040__1.pt,ok,0.5694627762,0.6015508175,0.5658293341,0.5479611890,average,0.5694627762,0.5658293341,
O1/1040/2,,videos/sample_004157_O1__1040__2.pt,ok,0.5611929297,0.5947772861,0.5705280578,0.5516854202,average,0.5611929297,0.5705280578,
O1/1040/3,,videos/sample_004158_O1__1040__3.pt,ok,0.5661382675,0.6029777527,0.5677135689,0.5471798415,average,0.5661382675,0.5677135689,
O1/1040/4,,videos/sample_004159_O1__1040__4.pt,ok,0.5716686249,0.6055573225,0.5645825757,0.5457701719,average,0.5716686249,0.5645825757,
O1/1041/1,,videos/sample_004160_O1__1041__1.pt,ok,0.5504636168,0.5879715681,0.5766823887,0.5554528410,average,0.5504636168,0.5766823887,
O1/1041/2,,videos/sample_004161_O1__1041__2.pt,ok,0.5313026309,0.5494422317,0.5878387338,0.5772717045,average,0.5313026309,0.5878387338,
O1/1041/3,,videos/sample_004162_O1__1041__3.pt,ok,0.5492503643,0.6032309532,0.5773824747,0.5470413128,average,0.5492503643,0.5773824747,
O1/1041/4,,videos/sample_004163_O1__1041__4.pt,ok,0.5522196889,0.5890900493,0.5756705816,0.5548319248,average,0.5522196889,0.5756705816,
O1/1042/1,,videos/sample_004164_O1__1042__1.pt,ok,0.5561656952,0.5812876225,0.5734034578,0.5591778928,average,0.5561656952,0.5734034578,
O1/1042/2,,videos/sample_004165_O1__1042__2.pt,ok,0.5554105639,0.5839790702,0.5738366162,0.5576749182,average,0.5554105639,0.5738366162,
O1/1042/3,,videos/sample_004166_O1__1042__3.pt,ok,0.5541770458,0.5808652639,0.5745448908,0.5594141162,average,0.5541770458,0.5745448908,
O1/1042/4,,videos/sample_004167_O1__1042__4.pt,ok,0.5565216541,0.5848420858,0.5731993860,0.5571938437,average,0.5565216541,0.5731993860,
O1/1043/1,,videos/sample_004168_O1__1043__1.pt,ok,0.5312048197,0.5659752488,0.5878962339,0.5678061244,average,0.5312048197,0.5878962339,
O1/1043/2,,videos/sample_004169_O1__1043__2.pt,ok,0.5259619355,0.5447865725,0.5909865999,0.5799655508,average,0.5259619355,0.5909865999,
O1/1043/3,,videos/sample_004170_O1__1043__3.pt,ok,0.5254629850,0.5449883938,0.5912815465,0.5798485131,average,0.5254629850,0.5912815465,
O1/1043/4,,videos/sample_004171_O1__1043__4.pt,ok,0.5301108956,0.5618640184,0.5885396996,0.5701453114,average,0.5301108956,0.5885396996,
O1/1044/1,,videos/sample_004172_O1__1044__1.pt,ok,0.5606117249,0.5877790451,0.5708597479,0.5555597888,average,0.5606117249,0.5708597479,
O1/1044/2,,videos/sample_004173_O1__1044__2.pt,ok,0.5621319413,0.5916031599,0.5699925768,0.5534393214,average,0.5621319413,0.5699925768,
O1/1044/3,,videos/sample_004174_O1__1044__3.pt,ok,0.5539515018,0.5803927183,0.5746744906,0.5596785274,average,0.5539515018,0.5746744906,
O1/1044/4,,videos/sample_004175_O1__1044__4.pt,ok,0.5641930699,0.5942426324,0.5688189587,0.5519804597,average,0.5641930699,0.5688189587,
O1/1045/1,,videos/sample_004176_O1__1045__1.pt,ok,0.5562723279,0.5975032449,0.5733423175,0.5501835964,average,0.5562723279,0.5733423175,
O1/1045/2,,videos/sample_004177_O1__1045__2.pt,ok,0.5561626554,0.5893496275,0.5734052009,0.5546879212,average,0.5561626554,0.5734052009,
O1/1045/3,,videos/sample_004178_O1__1045__3.pt,ok,0.5458421111,0.5791348815,0.5793536977,0.5603829546,average,0.5458421111,0.5793536977,
O1/1045/4,,videos/sample_004179_O1__1045__4.pt,ok,0.5527328849,0.5868878961,0.5753752255,0.5560550960,average,0.5527328849,0.5753752255,
O1/1046/1,,videos/sample_004180_O1__1046__1.pt,ok,0.6150410175,0.6300418377,0.5406187200,0.5325695191,average,0.6150410175,0.5406187200,
O1/1046/2,,videos/sample_004181_O1__1046__2.pt,ok,0.6141356826,0.6297283173,0.5411083827,0.5327365167,average,0.6141356826,0.5411083827,
O1/1046/3,,videos/sample_004182_O1__1046__3.pt,ok,0.6151136756,0.6299366951,0.5405794411,0.5326255177,average,0.6151136756,0.5405794411,
O1/1046/4,,videos/sample_004183_O1__1046__4.pt,ok,0.6136831045,0.6299239397,0.5413533319,0.5326323116,average,0.6136831045,0.5413533319,
O1/1047/1,,videos/sample_004184_O1__1047__1.pt,ok,0.5269615650,0.5469693542,0.5903961274,0.5787009932,average,0.5269615650,0.5903961274,
O1/1047/2,,videos/sample_004185_O1__1047__2.pt,ok,0.5414174795,0.5917797089,0.5819228038,0.5533416209,average,0.5414174795,0.5819228038,
O1/1047/3,,videos/sample_004186_O1__1047__3.pt,ok,0.5409011841,0.5784668326,0.5822233255,0.5607574429,average,0.5409011841,0.5822233255,
O1/1047/4,,videos/sample_004187_O1__1047__4.pt,ok,0.5422725081,0.5782291293,0.5814254558,0.5608907526,average,0.5422725081,0.5814254558,
O1/1048/1,,videos/sample_004188_O1__1048__1.pt,ok,0.6164792180,0.6294484735,0.5398417608,0.5328856205,average,0.6164792180,0.5398417608,
O1/1048/2,,videos/sample_004189_O1__1048__2.pt,ok,0.6150019765,0.6303452253,0.5406398267,0.5324079686,average,0.6150019765,0.5406398267,
O1/1048/3,,videos/sample_004190_O1__1048__3.pt,ok,0.6152690649,0.6304181814,0.5404954474,0.5323691276,average,0.6152690649,0.5404954474,
O1/1048/4,,videos/sample_004191_O1__1048__4.pt,ok,0.6161556244,0.6306761503,0.5400164784,0.5322318106,average,0.6161556244,0.5400164784,
O1/1049/1,,videos/sample_004192_O1__1049__1.pt,ok,0.5505662560,0.5861415863,0.5766232015,0.5564702403,average,0.5505662560,0.5766232015,
O1/1049/2,,videos/sample_004193_O1__1049__2.pt,ok,0.5437950492,0.5802493095,0.5805408853,0.5597587960,average,0.5437950492,0.5805408853,
O1/1049/3,,videos/sample_004194_O1__1049__3.pt,ok,0.5495244861,0.5855670571,0.5772242233,0.5567900405,average,0.5495244861,0.5772242233,
O1/1049/4,,videos/sample_004195_O1__1049__4.pt,ok,0.5518861413,0.5908779502,0.5758626271,0.5538408266,average,0.5518861413,0.5758626271,
O1/1050/1,,videos/sample_004196_O1__1050__1.pt,ok,0.5820010900,0.6021589637,0.5587790798,0.5476280498,average,0.5820010900,0.5587790798,
O1/1050/2,,videos/sample_004197_O1__1050__2.pt,ok,0.5823797584,0.6048815250,0.5585675279,0.5461391266,average,0.5823797584,0.5585675279,
O1/1050/3,,videos/sample_004198_O1__1050__3.pt,ok,0.5827282071,0.6055523753,0.5583729297,0.5457728719,average,0.5827282071,0.5583729297,
O1/1050/4,,videos/sample_004199_O1__1050__4.pt,ok,0.5811110139,0.6016351581,0.5592766571,0.5479149756,average,0.5811110139,0.5592766571,
O1/1051/1,,videos/sample_004200_O1__1051__1.pt,ok,0.5442925692,0.5769830942,0.5802521264,0.5615900778,average,0.5442925692,0.5802521264,
O1/1051/2,,videos/sample_004201_O1__1051__2.pt,ok,0.5391391516,0.5814474821,0.5832501263,0.5590885100,average,0.5391391516,0.5832501263,
O1/1051/3,,videos/sample_004202_O1__1051__3.pt,ok,0.5444403291,0.5802465081,0.5801663948,0.5597603641,average,0.5444403291,0.5801663948,
O1/1051/4,,videos/sample_004203_O1__1051__4.pt,ok,0.5350368619,0.5697838664,0.5856477017,0.5656476810,average,0.5350368619,0.5856477017,
O1/1052/1,,videos/sample_004204_O1__1052__1.pt,ok,0.5780699253,0.6075371504,0.5609800558,0.5446907098,average,0.5780699253,0.5609800558,
O1/1052/2,,videos/sample_004205_O1__1052__2.pt,ok,0.5659751892,0.5757610798,0.5678061582,0.5622767684,average,0.5659751892,0.5678061582,
O1/1052/3,,videos/sample_004206_O1__1052__3.pt,ok,0.5815561414,0.6049050689,0.5590277631,0.5461262686,average,0.5815561414,0.5590277631,
O1/1052/4,,videos/sample_004207_O1__1052__4.pt,ok,0.5818629265,0.6042407751,0.5588562880,0.5464891774,average,0.5818629265,0.5588562880,
O1/1053/1,,videos/sample_004208_O1__1053__1.pt,ok,0.6379607916,0.6604064703,0.5283687803,0.5166412925,average,0.6379607916,0.5283687803,
O1/1053/2,,videos/sample_004209_O1__1053__2.pt,ok,0.6371151805,0.6595803499,0.5288157637,0.5170682767,average,0.6371151805,0.5288157637,
O1/1053/3,,videos/sample_004210_O1__1053__3.pt,ok,0.6363250017,0.6604064703,0.5292337879,0.5166412925,average,0.6363250017,0.5292337879,
O1/1053/4,,videos/sample_004211_O1__1053__4.pt,ok,0.6375339627,0.6595803499,0.5285943515,0.5170682767,average,0.6375339627,0.5285943515,
O1/1054/1,,videos/sample_004212_O1__1054__1.pt,ok,0.5403676033,0.5778692961,0.5825340716,0.5610926161,average,0.5403676033,0.5825340716,
O1/1054/2,,videos/sample_004213_O1__1054__2.pt,ok,0.5385334492,0.5858990550,0.5836035093,0.5566052181,average,0.5385334492,0.5836035093,
O1/1054/3,,videos/sample_004214_O1__1054__3.pt,ok,0.5410665274,0.5783215165,0.5821270667,0.5608389359,average,0.5410665274,0.5821270667,
O1/1054/4,,videos/sample_004215_O1__1054__4.pt,ok,0.5220704079,0.5425438285,0.5932909213,0.5812677247,average,0.5220704079,0.5932909213,
O1/1055/1,,videos/sample_004216_O1__1055__1.pt,ok,0.5285139084,0.5493477583,0.5894803409,0.5773262439,average,0.5285139084,0.5894803409,
O1/1055/2,,videos/sample_004217_O1__1055__2.pt,ok,0.5322535038,0.5629537702,0.5872800396,0.5695243329,average,0.5322535038,0.5872800396,
O1/1055/3,,videos/sample_004218_O1__1055__3.pt,ok,0.5327443480,0.5675132275,0.5869918473,0.5669335219,average,0.5327443480,0.5869918473,
O1/1055/4,,videos/sample_004219_O1__1055__4.pt,ok,0.5282607079,0.5481798649,0.5896296165,0.5780008933,average,0.5282607079,0.5896296165,
O1/1056/1,,videos/sample_004220_O1__1056__1.pt,ok,0.5511897206,0.5857650042,0.5762638094,0.5566798365,average,0.5511897206,0.5762638094,
O1/1056/2,,videos/sample_004221_O1__1056__2.pt,ok,0.5521325469,0.5857650042,0.5757207488,0.5566798365,average,0.5521325469,0.5757207488,
O1/1056/3,,videos/sample_004222_O1__1056__3.pt,ok,0.5467283130,0.5820247531,0.5788405008,0.5587658575,average,0.5467283130,0.5788405008,
O1/1056/4,,videos/sample_004223_O1__1056__4.pt,ok,0.5504231453,0.5833234787,0.5767057284,0.5580406450,average,0.5504231453,0.5767057284,
O1/1057/1,,videos/sample_004224_O1__1057__1.pt,ok,0.5245554447,0.5474128723,0.5918184019,0.5784443857,average,0.5245554447,0.5918184019,
O1/1057/2,,videos/sample_004225_O1__1057__2.pt,ok,0.5219689608,0.5438402295,0.5933511120,0.5805146568,average,0.5219689608,0.5933511120,
O1/1057/3,,videos/sample_004226_O1__1057__3.pt,ok,0.5264453888,0.5602075458,0.5907009545,0.5710905241,average,0.5264453888,0.5907009545,
O1/1057/4,,videos/sample_004227_O1__1057__4.pt,ok,0.5242314339,0.5622172356,0.5920101885,0.5699439618,average,0.5242314339,0.5920101885,
O1/1058/1,,videos/sample_004228_O1__1058__1.pt,ok,0.5500717759,0.5664034486,0.5769084008,0.5675630420,average,0.5500717759,0.5769084008,
O1/1058/2,,videos/sample_004229_O1__1058__2.pt,ok,0.5474858284,0.5815052986,0.5784021862,0.5590561864,average,0.5474858284,0.5784021862,
O1/1058/3,,videos/sample_004230_O1__1058__3.pt,ok,0.5363745093,0.5546479225,0.5848648352,0.5742744147,average,0.5363745093,0.5848648352,
O1/1058/4,,videos/sample_004231_O1__1058__4.pt,ok,0.5513749123,0.5846636295,0.5761571001,0.5572932873,average,0.5513749123,0.5761571001,
O1/1059/1,,videos/sample_004232_O1__1059__1.pt,ok,0.6201246381,0.6327573657,0.5378773934,0.5311252734,average,0.6201246381,0.5378773934,
O1/1059/2,,videos/sample_004233_O1__1059__2.pt,ok,0.6212620735,0.6333560944,0.5372659404,0.5308073687,average,0.6212620735,0.5372659404,
O1/1059/3,,videos/sample_004234_O1__1059__3.pt,ok,0.6205185652,0.6324670911,0.5376655507,0.5312794680,average,0.6205185652,0.5376655507,
O1/1059/4,,videos/sample_004235_O1__1059__4.pt,ok,0.6212126613,0.6340781450,0.5372924886,0.5304242372,average,0.6212126613,0.5372924886,
O1/1060/1,,videos/sample_004236_O1__1060__1.pt,ok,0.6205188632,0.6484670639,0.5376653904,0.5228466533,average,0.6205188632,0.5376653904,
O1/1060/2,,videos/sample_004237_O1__1060__2.pt,ok,0.6192417145,0.6478981376,0.5383525078,0.5231441991,average,0.6192417145,0.5383525078,
O1/1060/3,,videos/sample_004238_O1__1060__3.pt,ok,0.6208122969,0.6484670639,0.5375076444,0.5228466533,average,0.6208122969,0.5375076444,
O1/1060/4,,videos/sample_004239_O1__1060__4.pt,ok,0.6205585599,0.6478981376,0.5376440473,0.5231441991,average,0.6205585599,0.5376440473,
O1/1061/1,,videos/sample_004240_O1__1061__1.pt,ok,0.5559198260,0.5792011619,0.5735444574,0.5603458134,average,0.5559198260,0.5735444574,
O1/1061/2,,videos/sample_004241_O1__1061__2.pt,ok,0.5568719506,0.5819646120,0.5729986315,0.5587994633,average,0.5568719506,0.5729986315,
O1/1061/3,,videos/sample_004242_O1__1061__3.pt,ok,0.5571776032,0.5817494988,0.5728235197,0.5589196814,average,0.5571776032,0.5728235197,
O1/1061/4,,videos/sample_004243_O1__1061__4.pt,ok,0.5551421046,0.5785017610,0.5739906887,0.5607378569,average,0.5551421046,0.5739906887,
O1/1062/1,,videos/sample_004244_O1__1062__1.pt,ok,0.5807625055,0.5990999341,0.5594716037,0.5493058251,average,0.5807625055,0.5594716037,
O1/1062/2,,videos/sample_004245_O1__1062__2.pt,ok,0.5778482556,0.5990999341,0.5611044218,0.5493058251,average,0.5778482556,0.5611044218,
O1/1062/3,,videos/sample_004246_O1__1062__3.pt,ok,0.5870142579,0.6088832021,0.5559848363,0.5439580212,average,0.5870142579,0.5559848363,
O1/1062/4,,videos/sample_004247_O1__1062__4.pt,ok,0.5878892541,0.6088832021,0.5554985645,0.5439580212,average,0.5878892541,0.5554985645,
O1/1063/1,,videos/sample_004248_O1__1063__1.pt,ok,0.5715427399,0.6067265868,0.5646536527,0.5451323952,average,0.5715427399,0.5646536527,
O1/1063/2,,videos/sample_004249_O1__1063__2.pt,ok,0.5703428388,0.6103717685,0.5653315879,0.5431489059,average,0.5703428388,0.5653315879,
O1/1063/3,,videos/sample_004250_O1__1063__3.pt,ok,0.5716678500,0.6068106890,0.5645830132,0.5450865503,average,0.5716678500,0.5645830132,
O1/1063/4,,videos/sample_004251_O1__1063__4.pt,ok,0.5650832057,0.6003684402,0.5683128579,0.5486094691,average,0.5650832057,0.5683128579,
O1/1064/1,,videos/sample_004252_O1__1064__1.pt,ok,0.5665938258,0.5879046917,0.5674550012,0.5554899890,average,0.5665938258,0.5674550012,
O1/1064/2,,videos/sample_004253_O1__1064__2.pt,ok,0.5680335164,0.5887931585,0.5666386294,0.5549966737,average,0.5680335164,0.5666386294,
O1/1064/3,,videos/sample_004254_O1__1064__3.pt,ok,0.5669204593,0.5879902840,0.5672696817,0.5554424454,average,0.5669204593,0.5672696817,
O1/1064/4,,videos/sample_004255_O1__1064__4.pt,ok,0.5683556795,0.5894940495,0.5664561087,0.5546078178,average,0.5683556795,0.5664561087,
O1/1065/1,,videos/sample_004256_O1__1065__1.pt,ok,0.5877677798,0.6061339378,0.5555660474,0.5454555631,average,0.5877677798,0.5555660474,
O1/1065/2,,videos/sample_004257_O1__1065__2.pt,ok,0.5894930959,0.6086959243,0.5546083468,0.5440599020,average,0.5894930959,0.5546083468,
O1/1065/3,,videos/sample_004258_O1__1065__3.pt,ok,0.5882917643,0.6067221761,0.5552750157,0.5451347997,average,0.5882917643,0.5552750157,
O1/1065/4,,videos/sample_004259_O1__1065__4.pt,ok,0.5888685584,0.6077835560,0.5549548286,0.5445565115,average,0.5888685584,0.5549548286,
O1/1066/1,,videos/sample_004260_O1__1066__1.pt,ok,0.5488468409,0.5698563457,0.5776155091,0.5656066847,average,0.5488468409,0.5776155091,
O1/1066/2,,videos/sample_004261_O1__1066__2.pt,ok,0.5504130721,0.5707389712,0.5767115377,0.5651076860,average,0.5504130721,0.5767115377,
O1/1066/3,,videos/sample_004262_O1__1066__3.pt,ok,0.5480160117,0.5676434040,0.5780956083,0.5668597253,average,0.5480160117,0.5780956083,
O1/1066/4,,videos/sample_004263_O1__1066__4.pt,ok,0.5497649908,0.5687910914,0.5770854148,0.5662095207,average,0.5497649908,0.5770854148,
O1/1067/1,,videos/sample_004264_O1__1067__1.pt,ok,0.5592545271,0.5851481557,0.5716350435,0.5570233295,average,0.5592545271,0.5716350435,
O1/1067/2,,videos/sample_004265_O1__1067__2.pt,ok,0.5570082068,0.5808793306,0.5729205622,0.5594062472,average,0.5570082068,0.5729205622,
O1/1067/3,,videos/sample_004266_O1__1067__3.pt,ok,0.5573856831,0.5817326307,0.5727043391,0.5589291094,average,0.5573856831,0.5727043391,
O1/1067/4,,videos/sample_004267_O1__1067__4.pt,ok,0.5589371324,0.5860996246,0.5718165062,0.5564935912,average,0.5589371324,0.5718165062,
O1/1068/1,,videos/sample_004268_O1__1068__1.pt,ok,0.6109479070,0.6258178353,0.5428360670,0.5348238518,average,0.6109479070,0.5428360670,
O1/1068/2,,videos/sample_004269_O1__1068__2.pt,ok,0.6112363338,0.6247515678,0.5426795211,0.5353944212,average,0.6112363338,0.5426795211,
O1/1068/3,,videos/sample_004270_O1__1068__3.pt,ok,0.6098084450,0.6247515678,0.5434549606,0.5353944212,average,0.6098084450,0.5434549606,
O1/1068/4,,videos/sample_004271_O1__1068__4.pt,ok,0.6118242741,0.6258178353,0.5423605518,0.5348238518,average,0.6118242741,0.5423605518,
O1/1069/1,,videos/sample_004272_O1__1069__1.pt,ok,0.6320796609,0.6558546424,0.5314853416,0.5189983150,average,0.6320796609,0.5314853416,
O1/1069/2,,videos/sample_004273_O1__1069__2.pt,ok,0.6312769651,0.6558546424,0.5319121339,0.5189983150,average,0.6312769651,0.5319121339,
O1/1069/3,,videos/sample_004274_O1__1069__3.pt,ok,0.6327643991,0.6555824876,0.5311215379,0.5191395821,average,0.6327643991,0.5311215379,
O1/1069/4,,videos/sample_004275_O1__1069__4.pt,ok,0.6325998902,0.6555824876,0.5312089192,0.5191395821,average,0.6325998902,0.5312089192,
O1/1070/1,,videos/sample_004276_O1__1070__1.pt,ok,0.6199162006,0.6324384809,0.5379895189,0.5312946683,average,0.6199162006,0.5379895189,
O1/1070/2,,videos/sample_004277_O1__1070__2.pt,ok,0.6203132272,0.6336895823,0.5377759652,0.5306303803,average,0.6203132272,0.5377759652,
O1/1070/3,,videos/sample_004278_O1__1070__3.pt,ok,0.6183543205,0.6324384809,0.5388304506,0.5312946683,average,0.6183543205,0.5388304506,
O1/1070/4,,videos/sample_004279_O1__1070__4.pt,ok,0.6194615364,0.6330479980,0.5382341791,0.5309709337,average,0.6194615364,0.5382341791,
O1/1071/1,,videos/sample_004280_O1__1071__1.pt,ok,0.5597909093,0.5859428048,0.5713285108,0.5565808672,average,0.5597909093,0.5713285108,
O1/1071/2,,videos/sample_004281_O1__1071__2.pt,ok,0.5611418486,0.5875768065,0.5705572018,0.5556721558,average,0.5611418486,0.5705572018,
O1/1071/3,,videos/sample_004282_O1__1071__3.pt,ok,0.5528850555,0.5804954171,0.5752876770,0.5596210520,average,0.5528850555,0.5752876770,
O1/1071/4,,videos/sample_004283_O1__1071__4.pt,ok,0.5562941432,0.5887707472,0.5733298100,0.5550091121,average,0.5562941432,0.5733298100,
O1/1072/1,,videos/sample_004284_O1__1072__1.pt,ok,0.5594214201,0.5964471698,0.5715396496,0.5507649385,average,0.5594214201,0.5715396496,
O1/1072/2,,videos/sample_004285_O1__1072__2.pt,ok,0.5596506596,0.5895330310,0.5714086451,0.5545861988,average,0.5596506596,0.5714086451,
O1/1072/3,,videos/sample_004286_O1__1072__3.pt,ok,0.5520150661,0.5834621191,0.5757883889,0.5579632834,average,0.5520150661,0.5757883889,
O1/1072/4,,videos/sample_004287_O1__1072__4.pt,ok,0.5600761175,0.5908498764,0.5711655865,0.5538563752,average,0.5600761175,0.5711655865,
O1/1073/1,,videos/sample_004288_O1__1073__1.pt,ok,0.5617381930,0.5844916105,0.5702170546,0.5573891606,average,0.5617381930,0.5702170546,
O1/1073/2,,videos/sample_004289_O1__1073__2.pt,ok,0.5629463196,0.5866790414,0.5695285762,0.5561712429,average,0.5629463196,0.5695285762,
O1/1073/3,,videos/sample_004290_O1__1073__3.pt,ok,0.5609576106,0.5833991170,0.5706623298,0.5579984374,average,0.5609576106,0.5706623298,
O1/1073/4,,videos/sample_004291_O1__1073__4.pt,ok,0.5628655553,0.5872774124,0.5695745757,0.5558385457,average,0.5628655553,0.5695745757,
O1/1074/1,,videos/sample_004292_O1__1074__1.pt,ok,0.6198987961,0.6447415352,0.5379988824,0.5247981664,average,0.6198987961,0.5379988824,
O1/1074/2,,videos/sample_004293_O1__1074__2.pt,ok,0.6200261712,0.6447415352,0.5379303591,0.5247981664,average,0.6200261712,0.5379303591,
O1/1074/3,,videos/sample_004294_O1__1074__3.pt,ok,0.6164477468,0.6447730064,0.5398587505,0.5247816506,average,0.6164477468,0.5398587505,
O1/1074/4,,videos/sample_004295_O1__1074__4.pt,ok,0.6187179685,0.6447730064,0.5386345416,0.5247816506,average,0.6187179685,0.5386345416,
O1/1075/1,,videos/sample_004296_O1__1075__1.pt,ok,0.5424768925,0.5699616671,0.5813066337,0.5655471174,average,0.5424768925,0.5813066337,
O1/1075/2,,videos/sample_004297_O1__1075__2.pt,ok,0.5420650244,0.5584304333,0.5815461047,0.5721063186,average,0.5420650244,0.5815461047,
O1/1075/3,,videos/sample_004298_O1__1075__3.pt,ok,0.5380111933,0.5655370355,0.5839083793,0.5680549991,average,0.5380111933,0.5839083793,
O1/1075/4,,videos/sample_004299_O1__1075__4.pt,ok,0.5375607610,0.5533631444,0.5841714497,0.5750127041,average,0.5375607610,0.5841714497,
O1/1076/1,,videos/sample_004300_O1__1076__1.pt,ok,0.5547992587,0.5785232782,0.5741875128,0.5607257915,average,0.5547992587,0.5741875128,
O1/1076/2,,videos/sample_004301_O1__1076__2.pt,ok,0.5549438000,0.5785405040,0.5741045250,0.5607161326,average,0.5549438000,0.5741045250,
O1/1076/3,,videos/sample_004302_O1__1076__3.pt,ok,0.5540289283,0.5751915574,0.5746299973,0.5625970888,average,0.5540289283,0.5746299973,
O1/1076/4,,videos/sample_004303_O1__1076__4.pt,ok,0.5538387299,0.5759431720,0.5747393014,0.5621743915,average,0.5538387299,0.5747393014,
O1/1077/1,,videos/sample_004304_O1__1077__1.pt,ok,0.6148747206,0.6294898987,0.5407086307,0.5328635461,average,0.6148747206,0.5407086307,
O1/1077/2,,videos/sample_004305_O1__1077__2.pt,ok,0.6148013473,0.6302087903,0.5407483058,0.5324806126,average,0.6148013473,0.5407483058,
O1/1077/3,,videos/sample_004306_O1__1077__3.pt,ok,0.6133010983,0.6295618415,0.5415601717,0.5328252118,average,0.6133010983,0.5415601717,
O1/1077/4,,videos/sample_004307_O1__1077__4.pt,ok,0.6131506562,0.6302616000,0.5416416513,0.5324524932,average,0.6131506562,0.5416416513,
O1/1078/1,,videos/sample_004308_O1__1078__1.pt,ok,0.5361794829,0.5620310307,0.5849789104,0.5700500981,average,0.5361794829,0.5849789104,
O1/1078/2,,videos/sample_004309_O1__1078__2.pt,ok,0.5342696309,0.5585316420,0.5860972011,0.5720484194,average,0.5342696309,0.5860972011,
O1/1078/3,,videos/sample_004310_O1__1078__3.pt,ok,0.5319988728,0.5502270460,0.5874295983,0.5768188311,average,0.5319988728,0.5874295983,
O1/1078/4,,videos/sample_004311_O1__1078__4.pt,ok,0.5332130194,0.5501814485,0.5867168055,0.5768451332,average,0.5332130194,0.5867168055,
O1/1079/1,,videos/sample_004312_O1__1079__1.pt,ok,0.6185106635,0.6361728907,0.5387462148,0.5293142963,average,0.6185106635,0.5387462148,
O1/1079/2,,videos/sample_004313_O1__1079__2.pt,ok,0.6188555360,0.6359522939,0.5385604481,0.5294310742,average,0.6188555360,0.5385604481,
O1/1079/3,,videos/sample_004314_O1__1079__3.pt,ok,0.6169452071,0.6360798478,0.5395902590,0.5293635475,average,0.6169452071,0.5395902590,
O1/1079/4,,videos/sample_004315_O1__1079__4.pt,ok,0.6183598042,0.6352180839,0.5388274958,0.5298199305,average,0.6183598042,0.5388274958,
O1/1080/1,,videos/sample_004316_O1__1080__1.pt,ok,0.6390197277,0.6604278684,0.5278095676,0.5166302375,average,0.6390197277,0.5278095676,
O1/1080/2,,videos/sample_004317_O1__1080__2.pt,ok,0.6387087703,0.6604421139,0.5279737195,0.5166228779,average,0.6387087703,0.5279737195,
O1/1080/3,,videos/sample_004318_O1__1080__3.pt,ok,0.6383420229,0.6604278684,0.5281673879,0.5166302375,average,0.6383420229,0.5281673879,
O1/1080/4,,videos/sample_004319_O1__1080__4.pt,ok,0.6388230324,0.6604421139,0.5279133955,0.5166228779,average,0.6388230324,0.5279133955,
