sample_id,official_movie_path,relative_path,status,surprise_average,surprise_maximum,plausibility_average,plausibility_maximum,selected_aggregation,selected_surprise,selected_plausibility,error
O1/0001/1,,videos/sample_000000_O1__0001__1.pt,ok,0.5808389783,0.6132715940,0.5594288210,0.5415761503,average,0.5808389783,0.5594288210,
O1/0001/2,,videos/sample_000001_O1__0001__2.pt,ok,0.5809322596,0.6134937406,0.5593766392,0.5414558544,average,0.5809322596,0.5593766392,
O1/0001/3,,videos/sample_000002_O1__0001__3.pt,ok,0.5748721361,0.6060082912,0.5627768230,0.5455241021,average,0.5748721361,0.5627768230,
O1/0001/4,,videos/sample_000003_O1__0001__4.pt,ok,0.5795792937,0.6114661694,0.5601339689,0.5425548084,average,0.5795792937,0.5601339689,
O1/0002/1,,videos/sample_000004_O1__0002__1.pt,ok,0.5485199094,0.5814670920,0.5778043806,0.5590775464,average,0.5485199094,0.5778043806,
O1/0002/2,,videos/sample_000005_O1__0002__2.pt,ok,0.5555444360,0.5864382386,0.5737598007,0.5563051866,average,0.5555444360,0.5737598007,
O1/0002/3,,videos/sample_000006_O1__0002__3.pt,ok,0.5545153618,0.5785847306,0.5743505460,0.5606913346,average,0.5545153618,0.5743505460,
O1/0002/4,,videos/sample_000007_O1__0002__4.pt,ok,0.5472440720,0.5707557201,0.5785420356,0.5650982212,average,0.5472440720,0.5785420356,
O1/0003/1,,videos/sample_000008_O1__0003__1.pt,ok,0.6181614399,0.6412014365,0.5389343905,0.5266592961,average,0.6181614399,0.5389343905,
O1/0003/2,,videos/sample_000009_O1__0003__2.pt,ok,0.6168273687,0.6412014365,0.5396538472,0.5266592961,average,0.6168273687,0.5396538472,
O1/0003/3,,videos/sample_000010_O1__0003__3.pt,ok,0.6179957986,0.6420237422,0.5390236677,0.5262263992,average,0.6179957986,0.5390236677,
O1/0003/4,,videos/sample_000011_O1__0003__4.pt,ok,0.6178839207,0.6420237422,0.5390839760,0.5262263992,average,0.6178839207,0.5390839760,
O1/0004/1,,videos/sample_000012_O1__0004__1.pt,ok,0.5733525157,0.5956985354,0.5636326803,0.5511774144,average,0.5733525157,0.5636326803,
O1/0004/2,,videos/sample_000013_O1__0004__2.pt,ok,0.5735729337,0.5946973562,0.5635084592,0.5517295181,average,0.5735729337,0.5635084592,
O1/0004/3,,videos/sample_000014_O1__0004__3.pt,ok,0.5724843740,0.5944383144,0.5641222058,0.5518724576,average,0.5724843740,0.5641222058,
O1/0004/4,,videos/sample_000015_O1__0004__4.pt,ok,0.5740267634,0.5956985354,0.5632527803,0.5511774144,average,0.5740267634,0.5632527803,
O1/0005/1,,videos/sample_000016_O1__0005__1.pt,ok,0.5668973923,0.5976262689,0.5672827670,0.5501159148,average,0.5668973923,0.5672827670,
O1/0005/2,,videos/sample_000017_O1__0005__2.pt,ok,0.5686432123,0.6025921702,0.5662932574,0.5473908651,average,0.5686432123,0.5662932574,
O1/0005/3,,videos/sample_000018_O1__0005__3.pt,ok,0.5673890114,0.6015007496,0.5670039485,0.5479886250,average,0.5673890114,0.5670039485,
O1/0005/4,,videos/sample_000019_O1__0005__4.pt,ok,0.5645803213,0.5944896936,0.5685987255,0.5518441036,average,0.5645803213,0.5685987255,
O1/0006/1,,videos/sample_000020_O1__0006__1.pt,ok,0.5683970451,0.5930794477,0.5664326774,0.5526228885,average,0.5683970451,0.5664326774,
O1/0006/2,,videos/sample_000021_O1__0006__2.pt,ok,0.5656388998,0.5851594806,0.5679971375,0.5570170213,average,0.5656388998,0.5679971375,
O1/0006/3,,videos/sample_000022_O1__0006__3.pt,ok,0.5653790832,0.5937462449,0.5681447318,0.5522545239,average,0.5653790832,0.5681447318,
O1/0006/4,,videos/sample_000023_O1__0006__4.pt,ok,0.5610398054,0.5820389986,0.5706154263,0.5587578977,average,0.5610398054,0.5706154263,
O1/0007/1,,videos/sample_000024_O1__0007__1.pt,ok,0.5733343959,0.6071228385,0.5636428933,0.5449164284,average,0.5733343959,0.5636428933,
O1/0007/2,,videos/sample_000025_O1__0007__2.pt,ok,0.5679758191,0.6049169302,0.5666713238,0.5461197908,average,0.5679758191,0.5666713238,
O1/0007/3,,videos/sample_000026_O1__0007__3.pt,ok,0.5727412701,0.6074372530,0.5639773036,0.5447451257,average,0.5727412701,0.5639773036,
O1/0007/4,,videos/sample_000027_O1__0007__4.pt,ok,0.5619647503,0.5836209059,0.5700878825,0.5578746933,average,0.5619647503,0.5700878825,
O1/0008/1,,videos/sample_000028_O1__0008__1.pt,ok,0.5653445125,0.5905832052,0.5681643733,0.5540040924,average,0.5653445125,0.5681643733,
O1/0008/2,,videos/sample_000029_O1__0008__2.pt,ok,0.5599758625,0.5782616138,0.5712228516,0.5608725326,average,0.5599758625,0.5712228516,
O1/0008/3,,videos/sample_000030_O1__0008__3.pt,ok,0.5639027357,0.5892374516,0.5689841303,0.5547501474,average,0.5639027357,0.5689841303,
O1/0008/4,,videos/sample_000031_O1__0008__4.pt,ok,0.5622302294,0.5803499222,0.5699365561,0.5597024800,average,0.5622302294,0.5699365561,
O1/0009/1,,videos/sample_000032_O1__0009__1.pt,ok,0.6194520593,0.6442410946,0.5382392800,0.5250608625,average,0.6194520593,0.5382392800,
O1/0009/2,,videos/sample_000033_O1__0009__2.pt,ok,0.6179561615,0.6443290114,0.5390450335,0.5250147028,average,0.6179561615,0.5390450335,
O1/0009/3,,videos/sample_000034_O1__0009__3.pt,ok,0.6191114783,0.6448908448,0.5384226253,0.5247198149,average,0.6191114783,0.5384226253,
O1/0009/4,,videos/sample_000035_O1__0009__4.pt,ok,0.6195023656,0.6448908448,0.5382122039,0.5247198149,average,0.6195023656,0.5382122039,
O1/0010/1,,videos/sample_000036_O1__0010__1.pt,ok,0.5708515644,0.6068123579,0.5650440624,0.5450856406,average,0.5708515644,0.5650440624,
O1/0010/2,,videos/sample_000037_O1__0010__2.pt,ok,0.5590048432,0.5910943747,0.5717777894,0.5537209748,average,0.5590048432,0.5717777894,
O1/0010/3,,videos/sample_000038_O1__0010__3.pt,ok,0.5725637078,0.6087852120,0.5640774536,0.5440113262,average,0.5725637078,0.5640774536,
O1/0010/4,,videos/sample_000039_O1__0010__4.pt,ok,0.5677279234,0.6086627245,0.5668118166,0.5440779649,average,0.5677279234,0.5668118166,
O1/0011/1,,videos/sample_000040_O1__0011__1.pt,ok,0.6243897080,0.6378921866,0.5355881940,0.5284050302,average,0.6243897080,0.5355881940,
O1/0011/2,,videos/sample_000041_O1__0011__2.pt,ok,0.6226574779,0.6355640292,0.5365167600,0.5296366735,average,0.6226574779,0.5365167600,
O1/0011/3,,videos/sample_000042_O1__0011__3.pt,ok,0.6242479086,0.6374701262,0.5356641455,0.5286280962,average,0.6242479086,0.5356641455,
O1/0011/4,,videos/sample_000043_O1__0011__4.pt,ok,0.6238110065,0.6368709207,0.5358982294,0.5289449480,average,0.6238110065,0.5358982294,
O1/0012/1,,videos/sample_000044_O1__0012__1.pt,ok,0.6209332347,0.6478405595,0.5374426434,0.5231743216,average,0.6209332347,0.5374426434,
O1/0012/2,,videos/sample_000045_O1__0012__2.pt,ok,0.6207385063,0.6479521990,0.5375473089,0.5231159180,average,0.6207385063,0.5375473089,
O1/0012/3,,videos/sample_000046_O1__0012__3.pt,ok,0.6209853888,0.6478405595,0.5374146143,0.5231743216,average,0.6209853888,0.5374146143,
O1/0012/4,,videos/sample_000047_O1__0012__4.pt,ok,0.6199282408,0.6479521990,0.5379830415,0.5231159180,average,0.6199282408,0.5379830415,
O1/0013/1,,videos/sample_000048_O1__0013__1.pt,ok,0.6256418824,0.6488949060,0.5349179639,0.5226230053,average,0.6256418824,0.5349179639,
O1/0013/2,,videos/sample_000049_O1__0013__2.pt,ok,0.6258287430,0.6479925513,0.5348180181,0.5230948095,average,0.6258287430,0.5348180181,
O1/0013/3,,videos/sample_000050_O1__0013__3.pt,ok,0.6243904829,0.6488949060,0.5355877790,0.5226230053,average,0.6243904829,0.5355877790,
O1/0013/4,,videos/sample_000051_O1__0013__4.pt,ok,0.6252859831,0.6479925513,0.5351083747,0.5230948095,average,0.6252859831,0.5351083747,
O1/0014/1,,videos/sample_000052_O1__0014__1.pt,ok,0.5586313605,0.5952041149,0.5719913783,0.5514499952,average,0.5586313605,0.5719913783,
O1/0014/2,,videos/sample_000053_O1__0014__2.pt,ok,0.5447803736,0.5668752193,0.5799691459,0.5672953455,average,0.5447803736,0.5799691459,
O1/0014/3,,videos/sample_000054_O1__0014__3.pt,ok,0.5558315516,0.5969380140,0.5735950889,0.5504946650,average,0.5558315516,0.5735950889,
O1/0014/4,,videos/sample_000055_O1__0014__4.pt,ok,0.5606573820,0.5958736539,0.5708336847,0.5510809015,average,0.5606573820,0.5708336847,
O1/0015/1,,videos/sample_000056_O1__0015__1.pt,ok,0.6207271814,0.6330413818,0.5375533966,0.5309744467,average,0.6207271814,0.5375533966,
O1/0015/2,,videos/sample_000057_O1__0015__2.pt,ok,0.6190566421,0.6335169077,0.5384521512,0.5307220147,average,0.6190566421,0.5384521512,
O1/0015/3,,videos/sample_000058_O1__0015__3.pt,ok,0.6207871437,0.6351877451,0.5375211646,0.5298360049,average,0.6207871437,0.5375211646,
O1/0015/4,,videos/sample_000059_O1__0015__4.pt,ok,0.6200048327,0.6339098215,0.5379418379,0.5305135276,average,0.6200048327,0.5379418379,
O1/0016/1,,videos/sample_000060_O1__0016__1.pt,ok,0.5760864019,0.6095871329,0.5620938771,0.5435752471,average,0.5760864019,0.5620938771,
O1/0016/2,,videos/sample_000061_O1__0016__2.pt,ok,0.5730991364,0.6065188646,0.5637755113,0.5452456431,average,0.5730991364,0.5637755113,
O1/0016/3,,videos/sample_000062_O1__0016__3.pt,ok,0.5766380429,0.6089038849,0.5617838886,0.5439467707,average,0.5766380429,0.5617838886,
O1/0016/4,,videos/sample_000063_O1__0016__4.pt,ok,0.5658333302,0.5863363743,0.5678867124,0.5563618571,average,0.5658333302,0.5678867124,
O1/0017/1,,videos/sample_000064_O1__0017__1.pt,ok,0.6199301481,0.6338970065,0.5379820153,0.5305203262,average,0.6199301481,0.5379820153,
O1/0017/2,,videos/sample_000065_O1__0017__2.pt,ok,0.6213777661,0.6342983246,0.5372037863,0.5303074615,average,0.6213777661,0.5372037863,
O1/0017/3,,videos/sample_000066_O1__0017__3.pt,ok,0.6218485832,0.6345694065,0.5369509211,0.5301637242,average,0.6218485832,0.5369509211,
O1/0017/4,,videos/sample_000067_O1__0017__4.pt,ok,0.6216944456,0.6352164149,0.5370336918,0.5298208148,average,0.6216944456,0.5370336918,
O1/0018/1,,videos/sample_000068_O1__0018__1.pt,ok,0.5669767261,0.5989883542,0.5672377641,0.5493671200,average,0.5669767261,0.5672377641,
O1/0018/2,,videos/sample_000069_O1__0018__2.pt,ok,0.5525307059,0.5734794140,0.5754915660,0.5635611608,average,0.5525307059,0.5754915660,
O1/0018/3,,videos/sample_000070_O1__0018__3.pt,ok,0.5655813217,0.5974400640,0.5680298427,0.5502183586,average,0.5655813217,0.5680298427,
O1/0018/4,,videos/sample_000071_O1__0018__4.pt,ok,0.5628190637,0.5947539806,0.5696010567,0.5516982776,average,0.5628190637,0.5696010567,
O1/0019/1,,videos/sample_000072_O1__0019__1.pt,ok,0.6207478642,0.6412357688,0.5375422786,0.5266412150,average,0.6207478642,0.5375422786,
O1/0019/2,,videos/sample_000073_O1__0019__2.pt,ok,0.6208140850,0.6429368258,0.5375066833,0.5257461298,average,0.6208140850,0.5375066833,
O1/0019/3,,videos/sample_000074_O1__0019__3.pt,ok,0.6192437410,0.6412357688,0.5383514168,0.5266412150,average,0.6192437410,0.5383514168,
O1/0019/4,,videos/sample_000075_O1__0019__4.pt,ok,0.6204699278,0.6429368258,0.5376917019,0.5257461298,average,0.6204699278,0.5376917019,
O1/0020/1,,videos/sample_000076_O1__0020__1.pt,ok,0.5728287697,0.6039700508,0.5639279580,0.5466371453,average,0.5728287697,0.5639279580,
O1/0020/2,,videos/sample_000077_O1__0020__2.pt,ok,0.5735984445,0.6034922004,0.5634940839,0.5468984185,average,0.5735984445,0.5634940839,
O1/0020/3,,videos/sample_000078_O1__0020__3.pt,ok,0.5747096539,0.6055320501,0.5628682717,0.5457839649,average,0.5747096539,0.5628682717,
O1/0020/4,,videos/sample_000079_O1__0020__4.pt,ok,0.5638052821,0.5838247538,0.5690395826,0.5577609833,average,0.5638052821,0.5690395826,
O1/0021/1,,videos/sample_000080_O1__0021__1.pt,ok,0.5631852150,0.5997903347,0.5693925347,0.5489267149,average,0.5631852150,0.5693925347,
O1/0021/2,,videos/sample_000081_O1__0021__2.pt,ok,0.5521628261,0.5723744631,0.5757033168,0.5641842124,average,0.5521628261,0.5757033168,
O1/0021/3,,videos/sample_000082_O1__0021__3.pt,ok,0.5652735829,0.5986362696,0.5682046744,0.5495605778,average,0.5652735829,0.5682046744,
O1/0021/4,,videos/sample_000083_O1__0021__4.pt,ok,0.5638535023,0.5950750709,0.5690121441,0.5515211611,average,0.5638535023,0.5690121441,
O1/0022/1,,videos/sample_000084_O1__0022__1.pt,ok,0.5638507605,0.5914531946,0.5690137042,0.5535223243,average,0.5638507605,0.5690137042,
O1/0022/2,,videos/sample_000085_O1__0022__2.pt,ok,0.5640305877,0.5951979756,0.5689113892,0.5514533807,average,0.5640305877,0.5689113892,
O1/0022/3,,videos/sample_000086_O1__0022__3.pt,ok,0.5599004626,0.5946587324,0.5712659233,0.5517508284,average,0.5599004626,0.5712659233,
O1/0022/4,,videos/sample_000087_O1__0022__4.pt,ok,0.5525307059,0.5734794140,0.5754915660,0.5635611608,average,0.5525307059,0.5754915660,
O1/0023/1,,videos/sample_000088_O1__0023__1.pt,ok,0.5668203235,0.5947897434,0.5673264885,0.5516785477,average,0.5668203235,0.5673264885,
O1/0023/2,,videos/sample_000089_O1__0023__2.pt,ok,0.5670580864,0.5885617137,0.5671916154,0.5551251397,average,0.5670580864,0.5671916154,
O1/0023/3,,videos/sample_000090_O1__0023__3.pt,ok,0.5650013089,0.5854409933,0.5683594028,0.5568602360,average,0.5650013089,0.5683594028,
O1/0023/4,,videos/sample_000091_O1__0023__4.pt,ok,0.5688124895,0.5950620174,0.5661974050,0.5515283604,average,0.5688124895,0.5661974050,
O1/0024/1,,videos/sample_000092_O1__0024__1.pt,ok,0.5610252619,0.5978984833,0.5706237251,0.5499661857,average,0.5610252619,0.5706237251,
O1/0024/2,,videos/sample_000093_O1__0024__2.pt,ok,0.5433040857,0.5668584108,0.5808259796,0.5673048810,average,0.5433040857,0.5808259796,
O1/0024/3,,videos/sample_000094_O1__0024__3.pt,ok,0.5599276423,0.5968375206,0.5712503967,0.5505499889,average,0.5599276423,0.5712503967,
O1/0024/4,,videos/sample_000095_O1__0024__4.pt,ok,0.5523608327,0.5842154622,0.5755893350,0.5575431039,average,0.5523608327,0.5755893350,
O1/0025/1,,videos/sample_000096_O1__0025__1.pt,ok,0.5828209519,0.6135014892,0.5583211459,0.5414516589,average,0.5828209519,0.5583211459,
O1/0025/2,,videos/sample_000097_O1__0025__2.pt,ok,0.5798618197,0.6113715768,0.5599757388,0.5426061325,average,0.5798618197,0.5599757388,
O1/0025/3,,videos/sample_000098_O1__0025__3.pt,ok,0.5839037299,0.6157488823,0.5577169352,0.5402361705,average,0.5839037299,0.5577169352,
O1/0025/4,,videos/sample_000099_O1__0025__4.pt,ok,0.5846514702,0.6165256500,0.5573000637,0.5398166954,average,0.5846514702,0.5573000637,
O1/0026/1,,videos/sample_000100_O1__0026__1.pt,ok,0.5746685863,0.6071081758,0.5628913878,0.5449244184,average,0.5746685863,0.5628913878,
O1/0026/2,,videos/sample_000101_O1__0026__2.pt,ok,0.5810025930,0.6141493917,0.5593372977,0.5411009646,average,0.5810025930,0.5593372977,
O1/0026/3,,videos/sample_000102_O1__0026__3.pt,ok,0.5806185603,0.6169021130,0.5595521427,0.5396135127,average,0.5806185603,0.5595521427,
O1/0026/4,,videos/sample_000103_O1__0026__4.pt,ok,0.5825622678,0.6152082086,0.5584655934,0.5405283410,average,0.5825622678,0.5584655934,
O1/0027/1,,videos/sample_000104_O1__0027__1.pt,ok,0.5523669720,0.5814864039,0.5755858013,0.5590667496,average,0.5523669720,0.5755858013,
O1/0027/2,,videos/sample_000105_O1__0027__2.pt,ok,0.5503592491,0.5804263353,0.5767425789,0.5596597130,average,0.5503592491,0.5767425789,
O1/0027/3,,videos/sample_000106_O1__0027__3.pt,ok,0.5488045216,0.5720055699,0.5776399539,0.5643923745,average,0.5488045216,0.5776399539,
O1/0027/4,,videos/sample_000107_O1__0027__4.pt,ok,0.5508225560,0.5747657418,0.5764754320,0.5628367025,average,0.5508225560,0.5764754320,
O1/0028/1,,videos/sample_000108_O1__0028__1.pt,ok,0.5713939667,0.6052124500,0.5647376643,0.5459584254,average,0.5713939667,0.5647376643,
O1/0028/2,,videos/sample_000109_O1__0028__2.pt,ok,0.5671607256,0.5965636373,0.5671334022,0.5507007960,average,0.5671607256,0.5671334022,
O1/0028/3,,videos/sample_000110_O1__0028__3.pt,ok,0.5696239471,0.6034096479,0.5657381461,0.5469435682,average,0.5696239471,0.5657381461,
O1/0028/4,,videos/sample_000111_O1__0028__4.pt,ok,0.5696920753,0.5992238522,0.5656996048,0.5492377604,average,0.5696920753,0.5656996048,
O1/0029/1,,videos/sample_000112_O1__0029__1.pt,ok,0.6210042238,0.6442691684,0.5374044921,0.5250461222,average,0.6210042238,0.5374044921,
O1/0029/2,,videos/sample_000113_O1__0029__2.pt,ok,0.6189218163,0.6449199915,0.5385247533,0.5247045213,average,0.6189218163,0.5385247533,
O1/0029/3,,videos/sample_000114_O1__0029__3.pt,ok,0.6210115552,0.6449199915,0.5374005522,0.5247045213,average,0.6210115552,0.5374005522,
O1/0029/4,,videos/sample_000115_O1__0029__4.pt,ok,0.6214269996,0.6442691684,0.5371773386,0.5250461222,average,0.6214269996,0.5371773386,
O1/0030/1,,videos/sample_000116_O1__0030__1.pt,ok,0.5619647503,0.5836209059,0.5700878825,0.5578746933,average,0.5619647503,0.5700878825,
O1/0030/2,,videos/sample_000117_O1__0030__2.pt,ok,0.5645551085,0.5870866776,0.5686130616,0.5559445736,average,0.5645551085,0.5686130616,
O1/0030/3,,videos/sample_000118_O1__0030__3.pt,ok,0.5664511323,0.5946232677,0.5675359791,0.5517703965,average,0.5664511323,0.5675359791,
O1/0030/4,,videos/sample_000119_O1__0030__4.pt,ok,0.5652951598,0.5964872241,0.5681924144,0.5507428784,average,0.5652951598,0.5681924144,
O1/0031/1,,videos/sample_000120_O1__0031__1.pt,ok,0.6303195357,0.6512321234,0.5324216461,0.5214029481,average,0.6303195357,0.5324216461,
O1/0031/2,,videos/sample_000121_O1__0031__2.pt,ok,0.6296495199,0.6500915289,0.5327784965,0.5219979967,average,0.6296495199,0.5327784965,
O1/0031/3,,videos/sample_000122_O1__0031__3.pt,ok,0.6298805475,0.6500915289,0.5326554242,0.5219979967,average,0.6298805475,0.5326554242,
O1/0031/4,,videos/sample_000123_O1__0031__4.pt,ok,0.6295469403,0.6512321234,0.5328331515,0.5214029481,average,0.6295469403,0.5328331515,
O1/0032/1,,videos/sample_000124_O1__0032__1.pt,ok,0.5533210039,0.5867467523,0.5750369359,0.5561335853,average,0.5533210039,0.5750369359,
O1/0032/2,,videos/sample_000125_O1__0032__2.pt,ok,0.5445789695,0.5689948201,0.5800859658,0.5660941793,average,0.5445789695,0.5800859658,
O1/0032/3,,videos/sample_000126_O1__0032__3.pt,ok,0.5496458411,0.5728687048,0.5771541785,0.5639054379,average,0.5496458411,0.5771541785,
O1/0032/4,,videos/sample_000127_O1__0032__4.pt,ok,0.5519008040,0.5878164172,0.5758541835,0.5555390267,average,0.5519008040,0.5758541835,
O1/0033/1,,videos/sample_000128_O1__0033__1.pt,ok,0.5961791873,0.6176116467,0.5509125536,0.5392307745,average,0.5961791873,0.5509125536,
O1/0033/2,,videos/sample_000129_O1__0033__2.pt,ok,0.5944884419,0.6120964289,0.5518447943,0.5422129658,average,0.5944884419,0.5518447943,
O1/0033/3,,videos/sample_000130_O1__0033__3.pt,ok,0.5953751206,0.6137292981,0.5513557022,0.5413283254,average,0.5953751206,0.5513557022,
O1/0033/4,,videos/sample_000131_O1__0033__4.pt,ok,0.5959649086,0.6141695976,0.5510306151,0.5410900312,average,0.5959649086,0.5510306151,
O1/0034/1,,videos/sample_000132_O1__0034__1.pt,ok,0.6194459200,0.6450659633,0.5382425844,0.5246279348,average,0.6194459200,0.5382425844,
O1/0034/2,,videos/sample_000133_O1__0034__2.pt,ok,0.6179032922,0.6450659633,0.5390735332,0.5246279348,average,0.6179032922,0.5390735332,
O1/0034/3,,videos/sample_000134_O1__0034__3.pt,ok,0.6200445890,0.6436598301,0.5379204517,0.5253661504,average,0.6200445890,0.5379204517,
O1/0034/4,,videos/sample_000135_O1__0034__4.pt,ok,0.6205326915,0.6436598301,0.5376579555,0.5253661504,average,0.6205326915,0.5376579555,
O1/0035/1,,videos/sample_000136_O1__0035__1.pt,ok,0.6303699017,0.6495925188,0.5323948308,0.5222585439,average,0.6303699017,0.5323948308,
O1/0035/2,,videos/sample_000137_O1__0035__2.pt,ok,0.6299016476,0.6496390700,0.5326441853,0.5222342327,average,0.6299016476,0.5326441853,
O1/0035/3,,videos/sample_000138_O1__0035__3.pt,ok,0.6290657520,0.6496390700,0.5330896063,0.5222342327,average,0.6290657520,0.5330896063,
O1/0035/4,,videos/sample_000139_O1__0035__4.pt,ok,0.6301001310,0.6495925188,0.5325384747,0.5222585439,average,0.6301001310,0.5325384747,
O1/0036/1,,videos/sample_000140_O1__0036__1.pt,ok,0.5710372925,0.5959551334,0.5649391276,0.5510360015,average,0.5710372925,0.5649391276,
O1/0036/2,,videos/sample_000141_O1__0036__2.pt,ok,0.5699298382,0.5945818424,0.5655651184,0.5517932542,average,0.5699298382,0.5655651184,
O1/0036/3,,videos/sample_000142_O1__0036__3.pt,ok,0.5711205602,0.5955543518,0.5648920883,0.5512568909,average,0.5711205602,0.5648920883,
O1/0036/4,,videos/sample_000143_O1__0036__4.pt,ok,0.5718225837,0.5974328518,0.5644956600,0.5502223269,average,0.5718225837,0.5644956600,
O1/0037/1,,videos/sample_000144_O1__0037__1.pt,ok,0.5663863420,0.5990368724,0.5675727511,0.5493404664,average,0.5663863420,0.5675727511,
O1/0037/2,,videos/sample_000145_O1__0037__2.pt,ok,0.5676491857,0.6013955474,0.5668564479,0.5480462776,average,0.5676491857,0.5668564479,
O1/0037/3,,videos/sample_000146_O1__0037__3.pt,ok,0.5660352111,0.6052157879,0.5677720785,0.5459566031,average,0.5660352111,0.5677720785,
O1/0037/4,,videos/sample_000147_O1__0037__4.pt,ok,0.5545068383,0.5737887025,0.5743554415,0.5633868848,average,0.5545068383,0.5743554415,
O1/0038/1,,videos/sample_000148_O1__0038__1.pt,ok,0.5772599578,0.6005243063,0.5614346155,0.5485239661,average,0.5772599578,0.5614346155,
O1/0038/2,,videos/sample_000149_O1__0038__2.pt,ok,0.5770509839,0.5995974541,0.5615519529,0.5490326025,average,0.5770509839,0.5615519529,
O1/0038/3,,videos/sample_000150_O1__0038__3.pt,ok,0.5760680437,0.5992013216,0.5621041962,0.5492501352,average,0.5760680437,0.5621041962,
O1/0038/4,,videos/sample_000151_O1__0038__4.pt,ok,0.5756835938,0.5986546278,0.5623203387,0.5495504889,average,0.5756835938,0.5623203387,
O1/0039/1,,videos/sample_000152_O1__0039__1.pt,ok,0.5745556355,0.6045140624,0.5629549705,0.5463398492,average,0.5745556355,0.5629549705,
O1/0039/2,,videos/sample_000153_O1__0039__2.pt,ok,0.5696426630,0.5977113843,0.5657275580,0.5500690934,average,0.5696426630,0.5657275580,
O1/0039/3,,videos/sample_000154_O1__0039__3.pt,ok,0.5772739649,0.6061326265,0.5614267514,0.5454562784,average,0.5772739649,0.5614267514,
O1/0039/4,,videos/sample_000155_O1__0039__4.pt,ok,0.5767329335,0.6091852188,0.5617305831,0.5437937615,average,0.5767329335,0.5617305831,
O1/0040/1,,videos/sample_000156_O1__0040__1.pt,ok,0.6305570006,0.6499322653,0.5322952296,0.5220811386,average,0.6305570006,0.5322952296,
O1/0040/2,,videos/sample_000157_O1__0040__2.pt,ok,0.6295462847,0.6499322653,0.5328335009,0.5220811386,average,0.6295462847,0.5328335009,
O1/0040/3,,videos/sample_000158_O1__0040__3.pt,ok,0.6307390928,0.6515503526,0.5321983117,0.5212370488,average,0.6307390928,0.5321983117,
O1/0040/4,,videos/sample_000159_O1__0040__4.pt,ok,0.6306844950,0.6515503526,0.5322273693,0.5212370488,average,0.6306844950,0.5322273693,
O1/0041/1,,videos/sample_000160_O1__0041__1.pt,ok,0.6241559982,0.6465098262,0.5357133808,0.5238709906,average,0.6241559982,0.5357133808,
O1/0041/2,,videos/sample_000161_O1__0041__2.pt,ok,0.6250514984,0.6459431052,0.5352338641,0.5241679634,average,0.6250514984,0.5352338641,
O1/0041/3,,videos/sample_000162_O1__0041__3.pt,ok,0.6247685552,0.6465098262,0.5353853263,0.5238709906,average,0.6247685552,0.5353853263,
O1/0041/4,,videos/sample_000163_O1__0041__4.pt,ok,0.6250270009,0.6459431052,0.5352469762,0.5241679634,average,0.6250270009,0.5352469762,
O1/0042/1,,videos/sample_000164_O1__0042__1.pt,ok,0.6312975883,0.6511997581,0.5319011643,0.5214198237,average,0.6312975883,0.5319011643,
O1/0042/2,,videos/sample_000165_O1__0042__2.pt,ok,0.6284715533,0.6518877149,0.5334064616,0.5210612328,average,0.6284715533,0.5334064616,
O1/0042/3,,videos/sample_000166_O1__0042__3.pt,ok,0.6306579709,0.6518877149,0.5322414864,0.5210612328,average,0.6306579709,0.5322414864,
O1/0042/4,,videos/sample_000167_O1__0042__4.pt,ok,0.6307200193,0.6511997581,0.5322084626,0.5214198237,average,0.6307200193,0.5322084626,
O1/0043/1,,videos/sample_000168_O1__0043__1.pt,ok,0.5698290467,0.6060041189,0.5656221254,0.5455263782,average,0.5698290467,0.5656221254,
O1/0043/2,,videos/sample_000169_O1__0043__2.pt,ok,0.5649088025,0.5957860947,0.5684119821,0.5511291559,average,0.5649088025,0.5684119821,
O1/0043/3,,videos/sample_000170_O1__0043__3.pt,ok,0.5713877082,0.6079950333,0.5647411987,0.5444413623,average,0.5713877082,0.5647411987,
O1/0043/4,,videos/sample_000171_O1__0043__4.pt,ok,0.5695173144,0.6046844721,0.5657984756,0.5462467556,average,0.5695173144,0.5657984756,
O1/0044/1,,videos/sample_000172_O1__0044__1.pt,ok,0.6251232624,0.6382355094,0.5351954550,0.5282236479,average,0.6251232624,0.5351954550,
O1/0044/2,,videos/sample_000173_O1__0044__2.pt,ok,0.6256458759,0.6382355094,0.5349158277,0.5282236479,average,0.6256458759,0.5349158277,
O1/0044/3,,videos/sample_000174_O1__0044__3.pt,ok,0.6262806654,0.6395462751,0.5345763765,0.5275317240,average,0.6262806654,0.5345763765,
O1/0044/4,,videos/sample_000175_O1__0044__4.pt,ok,0.6254893541,0.6395462751,0.5349995602,0.5275317240,average,0.6254893541,0.5349995602,
O1/0045/1,,videos/sample_000176_O1__0045__1.pt,ok,0.5693879128,0.6155807376,0.5658716956,0.5403270160,average,0.5693879128,0.5658716956,
O1/0045/2,,videos/sample_000177_O1__0045__2.pt,ok,0.5707519054,0.6065618396,0.5651003769,0.5452222117,average,0.5707519054,0.5651003769,
O1/0045/3,,videos/sample_000178_O1__0045__3.pt,ok,0.5638067126,0.6008742452,0.5690387686,0.5483320498,average,0.5638067126,0.5690387686,
O1/0045/4,,videos/sample_000179_O1__0045__4.pt,ok,0.5543404818,0.5778586268,0.5744509972,0.5610986025,average,0.5543404818,0.5744509972,
O1/0046/1,,videos/sample_000180_O1__0046__1.pt,ok,0.5621734262,0.5822361708,0.5699689313,0.5586477370,average,0.5621734262,0.5699689313,
O1/0046/2,,videos/sample_000181_O1__0046__2.pt,ok,0.5631066561,0.5874795318,0.5694372673,0.5557262113,average,0.5631066561,0.5694372673,
O1/0046/3,,videos/sample_000182_O1__0046__3.pt,ok,0.5602676272,0.5806453824,0.5710562132,0.5595371346,average,0.5602676272,0.5710562132,
O1/0046/4,,videos/sample_000183_O1__0046__4.pt,ok,0.5620970130,0.5897419453,0.5700124861,0.5544703500,average,0.5620970130,0.5700124861,
O1/0047/1,,videos/sample_000184_O1__0047__1.pt,ok,0.5701680183,0.6092575788,0.5654304280,0.5437544140,average,0.5701680183,0.5654304280,
O1/0047/2,,videos/sample_000185_O1__0047__2.pt,ok,0.5596281886,0.5957239866,0.5714214854,0.5511633865,average,0.5596281886,0.5714214854,
O1/0047/3,,videos/sample_000186_O1__0047__3.pt,ok,0.5666395426,0.6098064184,0.5674290596,0.5434560620,average,0.5666395426,0.5674290596,
O1/0047/4,,videos/sample_000187_O1__0047__4.pt,ok,0.5689635277,0.6058230400,0.5661118940,0.5456251704,average,0.5689635277,0.5661118940,
O1/0048/1,,videos/sample_000188_O1__0048__1.pt,ok,0.5687974095,0.6007113457,0.5662059433,0.5484213801,average,0.5687974095,0.5662059433,
O1/0048/2,,videos/sample_000189_O1__0048__2.pt,ok,0.5761637688,0.6119797230,0.5620503914,0.5422762490,average,0.5761637688,0.5620503914,
O1/0048/3,,videos/sample_000190_O1__0048__3.pt,ok,0.5775171518,0.6120880246,0.5612902364,0.5422175227,average,0.5775171518,0.5612902364,
O1/0048/4,,videos/sample_000191_O1__0048__4.pt,ok,0.5761805177,0.6072942615,0.5620409777,0.5448230252,average,0.5761805177,0.5620409777,
O1/0049/1,,videos/sample_000192_O1__0049__1.pt,ok,0.5841261148,0.6200629473,0.5575929211,0.5379105765,average,0.5841261148,0.5575929211,
O1/0049/2,,videos/sample_000193_O1__0049__2.pt,ok,0.5818929076,0.6154053807,0.5588395331,0.5404217743,average,0.5818929076,0.5588395331,
O1/0049/3,,videos/sample_000194_O1__0049__3.pt,ok,0.5770533681,0.6140516400,0.5615506140,0.5411538607,average,0.5770533681,0.5615506140,
O1/0049/4,,videos/sample_000195_O1__0049__4.pt,ok,0.5833393335,0.6247663498,0.5580317975,0.5353865071,average,0.5833393335,0.5580317975,
O1/0050/1,,videos/sample_000196_O1__0050__1.pt,ok,0.5549160242,0.5911363363,0.5741204714,0.5536977403,average,0.5549160242,0.5741204714,
O1/0050/2,,videos/sample_000197_O1__0050__2.pt,ok,0.5428270102,0.5676113963,0.5811031436,0.5668778694,average,0.5428270102,0.5811031436,
O1/0050/3,,videos/sample_000198_O1__0050__3.pt,ok,0.5572972298,0.5921189189,0.5727549989,0.5531539537,average,0.5572972298,0.5727549989,
O1/0050/4,,videos/sample_000199_O1__0050__4.pt,ok,0.5534324646,0.5931041837,0.5749728455,0.5526092190,average,0.5534324646,0.5749728455,
O1/0051/1,,videos/sample_000200_O1__0051__1.pt,ok,0.5587155819,0.5956796408,0.5719432065,0.5511878288,average,0.5587155819,0.5719432065,
O1/0051/2,,videos/sample_000201_O1__0051__2.pt,ok,0.5557787418,0.5987543464,0.5736253811,0.5494956913,average,0.5557787418,0.5736253811,
O1/0051/3,,videos/sample_000202_O1__0051__3.pt,ok,0.5440253019,0.5670481324,0.5804072295,0.5671972612,average,0.5440253019,0.5804072295,
O1/0051/4,,videos/sample_000203_O1__0051__4.pt,ok,0.5587679148,0.5970953703,0.5719132758,0.5504080480,average,0.5587679148,0.5719132758,
O1/0052/1,,videos/sample_000204_O1__0052__1.pt,ok,0.5815430880,0.6027651429,0.5590350604,0.5472961897,average,0.5815430880,0.5590350604,
O1/0052/2,,videos/sample_000205_O1__0052__2.pt,ok,0.5824863911,0.6028232574,0.5585079695,0.5472643847,average,0.5824863911,0.5585079695,
O1/0052/3,,videos/sample_000206_O1__0052__3.pt,ok,0.5812464952,0.6014162302,0.5592008907,0.5480349426,average,0.5812464952,0.5592008907,
O1/0052/4,,videos/sample_000207_O1__0052__4.pt,ok,0.5825450420,0.6028232574,0.5584752134,0.5472643847,average,0.5825450420,0.5584752134,
O1/0053/1,,videos/sample_000208_O1__0053__1.pt,ok,0.6337309480,0.6438587308,0.5306084309,0.5252616651,average,0.6337309480,0.5306084309,
O1/0053/2,,videos/sample_000209_O1__0053__2.pt,ok,0.6332744956,0.6435604692,0.5308506837,0.5254183539,average,0.6332744956,0.5308506837,
O1/0053/3,,videos/sample_000210_O1__0053__3.pt,ok,0.6332926750,0.6441504955,0.5308410332,0.5251084346,average,0.6332926750,0.5308410332,
O1/0053/4,,videos/sample_000211_O1__0053__4.pt,ok,0.6340678930,0.6441504955,0.5304296752,0.5251084346,average,0.6340678930,0.5304296752,
O1/0054/1,,videos/sample_000212_O1__0054__1.pt,ok,0.5706669688,0.6079390049,0.5651483766,0.5444718673,average,0.5706669688,0.5651483766,
O1/0054/2,,videos/sample_000213_O1__0054__2.pt,ok,0.5710703135,0.6020163894,0.5649204730,0.5477061331,average,0.5710703135,0.5649204730,
O1/0054/3,,videos/sample_000214_O1__0054__3.pt,ok,0.5701164007,0.6014168262,0.5654596150,0.5480346159,average,0.5701164007,0.5654596150,
O1/0054/4,,videos/sample_000215_O1__0054__4.pt,ok,0.5650442839,0.5853649378,0.5683349781,0.5569025899,average,0.5650442839,0.5683349781,
O1/0055/1,,videos/sample_000216_O1__0055__1.pt,ok,0.6162455082,0.6304646730,0.5399679418,0.5323443774,average,0.6162455082,0.5399679418,
O1/0055/2,,videos/sample_000217_O1__0055__2.pt,ok,0.6160605550,0.6300723553,0.5400678199,0.5325532666,average,0.6160605550,0.5400678199,
O1/0055/3,,videos/sample_000218_O1__0055__3.pt,ok,0.6150279045,0.6296671033,0.5406258092,0.5327691286,average,0.6150279045,0.5406258092,
O1/0055/4,,videos/sample_000219_O1__0055__4.pt,ok,0.6141825914,0.6295949817,0.5410830005,0.5328075541,average,0.6141825914,0.5410830005,
O1/0056/1,,videos/sample_000220_O1__0056__1.pt,ok,0.5510476232,0.5740399957,0.5763457009,0.5632453273,average,0.5510476232,0.5763457009,
O1/0056/2,,videos/sample_000221_O1__0056__2.pt,ok,0.5474465489,0.5699208379,0.5784249060,0.5655702087,average,0.5474465489,0.5784249060,
O1/0056/3,,videos/sample_000222_O1__0056__3.pt,ok,0.5483164191,0.5814114213,0.5779219702,0.5591086715,average,0.5483164191,0.5779219702,
O1/0056/4,,videos/sample_000223_O1__0056__4.pt,ok,0.5516147614,0.5816783309,0.5760189259,0.5589594600,average,0.5516147614,0.5760189259,
O1/0057/1,,videos/sample_000224_O1__0057__1.pt,ok,0.6239483953,0.6369401813,0.5358246080,0.5289083142,average,0.6239483953,0.5358246080,
O1/0057/2,,videos/sample_000225_O1__0057__2.pt,ok,0.6228627563,0.6345504522,0.5364066360,0.5301737732,average,0.6228627563,0.5364066360,
O1/0057/3,,videos/sample_000226_O1__0057__3.pt,ok,0.6237239838,0.6345492601,0.5359448667,0.5301744052,average,0.6237239838,0.5359448667,
O1/0057/4,,videos/sample_000227_O1__0057__4.pt,ok,0.6218590140,0.6360863447,0.5369453203,0.5293601083,average,0.6218590140,0.5369453203,
O1/0058/1,,videos/sample_000228_O1__0058__1.pt,ok,0.5832443833,0.6030682921,0.5580847852,0.5471303024,average,0.5832443833,0.5580847852,
O1/0058/2,,videos/sample_000229_O1__0058__2.pt,ok,0.5832564831,0.6028837562,0.5580780326,0.5472312769,average,0.5832564831,0.5580780326,
O1/0058/3,,videos/sample_000230_O1__0058__3.pt,ok,0.5845167041,0.6048036814,0.5573751739,0.5461816417,average,0.5845167041,0.5573751739,
O1/0058/4,,videos/sample_000231_O1__0058__4.pt,ok,0.5842607617,0.6069614291,0.5575178480,0.5450043901,average,0.5842607617,0.5575178480,
O1/0059/1,,videos/sample_000232_O1__0059__1.pt,ok,0.5592541695,0.5801196098,0.5716352479,0.5598314012,average,0.5592541695,0.5716352479,
O1/0059/2,,videos/sample_000233_O1__0059__2.pt,ok,0.5601171255,0.5883604288,0.5711421646,0.5552368893,average,0.5601171255,0.5711421646,
O1/0059/3,,videos/sample_000234_O1__0059__3.pt,ok,0.5553863645,0.5772474408,0.5738505029,0.5614416430,average,0.5553863645,0.5738505029,
O1/0059/4,,videos/sample_000235_O1__0059__4.pt,ok,0.5568342209,0.5904803276,0.5730202510,0.5540610900,average,0.5568342209,0.5730202510,
O1/0060/1,,videos/sample_000236_O1__0060__1.pt,ok,0.6371248960,0.6562243104,0.5288106260,0.5188064934,average,0.6371248960,0.5288106260,
O1/0060/2,,videos/sample_000237_O1__0060__2.pt,ok,0.6371687651,0.6562243104,0.5287874281,0.5188064934,average,0.6371687651,0.5287874281,
O1/0060/3,,videos/sample_000238_O1__0060__3.pt,ok,0.6358422637,0.6563143134,0.5294893308,0.5187598014,average,0.6358422637,0.5294893308,
O1/0060/4,,videos/sample_000239_O1__0060__4.pt,ok,0.6348487139,0.6563143134,0.5300156663,0.5187598014,average,0.6348487139,0.5300156663,
O1/0061/1,,videos/sample_000240_O1__0061__1.pt,ok,0.5824822187,0.6122219563,0.5585102998,0.5421449075,average,0.5824822187,0.5585102998,
O1/0061/2,,videos/sample_000241_O1__0061__2.pt,ok,0.5814506412,0.6070904136,0.5590867438,0.5449340975,average,0.5814506412,0.5590867438,
O1/0061/3,,videos/sample_000242_O1__0061__3.pt,ok,0.5796251297,0.6074389815,0.5601082952,0.5447441841,average,0.5796251297,0.5601082952,
O1/0061/4,,videos/sample_000243_O1__0061__4.pt,ok,0.5830143690,0.6100831032,0.5582131675,0.5433057168,average,0.5830143690,0.5582131675,
O1/0062/1,,videos/sample_000244_O1__0062__1.pt,ok,0.6333472133,0.6516097188,0.5308120829,0.5212061059,average,0.6333472133,0.5308120829,
O1/0062/2,,videos/sample_000245_O1__0062__2.pt,ok,0.6330561638,0.6497920156,0.5309665979,0.5221543655,average,0.6330561638,0.5309665979,
O1/0062/3,,videos/sample_000246_O1__0062__3.pt,ok,0.6328532696,0.6516199112,0.5310743389,0.5212007935,average,0.6328532696,0.5310743389,
O1/0062/4,,videos/sample_000247_O1__0062__4.pt,ok,0.6322544217,0.6516199112,0.5313924669,0.5212007935,average,0.6322544217,0.5313924669,
O1/0063/1,,videos/sample_000248_O1__0063__1.pt,ok,0.5488673449,0.5706243515,0.5776036658,0.5651724622,average,0.5488673449,0.5776036658,
O1/0063/2,,videos/sample_000249_O1__0063__2.pt,ok,0.5508651137,0.5798964500,0.5764508990,0.5599563470,average,0.5508651137,0.5764508990,
O1/0063/3,,videos/sample_000250_O1__0063__3.pt,ok,0.5503385067,0.5782133937,0.5767545421,0.5608995786,average,0.5503385067,0.5767545421,
O1/0063/4,,videos/sample_000251_O1__0063__4.pt,ok,0.5474106073,0.5687441826,0.5784456959,0.5662360815,average,0.5474106073,0.5784456959,
O1/0064/1,,videos/sample_000252_O1__0064__1.pt,ok,0.6240526438,0.6351829171,0.5357687520,0.5298385629,average,0.6240526438,0.5357687520,
O1/0064/2,,videos/sample_000253_O1__0064__2.pt,ok,0.6230359077,0.6359547377,0.5363137644,0.5294297804,average,0.6230359077,0.5363137644,
O1/0064/3,,videos/sample_000254_O1__0064__3.pt,ok,0.6234759688,0.6359394193,0.5360778056,0.5294378905,average,0.6234759688,0.5360778056,
O1/0064/4,,videos/sample_000255_O1__0064__4.pt,ok,0.6242508292,0.6359547377,0.5356625810,0.5294297804,average,0.6242508292,0.5356625810,
O1/0065/1,,videos/sample_000256_O1__0065__1.pt,ok,0.5680274367,0.6026508212,0.5666420744,0.5473587611,average,0.5680274367,0.5666420744,
O1/0065/2,,videos/sample_000257_O1__0065__2.pt,ok,0.5654413700,0.6018836498,0.5681093450,0.5477788402,average,0.5654413700,0.5681093450,
O1/0065/3,,videos/sample_000258_O1__0065__3.pt,ok,0.5618840456,0.5939505100,0.5701338931,0.5521417291,average,0.5618840456,0.5701338931,
O1/0065/4,,videos/sample_000259_O1__0065__4.pt,ok,0.5521628261,0.5723744631,0.5757033168,0.5641842124,average,0.5521628261,0.5757033168,
O1/0066/1,,videos/sample_000260_O1__0066__1.pt,ok,0.5696347356,0.6022408009,0.5657320427,0.5475832353,average,0.5696347356,0.5657320427,
O1/0066/2,,videos/sample_000261_O1__0066__2.pt,ok,0.5665043592,0.6013934612,0.5675057717,0.5480474209,average,0.5665043592,0.5675057717,
O1/0066/3,,videos/sample_000262_O1__0066__3.pt,ok,0.5721397996,0.6078392267,0.5643166214,0.5445261965,average,0.5721397996,0.5643166214,
O1/0066/4,,videos/sample_000263_O1__0066__4.pt,ok,0.5724571943,0.6078392267,0.5641375387,0.5445261965,average,0.5724571943,0.5641375387,
O1/0067/1,,videos/sample_000264_O1__0067__1.pt,ok,0.5616565347,0.5845568180,0.5702636195,0.5573528158,average,0.5616565347,0.5702636195,
O1/0067/2,,videos/sample_000265_O1__0067__2.pt,ok,0.5661989450,0.5965912342,0.5676791225,0.5506855986,average,0.5661989450,0.5676791225,
O1/0067/3,,videos/sample_000266_O1__0067__3.pt,ok,0.5639716387,0.5863575339,0.5689449270,0.5563500848,average,0.5639716387,0.5689449270,
O1/0067/4,,videos/sample_000267_O1__0067__4.pt,ok,0.5649305582,0.5948941112,0.5683996161,0.5516209733,average,0.5649305582,0.5683996161,
O1/0068/1,,videos/sample_000268_O1__0068__1.pt,ok,0.5811396837,0.6085816622,0.5592606230,0.5441220709,average,0.5811396837,0.5592606230,
O1/0068/2,,videos/sample_000269_O1__0068__2.pt,ok,0.5800716281,0.6087383628,0.5598582635,0.5440368134,average,0.5800716281,0.5598582635,
O1/0068/3,,videos/sample_000270_O1__0068__3.pt,ok,0.5722774267,0.6028005481,0.5642389614,0.5472768129,average,0.5722774267,0.5642389614,
O1/0068/4,,videos/sample_000271_O1__0068__4.pt,ok,0.5774933100,0.6073968410,0.5613036187,0.5447671403,average,0.5774933100,0.5613036187,
O1/0069/1,,videos/sample_000272_O1__0069__1.pt,ok,0.6165338159,0.6308459044,0.5398122874,0.5321414698,average,0.6165338159,0.5398122874,
O1/0069/2,,videos/sample_000273_O1__0069__2.pt,ok,0.6160204411,0.6319846511,0.5400894845,0.5315358403,average,0.6160204411,0.5400894845,
O1/0069/3,,videos/sample_000274_O1__0069__3.pt,ok,0.6153367162,0.6308459044,0.5404588834,0.5321414698,average,0.6153367162,0.5404588834,
O1/0069/4,,videos/sample_000275_O1__0069__4.pt,ok,0.6146045327,0.6319846511,0.5408547434,0.5315358403,average,0.6146045327,0.5408547434,
O1/0070/1,,videos/sample_000276_O1__0070__1.pt,ok,0.6198776364,0.6411567330,0.5380102664,0.5266828401,average,0.6198776364,0.5380102664,
O1/0070/2,,videos/sample_000277_O1__0070__2.pt,ok,0.6192886829,0.6411119103,0.5383272228,0.5267064480,average,0.6192886829,0.5383272228,
O1/0070/3,,videos/sample_000278_O1__0070__3.pt,ok,0.6196314692,0.6411119103,0.5381427232,0.5267064480,average,0.6196314692,0.5381427232,
O1/0070/4,,videos/sample_000279_O1__0070__4.pt,ok,0.6183778048,0.6411567330,0.5388177967,0.5266828401,average,0.6183778048,0.5388177967,
O1/0071/1,,videos/sample_000280_O1__0071__1.pt,ok,0.6219546199,0.6338813305,0.5368939876,0.5305286427,average,0.6219546199,0.5368939876,
O1/0071/2,,videos/sample_000281_O1__0071__2.pt,ok,0.6210531592,0.6334996223,0.5373781947,0.5307311885,average,0.6210531592,0.5373781947,
O1/0071/3,,videos/sample_000282_O1__0071__3.pt,ok,0.6207397580,0.6342291832,0.5375466360,0.5303441290,average,0.6207397580,0.5375466360,
O1/0071/4,,videos/sample_000283_O1__0071__4.pt,ok,0.6216845512,0.6342244148,0.5370390055,0.5303466579,average,0.6216845512,0.5370390055,
O1/0072/1,,videos/sample_000284_O1__0072__1.pt,ok,0.5444824696,0.5662852526,0.5801419468,0.5676301296,average,0.5444824696,0.5801419468,
O1/0072/2,,videos/sample_000285_O1__0072__2.pt,ok,0.5522730350,0.5812395215,0.5756398726,0.5592047904,average,0.5522730350,0.5756398726,
O1/0072/3,,videos/sample_000286_O1__0072__3.pt,ok,0.5486174822,0.5813335776,0.5777480054,0.5591521963,average,0.5486174822,0.5777480054,
O1/0072/4,,videos/sample_000287_O1__0072__4.pt,ok,0.5489491820,0.5704109669,0.5775563983,0.5652930742,average,0.5489491820,0.5775563983,
O1/0073/1,,videos/sample_000288_O1__0073__1.pt,ok,0.5662431121,0.5867471099,0.5676540504,0.5561333864,average,0.5662431121,0.5676540504,
O1/0073/2,,videos/sample_000289_O1__0073__2.pt,ok,0.5671529174,0.5920975804,0.5671378306,0.5531657573,average,0.5671529174,0.5671378306,
O1/0073/3,,videos/sample_000290_O1__0073__3.pt,ok,0.5637323856,0.5874992013,0.5690810651,0.5557152805,average,0.5637323856,0.5690810651,
O1/0073/4,,videos/sample_000291_O1__0073__4.pt,ok,0.5635855198,0.5840837955,0.5691646498,0.5576165186,average,0.5635855198,0.5691646498,
O1/0074/1,,videos/sample_000292_O1__0074__1.pt,ok,0.6258171201,0.6505600214,0.5348242343,0.5217535018,average,0.6258171201,0.5348242343,
O1/0074/2,,videos/sample_000293_O1__0074__2.pt,ok,0.6260799170,0.6515581608,0.5346837026,0.5212329789,average,0.6260799170,0.5346837026,
O1/0074/3,,videos/sample_000294_O1__0074__3.pt,ok,0.6240920424,0.6515581608,0.5357476439,0.5212329789,average,0.6240920424,0.5357476439,
O1/0074/4,,videos/sample_000295_O1__0074__4.pt,ok,0.6262760162,0.6505600214,0.5345788618,0.5217535018,average,0.6262760162,0.5345788618,
O1/0075/1,,videos/sample_000296_O1__0075__1.pt,ok,0.5441321135,0.5685465932,0.5803452387,0.5663479748,average,0.5441321135,0.5803452387,
O1/0075/2,,videos/sample_000297_O1__0075__2.pt,ok,0.5542267561,0.5781778097,0.5745163307,0.5609195380,average,0.5542267561,0.5745163307,
O1/0075/3,,videos/sample_000298_O1__0075__3.pt,ok,0.5511708260,0.5878402591,0.5762746979,0.5555257818,average,0.5511708260,0.5762746979,
O1/0075/4,,videos/sample_000299_O1__0075__4.pt,ok,0.5583961606,0.5910116434,0.5721259265,0.5537667867,average,0.5583961606,0.5721259265,
O1/0076/1,,videos/sample_000300_O1__0076__1.pt,ok,0.5574695468,0.5858303308,0.5726563120,0.5566434716,average,0.5574695468,0.5726563120,
O1/0076/2,,videos/sample_000301_O1__0076__2.pt,ok,0.5527011752,0.5736508965,0.5753934708,0.5634645282,average,0.5527011752,0.5753934708,
O1/0076/3,,videos/sample_000302_O1__0076__3.pt,ok,0.5540223122,0.5746493936,0.5746337991,0.5629021913,average,0.5540223122,0.5746337991,
O1/0076/4,,videos/sample_000303_O1__0076__4.pt,ok,0.5573530793,0.5867756605,0.5727230117,0.5561175087,average,0.5573530793,0.5727230117,
O1/0077/1,,videos/sample_000304_O1__0077__1.pt,ok,0.6155101657,0.6306042075,0.5403651492,0.5322701022,average,0.6155101657,0.5403651492,
O1/0077/2,,videos/sample_000305_O1__0077__2.pt,ok,0.6154646873,0.6309921145,0.5403897247,0.5320636710,average,0.6154646873,0.5403897247,
O1/0077/3,,videos/sample_000306_O1__0077__3.pt,ok,0.6166383028,0.6329948902,0.5397558870,0.5309991332,average,0.6166383028,0.5397558870,
O1/0077/4,,videos/sample_000307_O1__0077__4.pt,ok,0.6167376637,0.6336461902,0.5397022590,0.5306534060,average,0.6167376637,0.5397022590,
O1/0078/1,,videos/sample_000308_O1__0078__1.pt,ok,0.5641829371,0.5915420651,0.5688247225,0.5534731347,average,0.5641829371,0.5688247225,
O1/0078/2,,videos/sample_000309_O1__0078__2.pt,ok,0.5622079372,0.5837525725,0.5699492614,0.5578012446,average,0.5622079372,0.5699492614,
O1/0078/3,,videos/sample_000310_O1__0078__3.pt,ok,0.5644049048,0.5937888622,0.5686984758,0.5522309888,average,0.5644049048,0.5686984758,
O1/0078/4,,videos/sample_000311_O1__0078__4.pt,ok,0.5621760488,0.5848184824,0.5699674365,0.5572069955,average,0.5621760488,0.5699674365,
O1/0079/1,,videos/sample_000312_O1__0079__1.pt,ok,0.5546326041,0.5771988630,0.5742832117,0.5614689172,average,0.5546326041,0.5742832117,
O1/0079/2,,videos/sample_000313_O1__0079__2.pt,ok,0.5609744191,0.5873346329,0.5706527379,0.5558067412,average,0.5609744191,0.5706527379,
O1/0079/3,,videos/sample_000314_O1__0079__3.pt,ok,0.5594734550,0.5810585022,0.5715099104,0.5593060265,average,0.5594734550,0.5715099104,
O1/0079/4,,videos/sample_000315_O1__0079__4.pt,ok,0.5585042834,0.5924285054,0.5720640700,0.5529827312,average,0.5585042834,0.5720640700,
O1/0080/1,,videos/sample_000316_O1__0080__1.pt,ok,0.5541816354,0.5777397752,0.5745422539,0.5611652940,average,0.5541816354,0.5745422539,
O1/0080/2,,videos/sample_000317_O1__0080__2.pt,ok,0.5750466585,0.6122278571,0.5626786144,0.5421417084,average,0.5750466585,0.5626786144,
O1/0080/3,,videos/sample_000318_O1__0080__3.pt,ok,0.5669717789,0.6136355996,0.5672405704,0.5413790494,average,0.5669717789,0.5672405704,
O1/0080/4,,videos/sample_000319_O1__0080__4.pt,ok,0.5713969469,0.6097063422,0.5647359812,0.5435104517,average,0.5713969469,0.5647359812,
O1/0081/1,,videos/sample_000320_O1__0081__1.pt,ok,0.5992559791,0.6143428683,0.5492201154,0.5409962843,average,0.5992559791,0.5492201154,
O1/0081/2,,videos/sample_000321_O1__0081__2.pt,ok,0.5975889564,0.6137315035,0.5501364413,0.5413271316,average,0.5975889564,0.5501364413,
O1/0081/3,,videos/sample_000322_O1__0081__3.pt,ok,0.5982203484,0.6137315035,0.5497891992,0.5413271316,average,0.5982203484,0.5497891992,
O1/0081/4,,videos/sample_000323_O1__0081__4.pt,ok,0.5996183157,0.6143428683,0.5490211489,0.5409962843,average,0.5996183157,0.5490211489,
O1/0082/1,,videos/sample_000324_O1__0082__1.pt,ok,0.5928487778,0.6197354198,0.5527503767,0.5380867859,average,0.5928487778,0.5527503767,
O1/0082/2,,videos/sample_000325_O1__0082__2.pt,ok,0.5823605061,0.5995869040,0.5585782817,0.5490383948,average,0.5823605061,0.5585782817,
O1/0082/3,,videos/sample_000326_O1__0082__3.pt,ok,0.5935991406,0.6178966165,0.5523357689,0.5390771319,average,0.5935991406,0.5523357689,
O1/0082/4,,videos/sample_000327_O1__0082__4.pt,ok,0.5896774530,0.6183211207,0.5545061102,0.5388483399,average,0.5896774530,0.5545061102,
O1/0083/1,,videos/sample_000328_O1__0083__1.pt,ok,0.5782394409,0.6133981943,0.5608849690,0.5415075909,average,0.5782394409,0.5608849690,
O1/0083/2,,videos/sample_000329_O1__0083__2.pt,ok,0.5781425834,0.6133503914,0.5609392975,0.5415334772,average,0.5781425834,0.5609392975,
O1/0083/3,,videos/sample_000330_O1__0083__3.pt,ok,0.5722822547,0.6048977375,0.5642362373,0.5461302724,average,0.5722822547,0.5642362373,
O1/0083/4,,videos/sample_000331_O1__0083__4.pt,ok,0.5764728785,0.6183999777,0.5618766830,0.5388058497,average,0.5764728785,0.5618766830,
O1/0084/1,,videos/sample_000332_O1__0084__1.pt,ok,0.5675187707,0.5939144492,0.5669303793,0.5521616401,average,0.5675187707,0.5669303793,
O1/0084/2,,videos/sample_000333_O1__0084__2.pt,ok,0.5658271909,0.5843303204,0.5678901988,0.5574790692,average,0.5658271909,0.5678901988,
O1/0084/3,,videos/sample_000334_O1__0084__3.pt,ok,0.5658782721,0.5841760039,0.5678611911,0.5575651040,average,0.5658782721,0.5678611911,
O1/0084/4,,videos/sample_000335_O1__0084__4.pt,ok,0.5672404766,0.5913515091,0.5670881746,0.5535786124,average,0.5672404766,0.5670881746,
O1/0085/1,,videos/sample_000336_O1__0085__1.pt,ok,0.5695496798,0.5941900015,0.5657801636,0.5520095117,average,0.5695496798,0.5657801636,
O1/0085/2,,videos/sample_000337_O1__0085__2.pt,ok,0.5669372082,0.5883049965,0.5672601806,0.5552676682,average,0.5669372082,0.5672601806,
O1/0085/3,,videos/sample_000338_O1__0085__3.pt,ok,0.5678421855,0.5887655616,0.5667470552,0.5550119902,average,0.5678421855,0.5667470552,
O1/0085/4,,videos/sample_000339_O1__0085__4.pt,ok,0.5687333941,0.5935287476,0.5662421904,0.5523746509,average,0.5687333941,0.5662421904,
O1/0086/1,,videos/sample_000340_O1__0086__1.pt,ok,0.6144673824,0.6301451921,0.5409289268,0.5325144785,average,0.6144673824,0.5409289268,
O1/0086/2,,videos/sample_000341_O1__0086__2.pt,ok,0.6123853326,0.6295892596,0.5420563411,0.5328106029,average,0.6123853326,0.5420563411,
O1/0086/3,,videos/sample_000342_O1__0086__3.pt,ok,0.6146754622,0.6295892596,0.5408163822,0.5328106029,average,0.6146754622,0.5408163822,
O1/0086/4,,videos/sample_000343_O1__0086__4.pt,ok,0.6134839654,0.6301451921,0.5414611472,0.5325144785,average,0.6134839654,0.5414611472,
O1/0087/1,,videos/sample_000344_O1__0087__1.pt,ok,0.5715412498,0.5944328904,0.5646544941,0.5518754510,average,0.5715412498,0.5646544941,
O1/0087/2,,videos/sample_000345_O1__0087__2.pt,ok,0.5707939267,0.5954538584,0.5650766311,0.5513122914,average,0.5707939267,0.5650766311,
O1/0087/3,,videos/sample_000346_O1__0087__3.pt,ok,0.5698561668,0.5920441151,0.5656067859,0.5531953333,average,0.5698561668,0.5656067859,
O1/0087/4,,videos/sample_000347_O1__0087__4.pt,ok,0.5692725778,0.5907933712,0.5659369641,0.5538876718,average,0.5692725778,0.5659369641,
O1/0088/1,,videos/sample_000348_O1__0088__1.pt,ok,0.5625117421,0.5942496657,0.5697761343,0.5519765775,average,0.5625117421,0.5697761343,
O1/0088/2,,videos/sample_000349_O1__0088__2.pt,ok,0.5527851582,0.5721822381,0.5753451496,0.5642926731,average,0.5527851582,0.5753451496,
O1/0088/3,,videos/sample_000350_O1__0088__3.pt,ok,0.5619086623,0.5927948356,0.5701198584,0.5527801941,average,0.5619086623,0.5701198584,
O1/0088/4,,videos/sample_000351_O1__0088__4.pt,ok,0.5648001432,0.5930097699,0.5684737487,0.5526613954,average,0.5648001432,0.5684737487,
O1/0089/1,,videos/sample_000352_O1__0089__1.pt,ok,0.5610705614,0.5908746123,0.5705978767,0.5538426752,average,0.5610705614,0.5705978767,
O1/0089/2,,videos/sample_000353_O1__0089__2.pt,ok,0.5665676594,0.5991923809,0.5674698497,0.5492550459,average,0.5665676594,0.5674698497,
O1/0089/3,,videos/sample_000354_O1__0089__3.pt,ok,0.5674032569,0.6028154492,0.5669958713,0.5472686579,average,0.5674032569,0.5669958713,
O1/0089/4,,videos/sample_000355_O1__0089__4.pt,ok,0.5657850504,0.5988120437,0.5679141305,0.5494639878,average,0.5657850504,0.5679141305,
O1/0090/1,,videos/sample_000356_O1__0090__1.pt,ok,0.5826047659,0.6034643054,0.5584418601,0.5469136744,average,0.5826047659,0.5584418601,
O1/0090/2,,videos/sample_000357_O1__0090__2.pt,ok,0.5810309649,0.6012029052,0.5593214285,0.5481518646,average,0.5810309649,0.5593214285,
O1/0090/3,,videos/sample_000358_O1__0090__3.pt,ok,0.5812393427,0.6031401753,0.5592048904,0.5470909743,average,0.5812393427,0.5592048904,
O1/0090/4,,videos/sample_000359_O1__0090__4.pt,ok,0.5826658607,0.6044481397,0.5584077433,0.5463758666,average,0.5826658607,0.5584077433,
O1/0091/1,,videos/sample_000360_O1__0091__1.pt,ok,0.5799362659,0.6011029482,0.5599340523,0.5482066590,average,0.5799362659,0.5599340523,
O1/0091/2,,videos/sample_000361_O1__0091__2.pt,ok,0.5819703341,0.6040355563,0.5587962659,0.5466013387,average,0.5819703341,0.5587962659,
O1/0091/3,,videos/sample_000362_O1__0091__3.pt,ok,0.5818630457,0.6055861115,0.5588562214,0.5457544599,average,0.5818630457,0.5588562214,
O1/0091/4,,videos/sample_000363_O1__0091__4.pt,ok,0.5805050731,0.6009927392,0.5596156484,0.5482670796,average,0.5805050731,0.5596156484,
O1/0092/1,,videos/sample_000364_O1__0092__1.pt,ok,0.6233693957,0.6444237828,0.5361349401,0.5249649488,average,0.6233693957,0.5361349401,
O1/0092/2,,videos/sample_000365_O1__0092__2.pt,ok,0.6235806346,0.6444237828,0.5360216995,0.5249649488,average,0.6235806346,0.5360216995,
O1/0092/3,,videos/sample_000366_O1__0092__3.pt,ok,0.6229177117,0.6427199841,0.5363771583,0.5258601458,average,0.6229177117,0.5363771583,
O1/0092/4,,videos/sample_000367_O1__0092__4.pt,ok,0.6223209500,0.6427199841,0.5366973432,0.5258601458,average,0.6223209500,0.5366973432,
O1/0093/1,,videos/sample_000368_O1__0093__1.pt,ok,0.5672950149,0.5889738798,0.5670572474,0.5548963831,average,0.5672950149,0.5670572474,
O1/0093/2,,videos/sample_000369_O1__0093__2.pt,ok,0.5681197643,0.5897025466,0.5665897601,0.5544921958,average,0.5681197643,0.5665897601,
O1/0093/3,,videos/sample_000370_O1__0093__3.pt,ok,0.5672806501,0.5892444253,0.5670653931,0.5547462787,average,0.5672806501,0.5670653931,
O1/0093/4,,videos/sample_000371_O1__0093__4.pt,ok,0.5684063435,0.5892444253,0.5664274105,0.5547462787,average,0.5684063435,0.5664274105,
O1/0094/1,,videos/sample_000372_O1__0094__1.pt,ok,0.5646606684,0.5940908790,0.5685530421,0.5520642310,average,0.5646606684,0.5685530421,
O1/0094/2,,videos/sample_000373_O1__0094__2.pt,ok,0.5590023994,0.5901729465,0.5717791867,0.5542314241,average,0.5590023994,0.5717791867,
O1/0094/3,,videos/sample_000374_O1__0094__3.pt,ok,0.5662984252,0.5983423591,0.5676226525,0.5497221231,average,0.5662984252,0.5676226525,
O1/0094/4,,videos/sample_000375_O1__0094__4.pt,ok,0.5660904050,0.5993549228,0.5677407418,0.5491657762,average,0.5660904050,0.5677407418,
O1/0095/1,,videos/sample_000376_O1__0095__1.pt,ok,0.5640677810,0.5942750573,0.5688902299,0.5519625621,average,0.5640677810,0.5688902299,
O1/0095/2,,videos/sample_000377_O1__0095__2.pt,ok,0.5752102137,0.6080302596,0.5625865930,0.5444221840,average,0.5752102137,0.5625865930,
O1/0095/3,,videos/sample_000378_O1__0095__3.pt,ok,0.5756980181,0.6080302596,0.5623122277,0.5444221840,average,0.5756980181,0.5623122277,
O1/0095/4,,videos/sample_000379_O1__0095__4.pt,ok,0.5633563995,0.5851389170,0.5692950719,0.5570284757,average,0.5633563995,0.5692950719,
O1/0096/1,,videos/sample_000380_O1__0096__1.pt,ok,0.5581662059,0.5796436071,0.5722575047,0.5600979459,average,0.5581662059,0.5722575047,
O1/0096/2,,videos/sample_000381_O1__0096__2.pt,ok,0.5615922213,0.5927215219,0.5703002963,0.5528207219,average,0.5615922213,0.5703002963,
O1/0096/3,,videos/sample_000382_O1__0096__3.pt,ok,0.5545884371,0.5767642856,0.5743085767,0.5617129720,average,0.5545884371,0.5743085767,
O1/0096/4,,videos/sample_000383_O1__0096__4.pt,ok,0.5580643415,0.5888616443,0.5723158003,0.5549586657,average,0.5580643415,0.5723158003,
O1/0097/1,,videos/sample_000384_O1__0097__1.pt,ok,0.6225651503,0.6466085315,0.5365662976,0.5238192843,average,0.6225651503,0.5365662976,
O1/0097/2,,videos/sample_000385_O1__0097__2.pt,ok,0.6217432618,0.6462482810,0.5370074765,0.5240080244,average,0.6217432618,0.5370074765,
O1/0097/3,,videos/sample_000386_O1__0097__3.pt,ok,0.6213448644,0.6462482810,0.5372214615,0.5240080244,average,0.6213448644,0.5372214615,
O1/0097/4,,videos/sample_000387_O1__0097__4.pt,ok,0.6221970320,0.6466085315,0.5367638538,0.5238192843,average,0.6221970320,0.5367638538,
O1/0098/1,,videos/sample_000388_O1__0098__1.pt,ok,0.5781832337,0.6008723378,0.5609164956,0.5483330957,average,0.5781832337,0.5609164956,
O1/0098/2,,videos/sample_000389_O1__0098__2.pt,ok,0.5794918537,0.6031746268,0.5601829491,0.5470721266,average,0.5794918537,0.5601829491,
O1/0098/3,,videos/sample_000390_O1__0098__3.pt,ok,0.5794882774,0.6033421755,0.5601849525,0.5469804730,average,0.5794882774,0.5601849525,
O1/0098/4,,videos/sample_000391_O1__0098__4.pt,ok,0.5781723261,0.6016950607,0.5609226139,0.5478821550,average,0.5781723261,0.5609226139,
O1/0099/1,,videos/sample_000392_O1__0099__1.pt,ok,0.6292401552,0.6410815120,0.5329966419,0.5267224592,average,0.6292401552,0.5329966419,
O1/0099/2,,videos/sample_000393_O1__0099__2.pt,ok,0.6277943254,0.6404094696,0.5337678217,0.5270765580,average,0.6277943254,0.5337678217,
O1/0099/3,,videos/sample_000394_O1__0099__3.pt,ok,0.6292174459,0.6416935325,0.5330087461,0.5264001929,average,0.6292174459,0.5330087461,
O1/0099/4,,videos/sample_000395_O1__0099__4.pt,ok,0.6285937428,0.6410815120,0.5333412889,0.5267224592,average,0.6285937428,0.5333412889,
O1/0100/1,,videos/sample_000396_O1__0100__1.pt,ok,0.5763705969,0.5946034193,0.5619341556,0.5517813483,average,0.5763705969,0.5619341556,
O1/0100/2,,videos/sample_000397_O1__0100__2.pt,ok,0.5775149465,0.5957486629,0.5612914742,0.5511497859,average,0.5775149465,0.5612914742,
O1/0100/3,,videos/sample_000398_O1__0100__3.pt,ok,0.5777748823,0.5998217463,0.5611455934,0.5489094725,average,0.5777748823,0.5611455934,
O1/0100/4,,videos/sample_000399_O1__0100__4.pt,ok,0.5781355500,0.5970151424,0.5609432428,0.5504522079,average,0.5781355500,0.5609432428,
O1/0101/1,,videos/sample_000400_O1__0101__1.pt,ok,0.5440220237,0.5658688545,0.5804091323,0.5678665389,average,0.5440220237,0.5804091323,
O1/0101/2,,videos/sample_000401_O1__0101__2.pt,ok,0.5583800077,0.5932736397,0.5721351680,0.5525155840,average,0.5583800077,0.5721351680,
O1/0101/3,,videos/sample_000402_O1__0101__3.pt,ok,0.5556558371,0.5892073512,0.5736958868,0.5547668458,average,0.5556558371,0.5736958868,
O1/0101/4,,videos/sample_000403_O1__0101__4.pt,ok,0.5532784462,0.5894432664,0.5750614087,0.5546359833,average,0.5532784462,0.5750614087,
O1/0102/1,,videos/sample_000404_O1__0102__1.pt,ok,0.6239837408,0.6377564669,0.5358056694,0.5284767501,average,0.6239837408,0.5358056694,
O1/0102/2,,videos/sample_000405_O1__0102__2.pt,ok,0.6245610118,0.6398499012,0.5354964536,0.5273715759,average,0.6245610118,0.5354964536,
O1/0102/3,,videos/sample_000406_O1__0102__3.pt,ok,0.6244817972,0.6377564669,0.5355388744,0.5284767501,average,0.6244817972,0.5355388744,
O1/0102/4,,videos/sample_000407_O1__0102__4.pt,ok,0.6253820062,0.6398499012,0.5350569944,0.5273715759,average,0.6253820062,0.5350569944,
O1/0103/1,,videos/sample_000408_O1__0103__1.pt,ok,0.5810098052,0.6021118760,0.5593332637,0.5476538370,average,0.5810098052,0.5593332637,
O1/0103/2,,videos/sample_000409_O1__0103__2.pt,ok,0.5830075145,0.6048353910,0.5582169938,0.5461643228,average,0.5830075145,0.5582169938,
O1/0103/3,,videos/sample_000410_O1__0103__3.pt,ok,0.5818499923,0.6024612188,0.5588635164,0.5474625514,average,0.5818499923,0.5588635164,
O1/0103/4,,videos/sample_000411_O1__0103__4.pt,ok,0.5830153227,0.6058940291,0.5582126351,0.5455864384,average,0.5830153227,0.5582126351,
O1/0104/1,,videos/sample_000412_O1__0104__1.pt,ok,0.5832020640,0.6219804287,0.5581084035,0.5368801312,average,0.5832020640,0.5581084035,
O1/0104/2,,videos/sample_000413_O1__0104__2.pt,ok,0.5835335255,0.6219804287,0.5579234427,0.5368801312,average,0.5835335255,0.5579234427,
O1/0104/3,,videos/sample_000414_O1__0104__3.pt,ok,0.5752232075,0.6115756631,0.5625792829,0.5424954053,average,0.5752232075,0.5625792829,
O1/0104/4,,videos/sample_000415_O1__0104__4.pt,ok,0.5746860504,0.6115756631,0.5628815575,0.5424954053,average,0.5746860504,0.5628815575,
O1/0105/1,,videos/sample_000416_O1__0105__1.pt,ok,0.6192640662,0.6330350041,0.5383404748,0.5309778331,average,0.6192640662,0.5383404748,
O1/0105/2,,videos/sample_000417_O1__0105__2.pt,ok,0.6186252832,0.6338489652,0.5386844674,0.5305458137,average,0.6186252832,0.5386844674,
O1/0105/3,,videos/sample_000418_O1__0105__3.pt,ok,0.6202952862,0.6330350041,0.5377856135,0.5309778331,average,0.6202952862,0.5377856135,
O1/0105/4,,videos/sample_000419_O1__0105__4.pt,ok,0.6201874614,0.6338489652,0.5378436032,0.5305458137,average,0.6201874614,0.5378436032,
O1/0106/1,,videos/sample_000420_O1__0106__1.pt,ok,0.5665259361,0.5873396397,0.5674935268,0.5558039584,average,0.5665259361,0.5674935268,
O1/0106/2,,videos/sample_000421_O1__0106__2.pt,ok,0.5642935634,0.5860046744,0.5687617990,0.5565464329,average,0.5642935634,0.5687617990,
O1/0106/3,,videos/sample_000422_O1__0106__3.pt,ok,0.5691852570,0.5995877981,0.5659863844,0.5490379039,average,0.5691852570,0.5659863844,
O1/0106/4,,videos/sample_000423_O1__0106__4.pt,ok,0.5680345297,0.5948332548,0.5666380552,0.5516545439,average,0.5680345297,0.5666380552,
O1/0107/1,,videos/sample_000424_O1__0107__1.pt,ok,0.5872411132,0.6230518818,0.5558587225,0.5363051974,average,0.5872411132,0.5558587225,
O1/0107/2,,videos/sample_000425_O1__0107__2.pt,ok,0.5896235108,0.6232391000,0.5545360222,0.5362048007,average,0.5896235108,0.5545360222,
O1/0107/3,,videos/sample_000426_O1__0107__3.pt,ok,0.5846042633,0.6178409457,0.5573263727,0.5391071436,average,0.5846042633,0.5573263727,
O1/0107/4,,videos/sample_000427_O1__0107__4.pt,ok,0.5887469649,0.6238928437,0.5550223116,0.5358543748,average,0.5887469649,0.5550223116,
O1/0108/1,,videos/sample_000428_O1__0108__1.pt,ok,0.6323580742,0.6428288221,0.5313373896,0.5258029153,average,0.6323580742,0.5313373896,
O1/0108/2,,videos/sample_000429_O1__0108__2.pt,ok,0.6319004297,0.6428288221,0.5315806089,0.5258029153,average,0.6319004297,0.5315806089,
O1/0108/3,,videos/sample_000430_O1__0108__3.pt,ok,0.6326578259,0.6428859830,0.5311781442,0.5257728608,average,0.6326578259,0.5311781442,
O1/0108/4,,videos/sample_000431_O1__0108__4.pt,ok,0.6322050095,0.6430459023,0.5314187248,0.5256887864,average,0.6322050095,0.5314187248,
O1/0109/1,,videos/sample_000432_O1__0109__1.pt,ok,0.5805082321,0.6121241450,0.5596138805,0.5421979380,average,0.5805082321,0.5596138805,
O1/0109/2,,videos/sample_000433_O1__0109__2.pt,ok,0.5717042685,0.6035253406,0.5645624524,0.5468802945,average,0.5717042685,0.5645624524,
O1/0109/3,,videos/sample_000434_O1__0109__3.pt,ok,0.5797719359,0.6121463180,0.5600260738,0.5421859160,average,0.5797719359,0.5600260738,
O1/0109/4,,videos/sample_000435_O1__0109__4.pt,ok,0.5763650537,0.6152333021,0.5619372705,0.5405147774,average,0.5763650537,0.5619372705,
O1/0110/1,,videos/sample_000436_O1__0110__1.pt,ok,0.5820108056,0.6168791056,0.5587736510,0.5396259279,average,0.5820108056,0.5587736510,
O1/0110/2,,videos/sample_000437_O1__0110__2.pt,ok,0.5838958621,0.6188039780,0.5577213232,0.5385882159,average,0.5838958621,0.5577213232,
O1/0110/3,,videos/sample_000438_O1__0110__3.pt,ok,0.5794019103,0.6198183298,0.5602333362,0.5380421749,average,0.5794019103,0.5602333362,
O1/0110/4,,videos/sample_000439_O1__0110__4.pt,ok,0.5728313923,0.6079267859,0.5639264790,0.5444785203,average,0.5728313923,0.5639264790,
O1/0111/1,,videos/sample_000440_O1__0111__1.pt,ok,0.5697229505,0.5963546634,0.5656821390,0.5508158901,average,0.5697229505,0.5656821390,
O1/0111/2,,videos/sample_000441_O1__0111__2.pt,ok,0.5656060576,0.5982125998,0.5680157921,0.5497934593,average,0.5656060576,0.5680157921,
O1/0111/3,,videos/sample_000442_O1__0111__3.pt,ok,0.5672360063,0.5874058604,0.5670907097,0.5557671539,average,0.5672360063,0.5670907097,
O1/0111/4,,videos/sample_000443_O1__0111__4.pt,ok,0.5590432286,0.5800135732,0.5717558419,0.5598907670,average,0.5590432286,0.5717558419,
O1/0112/1,,videos/sample_000444_O1__0112__1.pt,ok,0.6202999949,0.6337128878,0.5377830812,0.5306180139,average,0.6202999949,0.5377830812,
O1/0112/2,,videos/sample_000445_O1__0112__2.pt,ok,0.6188781857,0.6327645779,0.5385482500,0.5311214429,average,0.6188781857,0.5385482500,
O1/0112/3,,videos/sample_000446_O1__0112__3.pt,ok,0.6207361221,0.6361066699,0.5375485905,0.5293493491,average,0.6207361221,0.5375485905,
O1/0112/4,,videos/sample_000447_O1__0112__4.pt,ok,0.6209517717,0.6339651346,0.5374326809,0.5304841841,average,0.6209517717,0.5374326809,
O1/0113/1,,videos/sample_000448_O1__0113__1.pt,ok,0.5688068867,0.5886194706,0.5662005773,0.5550930783,average,0.5688068867,0.5662005773,
O1/0113/2,,videos/sample_000449_O1__0113__2.pt,ok,0.5667443275,0.5915721059,0.5673696047,0.5534565082,average,0.5667443275,0.5673696047,
O1/0113/3,,videos/sample_000450_O1__0113__3.pt,ok,0.5683128834,0.5954503417,0.5664803514,0.5513142302,average,0.5683128834,0.5664803514,
O1/0113/4,,videos/sample_000451_O1__0113__4.pt,ok,0.5633690357,0.5851281285,0.5692878782,0.5570344852,average,0.5633690357,0.5692878782,
O1/0114/1,,videos/sample_000452_O1__0114__1.pt,ok,0.5825476050,0.6022536755,0.5584737821,0.5475761855,average,0.5825476050,0.5584737821,
O1/0114/2,,videos/sample_000453_O1__0114__2.pt,ok,0.5835205913,0.6042668223,0.5579306590,0.5464749430,average,0.5835205913,0.5579306590,
O1/0114/3,,videos/sample_000454_O1__0114__3.pt,ok,0.5821197629,0.6013700366,0.5587127718,0.5480602589,average,0.5821197629,0.5587127718,
O1/0114/4,,videos/sample_000455_O1__0114__4.pt,ok,0.5835059285,0.6022536755,0.5579388399,0.5475761855,average,0.5835059285,0.5579388399,
O1/0115/1,,videos/sample_000456_O1__0115__1.pt,ok,0.6172796488,0.6446279883,0.5394098277,0.5248577590,average,0.6172796488,0.5394098277,
O1/0115/2,,videos/sample_000457_O1__0115__2.pt,ok,0.6185109019,0.6443830132,0.5387460863,0.5249863518,average,0.6185109019,0.5387460863,
O1/0115/3,,videos/sample_000458_O1__0115__3.pt,ok,0.6185957193,0.6443830132,0.5387003932,0.5249863518,average,0.6185957193,0.5387003932,
O1/0115/4,,videos/sample_000459_O1__0115__4.pt,ok,0.6188165545,0.6446279883,0.5385814423,0.5248577590,average,0.6188165545,0.5385814423,
O1/0116/1,,videos/sample_000460_O1__0116__1.pt,ok,0.6231142879,0.6368925571,0.5362717298,0.5289335036,average,0.6231142879,0.5362717298,
O1/0116/2,,videos/sample_000461_O1__0116__2.pt,ok,0.6216004491,0.6368925571,0.5370841735,0.5289335036,average,0.6216004491,0.5370841735,
O1/0116/3,,videos/sample_000462_O1__0116__3.pt,ok,0.6227959394,0.6367248893,0.5364424782,0.5290221962,average,0.6227959394,0.5364424782,
O1/0116/4,,videos/sample_000463_O1__0116__4.pt,ok,0.6231244802,0.6367248893,0.5362662639,0.5290221962,average,0.6231244802,0.5362662639,
O1/0117/1,,videos/sample_000464_O1__0117__1.pt,ok,0.5598610640,0.5802764297,0.5712884309,0.5597436154,average,0.5598610640,0.5712884309,
O1/0117/2,,videos/sample_000465_O1__0117__2.pt,ok,0.5735678077,0.6064797640,0.5635113478,0.5452669629,average,0.5735678077,0.5635113478,
O1/0117/3,,videos/sample_000466_O1__0117__3.pt,ok,0.5735456347,0.6069575548,0.5635238426,0.5450065016,average,0.5735456347,0.5635238426,
O1/0117/4,,videos/sample_000467_O1__0117__4.pt,ok,0.5694730282,0.6074819565,0.5658235332,0.5447207742,average,0.5694730282,0.5658235332,
O1/0118/1,,videos/sample_000468_O1__0118__1.pt,ok,0.5776251554,0.5972216129,0.5612296183,0.5503385675,average,0.5776251554,0.5612296183,
O1/0118/2,,videos/sample_000469_O1__0118__2.pt,ok,0.5784508586,0.6000458002,0.5607664005,0.5487865010,average,0.5784508586,0.5607664005,
O1/0118/3,,videos/sample_000470_O1__0118__3.pt,ok,0.5777255893,0.5994792581,0.5611732547,0.5490974998,average,0.5777255893,0.5611732547,
O1/0118/4,,videos/sample_000471_O1__0118__4.pt,ok,0.5766929984,0.5967383385,0.5617530163,0.5506045963,average,0.5766929984,0.5617530163,
O1/0119/1,,videos/sample_000472_O1__0119__1.pt,ok,0.5792055726,0.6134769320,0.5603433419,0.5414649555,average,0.5792055726,0.5603433419,
O1/0119/2,,videos/sample_000473_O1__0119__2.pt,ok,0.5672867894,0.6025837660,0.5670619117,0.5473954656,average,0.5672867894,0.5670619117,
O1/0119/3,,videos/sample_000474_O1__0119__3.pt,ok,0.5715801120,0.6025837660,0.5646325508,0.5473954656,average,0.5715801120,0.5646325508,
O1/0119/4,,videos/sample_000475_O1__0119__4.pt,ok,0.5804113150,0.6134769320,0.5596681193,0.5414649555,average,0.5804113150,0.5596681193,
O1/0120/1,,videos/sample_000476_O1__0120__1.pt,ok,0.6209892035,0.6459040046,0.5374125642,0.5241884591,average,0.6209892035,0.5374125642,
O1/0120/2,,videos/sample_000477_O1__0120__2.pt,ok,0.6211212873,0.6456847191,0.5373415854,0.5243034186,average,0.6211212873,0.5373415854,
O1/0120/3,,videos/sample_000478_O1__0120__3.pt,ok,0.6201289296,0.6459040046,0.5378750851,0.5241884591,average,0.6201289296,0.5378750851,
O1/0120/4,,videos/sample_000479_O1__0120__4.pt,ok,0.6210764050,0.6456847191,0.5373657030,0.5243034186,average,0.6210764050,0.5373657030,
O1/0121/1,,videos/sample_000480_O1__0121__1.pt,ok,0.6244481206,0.6484942436,0.5355569098,0.5228324426,average,0.6244481206,0.5355569098,
O1/0121/2,,videos/sample_000481_O1__0121__2.pt,ok,0.6241177917,0.6488604546,0.5357338490,0.5226410107,average,0.6241177917,0.5357338490,
O1/0121/3,,videos/sample_000482_O1__0121__3.pt,ok,0.6235862970,0.6488604546,0.5360186643,0.5226410107,average,0.6235862970,0.5360186643,
O1/0121/4,,videos/sample_000483_O1__0121__4.pt,ok,0.6240980029,0.6484942436,0.5357444506,0.5228324426,average,0.6240980029,0.5357444506,
O1/0122/1,,videos/sample_000484_O1__0122__1.pt,ok,0.5645881891,0.6096414328,0.5685942518,0.5435457318,average,0.5645881891,0.5685942518,
O1/0122/2,,videos/sample_000485_O1__0122__2.pt,ok,0.5670734048,0.6094056368,0.5671829270,0.5436739128,average,0.5670734048,0.5671829270,
O1/0122/3,,videos/sample_000486_O1__0122__3.pt,ok,0.5676895380,0.6087629795,0.5668335744,0.5440234211,average,0.5676895380,0.5668335744,
O1/0122/4,,videos/sample_000487_O1__0122__4.pt,ok,0.5568619370,0.5946873426,0.5730043693,0.5517350429,average,0.5568619370,0.5730043693,
O1/0123/1,,videos/sample_000488_O1__0123__1.pt,ok,0.5724402666,0.5973634720,0.5641470883,0.5502605025,average,0.5724402666,0.5641470883,
O1/0123/2,,videos/sample_000489_O1__0123__2.pt,ok,0.5704612732,0.5924804807,0.5652646371,0.5529539905,average,0.5704612732,0.5652646371,
O1/0123/3,,videos/sample_000490_O1__0123__3.pt,ok,0.5694367290,0.5915054679,0.5658440725,0.5534933907,average,0.5694367290,0.5658440725,
O1/0123/4,,videos/sample_000491_O1__0123__4.pt,ok,0.5716844201,0.5974036455,0.5645736581,0.5502383970,average,0.5716844201,0.5645736581,
O1/0124/1,,videos/sample_000492_O1__0124__1.pt,ok,0.6308178306,0.6408635378,0.5321564092,0.5268372837,average,0.6308178306,0.5321564092,
O1/0124/2,,videos/sample_000493_O1__0124__2.pt,ok,0.6303926110,0.6407060027,0.5323827406,0.5269202855,average,0.6303926110,0.5323827406,
O1/0124/3,,videos/sample_000494_O1__0124__3.pt,ok,0.6305938959,0.6419597268,0.5322755908,0.5262600868,average,0.6305938959,0.5322755908,
O1/0124/4,,videos/sample_000495_O1__0124__4.pt,ok,0.6311037540,0.6424472928,0.5320042750,0.5260035628,average,0.6311037540,0.5320042750,
O1/0125/1,,videos/sample_000496_O1__0125__1.pt,ok,0.5997558832,0.6285757422,0.5489456266,0.5333508895,average,0.5997558832,0.5489456266,
O1/0125/2,,videos/sample_000497_O1__0125__2.pt,ok,0.5960379839,0.6236224771,0.5509903498,0.5359992715,average,0.5960379839,0.5509903498,
O1/0125/3,,videos/sample_000498_O1__0125__3.pt,ok,0.6000335813,0.6309187412,0.5487932066,0.5321027117,average,0.6000335813,0.5487932066,
O1/0125/4,,videos/sample_000499_O1__0125__4.pt,ok,0.5995984674,0.6275876760,0.5490320461,0.5338781359,average,0.5995984674,0.5490320461,
O1/0126/1,,videos/sample_000500_O1__0126__1.pt,ok,0.5644078255,0.5857058167,0.5686968148,0.5567127859,average,0.5644078255,0.5686968148,
O1/0126/2,,videos/sample_000501_O1__0126__2.pt,ok,0.5748969316,0.6048663855,0.5627628689,0.5461473950,average,0.5748969316,0.5627628689,
O1/0126/3,,videos/sample_000502_O1__0126__3.pt,ok,0.5755808353,0.6095607281,0.5623781248,0.5435896003,average,0.5755808353,0.5623781248,
O1/0126/4,,videos/sample_000503_O1__0126__4.pt,ok,0.5701283216,0.6049366593,0.5654528742,0.5461090165,average,0.5701283216,0.5654528742,
O1/0127/1,,videos/sample_000504_O1__0127__1.pt,ok,0.6169549227,0.6293287277,0.5395850166,0.5329494351,average,0.6169549227,0.5395850166,
O1/0127/2,,videos/sample_000505_O1__0127__2.pt,ok,0.6171792746,0.6292851567,0.5394639732,0.5329726568,average,0.6171792746,0.5394639732,
O1/0127/3,,videos/sample_000506_O1__0127__3.pt,ok,0.6155203581,0.6292851567,0.5403596416,0.5329726568,average,0.6155203581,0.5403596416,
O1/0127/4,,videos/sample_000507_O1__0127__4.pt,ok,0.6158185601,0.6293287277,0.5401985293,0.5329494351,average,0.6158185601,0.5401985293,
O1/0128/1,,videos/sample_000508_O1__0128__1.pt,ok,0.5797960162,0.6008786559,0.5600125884,0.5483296313,average,0.5797960162,0.5600125884,
O1/0128/2,,videos/sample_000509_O1__0128__2.pt,ok,0.5811666846,0.6039760709,0.5592455227,0.5466338545,average,0.5811666846,0.5592455227,
O1/0128/3,,videos/sample_000510_O1__0128__3.pt,ok,0.5807381868,0.6028466225,0.5594852095,0.5472515980,average,0.5807381868,0.5594852095,
O1/0128/4,,videos/sample_000511_O1__0128__4.pt,ok,0.5788144469,0.5994373560,0.5605625494,0.5491205086,average,0.5788144469,0.5605625494,
O1/0129/1,,videos/sample_000512_O1__0129__1.pt,ok,0.5919756293,0.6241359115,0.5532332206,0.5357241417,average,0.5919756293,0.5532332206,
O1/0129/2,,videos/sample_000513_O1__0129__2.pt,ok,0.5823605061,0.5995869040,0.5585782817,0.5490383948,average,0.5823605061,0.5585782817,
O1/0129/3,,videos/sample_000514_O1__0129__3.pt,ok,0.5937561393,0.6202945113,0.5522490597,0.5377860302,average,0.5937561393,0.5522490597,
O1/0129/4,,videos/sample_000515_O1__0129__4.pt,ok,0.5937672257,0.6204237938,0.5522429373,0.5377165084,average,0.5937672257,0.5522429373,
O1/0130/1,,videos/sample_000516_O1__0130__1.pt,ok,0.5730656981,0.5973912477,0.5637943632,0.5502452188,average,0.5730656981,0.5637943632,
O1/0130/2,,videos/sample_000517_O1__0130__2.pt,ok,0.5710831881,0.5934476256,0.5649131999,0.5524194624,average,0.5710831881,0.5649131999,
O1/0130/3,,videos/sample_000518_O1__0130__3.pt,ok,0.5714817643,0.5931213498,0.5646880838,0.5525997329,average,0.5714817643,0.5646880838,
O1/0130/4,,videos/sample_000519_O1__0130__4.pt,ok,0.5734270811,0.5975627303,0.5635906544,0.5501508694,average,0.5734270811,0.5635906544,
O1/0131/1,,videos/sample_000520_O1__0131__1.pt,ok,0.5604780912,0.5966039300,0.5709360391,0.5506786072,average,0.5604780912,0.5709360391,
O1/0131/2,,videos/sample_000521_O1__0131__2.pt,ok,0.5565047860,0.5971058607,0.5732090549,0.5504022741,average,0.5565047860,0.5732090549,
O1/0131/3,,videos/sample_000522_O1__0131__3.pt,ok,0.5600810051,0.5967066884,0.5711627949,0.5506220233,average,0.5600810051,0.5711627949,
O1/0131/4,,videos/sample_000523_O1__0131__4.pt,ok,0.5444824696,0.5662852526,0.5801419468,0.5676301296,average,0.5444824696,0.5801419468,
O1/0132/1,,videos/sample_000524_O1__0132__1.pt,ok,0.5492159724,0.5712541938,0.5774023323,0.5648166048,average,0.5492159724,0.5774023323,
O1/0132/2,,videos/sample_000525_O1__0132__2.pt,ok,0.5522251725,0.5811671019,0.5756674248,0.5592452893,average,0.5522251725,0.5756674248,
O1/0132/3,,videos/sample_000526_O1__0132__3.pt,ok,0.5507275462,0.5827001333,0.5765302054,0.5583886055,average,0.5507275462,0.5765302054,
O1/0132/4,,videos/sample_000527_O1__0132__4.pt,ok,0.5463820696,0.5682511330,0.5790409552,0.5665153328,average,0.5463820696,0.5790409552,
O1/0133/1,,videos/sample_000528_O1__0133__1.pt,ok,0.5945354104,0.6234702468,0.5518188756,0.5360808730,average,0.5945354104,0.5518188756,
O1/0133/2,,videos/sample_000529_O1__0133__2.pt,ok,0.5989313126,0.6288715601,0.5493984577,0.5331931381,average,0.5989313126,0.5493984577,
O1/0133/3,,videos/sample_000530_O1__0133__3.pt,ok,0.6011994481,0.6312031746,0.5481537596,0.5319513854,average,0.6011994481,0.5481537596,
O1/0133/4,,videos/sample_000531_O1__0133__4.pt,ok,0.6027762890,0.6323049068,0.5472900895,0.5313656402,average,0.6027762890,0.5472900895,
O1/0134/1,,videos/sample_000532_O1__0134__1.pt,ok,0.6232590079,0.6367300749,0.5361941261,0.5290194529,average,0.6232590079,0.5361941261,
O1/0134/2,,videos/sample_000533_O1__0134__2.pt,ok,0.6228433251,0.6363283396,0.5364170591,0.5292320214,average,0.6228433251,0.5364170591,
O1/0134/3,,videos/sample_000534_O1__0134__3.pt,ok,0.6221029758,0.6363283396,0.5368143421,0.5292320214,average,0.6221029758,0.5368143421,
O1/0134/4,,videos/sample_000535_O1__0134__4.pt,ok,0.6218127608,0.6367300749,0.5369701563,0.5290194529,average,0.6218127608,0.5369701563,
O1/0135/1,,videos/sample_000536_O1__0135__1.pt,ok,0.5752237439,0.6147477627,0.5625789811,0.5407772823,average,0.5752237439,0.5625789811,
O1/0135/2,,videos/sample_000537_O1__0135__2.pt,ok,0.5754282475,0.6089578867,0.5624639435,0.5439173974,average,0.5754282475,0.5624639435,
O1/0135/3,,videos/sample_000538_O1__0135__3.pt,ok,0.5771884322,0.6121196747,0.5614747738,0.5422003618,average,0.5771884322,0.5614747738,
O1/0135/4,,videos/sample_000539_O1__0135__4.pt,ok,0.5697772503,0.6036223173,0.5656514234,0.5468272624,average,0.5697772503,0.5656514234,
O1/0136/1,,videos/sample_000540_O1__0136__1.pt,ok,0.5898489356,0.6121672392,0.5544110302,0.5421745729,average,0.5898489356,0.5544110302,
O1/0136/2,,videos/sample_000541_O1__0136__2.pt,ok,0.5838395953,0.6010214686,0.5577527053,0.5482513284,average,0.5838395953,0.5577527053,
O1/0136/3,,videos/sample_000542_O1__0136__3.pt,ok,0.5882092118,0.6040379405,0.5553208569,0.5466000355,average,0.5882092118,0.5553208569,
O1/0136/4,,videos/sample_000543_O1__0136__4.pt,ok,0.5869680047,0.6108077765,0.5560105530,0.5429121403,average,0.5869680047,0.5560105530,
O1/0137/1,,videos/sample_000544_O1__0137__1.pt,ok,0.6301715970,0.6498110890,0.5325004177,0.5221444062,average,0.6301715970,0.5325004177,
O1/0137/2,,videos/sample_000545_O1__0137__2.pt,ok,0.6303213835,0.6487568617,0.5324206623,0.5226951554,average,0.6303213835,0.5324206623,
O1/0137/3,,videos/sample_000546_O1__0137__3.pt,ok,0.6307231784,0.6487568617,0.5322067814,0.5226951554,average,0.6307231784,0.5322067814,
O1/0137/4,,videos/sample_000547_O1__0137__4.pt,ok,0.6288835406,0.6498110890,0.5331867502,0.5221444062,average,0.6288835406,0.5331867502,
O1/0138/1,,videos/sample_000548_O1__0138__1.pt,ok,0.5831234455,0.6035683751,0.5581522828,0.5468567603,average,0.5831234455,0.5581522828,
O1/0138/2,,videos/sample_000549_O1__0138__2.pt,ok,0.5831654072,0.6047921777,0.5581288623,0.5461879249,average,0.5831654072,0.5581288623,
O1/0138/3,,videos/sample_000550_O1__0138__3.pt,ok,0.5818570852,0.6018794179,0.5588595525,0.5477811583,average,0.5818570852,0.5588595525,
O1/0138/4,,videos/sample_000551_O1__0138__4.pt,ok,0.5815235376,0.6010487676,0.5590459898,0.5482363620,average,0.5815235376,0.5590459898,
O1/0139/1,,videos/sample_000552_O1__0139__1.pt,ok,0.6178678870,0.6336836815,0.5390926195,0.5306335115,average,0.6178678870,0.5390926195,
O1/0139/2,,videos/sample_000553_O1__0139__2.pt,ok,0.6198320985,0.6337054968,0.5380347669,0.5306219357,average,0.6198320985,0.5380347669,
O1/0139/3,,videos/sample_000554_O1__0139__3.pt,ok,0.6187799573,0.6337054968,0.5386011533,0.5306219357,average,0.6187799573,0.5386011533,
O1/0139/4,,videos/sample_000555_O1__0139__4.pt,ok,0.6195678711,0.6336836815,0.5381769492,0.5306335115,average,0.6195678711,0.5381769492,
O1/0140/1,,videos/sample_000556_O1__0140__1.pt,ok,0.5571798682,0.5924418569,0.5728222223,0.5529753481,average,0.5571798682,0.5728222223,
O1/0140/2,,videos/sample_000557_O1__0140__2.pt,ok,0.5575644374,0.5931956768,0.5726019749,0.5525586614,average,0.5575644374,0.5726019749,
O1/0140/3,,videos/sample_000558_O1__0140__3.pt,ok,0.5447803736,0.5668752193,0.5799691459,0.5672953455,average,0.5447803736,0.5799691459,
O1/0140/4,,videos/sample_000559_O1__0140__4.pt,ok,0.5576832294,0.5948556662,0.5725339583,0.5516421808,average,0.5576832294,0.5725339583,
O1/0141/1,,videos/sample_000560_O1__0141__1.pt,ok,0.6294506192,0.6397072077,0.5328844771,0.5274468338,average,0.6294506192,0.5328844771,
O1/0141/2,,videos/sample_000561_O1__0141__2.pt,ok,0.6286338568,0.6395376921,0.5333198949,0.5275362519,average,0.6286338568,0.5333198949,
O1/0141/3,,videos/sample_000562_O1__0141__3.pt,ok,0.6288055182,0.6397355795,0.5332283523,0.5274318694,average,0.6288055182,0.5332283523,
O1/0141/4,,videos/sample_000563_O1__0141__4.pt,ok,0.6291871071,0.6395230293,0.5330249171,0.5275439871,average,0.6291871071,0.5330249171,
O1/0142/1,,videos/sample_000564_O1__0142__1.pt,ok,0.6380641460,0.6592884660,0.5283141738,0.5172192227,average,0.6380641460,0.5283141738,
O1/0142/2,,videos/sample_000565_O1__0142__2.pt,ok,0.6368547082,0.6584507227,0.5289535235,0.5176527011,average,0.6368547082,0.5289535235,
O1/0142/3,,videos/sample_000566_O1__0142__3.pt,ok,0.6380594373,0.6584507227,0.5283166615,0.5176527011,average,0.6380594373,0.5283166615,
O1/0142/4,,videos/sample_000567_O1__0142__4.pt,ok,0.6385247111,0.6592884660,0.5280709068,0.5172192227,average,0.6385247111,0.5280709068,
O1/0143/1,,videos/sample_000568_O1__0143__1.pt,ok,0.5682671666,0.6007004380,0.5665062496,0.5484273622,average,0.5682671666,0.5665062496,
O1/0143/2,,videos/sample_000569_O1__0143__2.pt,ok,0.5760308504,0.6048273444,0.5621251031,0.5461687176,average,0.5760308504,0.5621251031,
O1/0143/3,,videos/sample_000570_O1__0143__3.pt,ok,0.5759099126,0.6022624373,0.5621930894,0.5475713877,average,0.5759099126,0.5621930894,
O1/0143/4,,videos/sample_000571_O1__0143__4.pt,ok,0.5631868243,0.5839023590,0.5693916184,0.5577176998,average,0.5631868243,0.5693916184,
O1/0144/1,,videos/sample_000572_O1__0144__1.pt,ok,0.6151653528,0.6393561363,0.5405515062,0.5276320378,average,0.6151653528,0.5405515062,
O1/0144/2,,videos/sample_000573_O1__0144__2.pt,ok,0.6126648188,0.6394766569,0.5419048650,0.5275684511,average,0.6126648188,0.5419048650,
O1/0144/3,,videos/sample_000574_O1__0144__3.pt,ok,0.6144962907,0.6394766569,0.5409132898,0.5275684511,average,0.6144962907,0.5409132898,
O1/0144/4,,videos/sample_000575_O1__0144__4.pt,ok,0.6148734093,0.6393561363,0.5407093398,0.5276320378,average,0.6148734093,0.5407093398,
O1/0145/1,,videos/sample_000576_O1__0145__1.pt,ok,0.6193403602,0.6328207254,0.5382994042,0.5310916226,average,0.6193403602,0.5382994042,
O1/0145/2,,videos/sample_000577_O1__0145__2.pt,ok,0.6194117665,0.6316525936,0.5382609676,0.5317123701,average,0.6194117665,0.5382609676,
O1/0145/3,,videos/sample_000578_O1__0145__3.pt,ok,0.6189714074,0.6317792535,0.5384980479,0.5316450277,average,0.6189714074,0.5384980479,
O1/0145/4,,videos/sample_000579_O1__0145__4.pt,ok,0.6178786159,0.6313111782,0.5390868357,0.5318939359,average,0.6178786159,0.5390868357,
O1/0146/1,,videos/sample_000580_O1__0146__1.pt,ok,0.5561796427,0.5769373178,0.5733954603,0.5616157859,average,0.5561796427,0.5733954603,
O1/0146/2,,videos/sample_000581_O1__0146__2.pt,ok,0.5579106808,0.5878431201,0.5724037495,0.5555241924,average,0.5579106808,0.5724037495,
O1/0146/3,,videos/sample_000582_O1__0146__3.pt,ok,0.5516403913,0.5729783177,0.5760041627,0.5638436300,average,0.5516403913,0.5760041627,
O1/0146/4,,videos/sample_000583_O1__0146__4.pt,ok,0.5543757677,0.5876806378,0.5744307275,0.5556144626,average,0.5543757677,0.5744307275,
O1/0147/1,,videos/sample_000584_O1__0147__1.pt,ok,0.5532105565,0.5747063756,0.5751004507,0.5628701169,average,0.5532105565,0.5751004507,
O1/0147/2,,videos/sample_000585_O1__0147__2.pt,ok,0.5528661013,0.5737137198,0.5752985812,0.5634291306,average,0.5528661013,0.5752985812,
O1/0147/3,,videos/sample_000586_O1__0147__3.pt,ok,0.5553251505,0.5848774910,0.5738856317,0.5571741165,average,0.5553251505,0.5738856317,
O1/0147/4,,videos/sample_000587_O1__0147__4.pt,ok,0.5549189448,0.5822875500,0.5741187946,0.5586190349,average,0.5549189448,0.5741187946,
O1/0148/1,,videos/sample_000588_O1__0148__1.pt,ok,0.6210971475,0.6470488310,0.5373545569,0.5235886977,average,0.6210971475,0.5373545569,
O1/0148/2,,videos/sample_000589_O1__0148__2.pt,ok,0.6195703149,0.6474087238,0.5381756340,0.5234002957,average,0.6195703149,0.5381756340,
O1/0148/3,,videos/sample_000590_O1__0148__3.pt,ok,0.6215783358,0.6470488310,0.5370960503,0.5235886977,average,0.6215783358,0.5370960503,
O1/0148/4,,videos/sample_000591_O1__0148__4.pt,ok,0.6214891672,0.6474087238,0.5371439446,0.5234002957,average,0.6214891672,0.5371439446,
O1/0149/1,,videos/sample_000592_O1__0149__1.pt,ok,0.6239261627,0.6388481855,0.5358365209,0.5279001170,average,0.6239261627,0.5358365209,
O1/0149/2,,videos/sample_000593_O1__0149__2.pt,ok,0.6240665317,0.6363463998,0.5357613114,0.5292224634,average,0.6240665317,0.5357613114,
O1/0149/3,,videos/sample_000594_O1__0149__3.pt,ok,0.6232085228,0.6363463998,0.5362211966,0.5292224634,average,0.6232085228,0.5362211966,
O1/0149/4,,videos/sample_000595_O1__0149__4.pt,ok,0.6226034760,0.6385131478,0.5365457337,0.5280770131,average,0.6226034760,0.5365457337,
O1/0150/1,,videos/sample_000596_O1__0150__1.pt,ok,0.6240186691,0.6368721724,0.5357869549,0.5289442859,average,0.6240186691,0.5357869549,
O1/0150/2,,videos/sample_000597_O1__0150__2.pt,ok,0.6248349547,0.6368721724,0.5353497782,0.5289442859,average,0.6248349547,0.5353497782,
O1/0150/3,,videos/sample_000598_O1__0150__3.pt,ok,0.6250938177,0.6375762820,0.5352112139,0.5285719822,average,0.6250938177,0.5352112139,
O1/0150/4,,videos/sample_000599_O1__0150__4.pt,ok,0.6244273782,0.6375762820,0.5355680187,0.5285719822,average,0.6244273782,0.5355680187,
O1/0151/1,,videos/sample_000600_O1__0151__1.pt,ok,0.5566498041,0.5891619325,0.5731259353,0.5547920432,average,0.5566498041,0.5731259353,
O1/0151/2,,videos/sample_000601_O1__0151__2.pt,ok,0.5595983863,0.5893028378,0.5714385153,0.5547138755,average,0.5595983863,0.5714385153,
O1/0151/3,,videos/sample_000602_O1__0151__3.pt,ok,0.5543736815,0.5752642751,0.5744319259,0.5625561796,average,0.5543736815,0.5744319259,
O1/0151/4,,videos/sample_000603_O1__0151__4.pt,ok,0.5582723618,0.5799168944,0.5721967594,0.5599448992,average,0.5582723618,0.5721967594,
O1/0152/1,,videos/sample_000604_O1__0152__1.pt,ok,0.5622656345,0.5927812457,0.5699163778,0.5527877063,average,0.5622656345,0.5699163778,
O1/0152/2,,videos/sample_000605_O1__0152__2.pt,ok,0.5623629689,0.5891916156,0.5698609080,0.5547755754,average,0.5623629689,0.5698609080,
O1/0152/3,,videos/sample_000606_O1__0152__3.pt,ok,0.5580744743,0.5789614916,0.5723100012,0.5604801278,average,0.5580744743,0.5723100012,
O1/0152/4,,videos/sample_000607_O1__0152__4.pt,ok,0.5600116253,0.5811939836,0.5712024234,0.5592302561,average,0.5600116253,0.5712024234,
O1/0153/1,,videos/sample_000608_O1__0153__1.pt,ok,0.5764926672,0.5978264809,0.5618655643,0.5500057860,average,0.5764926672,0.5618655643,
O1/0153/2,,videos/sample_000609_O1__0153__2.pt,ok,0.5779054165,0.6005219817,0.5610723495,0.5485252412,average,0.5779054165,0.5610723495,
O1/0153/3,,videos/sample_000610_O1__0153__3.pt,ok,0.5776017308,0.5995054841,0.5612427650,0.5490830993,average,0.5776017308,0.5612427650,
O1/0153/4,,videos/sample_000611_O1__0153__4.pt,ok,0.5766776800,0.5972113609,0.5617616215,0.5503442096,average,0.5766776800,0.5617616215,
O1/0154/1,,videos/sample_000612_O1__0154__1.pt,ok,0.6254146695,0.6497459412,0.5350395179,0.5221784240,average,0.6254146695,0.5350395179,
O1/0154/2,,videos/sample_000613_O1__0154__2.pt,ok,0.6264152527,0.6497459412,0.5345044341,0.5221784240,average,0.6264152527,0.5345044341,
O1/0154/3,,videos/sample_000614_O1__0154__3.pt,ok,0.6265484095,0.6490083337,0.5344332660,0.5225637287,average,0.6265484095,0.5344332660,
O1/0154/4,,videos/sample_000615_O1__0154__4.pt,ok,0.6266141534,0.6490083337,0.5343981314,0.5225637287,average,0.6266141534,0.5343981314,
O1/0155/1,,videos/sample_000616_O1__0155__1.pt,ok,0.5554860830,0.5850683451,0.5737932822,0.5570677877,average,0.5554860830,0.5737932822,
O1/0155/2,,videos/sample_000617_O1__0155__2.pt,ok,0.5567089915,0.5870829225,0.5730920144,0.5559466612,average,0.5567089915,0.5730920144,
O1/0155/3,,videos/sample_000618_O1__0155__3.pt,ok,0.5586265922,0.5904817581,0.5719941058,0.5540602974,average,0.5586265922,0.5719941058,
O1/0155/4,,videos/sample_000619_O1__0155__4.pt,ok,0.5470687151,0.5697988868,0.5786434958,0.5656391848,average,0.5470687151,0.5786434958,
O1/0156/1,,videos/sample_000620_O1__0156__1.pt,ok,0.5830307007,0.6014232635,0.5582040510,0.5480310881,average,0.5830307007,0.5582040510,
O1/0156/2,,videos/sample_000621_O1__0156__2.pt,ok,0.5837232471,0.6040015817,0.5578176026,0.5466199096,average,0.5837232471,0.5578176026,
O1/0156/3,,videos/sample_000622_O1__0156__3.pt,ok,0.5825911760,0.5992854238,0.5584494493,0.5492039440,average,0.5825911760,0.5584494493,
O1/0156/4,,videos/sample_000623_O1__0156__4.pt,ok,0.5830088258,0.6028692722,0.5582162618,0.5472392031,average,0.5830088258,0.5582162618,
O1/0157/1,,videos/sample_000624_O1__0157__1.pt,ok,0.5816769600,0.6114078164,0.5589602262,0.5425864690,average,0.5816769600,0.5589602262,
O1/0157/2,,videos/sample_000625_O1__0157__2.pt,ok,0.5804666877,0.6092402339,0.5596371299,0.5437638455,average,0.5804666877,0.5596371299,
O1/0157/3,,videos/sample_000626_O1__0157__3.pt,ok,0.5799809694,0.6097860336,0.5599090219,0.5434671403,average,0.5799809694,0.5599090219,
O1/0157/4,,videos/sample_000627_O1__0157__4.pt,ok,0.5770511031,0.6076329947,0.5615518859,0.5446385068,average,0.5770511031,0.5615518859,
O1/0158/1,,videos/sample_000628_O1__0158__1.pt,ok,0.5810863376,0.6021460295,0.5592904582,0.5476351330,average,0.5810863376,0.5592904582,
O1/0158/2,,videos/sample_000629_O1__0158__2.pt,ok,0.5842381120,0.6077241302,0.5575304758,0.5445888732,average,0.5842381120,0.5575304758,
O1/0158/3,,videos/sample_000630_O1__0158__3.pt,ok,0.5823671222,0.6055651903,0.5585745861,0.5457658779,average,0.5823671222,0.5585745861,
O1/0158/4,,videos/sample_000631_O1__0158__4.pt,ok,0.5826306343,0.6035267115,0.5584274143,0.5468795448,average,0.5826306343,0.5584274143,
O1/0159/1,,videos/sample_000632_O1__0159__1.pt,ok,0.6210963130,0.6350372434,0.5373550053,0.5299157521,average,0.6210963130,0.5373550053,
O1/0159/2,,videos/sample_000633_O1__0159__2.pt,ok,0.6204991341,0.6354591250,0.5376759982,0.5296922375,average,0.6204991341,0.5376759982,
O1/0159/3,,videos/sample_000634_O1__0159__3.pt,ok,0.6193640232,0.6333521605,0.5382866666,0.5308094569,average,0.6193640232,0.5382866666,
O1/0159/4,,videos/sample_000635_O1__0159__4.pt,ok,0.6200183034,0.6342990994,0.5379345915,0.5303070506,average,0.6200183034,0.5379345915,
O1/0160/1,,videos/sample_000636_O1__0160__1.pt,ok,0.5546451211,0.5742188692,0.5742760235,0.5631445866,average,0.5546451211,0.5742760235,
O1/0160/2,,videos/sample_000637_O1__0160__2.pt,ok,0.5642961860,0.5996069908,0.5687603074,0.5490273665,average,0.5642961860,0.5687603074,
O1/0160/3,,videos/sample_000638_O1__0160__3.pt,ok,0.5690050721,0.6012259722,0.5660883757,0.5481392206,average,0.5690050721,0.5660883757,
O1/0160/4,,videos/sample_000639_O1__0160__4.pt,ok,0.5681309700,0.6019435525,0.5665834111,0.5477460277,average,0.5681309700,0.5665834111,
O1/0161/1,,videos/sample_000640_O1__0161__1.pt,ok,0.5935696959,0.6125229001,0.5523520325,0.5419817769,average,0.5935696959,0.5523520325,
O1/0161/2,,videos/sample_000641_O1__0161__2.pt,ok,0.5924684405,0.6116103530,0.5529606482,0.5424765865,average,0.5924684405,0.5529606482,
O1/0161/3,,videos/sample_000642_O1__0161__3.pt,ok,0.5926961303,0.6121923327,0.5528347591,0.5421609680,average,0.5926961303,0.5528347591,
O1/0161/4,,videos/sample_000643_O1__0161__4.pt,ok,0.5940182209,0.6129670143,0.5521043444,0.5417411285,average,0.5940182209,0.5521043444,
O1/0162/1,,videos/sample_000644_O1__0162__1.pt,ok,0.6172958016,0.6317518353,0.5394011147,0.5316596046,average,0.6172958016,0.5394011147,
O1/0162/2,,videos/sample_000645_O1__0162__2.pt,ok,0.6199939251,0.6338320971,0.5379477056,0.5305547631,average,0.6199939251,0.5379477056,
O1/0162/3,,videos/sample_000646_O1__0162__3.pt,ok,0.6194367409,0.6338320971,0.5382475251,0.5305547631,average,0.6194367409,0.5382475251,
O1/0162/4,,videos/sample_000647_O1__0162__4.pt,ok,0.6195225120,0.6325111985,0.5382013610,0.5312560352,average,0.6195225120,0.5382013610,
O1/0163/1,,videos/sample_000648_O1__0163__1.pt,ok,0.6338147521,0.6454268098,0.5305639656,0.5244386588,average,0.6338147521,0.5305639656,
O1/0163/2,,videos/sample_000649_O1__0163__2.pt,ok,0.6334215403,0.6454268098,0.5307726307,0.5244386588,average,0.6334215403,0.5307726307,
O1/0163/3,,videos/sample_000650_O1__0163__3.pt,ok,0.6341946125,0.6456869245,0.5303624637,0.5243022623,average,0.6341946125,0.5303624637,
O1/0163/4,,videos/sample_000651_O1__0163__4.pt,ok,0.6335067749,0.6461421847,0.5307273924,0.5240636227,average,0.6335067749,0.5307273924,
O1/0164/1,,videos/sample_000652_O1__0164__1.pt,ok,0.5671899319,0.5937802792,0.5671168386,0.5522357287,average,0.5671899319,0.5671168386,
O1/0164/2,,videos/sample_000653_O1__0164__2.pt,ok,0.5649070740,0.5859533548,0.5684129647,0.5565749953,average,0.5649070740,0.5684129647,
O1/0164/3,,videos/sample_000654_O1__0164__3.pt,ok,0.5653880239,0.5883308053,0.5681396522,0.5552533376,average,0.5653880239,0.5681396522,
O1/0164/4,,videos/sample_000655_O1__0164__4.pt,ok,0.5677244663,0.5971539021,0.5668137762,0.5503758326,average,0.5677244663,0.5668137762,
O1/0165/1,,videos/sample_000656_O1__0165__1.pt,ok,0.5822132230,0.6051957607,0.5586605569,0.5459675372,average,0.5822132230,0.5586605569,
O1/0165/2,,videos/sample_000657_O1__0165__2.pt,ok,0.5829299688,0.6056242585,0.5582602827,0.5457336414,average,0.5829299688,0.5582602827,
O1/0165/3,,videos/sample_000658_O1__0165__3.pt,ok,0.5831565857,0.6057618856,0.5581337859,0.5456585388,average,0.5831565857,0.5581337859,
O1/0165/4,,videos/sample_000659_O1__0165__4.pt,ok,0.5822080970,0.6042720675,0.5586634206,0.5464720767,average,0.5822080970,0.5586634206,
O1/0166/1,,videos/sample_000660_O1__0166__1.pt,ok,0.5687597394,0.5970484614,0.5662272728,0.5504338677,average,0.5687597394,0.5662272728,
O1/0166/2,,videos/sample_000661_O1__0166__2.pt,ok,0.5724231601,0.6033091545,0.5641567390,0.5469985352,average,0.5724231601,0.5641567390,
O1/0166/3,,videos/sample_000662_O1__0166__3.pt,ok,0.5718505979,0.6064881682,0.5644798463,0.5452623804,average,0.5718505979,0.5644798463,
O1/0166/4,,videos/sample_000663_O1__0166__4.pt,ok,0.5625138879,0.5922674537,0.5697749117,0.5530717972,average,0.5625138879,0.5697749117,
O1/0167/1,,videos/sample_000664_O1__0167__1.pt,ok,0.6281862259,0.6491180658,0.5335586788,0.5225063899,average,0.6281862259,0.5335586788,
O1/0167/2,,videos/sample_000665_O1__0167__2.pt,ok,0.6272652745,0.6491180658,0.5340502867,0.5225063899,average,0.6272652745,0.5340502867,
O1/0167/3,,videos/sample_000666_O1__0167__3.pt,ok,0.6292378306,0.6500191092,0.5329978809,0.5220358010,average,0.6292378306,0.5329978809,
O1/0167/4,,videos/sample_000667_O1__0167__4.pt,ok,0.6292492151,0.6500191092,0.5329918130,0.5220358010,average,0.6292492151,0.5329918130,
O1/0168/1,,videos/sample_000668_O1__0168__1.pt,ok,0.5757210851,0.6052788496,0.5622992570,0.5459221752,average,0.5757210851,0.5622992570,
O1/0168/2,,videos/sample_000669_O1__0168__2.pt,ok,0.5823833346,0.6109097600,0.5585655303,0.5428567750,average,0.5823833346,0.5585655303,
O1/0168/3,,videos/sample_000670_O1__0168__3.pt,ok,0.5807021260,0.6091421843,0.5595053853,0.5438171640,average,0.5807021260,0.5595053853,
O1/0168/4,,videos/sample_000671_O1__0168__4.pt,ok,0.5823044181,0.6170256734,0.5586096121,0.5395468419,average,0.5823044181,0.5586096121,
O1/0169/1,,videos/sample_000672_O1__0169__1.pt,ok,0.5463820696,0.5682511330,0.5790409552,0.5665153328,average,0.5463820696,0.5790409552,
O1/0169/2,,videos/sample_000673_O1__0169__2.pt,ok,0.5548512936,0.5886934996,0.5741576358,0.5550519869,average,0.5548512936,0.5741576358,
O1/0169/3,,videos/sample_000674_O1__0169__3.pt,ok,0.5577838421,0.5904383659,0.5724763571,0.5540843398,average,0.5577838421,0.5724763571,
O1/0169/4,,videos/sample_000675_O1__0169__4.pt,ok,0.5590118170,0.5873380899,0.5717738019,0.5558048198,average,0.5590118170,0.5717738019,
O1/0170/1,,videos/sample_000676_O1__0170__1.pt,ok,0.5797575712,0.6024319530,0.5600341185,0.5474785736,average,0.5797575712,0.5600341185,
O1/0170/2,,videos/sample_000677_O1__0170__2.pt,ok,0.5784786344,0.5991254449,0.5607508250,0.5492918121,average,0.5784786344,0.5607508250,
O1/0170/3,,videos/sample_000678_O1__0170__3.pt,ok,0.5798616409,0.6015114188,0.5599758389,0.5479827784,average,0.5798616409,0.5599758389,
O1/0170/4,,videos/sample_000679_O1__0170__4.pt,ok,0.5783924460,0.5983493924,0.5607991572,0.5497182568,average,0.5783924460,0.5607991572,
O1/0171/1,,videos/sample_000680_O1__0171__1.pt,ok,0.6175961494,0.6415447593,0.5392391311,0.5264785130,average,0.6175961494,0.5392391311,
O1/0171/2,,videos/sample_000681_O1__0171__2.pt,ok,0.6175866723,0.6413621902,0.5392442416,0.5265746404,average,0.6175866723,0.5392442416,
O1/0171/3,,videos/sample_000682_O1__0171__3.pt,ok,0.6162829995,0.6413621902,0.5399476981,0.5265746404,average,0.6162829995,0.5399476981,
O1/0171/4,,videos/sample_000683_O1__0171__4.pt,ok,0.6182657480,0.6415447593,0.5388781782,0.5264785130,average,0.6182657480,0.5388781782,
O1/0172/1,,videos/sample_000684_O1__0172__1.pt,ok,0.5663018823,0.5963398218,0.5676206902,0.5508240651,average,0.5663018823,0.5676206902,
O1/0172/2,,videos/sample_000685_O1__0172__2.pt,ok,0.5619248152,0.5950024724,0.5701106494,0.5515612022,average,0.5619248152,0.5701106494,
O1/0172/3,,videos/sample_000686_O1__0172__3.pt,ok,0.5660857558,0.5970805883,0.5677433813,0.5504161842,average,0.5660857558,0.5677433813,
O1/0172/4,,videos/sample_000687_O1__0172__4.pt,ok,0.5592941642,0.5915202498,0.5716123860,0.5534852090,average,0.5592941642,0.5716123860,
O1/0173/1,,videos/sample_000688_O1__0173__1.pt,ok,0.5648145080,0.5961742401,0.5684655828,0.5509152791,average,0.5648145080,0.5684655828,
O1/0173/2,,videos/sample_000689_O1__0173__2.pt,ok,0.5551393628,0.5857775211,0.5739922624,0.5566728686,average,0.5551393628,0.5739922624,
O1/0173/3,,videos/sample_000690_O1__0173__3.pt,ok,0.5663698316,0.5985914469,0.5675821221,0.5495852111,average,0.5663698316,0.5675821221,
O1/0173/4,,videos/sample_000691_O1__0173__4.pt,ok,0.5623936653,0.5976389647,0.5698434156,0.5501089306,average,0.5623936653,0.5698434156,
O1/0174/1,,videos/sample_000692_O1__0174__1.pt,ok,0.6260331273,0.6384254098,0.5347087209,0.5281233475,average,0.6260331273,0.5347087209,
O1/0174/2,,videos/sample_000693_O1__0174__2.pt,ok,0.6248244047,0.6384254098,0.5353554262,0.5281233475,average,0.6248244047,0.5353554262,
O1/0174/3,,videos/sample_000694_O1__0174__3.pt,ok,0.6262136102,0.6407318711,0.5346122238,0.5269066551,average,0.6262136102,0.5346122238,
O1/0174/4,,videos/sample_000695_O1__0174__4.pt,ok,0.6266946197,0.6407318711,0.5343551321,0.5269066551,average,0.6266946197,0.5343551321,
O1/0175/1,,videos/sample_000696_O1__0175__1.pt,ok,0.6226305366,0.6424568892,0.5365312147,0.5259985152,average,0.6226305366,0.5365312147,
O1/0175/2,,videos/sample_000697_O1__0175__2.pt,ok,0.6226305366,0.6424568892,0.5365312147,0.5259985152,average,0.6226305366,0.5365312147,
O1/0175/3,,videos/sample_000698_O1__0175__3.pt,ok,0.6232278347,0.6424015760,0.5362108413,0.5260276106,average,0.6232278347,0.5362108413,
O1/0175/4,,videos/sample_000699_O1__0175__4.pt,ok,0.6232278347,0.6424015760,0.5362108413,0.5260276106,average,0.6232278347,0.5362108413,
O1/0176/1,,videos/sample_000700_O1__0176__1.pt,ok,0.5465877652,0.5842141509,0.5789218612,0.5575438350,average,0.5465877652,0.5789218612,
O1/0176/2,,videos/sample_000701_O1__0176__2.pt,ok,0.5501641035,0.5842398405,0.5768551387,0.5575295121,average,0.5501641035,0.5768551387,
O1/0176/3,,videos/sample_000702_O1__0176__3.pt,ok,0.5463340282,0.5706171393,0.5790687737,0.5651765384,average,0.5463340282,0.5790687737,
O1/0176/4,,videos/sample_000703_O1__0176__4.pt,ok,0.5419775844,0.5662907362,0.5815969573,0.5676270170,average,0.5419775844,0.5815969573,
O1/0177/1,,videos/sample_000704_O1__0177__1.pt,ok,0.6125802398,0.6263912320,0.5419507007,0.5345172735,average,0.6125802398,0.5419507007,
O1/0177/2,,videos/sample_000705_O1__0177__2.pt,ok,0.6136637330,0.6272545457,0.5413638188,0.5340560165,average,0.6136637330,0.5413638188,
O1/0177/3,,videos/sample_000706_O1__0177__3.pt,ok,0.6134368777,0.6280966997,0.5414866440,0.5336064484,average,0.6134368777,0.5414866440,
O1/0177/4,,videos/sample_000707_O1__0177__4.pt,ok,0.6133213043,0.6280966997,0.5415492290,0.5336064484,average,0.6133213043,0.5415492290,
O1/0178/1,,videos/sample_000708_O1__0178__1.pt,ok,0.5818821788,0.6016246676,0.5588455289,0.5479207235,average,0.5818821788,0.5588455289,
O1/0178/2,,videos/sample_000709_O1__0178__2.pt,ok,0.5816387534,0.6010133028,0.5589815826,0.5482558054,average,0.5816387534,0.5589815826,
O1/0178/3,,videos/sample_000710_O1__0178__3.pt,ok,0.5821722746,0.6016246676,0.5586834336,0.5479207235,average,0.5821722746,0.5586834336,
O1/0178/4,,videos/sample_000711_O1__0178__4.pt,ok,0.5819622278,0.6010133028,0.5588007956,0.5482558054,average,0.5819622278,0.5588007956,
O1/0179/1,,videos/sample_000712_O1__0179__1.pt,ok,0.5494300127,0.5797364116,0.5772787582,0.5600459687,average,0.5494300127,0.5772787582,
O1/0179/2,,videos/sample_000713_O1__0179__2.pt,ok,0.5495184064,0.5832030773,0.5772277326,0.5581078379,average,0.5495184064,0.5772277326,
O1/0179/3,,videos/sample_000714_O1__0179__3.pt,ok,0.5454296470,0.5691252351,0.5795927096,0.5660203570,average,0.5454296470,0.5795927096,
O1/0179/4,,videos/sample_000715_O1__0179__4.pt,ok,0.5470687151,0.5697988868,0.5786434958,0.5656391848,average,0.5470687151,0.5786434958,
O1/0180/1,,videos/sample_000716_O1__0180__1.pt,ok,0.5769770741,0.5994235277,0.5615934586,0.5491281020,average,0.5769770741,0.5615934586,
O1/0180/2,,videos/sample_000717_O1__0180__2.pt,ok,0.5759107471,0.5969240069,0.5621926203,0.5505023759,average,0.5759107471,0.5621926203,
O1/0180/3,,videos/sample_000718_O1__0180__3.pt,ok,0.5748012662,0.5963184237,0.5628167084,0.5508358518,average,0.5748012662,0.5628167084,
O1/0180/4,,videos/sample_000719_O1__0180__4.pt,ok,0.5764860511,0.5980365872,0.5618692816,0.5498902384,average,0.5764860511,0.5618692816,
O1/0181/1,,videos/sample_000720_O1__0181__1.pt,ok,0.5532238483,0.5828021169,0.5750928066,0.5583316620,average,0.5532238483,0.5750928066,
O1/0181/2,,videos/sample_000721_O1__0181__2.pt,ok,0.5488768816,0.5719838738,0.5775981573,0.5644046197,average,0.5488768816,0.5775981573,
O1/0181/3,,videos/sample_000722_O1__0181__3.pt,ok,0.5528950691,0.5839447379,0.5752819163,0.5576940648,average,0.5528950691,0.5752819163,
O1/0181/4,,videos/sample_000723_O1__0181__4.pt,ok,0.5502620935,0.5726732612,0.5767986154,0.5640156604,average,0.5502620935,0.5767986154,
O1/0182/1,,videos/sample_000724_O1__0182__1.pt,ok,0.6248560548,0.6399654150,0.5353384824,0.5273106608,average,0.6248560548,0.5353384824,
O1/0182/2,,videos/sample_000725_O1__0182__2.pt,ok,0.6262381673,0.6404695511,0.5345990955,0.5270448914,average,0.6262381673,0.5345990955,
O1/0182/3,,videos/sample_000726_O1__0182__3.pt,ok,0.6260213852,0.6381250024,0.5347149995,0.5282820235,average,0.6260213852,0.5347149995,
O1/0182/4,,videos/sample_000727_O1__0182__4.pt,ok,0.6266674995,0.6394606233,0.5343696241,0.5275769100,average,0.6266674995,0.5343696241,
O1/0183/1,,videos/sample_000728_O1__0183__1.pt,ok,0.5994337797,0.6193994284,0.5491224724,0.5382676088,average,0.5994337797,0.5491224724,
O1/0183/2,,videos/sample_000729_O1__0183__2.pt,ok,0.5987820625,0.6175041199,0.5494804616,0.5392887594,average,0.5987820625,0.5494804616,
O1/0183/3,,videos/sample_000730_O1__0183__3.pt,ok,0.6001448035,0.6197308302,0.5487321720,0.5380892555,average,0.6001448035,0.5487321720,
O1/0183/4,,videos/sample_000731_O1__0183__4.pt,ok,0.5999165177,0.6194384694,0.5488574540,0.5382465947,average,0.5999165177,0.5488574540,
O1/0184/1,,videos/sample_000732_O1__0184__1.pt,ok,0.5687316656,0.5883014202,0.5662431691,0.5552696540,average,0.5687316656,0.5662431691,
O1/0184/2,,videos/sample_000733_O1__0184__2.pt,ok,0.5692755580,0.5946757793,0.5659352775,0.5517414228,average,0.5692755580,0.5659352775,
O1/0184/3,,videos/sample_000734_O1__0184__3.pt,ok,0.5682052970,0.5881602764,0.5665413002,0.5553480324,average,0.5682052970,0.5665413002,
O1/0184/4,,videos/sample_000735_O1__0184__4.pt,ok,0.5700010657,0.5960921049,0.5655248360,0.5509605305,average,0.5700010657,0.5655248360,
O1/0185/1,,videos/sample_000736_O1__0185__1.pt,ok,0.5736295581,0.6018142104,0.5634765518,0.5478168789,average,0.5736295581,0.5634765518,
O1/0185/2,,videos/sample_000737_O1__0185__2.pt,ok,0.5722920895,0.5939724445,0.5642306882,0.5521296183,average,0.5722920895,0.5642306882,
O1/0185/3,,videos/sample_000738_O1__0185__3.pt,ok,0.5714251995,0.5935168266,0.5647200262,0.5523812357,average,0.5714251995,0.5647200262,
O1/0185/4,,videos/sample_000739_O1__0185__4.pt,ok,0.5742173791,0.6013007164,0.5631454258,0.5480982519,average,0.5742173791,0.5631454258,
O1/0186/1,,videos/sample_000740_O1__0186__1.pt,ok,0.5718202591,0.5966655612,0.5644969722,0.5506446693,average,0.5718202591,0.5644969722,
O1/0186/2,,videos/sample_000741_O1__0186__2.pt,ok,0.5703727007,0.5931920409,0.5653147063,0.5525606704,average,0.5703727007,0.5653147063,
O1/0186/3,,videos/sample_000742_O1__0186__3.pt,ok,0.5717699528,0.5962671638,0.5645253707,0.5508640884,average,0.5717699528,0.5645253707,
O1/0186/4,,videos/sample_000743_O1__0186__4.pt,ok,0.5705292821,0.5946727395,0.5652261954,0.5517431000,average,0.5705292821,0.5652261954,
O1/0187/1,,videos/sample_000744_O1__0187__1.pt,ok,0.5537235737,0.5760372877,0.5748054900,0.5621214846,average,0.5537235737,0.5748054900,
O1/0187/2,,videos/sample_000745_O1__0187__2.pt,ok,0.5549560189,0.5830127001,0.5740975101,0.5582140991,average,0.5549560189,0.5740975101,
O1/0187/3,,videos/sample_000746_O1__0187__3.pt,ok,0.5505458713,0.5724502206,0.5766349560,0.5641414728,average,0.5505458713,0.5766349560,
O1/0187/4,,videos/sample_000747_O1__0187__4.pt,ok,0.5531444550,0.5835263133,0.5751384670,0.5579274666,average,0.5531444550,0.5751384670,
O1/0188/1,,videos/sample_000748_O1__0188__1.pt,ok,0.6133537889,0.6410801411,0.5415316374,0.5267231813,average,0.6133537889,0.5415316374,
O1/0188/2,,videos/sample_000749_O1__0188__2.pt,ok,0.6148948073,0.6420697570,0.5406977698,0.5262021855,average,0.6148948073,0.5406977698,
O1/0188/3,,videos/sample_000750_O1__0188__3.pt,ok,0.6151016951,0.6410801411,0.5405859176,0.5267231813,average,0.6151016951,0.5405859176,
O1/0188/4,,videos/sample_000751_O1__0188__4.pt,ok,0.6145002842,0.6420697570,0.5409111296,0.5262021855,average,0.6145002842,0.5409111296,
O1/0189/1,,videos/sample_000752_O1__0189__1.pt,ok,0.5499307513,0.5772681832,0.5769897648,0.5614299974,average,0.5499307513,0.5769897648,
O1/0189/2,,videos/sample_000753_O1__0189__2.pt,ok,0.5505895019,0.5715945363,0.5766097976,0.5646244064,average,0.5505895019,0.5766097976,
O1/0189/3,,videos/sample_000754_O1__0189__3.pt,ok,0.5514499545,0.5808116794,0.5761138656,0.5594440930,average,0.5514499545,0.5761138656,
O1/0189/4,,videos/sample_000755_O1__0189__4.pt,ok,0.5463108420,0.5703746080,0.5790822003,0.5653136280,average,0.5463108420,0.5790822003,
O1/0190/1,,videos/sample_000756_O1__0190__1.pt,ok,0.6239989400,0.6383641362,0.5357975256,0.5281557085,average,0.6239989400,0.5357975256,
O1/0190/2,,videos/sample_000757_O1__0190__2.pt,ok,0.6233144403,0.6359602213,0.5361644044,0.5294268772,average,0.6233144403,0.5361644044,
O1/0190/3,,videos/sample_000758_O1__0190__3.pt,ok,0.6230520606,0.6366453171,0.5363051015,0.5290642933,average,0.6230520606,0.5363051015,
O1/0190/4,,videos/sample_000759_O1__0190__4.pt,ok,0.6240618825,0.6384734511,0.5357638022,0.5280979764,average,0.6240618825,0.5357638022,
O1/0191/1,,videos/sample_000760_O1__0191__1.pt,ok,0.5683482289,0.6000648141,0.5664603292,0.5487760665,average,0.5683482289,0.5664603292,
O1/0191/2,,videos/sample_000761_O1__0191__2.pt,ok,0.5614533424,0.5978872776,0.5703795044,0.5499723484,average,0.5614533424,0.5703795044,
O1/0191/3,,videos/sample_000762_O1__0191__3.pt,ok,0.5545157194,0.5782043934,0.5743503406,0.5609046269,average,0.5545157194,0.5743503406,
O1/0191/4,,videos/sample_000763_O1__0191__4.pt,ok,0.5679576397,0.5972716808,0.5666816257,0.5503110139,average,0.5679576397,0.5666816257,
O1/0192/1,,videos/sample_000764_O1__0192__1.pt,ok,0.5723328590,0.6082901359,0.5642076852,0.5442807200,average,0.5723328590,0.5642076852,
O1/0192/2,,videos/sample_000765_O1__0192__2.pt,ok,0.5749766827,0.6079733968,0.5627179897,0.5444531423,average,0.5749766827,0.5627179897,
O1/0192/3,,videos/sample_000766_O1__0192__3.pt,ok,0.5638052821,0.5838247538,0.5690395826,0.5577609833,average,0.5638052821,0.5690395826,
O1/0192/4,,videos/sample_000767_O1__0192__4.pt,ok,0.5763734579,0.6074181795,0.5619325479,0.5447555160,average,0.5763734579,0.5619325479,
O1/0193/1,,videos/sample_000768_O1__0193__1.pt,ok,0.6257437468,0.6479884386,0.5348634776,0.5230969608,average,0.6257437468,0.5348634776,
O1/0193/2,,videos/sample_000769_O1__0193__2.pt,ok,0.6241511106,0.6488885283,0.5357159992,0.5226263384,average,0.6241511106,0.5357159992,
O1/0193/3,,videos/sample_000770_O1__0193__3.pt,ok,0.6251077652,0.6488885283,0.5352037491,0.5226263384,average,0.6251077652,0.5352037491,
O1/0193/4,,videos/sample_000771_O1__0193__4.pt,ok,0.6253435016,0.6479884386,0.5350775970,0.5230969608,average,0.6253435016,0.5350775970,
O1/0194/1,,videos/sample_000772_O1__0194__1.pt,ok,0.5520731211,0.5819590092,0.5757549625,0.5588025942,average,0.5520731211,0.5757549625,
O1/0194/2,,videos/sample_000773_O1__0194__2.pt,ok,0.5517905951,0.5859208107,0.5759176513,0.5565931089,average,0.5517905951,0.5759176513,
O1/0194/3,,videos/sample_000774_O1__0194__3.pt,ok,0.5496830344,0.5726557374,0.5771327126,0.5640255442,average,0.5496830344,0.5771327126,
O1/0194/4,,videos/sample_000775_O1__0194__4.pt,ok,0.5488583446,0.5723698735,0.5776088644,0.5641868018,average,0.5488583446,0.5776088644,
O1/0195/1,,videos/sample_000776_O1__0195__1.pt,ok,0.6106717587,0.6233217120,0.5429859910,0.5361605056,average,0.6106717587,0.5429859910,
O1/0195/2,,videos/sample_000777_O1__0195__2.pt,ok,0.6119788289,0.6243829131,0.5422767338,0.5355918333,average,0.6119788289,0.5422767338,
O1/0195/3,,videos/sample_000778_O1__0195__3.pt,ok,0.6115796566,0.6251591444,0.5424932388,0.5351762514,average,0.6115796566,0.5424932388,
O1/0195/4,,videos/sample_000779_O1__0195__4.pt,ok,0.6085171103,0.6250625849,0.5441571962,0.5352279303,average,0.6085171103,0.5441571962,
O1/0196/1,,videos/sample_000780_O1__0196__1.pt,ok,0.6236265302,0.6470918059,0.5359970990,0.5235661970,average,0.6236265302,0.5359970990,
O1/0196/2,,videos/sample_000781_O1__0196__2.pt,ok,0.6236033440,0.6462724805,0.5360095269,0.5239953438,average,0.6236033440,0.5360095269,
O1/0196/3,,videos/sample_000782_O1__0196__3.pt,ok,0.6240465045,0.6470918059,0.5357720413,0.5235661970,average,0.6240465045,0.5357720413,
O1/0196/4,,videos/sample_000783_O1__0196__4.pt,ok,0.6234453917,0.6462724805,0.5360941975,0.5239953438,average,0.6234453917,0.5360941975,
O1/0197/1,,videos/sample_000784_O1__0197__1.pt,ok,0.5786576867,0.5983209014,0.5606504302,0.5497339190,average,0.5786576867,0.5606504302,
O1/0197/2,,videos/sample_000785_O1__0197__2.pt,ok,0.5782793164,0.5968433619,0.5608626038,0.5505467730,average,0.5782793164,0.5608626038,
O1/0197/3,,videos/sample_000786_O1__0197__3.pt,ok,0.5786924362,0.5968433619,0.5606309482,0.5505467730,average,0.5786924362,0.5606309482,
O1/0197/4,,videos/sample_000787_O1__0197__4.pt,ok,0.5791857839,0.5983209014,0.5603544305,0.5497339190,average,0.5791857839,0.5603544305,
O1/0198/1,,videos/sample_000788_O1__0198__1.pt,ok,0.6246892810,0.6384134889,0.5354277703,0.5281296433,average,0.6246892810,0.5354277703,
O1/0198/2,,videos/sample_000789_O1__0198__2.pt,ok,0.6228318214,0.6375430226,0.5364232299,0.5285895625,average,0.6228318214,0.5364232299,
O1/0198/3,,videos/sample_000790_O1__0198__3.pt,ok,0.6245058179,0.6390697360,0.5355260105,0.5277831734,average,0.6245058179,0.5355260105,
O1/0198/4,,videos/sample_000791_O1__0198__4.pt,ok,0.6238057613,0.6384134889,0.5359010403,0.5281296433,average,0.6238057613,0.5359010403,
O1/0199/1,,videos/sample_000792_O1__0199__1.pt,ok,0.5688273907,0.5936722159,0.5661889681,0.5522954083,average,0.5688273907,0.5661889681,
O1/0199/2,,videos/sample_000793_O1__0199__2.pt,ok,0.5690921545,0.5936722159,0.5660390815,0.5522954083,average,0.5690921545,0.5660390815,
O1/0199/3,,videos/sample_000794_O1__0199__3.pt,ok,0.5682140589,0.5921121240,0.5665363363,0.5531577124,average,0.5682140589,0.5665363363,
O1/0199/4,,videos/sample_000795_O1__0199__4.pt,ok,0.5686730742,0.5922781229,0.5662763471,0.5530658964,average,0.5686730742,0.5662763471,
O1/0200/1,,videos/sample_000796_O1__0200__1.pt,ok,0.5646564960,0.5853363872,0.5685554142,0.5569184901,average,0.5646564960,0.5685554142,
O1/0200/2,,videos/sample_000797_O1__0200__2.pt,ok,0.5595256686,0.5812908411,0.5714800705,0.5591760930,average,0.5595256686,0.5714800705,
O1/0200/3,,videos/sample_000798_O1__0200__3.pt,ok,0.5621455908,0.5926767588,0.5699847968,0.5528454684,average,0.5621455908,0.5699847968,
O1/0200/4,,videos/sample_000799_O1__0200__4.pt,ok,0.5663875341,0.5930272937,0.5675720745,0.5526517108,average,0.5663875341,0.5675720745,
O1/0201/1,,videos/sample_000800_O1__0201__1.pt,ok,0.5619647503,0.5836209059,0.5700878825,0.5578746933,average,0.5619647503,0.5700878825,
O1/0201/2,,videos/sample_000801_O1__0201__2.pt,ok,0.5782127976,0.6125559807,0.5608999130,0.5419638481,average,0.5782127976,0.5608999130,
O1/0201/3,,videos/sample_000802_O1__0201__3.pt,ok,0.5745701194,0.6061937809,0.5629468167,0.5454229224,average,0.5745701194,0.5629468167,
O1/0201/4,,videos/sample_000803_O1__0201__4.pt,ok,0.5752471685,0.6123406887,0.5625658031,0.5420805411,average,0.5752471685,0.5625658031,
O1/0202/1,,videos/sample_000804_O1__0202__1.pt,ok,0.5830505490,0.6028732061,0.5581929717,0.5472370503,average,0.5830505490,0.5581929717,
O1/0202/2,,videos/sample_000805_O1__0202__2.pt,ok,0.5830892920,0.6044998765,0.5581713460,0.5463475996,average,0.5830892920,0.5581713460,
O1/0202/3,,videos/sample_000806_O1__0202__3.pt,ok,0.5815507770,0.6017683148,0.5590307620,0.5478420219,average,0.5815507770,0.5590307620,
O1/0202/4,,videos/sample_000807_O1__0202__4.pt,ok,0.5834846497,0.6043524742,0.5579507123,0.5464281384,average,0.5834846497,0.5579507123,
O1/0203/1,,videos/sample_000808_O1__0203__1.pt,ok,0.5826973319,0.6026045084,0.5583901698,0.5473841114,average,0.5826973319,0.5583901698,
O1/0203/2,,videos/sample_000809_O1__0203__2.pt,ok,0.5843235254,0.6068626046,0.5574828573,0.5450582525,average,0.5843235254,0.5574828573,
O1/0203/3,,videos/sample_000810_O1__0203__3.pt,ok,0.5835519433,0.6030199528,0.5579131671,0.5471567510,average,0.5835519433,0.5579131671,
O1/0203/4,,videos/sample_000811_O1__0203__4.pt,ok,0.5838006139,0.6050251126,0.5577744477,0.5460607134,average,0.5838006139,0.5577744477,
O1/0204/1,,videos/sample_000812_O1__0204__1.pt,ok,0.5733681917,0.6124289632,0.5636238449,0.5420326914,average,0.5733681917,0.5636238449,
O1/0204/2,,videos/sample_000813_O1__0204__2.pt,ok,0.5683823228,0.6006342769,0.5664410167,0.5484636479,average,0.5683823228,0.5664410167,
O1/0204/3,,videos/sample_000814_O1__0204__3.pt,ok,0.5723240376,0.6052786112,0.5642126624,0.5459223054,average,0.5723240376,0.5642126624,
O1/0204/4,,videos/sample_000815_O1__0204__4.pt,ok,0.5738078356,0.6073446274,0.5633761056,0.5447955854,average,0.5738078356,0.5633761056,
O1/0205/1,,videos/sample_000816_O1__0205__1.pt,ok,0.6198102832,0.6417368054,0.5380465044,0.5263774145,average,0.6198102832,0.5380465044,
O1/0205/2,,videos/sample_000817_O1__0205__2.pt,ok,0.6199229360,0.6431796551,0.5379858954,0.5256184787,average,0.6199229360,0.5379858954,
O1/0205/3,,videos/sample_000818_O1__0205__3.pt,ok,0.6190356016,0.6416447163,0.5384634806,0.5264258904,average,0.6190356016,0.5384634806,
O1/0205/4,,videos/sample_000819_O1__0205__4.pt,ok,0.6201031208,0.6415976882,0.5378889672,0.5264506478,average,0.6201031208,0.5378889672,
O1/0206/1,,videos/sample_000820_O1__0206__1.pt,ok,0.5827521086,0.6041654348,0.5583595839,0.5465303516,average,0.5827521086,0.5583595839,
O1/0206/2,,videos/sample_000821_O1__0206__2.pt,ok,0.5840903521,0.6078102589,0.5576128626,0.5445419704,average,0.5840903521,0.5576128626,
O1/0206/3,,videos/sample_000822_O1__0206__3.pt,ok,0.5839217305,0.6083824039,0.5577068960,0.5442305026,average,0.5839217305,0.5577068960,
O1/0206/4,,videos/sample_000823_O1__0206__4.pt,ok,0.5830042362,0.6031603813,0.5582188237,0.5470799199,average,0.5830042362,0.5582188237,
O1/0207/1,,videos/sample_000824_O1__0207__1.pt,ok,0.5583771467,0.5790715814,0.5721368049,0.5604184280,average,0.5583771467,0.5721368049,
O1/0207/2,,videos/sample_000825_O1__0207__2.pt,ok,0.5716182590,0.6000862122,0.5646110122,0.5487643239,average,0.5716182590,0.5646110122,
O1/0207/3,,videos/sample_000826_O1__0207__3.pt,ok,0.5670569539,0.5972297788,0.5671922577,0.5503340735,average,0.5670569539,0.5671922577,
O1/0207/4,,videos/sample_000827_O1__0207__4.pt,ok,0.5702075958,0.6052331328,0.5654080502,0.5459471336,average,0.5702075958,0.5654080502,
O1/0208/1,,videos/sample_000828_O1__0208__1.pt,ok,0.6256889105,0.6379783750,0.5348928083,0.5283594899,average,0.6256889105,0.5348928083,
O1/0208/2,,videos/sample_000829_O1__0208__2.pt,ok,0.6256071329,0.6388464570,0.5349365523,0.5279010295,average,0.6256071329,0.5349365523,
O1/0208/3,,videos/sample_000830_O1__0208__3.pt,ok,0.6239957809,0.6369259357,0.5357992182,0.5289158488,average,0.6239957809,0.5357992182,
O1/0208/4,,videos/sample_000831_O1__0208__4.pt,ok,0.6253604889,0.6387131214,0.5350685075,0.5279714222,average,0.6253604889,0.5350685075,
O1/0209/1,,videos/sample_000832_O1__0209__1.pt,ok,0.6198428869,0.6335534453,0.5380289623,0.5307026237,average,0.6198428869,0.5380289623,
O1/0209/2,,videos/sample_000833_O1__0209__2.pt,ok,0.6186072230,0.6337799430,0.5386941962,0.5305824344,average,0.6186072230,0.5386941962,
O1/0209/3,,videos/sample_000834_O1__0209__3.pt,ok,0.6211208701,0.6335534453,0.5373418095,0.5307026237,average,0.6211208701,0.5373418095,
O1/0209/4,,videos/sample_000835_O1__0209__4.pt,ok,0.6203691363,0.6337799430,0.5377458994,0.5305824344,average,0.6203691363,0.5377458994,
O1/0210/1,,videos/sample_000836_O1__0210__1.pt,ok,0.5939280987,0.6140421033,0.5521541035,0.5411590216,average,0.5939280987,0.5521541035,
O1/0210/2,,videos/sample_000837_O1__0210__2.pt,ok,0.5948594809,0.6164377332,0.5516400764,0.5398641565,average,0.5948594809,0.5516400764,
O1/0210/3,,videos/sample_000838_O1__0210__3.pt,ok,0.5940771699,0.6131538749,0.5520717993,0.5416399079,average,0.5940771699,0.5520717993,
O1/0210/4,,videos/sample_000839_O1__0210__4.pt,ok,0.5948297977,0.6146634817,0.5516564510,0.5408228615,average,0.5948297977,0.5516564510,
O1/0211/1,,videos/sample_000840_O1__0211__1.pt,ok,0.5901080370,0.6100909114,0.5542674001,0.5433014745,average,0.5901080370,0.5542674001,
O1/0211/2,,videos/sample_000841_O1__0211__2.pt,ok,0.5902240276,0.6107196212,0.5542031140,0.5429600029,average,0.5902240276,0.5542031140,
O1/0211/3,,videos/sample_000842_O1__0211__3.pt,ok,0.5913390517,0.6120868921,0.5535855086,0.5422181368,average,0.5913390517,0.5535855086,
O1/0211/4,,videos/sample_000843_O1__0211__4.pt,ok,0.5912456512,0.6113171577,0.5536372161,0.5426356614,average,0.5912456512,0.5536372161,
O1/0212/1,,videos/sample_000844_O1__0212__1.pt,ok,0.5633263588,0.5944261551,0.5693121742,0.5518791681,average,0.5633263588,0.5693121742,
O1/0212/2,,videos/sample_000845_O1__0212__2.pt,ok,0.5628433824,0.5860319138,0.5695872049,0.5565312731,average,0.5628433824,0.5695872049,
O1/0212/3,,videos/sample_000846_O1__0212__3.pt,ok,0.5655419230,0.5943434238,0.5680522227,0.5519248276,average,0.5655419230,0.5680522227,
O1/0212/4,,videos/sample_000847_O1__0212__4.pt,ok,0.5651341081,0.5872839689,0.5682839302,0.5558349013,average,0.5651341081,0.5682839302,
O1/0213/1,,videos/sample_000848_O1__0213__1.pt,ok,0.5793174505,0.6008956432,0.5602806554,0.5483203167,average,0.5793174505,0.5602806554,
O1/0213/2,,videos/sample_000849_O1__0213__2.pt,ok,0.5803822279,0.6019924879,0.5596843987,0.5477192242,average,0.5803822279,0.5596843987,
O1/0213/3,,videos/sample_000850_O1__0213__3.pt,ok,0.5784491897,0.6008956432,0.5607673364,0.5483203167,average,0.5784491897,0.5607673364,
O1/0213/4,,videos/sample_000851_O1__0213__4.pt,ok,0.5794500113,0.6007446051,0.5602063891,0.5484031403,average,0.5794500113,0.5602063891,
O1/0214/1,,videos/sample_000852_O1__0214__1.pt,ok,0.6247735620,0.6388992667,0.5353826458,0.5278731519,average,0.6247735620,0.5353826458,
O1/0214/2,,videos/sample_000853_O1__0214__2.pt,ok,0.6233257055,0.6381157041,0.5361583644,0.5282869357,average,0.6233257055,0.5361583644,
O1/0214/3,,videos/sample_000854_O1__0214__3.pt,ok,0.6250241399,0.6388992667,0.5352485075,0.5278731519,average,0.6250241399,0.5352485075,
O1/0214/4,,videos/sample_000855_O1__0214__4.pt,ok,0.6252701879,0.6403596997,0.5351168269,0.5271027912,average,0.6252701879,0.5351168269,
O1/0215/1,,videos/sample_000856_O1__0215__1.pt,ok,0.6207913756,0.6331014633,0.5375188899,0.5309425459,average,0.6207913756,0.5375188899,
O1/0215/2,,videos/sample_000857_O1__0215__2.pt,ok,0.6202731133,0.6321163177,0.5377975379,0.5314658594,average,0.6202731133,0.5377975379,
O1/0215/3,,videos/sample_000858_O1__0215__3.pt,ok,0.6195272803,0.6319134831,0.5381987946,0.5315736700,average,0.6195272803,0.5381987946,
O1/0215/4,,videos/sample_000859_O1__0215__4.pt,ok,0.6206904054,0.6323773265,0.5375731660,0.5313271602,average,0.6206904054,0.5375731660,
O1/0216/1,,videos/sample_000860_O1__0216__1.pt,ok,0.5921077728,0.6197329164,0.5531601192,0.5380881329,average,0.5921077728,0.5531601192,
O1/0216/2,,videos/sample_000861_O1__0216__2.pt,ok,0.5825069547,0.5994753838,0.5584964847,0.5490996271,average,0.5825069547,0.5584964847,
O1/0216/3,,videos/sample_000862_O1__0216__3.pt,ok,0.5923406482,0.6211627722,0.5530313169,0.5373192943,average,0.5923406482,0.5530313169,
O1/0216/4,,videos/sample_000863_O1__0216__4.pt,ok,0.5871108174,0.6136473417,0.5559311533,0.5413726925,average,0.5871108174,0.5559311533,
O1/0217/1,,videos/sample_000864_O1__0217__1.pt,ok,0.5638716817,0.5859596729,0.5690017998,0.5565714789,average,0.5638716817,0.5690017998,
O1/0217/2,,videos/sample_000865_O1__0217__2.pt,ok,0.5634483099,0.5860126019,0.5692427502,0.5565420209,average,0.5634483099,0.5692427502,
O1/0217/3,,videos/sample_000866_O1__0217__3.pt,ok,0.5648970604,0.5888356566,0.5684186565,0.5549730879,average,0.5648970604,0.5684186565,
O1/0217/4,,videos/sample_000867_O1__0217__4.pt,ok,0.5649128556,0.5884748101,0.5684096783,0.5551733842,average,0.5649128556,0.5684096783,
O1/0218/1,,videos/sample_000868_O1__0218__1.pt,ok,0.5611010790,0.5920133591,0.5705804637,0.5532123476,average,0.5611010790,0.5705804637,
O1/0218/2,,videos/sample_000869_O1__0218__2.pt,ok,0.5565344095,0.5913192034,0.5731920747,0.5535964964,average,0.5565344095,0.5731920747,
O1/0218/3,,videos/sample_000870_O1__0218__3.pt,ok,0.5580953956,0.5843878388,0.5722980279,0.5574470048,average,0.5580953956,0.5722980279,
O1/0218/4,,videos/sample_000871_O1__0218__4.pt,ok,0.5462344885,0.5675724149,0.5791264170,0.5668999676,average,0.5462344885,0.5791264170,
O1/0219/1,,videos/sample_000872_O1__0219__1.pt,ok,0.5822228193,0.6181905866,0.5586551958,0.5389186826,average,0.5822228193,0.5586551958,
O1/0219/2,,videos/sample_000873_O1__0219__2.pt,ok,0.5841386914,0.6140639186,0.5575859086,0.5411472161,average,0.5841386914,0.5575859086,
O1/0219/3,,videos/sample_000874_O1__0219__3.pt,ok,0.5772882104,0.6061306000,0.5614187537,0.5454573838,average,0.5772882104,0.5614187537,
O1/0219/4,,videos/sample_000875_O1__0219__4.pt,ok,0.5849694014,0.6144776344,0.5571229088,0.5409233813,average,0.5849694014,0.5571229088,
O1/0220/1,,videos/sample_000876_O1__0220__1.pt,ok,0.5731117725,0.5933261514,0.5637683874,0.5524865712,average,0.5731117725,0.5637683874,
O1/0220/2,,videos/sample_000877_O1__0220__2.pt,ok,0.5725069642,0.5920055509,0.5641094623,0.5532166672,average,0.5725069642,0.5641094623,
O1/0220/3,,videos/sample_000878_O1__0220__3.pt,ok,0.5725714564,0.5933261514,0.5640730828,0.5524865712,average,0.5725714564,0.5640730828,
O1/0220/4,,videos/sample_000879_O1__0220__4.pt,ok,0.5719350576,0.5920055509,0.5644321725,0.5532166672,average,0.5719350576,0.5644321725,
O1/0221/1,,videos/sample_000880_O1__0221__1.pt,ok,0.5718372464,0.6018604040,0.5644873830,0.5477915739,average,0.5718372464,0.5644873830,
O1/0221/2,,videos/sample_000881_O1__0221__2.pt,ok,0.5683431029,0.6002110839,0.5664632328,0.5486958030,average,0.5683431029,0.5664632328,
O1/0221/3,,videos/sample_000882_O1__0221__3.pt,ok,0.5709307194,0.6027102470,0.5649993381,0.5473262348,average,0.5709307194,0.5649993381,
O1/0221/4,,videos/sample_000883_O1__0221__4.pt,ok,0.5653182864,0.5857193470,0.5681792742,0.5567052535,average,0.5653182864,0.5681792742,
O1/0222/1,,videos/sample_000884_O1__0222__1.pt,ok,0.5663232207,0.5900590420,0.5676085782,0.5542945571,average,0.5663232207,0.5676085782,
O1/0222/2,,videos/sample_000885_O1__0222__2.pt,ok,0.5647000670,0.5838962197,0.5685306423,0.5577211238,average,0.5647000670,0.5685306423,
O1/0222/3,,videos/sample_000886_O1__0222__3.pt,ok,0.5666784644,0.5929903984,0.5674069746,0.5526721014,average,0.5666784644,0.5674069746,
O1/0222/4,,videos/sample_000887_O1__0222__4.pt,ok,0.5644721389,0.5842933655,0.5686602412,0.5574996712,average,0.5644721389,0.5686602412,
O1/0223/1,,videos/sample_000888_O1__0223__1.pt,ok,0.6144123077,0.6280016899,0.5409587192,0.5336571487,average,0.6144123077,0.5409587192,
O1/0223/2,,videos/sample_000889_O1__0223__2.pt,ok,0.6129142046,0.6286529899,0.5417697385,0.5333096910,average,0.6129142046,0.5417697385,
O1/0223/3,,videos/sample_000890_O1__0223__3.pt,ok,0.6148179173,0.6295884848,0.5407393456,0.5328110157,average,0.6148179173,0.5407393456,
O1/0223/4,,videos/sample_000891_O1__0223__4.pt,ok,0.6153351068,0.6295174956,0.5404597532,0.5328488409,average,0.6153351068,0.5404597532,
O1/0224/1,,videos/sample_000892_O1__0224__1.pt,ok,0.5736253858,0.6053184867,0.5634789028,0.5459005369,average,0.5736253858,0.5634789028,
O1/0224/2,,videos/sample_000893_O1__0224__2.pt,ok,0.5732886195,0.6073561311,0.5636686954,0.5447893182,average,0.5732886195,0.5636686954,
O1/0224/3,,videos/sample_000894_O1__0224__3.pt,ok,0.5671335459,0.5999896526,0.5671488170,0.5488173149,average,0.5671335459,0.5671488170,
O1/0224/4,,videos/sample_000895_O1__0224__4.pt,ok,0.5747067928,0.6085174680,0.5628698821,0.5441570015,average,0.5747067928,0.5628698821,
O1/0225/1,,videos/sample_000896_O1__0225__1.pt,ok,0.5839104056,0.6159399152,0.5577132120,0.5401329775,average,0.5839104056,0.5577132120,
O1/0225/2,,videos/sample_000897_O1__0225__2.pt,ok,0.5833452940,0.6159399152,0.5580284713,0.5401329775,average,0.5833452940,0.5580284713,
O1/0225/3,,videos/sample_000898_O1__0225__3.pt,ok,0.5813697577,0.6134034991,0.5591319665,0.5415047183,average,0.5813697577,0.5591319665,
O1/0225/4,,videos/sample_000899_O1__0225__4.pt,ok,0.5798406005,0.6117738485,0.5599876212,0.5423879013,average,0.5798406005,0.5599876212,
O1/0226/1,,videos/sample_000900_O1__0226__1.pt,ok,0.6287857294,0.6502083540,0.5332389044,0.5219370178,average,0.6287857294,0.5332389044,
O1/0226/2,,videos/sample_000901_O1__0226__2.pt,ok,0.6270514727,0.6502083540,0.5341644799,0.5219370178,average,0.6270514727,0.5341644799,
O1/0226/3,,videos/sample_000902_O1__0226__3.pt,ok,0.6292557716,0.6500152946,0.5329883185,0.5220377924,average,0.6292557716,0.5329883185,
O1/0226/4,,videos/sample_000903_O1__0226__4.pt,ok,0.6301088929,0.6500152946,0.5325338087,0.5220377924,average,0.6301088929,0.5325338087,
O1/0227/1,,videos/sample_000904_O1__0227__1.pt,ok,0.6169748902,0.6303749084,0.5395742425,0.5323921653,average,0.6169748902,0.5395742425,
O1/0227/2,,videos/sample_000905_O1__0227__2.pt,ok,0.6169369221,0.6309283972,0.5395947295,0.5320975737,average,0.6169369221,0.5395947295,
O1/0227/3,,videos/sample_000906_O1__0227__3.pt,ok,0.6161400676,0.6293202639,0.5400248794,0.5329539460,average,0.6161400676,0.5400248794,
O1/0227/4,,videos/sample_000907_O1__0227__4.pt,ok,0.6156229973,0.6291829944,0.5403041824,0.5330271093,average,0.6156229973,0.5403041824,
O1/0228/1,,videos/sample_000908_O1__0228__1.pt,ok,0.5583654046,0.5854632258,0.5721435231,0.5568478557,average,0.5583654046,0.5721435231,
O1/0228/2,,videos/sample_000909_O1__0228__2.pt,ok,0.5562598705,0.5887958407,0.5733494599,0.5549951851,average,0.5562598705,0.5733494599,
O1/0228/3,,videos/sample_000910_O1__0228__3.pt,ok,0.5535675287,0.5735318661,0.5748951925,0.5635316016,average,0.5535675287,0.5748951925,
O1/0228/4,,videos/sample_000911_O1__0228__4.pt,ok,0.5566301942,0.5761619806,0.5731371743,0.5620513964,average,0.5566301942,0.5731371743,
O1/0229/1,,videos/sample_000912_O1__0229__1.pt,ok,0.5658809543,0.5882143974,0.5678596679,0.5553179772,average,0.5658809543,0.5678596679,
O1/0229/2,,videos/sample_000913_O1__0229__2.pt,ok,0.5655592680,0.5885285139,0.5680423700,0.5551435701,average,0.5655592680,0.5680423700,
O1/0229/3,,videos/sample_000914_O1__0229__3.pt,ok,0.5640381575,0.5855720639,0.5689070827,0.5567872528,average,0.5640381575,0.5689070827,
O1/0229/4,,videos/sample_000915_O1__0229__4.pt,ok,0.5646316409,0.5865201354,0.5685695459,0.5562596288,average,0.5646316409,0.5685695459,
O1/0230/1,,videos/sample_000916_O1__0230__1.pt,ok,0.5667240024,0.5941709280,0.5673811367,0.5520200406,average,0.5667240024,0.5673811367,
O1/0230/2,,videos/sample_000917_O1__0230__2.pt,ok,0.5669545531,0.5914784074,0.5672503416,0.5535083687,average,0.5669545531,0.5672503416,
O1/0230/3,,videos/sample_000918_O1__0230__3.pt,ok,0.5666276813,0.5878511071,0.5674357901,0.5555197555,average,0.5666276813,0.5674357901,
O1/0230/4,,videos/sample_000919_O1__0230__4.pt,ok,0.5652276278,0.5858702660,0.5682307869,0.5566212424,average,0.5652276278,0.5682307869,
O1/0231/1,,videos/sample_000920_O1__0231__1.pt,ok,0.5993692279,0.6246041656,0.5491579204,0.5354733454,average,0.5993692279,0.5491579204,
O1/0231/2,,videos/sample_000921_O1__0231__2.pt,ok,0.6028319001,0.6267035604,0.5472596549,0.5343503546,average,0.6028319001,0.5472596549,
O1/0231/3,,videos/sample_000922_O1__0231__3.pt,ok,0.6035890579,0.6333513856,0.5468454498,0.5308098682,average,0.6035890579,0.5468454498,
O1/0231/4,,videos/sample_000923_O1__0231__4.pt,ok,0.6037785411,0.6276074648,0.5467418416,0.5338675712,average,0.6037785411,0.5467418416,
O1/0232/1,,videos/sample_000924_O1__0232__1.pt,ok,0.5644078255,0.5857058167,0.5686968148,0.5567127859,average,0.5644078255,0.5686968148,
O1/0232/2,,videos/sample_000925_O1__0232__2.pt,ok,0.5642925501,0.5868975520,0.5687623754,0.5560497268,average,0.5642925501,0.5687623754,
O1/0232/3,,videos/sample_000926_O1__0232__3.pt,ok,0.5663524866,0.5963872671,0.5675919669,0.5507979318,average,0.5663524866,0.5675919669,
O1/0232/4,,videos/sample_000927_O1__0232__4.pt,ok,0.5667720437,0.5985871553,0.5673538796,0.5495875697,average,0.5667720437,0.5673538796,
O1/0233/1,,videos/sample_000928_O1__0233__1.pt,ok,0.6223802567,0.6361990571,0.5366655145,0.5293004462,average,0.6223802567,0.5366655145,
O1/0233/2,,videos/sample_000929_O1__0233__2.pt,ok,0.6218979359,0.6365601420,0.5369244218,0.5291093583,average,0.6218979359,0.5369244218,
O1/0233/3,,videos/sample_000930_O1__0233__3.pt,ok,0.6216242909,0.6358281970,0.5370713686,0.5294967790,average,0.6216242909,0.5370713686,
O1/0233/4,,videos/sample_000931_O1__0233__4.pt,ok,0.6227869987,0.6370574236,0.5364472744,0.5288463074,average,0.6227869987,0.5364472744,
O1/0234/1,,videos/sample_000932_O1__0234__1.pt,ok,0.6385220289,0.6583355069,0.5280723232,0.5177123463,average,0.6385220289,0.5280723232,
O1/0234/2,,videos/sample_000933_O1__0234__2.pt,ok,0.6384192705,0.6583355069,0.5281265898,0.5177123463,average,0.6384192705,0.5281265898,
O1/0234/3,,videos/sample_000934_O1__0234__3.pt,ok,0.6390484571,0.6584942341,0.5277944042,0.5176301778,average,0.6390484571,0.5277944042,
O1/0234/4,,videos/sample_000935_O1__0234__4.pt,ok,0.6386695504,0.6584942341,0.5279944269,0.5176301778,average,0.6386695504,0.5279944269,
O1/0235/1,,videos/sample_000936_O1__0235__1.pt,ok,0.5552315116,0.5853952169,0.5739393722,0.5568857276,average,0.5552315116,0.5739393722,
O1/0235/2,,videos/sample_000937_O1__0235__2.pt,ok,0.5554876924,0.5881747007,0.5737923588,0.5553400219,average,0.5554876924,0.5737923588,
O1/0235/3,,videos/sample_000938_O1__0235__3.pt,ok,0.5567322373,0.5887010098,0.5730786926,0.5550478184,average,0.5567322373,0.5730786926,
O1/0235/4,,videos/sample_000939_O1__0235__4.pt,ok,0.5437800288,0.5681760311,0.5805496053,0.5665578808,average,0.5437800288,0.5805496053,
O1/0236/1,,videos/sample_000940_O1__0236__1.pt,ok,0.5804997683,0.6031758785,0.5596186170,0.5470714418,average,0.5804997683,0.5596186170,
O1/0236/2,,videos/sample_000941_O1__0236__2.pt,ok,0.5822366476,0.6031518579,0.5586474707,0.5470845830,average,0.5822366476,0.5586474707,
O1/0236/3,,videos/sample_000942_O1__0236__3.pt,ok,0.5810477138,0.6031758785,0.5593120605,0.5470714418,average,0.5810477138,0.5593120605,
O1/0236/4,,videos/sample_000943_O1__0236__4.pt,ok,0.5817504525,0.6031518579,0.5589191483,0.5470845830,average,0.5817504525,0.5589191483,
O1/0237/1,,videos/sample_000944_O1__0237__1.pt,ok,0.5638808012,0.5898430347,0.5689966108,0.5544143017,average,0.5638808012,0.5689966108,
O1/0237/2,,videos/sample_000945_O1__0237__2.pt,ok,0.5623118877,0.5888239741,0.5698900179,0.5549795714,average,0.5623118877,0.5698900179,
O1/0237/3,,videos/sample_000946_O1__0237__3.pt,ok,0.5634612441,0.5846473575,0.5692353875,0.5573023557,average,0.5634612441,0.5692353875,
O1/0237/4,,videos/sample_000947_O1__0237__4.pt,ok,0.5605664253,0.5822502971,0.5708856082,0.5586398455,average,0.5605664253,0.5708856082,
O1/0238/1,,videos/sample_000948_O1__0238__1.pt,ok,0.5618466735,0.5938342214,0.5701552006,0.5522059407,average,0.5618466735,0.5701552006,
O1/0238/2,,videos/sample_000949_O1__0238__2.pt,ok,0.5699546337,0.6047725677,0.5655510951,0.5461986357,average,0.5699546337,0.5655510951,
O1/0238/3,,videos/sample_000950_O1__0238__3.pt,ok,0.5675781965,0.6015846729,0.5668966900,0.5479426379,average,0.5675781965,0.5668966900,
O1/0238/4,,videos/sample_000951_O1__0238__4.pt,ok,0.5694355965,0.6102772951,0.5658447133,0.5432002214,average,0.5694355965,0.5658447133,
O1/0239/1,,videos/sample_000952_O1__0239__1.pt,ok,0.6293035746,0.6509286165,0.5329628407,0.5215612214,average,0.6293035746,0.5329628407,
O1/0239/2,,videos/sample_000953_O1__0239__2.pt,ok,0.6276300550,0.6503812671,0.5338555112,0.5218467758,average,0.6276300550,0.5338555112,
O1/0239/3,,videos/sample_000954_O1__0239__3.pt,ok,0.6292186975,0.6509286165,0.5330080789,0.5215612214,average,0.6292186975,0.5330080789,
O1/0239/4,,videos/sample_000955_O1__0239__4.pt,ok,0.6284103394,0.6503812671,0.5334391145,0.5218467758,average,0.6284103394,0.5334391145,
O1/0240/1,,videos/sample_000956_O1__0240__1.pt,ok,0.5731992722,0.6110093594,0.5637190600,0.5428027095,average,0.5731992722,0.5637190600,
O1/0240/2,,videos/sample_000957_O1__0240__2.pt,ok,0.5719185472,0.6120976806,0.5644414916,0.5422122871,average,0.5719185472,0.5644414916,
O1/0240/3,,videos/sample_000958_O1__0240__3.pt,ok,0.5666036010,0.6009665728,0.5674494543,0.5482814260,average,0.5666036010,0.5674494543,
O1/0240/4,,videos/sample_000959_O1__0240__4.pt,ok,0.5745630860,0.6090235710,0.5629507761,0.5438816717,average,0.5745630860,0.5629507761,
O1/0241/1,,videos/sample_000960_O1__0241__1.pt,ok,0.5899833441,0.6204380393,0.5543365176,0.5377088484,average,0.5899833441,0.5543365176,
O1/0241/2,,videos/sample_000961_O1__0241__2.pt,ok,0.5915640593,0.6196960211,0.5534609617,0.5381079862,average,0.5915640593,0.5534609617,
O1/0241/3,,videos/sample_000962_O1__0241__3.pt,ok,0.5823605061,0.5995869040,0.5585782817,0.5490383948,average,0.5823605061,0.5585782817,
O1/0241/4,,videos/sample_000963_O1__0241__4.pt,ok,0.5936073661,0.6216217279,0.5523312257,0.5370727451,average,0.5936073661,0.5523312257,
O1/0242/1,,videos/sample_000964_O1__0242__1.pt,ok,0.6234925389,0.6384482980,0.5360689228,0.5281112599,average,0.6234925389,0.5360689228,
O1/0242/2,,videos/sample_000965_O1__0242__2.pt,ok,0.6231740117,0.6377511024,0.5362397025,0.5284795851,average,0.6231740117,0.5362397025,
O1/0242/3,,videos/sample_000966_O1__0242__3.pt,ok,0.6241340041,0.6372756362,0.5357251635,0.5287309190,average,0.6241340041,0.5357251635,
O1/0242/4,,videos/sample_000967_O1__0242__4.pt,ok,0.6241958737,0.6380407214,0.5356920194,0.5283265495,average,0.6241958737,0.5356920194,
O1/0243/1,,videos/sample_000968_O1__0243__1.pt,ok,0.5679334998,0.5896368027,0.5666953055,0.5545286515,average,0.5679334998,0.5666953055,
O1/0243/2,,videos/sample_000969_O1__0243__2.pt,ok,0.5673526525,0.5882154107,0.5670245645,0.5553174145,average,0.5673526525,0.5670245645,
O1/0243/3,,videos/sample_000970_O1__0243__3.pt,ok,0.5688537955,0.5913584232,0.5661740181,0.5535747849,average,0.5688537955,0.5661740181,
O1/0243/4,,videos/sample_000971_O1__0243__4.pt,ok,0.5687058568,0.5908371210,0.5662577834,0.5538634399,average,0.5687058568,0.5662577834,
O1/0244/1,,videos/sample_000972_O1__0244__1.pt,ok,0.5637282133,0.5982214212,0.5690834395,0.5497886094,average,0.5637282133,0.5690834395,
O1/0244/2,,videos/sample_000973_O1__0244__2.pt,ok,0.5691457391,0.6058498025,0.5660087514,0.5456105684,average,0.5691457391,0.5660087514,
O1/0244/3,,videos/sample_000974_O1__0244__3.pt,ok,0.5713879466,0.6102390885,0.5647410640,0.5432209756,average,0.5713879466,0.5647410640,
O1/0244/4,,videos/sample_000975_O1__0244__4.pt,ok,0.5692613125,0.6056604385,0.5659433396,0.5457138971,average,0.5692613125,0.5659433396,
O1/0245/1,,videos/sample_000976_O1__0245__1.pt,ok,0.5667338371,0.6009815931,0.5673755566,0.5482731907,average,0.5667338371,0.5673755566,
O1/0245/2,,videos/sample_000977_O1__0245__2.pt,ok,0.5703370571,0.6056563854,0.5653348564,0.5457161090,average,0.5703370571,0.5653348564,
O1/0245/3,,videos/sample_000978_O1__0245__3.pt,ok,0.5709619522,0.6056563854,0.5649816918,0.5457161090,average,0.5709619522,0.5649816918,
O1/0245/4,,videos/sample_000979_O1__0245__4.pt,ok,0.5657066107,0.6009815931,0.5679586793,0.5482731907,average,0.5657066107,0.5679586793,
O1/0246/1,,videos/sample_000980_O1__0246__1.pt,ok,0.5570794344,0.5839265585,0.5728797559,0.5577042035,average,0.5570794344,0.5728797559,
O1/0246/2,,videos/sample_000981_O1__0246__2.pt,ok,0.5553668141,0.5749266148,0.5738617220,0.5627461646,average,0.5553668141,0.5738617220,
O1/0246/3,,videos/sample_000982_O1__0246__3.pt,ok,0.5577852726,0.5860015154,0.5724755381,0.5565481910,average,0.5577852726,0.5724755381,
O1/0246/4,,videos/sample_000983_O1__0246__4.pt,ok,0.5533859730,0.5732583404,0.5749995775,0.5636857631,average,0.5533859730,0.5749995775,
O1/0247/1,,videos/sample_000984_O1__0247__1.pt,ok,0.5709763765,0.6032996774,0.5649735424,0.5470037192,average,0.5709763765,0.5649735424,
O1/0247/2,,videos/sample_000985_O1__0247__2.pt,ok,0.5759841204,0.6075900197,0.5621513719,0.5446619131,average,0.5759841204,0.5621513719,
O1/0247/3,,videos/sample_000986_O1__0247__3.pt,ok,0.5770341158,0.6056835055,0.5615614253,0.5457013093,average,0.5770341158,0.5615614253,
O1/0247/4,,videos/sample_000987_O1__0247__4.pt,ok,0.5783103704,0.6083364487,0.5608451871,0.5442555134,average,0.5783103704,0.5608451871,
O1/0248/1,,videos/sample_000988_O1__0248__1.pt,ok,0.6183025241,0.6338092089,0.5388583608,0.5305669067,average,0.6183025241,0.5388583608,
O1/0248/2,,videos/sample_000989_O1__0248__2.pt,ok,0.6175822616,0.6320304871,0.5392466201,0.5315114774,average,0.6175822616,0.5392466201,
O1/0248/3,,videos/sample_000990_O1__0248__3.pt,ok,0.6188362837,0.6334590912,0.5385708167,0.5307527000,average,0.6188362837,0.5385708167,
O1/0248/4,,videos/sample_000991_O1__0248__4.pt,ok,0.6192324758,0.6345931888,0.5383574815,0.5301511159,average,0.6192324758,0.5383574815,
O1/0249/1,,videos/sample_000992_O1__0249__1.pt,ok,0.6162362695,0.6306466460,0.5399729305,0.5322475140,average,0.6162362695,0.5399729305,
O1/0249/2,,videos/sample_000993_O1__0249__2.pt,ok,0.6175648570,0.6315985918,0.5392560055,0.5317410843,average,0.6175648570,0.5392560055,
O1/0249/3,,videos/sample_000994_O1__0249__3.pt,ok,0.6173726916,0.6320747733,0.5393596418,0.5314879393,average,0.6173726916,0.5393596418,
O1/0249/4,,videos/sample_000995_O1__0249__4.pt,ok,0.6168635488,0.6314042211,0.5396343228,0.5318444492,average,0.6168635488,0.5396343228,
O1/0250/1,,videos/sample_000996_O1__0250__1.pt,ok,0.5519030690,0.5823197961,0.5758528792,0.5586010219,average,0.5519030690,0.5758528792,
O1/0250/2,,videos/sample_000997_O1__0250__2.pt,ok,0.5479496717,0.5690374374,0.5781339604,0.5660700544,average,0.5479496717,0.5781339604,
O1/0250/3,,videos/sample_000998_O1__0250__3.pt,ok,0.5512275696,0.5800268650,0.5762419989,0.5598833251,average,0.5512275696,0.5762419989,
O1/0250/4,,videos/sample_000999_O1__0250__4.pt,ok,0.5488011241,0.5705613494,0.5776419164,0.5652080704,average,0.5488011241,0.5776419164,
O1/0251/1,,videos/sample_001000_O1__0251__1.pt,ok,0.5665087104,0.5893495679,0.5675033024,0.5546879543,average,0.5665087104,0.5675033024,
O1/0251/2,,videos/sample_001001_O1__0251__2.pt,ok,0.5673301220,0.5904585719,0.5670373400,0.5540731441,average,0.5673301220,0.5670373400,
O1/0251/3,,videos/sample_001002_O1__0251__3.pt,ok,0.5662641525,0.5893495679,0.5676421068,0.5546879543,average,0.5662641525,0.5676421068,
O1/0251/4,,videos/sample_001003_O1__0251__4.pt,ok,0.5671169162,0.5904585719,0.5671582486,0.5540731441,average,0.5671169162,0.5671582486,
O1/0252/1,,videos/sample_001004_O1__0252__1.pt,ok,0.6146025658,0.6286373138,0.5408558072,0.5333180512,average,0.6146025658,0.5408558072,
O1/0252/2,,videos/sample_001005_O1__0252__2.pt,ok,0.6152920723,0.6283026338,0.5404830121,0.5334965720,average,0.6152920723,0.5404830121,
O1/0252/3,,videos/sample_001006_O1__0252__3.pt,ok,0.6162471771,0.6286457777,0.5399670406,0.5333135373,average,0.6162471771,0.5399670406,
O1/0252/4,,videos/sample_001007_O1__0252__4.pt,ok,0.6160771847,0.6290430427,0.5400588388,0.5331017126,average,0.6160771847,0.5400588388,
O1/0253/1,,videos/sample_001008_O1__0253__1.pt,ok,0.5688800216,0.5986180305,0.5661591698,0.5495706013,average,0.5688800216,0.5661591698,
O1/0253/2,,videos/sample_001009_O1__0253__2.pt,ok,0.5698392987,0.5972005725,0.5656163267,0.5503501470,average,0.5698392987,0.5656163267,
O1/0253/3,,videos/sample_001010_O1__0253__3.pt,ok,0.5708793998,0.6022855639,0.5650283344,0.5475587244,average,0.5708793998,0.5650283344,
O1/0253/4,,videos/sample_001011_O1__0253__4.pt,ok,0.5588657856,0.5799804330,0.5718573049,0.5599093222,average,0.5588657856,0.5718573049,
O1/0254/1,,videos/sample_001012_O1__0254__1.pt,ok,0.5812360644,0.6013351679,0.5592067237,0.5480793694,average,0.5812360644,0.5592067237,
O1/0254/2,,videos/sample_001013_O1__0254__2.pt,ok,0.5823139548,0.6052067280,0.5586042848,0.5459615494,average,0.5823139548,0.5586042848,
O1/0254/3,,videos/sample_001014_O1__0254__3.pt,ok,0.5813124776,0.6005603075,0.5591639945,0.5485042189,average,0.5813124776,0.5591639945,
O1/0254/4,,videos/sample_001015_O1__0254__4.pt,ok,0.5822986960,0.6064332724,0.5586128085,0.5452923139,average,0.5822986960,0.5586128085,
O1/0255/1,,videos/sample_001016_O1__0255__1.pt,ok,0.5831919312,0.6141793132,0.5581140587,0.5410847743,average,0.5831919312,0.5581140587,
O1/0255/2,,videos/sample_001017_O1__0255__2.pt,ok,0.5811590552,0.6134916544,0.5592497894,0.5414569839,average,0.5811590552,0.5592497894,
O1/0255/3,,videos/sample_001018_O1__0255__3.pt,ok,0.5764749646,0.6068020463,0.5618755108,0.5450912614,average,0.5764749646,0.5618755108,
O1/0255/4,,videos/sample_001019_O1__0255__4.pt,ok,0.5816134214,0.6112758517,0.5589957429,0.5426580760,average,0.5816134214,0.5589957429,
O1/0256/1,,videos/sample_001020_O1__0256__1.pt,ok,0.5610250235,0.5793868899,0.5706238611,0.5602417511,average,0.5610250235,0.5706238611,
O1/0256/2,,videos/sample_001021_O1__0256__2.pt,ok,0.5629382133,0.5874916315,0.5695331930,0.5557194872,average,0.5629382133,0.5695331930,
O1/0256/3,,videos/sample_001022_O1__0256__3.pt,ok,0.5607118011,0.5789152384,0.5708026213,0.5605060524,average,0.5607118011,0.5708026213,
O1/0256/4,,videos/sample_001023_O1__0256__4.pt,ok,0.5642879009,0.5903116465,0.5687650196,0.5541545575,average,0.5642879009,0.5687650196,
O1/0257/1,,videos/sample_001024_O1__0257__1.pt,ok,0.5723193288,0.6060026288,0.5642153192,0.5455271911,average,0.5723193288,0.5642153192,
O1/0257/2,,videos/sample_001025_O1__0257__2.pt,ok,0.5737833381,0.6060026288,0.5633899070,0.5455271911,average,0.5737833381,0.5633899070,
O1/0257/3,,videos/sample_001026_O1__0257__3.pt,ok,0.5695910454,0.5998945236,0.5657567602,0.5488695258,average,0.5695910454,0.5657567602,
O1/0257/4,,videos/sample_001027_O1__0257__4.pt,ok,0.5669906735,0.5998945236,0.5672298526,0.5488695258,average,0.5669906735,0.5672298526,
O1/0258/1,,videos/sample_001028_O1__0258__1.pt,ok,0.5583177209,0.5886982083,0.5721708057,0.5550493733,average,0.5583177209,0.5721708057,
O1/0258/2,,videos/sample_001029_O1__0258__2.pt,ok,0.5547936559,0.5773292184,0.5741907299,0.5613957315,average,0.5547936559,0.5741907299,
O1/0258/3,,videos/sample_001030_O1__0258__3.pt,ok,0.5568015575,0.5880417228,0.5730389680,0.5554138748,average,0.5568015575,0.5730389680,
O1/0258/4,,videos/sample_001031_O1__0258__4.pt,ok,0.5517752171,0.5744000673,0.5759265078,0.5630425551,average,0.5517752171,0.5759265078,
O1/0259/1,,videos/sample_001032_O1__0259__1.pt,ok,0.6251648664,0.6395289302,0.5351731891,0.5275408741,average,0.6251648664,0.5351731891,
O1/0259/2,,videos/sample_001033_O1__0259__2.pt,ok,0.6262242794,0.6406968832,0.5346065200,0.5269250908,average,0.6262242794,0.5346065200,
O1/0259/3,,videos/sample_001034_O1__0259__3.pt,ok,0.6268491149,0.6410663724,0.5342725832,0.5267304337,average,0.6268491149,0.5342725832,
O1/0259/4,,videos/sample_001035_O1__0259__4.pt,ok,0.6267352104,0.6416999698,0.5343334427,0.5263968043,average,0.6267352104,0.5343334427,
O1/0260/1,,videos/sample_001036_O1__0260__1.pt,ok,0.5681917667,0.5892377496,0.5665489657,0.5547499820,average,0.5681917667,0.5665489657,
O1/0260/2,,videos/sample_001037_O1__0260__2.pt,ok,0.5699418187,0.5934223533,0.5655583427,0.5524334235,average,0.5699418187,0.5655583427,
O1/0260/3,,videos/sample_001038_O1__0260__3.pt,ok,0.5699746609,0.5920822620,0.5655397688,0.5531742310,average,0.5699746609,0.5655397688,
O1/0260/4,,videos/sample_001039_O1__0260__4.pt,ok,0.5691160560,0.5893347859,0.5660255525,0.5546961537,average,0.5691160560,0.5660255525,
O1/0261/1,,videos/sample_001040_O1__0261__1.pt,ok,0.5472825766,0.5706329346,0.5785197595,0.5651676114,average,0.5472825766,0.5785197595,
O1/0261/2,,videos/sample_001041_O1__0261__2.pt,ok,0.5510467291,0.5834167004,0.5763462162,0.5579886260,average,0.5510467291,0.5763462162,
O1/0261/3,,videos/sample_001042_O1__0261__3.pt,ok,0.5517638922,0.5836232901,0.5759330301,0.5578733632,average,0.5517638922,0.5759330301,
O1/0261/4,,videos/sample_001043_O1__0261__4.pt,ok,0.5470687151,0.5697988868,0.5786434958,0.5656391848,average,0.5470687151,0.5786434958,
O1/0262/1,,videos/sample_001044_O1__0262__1.pt,ok,0.6257519722,0.6510227323,0.5348590781,0.5215121366,average,0.6257519722,0.5348590781,
O1/0262/2,,videos/sample_001045_O1__0262__2.pt,ok,0.6264231801,0.6509448886,0.5345001969,0.5215527346,average,0.6264231801,0.5345001969,
O1/0262/3,,videos/sample_001046_O1__0262__3.pt,ok,0.6261348724,0.6510227323,0.5346543196,0.5215121366,average,0.6261348724,0.5346543196,
O1/0262/4,,videos/sample_001047_O1__0262__4.pt,ok,0.6264111996,0.6509448886,0.5345066006,0.5215527346,average,0.6264111996,0.5345066006,
O1/0263/1,,videos/sample_001048_O1__0263__1.pt,ok,0.6116502881,0.6336740255,0.5424549231,0.5306386353,average,0.6116502881,0.5424549231,
O1/0263/2,,videos/sample_001049_O1__0263__2.pt,ok,0.6126136184,0.6357761025,0.5419326115,0.5295243636,average,0.6126136184,0.5419326115,
O1/0263/3,,videos/sample_001050_O1__0263__3.pt,ok,0.6124756932,0.6336740255,0.5420073627,0.5306386353,average,0.6124756932,0.5420073627,
O1/0263/4,,videos/sample_001051_O1__0263__4.pt,ok,0.6100229621,0.6357761025,0.5433383927,0.5295243636,average,0.6100229621,0.5433383927,
O1/0264/1,,videos/sample_001052_O1__0264__1.pt,ok,0.5511220098,0.5725527406,0.5763028301,0.5640836400,average,0.5511220098,0.5763028301,
O1/0264/2,,videos/sample_001053_O1__0264__2.pt,ok,0.5547148585,0.5812702775,0.5742359763,0.5591875918,average,0.5547148585,0.5742359763,
O1/0264/3,,videos/sample_001054_O1__0264__3.pt,ok,0.5531483293,0.5738812685,0.5751362388,0.5633347367,average,0.5531483293,0.5751362388,
O1/0264/4,,videos/sample_001055_O1__0264__4.pt,ok,0.5548180342,0.5851185322,0.5741767322,0.5570398308,average,0.5548180342,0.5741767322,
O1/0265/1,,videos/sample_001056_O1__0265__1.pt,ok,0.5690652728,0.6162418723,0.5660542978,0.5399699051,average,0.5690652728,0.5660542978,
O1/0265/2,,videos/sample_001057_O1__0265__2.pt,ok,0.5755272508,0.6143332720,0.5624082604,0.5410014759,average,0.5755272508,0.5624082604,
O1/0265/3,,videos/sample_001058_O1__0265__3.pt,ok,0.5533167124,0.5758230090,0.5750394037,0.5622419481,average,0.5533167124,0.5750394037,
O1/0265/4,,videos/sample_001059_O1__0265__4.pt,ok,0.5750714540,0.6136282682,0.5626646627,0.5413830185,average,0.5750714540,0.5626646627,
O1/0266/1,,videos/sample_001060_O1__0266__1.pt,ok,0.5745032430,0.5952901840,0.5629844658,0.5514025344,average,0.5745032430,0.5629844658,
O1/0266/2,,videos/sample_001061_O1__0266__2.pt,ok,0.5744802356,0.5945175886,0.5629974188,0.5518287101,average,0.5744802356,0.5629974188,
O1/0266/3,,videos/sample_001062_O1__0266__3.pt,ok,0.5752931833,0.5962741375,0.5625399173,0.5508602468,average,0.5752931833,0.5625399173,
O1/0266/4,,videos/sample_001063_O1__0266__4.pt,ok,0.5733417869,0.5945178866,0.5636387275,0.5518285457,average,0.5733417869,0.5636387275,
O1/0267/1,,videos/sample_001064_O1__0267__1.pt,ok,0.6262440681,0.6487991214,0.5345959409,0.5226730669,average,0.6262440681,0.5345959409,
O1/0267/2,,videos/sample_001065_O1__0267__2.pt,ok,0.6267087460,0.6487991214,0.5343475837,0.5226730669,average,0.6267087460,0.5343475837,
O1/0267/3,,videos/sample_001066_O1__0267__3.pt,ok,0.6258940101,0.6498948336,0.5347831133,0.5221006813,average,0.6258940101,0.5347831133,
O1/0267/4,,videos/sample_001067_O1__0267__4.pt,ok,0.6261528730,0.6498948336,0.5346446956,0.5221006813,average,0.6261528730,0.5346446956,
O1/0268/1,,videos/sample_001068_O1__0268__1.pt,ok,0.6134021282,0.6350159049,0.5415054607,0.5299270598,average,0.6134021282,0.5415054607,
O1/0268/2,,videos/sample_001069_O1__0268__2.pt,ok,0.6122198701,0.6357036829,0.5421460385,0.5295627129,average,0.6122198701,0.5421460385,
O1/0268/3,,videos/sample_001070_O1__0268__3.pt,ok,0.6128633618,0.6350159049,0.5417972842,0.5299270598,average,0.6128633618,0.5417972842,
O1/0268/4,,videos/sample_001071_O1__0268__4.pt,ok,0.6137350798,0.6357036829,0.5413251956,0.5295627129,average,0.6137350798,0.5413251956,
O1/0269/1,,videos/sample_001072_O1__0269__1.pt,ok,0.5752201080,0.6159253716,0.5625810266,0.5401408330,average,0.5752201080,0.5625810266,
O1/0269/2,,videos/sample_001073_O1__0269__2.pt,ok,0.5738012195,0.6065471768,0.5633798329,0.5452302062,average,0.5738012195,0.5633798329,
O1/0269/3,,videos/sample_001074_O1__0269__3.pt,ok,0.5631868243,0.5839023590,0.5693916184,0.5577176998,average,0.5631868243,0.5693916184,
O1/0269/4,,videos/sample_001075_O1__0269__4.pt,ok,0.5777234435,0.6097072363,0.5611744588,0.5435099658,average,0.5777234435,0.5611744588,
O1/0270/1,,videos/sample_001076_O1__0270__1.pt,ok,0.6218064427,0.6351286173,0.5369735490,0.5298673338,average,0.6218064427,0.5369735490,
O1/0270/2,,videos/sample_001077_O1__0270__2.pt,ok,0.6219817400,0.6340799928,0.5368794272,0.5304232571,average,0.6219817400,0.5368794272,
O1/0270/3,,videos/sample_001078_O1__0270__3.pt,ok,0.6213843226,0.6340028644,0.5372002641,0.5304641694,average,0.6213843226,0.5372002641,
O1/0270/4,,videos/sample_001079_O1__0270__4.pt,ok,0.6208203435,0.6348965168,0.5375033193,0.5299903306,average,0.6208203435,0.5375033193,
O1/0271/1,,videos/sample_001080_O1__0271__1.pt,ok,0.6159018874,0.6437833905,0.5401535179,0.5253012400,average,0.6159018874,0.5401535179,
O1/0271/2,,videos/sample_001081_O1__0271__2.pt,ok,0.6174321771,0.6431591511,0.5393275587,0.5256292561,average,0.6174321771,0.5393275587,
O1/0271/3,,videos/sample_001082_O1__0271__3.pt,ok,0.6176476479,0.6431591511,0.5392113619,0.5256292561,average,0.6176476479,0.5392113619,
O1/0271/4,,videos/sample_001083_O1__0271__4.pt,ok,0.6171672344,0.6437833905,0.5394704685,0.5253012400,average,0.6171672344,0.5394704685,
O1/0272/1,,videos/sample_001084_O1__0272__1.pt,ok,0.6176819801,0.6334455609,0.5391928499,0.5307598813,average,0.6176819801,0.5391928499,
O1/0272/2,,videos/sample_001085_O1__0272__2.pt,ok,0.6165368557,0.6334455609,0.5398106464,0.5307598813,average,0.6165368557,0.5398106464,
O1/0272/3,,videos/sample_001086_O1__0272__3.pt,ok,0.6169129014,0.6336036325,0.5396076911,0.5306759899,average,0.6169129014,0.5396076911,
O1/0272/4,,videos/sample_001087_O1__0272__4.pt,ok,0.6176272631,0.6336036325,0.5392223537,0.5306759899,average,0.6176272631,0.5392223537,
O1/0273/1,,videos/sample_001088_O1__0273__1.pt,ok,0.6222264171,0.6429508924,0.5367480812,0.5257387343,average,0.6222264171,0.5367480812,
O1/0273/2,,videos/sample_001089_O1__0273__2.pt,ok,0.6216052175,0.6441112161,0.5370816125,0.5251290610,average,0.6216052175,0.5370816125,
O1/0273/3,,videos/sample_001090_O1__0273__3.pt,ok,0.6223048568,0.6429508924,0.5367059805,0.5257387343,average,0.6223048568,0.5367059805,
O1/0273/4,,videos/sample_001091_O1__0273__4.pt,ok,0.6208269596,0.6441112161,0.5374997632,0.5251290610,average,0.6208269596,0.5374997632,
O1/0274/1,,videos/sample_001092_O1__0274__1.pt,ok,0.5688204765,0.6016872525,0.5661928828,0.5478864330,average,0.5688204765,0.5661928828,
O1/0274/2,,videos/sample_001093_O1__0274__2.pt,ok,0.5685428381,0.6009838581,0.5663501015,0.5482719488,average,0.5685428381,0.5663501015,
O1/0274/3,,videos/sample_001094_O1__0274__3.pt,ok,0.5671380162,0.6033163667,0.5671462816,0.5469945901,average,0.5671380162,0.5671462816,
O1/0274/4,,videos/sample_001095_O1__0274__4.pt,ok,0.5644413233,0.5942533612,0.5686777651,0.5519745376,average,0.5644413233,0.5686777651,
O1/0275/1,,videos/sample_001096_O1__0275__1.pt,ok,0.5790098906,0.6133310795,0.5604530018,0.5415439353,average,0.5790098906,0.5604530018,
O1/0275/2,,videos/sample_001097_O1__0275__2.pt,ok,0.5736361742,0.6053889394,0.5634728238,0.5458620781,average,0.5736361742,0.5634728238,
O1/0275/3,,videos/sample_001098_O1__0275__3.pt,ok,0.5783057213,0.6140630841,0.5608477945,0.5411476677,average,0.5783057213,0.5608477945,
O1/0275/4,,videos/sample_001099_O1__0275__4.pt,ok,0.5806297064,0.6137166023,0.5595459060,0.5413351980,average,0.5806297064,0.5595459060,
O1/0276/1,,videos/sample_001100_O1__0276__1.pt,ok,0.5727405548,0.5927240849,0.5639777070,0.5528193050,average,0.5727405548,0.5639777070,
O1/0276/2,,videos/sample_001101_O1__0276__2.pt,ok,0.5732129216,0.5974773765,0.5637113656,0.5501978289,average,0.5732129216,0.5637113656,
O1/0276/3,,videos/sample_001102_O1__0276__3.pt,ok,0.5739285350,0.5980096459,0.5633081105,0.5499050533,average,0.5739285350,0.5633081105,
O1/0276/4,,videos/sample_001103_O1__0276__4.pt,ok,0.5709482431,0.5916132331,0.5649894373,0.5534337466,average,0.5709482431,0.5649894373,
O1/0277/1,,videos/sample_001104_O1__0277__1.pt,ok,0.5826573968,0.6108883023,0.5584124696,0.5428684235,average,0.5826573968,0.5584124696,
O1/0277/2,,videos/sample_001105_O1__0277__2.pt,ok,0.5821471214,0.6118457913,0.5586974865,0.5423488818,average,0.5821471214,0.5586974865,
O1/0277/3,,videos/sample_001106_O1__0277__3.pt,ok,0.5804491043,0.6093906760,0.5596469703,0.5436820467,average,0.5804491043,0.5596469703,
O1/0277/4,,videos/sample_001107_O1__0277__4.pt,ok,0.5832080245,0.6114426255,0.5581050769,0.5425675824,average,0.5832080245,0.5581050769,
O1/0278/1,,videos/sample_001108_O1__0278__1.pt,ok,0.5756622553,0.6046454906,0.5623323379,0.5462680495,average,0.5756622553,0.5623323379,
O1/0278/2,,videos/sample_001109_O1__0278__2.pt,ok,0.5644078255,0.5857058167,0.5686968148,0.5567127859,average,0.5644078255,0.5686968148,
O1/0278/3,,videos/sample_001110_O1__0278__3.pt,ok,0.5770657063,0.6042240858,0.5615436856,0.5464982980,average,0.5770657063,0.5615436856,
O1/0278/4,,videos/sample_001111_O1__0278__4.pt,ok,0.5779379606,0.6123846769,0.5610540902,0.5420566965,average,0.5779379606,0.5610540902,
O1/0279/1,,videos/sample_001112_O1__0279__1.pt,ok,0.6101694107,0.6256968975,0.5432588274,0.5348885361,average,0.6101694107,0.5432588274,
O1/0279/2,,videos/sample_001113_O1__0279__2.pt,ok,0.6125681996,0.6282600164,0.5419572259,0.5335193087,average,0.6125681996,0.5419572259,
O1/0279/3,,videos/sample_001114_O1__0279__3.pt,ok,0.6122533679,0.6267879009,0.5421278781,0.5343052891,average,0.6122533679,0.5421278781,
O1/0279/4,,videos/sample_001115_O1__0279__4.pt,ok,0.6112542748,0.6267667413,0.5426697850,0.5343165949,average,0.6112542748,0.5426697850,
O1/0280/1,,videos/sample_001116_O1__0280__1.pt,ok,0.5717973113,0.6009290814,0.5645099263,0.5483019822,average,0.5717973113,0.5645099263,
O1/0280/2,,videos/sample_001117_O1__0280__2.pt,ok,0.5759061575,0.6008743644,0.5621952005,0.5483319845,average,0.5759061575,0.5621952005,
O1/0280/3,,videos/sample_001118_O1__0280__3.pt,ok,0.5777623057,0.6056351066,0.5611526508,0.5457277213,average,0.5777623057,0.5611526508,
O1/0280/4,,videos/sample_001119_O1__0280__4.pt,ok,0.5760774612,0.6047512889,0.5620989026,0.5462102583,average,0.5760774612,0.5620989026,
O1/0281/1,,videos/sample_001120_O1__0281__1.pt,ok,0.6240587234,0.6352497339,0.5357654947,0.5298031620,average,0.6240587234,0.5357654947,
O1/0281/2,,videos/sample_001121_O1__0281__2.pt,ok,0.6225294471,0.6342471242,0.5365854551,0.5303346142,average,0.6225294471,0.5365854551,
O1/0281/3,,videos/sample_001122_O1__0281__3.pt,ok,0.6236512065,0.6342795491,0.5359838728,0.5303174184,average,0.6236512065,0.5359838728,
O1/0281/4,,videos/sample_001123_O1__0281__4.pt,ok,0.6233834624,0.6347565651,0.5361273985,0.5300645088,average,0.6233834624,0.5361273985,
O1/0282/1,,videos/sample_001124_O1__0282__1.pt,ok,0.5537521839,0.5736528039,0.5747890449,0.5634634535,average,0.5537521839,0.5747890449,
O1/0282/2,,videos/sample_001125_O1__0282__2.pt,ok,0.5582372546,0.5869756341,0.5722168480,0.5560063110,average,0.5582372546,0.5722168480,
O1/0282/3,,videos/sample_001126_O1__0282__3.pt,ok,0.5568844080,0.5875890851,0.5729914935,0.5556653330,average,0.5568844080,0.5729914935,
O1/0282/4,,videos/sample_001127_O1__0282__4.pt,ok,0.5554963946,0.5756536126,0.5737873655,0.5623371980,average,0.5554963946,0.5737873655,
O1/0283/1,,videos/sample_001128_O1__0283__1.pt,ok,0.5822017789,0.6114911437,0.5586669503,0.5425412586,average,0.5822017789,0.5586669503,
O1/0283/2,,videos/sample_001129_O1__0283__2.pt,ok,0.5816121697,0.6154721379,0.5589964426,0.5403856985,average,0.5816121697,0.5589964426,
O1/0283/3,,videos/sample_001130_O1__0283__3.pt,ok,0.5837616920,0.6159104109,0.5577961577,0.5401489139,average,0.5837616920,0.5577961577,
O1/0283/4,,videos/sample_001131_O1__0283__4.pt,ok,0.5757719874,0.6064691544,0.5622706353,0.5452727481,average,0.5757719874,0.5622706353,
O1/0284/1,,videos/sample_001132_O1__0284__1.pt,ok,0.5580315590,0.5887693167,0.5723345626,0.5550099060,average,0.5580315590,0.5723345626,
O1/0284/2,,videos/sample_001133_O1__0284__2.pt,ok,0.5463820696,0.5682511330,0.5790409552,0.5665153328,average,0.5463820696,0.5790409552,
O1/0284/3,,videos/sample_001134_O1__0284__3.pt,ok,0.5556236506,0.5897092223,0.5737143523,0.5544884942,average,0.5556236506,0.5737143523,
O1/0284/4,,videos/sample_001135_O1__0284__4.pt,ok,0.5606654286,0.5938175917,0.5708290914,0.5522151238,average,0.5606654286,0.5708290914,
O1/0285/1,,videos/sample_001136_O1__0285__1.pt,ok,0.5783123970,0.6002086997,0.5608440505,0.5486971112,average,0.5783123970,0.5608440505,
O1/0285/2,,videos/sample_001137_O1__0285__2.pt,ok,0.5801773667,0.6027563810,0.5597990680,0.5473009850,average,0.5801773667,0.5597990680,
O1/0285/3,,videos/sample_001138_O1__0285__3.pt,ok,0.5788816810,0.5993235707,0.5605248618,0.5491829939,average,0.5788816810,0.5605248618,
O1/0285/4,,videos/sample_001139_O1__0285__4.pt,ok,0.5807344317,0.6055385470,0.5594873104,0.5457804190,average,0.5807344317,0.5594873104,
O1/0286/1,,videos/sample_001140_O1__0286__1.pt,ok,0.6266603470,0.6504264474,0.5343734462,0.5218231992,average,0.6266603470,0.5343734462,
O1/0286/2,,videos/sample_001141_O1__0286__2.pt,ok,0.6259519458,0.6505240798,0.5347521311,0.5217722548,average,0.6259519458,0.5347521311,
O1/0286/3,,videos/sample_001142_O1__0286__3.pt,ok,0.6268152595,0.6505240798,0.5342906715,0.5217722548,average,0.6268152595,0.5342906715,
O1/0286/4,,videos/sample_001143_O1__0286__4.pt,ok,0.6271890998,0.6504264474,0.5340909694,0.5218231992,average,0.6271890998,0.5340909694,
O1/0287/1,,videos/sample_001144_O1__0287__1.pt,ok,0.5618220568,0.5946397781,0.5701692361,0.5517612866,average,0.5618220568,0.5701692361,
O1/0287/2,,videos/sample_001145_O1__0287__2.pt,ok,0.5622743964,0.5917086005,0.5699113843,0.5533809695,average,0.5622743964,0.5699113843,
O1/0287/3,,videos/sample_001146_O1__0287__3.pt,ok,0.5527851582,0.5721822381,0.5753451496,0.5642926731,average,0.5527851582,0.5753451496,
O1/0287/4,,videos/sample_001147_O1__0287__4.pt,ok,0.5601949096,0.5962048173,0.5710977406,0.5508984339,average,0.5601949096,0.5710977406,
O1/0288/1,,videos/sample_001148_O1__0288__1.pt,ok,0.5762836933,0.5987592936,0.5619829918,0.5494929728,average,0.5762836933,0.5619829918,
O1/0288/2,,videos/sample_001149_O1__0288__2.pt,ok,0.5770293474,0.5991581678,0.5615641030,0.5492738379,average,0.5770293474,0.5615641030,
O1/0288/3,,videos/sample_001150_O1__0288__3.pt,ok,0.5778406858,0.6017578244,0.5611086693,0.5478477690,average,0.5778406858,0.5611086693,
O1/0288/4,,videos/sample_001151_O1__0288__4.pt,ok,0.5778381824,0.6022813916,0.5611100740,0.5475610090,average,0.5778381824,0.5611100740,
O1/0289/1,,videos/sample_001152_O1__0289__1.pt,ok,0.6268975139,0.6505448222,0.5342467255,0.5217614321,average,0.6268975139,0.5342467255,
O1/0289/2,,videos/sample_001153_O1__0289__2.pt,ok,0.6269803047,0.6505448222,0.5342024966,0.5217614321,average,0.6269803047,0.5342024966,
O1/0289/3,,videos/sample_001154_O1__0289__3.pt,ok,0.6271296144,0.6519880891,0.5341227410,0.5210089343,average,0.6271296144,0.5341227410,
O1/0289/4,,videos/sample_001155_O1__0289__4.pt,ok,0.6260461807,0.6519880891,0.5347017411,0.5210089343,average,0.6260461807,0.5347017411,
O1/0290/1,,videos/sample_001156_O1__0290__1.pt,ok,0.5663240552,0.6027786136,0.5676081045,0.5472888173,average,0.5663240552,0.5676081045,
O1/0290/2,,videos/sample_001157_O1__0290__2.pt,ok,0.5664082170,0.6003183126,0.5675603356,0.5486369702,average,0.5664082170,0.5675603356,
O1/0290/3,,videos/sample_001158_O1__0290__3.pt,ok,0.5648172498,0.5970504284,0.5684640242,0.5504327850,average,0.5648172498,0.5684640242,
O1/0290/4,,videos/sample_001159_O1__0290__4.pt,ok,0.5582258701,0.5911285281,0.5722233624,0.5537020637,average,0.5582258701,0.5722233624,
O1/0291/1,,videos/sample_001160_O1__0291__1.pt,ok,0.5493916869,0.5789375305,0.5773008833,0.5604935576,average,0.5493916869,0.5773008833,
O1/0291/2,,videos/sample_001161_O1__0291__2.pt,ok,0.5467468500,0.5718985796,0.5788297709,0.5644527622,average,0.5467468500,0.5788297709,
O1/0291/3,,videos/sample_001162_O1__0291__3.pt,ok,0.5500431061,0.5828645825,0.5769249409,0.5582967865,average,0.5500431061,0.5769249409,
O1/0291/4,,videos/sample_001163_O1__0291__4.pt,ok,0.5468710661,0.5704423785,0.5787578754,0.5652753177,average,0.5468710661,0.5787578754,
O1/0292/1,,videos/sample_001164_O1__0292__1.pt,ok,0.5847612023,0.6163893342,0.5572389133,0.5398902860,average,0.5847612023,0.5572389133,
O1/0292/2,,videos/sample_001165_O1__0292__2.pt,ok,0.5827971101,0.6135653853,0.5583344574,0.5414170633,average,0.5827971101,0.5583344574,
O1/0292/3,,videos/sample_001166_O1__0292__3.pt,ok,0.5834711790,0.6135653853,0.5579582283,0.5414170633,average,0.5834711790,0.5579582283,
O1/0292/4,,videos/sample_001167_O1__0292__4.pt,ok,0.5858897567,0.6163893342,0.5566103936,0.5398902860,average,0.5858897567,0.5566103936,
O1/0293/1,,videos/sample_001168_O1__0293__1.pt,ok,0.5764960051,0.6048328280,0.5618636888,0.5461657226,average,0.5764960051,0.5618636888,
O1/0293/2,,videos/sample_001169_O1__0293__2.pt,ok,0.5823403001,0.6114495397,0.5585895685,0.5425638310,average,0.5823403001,0.5585895685,
O1/0293/3,,videos/sample_001170_O1__0293__3.pt,ok,0.5789751410,0.6060923934,0.5604724776,0.5454782242,average,0.5789751410,0.5604724776,
O1/0293/4,,videos/sample_001171_O1__0293__4.pt,ok,0.5839352608,0.6139594913,0.5576993502,0.5412037297,average,0.5839352608,0.5576993502,
O1/0294/1,,videos/sample_001172_O1__0294__1.pt,ok,0.6314093471,0.6447112560,0.5318417230,0.5248140571,average,0.6314093471,0.5318417230,
O1/0294/2,,videos/sample_001173_O1__0294__2.pt,ok,0.6313166618,0.6419243813,0.5318910192,0.5262786881,average,0.6313166618,0.5318910192,
O1/0294/3,,videos/sample_001174_O1__0294__3.pt,ok,0.6308562160,0.6426685452,0.5321359826,0.5258871961,average,0.6308562160,0.5321359826,
O1/0294/4,,videos/sample_001175_O1__0294__4.pt,ok,0.6306358576,0.6437908411,0.5322532561,0.5252973262,average,0.6306358576,0.5322532561,
O1/0295/1,,videos/sample_001176_O1__0295__1.pt,ok,0.5948731303,0.6280303597,0.5516325469,0.5336418490,average,0.5948731303,0.5516325469,
O1/0295/2,,videos/sample_001177_O1__0295__2.pt,ok,0.5825069547,0.5994753838,0.5584964847,0.5490996271,average,0.5825069547,0.5584964847,
O1/0295/3,,videos/sample_001178_O1__0295__3.pt,ok,0.5944565535,0.6218850017,0.5518623921,0.5369313666,average,0.5944565535,0.5518623921,
O1/0295/4,,videos/sample_001179_O1__0295__4.pt,ok,0.5930608511,0.6219348907,0.5526331655,0.5369045802,average,0.5930608511,0.5526331655,
O1/0296/1,,videos/sample_001180_O1__0296__1.pt,ok,0.5666264892,0.5888357162,0.5674364665,0.5549730548,average,0.5666264892,0.5674364665,
O1/0296/2,,videos/sample_001181_O1__0296__2.pt,ok,0.5648498535,0.5856696963,0.5684454904,0.5567328950,average,0.5648498535,0.5684454904,
O1/0296/3,,videos/sample_001182_O1__0296__3.pt,ok,0.5671775341,0.5968394279,0.5671238697,0.5505489388,average,0.5671775341,0.5671238697,
O1/0296/4,,videos/sample_001183_O1__0296__4.pt,ok,0.5677677989,0.5943544507,0.5667892152,0.5519187416,average,0.5677677989,0.5667892152,
O1/0297/1,,videos/sample_001184_O1__0297__1.pt,ok,0.5912803411,0.6120412350,0.5536180109,0.5422428935,average,0.5912803411,0.5536180109,
O1/0297/2,,videos/sample_001185_O1__0297__2.pt,ok,0.5897122025,0.6092745066,0.5544868417,0.5437452096,average,0.5897122025,0.5544868417,
O1/0297/3,,videos/sample_001186_O1__0297__3.pt,ok,0.5899106860,0.6120412350,0.5543767961,0.5422428935,average,0.5899106860,0.5543767961,
O1/0297/4,,videos/sample_001187_O1__0297__4.pt,ok,0.5908704996,0.6092745066,0.5538449530,0.5437452096,average,0.5908704996,0.5538449530,
O1/0298/1,,videos/sample_001188_O1__0298__1.pt,ok,0.6017487645,0.6290578842,0.5478527325,0.5330938006,average,0.6017487645,0.5478527325,
O1/0298/2,,videos/sample_001189_O1__0298__2.pt,ok,0.6021097302,0.6290578842,0.5476550121,0.5330938006,average,0.6021097302,0.5476550121,
O1/0298/3,,videos/sample_001190_O1__0298__3.pt,ok,0.6008788347,0.6277221441,0.5483295332,0.5338063511,average,0.6008788347,0.5483295332,
O1/0298/4,,videos/sample_001191_O1__0298__4.pt,ok,0.6027622223,0.6277221441,0.5472977881,0.5338063511,average,0.6027622223,0.5472977881,
O1/0299/1,,videos/sample_001192_O1__0299__1.pt,ok,0.5706439018,0.6039930582,0.5651614130,0.5466245687,average,0.5706439018,0.5651614130,
O1/0299/2,,videos/sample_001193_O1__0299__2.pt,ok,0.5700958371,0.6018006206,0.5654712430,0.5478243237,average,0.5700958371,0.5654712430,
O1/0299/3,,videos/sample_001194_O1__0299__3.pt,ok,0.5720353127,0.6049568057,0.5643755882,0.5460980144,average,0.5720353127,0.5643755882,
O1/0299/4,,videos/sample_001195_O1__0299__4.pt,ok,0.5598610640,0.5802764297,0.5712884309,0.5597436154,average,0.5598610640,0.5712884309,
O1/0300/1,,videos/sample_001196_O1__0300__1.pt,ok,0.5906486511,0.6103010774,0.5539678363,0.5431873031,average,0.5906486511,0.5539678363,
O1/0300/2,,videos/sample_001197_O1__0300__2.pt,ok,0.5920822620,0.6130515933,0.5531742310,0.5416953105,average,0.5920822620,0.5531742310,
O1/0300/3,,videos/sample_001198_O1__0300__3.pt,ok,0.5907859802,0.6101452708,0.5538917656,0.5432719418,average,0.5907859802,0.5538917656,
O1/0300/4,,videos/sample_001199_O1__0300__4.pt,ok,0.5916168094,0.6109718680,0.5534317673,0.5428230603,average,0.5916168094,0.5534317673,
O1/0301/1,,videos/sample_001200_O1__0301__1.pt,ok,0.5666062236,0.5885904431,0.5674479661,0.5551091915,average,0.5666062236,0.5674479661,
O1/0301/2,,videos/sample_001201_O1__0301__2.pt,ok,0.5658446550,0.5885205269,0.5678802812,0.5551480040,average,0.5658446550,0.5678802812,
O1/0301/3,,videos/sample_001202_O1__0301__3.pt,ok,0.5681245327,0.5925692916,0.5665870584,0.5529048844,average,0.5681245327,0.5665870584,
O1/0301/4,,videos/sample_001203_O1__0301__4.pt,ok,0.5676574707,0.5928333998,0.5668517515,0.5527588769,average,0.5676574707,0.5668517515,
O1/0302/1,,videos/sample_001204_O1__0302__1.pt,ok,0.5991532207,0.6179220080,0.5492765553,0.5390634441,average,0.5991532207,0.5492765553,
O1/0302/2,,videos/sample_001205_O1__0302__2.pt,ok,0.5986109376,0.6171224713,0.5495744994,0.5394946174,average,0.5986109376,0.5495744994,
O1/0302/3,,videos/sample_001206_O1__0302__3.pt,ok,0.5998099446,0.6188749075,0.5489159506,0.5385500155,average,0.5998099446,0.5489159506,
O1/0302/4,,videos/sample_001207_O1__0302__4.pt,ok,0.5999538898,0.6176714897,0.5488369425,0.5391985062,average,0.5999538898,0.5488369425,
O1/0303/1,,videos/sample_001208_O1__0303__1.pt,ok,0.5635318756,0.5888016820,0.5691951830,0.5549919433,average,0.5635318756,0.5691951830,
O1/0303/2,,videos/sample_001209_O1__0303__2.pt,ok,0.5648779869,0.5884332061,0.5684294984,0.5551964821,average,0.5648779869,0.5684294984,
O1/0303/3,,videos/sample_001210_O1__0303__3.pt,ok,0.5604339838,0.5780305266,0.5709612222,0.5610021581,average,0.5604339838,0.5709612222,
O1/0303/4,,videos/sample_001211_O1__0303__4.pt,ok,0.5634090900,0.5814254880,0.5692650762,0.5591008068,average,0.5634090900,0.5692650762,
O1/0304/1,,videos/sample_001212_O1__0304__1.pt,ok,0.5757263303,0.6090808511,0.5622963076,0.5438505190,average,0.5757263303,0.5622963076,
O1/0304/2,,videos/sample_001213_O1__0304__2.pt,ok,0.5715827346,0.6046854854,0.5646310700,0.5462462021,average,0.5715827346,0.5646310700,
O1/0304/3,,videos/sample_001214_O1__0304__3.pt,ok,0.5719974041,0.6046854854,0.5643969832,0.5462462021,average,0.5719974041,0.5643969832,
O1/0304/4,,videos/sample_001215_O1__0304__4.pt,ok,0.5753908157,0.6090808511,0.5624849979,0.5438505190,average,0.5753908157,0.5624849979,
O1/0305/1,,videos/sample_001216_O1__0305__1.pt,ok,0.5645798445,0.6041769981,0.5685989966,0.5465240319,average,0.5645798445,0.5685989966,
O1/0305/2,,videos/sample_001217_O1__0305__2.pt,ok,0.5677109361,0.6013444662,0.5668214453,0.5480742732,average,0.5677109361,0.5668214453,
O1/0305/3,,videos/sample_001218_O1__0305__3.pt,ok,0.5674821138,0.6022537947,0.5669511615,0.5475761202,average,0.5674821138,0.5669511615,
O1/0305/4,,videos/sample_001219_O1__0305__4.pt,ok,0.5526764393,0.5727052093,0.5754077038,0.5639976415,average,0.5526764393,0.5754077038,
O1/0306/1,,videos/sample_001220_O1__0306__1.pt,ok,0.5560122132,0.5904393792,0.5734914716,0.5540837783,average,0.5560122132,0.5734914716,
O1/0306/2,,videos/sample_001221_O1__0306__2.pt,ok,0.5452790260,0.5690652132,0.5796800150,0.5660543316,average,0.5452790260,0.5796800150,
O1/0306/3,,videos/sample_001222_O1__0306__3.pt,ok,0.5589415431,0.5905674100,0.5718139841,0.5540128431,average,0.5589415431,0.5718139841,
O1/0306/4,,videos/sample_001223_O1__0306__4.pt,ok,0.5567435026,0.5875594020,0.5730722367,0.5556818271,average,0.5567435026,0.5730722367,
O1/0307/1,,videos/sample_001224_O1__0307__1.pt,ok,0.5470151305,0.5805364251,0.5786745030,0.5595981036,average,0.5470151305,0.5786745030,
O1/0307/2,,videos/sample_001225_O1__0307__2.pt,ok,0.5462266207,0.5703551173,0.5791309735,0.5653246465,average,0.5462266207,0.5791309735,
O1/0307/3,,videos/sample_001226_O1__0307__3.pt,ok,0.5462630987,0.5694534779,0.5791098483,0.5658345953,average,0.5462630987,0.5791098483,
O1/0307/4,,videos/sample_001227_O1__0307__4.pt,ok,0.5469490290,0.5784384608,0.5787127555,0.5607733528,average,0.5469490290,0.5787127555,
O1/0308/1,,videos/sample_001228_O1__0308__1.pt,ok,0.5782944560,0.6043216586,0.5608541127,0.5464449772,average,0.5782944560,0.5608541127,
O1/0308/2,,videos/sample_001229_O1__0308__2.pt,ok,0.5834524632,0.6115107536,0.5579686711,0.5425306195,average,0.5834524632,0.5579686711,
O1/0308/3,,videos/sample_001230_O1__0308__3.pt,ok,0.5779384971,0.6043216586,0.5610537892,0.5464449772,average,0.5779384971,0.5610537892,
O1/0308/4,,videos/sample_001231_O1__0308__4.pt,ok,0.5837003589,0.6115107536,0.5578303702,0.5425306195,average,0.5837003589,0.5578303702,
O1/0309/1,,videos/sample_001232_O1__0309__1.pt,ok,0.6049894691,0.6232140064,0.5460801774,0.5362182562,average,0.6049894691,0.5460801774,
O1/0309/2,,videos/sample_001233_O1__0309__2.pt,ok,0.6042090654,0.6227281094,0.5465065066,0.5364788664,average,0.6042090654,0.5465065066,
O1/0309/3,,videos/sample_001234_O1__0309__3.pt,ok,0.6048411727,0.6236411333,0.5461611651,0.5359892719,average,0.6048411727,0.5461611651,
O1/0309/4,,videos/sample_001235_O1__0309__4.pt,ok,0.6045572758,0.6224643588,0.5463162405,0.5366203816,average,0.6045572758,0.5463162405,
O1/0310/1,,videos/sample_001236_O1__0310__1.pt,ok,0.5782496929,0.6028097272,0.5608792188,0.5472717894,average,0.5782496929,0.5608792188,
O1/0310/2,,videos/sample_001237_O1__0310__2.pt,ok,0.5781953931,0.6014355421,0.5609096753,0.5480243591,average,0.5781953931,0.5609096753,
O1/0310/3,,videos/sample_001238_O1__0310__3.pt,ok,0.5767437816,0.5998431444,0.5617244895,0.5488977270,average,0.5767437816,0.5617244895,
O1/0310/4,,videos/sample_001239_O1__0310__4.pt,ok,0.5774413347,0.5998588800,0.5613327934,0.5488890898,average,0.5774413347,0.5613327934,
O1/0311/1,,videos/sample_001240_O1__0311__1.pt,ok,0.5689140558,0.6010576487,0.5661399013,0.5482314931,average,0.5689140558,0.5661399013,
O1/0311/2,,videos/sample_001241_O1__0311__2.pt,ok,0.5756326318,0.6108158827,0.5623489964,0.5429077393,average,0.5756326318,0.5623489964,
O1/0311/3,,videos/sample_001242_O1__0311__3.pt,ok,0.5716968775,0.6106549501,0.5645666250,0.5429951179,average,0.5716968775,0.5645666250,
O1/0311/4,,videos/sample_001243_O1__0311__4.pt,ok,0.5742698312,0.6074781418,0.5631158884,0.5447228522,average,0.5742698312,0.5631158884,
O1/0312/1,,videos/sample_001244_O1__0312__1.pt,ok,0.6214377284,0.6339300275,0.5371715753,0.5305028082,average,0.6214377284,0.5371715753,
O1/0312/2,,videos/sample_001245_O1__0312__2.pt,ok,0.6208271384,0.6340598464,0.5374996670,0.5304339433,average,0.6208271384,0.5374996670,
O1/0312/3,,videos/sample_001246_O1__0312__3.pt,ok,0.6206822991,0.6339300275,0.5375775238,0.5305028082,average,0.6206822991,0.5375775238,
O1/0312/4,,videos/sample_001247_O1__0312__4.pt,ok,0.6194228530,0.6340598464,0.5382550002,0.5304339433,average,0.6194228530,0.5382550002,
O1/0313/1,,videos/sample_001248_O1__0313__1.pt,ok,0.6010769606,0.6201739311,0.5482209058,0.5378508805,average,0.6010769606,0.5482209058,
O1/0313/2,,videos/sample_001249_O1__0313__2.pt,ok,0.6010819674,0.6180682778,0.5482181609,0.5389846011,average,0.6010819674,0.5482181609,
O1/0313/3,,videos/sample_001250_O1__0313__3.pt,ok,0.6017474532,0.6201739311,0.5478534509,0.5378508805,average,0.6017474532,0.5478534509,
O1/0313/4,,videos/sample_001251_O1__0313__4.pt,ok,0.6002537608,0.6180682778,0.5486723869,0.5389846011,average,0.6002537608,0.5486723869,
O1/0314/1,,videos/sample_001252_O1__0314__1.pt,ok,0.6190155745,0.6408428550,0.5384742646,0.5268481802,average,0.6190155745,0.5384742646,
O1/0314/2,,videos/sample_001253_O1__0314__2.pt,ok,0.6182792187,0.6408428550,0.5388709192,0.5268481802,average,0.6182792187,0.5388709192,
O1/0314/3,,videos/sample_001254_O1__0314__3.pt,ok,0.6176929474,0.6415936947,0.5391869364,0.5264527502,average,0.6176929474,0.5391869364,
O1/0314/4,,videos/sample_001255_O1__0314__4.pt,ok,0.6180537343,0.6415936947,0.5389924399,0.5264527502,average,0.6180537343,0.5389924399,
O1/0315/1,,videos/sample_001256_O1__0315__1.pt,ok,0.5673144460,0.5866701603,0.5670462290,0.5561761823,average,0.5673144460,0.5670462290,
O1/0315/2,,videos/sample_001257_O1__0315__2.pt,ok,0.5685303211,0.5878869295,0.5663571905,0.5554998558,average,0.5685303211,0.5663571905,
O1/0315/3,,videos/sample_001258_O1__0315__3.pt,ok,0.5710117817,0.5979456902,0.5649535398,0.5499402241,average,0.5710117817,0.5649535398,
O1/0315/4,,videos/sample_001259_O1__0315__4.pt,ok,0.5713891387,0.5976626873,0.5647403908,0.5500958808,average,0.5713891387,0.5647403908,
O1/0316/1,,videos/sample_001260_O1__0316__1.pt,ok,0.5765675306,0.5981581807,0.5618235027,0.5498233794,average,0.5765675306,0.5618235027,
O1/0316/2,,videos/sample_001261_O1__0316__2.pt,ok,0.5756228566,0.5970078111,0.5623544935,0.5504562435,average,0.5756228566,0.5623544935,
O1/0316/3,,videos/sample_001262_O1__0316__3.pt,ok,0.5775374174,0.5992175341,0.5612788616,0.5492412306,average,0.5775374174,0.5612788616,
O1/0316/4,,videos/sample_001263_O1__0316__4.pt,ok,0.5764205456,0.5969443917,0.5619060884,0.5504911541,average,0.5764205456,0.5619060884,
O1/0317/1,,videos/sample_001264_O1__0317__1.pt,ok,0.5580269098,0.5787534714,0.5723372235,0.5605967311,average,0.5580269098,0.5723372235,
O1/0317/2,,videos/sample_001265_O1__0317__2.pt,ok,0.5662379265,0.5979803205,0.5676569940,0.5499211798,average,0.5662379265,0.5676569940,
O1/0317/3,,videos/sample_001266_O1__0317__3.pt,ok,0.5647843480,0.5854537487,0.5684827280,0.5568531331,average,0.5647843480,0.5684827280,
O1/0317/4,,videos/sample_001267_O1__0317__4.pt,ok,0.5647558570,0.5948612094,0.5684989249,0.5516391229,average,0.5647558570,0.5684989249,
O1/0318/1,,videos/sample_001268_O1__0318__1.pt,ok,0.5661807060,0.5843645930,0.5676894765,0.5574599632,average,0.5661807060,0.5676894765,
O1/0318/2,,videos/sample_001269_O1__0318__2.pt,ok,0.5574489832,0.5788490772,0.5726680880,0.5605431373,average,0.5574489832,0.5726680880,
O1/0318/3,,videos/sample_001270_O1__0318__3.pt,ok,0.5629274249,0.5944368243,0.5695393374,0.5518732800,average,0.5629274249,0.5695393374,
O1/0318/4,,videos/sample_001271_O1__0318__4.pt,ok,0.5671122670,0.5918668509,0.5671608854,0.5532934037,average,0.5671122670,0.5671608854,
O1/0319/1,,videos/sample_001272_O1__0319__1.pt,ok,0.5650862455,0.5851454735,0.5683111303,0.5570248236,average,0.5650862455,0.5683111303,
O1/0319/2,,videos/sample_001273_O1__0319__2.pt,ok,0.5669968724,0.5936152339,0.5672263365,0.5523268801,average,0.5669968724,0.5672263365,
O1/0319/3,,videos/sample_001274_O1__0319__3.pt,ok,0.5675805211,0.5959605575,0.5668953722,0.5510330127,average,0.5675805211,0.5668953722,
O1/0319/4,,videos/sample_001275_O1__0319__4.pt,ok,0.5635856986,0.5849639177,0.5691645480,0.5571259638,average,0.5635856986,0.5691645480,
O1/0320/1,,videos/sample_001276_O1__0320__1.pt,ok,0.5986506939,0.6240817308,0.5495526508,0.5357531683,average,0.5986506939,0.5495526508,
O1/0320/2,,videos/sample_001277_O1__0320__2.pt,ok,0.6008499265,0.6300421357,0.5483453847,0.5325693603,average,0.6008499265,0.5483453847,
O1/0320/3,,videos/sample_001278_O1__0320__3.pt,ok,0.6015589833,0.6300421357,0.5479567145,0.5325693603,average,0.6015589833,0.5479567145,
O1/0320/4,,videos/sample_001279_O1__0320__4.pt,ok,0.5970826745,0.6240817308,0.5504150360,0.5357531683,average,0.5970826745,0.5504150360,
O1/0321/1,,videos/sample_001280_O1__0321__1.pt,ok,0.5889027715,0.6097887158,0.5549358422,0.5434656826,average,0.5889027715,0.5549358422,
O1/0321/2,,videos/sample_001281_O1__0321__2.pt,ok,0.5894795656,0.6079187989,0.5546158508,0.5444828690,average,0.5894795656,0.5546158508,
O1/0321/3,,videos/sample_001282_O1__0321__3.pt,ok,0.5898808241,0.6097887158,0.5543933511,0.5434656826,average,0.5898808241,0.5543933511,
O1/0321/4,,videos/sample_001283_O1__0321__4.pt,ok,0.5886312723,0.6071133614,0.5550865273,0.5449215927,average,0.5886312723,0.5550865273,
O1/0322/1,,videos/sample_001284_O1__0322__1.pt,ok,0.5826230645,0.6037278175,0.5584316415,0.5467695750,average,0.5826230645,0.5584316415,
O1/0322/2,,videos/sample_001285_O1__0322__2.pt,ok,0.5840672851,0.6073057652,0.5576257252,0.5448167578,average,0.5840672851,0.5576257252,
O1/0322/3,,videos/sample_001286_O1__0322__3.pt,ok,0.5845488310,0.6065703034,0.5573572674,0.5452175970,average,0.5845488310,0.5573572674,
O1/0322/4,,videos/sample_001287_O1__0322__4.pt,ok,0.5828598142,0.6041482687,0.5582994487,0.5465397335,average,0.5828598142,0.5582994487,
O1/0323/1,,videos/sample_001288_O1__0323__1.pt,ok,0.6225398183,0.6471616030,0.5365798901,0.5235296549,average,0.6225398183,0.5365798901,
O1/0323/2,,videos/sample_001289_O1__0323__2.pt,ok,0.6222738624,0.6476020217,0.5367226156,0.5232991334,average,0.6222738624,0.5367226156,
O1/0323/3,,videos/sample_001290_O1__0323__3.pt,ok,0.6225519776,0.6471616030,0.5365733656,0.5235296549,average,0.6225519776,0.5365733656,
O1/0323/4,,videos/sample_001291_O1__0323__4.pt,ok,0.6207886934,0.6476020217,0.5375203316,0.5232991334,average,0.6207886934,0.5375203316,
O1/0324/1,,videos/sample_001292_O1__0324__1.pt,ok,0.5646854043,0.5974192619,0.5685389785,0.5502298043,average,0.5646854043,0.5685389785,
O1/0324/2,,videos/sample_001293_O1__0324__2.pt,ok,0.5683828592,0.6041587591,0.5664407128,0.5465340001,average,0.5683828592,0.5664407128,
O1/0324/3,,videos/sample_001294_O1__0324__3.pt,ok,0.5702224374,0.6053653359,0.5653996587,0.5458749625,average,0.5702224374,0.5653996587,
O1/0324/4,,videos/sample_001295_O1__0324__4.pt,ok,0.5689489245,0.6032211781,0.5661201611,0.5470466603,average,0.5689489245,0.5661201611,
O1/0325/1,,videos/sample_001296_O1__0325__1.pt,ok,0.5731196404,0.6052149534,0.5637639518,0.5459570587,average,0.5731196404,0.5637639518,
O1/0325/2,,videos/sample_001297_O1__0325__2.pt,ok,0.5628529787,0.5943657756,0.5695817390,0.5519124913,average,0.5628529787,0.5695817390,
O1/0325/3,,videos/sample_001298_O1__0325__3.pt,ok,0.5711142421,0.6018955708,0.5648956574,0.5477723102,average,0.5711142421,0.5648956574,
O1/0325/4,,videos/sample_001299_O1__0325__4.pt,ok,0.5681830645,0.6034378409,0.5665538960,0.5469281484,average,0.5681830645,0.5665538960,
O1/0326/1,,videos/sample_001300_O1__0326__1.pt,ok,0.5684816837,0.6076438427,0.5663847374,0.5446325986,average,0.5684816837,0.5663847374,
O1/0326/2,,videos/sample_001301_O1__0326__2.pt,ok,0.5676981211,0.6055504680,0.5668287092,0.5457739129,average,0.5676981211,0.5668287092,
O1/0326/3,,videos/sample_001302_O1__0326__3.pt,ok,0.5699734092,0.6064855456,0.5655404767,0.5452638104,average,0.5699734092,0.5655404767,
O1/0326/4,,videos/sample_001303_O1__0326__4.pt,ok,0.5615438223,0.6010999680,0.5703278989,0.5482082928,average,0.5615438223,0.5703278989,
O1/0327/1,,videos/sample_001304_O1__0327__1.pt,ok,0.5666146874,0.6069328189,0.5674431633,0.5450199830,average,0.5666146874,0.5674431633,
O1/0327/2,,videos/sample_001305_O1__0327__2.pt,ok,0.5547156334,0.5780699849,0.5742355314,0.5609800223,average,0.5547156334,0.5742355314,
O1/0327/3,,videos/sample_001306_O1__0327__3.pt,ok,0.5711368918,0.6050713658,0.5648828628,0.5460354570,average,0.5711368918,0.5648828628,
O1/0327/4,,videos/sample_001307_O1__0327__4.pt,ok,0.5681341887,0.6027722955,0.5665815875,0.5472922751,average,0.5681341887,0.5665815875,
O1/0328/1,,videos/sample_001308_O1__0328__1.pt,ok,0.5741750002,0.6033684015,0.5631692918,0.5469661281,average,0.5741750002,0.5631692918,
O1/0328/2,,videos/sample_001309_O1__0328__2.pt,ok,0.5689095259,0.5974561572,0.5661424659,0.5502095038,average,0.5689095259,0.5661424659,
O1/0328/3,,videos/sample_001310_O1__0328__3.pt,ok,0.5730819702,0.6072503924,0.5637851892,0.5448469266,average,0.5730819702,0.5637851892,
O1/0328/4,,videos/sample_001311_O1__0328__4.pt,ok,0.5745261312,0.6053716540,0.5629715803,0.5458715136,average,0.5745261312,0.5629715803,
O1/0329/1,,videos/sample_001312_O1__0329__1.pt,ok,0.6208243966,0.6356775165,0.5375011408,0.5295765699,average,0.6208243966,0.5375011408,
O1/0329/2,,videos/sample_001313_O1__0329__2.pt,ok,0.6191893220,0.6356852055,0.5383807141,0.5295724980,average,0.6191893220,0.5383807141,
O1/0329/3,,videos/sample_001314_O1__0329__3.pt,ok,0.6210707426,0.6343437433,0.5373687458,0.5302833762,average,0.6210707426,0.5373687458,
O1/0329/4,,videos/sample_001315_O1__0329__4.pt,ok,0.6202847958,0.6353447437,0.5377912551,0.5297528279,average,0.6202847958,0.5377912551,
O1/0330/1,,videos/sample_001316_O1__0330__1.pt,ok,0.6181070209,0.6331172585,0.5389637196,0.5309341597,average,0.6181070209,0.5389637196,
O1/0330/2,,videos/sample_001317_O1__0330__2.pt,ok,0.6203144789,0.6336684823,0.5377752920,0.5306415768,average,0.6203144789,0.5377752920,
O1/0330/3,,videos/sample_001318_O1__0330__3.pt,ok,0.6194317341,0.6336684823,0.5382502200,0.5306415768,average,0.6194317341,0.5382502200,
O1/0330/4,,videos/sample_001319_O1__0330__4.pt,ok,0.6201201677,0.6341047883,0.5378797979,0.5304101052,average,0.6201201677,0.5378797979,
O1/0331/1,,videos/sample_001320_O1__0331__1.pt,ok,0.5633563995,0.5851389170,0.5692950719,0.5570284757,average,0.5633563995,0.5692950719,
O1/0331/2,,videos/sample_001321_O1__0331__2.pt,ok,0.5635986924,0.5853359699,0.5691571524,0.5569187224,average,0.5635986924,0.5691571524,
O1/0331/3,,videos/sample_001322_O1__0331__3.pt,ok,0.5657846332,0.5942539573,0.5679143674,0.5519742086,average,0.5657846332,0.5679143674,
O1/0331/4,,videos/sample_001323_O1__0331__4.pt,ok,0.5660726428,0.5983028412,0.5677508262,0.5497438474,average,0.5660726428,0.5677508262,
O1/0332/1,,videos/sample_001324_O1__0332__1.pt,ok,0.5656281710,0.6011301279,0.5680032315,0.5481917591,average,0.5656281710,0.5680032315,
O1/0332/2,,videos/sample_001325_O1__0332__2.pt,ok,0.5567472577,0.5913962126,0.5730700848,0.5535538661,average,0.5567472577,0.5730700848,
O1/0332/3,,videos/sample_001326_O1__0332__3.pt,ok,0.5655481815,0.6035752892,0.5680486676,0.5468529792,average,0.5655481815,0.5680486676,
O1/0332/4,,videos/sample_001327_O1__0332__4.pt,ok,0.5645464659,0.6029406786,0.5686179759,0.5472001281,average,0.5645464659,0.5686179759,
O1/0333/1,,videos/sample_001328_O1__0333__1.pt,ok,0.6184135675,0.6320540309,0.5387985274,0.5314989637,average,0.6184135675,0.5387985274,
O1/0333/2,,videos/sample_001329_O1__0333__2.pt,ok,0.6171483397,0.6312658191,0.5394806617,0.5319180627,average,0.6171483397,0.5394806617,
O1/0333/3,,videos/sample_001330_O1__0333__3.pt,ok,0.6176872849,0.6321382523,0.5391899895,0.5314542021,average,0.6176872849,0.5391899895,
O1/0333/4,,videos/sample_001331_O1__0333__4.pt,ok,0.6184666157,0.6325190663,0.5387699459,0.5312518553,average,0.6184666157,0.5387699459,
O1/0334/1,,videos/sample_001332_O1__0334__1.pt,ok,0.6235709786,0.6376469135,0.5360268753,0.5285346497,average,0.6235709786,0.5360268753,
O1/0334/2,,videos/sample_001333_O1__0334__2.pt,ok,0.6243501902,0.6376469135,0.5356093597,0.5285346497,average,0.6243501902,0.5356093597,
O1/0334/3,,videos/sample_001334_O1__0334__3.pt,ok,0.6246854663,0.6384158134,0.5354298128,0.5281284156,average,0.6246854663,0.5354298128,
O1/0334/4,,videos/sample_001335_O1__0334__4.pt,ok,0.6243224740,0.6384158134,0.5356242049,0.5281284156,average,0.6243224740,0.5356242049,
O1/0335/1,,videos/sample_001336_O1__0335__1.pt,ok,0.6167131066,0.6316995025,0.5397155127,0.5316874286,average,0.6167131066,0.5397155127,
O1/0335/2,,videos/sample_001337_O1__0335__2.pt,ok,0.6164822578,0.6310589910,0.5398401197,0.5320280896,average,0.6164822578,0.5398401197,
O1/0335/3,,videos/sample_001338_O1__0335__3.pt,ok,0.6173790693,0.6310589910,0.5393562019,0.5320280896,average,0.6173790693,0.5393562019,
O1/0335/4,,videos/sample_001339_O1__0335__4.pt,ok,0.6175917387,0.6316995025,0.5392415096,0.5316874286,average,0.6175917387,0.5392415096,
O1/0336/1,,videos/sample_001340_O1__0336__1.pt,ok,0.6201179028,0.6342920661,0.5378810162,0.5303107804,average,0.6201179028,0.5378810162,
O1/0336/2,,videos/sample_001341_O1__0336__2.pt,ok,0.6190024614,0.6342920661,0.5384813257,0.5303107804,average,0.6190024614,0.5384813257,
O1/0336/3,,videos/sample_001342_O1__0336__3.pt,ok,0.6193091273,0.6342115998,0.5383162171,0.5303534543,average,0.6193091273,0.5383162171,
O1/0336/4,,videos/sample_001343_O1__0336__4.pt,ok,0.6181339025,0.6342115998,0.5389492316,0.5303534543,average,0.6181339025,0.5389492316,
O1/0337/1,,videos/sample_001344_O1__0337__1.pt,ok,0.5847018361,0.6121098399,0.5572719954,0.5422056942,average,0.5847018361,0.5572719954,
O1/0337/2,,videos/sample_001345_O1__0337__2.pt,ok,0.5792375207,0.6075136662,0.5603254403,0.5447035016,average,0.5792375207,0.5603254403,
O1/0337/3,,videos/sample_001346_O1__0337__3.pt,ok,0.5826367140,0.6160701513,0.5584240193,0.5400626372,average,0.5826367140,0.5584240193,
O1/0337/4,,videos/sample_001347_O1__0337__4.pt,ok,0.5842214823,0.6149343848,0.5575397475,0.5406763707,average,0.5842214823,0.5575397475,
O1/0338/1,,videos/sample_001348_O1__0338__1.pt,ok,0.5606201291,0.5806595683,0.5708549503,0.5595291971,average,0.5606201291,0.5708549503,
O1/0338/2,,videos/sample_001349_O1__0338__2.pt,ok,0.5589613318,0.5909255147,0.5718026687,0.5538144840,average,0.5589613318,0.5718026687,
O1/0338/3,,videos/sample_001350_O1__0338__3.pt,ok,0.5607333779,0.5870836973,0.5707903053,0.5559462304,average,0.5607333779,0.5707903053,
O1/0338/4,,videos/sample_001351_O1__0338__4.pt,ok,0.5528674126,0.5732089877,0.5752978268,0.5637135832,average,0.5528674126,0.5752978268,
O1/0339/1,,videos/sample_001352_O1__0339__1.pt,ok,0.5786439180,0.6060819030,0.5606581497,0.5454839466,average,0.5786439180,0.5606581497,
O1/0339/2,,videos/sample_001353_O1__0339__2.pt,ok,0.5762337446,0.6044332981,0.5620110628,0.5463839758,average,0.5762337446,0.5620110628,
O1/0339/3,,videos/sample_001354_O1__0339__3.pt,ok,0.5796102285,0.6059200764,0.5601166415,0.5455722275,average,0.5796102285,0.5601166415,
O1/0339/4,,videos/sample_001355_O1__0339__4.pt,ok,0.5798245668,0.6092320681,0.5599965999,0.5437682858,average,0.5798245668,0.5599965999,
O1/0340/1,,videos/sample_001356_O1__0340__1.pt,ok,0.6229592562,0.6467335820,0.5363548753,0.5237537845,average,0.6229592562,0.5363548753,
O1/0340/2,,videos/sample_001357_O1__0340__2.pt,ok,0.6242703795,0.6467335820,0.5356521087,0.5237537845,average,0.6242703795,0.5356521087,
O1/0340/3,,videos/sample_001358_O1__0340__3.pt,ok,0.6245573759,0.6468916535,0.5354984006,0.5236710005,average,0.6245573759,0.5354984006,
O1/0340/4,,videos/sample_001359_O1__0340__4.pt,ok,0.6248182058,0.6468916535,0.5353587448,0.5236710005,average,0.6248182058,0.5353587448,
O1/0341/1,,videos/sample_001360_O1__0341__1.pt,ok,0.6200487018,0.6330145001,0.5379182394,0.5309887204,average,0.6200487018,0.5379182394,
O1/0341/2,,videos/sample_001361_O1__0341__2.pt,ok,0.6193371415,0.6330145001,0.5383011368,0.5309887204,average,0.6193371415,0.5383011368,
O1/0341/3,,videos/sample_001362_O1__0341__3.pt,ok,0.6199910641,0.6338245273,0.5379492446,0.5305587793,average,0.6199910641,0.5379492446,
O1/0341/4,,videos/sample_001363_O1__0341__4.pt,ok,0.6194525957,0.6338245273,0.5382389913,0.5305587793,average,0.6194525957,0.5382389913,
O1/0342/1,,videos/sample_001364_O1__0342__1.pt,ok,0.5556549430,0.5768064260,0.5736963997,0.5616893016,average,0.5556549430,0.5736963997,
O1/0342/2,,videos/sample_001365_O1__0342__2.pt,ok,0.5594391823,0.5901517272,0.5715294979,0.5542431846,average,0.5594391823,0.5715294979,
O1/0342/3,,videos/sample_001366_O1__0342__3.pt,ok,0.5580970645,0.5792623162,0.5722970727,0.5603115469,average,0.5580970645,0.5722970727,
O1/0342/4,,videos/sample_001367_O1__0342__4.pt,ok,0.5601547956,0.5882714987,0.5711206500,0.5552862687,average,0.5601547956,0.5711206500,
O1/0343/1,,videos/sample_001368_O1__0343__1.pt,ok,0.5694996715,0.5996137857,0.5658084580,0.5490236359,average,0.5694996715,0.5658084580,
O1/0343/2,,videos/sample_001369_O1__0343__2.pt,ok,0.5747467279,0.6064317226,0.5628474043,0.5452931589,average,0.5747467279,0.5628474043,
O1/0343/3,,videos/sample_001370_O1__0343__3.pt,ok,0.5728865862,0.6027608514,0.5638953546,0.5472985384,average,0.5728865862,0.5638953546,
O1/0343/4,,videos/sample_001371_O1__0343__4.pt,ok,0.5753855705,0.6064317226,0.5624879482,0.5452931589,average,0.5753855705,0.5624879482,
O1/0344/1,,videos/sample_001372_O1__0344__1.pt,ok,0.6225366592,0.6377252936,0.5365815851,0.5284932247,average,0.6225366592,0.5365815851,
O1/0344/2,,videos/sample_001373_O1__0344__2.pt,ok,0.6225984693,0.6375827789,0.5365484201,0.5285685481,average,0.6225984693,0.5365484201,
O1/0344/3,,videos/sample_001374_O1__0344__3.pt,ok,0.6236003041,0.6377252936,0.5360111563,0.5284932247,average,0.6236003041,0.5360111563,
O1/0344/4,,videos/sample_001375_O1__0344__4.pt,ok,0.6234373450,0.6375827789,0.5360985113,0.5285685481,average,0.6234373450,0.5360985113,
O1/0345/1,,videos/sample_001376_O1__0345__1.pt,ok,0.6214665771,0.6463444829,0.5371560789,0.5239576163,average,0.6214665771,0.5371560789,
O1/0345/2,,videos/sample_001377_O1__0345__2.pt,ok,0.6224043965,0.6460116506,0.5366525596,0.5241320353,average,0.6224043965,0.5366525596,
O1/0345/3,,videos/sample_001378_O1__0345__3.pt,ok,0.6221621037,0.6460116506,0.5367826024,0.5241320353,average,0.6221621037,0.5367826024,
O1/0345/4,,videos/sample_001379_O1__0345__4.pt,ok,0.6199814081,0.6463444829,0.5379544391,0.5239576163,average,0.6199814081,0.5379544391,
O1/0346/1,,videos/sample_001380_O1__0346__1.pt,ok,0.5769359469,0.6114111543,0.5616165558,0.5425846579,average,0.5769359469,0.5616165558,
O1/0346/2,,videos/sample_001381_O1__0346__2.pt,ok,0.5837350488,0.6161717176,0.5578110195,0.5400077878,average,0.5837350488,0.5578110195,
O1/0346/3,,videos/sample_001382_O1__0346__3.pt,ok,0.5818030238,0.6158341765,0.5588897660,0.5401900934,average,0.5818030238,0.5588897660,
O1/0346/4,,videos/sample_001383_O1__0346__4.pt,ok,0.5819922686,0.6134813428,0.5587840091,0.5414625673,average,0.5819922686,0.5587840091,
O1/0347/1,,videos/sample_001384_O1__0347__1.pt,ok,0.6415257454,0.6594261527,0.5264885235,0.5171480133,average,0.6415257454,0.5264885235,
O1/0347/2,,videos/sample_001385_O1__0347__2.pt,ok,0.6404201984,0.6592996716,0.5270709031,0.5172134269,average,0.6404201984,0.5270709031,
O1/0347/3,,videos/sample_001386_O1__0347__3.pt,ok,0.6401852369,0.6592996716,0.5271947591,0.5172134269,average,0.6401852369,0.5271947591,
O1/0347/4,,videos/sample_001387_O1__0347__4.pt,ok,0.6413834691,0.6594261527,0.5265634356,0.5171480133,average,0.6413834691,0.5265634356,
O1/0348/1,,videos/sample_001388_O1__0348__1.pt,ok,0.5724877715,0.6045898795,0.5641202892,0.5462984289,average,0.5724877715,0.5641202892,
O1/0348/2,,videos/sample_001389_O1__0348__2.pt,ok,0.5607120991,0.5906572938,0.5708024512,0.5539630486,average,0.5607120991,0.5708024512,
O1/0348/3,,videos/sample_001390_O1__0348__3.pt,ok,0.5650659204,0.5977135897,0.5683226815,0.5500678803,average,0.5650659204,0.5683226815,
O1/0348/4,,videos/sample_001391_O1__0348__4.pt,ok,0.5726363063,0.6040315032,0.5640365039,0.5466035542,average,0.5726363063,0.5640365039,
O1/0349/1,,videos/sample_001392_O1__0349__1.pt,ok,0.5789134502,0.6001993418,0.5605070546,0.5487022459,average,0.5789134502,0.5605070546,
O1/0349/2,,videos/sample_001393_O1__0349__2.pt,ok,0.5773108006,0.5980166793,0.5614060713,0.5499011857,average,0.5773108006,0.5614060713,
O1/0349/3,,videos/sample_001394_O1__0349__3.pt,ok,0.5779595971,0.5988116264,0.5610419511,0.5494642170,average,0.5779595971,0.5610419511,
O1/0349/4,,videos/sample_001395_O1__0349__4.pt,ok,0.5793040991,0.6017929912,0.5602881360,0.5478285033,average,0.5793040991,0.5602881360,
O1/0350/1,,videos/sample_001396_O1__0350__1.pt,ok,0.6244913340,0.6369776726,0.5355337671,0.5288884851,average,0.6244913340,0.5355337671,
O1/0350/2,,videos/sample_001397_O1__0350__2.pt,ok,0.6250720620,0.6369776726,0.5352228579,0.5288884851,average,0.6250720620,0.5352228579,
O1/0350/3,,videos/sample_001398_O1__0350__3.pt,ok,0.6241745949,0.6382071376,0.5357034184,0.5282386348,average,0.6241745949,0.5357034184,
O1/0350/4,,videos/sample_001399_O1__0350__4.pt,ok,0.6250534654,0.6375410557,0.5352328113,0.5285906022,average,0.6250534654,0.5352328113,
O1/0351/1,,videos/sample_001400_O1__0351__1.pt,ok,0.5751242638,0.6047975421,0.5626349493,0.5461849949,average,0.5751242638,0.5626349493,
O1/0351/2,,videos/sample_001401_O1__0351__2.pt,ok,0.5772072077,0.6093355417,0.5614642320,0.5437120230,average,0.5772072077,0.5614642320,
O1/0351/3,,videos/sample_001402_O1__0351__3.pt,ok,0.5711872578,0.5994809866,0.5648544126,0.5490965506,average,0.5711872578,0.5648544126,
O1/0351/4,,videos/sample_001403_O1__0351__4.pt,ok,0.5765478015,0.6069851518,0.5618345871,0.5449914613,average,0.5765478015,0.5618345871,
O1/0352/1,,videos/sample_001404_O1__0352__1.pt,ok,0.5963209271,0.6226029992,0.5508344729,0.5365459895,average,0.5963209271,0.5508344729,
O1/0352/2,,videos/sample_001405_O1__0352__2.pt,ok,0.5958907008,0.6191713810,0.5510715074,0.5383903733,average,0.5958907008,0.5510715074,
O1/0352/3,,videos/sample_001406_O1__0352__3.pt,ok,0.5957892537,0.6187641025,0.5511274148,0.5386096928,average,0.5957892537,0.5511274148,
O1/0352/4,,videos/sample_001407_O1__0352__4.pt,ok,0.5942943096,0.6135200858,0.5519519356,0.5414415898,average,0.5942943096,0.5519519356,
O1/0353/1,,videos/sample_001408_O1__0353__1.pt,ok,0.6166847944,0.6319218874,0.5397307934,0.5315692025,average,0.6166847944,0.5397307934,
O1/0353/2,,videos/sample_001409_O1__0353__2.pt,ok,0.6151463985,0.6319218874,0.5405617521,0.5315692025,average,0.6151463985,0.5405617521,
O1/0353/3,,videos/sample_001410_O1__0353__3.pt,ok,0.6162934899,0.6318097711,0.5399420338,0.5316288034,average,0.6162934899,0.5399420338,
O1/0353/4,,videos/sample_001411_O1__0353__4.pt,ok,0.6171368957,0.6318097711,0.5394868356,0.5316288034,average,0.6171368957,0.5394868356,
O1/0354/1,,videos/sample_001412_O1__0354__1.pt,ok,0.6167540550,0.6320049763,0.5396934126,0.5315250369,average,0.6167540550,0.5396934126,
O1/0354/2,,videos/sample_001413_O1__0354__2.pt,ok,0.6139296293,0.6314274669,0.5412198913,0.5318320862,average,0.6139296293,0.5412198913,
O1/0354/3,,videos/sample_001414_O1__0354__3.pt,ok,0.6156094074,0.6319126487,0.5403115251,0.5315741136,average,0.6156094074,0.5403115251,
O1/0354/4,,videos/sample_001415_O1__0354__4.pt,ok,0.6156793237,0.6320347190,0.5402737499,0.5315092281,average,0.6156793237,0.5402737499,
O1/0355/1,,videos/sample_001416_O1__0355__1.pt,ok,0.5716112852,0.6044939756,0.5646149497,0.5463508235,average,0.5716112852,0.5646149497,
O1/0355/2,,videos/sample_001417_O1__0355__2.pt,ok,0.5623291135,0.5957883596,0.5698802013,0.5511279076,average,0.5623291135,0.5698802013,
O1/0355/3,,videos/sample_001418_O1__0355__3.pt,ok,0.5709492564,0.6057009697,0.5649888648,0.5456917791,average,0.5709492564,0.5649888648,
O1/0355/4,,videos/sample_001419_O1__0355__4.pt,ok,0.5731347799,0.6074889302,0.5637554167,0.5447169755,average,0.5731347799,0.5637554167,
O1/0356/1,,videos/sample_001420_O1__0356__1.pt,ok,0.5822458863,0.6058561802,0.5586423095,0.5456070886,average,0.5822458863,0.5586423095,
O1/0356/2,,videos/sample_001421_O1__0356__2.pt,ok,0.5804805756,0.6007472873,0.5596293577,0.5484016693,average,0.5804805756,0.5596293577,
O1/0356/3,,videos/sample_001422_O1__0356__3.pt,ok,0.5823649168,0.6058133841,0.5585758180,0.5456304390,average,0.5823649168,0.5585758180,
O1/0356/4,,videos/sample_001423_O1__0356__4.pt,ok,0.5810255408,0.6015260816,0.5593244623,0.5479747435,average,0.5810255408,0.5593244623,
O1/0357/1,,videos/sample_001424_O1__0357__1.pt,ok,0.6231864691,0.6495019794,0.5362330224,0.5223058311,average,0.6231864691,0.5362330224,
O1/0357/2,,videos/sample_001425_O1__0357__2.pt,ok,0.6230905652,0.6495019794,0.5362844517,0.5223058311,average,0.6230905652,0.5362844517,
O1/0357/3,,videos/sample_001426_O1__0357__3.pt,ok,0.6228471994,0.6501853466,0.5364149809,0.5219490263,average,0.6228471994,0.5364149809,
O1/0357/4,,videos/sample_001427_O1__0357__4.pt,ok,0.6235564351,0.6501853466,0.5360346711,0.5219490263,average,0.6235564351,0.5360346711,
O1/0358/1,,videos/sample_001428_O1__0358__1.pt,ok,0.5731617808,0.6080136299,0.5637401950,0.5444312376,average,0.5731617808,0.5637401950,
O1/0358/2,,videos/sample_001429_O1__0358__2.pt,ok,0.5728116035,0.6083478928,0.5639376385,0.5442492849,average,0.5728116035,0.5639376385,
O1/0358/3,,videos/sample_001430_O1__0358__3.pt,ok,0.5724279284,0.6053899527,0.5641540489,0.5458615250,average,0.5724279284,0.5641540489,
O1/0358/4,,videos/sample_001431_O1__0358__4.pt,ok,0.5688553452,0.6038343906,0.5661731407,0.5467113072,average,0.5688553452,0.5661731407,
O1/0359/1,,videos/sample_001432_O1__0359__1.pt,ok,0.5787242651,0.6046890020,0.5606131043,0.5462442811,average,0.5787242651,0.5606131043,
O1/0359/2,,videos/sample_001433_O1__0359__2.pt,ok,0.5784518719,0.6065973639,0.5607658323,0.5452028433,average,0.5784518719,0.5607658323,
O1/0359/3,,videos/sample_001434_O1__0359__3.pt,ok,0.5788754821,0.6054183841,0.5605283365,0.5458460056,average,0.5788754821,0.5605283365,
O1/0359/4,,videos/sample_001435_O1__0359__4.pt,ok,0.5770218372,0.6047742367,0.5615683205,0.5461977241,average,0.5770218372,0.5615683205,
O1/0360/1,,videos/sample_001436_O1__0360__1.pt,ok,0.6180140972,0.6423846483,0.5390138044,0.5260365151,average,0.6180140972,0.5390138044,
O1/0360/2,,videos/sample_001437_O1__0360__2.pt,ok,0.6182702184,0.6419991255,0.5388757693,0.5262393533,average,0.6182702184,0.5388757693,
O1/0360/3,,videos/sample_001438_O1__0360__3.pt,ok,0.6168066859,0.6419991255,0.5396650088,0.5262393533,average,0.6168066859,0.5396650088,
O1/0360/4,,videos/sample_001439_O1__0360__4.pt,ok,0.6185759306,0.6423846483,0.5387110535,0.5260365151,average,0.6185759306,0.5387110535,
O1/0361/1,,videos/sample_001440_O1__0361__1.pt,ok,0.5774825811,0.6091582775,0.5613096409,0.5438084123,average,0.5774825811,0.5613096409,
O1/0361/2,,videos/sample_001441_O1__0361__2.pt,ok,0.5772540569,0.6120328307,0.5614379284,0.5422474507,average,0.5772540569,0.5614379284,
O1/0361/3,,videos/sample_001442_O1__0361__3.pt,ok,0.5791814923,0.6120346785,0.5603568353,0.5422464487,average,0.5791814923,0.5603568353,
O1/0361/4,,videos/sample_001443_O1__0361__4.pt,ok,0.5730454922,0.6060340405,0.5638057554,0.5455100554,average,0.5730454922,0.5638057554,
O1/0362/1,,videos/sample_001444_O1__0362__1.pt,ok,0.5843613148,0.6138581038,0.5574617907,0.5412586037,average,0.5843613148,0.5574617907,
O1/0362/2,,videos/sample_001445_O1__0362__2.pt,ok,0.5849642754,0.6248896718,0.5571257646,0.5353204862,average,0.5849642754,0.5571257646,
O1/0362/3,,videos/sample_001446_O1__0362__3.pt,ok,0.5868518949,0.6188419461,0.5560751150,0.5385677671,average,0.5868518949,0.5560751150,
O1/0362/4,,videos/sample_001447_O1__0362__4.pt,ok,0.5768500566,0.6085872650,0.5616647953,0.5441190223,average,0.5768500566,0.5616647953,
O1/0363/1,,videos/sample_001448_O1__0363__1.pt,ok,0.6151272058,0.6413967013,0.5405721270,0.5265564681,average,0.6151272058,0.5405721270,
O1/0363/2,,videos/sample_001449_O1__0363__2.pt,ok,0.6149177551,0.6413967013,0.5406853621,0.5265564681,average,0.6149177551,0.5406853621,
O1/0363/3,,videos/sample_001450_O1__0363__3.pt,ok,0.6149862409,0.6421962976,0.5406483341,0.5261356038,average,0.6149862409,0.5406483341,
O1/0363/4,,videos/sample_001451_O1__0363__4.pt,ok,0.6133785844,0.6421962976,0.5415182100,0.5261356038,average,0.6133785844,0.5415182100,
O1/0364/1,,videos/sample_001452_O1__0364__1.pt,ok,0.5880501270,0.6192814112,0.5554092070,0.5383311374,average,0.5880501270,0.5554092070,
O1/0364/2,,videos/sample_001453_O1__0364__2.pt,ok,0.5883494616,0.6194013357,0.5552429787,0.5382665821,average,0.5883494616,0.5552429787,
O1/0364/3,,videos/sample_001454_O1__0364__3.pt,ok,0.5879176259,0.6259172559,0.5554828042,0.5347706819,average,0.5879176259,0.5554828042,
O1/0364/4,,videos/sample_001455_O1__0364__4.pt,ok,0.5804900527,0.6108180285,0.5596240541,0.5429065744,average,0.5804900527,0.5596240541,
O1/0365/1,,videos/sample_001456_O1__0365__1.pt,ok,0.6222764254,0.6367092133,0.5367212400,0.5290304892,average,0.6222764254,0.5367212400,
O1/0365/2,,videos/sample_001457_O1__0365__2.pt,ok,0.6217857003,0.6352543235,0.5369846872,0.5298007304,average,0.6217857003,0.5369846872,
O1/0365/3,,videos/sample_001458_O1__0365__3.pt,ok,0.6212341189,0.6356112361,0.5372809597,0.5296116716,average,0.6212341189,0.5372809597,
O1/0365/4,,videos/sample_001459_O1__0365__4.pt,ok,0.6207624674,0.6351632476,0.5375344288,0.5298489847,average,0.6207624674,0.5375344288,
O1/0366/1,,videos/sample_001460_O1__0366__1.pt,ok,0.5574772358,0.5946471691,0.5726519088,0.5517572085,average,0.5574772358,0.5726519088,
O1/0366/2,,videos/sample_001461_O1__0366__2.pt,ok,0.5645206571,0.6031138897,0.5686326515,0.5471053552,average,0.5645206571,0.5686326515,
O1/0366/3,,videos/sample_001462_O1__0366__3.pt,ok,0.5646802187,0.6037563086,0.5685419268,0.5467539972,average,0.5646802187,0.5685419268,
O1/0366/4,,videos/sample_001463_O1__0366__4.pt,ok,0.5632869005,0.6060302258,0.5693346387,0.5455121364,average,0.5632869005,0.5693346387,
O1/0367/1,,videos/sample_001464_O1__0367__1.pt,ok,0.6074060798,0.6248034835,0.5447621074,0.5353666266,average,0.6074060798,0.5447621074,
O1/0367/2,,videos/sample_001465_O1__0367__2.pt,ok,0.6086890101,0.6252916455,0.5440636637,0.5351053447,average,0.6086890101,0.5440636637,
O1/0367/3,,videos/sample_001466_O1__0367__3.pt,ok,0.6073970795,0.6245198846,0.5447670105,0.5355184775,average,0.6073970795,0.5447670105,
O1/0367/4,,videos/sample_001467_O1__0367__4.pt,ok,0.6081374884,0.6248034835,0.5443638094,0.5353666266,average,0.6081374884,0.5443638094,
O1/0368/1,,videos/sample_001468_O1__0368__1.pt,ok,0.6317076087,0.6490471959,0.5316831187,0.5225434212,average,0.6317076087,0.5316831187,
O1/0368/2,,videos/sample_001469_O1__0368__2.pt,ok,0.6312623024,0.6480894089,0.5319199332,0.5230441462,average,0.6312623024,0.5319199332,
O1/0368/3,,videos/sample_001470_O1__0368__3.pt,ok,0.6307404041,0.6480894089,0.5321976138,0.5230441462,average,0.6307404041,0.5321976138,
O1/0368/4,,videos/sample_001471_O1__0368__4.pt,ok,0.6316677928,0.6490471959,0.5317042885,0.5225434212,average,0.6316677928,0.5317042885,
O1/0369/1,,videos/sample_001472_O1__0369__1.pt,ok,0.5941691399,0.6218770146,0.5520210276,0.5369356551,average,0.5941691399,0.5520210276,
O1/0369/2,,videos/sample_001473_O1__0369__2.pt,ok,0.6023656130,0.6289701462,0.5475148946,0.5331405752,average,0.6023656130,0.5475148946,
O1/0369/3,,videos/sample_001474_O1__0369__3.pt,ok,0.5995945930,0.6330475807,0.5490341733,0.5309711553,average,0.5995945930,0.5490341733,
O1/0369/4,,videos/sample_001475_O1__0369__4.pt,ok,0.6020233035,0.6281302571,0.5477023462,0.5335885423,average,0.6020233035,0.5477023462,
O1/0370/1,,videos/sample_001476_O1__0370__1.pt,ok,0.5673618317,0.6077278852,0.5670193597,0.5445868282,average,0.5673618317,0.5670193597,
O1/0370/2,,videos/sample_001477_O1__0370__2.pt,ok,0.5677605867,0.5998407602,0.5667933030,0.5488990357,average,0.5677605867,0.5667933030,
O1/0370/3,,videos/sample_001478_O1__0370__3.pt,ok,0.5651100874,0.5968365073,0.5682975809,0.5505505468,average,0.5651100874,0.5682975809,
O1/0370/4,,videos/sample_001479_O1__0370__4.pt,ok,0.5529202819,0.5731487870,0.5752674120,0.5637475202,average,0.5529202819,0.5752674120,
O1/0371/1,,videos/sample_001480_O1__0371__1.pt,ok,0.5761991143,0.6093887687,0.5620305257,0.5436830837,average,0.5761991143,0.5620305257,
O1/0371/2,,videos/sample_001481_O1__0371__2.pt,ok,0.5735405684,0.6069821715,0.5635266977,0.5449930855,average,0.5735405684,0.5635266977,
O1/0371/3,,videos/sample_001482_O1__0371__3.pt,ok,0.5769870877,0.6097937226,0.5615878351,0.5434629616,average,0.5769870877,0.5615878351,
O1/0371/4,,videos/sample_001483_O1__0371__4.pt,ok,0.5765876174,0.6095905900,0.5618122175,0.5435733679,average,0.5765876174,0.5618122175,
O1/0372/1,,videos/sample_001484_O1__0372__1.pt,ok,0.5600746870,0.5783303976,0.5711664035,0.5608339550,average,0.5600746870,0.5711664035,
O1/0372/2,,videos/sample_001485_O1__0372__2.pt,ok,0.5651026368,0.5921808481,0.5683018151,0.5531196984,average,0.5651026368,0.5683018151,
O1/0372/3,,videos/sample_001486_O1__0372__3.pt,ok,0.5678434968,0.5950250030,0.5667463121,0.5515487753,average,0.5678434968,0.5667463121,
O1/0372/4,,videos/sample_001487_O1__0372__4.pt,ok,0.5656357408,0.5837858915,0.5679989319,0.5577826595,average,0.5656357408,0.5679989319,
O1/0373/1,,videos/sample_001488_O1__0373__1.pt,ok,0.5661972165,0.5976863503,0.5676801038,0.5500828640,average,0.5661972165,0.5676801038,
O1/0373/2,,videos/sample_001489_O1__0373__2.pt,ok,0.5652434826,0.5983491540,0.5682217778,0.5497183878,average,0.5652434826,0.5682217778,
O1/0373/3,,videos/sample_001490_O1__0373__3.pt,ok,0.5517289042,0.5715144277,0.5759531812,0.5646696395,average,0.5517289042,0.5759531812,
O1/0373/4,,videos/sample_001491_O1__0373__4.pt,ok,0.5670983791,0.5998244882,0.5671687621,0.5489079675,average,0.5670983791,0.5671687621,
O1/0374/1,,videos/sample_001492_O1__0374__1.pt,ok,0.6202256083,0.6432029009,0.5378230865,0.5256062604,average,0.6202256083,0.5378230865,
O1/0374/2,,videos/sample_001493_O1__0374__2.pt,ok,0.6197316051,0.6436039209,0.5380888385,0.5253955240,average,0.6197316051,0.5380888385,
O1/0374/3,,videos/sample_001494_O1__0374__3.pt,ok,0.6186377406,0.6436039209,0.5386777568,0.5253955240,average,0.6186377406,0.5386777568,
O1/0374/4,,videos/sample_001495_O1__0374__4.pt,ok,0.6198548675,0.6432029009,0.5380225165,0.5256062604,average,0.6198548675,0.5380225165,
O1/0375/1,,videos/sample_001496_O1__0375__1.pt,ok,0.6125635505,0.6305884123,0.5419597456,0.5322785096,average,0.6125635505,0.5419597456,
O1/0375/2,,videos/sample_001497_O1__0375__2.pt,ok,0.6131293178,0.6315523982,0.5416532092,0.5317656479,average,0.6131293178,0.5416532092,
O1/0375/3,,videos/sample_001498_O1__0375__3.pt,ok,0.6143354774,0.6315523982,0.5410002828,0.5317656479,average,0.6143354774,0.5410002828,
O1/0375/4,,videos/sample_001499_O1__0375__4.pt,ok,0.6143624187,0.6305884123,0.5409857078,0.5322785096,average,0.6143624187,0.5409857078,
O1/0376/1,,videos/sample_001500_O1__0376__1.pt,ok,0.6237729192,0.6360000372,0.5359186407,0.5294057980,average,0.6237729192,0.5359186407,
O1/0376/2,,videos/sample_001501_O1__0376__2.pt,ok,0.6224840283,0.6351957917,0.5366098267,0.5298317415,average,0.6224840283,0.5366098267,
O1/0376/3,,videos/sample_001502_O1__0376__3.pt,ok,0.6241549850,0.6360000372,0.5357139236,0.5294057980,average,0.6241549850,0.5357139236,
O1/0376/4,,videos/sample_001503_O1__0376__4.pt,ok,0.6234209538,0.6351957917,0.5361072987,0.5298317415,average,0.6234209538,0.5361072987,
O1/0377/1,,videos/sample_001504_O1__0377__1.pt,ok,0.5664782524,0.6045628786,0.5675205877,0.5463131796,average,0.5664782524,0.5675205877,
O1/0377/2,,videos/sample_001505_O1__0377__2.pt,ok,0.5646880269,0.6063952446,0.5685374875,0.5453130505,average,0.5646880269,0.5685374875,
O1/0377/3,,videos/sample_001506_O1__0377__3.pt,ok,0.5672003627,0.6049776673,0.5671109232,0.5460866221,average,0.5672003627,0.5671109232,
O1/0377/4,,videos/sample_001507_O1__0377__4.pt,ok,0.5609998107,0.6004739404,0.5706382483,0.5485515937,average,0.5609998107,0.5706382483,
O1/0378/1,,videos/sample_001508_O1__0378__1.pt,ok,0.6157612801,0.6309847832,0.5402294728,0.5320675717,average,0.6157612801,0.5402294728,
O1/0378/2,,videos/sample_001509_O1__0378__2.pt,ok,0.6147390008,0.6307405233,0.5407820206,0.5321975503,average,0.6147390008,0.5407820206,
O1/0378/3,,videos/sample_001510_O1__0378__3.pt,ok,0.6145512462,0.6309847832,0.5408835644,0.5320675717,average,0.6145512462,0.5408835644,
O1/0378/4,,videos/sample_001511_O1__0378__4.pt,ok,0.6133354902,0.6307405233,0.5415415467,0.5321975503,average,0.6133354902,0.5415415467,
O1/0379/1,,videos/sample_001512_O1__0379__1.pt,ok,0.5968649387,0.6161913872,0.5505348940,0.5399971662,average,0.5968649387,0.5505348940,
O1/0379/2,,videos/sample_001513_O1__0379__2.pt,ok,0.5953959823,0.6139298081,0.5513442001,0.5412197945,average,0.5953959823,0.5513442001,
O1/0379/3,,videos/sample_001514_O1__0379__3.pt,ok,0.5966195464,0.6159004569,0.5506700077,0.5401542906,average,0.5966195464,0.5506700077,
O1/0379/4,,videos/sample_001515_O1__0379__4.pt,ok,0.5964356065,0.6146516204,0.5507713072,0.5408292764,average,0.5964356065,0.5507713072,
O1/0380/1,,videos/sample_001516_O1__0380__1.pt,ok,0.6177613139,0.6312485337,0.5391500753,0.5319272571,average,0.6177613139,0.5391500753,
O1/0380/2,,videos/sample_001517_O1__0380__2.pt,ok,0.6191723347,0.6320832968,0.5383898599,0.5314834092,average,0.6191723347,0.5383898599,
O1/0380/3,,videos/sample_001518_O1__0380__3.pt,ok,0.6195292473,0.6347239017,0.5381977360,0.5300818228,average,0.6195292473,0.5381977360,
O1/0380/4,,videos/sample_001519_O1__0380__4.pt,ok,0.6186437011,0.6343042254,0.5386745461,0.5303043322,average,0.6186437011,0.5386745461,
O1/0381/1,,videos/sample_001520_O1__0381__1.pt,ok,0.5669875145,0.5938345790,0.5672316446,0.5522057432,average,0.5669875145,0.5672316446,
O1/0381/2,,videos/sample_001521_O1__0381__2.pt,ok,0.5659840107,0.5875537992,0.5678011494,0.5556849405,average,0.5659840107,0.5678011494,
O1/0381/3,,videos/sample_001522_O1__0381__3.pt,ok,0.5651234984,0.5853745937,0.5682899595,0.5568972125,average,0.5651234984,0.5682899595,
O1/0381/4,,videos/sample_001523_O1__0381__4.pt,ok,0.5666278005,0.5934714675,0.5674357224,0.5524062918,average,0.5666278005,0.5674357224,
O1/0382/1,,videos/sample_001524_O1__0382__1.pt,ok,0.5847073793,0.6065381169,0.5572689064,0.5452351459,average,0.5847073793,0.5572689064,
O1/0382/2,,videos/sample_001525_O1__0382__2.pt,ok,0.5837699771,0.6065381169,0.5577915364,0.5452351459,average,0.5837699771,0.5577915364,
O1/0382/3,,videos/sample_001526_O1__0382__3.pt,ok,0.5844974518,0.6066254973,0.5573859047,0.5451875052,average,0.5844974518,0.5573859047,
O1/0382/4,,videos/sample_001527_O1__0382__4.pt,ok,0.5853104591,0.6066254973,0.5569329301,0.5451875052,average,0.5853104591,0.5569329301,
O1/0383/1,,videos/sample_001528_O1__0383__1.pt,ok,0.5753957629,0.6047865748,0.5624822151,0.5461909851,average,0.5753957629,0.5624822151,
O1/0383/2,,videos/sample_001529_O1__0383__2.pt,ok,0.5779232979,0.6085731983,0.5610623169,0.5441266763,average,0.5779232979,0.5610623169,
O1/0383/3,,videos/sample_001530_O1__0383__3.pt,ok,0.5767822266,0.6065944433,0.5617028944,0.5452044357,average,0.5767822266,0.5617028944,
O1/0383/4,,videos/sample_001531_O1__0383__4.pt,ok,0.5783844590,0.6082534790,0.5608036364,0.5443006720,average,0.5783844590,0.5608036364,
O1/0384/1,,videos/sample_001532_O1__0384__1.pt,ok,0.5474019051,0.5715727210,0.5784507297,0.5646367240,average,0.5474019051,0.5784507297,
O1/0384/2,,videos/sample_001533_O1__0384__2.pt,ok,0.5573938489,0.5955694914,0.5726996625,0.5512485452,average,0.5573938489,0.5726996625,
O1/0384/3,,videos/sample_001534_O1__0384__3.pt,ok,0.5549669266,0.5898100138,0.5740912480,0.5544326093,average,0.5549669266,0.5740912480,
O1/0384/4,,videos/sample_001535_O1__0384__4.pt,ok,0.5568900108,0.5897515416,0.5729882831,0.5544650291,average,0.5568900108,0.5729882831,
O1/0385/1,,videos/sample_001536_O1__0385__1.pt,ok,0.5682063103,0.5957349539,0.5665407262,0.5511573417,average,0.5682063103,0.5665407262,
O1/0385/2,,videos/sample_001537_O1__0385__2.pt,ok,0.5589978099,0.5789639354,0.5717818109,0.5604787581,average,0.5589978099,0.5717818109,
O1/0385/3,,videos/sample_001538_O1__0385__3.pt,ok,0.5671104193,0.5942682624,0.5671619334,0.5519663126,average,0.5671104193,0.5671619334,
O1/0385/4,,videos/sample_001539_O1__0385__4.pt,ok,0.5646819472,0.5955315232,0.5685409440,0.5512694755,average,0.5646819472,0.5685409440,
O1/0386/1,,videos/sample_001540_O1__0386__1.pt,ok,0.6253772378,0.6504461765,0.5350595458,0.5218129041,average,0.6253772378,0.5350595458,
O1/0386/2,,videos/sample_001541_O1__0386__2.pt,ok,0.6248660088,0.6504461765,0.5353331537,0.5218129041,average,0.6248660088,0.5353331537,
O1/0386/3,,videos/sample_001542_O1__0386__3.pt,ok,0.6234337091,0.6495900154,0.5361004605,0.5222598514,average,0.6234337091,0.5361004605,
O1/0386/4,,videos/sample_001543_O1__0386__4.pt,ok,0.6250271201,0.6495900154,0.5352469124,0.5222598514,average,0.6250271201,0.5352469124,
O1/0387/1,,videos/sample_001544_O1__0387__1.pt,ok,0.5896625519,0.6103588343,0.5545143730,0.5431559311,average,0.5896625519,0.5545143730,
O1/0387/2,,videos/sample_001545_O1__0387__2.pt,ok,0.5900959969,0.6110264659,0.5542740736,0.5427934241,average,0.5900959969,0.5542740736,
O1/0387/3,,videos/sample_001546_O1__0387__3.pt,ok,0.5907034874,0.6109170914,0.5539374596,0.5428527951,average,0.5907034874,0.5539374596,
O1/0387/4,,videos/sample_001547_O1__0387__4.pt,ok,0.5912066102,0.6135290265,0.5536588311,0.5414367489,average,0.5912066102,0.5536588311,
O1/0388/1,,videos/sample_001548_O1__0388__1.pt,ok,0.5690576434,0.6034817696,0.5660586165,0.5469041231,average,0.5690576434,0.5660586165,
O1/0388/2,,videos/sample_001549_O1__0388__2.pt,ok,0.5680081248,0.5988972187,0.5666530174,0.5494171891,average,0.5680081248,0.5666530174,
O1/0388/3,,videos/sample_001550_O1__0388__3.pt,ok,0.5589978099,0.5789639354,0.5717818109,0.5604787581,average,0.5589978099,0.5717818109,
O1/0388/4,,videos/sample_001551_O1__0388__4.pt,ok,0.5717297792,0.6031767130,0.5645480501,0.5470709853,average,0.5717297792,0.5645480501,
O1/0389/1,,videos/sample_001552_O1__0389__1.pt,ok,0.5643663406,0.5846951008,0.5687204076,0.5572757489,average,0.5643663406,0.5687204076,
O1/0389/2,,videos/sample_001553_O1__0389__2.pt,ok,0.5598610640,0.5802764297,0.5712884309,0.5597436154,average,0.5598610640,0.5712884309,
O1/0389/3,,videos/sample_001554_O1__0389__3.pt,ok,0.5611563325,0.5868588090,0.5705489380,0.5560712703,average,0.5611563325,0.5705489380,
O1/0389/4,,videos/sample_001555_O1__0389__4.pt,ok,0.5655205846,0.5906694531,0.5680643442,0.5539563128,average,0.5655205846,0.5680643442,
O1/0390/1,,videos/sample_001556_O1__0390__1.pt,ok,0.5658486485,0.5992135406,0.5678780134,0.5492434240,average,0.5658486485,0.5678780134,
O1/0390/2,,videos/sample_001557_O1__0390__2.pt,ok,0.5711138248,0.6099244952,0.5648958931,0.5433918962,average,0.5711138248,0.5648958931,
O1/0390/3,,videos/sample_001558_O1__0390__3.pt,ok,0.5690343380,0.6053606868,0.5660718089,0.5458775003,average,0.5690343380,0.5660718089,
O1/0390/4,,videos/sample_001559_O1__0390__4.pt,ok,0.5711417198,0.6064502597,0.5648801355,0.5452830509,average,0.5711417198,0.5648801355,
O1/0391/1,,videos/sample_001560_O1__0391__1.pt,ok,0.5576941371,0.5955364108,0.5725277134,0.5512667811,average,0.5576941371,0.5725277134,
O1/0391/2,,videos/sample_001561_O1__0391__2.pt,ok,0.5615175366,0.5959644318,0.5703428906,0.5510308778,average,0.5615175366,0.5703428906,
O1/0391/3,,videos/sample_001562_O1__0391__3.pt,ok,0.5603619814,0.5978077054,0.5710023342,0.5500161127,average,0.5603619814,0.5710023342,
O1/0391/4,,videos/sample_001563_O1__0391__4.pt,ok,0.5538307428,0.5892953873,0.5747438919,0.5547180084,average,0.5538307428,0.5747438919,
O1/0392/1,,videos/sample_001564_O1__0392__1.pt,ok,0.5689398646,0.5977974534,0.5661252901,0.5500217515,average,0.5689398646,0.5661252901,
O1/0392/2,,videos/sample_001565_O1__0392__2.pt,ok,0.5776373744,0.6107625365,0.5612227607,0.5429367021,average,0.5776373744,0.5612227607,
O1/0392/3,,videos/sample_001566_O1__0392__3.pt,ok,0.5781610608,0.6083254814,0.5609289329,0.5442614824,average,0.5781610608,0.5609289329,
O1/0392/4,,videos/sample_001567_O1__0392__4.pt,ok,0.5768562555,0.6046230793,0.5616613136,0.5462802922,average,0.5768562555,0.5616613136,
O1/0393/1,,videos/sample_001568_O1__0393__1.pt,ok,0.5834234953,0.6150842905,0.5579848345,0.5405953263,average,0.5834234953,0.5579848345,
O1/0393/2,,videos/sample_001569_O1__0393__2.pt,ok,0.5838001966,0.6157292128,0.5577746804,0.5402467968,average,0.5838001966,0.5577746804,
O1/0393/3,,videos/sample_001570_O1__0393__3.pt,ok,0.5783098936,0.6109675765,0.5608454545,0.5428253898,average,0.5783098936,0.5608454545,
O1/0393/4,,videos/sample_001571_O1__0393__4.pt,ok,0.5825638771,0.6137157679,0.5584646946,0.5413356497,average,0.5825638771,0.5584646946,
O1/0394/1,,videos/sample_001572_O1__0394__1.pt,ok,0.6210832000,0.6354840398,0.5373620517,0.5296790405,average,0.6210832000,0.5373620517,
O1/0394/2,,videos/sample_001573_O1__0394__2.pt,ok,0.6204767227,0.6350964308,0.5376880484,0.5298843887,average,0.6204767227,0.5376880484,
O1/0394/3,,videos/sample_001574_O1__0394__3.pt,ok,0.6221773624,0.6350964308,0.5367744118,0.5298843887,average,0.6221773624,0.5367744118,
O1/0394/4,,videos/sample_001575_O1__0394__4.pt,ok,0.6220166087,0.6354840398,0.5368607073,0.5296790405,average,0.6220166087,0.5368607073,
O1/0395/1,,videos/sample_001576_O1__0395__1.pt,ok,0.5722935796,0.6009409428,0.5642298474,0.5482954786,average,0.5722935796,0.5642298474,
O1/0395/2,,videos/sample_001577_O1__0395__2.pt,ok,0.5708855391,0.6009409428,0.5650248655,0.5482954786,average,0.5708855391,0.5650248655,
O1/0395/3,,videos/sample_001578_O1__0395__3.pt,ok,0.5762887001,0.6074525118,0.5619801780,0.5447368136,average,0.5762887001,0.5619801780,
O1/0395/4,,videos/sample_001579_O1__0395__4.pt,ok,0.5758898854,0.6074525118,0.5622043487,0.5447368136,average,0.5758898854,0.5622043487,
O1/0396/1,,videos/sample_001580_O1__0396__1.pt,ok,0.5602294207,0.5785669684,0.5710780317,0.5607012938,average,0.5602294207,0.5710780317,
O1/0396/2,,videos/sample_001581_O1__0396__2.pt,ok,0.5604339838,0.5780305266,0.5709612222,0.5610021581,average,0.5604339838,0.5709612222,
O1/0396/3,,videos/sample_001582_O1__0396__3.pt,ok,0.5623651147,0.5869507790,0.5698596852,0.5560201308,average,0.5623651147,0.5698596852,
O1/0396/4,,videos/sample_001583_O1__0396__4.pt,ok,0.5629548430,0.5885610580,0.5695237219,0.5551255037,average,0.5629548430,0.5695237219,
O1/0397/1,,videos/sample_001584_O1__0397__1.pt,ok,0.5635035634,0.5844997764,0.5692112984,0.5573846090,average,0.5635035634,0.5692112984,
O1/0397/2,,videos/sample_001585_O1__0397__2.pt,ok,0.5625315309,0.5856036544,0.5697648593,0.5567696639,average,0.5625315309,0.5697648593,
O1/0397/3,,videos/sample_001586_O1__0397__3.pt,ok,0.5624911785,0.5843482018,0.5697878511,0.5574691008,average,0.5624911785,0.5697878511,
O1/0397/4,,videos/sample_001587_O1__0397__4.pt,ok,0.5637836456,0.5864483714,0.5690518947,0.5562995497,average,0.5637836456,0.5690518947,
O1/0398/1,,videos/sample_001588_O1__0398__1.pt,ok,0.5976992249,0.6153873801,0.5500757819,0.5404315023,average,0.5976992249,0.5500757819,
O1/0398/2,,videos/sample_001589_O1__0398__2.pt,ok,0.5980507135,0.6158000231,0.5498824705,0.5402085431,average,0.5980507135,0.5498824705,
O1/0398/3,,videos/sample_001590_O1__0398__3.pt,ok,0.5971133113,0.6153873801,0.5503981733,0.5404315023,average,0.5971133113,0.5503981733,
O1/0398/4,,videos/sample_001591_O1__0398__4.pt,ok,0.5972488523,0.6156484485,0.5503235768,0.5402904312,average,0.5972488523,0.5503235768,
O1/0399/1,,videos/sample_001592_O1__0399__1.pt,ok,0.5674633384,0.6013143659,0.5669618064,0.5480907707,average,0.5674633384,0.5669618064,
O1/0399/2,,videos/sample_001593_O1__0399__2.pt,ok,0.5644962788,0.5966091156,0.5686465140,0.5506757516,average,0.5644962788,0.5686465140,
O1/0399/3,,videos/sample_001594_O1__0399__3.pt,ok,0.5664349794,0.5970661044,0.5675451465,0.5504241565,average,0.5664349794,0.5675451465,
O1/0399/4,,videos/sample_001595_O1__0399__4.pt,ok,0.5527851582,0.5721822381,0.5753451496,0.5642926731,average,0.5527851582,0.5753451496,
O1/0400/1,,videos/sample_001596_O1__0400__1.pt,ok,0.5572566390,0.5931634903,0.5727782480,0.5525764466,average,0.5572566390,0.5727782480,
O1/0400/2,,videos/sample_001597_O1__0400__2.pt,ok,0.5419775844,0.5662907362,0.5815969573,0.5676270170,average,0.5419775844,0.5815969573,
O1/0400/3,,videos/sample_001598_O1__0400__3.pt,ok,0.5570663810,0.5925858617,0.5728872340,0.5528957228,average,0.5570663810,0.5728872340,
O1/0400/4,,videos/sample_001599_O1__0400__4.pt,ok,0.5561827421,0.5955612659,0.5733936831,0.5512530794,average,0.5561827421,0.5733936831,
O1/0401/1,,videos/sample_001600_O1__0401__1.pt,ok,0.6353684664,0.6561461687,0.5297402609,0.5188470354,average,0.6353684664,0.5297402609,
O1/0401/2,,videos/sample_001601_O1__0401__2.pt,ok,0.6358346343,0.6534407735,0.5294933705,0.5202526222,average,0.6358346343,0.5294933705,
O1/0401/3,,videos/sample_001602_O1__0401__3.pt,ok,0.6342877746,0.6561461687,0.5303130563,0.5188470354,average,0.6342877746,0.5303130563,
O1/0401/4,,videos/sample_001603_O1__0401__4.pt,ok,0.6358819008,0.6534407735,0.5294683438,0.5202526222,average,0.6358819008,0.5294683438,
O1/0402/1,,videos/sample_001604_O1__0402__1.pt,ok,0.5974905491,0.6186212897,0.5501905814,0.5386866186,average,0.5974905491,0.5501905814,
O1/0402/2,,videos/sample_001605_O1__0402__2.pt,ok,0.5976136923,0.6186491847,0.5501228334,0.5386715922,average,0.5976136923,0.5501228334,
O1/0402/3,,videos/sample_001606_O1__0402__3.pt,ok,0.5967678428,0.6181488037,0.5505883514,0.5389412007,average,0.5967678428,0.5505883514,
O1/0402/4,,videos/sample_001607_O1__0402__4.pt,ok,0.5978891253,0.6182326078,0.5499713322,0.5388960371,average,0.5978891253,0.5499713322,
O1/0403/1,,videos/sample_001608_O1__0403__1.pt,ok,0.5630644560,0.5908610225,0.5694612982,0.5538502019,average,0.5630644560,0.5694612982,
O1/0403/2,,videos/sample_001609_O1__0403__2.pt,ok,0.5607658625,0.5884360075,0.5707717637,0.5551949268,average,0.5607658625,0.5707717637,
O1/0403/3,,videos/sample_001610_O1__0403__3.pt,ok,0.5592734218,0.5800204277,0.5716242427,0.5598869292,average,0.5592734218,0.5716242427,
O1/0403/4,,videos/sample_001611_O1__0403__4.pt,ok,0.5572212934,0.5772408247,0.5727984935,0.5614453575,average,0.5572212934,0.5727984935,
O1/0404/1,,videos/sample_001612_O1__0404__1.pt,ok,0.6197295189,0.6443657875,0.5380899611,0.5249953952,average,0.6197295189,0.5380899611,
O1/0404/2,,videos/sample_001613_O1__0404__2.pt,ok,0.6209552288,0.6446682215,0.5374308229,0.5248366428,average,0.6209552288,0.5374308229,
O1/0404/3,,videos/sample_001614_O1__0404__3.pt,ok,0.6202251911,0.6446682215,0.5378233109,0.5248366428,average,0.6202251911,0.5378233109,
O1/0404/4,,videos/sample_001615_O1__0404__4.pt,ok,0.6202600002,0.6443657875,0.5378045901,0.5249953952,average,0.6202600002,0.5378045901,
O1/0405/1,,videos/sample_001616_O1__0405__1.pt,ok,0.5818741918,0.6192756891,0.5588499924,0.5383342177,average,0.5818741918,0.5588499924,
O1/0405/2,,videos/sample_001617_O1__0405__2.pt,ok,0.5821095109,0.6157792211,0.5587184998,0.5402197806,average,0.5821095109,0.5587184998,
O1/0405/3,,videos/sample_001618_O1__0405__3.pt,ok,0.5772283673,0.6136121154,0.5614523517,0.5413917634,average,0.5772283673,0.5614523517,
O1/0405/4,,videos/sample_001619_O1__0405__4.pt,ok,0.5831944346,0.6186819673,0.5581126615,0.5386539334,average,0.5831944346,0.5581126615,
O1/0406/1,,videos/sample_001620_O1__0406__1.pt,ok,0.6205142140,0.6334922910,0.5376678901,0.5307350795,average,0.6205142140,0.5376678901,
O1/0406/2,,videos/sample_001621_O1__0406__2.pt,ok,0.6197345853,0.6334922910,0.5380872349,0.5307350795,average,0.6197345853,0.5380872349,
O1/0406/3,,videos/sample_001622_O1__0406__3.pt,ok,0.6205369234,0.6340010166,0.5376556802,0.5304651496,average,0.6205369234,0.5376556802,
O1/0406/4,,videos/sample_001623_O1__0406__4.pt,ok,0.6193819642,0.6340010166,0.5382770093,0.5304651496,average,0.6193819642,0.5382770093,
O1/0407/1,,videos/sample_001624_O1__0407__1.pt,ok,0.5665014982,0.5976258516,0.5675073954,0.5501161443,average,0.5665014982,0.5675073954,
O1/0407/2,,videos/sample_001625_O1__0407__2.pt,ok,0.5663658381,0.5951344967,0.5675843887,0.5514883875,average,0.5663658381,0.5675843887,
O1/0407/3,,videos/sample_001626_O1__0407__3.pt,ok,0.5637703538,0.5860526562,0.5690594585,0.5565197294,average,0.5637703538,0.5690594585,
O1/0407/4,,videos/sample_001627_O1__0407__4.pt,ok,0.5633563995,0.5851389170,0.5692950719,0.5570284757,average,0.5633563995,0.5692950719,
O1/0408/1,,videos/sample_001628_O1__0408__1.pt,ok,0.6201943159,0.6319324374,0.5378399166,0.5315635945,average,0.6201943159,0.5378399166,
O1/0408/2,,videos/sample_001629_O1__0408__2.pt,ok,0.6202672720,0.6332025528,0.5378006793,0.5308888760,average,0.6202672720,0.5378006793,
O1/0408/3,,videos/sample_001630_O1__0408__3.pt,ok,0.6193441749,0.6332025528,0.5382973508,0.5308888760,average,0.6193441749,0.5382973508,
O1/0408/4,,videos/sample_001631_O1__0408__4.pt,ok,0.6191817522,0.6318498850,0.5383847896,0.5316074782,average,0.6191817522,0.5383847896,
O1/0409/1,,videos/sample_001632_O1__0409__1.pt,ok,0.5877760649,0.6234915853,0.5555614445,0.5360694340,average,0.5877760649,0.5555614445,
O1/0409/2,,videos/sample_001633_O1__0409__2.pt,ok,0.5878165960,0.6235060692,0.5555389274,0.5360616697,average,0.5878165960,0.5555389274,
O1/0409/3,,videos/sample_001634_O1__0409__3.pt,ok,0.5839872956,0.6240650415,0.5576703311,0.5357621097,average,0.5839872956,0.5576703311,
O1/0409/4,,videos/sample_001635_O1__0409__4.pt,ok,0.5766768456,0.6150609851,0.5617620903,0.5406079253,average,0.5766768456,0.5617620903,
O1/0410/1,,videos/sample_001636_O1__0410__1.pt,ok,0.5565731525,0.5916873813,0.5731698679,0.5533927120,average,0.5565731525,0.5731698679,
O1/0410/2,,videos/sample_001637_O1__0410__2.pt,ok,0.5437800288,0.5681760311,0.5805496053,0.5665578808,average,0.5437800288,0.5805496053,
O1/0410/3,,videos/sample_001638_O1__0410__3.pt,ok,0.5572066903,0.5937064886,0.5728068582,0.5522764800,average,0.5572066903,0.5728068582,
O1/0410/4,,videos/sample_001639_O1__0410__4.pt,ok,0.5505617261,0.5854761600,0.5766258136,0.5568406534,average,0.5505617261,0.5766258136,
O1/0411/1,,videos/sample_001640_O1__0411__1.pt,ok,0.6217654347,0.6451099515,0.5369955696,0.5246048578,average,0.6217654347,0.5369955696,
O1/0411/2,,videos/sample_001641_O1__0411__2.pt,ok,0.6231497526,0.6453382969,0.5362527114,0.5244850804,average,0.6231497526,0.5362527114,
O1/0411/3,,videos/sample_001642_O1__0411__3.pt,ok,0.6204111576,0.6451099515,0.5377233031,0.5246048578,average,0.6204111576,0.5377233031,
O1/0411/4,,videos/sample_001643_O1__0411__4.pt,ok,0.6231530309,0.6453382969,0.5362509534,0.5244850804,average,0.6231530309,0.5362509534,
O1/0412/1,,videos/sample_001644_O1__0412__1.pt,ok,0.5768110156,0.5996169448,0.5616867237,0.5490219015,average,0.5768110156,0.5616867237,
O1/0412/2,,videos/sample_001645_O1__0412__2.pt,ok,0.5771505237,0.5996169448,0.5614960589,0.5490219015,average,0.5771505237,0.5614960589,
O1/0412/3,,videos/sample_001646_O1__0412__3.pt,ok,0.5769978166,0.5998976231,0.5615818099,0.5488678246,average,0.5769978166,0.5615818099,
O1/0412/4,,videos/sample_001647_O1__0412__4.pt,ok,0.5773249865,0.5998976231,0.5613981073,0.5488678246,average,0.5773249865,0.5613981073,
O1/0413/1,,videos/sample_001648_O1__0413__1.pt,ok,0.6227993965,0.6358649731,0.5364406237,0.5294773066,average,0.6227993965,0.5364406237,
O1/0413/2,,videos/sample_001649_O1__0413__2.pt,ok,0.6225848198,0.6353527904,0.5365557437,0.5297485652,average,0.6225848198,0.5365557437,
O1/0413/3,,videos/sample_001650_O1__0413__3.pt,ok,0.6222357154,0.6357503533,0.5367430904,0.5295379986,average,0.6222357154,0.5367430904,
O1/0413/4,,videos/sample_001651_O1__0413__4.pt,ok,0.6235830188,0.6353899837,0.5360204215,0.5297288624,average,0.6235830188,0.5360204215,
O1/0414/1,,videos/sample_001652_O1__0414__1.pt,ok,0.5673936605,0.5880755782,0.5670013124,0.5553950713,average,0.5673936605,0.5670013124,
O1/0414/2,,videos/sample_001653_O1__0414__2.pt,ok,0.5644515753,0.5914057493,0.5686719350,0.5535485870,average,0.5644515753,0.5686719350,
O1/0414/3,,videos/sample_001654_O1__0414__3.pt,ok,0.5673411489,0.5912223458,0.5670310874,0.5536501190,average,0.5673411489,0.5670310874,
O1/0414/4,,videos/sample_001655_O1__0414__4.pt,ok,0.5642081499,0.5851250887,0.5688103810,0.5570361785,average,0.5642081499,0.5688103810,
O1/0415/1,,videos/sample_001656_O1__0415__1.pt,ok,0.5798389912,0.5998464227,0.5599885224,0.5488959276,average,0.5798389912,0.5599885224,
O1/0415/2,,videos/sample_001657_O1__0415__2.pt,ok,0.5799313188,0.6001768708,0.5599368224,0.5487145759,average,0.5799313188,0.5599368224,
O1/0415/3,,videos/sample_001658_O1__0415__3.pt,ok,0.5813091397,0.6038200855,0.5591658610,0.5467191280,average,0.5813091397,0.5591658610,
O1/0415/4,,videos/sample_001659_O1__0415__4.pt,ok,0.5807883739,0.6018415093,0.5594571312,0.5478019243,average,0.5807883739,0.5594571312,
O1/0416/1,,videos/sample_001660_O1__0416__1.pt,ok,0.5779805183,0.6081691980,0.5610302135,0.5443465481,average,0.5779805183,0.5610302135,
O1/0416/2,,videos/sample_001661_O1__0416__2.pt,ok,0.5780765414,0.6095198989,0.5609763443,0.5436117951,average,0.5780765414,0.5609763443,
O1/0416/3,,videos/sample_001662_O1__0416__3.pt,ok,0.5762137175,0.6087261438,0.5620223184,0.5440434610,average,0.5762137175,0.5620223184,
O1/0416/4,,videos/sample_001663_O1__0416__4.pt,ok,0.5741888881,0.6038075089,0.5631614706,0.5467260039,average,0.5741888881,0.5631614706,
O1/0417/1,,videos/sample_001664_O1__0417__1.pt,ok,0.5846263766,0.6178867221,0.5573140485,0.5390824658,average,0.5846263766,0.5573140485,
O1/0417/2,,videos/sample_001665_O1__0417__2.pt,ok,0.5801116824,0.6118767858,0.5598358393,0.5423320722,average,0.5801116824,0.5598358393,
O1/0417/3,,videos/sample_001666_O1__0417__3.pt,ok,0.5827062130,0.6141853929,0.5583852107,0.5410814847,average,0.5827062130,0.5583852107,
O1/0417/4,,videos/sample_001667_O1__0417__4.pt,ok,0.5831524730,0.6164202690,0.5581360813,0.5398735848,average,0.5831524730,0.5581360813,
O1/0418/1,,videos/sample_001668_O1__0418__1.pt,ok,0.6320812702,0.6531090736,0.5314844863,0.5204252185,average,0.6320812702,0.5314844863,
O1/0418/2,,videos/sample_001669_O1__0418__2.pt,ok,0.6313998699,0.6509373784,0.5318467634,0.5215566516,average,0.6313998699,0.5318467634,
O1/0418/3,,videos/sample_001670_O1__0418__3.pt,ok,0.6312736273,0.6531090736,0.5319139093,0.5204252185,average,0.6312736273,0.5319139093,
O1/0418/4,,videos/sample_001671_O1__0418__4.pt,ok,0.6320573092,0.6509373784,0.5314972214,0.5215566516,average,0.6320573092,0.5314972214,
O1/0419/1,,videos/sample_001672_O1__0419__1.pt,ok,0.6228878498,0.6441338658,0.5363931758,0.5251171671,average,0.6228878498,0.5363931758,
O1/0419/2,,videos/sample_001673_O1__0419__2.pt,ok,0.6235449910,0.6449568272,0.5360408056,0.5246851938,average,0.6235449910,0.5360408056,
O1/0419/3,,videos/sample_001674_O1__0419__3.pt,ok,0.6235835552,0.6449568272,0.5360201340,0.5246851938,average,0.6235835552,0.5360201340,
O1/0419/4,,videos/sample_001675_O1__0419__4.pt,ok,0.6214616895,0.6441338658,0.5371587043,0.5251171671,average,0.6214616895,0.5371587043,
O1/0420/1,,videos/sample_001676_O1__0420__1.pt,ok,0.5685315132,0.6032197475,0.5663565154,0.5470474428,average,0.5685315132,0.5663565154,
O1/0420/2,,videos/sample_001677_O1__0420__2.pt,ok,0.5680143833,0.6045106649,0.5666494710,0.5463417054,average,0.5680143833,0.5666494710,
O1/0420/3,,videos/sample_001678_O1__0420__3.pt,ok,0.5606737137,0.5965414643,0.5708243621,0.5507130068,average,0.5606737137,0.5708243621,
O1/0420/4,,videos/sample_001679_O1__0420__4.pt,ok,0.5658361316,0.6007386446,0.5678851215,0.5484064090,average,0.5658361316,0.5678851215,
O1/0421/1,,videos/sample_001680_O1__0421__1.pt,ok,0.5668274164,0.5919192433,0.5673224645,0.5532644161,average,0.5668274164,0.5673224645,
O1/0421/2,,videos/sample_001681_O1__0421__2.pt,ok,0.5655334592,0.5891102552,0.5680570307,0.5548207140,average,0.5655334592,0.5680570307,
O1/0421/3,,videos/sample_001682_O1__0421__3.pt,ok,0.5670202971,0.5900030732,0.5672130496,0.5543255812,average,0.5670202971,0.5672130496,
O1/0421/4,,videos/sample_001683_O1__0421__4.pt,ok,0.5653738976,0.5867170095,0.5681476780,0.5561501265,average,0.5653738976,0.5681476780,
O1/0422/1,,videos/sample_001684_O1__0422__1.pt,ok,0.5452614427,0.5673838258,0.5796902078,0.5670068888,average,0.5452614427,0.5796902078,
O1/0422/2,,videos/sample_001685_O1__0422__2.pt,ok,0.5548664927,0.5861412287,0.5741489091,0.5564704393,average,0.5548664927,0.5741489091,
O1/0422/3,,videos/sample_001686_O1__0422__3.pt,ok,0.5508265495,0.5879039764,0.5764731298,0.5554903863,average,0.5508265495,0.5764731298,
O1/0422/4,,videos/sample_001687_O1__0422__4.pt,ok,0.5518306494,0.5738317370,0.5758945837,0.5633626402,average,0.5518306494,0.5758945837,
O1/0423/1,,videos/sample_001688_O1__0423__1.pt,ok,0.6230864525,0.6470903158,0.5362866573,0.5235669771,average,0.6230864525,0.5362866573,
O1/0423/2,,videos/sample_001689_O1__0423__2.pt,ok,0.6233740449,0.6474481821,0.5361324475,0.5233796437,average,0.6233740449,0.5361324475,
O1/0423/3,,videos/sample_001690_O1__0423__3.pt,ok,0.6228148341,0.6474481821,0.5364323424,0.5233796437,average,0.6228148341,0.5364323424,
O1/0423/4,,videos/sample_001691_O1__0423__4.pt,ok,0.6221692562,0.6470903158,0.5367787631,0.5235669771,average,0.6221692562,0.5367787631,
O1/0424/1,,videos/sample_001692_O1__0424__1.pt,ok,0.5619647503,0.5836209059,0.5700878825,0.5578746933,average,0.5619647503,0.5700878825,
O1/0424/2,,videos/sample_001693_O1__0424__2.pt,ok,0.5702521801,0.6007270813,0.5653828424,0.5484127504,average,0.5702521801,0.5653828424,
O1/0424/3,,videos/sample_001694_O1__0424__3.pt,ok,0.5720631480,0.6017236114,0.5643598788,0.5478665129,average,0.5720631480,0.5643598788,
O1/0424/4,,videos/sample_001695_O1__0424__4.pt,ok,0.5715816617,0.6000490189,0.5646316758,0.5487847346,average,0.5715816617,0.5646316758,
O1/0425/1,,videos/sample_001696_O1__0425__1.pt,ok,0.6266878247,0.6474748850,0.5343587630,0.5233656681,average,0.6266878247,0.5343587630,
O1/0425/2,,videos/sample_001697_O1__0425__2.pt,ok,0.6252980828,0.6479421258,0.5351019001,0.5231211874,average,0.6252980828,0.5351019001,
O1/0425/3,,videos/sample_001698_O1__0425__3.pt,ok,0.6269833446,0.6474748850,0.5342008728,0.5233656681,average,0.6269833446,0.5342008728,
O1/0425/4,,videos/sample_001699_O1__0425__4.pt,ok,0.6263021827,0.6479421258,0.5345648740,0.5231211874,average,0.6263021827,0.5345648740,
O1/0426/1,,videos/sample_001700_O1__0426__1.pt,ok,0.5846520662,0.6066057086,0.5572997315,0.5451982938,average,0.5846520662,0.5572997315,
O1/0426/2,,videos/sample_001701_O1__0426__2.pt,ok,0.5849593878,0.6056658030,0.5571284876,0.5457109697,average,0.5849593878,0.5571284876,
O1/0426/3,,videos/sample_001702_O1__0426__3.pt,ok,0.5841586590,0.6056658030,0.5575747751,0.5457109697,average,0.5841586590,0.5575747751,
O1/0426/4,,videos/sample_001703_O1__0426__4.pt,ok,0.5853054523,0.6066057086,0.5569357185,0.5451982938,average,0.5853054523,0.5569357185,
O1/0427/1,,videos/sample_001704_O1__0427__1.pt,ok,0.5747253895,0.6066852808,0.5628594147,0.5451549129,average,0.5747253895,0.5628594147,
O1/0427/2,,videos/sample_001705_O1__0427__2.pt,ok,0.5672314167,0.6013480425,0.5670933124,0.5480723131,average,0.5672314167,0.5670933124,
O1/0427/3,,videos/sample_001706_O1__0427__3.pt,ok,0.5758849978,0.6101830602,0.5622070965,0.5432514123,average,0.5758849978,0.5622070965,
O1/0427/4,,videos/sample_001707_O1__0427__4.pt,ok,0.5733687282,0.6088369489,0.5636235425,0.5439831816,average,0.5733687282,0.5636235425,
O1/0428/1,,videos/sample_001708_O1__0428__1.pt,ok,0.6210361719,0.6350259781,0.5373873234,0.5299217218,average,0.6210361719,0.5373873234,
O1/0428/2,,videos/sample_001709_O1__0428__2.pt,ok,0.6223783493,0.6357353330,0.5366665381,0.5295459525,average,0.6223783493,0.5366665381,
O1/0428/3,,videos/sample_001710_O1__0428__3.pt,ok,0.6205428243,0.6351251602,0.5376525075,0.5298691656,average,0.6205428243,0.5376525075,
O1/0428/4,,videos/sample_001711_O1__0428__4.pt,ok,0.6218547225,0.6350259781,0.5369476246,0.5299217218,average,0.6218547225,0.5369476246,
O1/0429/1,,videos/sample_001712_O1__0429__1.pt,ok,0.6224979162,0.6361851692,0.5366023743,0.5293077971,average,0.6224979162,0.5366023743,
O1/0429/2,,videos/sample_001713_O1__0429__2.pt,ok,0.6218566298,0.6354861259,0.5369466005,0.5296779355,average,0.6218566298,0.5369466005,
O1/0429/3,,videos/sample_001714_O1__0429__3.pt,ok,0.6210029721,0.6353114247,0.5374051648,0.5297704790,average,0.6210029721,0.5374051648,
O1/0429/4,,videos/sample_001715_O1__0429__4.pt,ok,0.6224884391,0.6357009411,0.5366074598,0.5295641649,average,0.6224884391,0.5366074598,
O1/0430/1,,videos/sample_001716_O1__0430__1.pt,ok,0.6177616119,0.6315002441,0.5391499147,0.5317933823,average,0.6177616119,0.5391499147,
O1/0430/2,,videos/sample_001717_O1__0430__2.pt,ok,0.6160528064,0.6317617297,0.5400720046,0.5316543442,average,0.6160528064,0.5400720046,
O1/0430/3,,videos/sample_001718_O1__0430__3.pt,ok,0.6165273190,0.6315002441,0.5398157945,0.5317933823,average,0.6165273190,0.5398157945,
O1/0430/4,,videos/sample_001719_O1__0430__4.pt,ok,0.6175610423,0.6321887374,0.5392580626,0.5314273722,average,0.6175610423,0.5392580626,
O1/0431/1,,videos/sample_001720_O1__0431__1.pt,ok,0.6173532605,0.6412490010,0.5393701223,0.5266342464,average,0.6173532605,0.5393701223,
O1/0431/2,,videos/sample_001721_O1__0431__2.pt,ok,0.6176053882,0.6412490010,0.5392341493,0.5266342464,average,0.6176053882,0.5392341493,
O1/0431/3,,videos/sample_001722_O1__0431__3.pt,ok,0.6167496443,0.6415340900,0.5396957931,0.5264841301,average,0.6167496443,0.5396957931,
O1/0431/4,,videos/sample_001723_O1__0431__4.pt,ok,0.6174553633,0.6415340900,0.5393150539,0.5264841301,average,0.6174553633,0.5393150539,
O1/0432/1,,videos/sample_001724_O1__0432__1.pt,ok,0.6184493303,0.6323265433,0.5387792588,0.5313541434,average,0.6184493303,0.5387792588,
O1/0432/2,,videos/sample_001725_O1__0432__2.pt,ok,0.6192722321,0.6323265433,0.5383360788,0.5313541434,average,0.6192722321,0.5383360788,
O1/0432/3,,videos/sample_001726_O1__0432__3.pt,ok,0.6195666790,0.6327216625,0.5381775907,0.5311442366,average,0.6195666790,0.5381775907,
O1/0432/4,,videos/sample_001727_O1__0432__4.pt,ok,0.6189767122,0.6327216625,0.5384951913,0.5311442366,average,0.6189767122,0.5384951913,
O1/0433/1,,videos/sample_001728_O1__0433__1.pt,ok,0.6261388659,0.6413758993,0.5346521845,0.5265674216,average,0.6261388659,0.5346521845,
O1/0433/2,,videos/sample_001729_O1__0433__2.pt,ok,0.6273699403,0.6413758993,0.5339943929,0.5265674216,average,0.6273699403,0.5339943929,
O1/0433/3,,videos/sample_001730_O1__0433__3.pt,ok,0.6265428066,0.6412157416,0.5344362603,0.5266517622,average,0.6265428066,0.5344362603,
O1/0433/4,,videos/sample_001731_O1__0433__4.pt,ok,0.6275719404,0.6415877342,0.5338865368,0.5264558881,average,0.6275719404,0.5338865368,
O1/0434/1,,videos/sample_001732_O1__0434__1.pt,ok,0.5951032043,0.6127926707,0.5515056452,0.5418355858,average,0.5951032043,0.5515056452,
O1/0434/2,,videos/sample_001733_O1__0434__2.pt,ok,0.5952675939,0.6127926707,0.5514149909,0.5418355858,average,0.5952675939,0.5514149909,
O1/0434/3,,videos/sample_001734_O1__0434__3.pt,ok,0.5941568613,0.6124144197,0.5520278057,0.5420405745,average,0.5941568613,0.5520278057,
O1/0434/4,,videos/sample_001735_O1__0434__4.pt,ok,0.5942685008,0.6124144197,0.5519661810,0.5420405745,average,0.5942685008,0.5519661810,
O1/0435/1,,videos/sample_001736_O1__0435__1.pt,ok,0.6262851954,0.6496413350,0.5345739549,0.5222330499,average,0.6262851954,0.5345739549,
O1/0435/2,,videos/sample_001737_O1__0435__2.pt,ok,0.6262533665,0.6506810188,0.5345909700,0.5216903748,average,0.6262533665,0.5345909700,
O1/0435/3,,videos/sample_001738_O1__0435__3.pt,ok,0.6259078979,0.6496413350,0.5347756863,0.5222330499,average,0.6259078979,0.5347756863,
O1/0435/4,,videos/sample_001739_O1__0435__4.pt,ok,0.6258350015,0.6506810188,0.5348146710,0.5216903748,average,0.6258350015,0.5348146710,
O1/0436/1,,videos/sample_001740_O1__0436__1.pt,ok,0.5828503370,0.5993078947,0.5583047398,0.5491916030,average,0.5828503370,0.5583047398,
O1/0436/2,,videos/sample_001741_O1__0436__2.pt,ok,0.5834080577,0.6041281223,0.5579934485,0.5465507444,average,0.5834080577,0.5579934485,
O1/0436/3,,videos/sample_001742_O1__0436__3.pt,ok,0.5805519819,0.5974073410,0.5595893981,0.5502363636,average,0.5805519819,0.5595893981,
O1/0436/4,,videos/sample_001743_O1__0436__4.pt,ok,0.5838190913,0.6074107289,0.5577641416,0.5447595747,average,0.5838190913,0.5577641416,
O1/0437/1,,videos/sample_001744_O1__0437__1.pt,ok,0.5752222538,0.6066459417,0.5625798194,0.5451763592,average,0.5752222538,0.5625798194,
O1/0437/2,,videos/sample_001745_O1__0437__2.pt,ok,0.5746539831,0.6132794619,0.5628996079,0.5415718893,average,0.5746539831,0.5628996079,
O1/0437/3,,videos/sample_001746_O1__0437__3.pt,ok,0.5687492490,0.6001188755,0.5662332128,0.5487463997,average,0.5687492490,0.5662332128,
O1/0437/4,,videos/sample_001747_O1__0437__4.pt,ok,0.5768480301,0.6086165905,0.5616659336,0.5441030660,average,0.5768480301,0.5616659336,
O1/0438/1,,videos/sample_001748_O1__0438__1.pt,ok,0.5739755630,0.6034758687,0.5632816198,0.5469073503,average,0.5739755630,0.5632816198,
O1/0438/2,,videos/sample_001749_O1__0438__2.pt,ok,0.5676319599,0.5951814651,0.5668662125,0.5514624856,average,0.5676319599,0.5668662125,
O1/0438/3,,videos/sample_001750_O1__0438__3.pt,ok,0.5717226267,0.6062891483,0.5645520881,0.5453709093,average,0.5717226267,0.5645520881,
O1/0438/4,,videos/sample_001751_O1__0438__4.pt,ok,0.5726641417,0.6003724933,0.5640208040,0.5486072455,average,0.5726641417,0.5640208040,
O1/0439/1,,videos/sample_001752_O1__0439__1.pt,ok,0.5781906843,0.6144795418,0.5609123165,0.5409223495,average,0.5781906843,0.5609123165,
O1/0439/2,,videos/sample_001753_O1__0439__2.pt,ok,0.5746708512,0.6133165359,0.5628901129,0.5415518114,average,0.5746708512,0.5628901129,
O1/0439/3,,videos/sample_001754_O1__0439__3.pt,ok,0.5707623363,0.6064126492,0.5650944824,0.5453035597,average,0.5707623363,0.5650944824,
O1/0439/4,,videos/sample_001755_O1__0439__4.pt,ok,0.5769688487,0.6149975657,0.5615980780,0.5406422114,average,0.5769688487,0.5615980780,
O1/0440/1,,videos/sample_001756_O1__0440__1.pt,ok,0.5695657134,0.5905725956,0.5657710922,0.5540099702,average,0.5695657134,0.5657710922,
O1/0440/2,,videos/sample_001757_O1__0440__2.pt,ok,0.5670006871,0.5907380581,0.5672241727,0.5539183099,average,0.5670006871,0.5672241727,
O1/0440/3,,videos/sample_001758_O1__0440__3.pt,ok,0.5692998767,0.5912756920,0.5659215149,0.5536205847,average,0.5692998767,0.5659215149,
O1/0440/4,,videos/sample_001759_O1__0440__4.pt,ok,0.5670632124,0.5877769589,0.5671887079,0.5555609478,average,0.5670632124,0.5671887079,
O1/0441/1,,videos/sample_001760_O1__0441__1.pt,ok,0.6216511726,0.6437567472,0.5370569314,0.5253152359,average,0.6216511726,0.5370569314,
O1/0441/2,,videos/sample_001761_O1__0441__2.pt,ok,0.6202885509,0.6442620158,0.5377892357,0.5250498777,average,0.6202885509,0.5377892357,
O1/0441/3,,videos/sample_001762_O1__0441__3.pt,ok,0.6182652116,0.6442620158,0.5388784673,0.5250498777,average,0.6182652116,0.5388784673,
O1/0441/4,,videos/sample_001763_O1__0441__4.pt,ok,0.6218130589,0.6437567472,0.5369699963,0.5253152359,average,0.6218130589,0.5369699963,
O1/0442/1,,videos/sample_001764_O1__0442__1.pt,ok,0.6272326112,0.6497833133,0.5340677309,0.5221589094,average,0.6272326112,0.5340677309,
O1/0442/2,,videos/sample_001765_O1__0442__2.pt,ok,0.6274536848,0.6490672827,0.5339496757,0.5225329251,average,0.6274536848,0.5339496757,
O1/0442/3,,videos/sample_001766_O1__0442__3.pt,ok,0.6266241670,0.6497833133,0.5343927802,0.5221589094,average,0.6266241670,0.5343927802,
O1/0442/4,,videos/sample_001767_O1__0442__4.pt,ok,0.6275468469,0.6490672827,0.5338999341,0.5225329251,average,0.6275468469,0.5338999341,
O1/0443/1,,videos/sample_001768_O1__0443__1.pt,ok,0.6220977306,0.6414674520,0.5368171578,0.5265192152,average,0.6220977306,0.5368171578,
O1/0443/2,,videos/sample_001769_O1__0443__2.pt,ok,0.6206142306,0.6415164471,0.5376141171,0.5264934190,average,0.6206142306,0.5376141171,
O1/0443/3,,videos/sample_001770_O1__0443__3.pt,ok,0.6213295460,0.6405147910,0.5372296910,0.5270210485,average,0.6213295460,0.5372296910,
O1/0443/4,,videos/sample_001771_O1__0443__4.pt,ok,0.6218606234,0.6415164471,0.5369444562,0.5264934190,average,0.6218606234,0.5369444562,
O1/0444/1,,videos/sample_001772_O1__0444__1.pt,ok,0.6245164275,0.6492937207,0.5355203288,0.5224146171,average,0.6245164275,0.5355203288,
O1/0444/2,,videos/sample_001773_O1__0444__2.pt,ok,0.6245487928,0.6495799422,0.5355029968,0.5222651122,average,0.6245487928,0.5355029968,
O1/0444/3,,videos/sample_001774_O1__0444__3.pt,ok,0.6242598295,0.6492937207,0.5356577599,0.5224146171,average,0.6242598295,0.5356577599,
O1/0444/4,,videos/sample_001775_O1__0444__4.pt,ok,0.6229201555,0.6495799422,0.5363758476,0.5222651122,average,0.6229201555,0.5363758476,
O1/0445/1,,videos/sample_001776_O1__0445__1.pt,ok,0.6256420612,0.6407048106,0.5349178682,0.5269209137,average,0.6256420612,0.5349178682,
O1/0445/2,,videos/sample_001777_O1__0445__2.pt,ok,0.6249758601,0.6389449835,0.5352743498,0.5278490198,average,0.6249758601,0.5352743498,
O1/0445/3,,videos/sample_001778_O1__0445__3.pt,ok,0.6237128973,0.6392503977,0.5359508085,0.5276878318,average,0.6237128973,0.5359508085,
O1/0445/4,,videos/sample_001779_O1__0445__4.pt,ok,0.6257023215,0.6392881870,0.5348856349,0.5276678912,average,0.6257023215,0.5348856349,
O1/0446/1,,videos/sample_001780_O1__0446__1.pt,ok,0.6253544688,0.6392719150,0.5350717287,0.5276764776,average,0.6253544688,0.5350717287,
O1/0446/2,,videos/sample_001781_O1__0446__2.pt,ok,0.6249465942,0.6392509937,0.5352900153,0.5276875173,average,0.6249465942,0.5352900153,
O1/0446/3,,videos/sample_001782_O1__0446__3.pt,ok,0.6245149970,0.6392719150,0.5355210949,0.5276764776,average,0.6245149970,0.5355210949,
O1/0446/4,,videos/sample_001783_O1__0446__4.pt,ok,0.6257691383,0.6392509937,0.5348498967,0.5276875173,average,0.6257691383,0.5348498967,
O1/0447/1,,videos/sample_001784_O1__0447__1.pt,ok,0.5596510768,0.5952124596,0.5714084067,0.5514453936,average,0.5596510768,0.5714084067,
O1/0447/2,,videos/sample_001785_O1__0447__2.pt,ok,0.5581590533,0.5965203643,0.5722615978,0.5507246270,average,0.5581590533,0.5722615978,
O1/0447/3,,videos/sample_001786_O1__0447__3.pt,ok,0.5554192066,0.5902258158,0.5738316567,0.5542021230,average,0.5554192066,0.5738316567,
O1/0447/4,,videos/sample_001787_O1__0447__4.pt,ok,0.5607891083,0.5958322883,0.5707584958,0.5511036978,average,0.5607891083,0.5707584958,
O1/0448/1,,videos/sample_001788_O1__0448__1.pt,ok,0.6191378236,0.6316909194,0.5384084406,0.5316919922,average,0.6191378236,0.5384084406,
O1/0448/2,,videos/sample_001789_O1__0448__2.pt,ok,0.6194586158,0.6315812469,0.5382357511,0.5317503074,average,0.6194586158,0.5382357511,
O1/0448/3,,videos/sample_001790_O1__0448__3.pt,ok,0.6177899241,0.6316909194,0.5391346504,0.5316919922,average,0.6177899241,0.5391346504,
O1/0448/4,,videos/sample_001791_O1__0448__4.pt,ok,0.6181599498,0.6308674812,0.5389351936,0.5321299880,average,0.6181599498,0.5389351936,
O1/0449/1,,videos/sample_001792_O1__0449__1.pt,ok,0.5732426047,0.5955103636,0.5636946331,0.5512811402,average,0.5732426047,0.5636946331,
O1/0449/2,,videos/sample_001793_O1__0449__2.pt,ok,0.5722213984,0.5946885943,0.5642705757,0.5517343523,average,0.5722213984,0.5642705757,
O1/0449/3,,videos/sample_001794_O1__0449__3.pt,ok,0.5732662678,0.5966932774,0.5636812946,0.5506294077,average,0.5732662678,0.5636812946,
O1/0449/4,,videos/sample_001795_O1__0449__4.pt,ok,0.5710315108,0.5930722356,0.5649423938,0.5526268741,average,0.5710315108,0.5649423938,
O1/0450/1,,videos/sample_001796_O1__0450__1.pt,ok,0.5672210455,0.5988806486,0.5670991938,0.5494262931,average,0.5672210455,0.5670991938,
O1/0450/2,,videos/sample_001797_O1__0450__2.pt,ok,0.5621513128,0.5945588350,0.5699815353,0.5518059496,average,0.5621513128,0.5699815353,
O1/0450/3,,videos/sample_001798_O1__0450__3.pt,ok,0.5690773726,0.6012385488,0.5660474488,0.5481323269,average,0.5690773726,0.5660474488,
O1/0450/4,,videos/sample_001799_O1__0450__4.pt,ok,0.5673297048,0.6012449861,0.5670375766,0.5481287984,average,0.5673297048,0.5670375766,
O1/0451/1,,videos/sample_001800_O1__0451__1.pt,ok,0.5666475892,0.5954931378,0.5674244937,0.5512906366,average,0.5666475892,0.5674244937,
O1/0451/2,,videos/sample_001801_O1__0451__2.pt,ok,0.5657505393,0.5868825912,0.5679337302,0.5560580458,average,0.5657505393,0.5679337302,
O1/0451/3,,videos/sample_001802_O1__0451__3.pt,ok,0.5632577538,0.5981853604,0.5693512331,0.5498084355,average,0.5632577538,0.5693512331,
O1/0451/4,,videos/sample_001803_O1__0451__4.pt,ok,0.5618499517,0.5840635896,0.5701533315,0.5576277859,average,0.5618499517,0.5701533315,
O1/0452/1,,videos/sample_001804_O1__0452__1.pt,ok,0.5555366278,0.5972014070,0.5737642807,0.5503496877,average,0.5555366278,0.5737642807,
O1/0452/2,,videos/sample_001805_O1__0452__2.pt,ok,0.5557375550,0.5900033712,0.5736490074,0.5543254160,average,0.5557375550,0.5736490074,
O1/0452/3,,videos/sample_001806_O1__0452__3.pt,ok,0.5440220237,0.5658688545,0.5804091323,0.5678665389,average,0.5440220237,0.5804091323,
O1/0452/4,,videos/sample_001807_O1__0452__4.pt,ok,0.5592378974,0.5940986276,0.5716445497,0.5520599533,average,0.5592378974,0.5716445497,
O1/0453/1,,videos/sample_001808_O1__0453__1.pt,ok,0.5754303932,0.6124377847,0.5624627366,0.5420279099,average,0.5754303932,0.5624627366,
O1/0453/2,,videos/sample_001809_O1__0453__2.pt,ok,0.5781088471,0.6162781119,0.5609582218,0.5399503371,average,0.5781088471,0.5609582218,
O1/0453/3,,videos/sample_001810_O1__0453__3.pt,ok,0.5792073607,0.6155376434,0.5603423399,0.5403503014,average,0.5792073607,0.5603423399,
O1/0453/4,,videos/sample_001811_O1__0453__4.pt,ok,0.5694917440,0.6044027805,0.5658129434,0.5464006503,average,0.5694917440,0.5658129434,
O1/0454/1,,videos/sample_001812_O1__0454__1.pt,ok,0.6202445626,0.6460524201,0.5378128926,0.5241106671,average,0.6202445626,0.5378128926,
O1/0454/2,,videos/sample_001813_O1__0454__2.pt,ok,0.6231209636,0.6466436982,0.5362681498,0.5238008636,average,0.6231209636,0.5362681498,
O1/0454/3,,videos/sample_001814_O1__0454__3.pt,ok,0.6233236194,0.6466436982,0.5361594829,0.5238008636,average,0.6233236194,0.5361594829,
O1/0454/4,,videos/sample_001815_O1__0454__4.pt,ok,0.6222756505,0.6460524201,0.5367216559,0.5241106671,average,0.6222756505,0.5367216559,
O1/0455/1,,videos/sample_001816_O1__0455__1.pt,ok,0.6348643303,0.6554202437,0.5300073894,0.5192238162,average,0.6348643303,0.5300073894,
O1/0455/2,,videos/sample_001817_O1__0455__2.pt,ok,0.6347453594,0.6560441256,0.5300704486,0.5188999829,average,0.6347453594,0.5300704486,
O1/0455/3,,videos/sample_001818_O1__0455__3.pt,ok,0.6352505684,0.6560441256,0.5298027199,0.5188999829,average,0.6352505684,0.5298027199,
O1/0455/4,,videos/sample_001819_O1__0455__4.pt,ok,0.6347551346,0.6554202437,0.5300652671,0.5192238162,average,0.6347551346,0.5300652671,
O1/0456/1,,videos/sample_001820_O1__0456__1.pt,ok,0.6167984009,0.6420899630,0.5396694800,0.5261915532,average,0.6167984009,0.5396694800,
O1/0456/2,,videos/sample_001821_O1__0456__2.pt,ok,0.6180533171,0.6410856843,0.5389926648,0.5267202616,average,0.6180533171,0.5389926648,
O1/0456/3,,videos/sample_001822_O1__0456__3.pt,ok,0.6176601052,0.6420899630,0.5392046448,0.5261915532,average,0.6176601052,0.5392046448,
O1/0456/4,,videos/sample_001823_O1__0456__4.pt,ok,0.6180632114,0.6410856843,0.5389873318,0.5267202616,average,0.6180632114,0.5389873318,
O1/0457/1,,videos/sample_001824_O1__0457__1.pt,ok,0.6013785601,0.6269310117,0.5480555875,0.5342288298,average,0.6013785601,0.5480555875,
O1/0457/2,,videos/sample_001825_O1__0457__2.pt,ok,0.6006960273,0.6272269487,0.5484297811,0.5340707550,average,0.6006960273,0.5484297811,
O1/0457/3,,videos/sample_001826_O1__0457__3.pt,ok,0.5966127515,0.6249839067,0.5506737494,0.5352700427,average,0.5966127515,0.5506737494,
O1/0457/4,,videos/sample_001827_O1__0457__4.pt,ok,0.6011385918,0.6302069426,0.5481871193,0.5324815965,average,0.6011385918,0.5481871193,
O1/0458/1,,videos/sample_001828_O1__0458__1.pt,ok,0.6276166439,0.6511313915,0.5338626708,0.5214554726,average,0.6276166439,0.5338626708,
O1/0458/2,,videos/sample_001829_O1__0458__2.pt,ok,0.6276845932,0.6506483555,0.5338263964,0.5217074152,average,0.6276845932,0.5338263964,
O1/0458/3,,videos/sample_001830_O1__0458__3.pt,ok,0.6266261339,0.6506483555,0.5343917291,0.5217074152,average,0.6266261339,0.5343917291,
O1/0458/4,,videos/sample_001831_O1__0458__4.pt,ok,0.6273772717,0.6511313915,0.5339904780,0.5214554726,average,0.6273772717,0.5339904780,
O1/0459/1,,videos/sample_001832_O1__0459__1.pt,ok,0.6207232475,0.6459695101,0.5375555113,0.5241541230,average,0.6207232475,0.5375555113,
O1/0459/2,,videos/sample_001833_O1__0459__2.pt,ok,0.6197930574,0.6457637548,0.5380557727,0.5242619815,average,0.6197930574,0.5380557727,
O1/0459/3,,videos/sample_001834_O1__0459__3.pt,ok,0.6194320917,0.6459695101,0.5382500275,0.5241541230,average,0.6194320917,0.5382500275,
O1/0459/4,,videos/sample_001835_O1__0459__4.pt,ok,0.6203515530,0.6457637548,0.5377553549,0.5242619815,average,0.6203515530,0.5377553549,
O1/0460/1,,videos/sample_001836_O1__0460__1.pt,ok,0.5679281950,0.5914120674,0.5666983117,0.5535450896,average,0.5679281950,0.5666983117,
O1/0460/2,,videos/sample_001837_O1__0460__2.pt,ok,0.5685712099,0.5941174626,0.5663340334,0.5520495553,average,0.5685712099,0.5663340334,
O1/0460/3,,videos/sample_001838_O1__0460__3.pt,ok,0.5686261058,0.5918382406,0.5663029448,0.5533092338,average,0.5686261058,0.5663029448,
O1/0460/4,,videos/sample_001839_O1__0460__4.pt,ok,0.5660585165,0.5893441439,0.5677588465,0.5546909629,average,0.5660585165,0.5677588465,
O1/0461/1,,videos/sample_001840_O1__0461__1.pt,ok,0.5833786726,0.6173068881,0.5580098454,0.5393951347,average,0.5833786726,0.5580098454,
O1/0461/2,,videos/sample_001841_O1__0461__2.pt,ok,0.5835592151,0.6165741086,0.5579091101,0.5397905373,average,0.5835592151,0.5579091101,
O1/0461/3,,videos/sample_001842_O1__0461__3.pt,ok,0.5788301826,0.6124968529,0.5605537287,0.5419958942,average,0.5788301826,0.5605537287,
O1/0461/4,,videos/sample_001843_O1__0461__4.pt,ok,0.5843639374,0.6163811684,0.5574603287,0.5398946946,average,0.5843639374,0.5574603287,
O1/0462/1,,videos/sample_001844_O1__0462__1.pt,ok,0.5728244781,0.6026676893,0.5639303781,0.5473495282,average,0.5728244781,0.5639303781,
O1/0462/2,,videos/sample_001845_O1__0462__2.pt,ok,0.5800834894,0.6099007130,0.5598516229,0.5434048194,average,0.5800834894,0.5598516229,
O1/0462/3,,videos/sample_001846_O1__0462__3.pt,ok,0.5773276687,0.6136063933,0.5613966015,0.5413948613,average,0.5773276687,0.5613966015,
O1/0462/4,,videos/sample_001847_O1__0462__4.pt,ok,0.5811340213,0.6136825085,0.5592637898,0.5413536545,average,0.5811340213,0.5592637898,
O1/0463/1,,videos/sample_001848_O1__0463__1.pt,ok,0.5704857707,0.5988866687,0.5652507897,0.5494229855,average,0.5704857707,0.5652507897,
O1/0463/2,,videos/sample_001849_O1__0463__2.pt,ok,0.5712746382,0.5996982455,0.5648050576,0.5489772674,average,0.5712746382,0.5648050576,
O1/0463/3,,videos/sample_001850_O1__0463__3.pt,ok,0.5648560524,0.5857316256,0.5684419667,0.5566984180,average,0.5648560524,0.5684419667,
O1/0463/4,,videos/sample_001851_O1__0463__4.pt,ok,0.5674410462,0.5935799479,0.5669744453,0.5523463698,average,0.5674410462,0.5669744453,
O1/0464/1,,videos/sample_001852_O1__0464__1.pt,ok,0.5748131275,0.6044011116,0.5628100327,0.5464015622,average,0.5748131275,0.5628100327,
O1/0464/2,,videos/sample_001853_O1__0464__2.pt,ok,0.5742114782,0.6045993567,0.5631487488,0.5462932516,average,0.5742114782,0.5631487488,
O1/0464/3,,videos/sample_001854_O1__0464__3.pt,ok,0.5747801661,0.6048723459,0.5628285840,0.5461441397,average,0.5747801661,0.5628285840,
O1/0464/4,,videos/sample_001855_O1__0464__4.pt,ok,0.5714135766,0.5983076096,0.5647265899,0.5497412261,average,0.5714135766,0.5647265899,
O1/0465/1,,videos/sample_001856_O1__0465__1.pt,ok,0.6296061873,0.6553385258,0.5328015837,0.5192662478,average,0.6296061873,0.5328015837,
O1/0465/2,,videos/sample_001857_O1__0465__2.pt,ok,0.6298704147,0.6551730037,0.5326608215,0.5193522050,average,0.6298704147,0.5326608215,
O1/0465/3,,videos/sample_001858_O1__0465__3.pt,ok,0.6299104095,0.6553385258,0.5326395183,0.5192662478,average,0.6299104095,0.5326395183,
O1/0465/4,,videos/sample_001859_O1__0465__4.pt,ok,0.6286090016,0.6551730037,0.5333331508,0.5193522050,average,0.6286090016,0.5333331508,
O1/0466/1,,videos/sample_001860_O1__0466__1.pt,ok,0.6384193301,0.6593825817,0.5281265584,0.5171705465,average,0.6384193301,0.5281265584,
O1/0466/2,,videos/sample_001861_O1__0466__2.pt,ok,0.6386462450,0.6593825817,0.5280067322,0.5171705465,average,0.6386462450,0.5280067322,
O1/0466/3,,videos/sample_001862_O1__0466__3.pt,ok,0.6383630037,0.6588360071,0.5281563067,0.5174532960,average,0.6383630037,0.5281563067,
O1/0466/4,,videos/sample_001863_O1__0466__4.pt,ok,0.6383932829,0.6588360071,0.5281403148,0.5174532960,average,0.6383932829,0.5281403148,
O1/0467/1,,videos/sample_001864_O1__0467__1.pt,ok,0.5829368234,0.6140058637,0.5582564561,0.5411786333,average,0.5829368234,0.5582564561,
O1/0467/2,,videos/sample_001865_O1__0467__2.pt,ok,0.5783957839,0.6095277667,0.5607972854,0.5436075180,average,0.5783957839,0.5607972854,
O1/0467/3,,videos/sample_001866_O1__0467__3.pt,ok,0.5829446912,0.6165312529,0.5582520639,0.5398136709,average,0.5829446912,0.5582520639,
O1/0467/4,,videos/sample_001867_O1__0467__4.pt,ok,0.5807766914,0.6130987406,0.5594636671,0.5416697717,average,0.5807766914,0.5594636671,
O1/0468/1,,videos/sample_001868_O1__0468__1.pt,ok,0.5723708868,0.6084579229,0.5641862301,0.5441894044,average,0.5723708868,0.5641862301,
O1/0468/2,,videos/sample_001869_O1__0468__2.pt,ok,0.5721185207,0.6084579229,0.5643286295,0.5441894044,average,0.5721185207,0.5643286295,
O1/0468/3,,videos/sample_001870_O1__0468__3.pt,ok,0.5668227673,0.6059503555,0.5673251021,0.5455557083,average,0.5668227673,0.5673251021,
O1/0468/4,,videos/sample_001871_O1__0468__4.pt,ok,0.5674943924,0.6059503555,0.5669442002,0.5455557083,average,0.5674943924,0.5669442002,
O1/0469/1,,videos/sample_001872_O1__0469__1.pt,ok,0.5710795522,0.6045849323,0.5649152539,0.5463011315,average,0.5710795522,0.5649152539,
O1/0469/2,,videos/sample_001873_O1__0469__2.pt,ok,0.5709469318,0.6045849323,0.5649901781,0.5463011315,average,0.5709469318,0.5649901781,
O1/0469/3,,videos/sample_001874_O1__0469__3.pt,ok,0.5769509077,0.6081238985,0.5616081537,0.5443712073,average,0.5769509077,0.5616081537,
O1/0469/4,,videos/sample_001875_O1__0469__4.pt,ok,0.5770948529,0.6081238985,0.5615273187,0.5443712073,average,0.5770948529,0.5615273187,
O1/0470/1,,videos/sample_001876_O1__0470__1.pt,ok,0.5646746755,0.6004418731,0.5685450783,0.5485691846,average,0.5646746755,0.5685450783,
O1/0470/2,,videos/sample_001877_O1__0470__2.pt,ok,0.5463820696,0.5682511330,0.5790409552,0.5665153328,average,0.5463820696,0.5790409552,
O1/0470/3,,videos/sample_001878_O1__0470__3.pt,ok,0.5658124685,0.6038512588,0.5678985596,0.5467020853,average,0.5658124685,0.5678985596,
O1/0470/4,,videos/sample_001879_O1__0470__4.pt,ok,0.5597563982,0.5970839262,0.5713482284,0.5504143470,average,0.5597563982,0.5713482284,
O1/0471/1,,videos/sample_001880_O1__0471__1.pt,ok,0.6225058436,0.6473186612,0.5365981205,0.5234474367,average,0.6225058436,0.5365981205,
O1/0471/2,,videos/sample_001881_O1__0471__2.pt,ok,0.6241993308,0.6464204192,0.5356901675,0.5239178304,average,0.6241993308,0.5356901675,
O1/0471/3,,videos/sample_001882_O1__0471__3.pt,ok,0.6233593225,0.6473186612,0.5361403407,0.5234474367,average,0.6233593225,0.5361403407,
O1/0471/4,,videos/sample_001883_O1__0471__4.pt,ok,0.6237039566,0.6464204192,0.5359556003,0.5239178304,average,0.6237039566,0.5359556003,
O1/0472/1,,videos/sample_001884_O1__0472__1.pt,ok,0.5627307892,0.5840379596,0.5696513402,0.5576420781,average,0.5627307892,0.5696513402,
O1/0472/2,,videos/sample_001885_O1__0472__2.pt,ok,0.5580297709,0.5922144055,0.5723355860,0.5531011374,average,0.5580297709,0.5723355860,
O1/0472/3,,videos/sample_001886_O1__0472__3.pt,ok,0.5635044575,0.5906236768,0.5692107895,0.5539816715,average,0.5635044575,0.5692107895,
O1/0472/4,,videos/sample_001887_O1__0472__4.pt,ok,0.5568083525,0.5778780580,0.5730350743,0.5610876999,average,0.5568083525,0.5730350743,
O1/0473/1,,videos/sample_001888_O1__0473__1.pt,ok,0.5717756152,0.6107988954,0.5645221741,0.5429169619,average,0.5717756152,0.5645221741,
O1/0473/2,,videos/sample_001889_O1__0473__2.pt,ok,0.5715090632,0.6087110043,0.5646726687,0.5440516976,average,0.5715090632,0.5646726687,
O1/0473/3,,videos/sample_001890_O1__0473__3.pt,ok,0.5720568299,0.6084417701,0.5643634445,0.5441981947,average,0.5720568299,0.5643634445,
O1/0473/4,,videos/sample_001891_O1__0473__4.pt,ok,0.5680608153,0.6048231721,0.5666231610,0.5461709964,average,0.5680608153,0.5666231610,
O1/0474/1,,videos/sample_001892_O1__0474__1.pt,ok,0.5799928308,0.5966709852,0.5599023806,0.5506416826,average,0.5799928308,0.5599023806,
O1/0474/2,,videos/sample_001893_O1__0474__2.pt,ok,0.5827445984,0.6089951992,0.5583637773,0.5438971028,average,0.5827445984,0.5583637773,
O1/0474/3,,videos/sample_001894_O1__0474__3.pt,ok,0.5801298022,0.5971904993,0.5598256952,0.5503556908,average,0.5801298022,0.5598256952,
O1/0474/4,,videos/sample_001895_O1__0474__4.pt,ok,0.5840954781,0.6125051975,0.5576100043,0.5419913714,average,0.5840954781,0.5576100043,
O1/0475/1,,videos/sample_001896_O1__0475__1.pt,ok,0.5684325099,0.6082478762,0.5664125893,0.5443037216,average,0.5684325099,0.5664125893,
O1/0475/2,,videos/sample_001897_O1__0475__2.pt,ok,0.5690823197,0.6070031524,0.5660446484,0.5449816512,average,0.5690823197,0.5660446484,
O1/0475/3,,videos/sample_001898_O1__0475__3.pt,ok,0.5633404851,0.6028741002,0.5693041320,0.5472365610,average,0.5633404851,0.5693041320,
O1/0475/4,,videos/sample_001899_O1__0475__4.pt,ok,0.5697465539,0.6082713604,0.5656687871,0.5442909392,average,0.5697465539,0.5656687871,
O1/0476/1,,videos/sample_001900_O1__0476__1.pt,ok,0.5632367134,0.5957307816,0.5693632127,0.5511596414,average,0.5632367134,0.5693632127,
O1/0476/2,,videos/sample_001901_O1__0476__2.pt,ok,0.5679522157,0.6013654470,0.5666846994,0.5480627742,average,0.5679522157,0.5666846994,
O1/0476/3,,videos/sample_001902_O1__0476__3.pt,ok,0.5686090589,0.6030067801,0.5663125986,0.5471639585,average,0.5686090589,0.5663125986,
O1/0476/4,,videos/sample_001903_O1__0476__4.pt,ok,0.5685623288,0.6007142663,0.5663390630,0.5484197784,average,0.5685623288,0.5663390630,
O1/0477/1,,videos/sample_001904_O1__0477__1.pt,ok,0.6193151474,0.6342329383,0.5383129764,0.5303421375,average,0.6193151474,0.5383129764,
O1/0477/2,,videos/sample_001905_O1__0477__2.pt,ok,0.6204145551,0.6330955625,0.5377214762,0.5309456790,average,0.6204145551,0.5377214762,
O1/0477/3,,videos/sample_001906_O1__0477__3.pt,ok,0.6193034649,0.6330955625,0.5383192653,0.5309456790,average,0.6193034649,0.5383192653,
O1/0477/4,,videos/sample_001907_O1__0477__4.pt,ok,0.6207073331,0.6342329383,0.5375640662,0.5303421375,average,0.6207073331,0.5375640662,
O1/0478/1,,videos/sample_001908_O1__0478__1.pt,ok,0.6172898412,0.6327264309,0.5394043298,0.5311417040,average,0.6172898412,0.5394043298,
O1/0478/2,,videos/sample_001909_O1__0478__2.pt,ok,0.6175123453,0.6321125627,0.5392843235,0.5314678551,average,0.6175123453,0.5392843235,
O1/0478/3,,videos/sample_001910_O1__0478__3.pt,ok,0.6187259555,0.6327264309,0.5386302395,0.5311417040,average,0.6187259555,0.5386302395,
O1/0478/4,,videos/sample_001911_O1__0478__4.pt,ok,0.6188845634,0.6321125627,0.5385448153,0.5314678551,average,0.6188845634,0.5385448153,
O1/0479/1,,videos/sample_001912_O1__0479__1.pt,ok,0.5804725289,0.6018679738,0.5596338609,0.5477874272,average,0.5804725289,0.5596338609,
O1/0479/2,,videos/sample_001913_O1__0479__2.pt,ok,0.5810375810,0.6022712588,0.5593177280,0.5475665573,average,0.5810375810,0.5593177280,
O1/0479/3,,videos/sample_001914_O1__0479__3.pt,ok,0.5818960071,0.6032634974,0.5588378010,0.5470235101,average,0.5818960071,0.5588378010,
O1/0479/4,,videos/sample_001915_O1__0479__4.pt,ok,0.5815846920,0.6036280394,0.5590118028,0.5468241334,average,0.5815846920,0.5590118028,
O1/0480/1,,videos/sample_001916_O1__0480__1.pt,ok,0.5753792524,0.6076024771,0.5624915021,0.5446551281,average,0.5753792524,0.5624915021,
O1/0480/2,,videos/sample_001917_O1__0480__2.pt,ok,0.5721647143,0.6031301022,0.5643025617,0.5470964853,average,0.5721647143,0.5643025617,
O1/0480/3,,videos/sample_001918_O1__0480__3.pt,ok,0.5769867897,0.6082618833,0.5615880024,0.5442960975,average,0.5769867897,0.5615880024,
O1/0480/4,,videos/sample_001919_O1__0480__4.pt,ok,0.5769374371,0.6090075970,0.5616157190,0.5438903598,average,0.5769374371,0.5616157190,
O1/0481/1,,videos/sample_001920_O1__0481__1.pt,ok,0.5652614236,0.5869599581,0.5682115834,0.5560150270,average,0.5652614236,0.5682115834,
O1/0481/2,,videos/sample_001921_O1__0481__2.pt,ok,0.5663005114,0.5955570936,0.5676214684,0.5512553795,average,0.5663005114,0.5676214684,
O1/0481/3,,videos/sample_001922_O1__0481__3.pt,ok,0.5657325983,0.5871051550,0.5679439196,0.5559343012,average,0.5657325983,0.5679439196,
O1/0481/4,,videos/sample_001923_O1__0481__4.pt,ok,0.5656096339,0.5947675705,0.5680137607,0.5516907802,average,0.5656096339,0.5680137607,
O1/0482/1,,videos/sample_001924_O1__0482__1.pt,ok,0.5709077716,0.6003567576,0.5650123037,0.5486158783,average,0.5709077716,0.5650123037,
O1/0482/2,,videos/sample_001925_O1__0482__2.pt,ok,0.5671684742,0.5939491987,0.5671290078,0.5521424531,average,0.5671684742,0.5671290078,
O1/0482/3,,videos/sample_001926_O1__0482__3.pt,ok,0.5604339838,0.5780305266,0.5709612222,0.5610021581,average,0.5604339838,0.5709612222,
O1/0482/4,,videos/sample_001927_O1__0482__4.pt,ok,0.5702764392,0.5981835723,0.5653691269,0.5498094187,average,0.5702764392,0.5653691269,
O1/0483/1,,videos/sample_001928_O1__0483__1.pt,ok,0.5707303882,0.5941882133,0.5651125364,0.5520104988,average,0.5707303882,0.5651125364,
O1/0483/2,,videos/sample_001929_O1__0483__2.pt,ok,0.5706974268,0.5951660872,0.5651311636,0.5514709660,average,0.5706974268,0.5651311636,
O1/0483/3,,videos/sample_001930_O1__0483__3.pt,ok,0.5723492503,0.5971767306,0.5641984372,0.5503632685,average,0.5723492503,0.5641984372,
O1/0483/4,,videos/sample_001931_O1__0483__4.pt,ok,0.5719066262,0.5955618620,0.5644482203,0.5512527509,average,0.5719066262,0.5644482203,
O1/0484/1,,videos/sample_001932_O1__0484__1.pt,ok,0.5594647527,0.5800445676,0.5715148838,0.5598734138,average,0.5594647527,0.5715148838,
O1/0484/2,,videos/sample_001933_O1__0484__2.pt,ok,0.5602825284,0.5905239582,0.5710477039,0.5540369165,average,0.5602825284,0.5710477039,
O1/0484/3,,videos/sample_001934_O1__0484__3.pt,ok,0.5609083176,0.5887759328,0.5706904602,0.5550062340,average,0.5609083176,0.5706904602,
O1/0484/4,,videos/sample_001935_O1__0484__4.pt,ok,0.5575641394,0.5785490870,0.5726021455,0.5607113200,average,0.5575641394,0.5726021455,
O1/0485/1,,videos/sample_001936_O1__0485__1.pt,ok,0.5686112642,0.5902564526,0.5663113497,0.5541851443,average,0.5686112642,0.5663113497,
O1/0485/2,,videos/sample_001937_O1__0485__2.pt,ok,0.5686918497,0.5897336006,0.5662657151,0.5544749769,average,0.5686918497,0.5662657151,
O1/0485/3,,videos/sample_001938_O1__0485__3.pt,ok,0.5684278607,0.5896342397,0.5664152227,0.5545300727,average,0.5684278607,0.5664152227,
O1/0485/4,,videos/sample_001939_O1__0485__4.pt,ok,0.5684403777,0.5902564526,0.5664081329,0.5541851443,average,0.5684403777,0.5664081329,
O1/0486/1,,videos/sample_001940_O1__0486__1.pt,ok,0.5736949444,0.5945543647,0.5634397094,0.5518084164,average,0.5736949444,0.5634397094,
O1/0486/2,,videos/sample_001941_O1__0486__2.pt,ok,0.5745119452,0.5950022936,0.5629795666,0.5515613008,average,0.5745119452,0.5629795666,
O1/0486/3,,videos/sample_001942_O1__0486__3.pt,ok,0.5747721195,0.5950022936,0.5628331129,0.5515613008,average,0.5747721195,0.5628331129,
O1/0486/4,,videos/sample_001943_O1__0486__4.pt,ok,0.5739073157,0.5945543647,0.5633200636,0.5518084164,average,0.5739073157,0.5633200636,
O1/0487/1,,videos/sample_001944_O1__0487__1.pt,ok,0.6159102321,0.6307227612,0.5401490105,0.5322070034,average,0.6159102321,0.5401490105,
O1/0487/2,,videos/sample_001945_O1__0487__2.pt,ok,0.6160162687,0.6303651929,0.5400917380,0.5323973378,average,0.6160162687,0.5400917380,
O1/0487/3,,videos/sample_001946_O1__0487__3.pt,ok,0.6170557141,0.6307905316,0.5395306338,0.5321709367,average,0.6170557141,0.5395306338,
O1/0487/4,,videos/sample_001947_O1__0487__4.pt,ok,0.6166943908,0.6304517388,0.5397256140,0.5323512629,average,0.6166943908,0.5397256140,
O1/0488/1,,videos/sample_001948_O1__0488__1.pt,ok,0.5645746589,0.5913644433,0.5686019451,0.5535714523,average,0.5645746589,0.5686019451,
O1/0488/2,,videos/sample_001949_O1__0488__2.pt,ok,0.5644363165,0.5848956108,0.5686806123,0.5571640207,average,0.5644363165,0.5686806123,
O1/0488/3,,videos/sample_001950_O1__0488__3.pt,ok,0.5650495887,0.5918918848,0.5683319632,0.5532795528,average,0.5650495887,0.5683319632,
O1/0488/4,,videos/sample_001951_O1__0488__4.pt,ok,0.5647852421,0.5845893025,0.5684822197,0.5573347108,average,0.5647852421,0.5684822197,
O1/0489/1,,videos/sample_001952_O1__0489__1.pt,ok,0.5668616891,0.6012621522,0.5673030212,0.5481193892,average,0.5668616891,0.5673030212,
O1/0489/2,,videos/sample_001953_O1__0489__2.pt,ok,0.5678580403,0.6012621522,0.5667380696,0.5481193892,average,0.5678580403,0.5667380696,
O1/0489/3,,videos/sample_001954_O1__0489__3.pt,ok,0.5625754595,0.5950838327,0.5697398308,0.5515163288,average,0.5625754595,0.5697398308,
O1/0489/4,,videos/sample_001955_O1__0489__4.pt,ok,0.5644341707,0.5950838327,0.5686818326,0.5515163288,average,0.5644341707,0.5686818326,
O1/0490/1,,videos/sample_001956_O1__0490__1.pt,ok,0.5791974664,0.6026291251,0.5603478842,0.5473706368,average,0.5791974664,0.5603478842,
O1/0490/2,,videos/sample_001957_O1__0490__2.pt,ok,0.5780877471,0.5990020037,0.5609700582,0.5493596215,average,0.5780877471,0.5609700582,
O1/0490/3,,videos/sample_001958_O1__0490__3.pt,ok,0.5798040628,0.6032828093,0.5600080822,0.5470129462,average,0.5798040628,0.5600080822,
O1/0490/4,,videos/sample_001959_O1__0490__4.pt,ok,0.5779982805,0.5987519622,0.5610202485,0.5494970014,average,0.5779982805,0.5610202485,
O1/0491/1,,videos/sample_001960_O1__0491__1.pt,ok,0.6209175587,0.6416429877,0.5374510684,0.5264268004,average,0.6209175587,0.5374510684,
O1/0491/2,,videos/sample_001961_O1__0491__2.pt,ok,0.6216436625,0.6418730021,0.5370609648,0.5263057286,average,0.6216436625,0.5370609648,
O1/0491/3,,videos/sample_001962_O1__0491__3.pt,ok,0.6212413311,0.6418730021,0.5372770847,0.5263057286,average,0.6212413311,0.5372770847,
O1/0491/4,,videos/sample_001963_O1__0491__4.pt,ok,0.6198974848,0.6416429877,0.5379995879,0.5264268004,average,0.6198974848,0.5379995879,
O1/0492/1,,videos/sample_001964_O1__0492__1.pt,ok,0.5546049476,0.5775409937,0.5742990946,0.5612768543,average,0.5546049476,0.5742990946,
O1/0492/2,,videos/sample_001965_O1__0492__2.pt,ok,0.5580546260,0.5881087780,0.5723213607,0.5553766327,average,0.5580546260,0.5723213607,
O1/0492/3,,videos/sample_001966_O1__0492__3.pt,ok,0.5561374426,0.5787551403,0.5734196582,0.5605957955,average,0.5561374426,0.5734196582,
O1/0492/4,,videos/sample_001967_O1__0492__4.pt,ok,0.5590426326,0.5897967219,0.5717561827,0.5544399788,average,0.5590426326,0.5717561827,
O1/0493/1,,videos/sample_001968_O1__0493__1.pt,ok,0.6171362400,0.6432625651,0.5394871893,0.5255749015,average,0.6171362400,0.5394871893,
O1/0493/2,,videos/sample_001969_O1__0493__2.pt,ok,0.6192671061,0.6432625651,0.5383388383,0.5255749015,average,0.6192671061,0.5383388383,
O1/0493/3,,videos/sample_001970_O1__0493__3.pt,ok,0.6196954250,0.6444704533,0.5381083070,0.5249404490,average,0.6196954250,0.5381083070,
O1/0493/4,,videos/sample_001971_O1__0493__4.pt,ok,0.6189653873,0.6444704533,0.5385012897,0.5249404490,average,0.6189653873,0.5385012897,
O1/0494/1,,videos/sample_001972_O1__0494__1.pt,ok,0.5763683319,0.6061308384,0.5619354283,0.5454572537,average,0.5763683319,0.5619354283,
O1/0494/2,,videos/sample_001973_O1__0494__2.pt,ok,0.5818772912,0.6214808226,0.5588482603,0.5371484269,average,0.5818772912,0.5588482603,
O1/0494/3,,videos/sample_001974_O1__0494__3.pt,ok,0.5803043842,0.6115085483,0.5597279683,0.5425318160,average,0.5803043842,0.5597279683,
O1/0494/4,,videos/sample_001975_O1__0494__4.pt,ok,0.5691460371,0.5976600647,0.5660085827,0.5500973234,average,0.5691460371,0.5660085827,
O1/0495/1,,videos/sample_001976_O1__0495__1.pt,ok,0.5793635249,0.6028409004,0.5602548414,0.5472547294,average,0.5793635249,0.5602548414,
O1/0495/2,,videos/sample_001977_O1__0495__2.pt,ok,0.5806364417,0.6051599979,0.5595421373,0.5459870628,average,0.5806364417,0.5595421373,
O1/0495/3,,videos/sample_001978_O1__0495__3.pt,ok,0.5806217790,0.6055578589,0.5595503417,0.5457698791,average,0.5806217790,0.5595503417,
O1/0495/4,,videos/sample_001979_O1__0495__4.pt,ok,0.5794649124,0.6034320593,0.5601980414,0.5469313106,average,0.5794649124,0.5601980414,
O1/0496/1,,videos/sample_001980_O1__0496__1.pt,ok,0.5734576583,0.5986459255,0.5635734216,0.5495552713,average,0.5734576583,0.5635734216,
O1/0496/2,,videos/sample_001981_O1__0496__2.pt,ok,0.5721409917,0.5944650173,0.5643159487,0.5518577212,average,0.5721409917,0.5643159487,
O1/0496/3,,videos/sample_001982_O1__0496__3.pt,ok,0.5736695528,0.5983233452,0.5634540162,0.5497325756,average,0.5736695528,0.5634540162,
O1/0496/4,,videos/sample_001983_O1__0496__4.pt,ok,0.5714637637,0.5940410495,0.5646982486,0.5520917408,average,0.5714637637,0.5646982486,
O1/0497/1,,videos/sample_001984_O1__0497__1.pt,ok,0.5764214993,0.6053242087,0.5619055525,0.5458974132,average,0.5764214993,0.5619055525,
O1/0497/2,,videos/sample_001985_O1__0497__2.pt,ok,0.5748184919,0.6053242087,0.5628070135,0.5458974132,average,0.5748184919,0.5628070135,
O1/0497/3,,videos/sample_001986_O1__0497__3.pt,ok,0.5806241632,0.6118321419,0.5595490077,0.5423562846,average,0.5806241632,0.5595490077,
O1/0497/4,,videos/sample_001987_O1__0497__4.pt,ok,0.5813442469,0.6118321419,0.5591462306,0.5423562846,average,0.5813442469,0.5591462306,
O1/0498/1,,videos/sample_001988_O1__0498__1.pt,ok,0.6223554611,0.6340184212,0.5366788215,0.5304559172,average,0.6223554611,0.5366788215,
O1/0498/2,,videos/sample_001989_O1__0498__2.pt,ok,0.6218686104,0.6341525912,0.5369401676,0.5303847506,average,0.6218686104,0.5369401676,
O1/0498/3,,videos/sample_001990_O1__0498__3.pt,ok,0.6199427247,0.6337711811,0.5379752494,0.5305870833,average,0.6199427247,0.5379752494,
O1/0498/4,,videos/sample_001991_O1__0498__4.pt,ok,0.6228978634,0.6340184212,0.5363878046,0.5304559172,average,0.6228978634,0.5363878046,
O1/0499/1,,videos/sample_001992_O1__0499__1.pt,ok,0.6293968558,0.6536086202,0.5329131275,0.5201653068,average,0.6293968558,0.5329131275,
O1/0499/2,,videos/sample_001993_O1__0499__2.pt,ok,0.6297240853,0.6536086202,0.5327387712,0.5201653068,average,0.6297240853,0.5327387712,
O1/0499/3,,videos/sample_001994_O1__0499__3.pt,ok,0.6286309958,0.6525395513,0.5333214208,0.5207216967,average,0.6286309958,0.5333214208,
O1/0499/4,,videos/sample_001995_O1__0499__4.pt,ok,0.6297636032,0.6525395513,0.5327177189,0.5207216967,average,0.6297636032,0.5327177189,
O1/0500/1,,videos/sample_001996_O1__0500__1.pt,ok,0.6056399345,0.6312654614,0.5457250865,0.5319182529,average,0.6056399345,0.5457250865,
O1/0500/2,,videos/sample_001997_O1__0500__2.pt,ok,0.6045928597,0.6302419305,0.5462968008,0.5324629664,average,0.6045928597,0.5462968008,
O1/0500/3,,videos/sample_001998_O1__0500__3.pt,ok,0.6039194465,0.6296435595,0.5466648082,0.5327816722,average,0.6039194465,0.5466648082,
O1/0500/4,,videos/sample_001999_O1__0500__4.pt,ok,0.6034098864,0.6298184395,0.5469434378,0.5326885074,average,0.6034098864,0.5469434378,
O1/0501/1,,videos/sample_002000_O1__0501__1.pt,ok,0.5608531237,0.5988355279,0.5707219597,0.5494510842,average,0.5608531237,0.5707219597,
O1/0501/2,,videos/sample_002001_O1__0501__2.pt,ok,0.5614430904,0.5988355279,0.5703853520,0.5494510842,average,0.5614430904,0.5703853520,
O1/0501/3,,videos/sample_002002_O1__0501__3.pt,ok,0.5684235692,0.6042799950,0.5664176535,0.5464677446,average,0.5684235692,0.5664176535,
O1/0501/4,,videos/sample_002003_O1__0501__4.pt,ok,0.5687549114,0.6042799950,0.5662300065,0.5464677446,average,0.5687549114,0.5662300065,
O1/0502/1,,videos/sample_002004_O1__0502__1.pt,ok,0.5738306642,0.6103142500,0.5633632446,0.5431801479,average,0.5738306642,0.5633632446,
O1/0502/2,,videos/sample_002005_O1__0502__2.pt,ok,0.5792412758,0.6203573942,0.5603233362,0.5377522137,average,0.5792412758,0.5603233362,
O1/0502/3,,videos/sample_002006_O1__0502__3.pt,ok,0.5807699561,0.6192209721,0.5594674353,0.5383636746,average,0.5807699561,0.5594674353,
O1/0502/4,,videos/sample_002007_O1__0502__4.pt,ok,0.5811581016,0.6184958816,0.5592503227,0.5387541786,average,0.5811581016,0.5592503227,
O1/0503/1,,videos/sample_002008_O1__0503__1.pt,ok,0.5700139403,0.6013965011,0.5655175551,0.5480457550,average,0.5700139403,0.5655175551,
O1/0503/2,,videos/sample_002009_O1__0503__2.pt,ok,0.5686540008,0.6022324562,0.5662871480,0.5475878047,average,0.5686540008,0.5662871480,
O1/0503/3,,videos/sample_002010_O1__0503__3.pt,ok,0.5635375977,0.6000689864,0.5691919260,0.5487737769,average,0.5635375977,0.5691919260,
O1/0503/4,,videos/sample_002011_O1__0503__4.pt,ok,0.5703069568,0.6027353406,0.5653518735,0.5473125006,average,0.5703069568,0.5653518735,
O1/0504/1,,videos/sample_002012_O1__0504__1.pt,ok,0.6142895818,0.6280334592,0.5410251129,0.5336401950,average,0.6142895818,0.5410251129,
O1/0504/2,,videos/sample_002013_O1__0504__2.pt,ok,0.6131392121,0.6267161369,0.5416478499,0.5343436344,average,0.6131392121,0.5416478499,
O1/0504/3,,videos/sample_002014_O1__0504__3.pt,ok,0.6137470007,0.6279597282,0.5413187426,0.5336795423,average,0.6137470007,0.5413187426,
O1/0504/4,,videos/sample_002015_O1__0504__4.pt,ok,0.6114184856,0.6270693541,0.5425806800,0.5341549284,average,0.6114184856,0.5425806800,
O1/0505/1,,videos/sample_002016_O1__0505__1.pt,ok,0.5535049438,0.5763931274,0.5749311734,0.5619214950,average,0.5535049438,0.5749311734,
O1/0505/2,,videos/sample_002017_O1__0505__2.pt,ok,0.5635174513,0.6066331863,0.5692033933,0.5451833132,average,0.5635174513,0.5692033933,
O1/0505/3,,videos/sample_002018_O1__0505__3.pt,ok,0.5704733729,0.6088168025,0.5652577976,0.5439941409,average,0.5704733729,0.5652577976,
O1/0505/4,,videos/sample_002019_O1__0505__4.pt,ok,0.5721737742,0.6087354422,0.5642974492,0.5440384023,average,0.5721737742,0.5642974492,
O1/0506/1,,videos/sample_002020_O1__0506__1.pt,ok,0.5447803736,0.5668752193,0.5799691459,0.5672953455,average,0.5447803736,0.5799691459,
O1/0506/2,,videos/sample_002021_O1__0506__2.pt,ok,0.5585033894,0.5880450606,0.5720645814,0.5554120209,average,0.5585033894,0.5720645814,
O1/0506/3,,videos/sample_002022_O1__0506__3.pt,ok,0.5565190315,0.5900864601,0.5732008893,0.5542793596,average,0.5565190315,0.5732008893,
O1/0506/4,,videos/sample_002023_O1__0506__4.pt,ok,0.5552359223,0.5932261348,0.5739368407,0.5525418318,average,0.5552359223,0.5739368407,
O1/0507/1,,videos/sample_002024_O1__0507__1.pt,ok,0.5678367615,0.6085542440,0.5667501293,0.5441369900,average,0.5678367615,0.5667501293,
O1/0507/2,,videos/sample_002025_O1__0507__2.pt,ok,0.5677881837,0.6015505791,0.5667776614,0.5479613197,average,0.5677881837,0.5667776614,
O1/0507/3,,videos/sample_002026_O1__0507__3.pt,ok,0.5663665533,0.6017300487,0.5675839828,0.5478629861,average,0.5663665533,0.5675839828,
O1/0507/4,,videos/sample_002027_O1__0507__4.pt,ok,0.5603863597,0.5939241052,0.5709884143,0.5521563085,average,0.5603863597,0.5709884143,
O1/0508/1,,videos/sample_002028_O1__0508__1.pt,ok,0.5654423237,0.5870843530,0.5681088032,0.5559458659,average,0.5654423237,0.5681088032,
O1/0508/2,,videos/sample_002029_O1__0508__2.pt,ok,0.5651772618,0.5871189237,0.5682594071,0.5559266468,average,0.5651772618,0.5682594071,
O1/0508/3,,videos/sample_002030_O1__0508__3.pt,ok,0.5660128593,0.5921261311,0.5677847693,0.5531499643,average,0.5660128593,0.5677847693,
O1/0508/4,,videos/sample_002031_O1__0508__4.pt,ok,0.5669230819,0.5929452181,0.5672681940,0.5526970718,average,0.5669230819,0.5672681940,
O1/0509/1,,videos/sample_002032_O1__0509__1.pt,ok,0.5714548826,0.6075970531,0.5647032638,0.5446580823,average,0.5714548826,0.5647032638,
O1/0509/2,,videos/sample_002033_O1__0509__2.pt,ok,0.5691593885,0.6078693271,0.5660010257,0.5445098063,average,0.5691593885,0.5660010257,
O1/0509/3,,videos/sample_002034_O1__0509__3.pt,ok,0.5722542405,0.6075970531,0.5642520442,0.5446580823,average,0.5722542405,0.5642520442,
O1/0509/4,,videos/sample_002035_O1__0509__4.pt,ok,0.5704014301,0.6078693271,0.5652984653,0.5445098063,average,0.5704014301,0.5652984653,
O1/0510/1,,videos/sample_002036_O1__0510__1.pt,ok,0.6253563166,0.6488441825,0.5350707400,0.5226495152,average,0.6253563166,0.5350707400,
O1/0510/2,,videos/sample_002037_O1__0510__2.pt,ok,0.6251007915,0.6493090987,0.5352074815,0.5224065835,average,0.6251007915,0.5352074815,
O1/0510/3,,videos/sample_002038_O1__0510__3.pt,ok,0.6255728602,0.6493090987,0.5349548863,0.5224065835,average,0.6255728602,0.5349548863,
O1/0510/4,,videos/sample_002039_O1__0510__4.pt,ok,0.6253192425,0.6488441825,0.5350905776,0.5226495152,average,0.6253192425,0.5350905776,
O1/0511/1,,videos/sample_002040_O1__0511__1.pt,ok,0.6181441545,0.6311053634,0.5389437063,0.5320034188,average,0.6181441545,0.5389437063,
O1/0511/2,,videos/sample_002041_O1__0511__2.pt,ok,0.6179700494,0.6308662295,0.5390375473,0.5321306540,average,0.6179700494,0.5390375473,
O1/0511/3,,videos/sample_002042_O1__0511__3.pt,ok,0.6170584559,0.6308662295,0.5395291545,0.5321306540,average,0.6170584559,0.5395291545,
O1/0511/4,,videos/sample_002043_O1__0511__4.pt,ok,0.6167822480,0.6311053634,0.5396781973,0.5320034188,average,0.6167822480,0.5396781973,
O1/0512/1,,videos/sample_002044_O1__0512__1.pt,ok,0.6092672348,0.6258215904,0.5437491636,0.5348218435,average,0.6092672348,0.5437491636,
O1/0512/2,,videos/sample_002045_O1__0512__2.pt,ok,0.6085420251,0.6256794333,0.5441436388,0.5348978776,average,0.6085420251,0.5441436388,
O1/0512/3,,videos/sample_002046_O1__0512__3.pt,ok,0.6070626378,0.6241244078,0.5449492337,0.5357303045,average,0.6070626378,0.5449492337,
O1/0512/4,,videos/sample_002047_O1__0512__4.pt,ok,0.6092849970,0.6260105968,0.5437395055,0.5347207683,average,0.6092849970,0.5437395055,
O1/0513/1,,videos/sample_002048_O1__0513__1.pt,ok,0.5714997649,0.6000852585,0.5646779192,0.5487648472,average,0.5714997649,0.5646779192,
O1/0513/2,,videos/sample_002049_O1__0513__2.pt,ok,0.5726172328,0.6029908061,0.5640472622,0.5471726990,average,0.5726172328,0.5640472622,
O1/0513/3,,videos/sample_002050_O1__0513__3.pt,ok,0.5711776018,0.6023131013,0.5648598669,0.5475436462,average,0.5711776018,0.5648598669,
O1/0513/4,,videos/sample_002051_O1__0513__4.pt,ok,0.5638468862,0.5926292539,0.5690159087,0.5528717319,average,0.5638468862,0.5690159087,
O1/0514/1,,videos/sample_002052_O1__0514__1.pt,ok,0.6273775697,0.6391733289,0.5339903189,0.5277285017,average,0.6273775697,0.5339903189,
O1/0514/2,,videos/sample_002053_O1__0514__2.pt,ok,0.6270498633,0.6402299404,0.5341653395,0.5271711921,average,0.6270498633,0.5341653395,
O1/0514/3,,videos/sample_002054_O1__0514__3.pt,ok,0.6266534925,0.6391733289,0.5343771091,0.5277285017,average,0.6266534925,0.5343771091,
O1/0514/4,,videos/sample_002055_O1__0514__4.pt,ok,0.6277699471,0.6402299404,0.5337808342,0.5271711921,average,0.6277699471,0.5337808342,
O1/0515/1,,videos/sample_002056_O1__0515__1.pt,ok,0.6203671098,0.6448605657,0.5377469892,0.5247357032,average,0.6203671098,0.5377469892,
O1/0515/2,,videos/sample_002057_O1__0515__2.pt,ok,0.6177984476,0.6448605657,0.5391300551,0.5247357032,average,0.6177984476,0.5391300551,
O1/0515/3,,videos/sample_002058_O1__0515__3.pt,ok,0.6199141741,0.6440778375,0.5379906092,0.5251465894,average,0.6199141741,0.5379906092,
O1/0515/4,,videos/sample_002059_O1__0515__4.pt,ok,0.6202633381,0.6440778375,0.5378027950,0.5251465894,average,0.6202633381,0.5378027950,
O1/0516/1,,videos/sample_002060_O1__0516__1.pt,ok,0.5696849227,0.5956798792,0.5657036510,0.5511876974,average,0.5696849227,0.5657036510,
O1/0516/2,,videos/sample_002061_O1__0516__2.pt,ok,0.5665789843,0.5873761773,0.5674634232,0.5557836510,average,0.5665789843,0.5674634232,
O1/0516/3,,videos/sample_002062_O1__0516__3.pt,ok,0.5673566461,0.5970594287,0.5670223001,0.5504278309,average,0.5673566461,0.5670223001,
O1/0516/4,,videos/sample_002063_O1__0516__4.pt,ok,0.5693352818,0.5906040072,0.5659014787,0.5539925681,average,0.5693352818,0.5659014787,
O1/0517/1,,videos/sample_002064_O1__0517__1.pt,ok,0.5742095113,0.6080781221,0.5631498565,0.5443961272,average,0.5742095113,0.5631498565,
O1/0517/2,,videos/sample_002065_O1__0517__2.pt,ok,0.5765317678,0.6093056202,0.5618435954,0.5437282920,average,0.5765317678,0.5618435954,
O1/0517/3,,videos/sample_002066_O1__0517__3.pt,ok,0.5619647503,0.5836209059,0.5700878825,0.5578746933,average,0.5619647503,0.5700878825,
O1/0517/4,,videos/sample_002067_O1__0517__4.pt,ok,0.5704126954,0.6073932648,0.5652920971,0.5447690886,average,0.5704126954,0.5652920971,
O1/0518/1,,videos/sample_002068_O1__0518__1.pt,ok,0.5840532184,0.6154930592,0.5576335692,0.5403743931,average,0.5840532184,0.5576335692,
O1/0518/2,,videos/sample_002069_O1__0518__2.pt,ok,0.5827148557,0.6139087081,0.5583803848,0.5412312144,average,0.5827148557,0.5583803848,
O1/0518/3,,videos/sample_002070_O1__0518__3.pt,ok,0.5791871548,0.6100558639,0.5603536623,0.5433205162,average,0.5791871548,0.5603536623,
O1/0518/4,,videos/sample_002071_O1__0518__4.pt,ok,0.5842543840,0.6162653565,0.5575214037,0.5399572245,average,0.5842543840,0.5575214037,
O1/0519/1,,videos/sample_002072_O1__0519__1.pt,ok,0.5739692450,0.6062990427,0.5632851787,0.5453655132,average,0.5739692450,0.5632851787,
O1/0519/2,,videos/sample_002073_O1__0519__2.pt,ok,0.5650932789,0.5858732462,0.5683071332,0.5566195836,average,0.5650932789,0.5683071332,
O1/0519/3,,videos/sample_002074_O1__0519__3.pt,ok,0.5720531344,0.6063611507,0.5643655301,0.5453316427,average,0.5720531344,0.5643655301,
O1/0519/4,,videos/sample_002075_O1__0519__4.pt,ok,0.5736219287,0.6046682596,0.5634808508,0.5462556116,average,0.5736219287,0.5634808508,
O1/0520/1,,videos/sample_002076_O1__0520__1.pt,ok,0.5699436069,0.5925300121,0.5655573314,0.5529266026,average,0.5699436069,0.5655573314,
O1/0520/2,,videos/sample_002077_O1__0520__2.pt,ok,0.5710448027,0.5960637927,0.5649348848,0.5509761296,average,0.5710448027,0.5649348848,
O1/0520/3,,videos/sample_002078_O1__0520__3.pt,ok,0.5695309639,0.5917142630,0.5657907528,0.5533778360,average,0.5695309639,0.5657907528,
O1/0520/4,,videos/sample_002079_O1__0520__4.pt,ok,0.5716454983,0.5960469842,0.5645956328,0.5509853908,average,0.5716454983,0.5645956328,
O1/0521/1,,videos/sample_002080_O1__0521__1.pt,ok,0.5789667368,0.6095131636,0.5604771879,0.5436154565,average,0.5789667368,0.5604771879,
O1/0521/2,,videos/sample_002081_O1__0521__2.pt,ok,0.5799199939,0.6097754240,0.5599431637,0.5434729063,average,0.5799199939,0.5599431637,
O1/0521/3,,videos/sample_002082_O1__0521__3.pt,ok,0.5824149847,0.6110668778,0.5585478520,0.5427714892,average,0.5824149847,0.5585478520,
O1/0521/4,,videos/sample_002083_O1__0521__4.pt,ok,0.5825609565,0.6108022332,0.5584663257,0.5429151498,average,0.5825609565,0.5584663257,
O1/0522/1,,videos/sample_002084_O1__0522__1.pt,ok,0.6153671741,0.6311792731,0.5404424224,0.5319641000,average,0.6153671741,0.5404424224,
O1/0522/2,,videos/sample_002085_O1__0522__2.pt,ok,0.6166895628,0.6311351657,0.5397282198,0.5319875641,average,0.6166895628,0.5397282198,
O1/0522/3,,videos/sample_002086_O1__0522__3.pt,ok,0.6147167683,0.6311351657,0.5407940437,0.5319875641,average,0.6147167683,0.5407940437,
O1/0522/4,,videos/sample_002087_O1__0522__4.pt,ok,0.6170966029,0.6311792731,0.5395085735,0.5319641000,average,0.6170966029,0.5395085735,
O1/0523/1,,videos/sample_002088_O1__0523__1.pt,ok,0.5641732812,0.5869911313,0.5688302151,0.5559976945,average,0.5641732812,0.5688302151,
O1/0523/2,,videos/sample_002089_O1__0523__2.pt,ok,0.5657563210,0.5906892419,0.5679304466,0.5539453508,average,0.5657563210,0.5679304466,
O1/0523/3,,videos/sample_002090_O1__0523__3.pt,ok,0.5653287768,0.5907047987,0.5681733138,0.5539367332,average,0.5653287768,0.5681733138,
O1/0523/4,,videos/sample_002091_O1__0523__4.pt,ok,0.5642873049,0.5871301889,0.5687653586,0.5559203842,average,0.5642873049,0.5687653586,
O1/0524/1,,videos/sample_002092_O1__0524__1.pt,ok,0.6174281240,0.6308752298,0.5393297447,0.5321258647,average,0.6174281240,0.5393297447,
O1/0524/2,,videos/sample_002093_O1__0524__2.pt,ok,0.6182827353,0.6297275424,0.5388690242,0.5327369295,average,0.6182827353,0.5388690242,
O1/0524/3,,videos/sample_002094_O1__0524__3.pt,ok,0.6178346276,0.6308385134,0.5391105497,0.5321454028,average,0.6178346276,0.5391105497,
O1/0524/4,,videos/sample_002095_O1__0524__4.pt,ok,0.6161623597,0.6304248571,0.5400128412,0.5323655736,average,0.6161623597,0.5400128412,
O1/0525/1,,videos/sample_002096_O1__0525__1.pt,ok,0.5790361166,0.6076541543,0.5604383035,0.5446269826,average,0.5790361166,0.5604383035,
O1/0525/2,,videos/sample_002097_O1__0525__2.pt,ok,0.5785362720,0.6084295511,0.5607185055,0.5442048442,average,0.5785362720,0.5607185055,
O1/0525/3,,videos/sample_002098_O1__0525__3.pt,ok,0.5776045322,0.6040813327,0.5612411928,0.5465763179,average,0.5776045322,0.5612411928,
O1/0525/4,,videos/sample_002099_O1__0525__4.pt,ok,0.5767162442,0.6043493152,0.5617399581,0.5464298646,average,0.5767162442,0.5617399581,
O1/0526/1,,videos/sample_002100_O1__0526__1.pt,ok,0.6206517816,0.6469425559,0.5375939296,0.5236443451,average,0.6206517816,0.5375939296,
O1/0526/2,,videos/sample_002101_O1__0526__2.pt,ok,0.6191191077,0.6469425559,0.5384185175,0.5236443451,average,0.6191191077,0.5384185175,
O1/0526/3,,videos/sample_002102_O1__0526__3.pt,ok,0.6203523278,0.6466239691,0.5377549382,0.5238111978,average,0.6203523278,0.5377549382,
O1/0526/4,,videos/sample_002103_O1__0526__4.pt,ok,0.6200996637,0.6466239691,0.5378908267,0.5238111978,average,0.6200996637,0.5378908267,
O1/0527/1,,videos/sample_002104_O1__0527__1.pt,ok,0.6205612421,0.6332713366,0.5376426052,0.5308523607,average,0.6205612421,0.5376426052,
O1/0527/2,,videos/sample_002105_O1__0527__2.pt,ok,0.6188003421,0.6315166354,0.5385901742,0.5317846656,average,0.6188003421,0.5385901742,
O1/0527/3,,videos/sample_002106_O1__0527__3.pt,ok,0.6203243732,0.6319708824,0.5377699711,0.5315431589,average,0.6203243732,0.5377699711,
O1/0527/4,,videos/sample_002107_O1__0527__4.pt,ok,0.6197363734,0.6324154139,0.5380862727,0.5313069238,average,0.6197363734,0.5380862727,
O1/0528/1,,videos/sample_002108_O1__0528__1.pt,ok,0.5609713793,0.5924910903,0.5706544726,0.5529481239,average,0.5609713793,0.5706544726,
O1/0528/2,,videos/sample_002109_O1__0528__2.pt,ok,0.5589978099,0.5789639354,0.5717818109,0.5604787581,average,0.5589978099,0.5717818109,
O1/0528/3,,videos/sample_002110_O1__0528__3.pt,ok,0.5634533763,0.5923247337,0.5692398662,0.5530401181,average,0.5634533763,0.5692398662,
O1/0528/4,,videos/sample_002111_O1__0528__4.pt,ok,0.5618969202,0.5829040408,0.5701265529,0.5582747575,average,0.5618969202,0.5701265529,
O1/0529/1,,videos/sample_002112_O1__0529__1.pt,ok,0.6002653837,0.6196067333,0.5486660097,0.5381560348,average,0.6002653837,0.5486660097,
O1/0529/2,,videos/sample_002113_O1__0529__2.pt,ok,0.6008954048,0.6204863191,0.5483204475,0.5376828886,average,0.6008954048,0.5483204475,
O1/0529/3,,videos/sample_002114_O1__0529__3.pt,ok,0.6007197499,0.6214970946,0.5484167711,0.5371396864,average,0.6007197499,0.5484167711,
O1/0529/4,,videos/sample_002115_O1__0529__4.pt,ok,0.5996584892,0.6183923483,0.5489990932,0.5388099604,average,0.5996584892,0.5489990932,
O1/0530/1,,videos/sample_002116_O1__0530__1.pt,ok,0.5725970268,0.5996938348,0.5640586594,0.5489796889,average,0.5725970268,0.5640586594,
O1/0530/2,,videos/sample_002117_O1__0530__2.pt,ok,0.5735714436,0.6028859615,0.5635092989,0.5472300701,average,0.5735714436,0.5635092989,
O1/0530/3,,videos/sample_002118_O1__0530__3.pt,ok,0.5695514083,0.5887938142,0.5657791856,0.5549963098,average,0.5695514083,0.5657791856,
O1/0530/4,,videos/sample_002119_O1__0530__4.pt,ok,0.5691677928,0.5900251865,0.5659962689,0.5543133233,average,0.5691677928,0.5659962689,
O1/0531/1,,videos/sample_002120_O1__0531__1.pt,ok,0.6189332008,0.6312691569,0.5385186225,0.5319162872,average,0.6189332008,0.5385186225,
O1/0531/2,,videos/sample_002121_O1__0531__2.pt,ok,0.6193950772,0.6325139999,0.5382699509,0.5312545469,average,0.6193950772,0.5382699509,
O1/0531/3,,videos/sample_002122_O1__0531__3.pt,ok,0.6171519756,0.6312691569,0.5394787002,0.5319162872,average,0.6171519756,0.5394787002,
O1/0531/4,,videos/sample_002123_O1__0531__4.pt,ok,0.6187121272,0.6325139999,0.5386376879,0.5312545469,average,0.6187121272,0.5386376879,
O1/0532/1,,videos/sample_002124_O1__0532__1.pt,ok,0.6183372140,0.6438420415,0.5388396682,0.5252704314,average,0.6183372140,0.5388396682,
O1/0532/2,,videos/sample_002125_O1__0532__2.pt,ok,0.6166582704,0.6431355476,0.5397451095,0.5256416629,average,0.6166582704,0.5397451095,
O1/0532/3,,videos/sample_002126_O1__0532__3.pt,ok,0.6187660098,0.6438420415,0.5386086655,0.5252704314,average,0.6187660098,0.5386086655,
O1/0532/4,,videos/sample_002127_O1__0532__4.pt,ok,0.6183546185,0.6431355476,0.5388302900,0.5256416629,average,0.6183546185,0.5388302900,
O1/0533/1,,videos/sample_002128_O1__0533__1.pt,ok,0.6183513999,0.6421141028,0.5388320243,0.5261788512,average,0.6183513999,0.5388320243,
O1/0533/2,,videos/sample_002129_O1__0533__2.pt,ok,0.6161987782,0.6407293677,0.5399931751,0.5269079742,average,0.6161987782,0.5399931751,
O1/0533/3,,videos/sample_002130_O1__0533__3.pt,ok,0.6177257895,0.6407293677,0.5391692286,0.5269079742,average,0.6177257895,0.5391692286,
O1/0533/4,,videos/sample_002131_O1__0533__4.pt,ok,0.6178482175,0.6421141028,0.5391032233,0.5261788512,average,0.6178482175,0.5391032233,
O1/0534/1,,videos/sample_002132_O1__0534__1.pt,ok,0.6201537848,0.6461313367,0.5378617163,0.5240693078,average,0.6201537848,0.5378617163,
O1/0534/2,,videos/sample_002133_O1__0534__2.pt,ok,0.6212167144,0.6461313367,0.5372903109,0.5240693078,average,0.6212167144,0.5372903109,
O1/0534/3,,videos/sample_002134_O1__0534__3.pt,ok,0.6220003963,0.6459980607,0.5368694112,0.5241391583,average,0.6220003963,0.5368694112,
O1/0534/4,,videos/sample_002135_O1__0534__4.pt,ok,0.6217316389,0.6459980607,0.5370137181,0.5241391583,average,0.6217316389,0.5370137181,
O1/0535/1,,videos/sample_002136_O1__0535__1.pt,ok,0.5745441914,0.5957987309,0.5629614130,0.5511221917,average,0.5745441914,0.5629614130,
O1/0535/2,,videos/sample_002137_O1__0535__2.pt,ok,0.5735113025,0.5949716568,0.5635431900,0.5515781991,average,0.5735113025,0.5635431900,
O1/0535/3,,videos/sample_002138_O1__0535__3.pt,ok,0.5752395391,0.5981000662,0.5625700951,0.5498553330,average,0.5752395391,0.5625700951,
O1/0535/4,,videos/sample_002139_O1__0535__4.pt,ok,0.5752310157,0.5979455709,0.5625748902,0.5499402896,average,0.5752310157,0.5625748902,
O1/0536/1,,videos/sample_002140_O1__0536__1.pt,ok,0.5874337554,0.6192625761,0.5557516510,0.5383412770,average,0.5874337554,0.5557516510,
O1/0536/2,,videos/sample_002141_O1__0536__2.pt,ok,0.5880113244,0.6201827526,0.5554307587,0.5378461358,average,0.5880113244,0.5554307587,
O1/0536/3,,videos/sample_002142_O1__0536__3.pt,ok,0.5836031437,0.6117138267,0.5578846024,0.5424204574,average,0.5836031437,0.5578846024,
O1/0536/4,,videos/sample_002143_O1__0536__4.pt,ok,0.5851667523,0.6163015366,0.5570129709,0.5399376891,average,0.5851667523,0.5570129709,
O1/0537/1,,videos/sample_002144_O1__0537__1.pt,ok,0.5815827250,0.6127700210,0.5590129023,0.5418478584,average,0.5815827250,0.5590129023,
O1/0537/2,,videos/sample_002145_O1__0537__2.pt,ok,0.5792218447,0.6138620377,0.5603342240,0.5412564745,average,0.5792218447,0.5603342240,
O1/0537/3,,videos/sample_002146_O1__0537__3.pt,ok,0.5751560926,0.6074420214,0.5626170416,0.5447425281,average,0.5751560926,0.5626170416,
O1/0537/4,,videos/sample_002147_O1__0537__4.pt,ok,0.5821577907,0.6149833798,0.5586915256,0.5406498809,average,0.5821577907,0.5586915256,
O1/0538/1,,videos/sample_002148_O1__0538__1.pt,ok,0.5725525618,0.6038210392,0.5640837409,0.5467186066,average,0.5725525618,0.5640837409,
O1/0538/2,,videos/sample_002149_O1__0538__2.pt,ok,0.5599800348,0.5787110925,0.5712204682,0.5606204891,average,0.5599800348,0.5712204682,
O1/0538/3,,videos/sample_002150_O1__0538__3.pt,ok,0.5705621243,0.6036059260,0.5652076325,0.5468362257,average,0.5705621243,0.5652076325,
O1/0538/4,,videos/sample_002151_O1__0538__4.pt,ok,0.5735641122,0.6032966971,0.5635134302,0.5470053494,average,0.5735641122,0.5635134302,
O1/0539/1,,videos/sample_002152_O1__0539__1.pt,ok,0.6229128838,0.6365599036,0.5363797480,0.5291094844,average,0.6229128838,0.5363797480,
O1/0539/2,,videos/sample_002153_O1__0539__2.pt,ok,0.6222291589,0.6364268064,0.5367466095,0.5291799121,average,0.6222291589,0.5367466095,
O1/0539/3,,videos/sample_002154_O1__0539__3.pt,ok,0.6213902235,0.6364709735,0.5371970942,0.5291565403,average,0.6213902235,0.5371970942,
O1/0539/4,,videos/sample_002155_O1__0539__4.pt,ok,0.6226161122,0.6364709735,0.5365389538,0.5291565403,average,0.6226161122,0.5365389538,
O1/0540/1,,videos/sample_002156_O1__0540__1.pt,ok,0.6207115054,0.6354884505,0.5375618233,0.5296767043,average,0.6207115054,0.5375618233,
O1/0540/2,,videos/sample_002157_O1__0540__2.pt,ok,0.6209806800,0.6350801587,0.5374171448,0.5298930111,average,0.6209806800,0.5374171448,
O1/0540/3,,videos/sample_002158_O1__0540__3.pt,ok,0.6213955879,0.6350127459,0.5371942125,0.5299287339,average,0.6213955879,0.5371942125,
O1/0540/4,,videos/sample_002159_O1__0540__4.pt,ok,0.6220320463,0.6354884505,0.5368524195,0.5296767043,average,0.6220320463,0.5368524195,
O1/0541/1,,videos/sample_002160_O1__0541__1.pt,ok,0.6287815571,0.6479051709,0.5332411292,0.5231405197,average,0.6287815571,0.5332411292,
O1/0541/2,,videos/sample_002161_O1__0541__2.pt,ok,0.6284478307,0.6479051709,0.5334191156,0.5231405197,average,0.6284478307,0.5334191156,
O1/0541/3,,videos/sample_002162_O1__0541__3.pt,ok,0.6274906993,0.6493817568,0.5339299122,0.5223686278,average,0.6274906993,0.5339299122,
O1/0541/4,,videos/sample_002163_O1__0541__4.pt,ok,0.6288236976,0.6493817568,0.5332186587,0.5223686278,average,0.6288236976,0.5332186587,
O1/0542/1,,videos/sample_002164_O1__0542__1.pt,ok,0.5567844510,0.5843374133,0.5730487708,0.5574751151,average,0.5567844510,0.5730487708,
O1/0542/2,,videos/sample_002165_O1__0542__2.pt,ok,0.5525653362,0.5734822154,0.5754716369,0.5635595821,average,0.5525653362,0.5754716369,
O1/0542/3,,videos/sample_002166_O1__0542__3.pt,ok,0.5547389984,0.5760747194,0.5742221145,0.5621004438,average,0.5547389984,0.5742221145,
O1/0542/4,,videos/sample_002167_O1__0542__4.pt,ok,0.5571660399,0.5852834582,0.5728301435,0.5569479679,average,0.5571660399,0.5728301435,
O1/0543/1,,videos/sample_002168_O1__0543__1.pt,ok,0.5638943315,0.5954145193,0.5689889122,0.5513339799,average,0.5638943315,0.5689889122,
O1/0543/2,,videos/sample_002169_O1__0543__2.pt,ok,0.5527851582,0.5721822381,0.5753451496,0.5642926731,average,0.5527851582,0.5753451496,
O1/0543/3,,videos/sample_002170_O1__0543__3.pt,ok,0.5624526143,0.5960012674,0.5698098249,0.5510105806,average,0.5624526143,0.5698098249,
O1/0543/4,,videos/sample_002171_O1__0543__4.pt,ok,0.5626860857,0.5966920853,0.5696768062,0.5506300641,average,0.5626860857,0.5696768062,
O1/0544/1,,videos/sample_002172_O1__0544__1.pt,ok,0.5996133089,0.6179569960,0.5490238977,0.5390445837,average,0.5996133089,0.5490238977,
O1/0544/2,,videos/sample_002173_O1__0544__2.pt,ok,0.6005113125,0.6224539280,0.5485310936,0.5366259790,average,0.6005113125,0.5485310936,
O1/0544/3,,videos/sample_002174_O1__0544__3.pt,ok,0.5987261534,0.6173111200,0.5495111834,0.5393928520,average,0.5987261534,0.5495111834,
O1/0544/4,,videos/sample_002175_O1__0544__4.pt,ok,0.5997188091,0.6209622025,0.5489659786,0.5374270750,average,0.5997188091,0.5489659786,
O1/0545/1,,videos/sample_002176_O1__0545__1.pt,ok,0.5604242086,0.5946988463,0.5709668034,0.5517286960,average,0.5604242086,0.5709668034,
O1/0545/2,,videos/sample_002177_O1__0545__2.pt,ok,0.5677115917,0.6038994193,0.5668210737,0.5466757565,average,0.5677115917,0.5668210737,
O1/0545/3,,videos/sample_002178_O1__0545__3.pt,ok,0.5690555573,0.6044161320,0.5660597974,0.5463933551,average,0.5690555573,0.5660597974,
O1/0545/4,,videos/sample_002179_O1__0545__4.pt,ok,0.5670192242,0.6011630893,0.5672136581,0.5481736902,average,0.5670192242,0.5672136581,
O1/0546/1,,videos/sample_002180_O1__0546__1.pt,ok,0.5661092997,0.5851154327,0.5677300146,0.5570415573,average,0.5661092997,0.5677300146,
O1/0546/2,,videos/sample_002181_O1__0546__2.pt,ok,0.5656319857,0.5844896436,0.5680010648,0.5573902569,average,0.5656319857,0.5680010648,
O1/0546/3,,videos/sample_002182_O1__0546__3.pt,ok,0.5671706796,0.5914118886,0.5671277570,0.5535451886,average,0.5671706796,0.5671277570,
O1/0546/4,,videos/sample_002183_O1__0546__4.pt,ok,0.5676496625,0.5923482776,0.5668561776,0.5530270976,average,0.5676496625,0.5668561776,
O1/0547/1,,videos/sample_002184_O1__0547__1.pt,ok,0.6405442357,0.6592996716,0.5270055308,0.5172134269,average,0.6405442357,0.5270055308,
O1/0547/2,,videos/sample_002185_O1__0547__2.pt,ok,0.6410624981,0.6594261527,0.5267324744,0.5171480133,average,0.6410624981,0.5267324744,
O1/0547/3,,videos/sample_002186_O1__0547__3.pt,ok,0.6398485899,0.6592996716,0.5273722675,0.5172134269,average,0.6398485899,0.5273722675,
O1/0547/4,,videos/sample_002187_O1__0547__4.pt,ok,0.6412446499,0.6594261527,0.5266365378,0.5171480133,average,0.6412446499,0.5266365378,
O1/0548/1,,videos/sample_002188_O1__0548__1.pt,ok,0.6176546216,0.6437906623,0.5392076016,0.5252974201,average,0.6176546216,0.5392076016,
O1/0548/2,,videos/sample_002189_O1__0548__2.pt,ok,0.6166760325,0.6437906623,0.5397355225,0.5252974201,average,0.6166760325,0.5397355225,
O1/0548/3,,videos/sample_002190_O1__0548__3.pt,ok,0.6191989183,0.6429842710,0.5383755477,0.5257211862,average,0.6191989183,0.5383755477,
O1/0548/4,,videos/sample_002191_O1__0548__4.pt,ok,0.6181845069,0.6429842710,0.5389219591,0.5257211862,average,0.6181845069,0.5389219591,
O1/0549/1,,videos/sample_002192_O1__0549__1.pt,ok,0.6280084252,0.6500510573,0.5336535543,0.5220191232,average,0.6280084252,0.5336535543,
O1/0549/2,,videos/sample_002193_O1__0549__2.pt,ok,0.6271280646,0.6497660279,0.5341235688,0.5221679352,average,0.6271280646,0.5341235688,
O1/0549/3,,videos/sample_002194_O1__0549__3.pt,ok,0.6252298355,0.6497660279,0.5351384206,0.5221679352,average,0.6252298355,0.5351384206,
O1/0549/4,,videos/sample_002195_O1__0549__4.pt,ok,0.6274712682,0.6500510573,0.5339402871,0.5220191232,average,0.6274712682,0.5339402871,
O1/0550/1,,videos/sample_002196_O1__0550__1.pt,ok,0.6175868511,0.6323124170,0.5392441452,0.5313616495,average,0.6175868511,0.5392441452,
O1/0550/2,,videos/sample_002197_O1__0550__2.pt,ok,0.6174867153,0.6325453520,0.5392981455,0.5312378912,average,0.6174867153,0.5392981455,
O1/0550/3,,videos/sample_002198_O1__0550__3.pt,ok,0.6185575128,0.6334598660,0.5387209755,0.5307522888,average,0.6185575128,0.5387209755,
O1/0550/4,,videos/sample_002199_O1__0550__4.pt,ok,0.6169013977,0.6323124170,0.5396138986,0.5313616495,average,0.6169013977,0.5396138986,
O1/0551/1,,videos/sample_002200_O1__0551__1.pt,ok,0.6278861761,0.6497833133,0.5337187970,0.5221589094,average,0.6278861761,0.5337187970,
O1/0551/2,,videos/sample_002201_O1__0551__2.pt,ok,0.6268740296,0.6497833133,0.5342592721,0.5221589094,average,0.6268740296,0.5342592721,
O1/0551/3,,videos/sample_002202_O1__0551__3.pt,ok,0.6282052398,0.6490672827,0.5335485339,0.5225329251,average,0.6282052398,0.5335485339,
O1/0551/4,,videos/sample_002203_O1__0551__4.pt,ok,0.6279147267,0.6490672827,0.5337035592,0.5225329251,average,0.6279147267,0.5337035592,
O1/0552/1,,videos/sample_002204_O1__0552__1.pt,ok,0.5875764489,0.6204975247,0.5556723545,0.5376768635,average,0.5875764489,0.5556723545,
O1/0552/2,,videos/sample_002205_O1__0552__2.pt,ok,0.5832200646,0.6224627495,0.5580983573,0.5366212452,average,0.5832200646,0.5580983573,
O1/0552/3,,videos/sample_002206_O1__0552__3.pt,ok,0.5793285370,0.6124027967,0.5602744439,0.5420468746,average,0.5793285370,0.5602744439,
O1/0552/4,,videos/sample_002207_O1__0552__4.pt,ok,0.5873991251,0.6199033260,0.5557708972,0.5379964453,average,0.5873991251,0.5557708972,
O1/0553/1,,videos/sample_002208_O1__0553__1.pt,ok,0.5700752139,0.6060221791,0.5654829049,0.5455165259,average,0.5700752139,0.5654829049,
O1/0553/2,,videos/sample_002209_O1__0553__2.pt,ok,0.5547168851,0.5779346228,0.5742348126,0.5610559629,average,0.5547168851,0.5742348126,
O1/0553/3,,videos/sample_002210_O1__0553__3.pt,ok,0.5700650811,0.6064069867,0.5654886349,0.5453066474,average,0.5700650811,0.5654886349,
O1/0553/4,,videos/sample_002211_O1__0553__4.pt,ok,0.5671218038,0.6090635657,0.5671554765,0.5438599198,average,0.5671218038,0.5671554765,
O1/0554/1,,videos/sample_002212_O1__0554__1.pt,ok,0.6166754365,0.6428062320,0.5397358442,0.5258147934,average,0.6166754365,0.5397358442,
O1/0554/2,,videos/sample_002213_O1__0554__2.pt,ok,0.6154511571,0.6430594325,0.5403970363,0.5256816737,average,0.6154511571,0.5403970363,
O1/0554/3,,videos/sample_002214_O1__0554__3.pt,ok,0.6173042059,0.6430594325,0.5393965815,0.5256816737,average,0.6173042059,0.5393965815,
O1/0554/4,,videos/sample_002215_O1__0554__4.pt,ok,0.6165894270,0.6428062320,0.5397822686,0.5258147934,average,0.6165894270,0.5397822686,
O1/0555/1,,videos/sample_002216_O1__0555__1.pt,ok,0.5780695081,0.6069446206,0.5609802898,0.5450135509,average,0.5780695081,0.5609802898,
O1/0555/2,,videos/sample_002217_O1__0555__2.pt,ok,0.5827726126,0.6098669171,0.5583481354,0.5434231846,average,0.5827726126,0.5583481354,
O1/0555/3,,videos/sample_002218_O1__0555__3.pt,ok,0.5832271576,0.6116068363,0.5580943987,0.5424784942,average,0.5832271576,0.5580943987,
O1/0555/4,,videos/sample_002219_O1__0555__4.pt,ok,0.5832492113,0.6120880246,0.5580820908,0.5422175227,average,0.5832492113,0.5580820908,
O1/0556/1,,videos/sample_002220_O1__0556__1.pt,ok,0.5636746287,0.6009872556,0.5691139344,0.5482700861,average,0.5636746287,0.5691139344,
O1/0556/2,,videos/sample_002221_O1__0556__2.pt,ok,0.5583434701,0.5940247178,0.5721560729,0.5521007574,average,0.5583434701,0.5721560729,
O1/0556/3,,videos/sample_002222_O1__0556__3.pt,ok,0.5639167428,0.6004939675,0.5689761606,0.5485406079,average,0.5639167428,0.5689761606,
O1/0556/4,,videos/sample_002223_O1__0556__4.pt,ok,0.5624589324,0.5996091962,0.5698062248,0.5490261557,average,0.5624589324,0.5698062248,
O1/0557/1,,videos/sample_002224_O1__0557__1.pt,ok,0.5903779268,0.6130432487,0.5541178292,0.5416998308,average,0.5903779268,0.5541178292,
O1/0557/2,,videos/sample_002225_O1__0557__2.pt,ok,0.5892658234,0.6114407182,0.5547344083,0.5425686172,average,0.5892658234,0.5547344083,
O1/0557/3,,videos/sample_002226_O1__0557__3.pt,ok,0.5894461274,0.6101045609,0.5546343965,0.5432940588,average,0.5894461274,0.5546343965,
O1/0557/4,,videos/sample_002227_O1__0557__4.pt,ok,0.5882771611,0.6093502641,0.5552831245,0.5437040184,average,0.5882771611,0.5552831245,
O1/0558/1,,videos/sample_002228_O1__0558__1.pt,ok,0.5752406120,0.6049255133,0.5625694915,0.5461151035,average,0.5752406120,0.5625694915,
O1/0558/2,,videos/sample_002229_O1__0558__2.pt,ok,0.5759209394,0.6060695648,0.5621868902,0.5454906769,average,0.5759209394,0.5621868902,
O1/0558/3,,videos/sample_002230_O1__0558__3.pt,ok,0.5754255056,0.6089567542,0.5624654856,0.5439180134,average,0.5754255056,0.5624654856,
O1/0558/4,,videos/sample_002231_O1__0558__4.pt,ok,0.5712749958,0.6023188233,0.5648048556,0.5475405132,average,0.5712749958,0.5648048556,
O1/0559/1,,videos/sample_002232_O1__0559__1.pt,ok,0.5844122767,0.6089705229,0.5574333821,0.5439105244,average,0.5844122767,0.5574333821,
O1/0559/2,,videos/sample_002233_O1__0559__2.pt,ok,0.5811269283,0.6011427045,0.5592677566,0.5481848648,average,0.5811269283,0.5592677566,
O1/0559/3,,videos/sample_002234_O1__0559__3.pt,ok,0.5855092406,0.6101214290,0.5568222331,0.5432848945,average,0.5855092406,0.5568222331,
O1/0559/4,,videos/sample_002235_O1__0559__4.pt,ok,0.5840545893,0.6065437198,0.5576328047,0.5452320911,average,0.5840545893,0.5576328047,
O1/0560/1,,videos/sample_002236_O1__0560__1.pt,ok,0.5579849482,0.5787356496,0.5723612402,0.5606067220,average,0.5579849482,0.5723612402,
O1/0560/2,,videos/sample_002237_O1__0560__2.pt,ok,0.5744012594,0.6046264768,0.5630418839,0.5462784362,average,0.5744012594,0.5630418839,
O1/0560/3,,videos/sample_002238_O1__0560__3.pt,ok,0.5759338140,0.6079514027,0.5621796524,0.5444651172,average,0.5759338140,0.5621796524,
O1/0560/4,,videos/sample_002239_O1__0560__4.pt,ok,0.5686953664,0.6012454629,0.5662637237,0.5481285370,average,0.5686953664,0.5662637237,
O1/0561/1,,videos/sample_002240_O1__0561__1.pt,ok,0.5913595557,0.6121774912,0.5535741580,0.5421690146,average,0.5913595557,0.5535741580,
O1/0561/2,,videos/sample_002241_O1__0561__2.pt,ok,0.5910065770,0.6119772792,0.5537695924,0.5422775742,average,0.5910065770,0.5537695924,
O1/0561/3,,videos/sample_002242_O1__0561__3.pt,ok,0.5907818675,0.6119772792,0.5538940436,0.5422775742,average,0.5907818675,0.5538940436,
O1/0561/4,,videos/sample_002243_O1__0561__4.pt,ok,0.5915039778,0.6121774912,0.5534942154,0.5421690146,average,0.5915039778,0.5534942154,
O1/0562/1,,videos/sample_002244_O1__0562__1.pt,ok,0.5702584386,0.5906732082,0.5653793040,0.5539542326,average,0.5702584386,0.5653793040,
O1/0562/2,,videos/sample_002245_O1__0562__2.pt,ok,0.5683232546,0.5881193280,0.5664744763,0.5553707734,average,0.5683232546,0.5664744763,
O1/0562/3,,videos/sample_002246_O1__0562__3.pt,ok,0.5695738196,0.5902094245,0.5657665059,0.5542112072,average,0.5695738196,0.5657665059,
O1/0562/4,,videos/sample_002247_O1__0562__4.pt,ok,0.5687248707,0.5890081525,0.5662470167,0.5548773656,average,0.5687248707,0.5662470167,
O1/0563/1,,videos/sample_002248_O1__0563__1.pt,ok,0.5816979408,0.6058974266,0.5589484989,0.5455845848,average,0.5816979408,0.5589484989,
O1/0563/2,,videos/sample_002249_O1__0563__2.pt,ok,0.5798407197,0.5997468233,0.5599875544,0.5489506000,average,0.5798407197,0.5599875544,
O1/0563/3,,videos/sample_002250_O1__0563__3.pt,ok,0.5800850391,0.6007053852,0.5598507553,0.5484246490,average,0.5800850391,0.5598507553,
O1/0563/4,,videos/sample_002251_O1__0563__4.pt,ok,0.5815314651,0.6048725843,0.5590415580,0.5461440095,average,0.5815314651,0.5590415580,
O1/0564/1,,videos/sample_002252_O1__0564__1.pt,ok,0.5759420395,0.5985080004,0.5621750282,0.5496310740,average,0.5759420395,0.5621750282,
O1/0564/2,,videos/sample_002253_O1__0564__2.pt,ok,0.5754486322,0.5991166830,0.5624524779,0.5492966249,average,0.5754486322,0.5624524779,
O1/0564/3,,videos/sample_002254_O1__0564__3.pt,ok,0.5749659538,0.5949499011,0.5627240271,0.5515901992,average,0.5749659538,0.5627240271,
O1/0564/4,,videos/sample_002255_O1__0564__4.pt,ok,0.5739514232,0.5957092047,0.5632952176,0.5511715338,average,0.5739514232,0.5632952176,
O1/0565/1,,videos/sample_002256_O1__0565__1.pt,ok,0.6217461824,0.6340999603,0.5370059081,0.5304126660,average,0.6217461824,0.5370059081,
O1/0565/2,,videos/sample_002257_O1__0565__2.pt,ok,0.6205189228,0.6342634559,0.5376653584,0.5303259530,average,0.6205189228,0.5376653584,
O1/0565/3,,videos/sample_002258_O1__0565__3.pt,ok,0.6222297549,0.6340999603,0.5367462896,0.5304126660,average,0.6222297549,0.5367462896,
O1/0565/4,,videos/sample_002259_O1__0565__4.pt,ok,0.6216173768,0.6350365281,0.5370750820,0.5299161311,average,0.6216173768,0.5370750820,
O1/0566/1,,videos/sample_002260_O1__0566__1.pt,ok,0.5606288314,0.5978141427,0.5708499826,0.5500125721,average,0.5606288314,0.5708499826,
O1/0566/2,,videos/sample_002261_O1__0566__2.pt,ok,0.5624611974,0.6000016332,0.5698049342,0.5488107398,average,0.5624611974,0.5698049342,
O1/0566/3,,videos/sample_002262_O1__0566__3.pt,ok,0.5568534136,0.5928202271,0.5730092533,0.5527661583,average,0.5568534136,0.5730092533,
O1/0566/4,,videos/sample_002263_O1__0566__4.pt,ok,0.5615502596,0.5932728052,0.5703242276,0.5525160450,average,0.5615502596,0.5703242276,
O1/0567/1,,videos/sample_002264_O1__0567__1.pt,ok,0.5525833368,0.5847647190,0.5754612782,0.5572369537,average,0.5525833368,0.5754612782,
O1/0567/2,,videos/sample_002265_O1__0567__2.pt,ok,0.5470687151,0.5697988868,0.5786434958,0.5656391848,average,0.5470687151,0.5786434958,
O1/0567/3,,videos/sample_002266_O1__0567__3.pt,ok,0.5567460656,0.5897188783,0.5730707680,0.5544831401,average,0.5567460656,0.5730707680,
O1/0567/4,,videos/sample_002267_O1__0567__4.pt,ok,0.5550072789,0.5839502215,0.5740680826,0.5576910066,average,0.5550072789,0.5740680826,
O1/0568/1,,videos/sample_002268_O1__0568__1.pt,ok,0.5840600133,0.6040702462,0.5576297801,0.5465823775,average,0.5840600133,0.5576297801,
O1/0568/2,,videos/sample_002269_O1__0568__2.pt,ok,0.5832595229,0.6040702462,0.5580763361,0.5465823775,average,0.5832595229,0.5580763361,
O1/0568/3,,videos/sample_002270_O1__0568__3.pt,ok,0.5825862288,0.6027016044,0.5584522121,0.5473309652,average,0.5825862288,0.5584522121,
O1/0568/4,,videos/sample_002271_O1__0568__4.pt,ok,0.5816399455,0.6025224328,0.5589809162,0.5474290401,average,0.5816399455,0.5589809162,
O1/0569/1,,videos/sample_002272_O1__0569__1.pt,ok,0.5713891983,0.5937229395,0.5647403572,0.5522673946,average,0.5713891983,0.5647403572,
O1/0569/2,,videos/sample_002273_O1__0569__2.pt,ok,0.5713085532,0.5929229259,0.5647859025,0.5527093928,average,0.5713085532,0.5647859025,
O1/0569/3,,videos/sample_002274_O1__0569__3.pt,ok,0.5730186701,0.5981669426,0.5638208780,0.5498185619,average,0.5730186701,0.5638208780,
O1/0569/4,,videos/sample_002275_O1__0569__4.pt,ok,0.5731438398,0.5988805890,0.5637503091,0.5494263259,average,0.5731438398,0.5637503091,
O1/0570/1,,videos/sample_002276_O1__0570__1.pt,ok,0.5515196919,0.5813898444,0.5760736903,0.5591207355,average,0.5515196919,0.5760736903,
O1/0570/2,,videos/sample_002277_O1__0570__2.pt,ok,0.5619445443,0.5943530798,0.5700994018,0.5519194983,average,0.5619445443,0.5700994018,
O1/0570/3,,videos/sample_002278_O1__0570__3.pt,ok,0.5636407137,0.5992816687,0.5691332362,0.5492060063,average,0.5636407137,0.5691332362,
O1/0570/4,,videos/sample_002279_O1__0570__4.pt,ok,0.5590716004,0.5974600315,0.5717396203,0.5502073722,average,0.5590716004,0.5717396203,
O1/0571/1,,videos/sample_002280_O1__0571__1.pt,ok,0.6145374775,0.6278023124,0.5408910117,0.5337635585,average,0.6145374775,0.5408910117,
O1/0571/2,,videos/sample_002281_O1__0571__2.pt,ok,0.6167898774,0.6279936433,0.5396740799,0.5336614428,average,0.6167898774,0.5396740799,
O1/0571/3,,videos/sample_002282_O1__0571__3.pt,ok,0.6164408326,0.6275656223,0.5398624832,0.5338899100,average,0.6164408326,0.5398624832,
O1/0571/4,,videos/sample_002283_O1__0571__4.pt,ok,0.6158561707,0.6279936433,0.5401782125,0.5336614428,average,0.6158561707,0.5401782125,
O1/0572/1,,videos/sample_002284_O1__0572__1.pt,ok,0.6254249215,0.6475528479,0.5350340327,0.5233248666,average,0.6254249215,0.5350340327,
O1/0572/2,,videos/sample_002285_O1__0572__2.pt,ok,0.6259855628,0.6480197906,0.5347341546,0.5230805609,average,0.6259855628,0.5347341546,
O1/0572/3,,videos/sample_002286_O1__0572__3.pt,ok,0.6254249215,0.6475528479,0.5350340327,0.5233248666,average,0.6254249215,0.5350340327,
O1/0572/4,,videos/sample_002287_O1__0572__4.pt,ok,0.6259855628,0.6480197906,0.5347341546,0.5230805609,average,0.6259855628,0.5347341546,
O1/0573/1,,videos/sample_002288_O1__0573__1.pt,ok,0.5644757152,0.5857290626,0.5686582075,0.5566998448,average,0.5644757152,0.5686582075,
O1/0573/2,,videos/sample_002289_O1__0573__2.pt,ok,0.5638351440,0.5860948563,0.5690225902,0.5564962448,average,0.5638351440,0.5690225902,
O1/0573/3,,videos/sample_002290_O1__0573__3.pt,ok,0.5637621880,0.5857290626,0.5690641054,0.5566998448,average,0.5637621880,0.5690641054,
O1/0573/4,,videos/sample_002291_O1__0573__4.pt,ok,0.5626714230,0.5846363306,0.5696851592,0.5573085010,average,0.5626714230,0.5696851592,
O1/0574/1,,videos/sample_002292_O1__0574__1.pt,ok,0.5731007457,0.6123369336,0.5637746040,0.5420825767,average,0.5731007457,0.5637746040,
O1/0574/2,,videos/sample_002293_O1__0574__2.pt,ok,0.5754964352,0.6073870659,0.5624255916,0.5447724656,average,0.5754964352,0.5624255916,
O1/0574/3,,videos/sample_002294_O1__0574__3.pt,ok,0.5631868243,0.5839023590,0.5693916184,0.5577176998,average,0.5631868243,0.5693916184,
O1/0574/4,,videos/sample_002295_O1__0574__4.pt,ok,0.5770782232,0.6111826897,0.5615366568,0.5427086335,average,0.5770782232,0.5615366568,
O1/0575/1,,videos/sample_002296_O1__0575__1.pt,ok,0.5906236768,0.6119135618,0.5539816715,0.5423121278,average,0.5906236768,0.5539816715,
O1/0575/2,,videos/sample_002297_O1__0575__2.pt,ok,0.5899397731,0.6111472845,0.5543606712,0.5427278485,average,0.5899397731,0.5543606712,
O1/0575/3,,videos/sample_002298_O1__0575__3.pt,ok,0.5908399820,0.6126078367,0.5538618553,0.5419357447,average,0.5908399820,0.5538618553,
O1/0575/4,,videos/sample_002299_O1__0575__4.pt,ok,0.5902012587,0.6118024588,0.5542157328,0.5423723836,average,0.5902012587,0.5542157328,
O1/0576/1,,videos/sample_002300_O1__0576__1.pt,ok,0.5784783959,0.5997716784,0.5607509587,0.5489369559,average,0.5784783959,0.5607509587,
O1/0576/2,,videos/sample_002301_O1__0576__2.pt,ok,0.5791552663,0.5986264944,0.5603715314,0.5495659499,average,0.5791552663,0.5603715314,
O1/0576/3,,videos/sample_002302_O1__0576__3.pt,ok,0.5794126391,0.5991597772,0.5602273256,0.5492729539,average,0.5794126391,0.5602273256,
O1/0576/4,,videos/sample_002303_O1__0576__4.pt,ok,0.5779530406,0.5979059935,0.5610456296,0.5499620553,average,0.5779530406,0.5610456296,
O1/0577/1,,videos/sample_002304_O1__0577__1.pt,ok,0.5685433149,0.5912016034,0.5663498315,0.5536616032,average,0.5685433149,0.5663498315,
O1/0577/2,,videos/sample_002305_O1__0577__2.pt,ok,0.5671281219,0.5840377212,0.5671518932,0.5576422110,average,0.5671281219,0.5671518932,
O1/0577/3,,videos/sample_002306_O1__0577__3.pt,ok,0.5678569674,0.5892351270,0.5667386777,0.5547514369,average,0.5678569674,0.5667386777,
O1/0577/4,,videos/sample_002307_O1__0577__4.pt,ok,0.5666559339,0.5839691758,0.5674197588,0.5576804361,average,0.5666559339,0.5674197588,
O1/0578/1,,videos/sample_002308_O1__0578__1.pt,ok,0.5535663366,0.5814470053,0.5748958778,0.5590887766,average,0.5535663366,0.5748958778,
O1/0578/2,,videos/sample_002309_O1__0578__2.pt,ok,0.5559660196,0.5772591829,0.5735179639,0.5614350505,average,0.5559660196,0.5735179639,
O1/0578/3,,videos/sample_002310_O1__0578__3.pt,ok,0.5523383021,0.5737395287,0.5756023035,0.5634145894,average,0.5523383021,0.5756023035,
O1/0578/4,,videos/sample_002311_O1__0578__4.pt,ok,0.5568758845,0.5840998292,0.5729963774,0.5576075780,average,0.5568758845,0.5729963774,
O1/0579/1,,videos/sample_002312_O1__0579__1.pt,ok,0.6152648926,0.6304202080,0.5404977025,0.5323680487,average,0.6152648926,0.5404977025,
O1/0579/2,,videos/sample_002313_O1__0579__2.pt,ok,0.6161703467,0.6319508553,0.5400085281,0.5315538043,average,0.6161703467,0.5400085281,
O1/0579/3,,videos/sample_002314_O1__0579__3.pt,ok,0.6168890595,0.6335304976,0.5396205565,0.5307148023,average,0.6168890595,0.5396205565,
O1/0579/4,,videos/sample_002315_O1__0579__4.pt,ok,0.6165969968,0.6319800615,0.5397781826,0.5315382798,average,0.6165969968,0.5397781826,
O1/0580/1,,videos/sample_002316_O1__0580__1.pt,ok,0.5721011162,0.5962059498,0.5643384515,0.5508978100,average,0.5721011162,0.5643384515,
O1/0580/2,,videos/sample_002317_O1__0580__2.pt,ok,0.5736971498,0.6005064249,0.5634384668,0.5485337746,average,0.5736971498,0.5634384668,
O1/0580/3,,videos/sample_002318_O1__0580__3.pt,ok,0.5723294616,0.5972126126,0.5642096021,0.5503435207,average,0.5723294616,0.5642096021,
O1/0580/4,,videos/sample_002319_O1__0580__4.pt,ok,0.5737709403,0.6004477739,0.5633968919,0.5485659476,average,0.5737709403,0.5633968919,
O1/0581/1,,videos/sample_002320_O1__0581__1.pt,ok,0.5787585974,0.6003165245,0.5605938575,0.5486379513,average,0.5787585974,0.5605938575,
O1/0581/2,,videos/sample_002321_O1__0581__2.pt,ok,0.5785140991,0.6003165245,0.5607309384,0.5486379513,average,0.5785140991,0.5607309384,
O1/0581/3,,videos/sample_002322_O1__0581__3.pt,ok,0.5792922378,0.5997055769,0.5602947818,0.5489732427,average,0.5792922378,0.5602947818,
O1/0581/4,,videos/sample_002323_O1__0581__4.pt,ok,0.5789530873,0.5997055769,0.5604848382,0.5489732427,average,0.5789530873,0.5604848382,
O1/0582/1,,videos/sample_002324_O1__0582__1.pt,ok,0.5683444738,0.6006525755,0.5664624563,0.5484536119,average,0.5683444738,0.5664624563,
O1/0582/2,,videos/sample_002325_O1__0582__2.pt,ok,0.5627354383,0.5994574428,0.5696486918,0.5491094786,average,0.5627354383,0.5696486918,
O1/0582/3,,videos/sample_002326_O1__0582__3.pt,ok,0.5704613924,0.6029745340,0.5652645697,0.5471816027,average,0.5704613924,0.5652645697,
O1/0582/4,,videos/sample_002327_O1__0582__4.pt,ok,0.5678206086,0.6028801203,0.5667592840,0.5472332666,average,0.5678206086,0.5667592840,
O1/0583/1,,videos/sample_002328_O1__0583__1.pt,ok,0.5563870668,0.5971863270,0.5732765366,0.5503579870,average,0.5563870668,0.5732765366,
O1/0583/2,,videos/sample_002329_O1__0583__2.pt,ok,0.5586942434,0.5960046053,0.5719554110,0.5510087414,average,0.5586942434,0.5719554110,
O1/0583/3,,videos/sample_002330_O1__0583__3.pt,ok,0.5437800288,0.5681760311,0.5805496053,0.5665578808,average,0.5437800288,0.5805496053,
O1/0583/4,,videos/sample_002331_O1__0583__4.pt,ok,0.5594208241,0.5952342153,0.5715399902,0.5514333966,average,0.5594208241,0.5715399902,
O1/0584/1,,videos/sample_002332_O1__0584__1.pt,ok,0.5712675452,0.5930020213,0.5648090637,0.5526656777,average,0.5712675452,0.5648090637,
O1/0584/2,,videos/sample_002333_O1__0584__2.pt,ok,0.5714305043,0.5933991671,0.5647170305,0.5524462325,average,0.5714305043,0.5647170305,
O1/0584/3,,videos/sample_002334_O1__0584__3.pt,ok,0.5730105042,0.5951395035,0.5638254821,0.5514856263,average,0.5730105042,0.5638254821,
O1/0584/4,,videos/sample_002335_O1__0584__4.pt,ok,0.5728619099,0.5958276987,0.5639092696,0.5511062271,average,0.5728619099,0.5639092696,
O1/0585/1,,videos/sample_002336_O1__0585__1.pt,ok,0.5784417391,0.6024502516,0.5607715144,0.5474685556,average,0.5784417391,0.5607715144,
O1/0585/2,,videos/sample_002337_O1__0585__2.pt,ok,0.5787507892,0.6013226509,0.5605982347,0.5480862297,average,0.5787507892,0.5605982347,
O1/0585/3,,videos/sample_002338_O1__0585__3.pt,ok,0.5794197917,0.6013226509,0.5602233185,0.5480862297,average,0.5794197917,0.5602233185,
O1/0585/4,,videos/sample_002339_O1__0585__4.pt,ok,0.5788617134,0.6024502516,0.5605360542,0.5474685556,average,0.5788617134,0.5605360542,
O1/0586/1,,videos/sample_002340_O1__0586__1.pt,ok,0.5537710190,0.5733603239,0.5747782188,0.5636282794,average,0.5537710190,0.5747782188,
O1/0586/2,,videos/sample_002341_O1__0586__2.pt,ok,0.5559117198,0.5836966634,0.5735491067,0.5578324317,average,0.5559117198,0.5735491067,
O1/0586/3,,videos/sample_002342_O1__0586__3.pt,ok,0.5557484627,0.5834980607,0.5736427503,0.5579432297,average,0.5557484627,0.5736427503,
O1/0586/4,,videos/sample_002343_O1__0586__4.pt,ok,0.5525307059,0.5734794140,0.5754915660,0.5635611608,average,0.5525307059,0.5754915660,
O1/0587/1,,videos/sample_002344_O1__0587__1.pt,ok,0.6251679659,0.6387367249,0.5351715304,0.5279589604,average,0.6251679659,0.5351715304,
O1/0587/2,,videos/sample_002345_O1__0587__2.pt,ok,0.6260930896,0.6402303576,0.5346766595,0.5271709722,average,0.6260930896,0.5346766595,
O1/0587/3,,videos/sample_002346_O1__0587__3.pt,ok,0.6264268160,0.6387367249,0.5344982535,0.5279589604,average,0.6264268160,0.5344982535,
O1/0587/4,,videos/sample_002347_O1__0587__4.pt,ok,0.6267851591,0.6402303576,0.5343067541,0.5271709722,average,0.6267851591,0.5343067541,
O1/0588/1,,videos/sample_002348_O1__0588__1.pt,ok,0.5897971988,0.6096459031,0.5544397144,0.5435433020,average,0.5897971988,0.5544397144,
O1/0588/2,,videos/sample_002349_O1__0588__2.pt,ok,0.5909744501,0.6121418476,0.5537873835,0.5421883397,average,0.5909744501,0.5537873835,
O1/0588/3,,videos/sample_002350_O1__0588__3.pt,ok,0.5914561749,0.6121175289,0.5535206747,0.5422015252,average,0.5914561749,0.5535206747,
O1/0588/4,,videos/sample_002351_O1__0588__4.pt,ok,0.5902700424,0.6104328632,0.5541776131,0.5431157234,average,0.5902700424,0.5541776131,
O1/0589/1,,videos/sample_002352_O1__0589__1.pt,ok,0.5775558352,0.6103106737,0.5612685242,0.5431820905,average,0.5775558352,0.5612685242,
O1/0589/2,,videos/sample_002353_O1__0589__2.pt,ok,0.5836625695,0.6173127890,0.5578514506,0.5393919518,average,0.5836625695,0.5578514506,
O1/0589/3,,videos/sample_002354_O1__0589__3.pt,ok,0.5843853354,0.6155687571,0.5574484003,0.5403334894,average,0.5843853354,0.5574484003,
O1/0589/4,,videos/sample_002355_O1__0589__4.pt,ok,0.5829997063,0.6145100594,0.5582213525,0.5409058422,average,0.5829997063,0.5582213525,
O1/0590/1,,videos/sample_002356_O1__0590__1.pt,ok,0.6152297258,0.6302317381,0.5405167104,0.5324683935,average,0.6152297258,0.5405167104,
O1/0590/2,,videos/sample_002357_O1__0590__2.pt,ok,0.6161786914,0.6311802864,0.5400040220,0.5319635610,average,0.6161786914,0.5400040220,
O1/0590/3,,videos/sample_002358_O1__0590__3.pt,ok,0.6142324805,0.6287508607,0.5410560070,0.5332574980,average,0.6142324805,0.5410560070,
O1/0590/4,,videos/sample_002359_O1__0590__4.pt,ok,0.6163322926,0.6301916242,0.5399210831,0.5324897533,average,0.6163322926,0.5399210831,
O1/0591/1,,videos/sample_002360_O1__0591__1.pt,ok,0.5528793335,0.5899718404,0.5752909688,0.5543428946,average,0.5528793335,0.5752909688,
O1/0591/2,,videos/sample_002361_O1__0591__2.pt,ok,0.5517873168,0.5761082172,0.5759195393,0.5620816150,average,0.5517873168,0.5759195393,
O1/0591/3,,videos/sample_002362_O1__0591__3.pt,ok,0.5514795780,0.5756596327,0.5760967993,0.5623338127,average,0.5514795780,0.5760967993,
O1/0591/4,,videos/sample_002363_O1__0591__4.pt,ok,0.5529277921,0.5871488452,0.5752630917,0.5559100129,average,0.5529277921,0.5752630917,
O1/0592/1,,videos/sample_002364_O1__0592__1.pt,ok,0.5823605061,0.5995869040,0.5585782817,0.5490383948,average,0.5823605061,0.5585782817,
O1/0592/2,,videos/sample_002365_O1__0592__2.pt,ok,0.5848526955,0.6096057296,0.5571879321,0.5435651385,average,0.5848526955,0.5571879321,
O1/0592/3,,videos/sample_002366_O1__0592__3.pt,ok,0.5812991261,0.5997496843,0.5591714602,0.5489490294,average,0.5812991261,0.5591714602,
O1/0592/4,,videos/sample_002367_O1__0592__4.pt,ok,0.5860120654,0.6126955748,0.5565423195,0.5418881984,average,0.5860120654,0.5565423195,
O1/0593/1,,videos/sample_002368_O1__0593__1.pt,ok,0.5895568132,0.6107958555,0.5545730097,0.5429186123,average,0.5895568132,0.5545730097,
O1/0593/2,,videos/sample_002369_O1__0593__2.pt,ok,0.5901425481,0.6149559021,0.5542482721,0.5406647370,average,0.5901425481,0.5542482721,
O1/0593/3,,videos/sample_002370_O1__0593__3.pt,ok,0.5896990895,0.6114640236,0.5544941127,0.5425559726,average,0.5896990895,0.5544941127,
O1/0593/4,,videos/sample_002371_O1__0593__4.pt,ok,0.5879741907,0.6082941294,0.5554513843,0.5442785464,average,0.5879741907,0.5554513843,
O1/0594/1,,videos/sample_002372_O1__0594__1.pt,ok,0.6191995740,0.6418373585,0.5383751947,0.5263244883,average,0.6191995740,0.5383751947,
O1/0594/2,,videos/sample_002373_O1__0594__2.pt,ok,0.6193931103,0.6418373585,0.5382710096,0.5263244883,average,0.6193931103,0.5382710096,
O1/0594/3,,videos/sample_002374_O1__0594__3.pt,ok,0.6183978915,0.6432183981,0.5388069737,0.5255981151,average,0.6183978915,0.5388069737,
O1/0594/4,,videos/sample_002375_O1__0594__4.pt,ok,0.6197322011,0.6432183981,0.5380885178,0.5255981151,average,0.6197322011,0.5380885178,
O1/0595/1,,videos/sample_002376_O1__0595__1.pt,ok,0.5795322061,0.5993686318,0.5601603449,0.5491582477,average,0.5795322061,0.5601603449,
O1/0595/2,,videos/sample_002377_O1__0595__2.pt,ok,0.5814844966,0.6026648283,0.5590678160,0.5473510942,average,0.5814844966,0.5590678160,
O1/0595/3,,videos/sample_002378_O1__0595__3.pt,ok,0.5800983906,0.6003443003,0.5598432806,0.5486227126,average,0.5800983906,0.5598432806,
O1/0595/4,,videos/sample_002379_O1__0595__4.pt,ok,0.5818724632,0.6046456099,0.5588509584,0.5462679843,average,0.5818724632,0.5588509584,
O1/0596/1,,videos/sample_002380_O1__0596__1.pt,ok,0.5819001794,0.6113372445,0.5588354694,0.5426247617,average,0.5819001794,0.5588354694,
O1/0596/2,,videos/sample_002381_O1__0596__2.pt,ok,0.5840518475,0.6166897416,0.5576343336,0.5397281233,average,0.5840518475,0.5576343336,
O1/0596/3,,videos/sample_002382_O1__0596__3.pt,ok,0.5836439133,0.6166897416,0.5578618582,0.5397281233,average,0.5836439133,0.5578618582,
O1/0596/4,,videos/sample_002383_O1__0596__4.pt,ok,0.5810509920,0.6113372445,0.5593102270,0.5426247617,average,0.5810509920,0.5593102270,
O1/0597/1,,videos/sample_002384_O1__0597__1.pt,ok,0.6254244447,0.6474373937,0.5350342879,0.5233852902,average,0.6254244447,0.5350342879,
O1/0597/2,,videos/sample_002385_O1__0597__2.pt,ok,0.6264271736,0.6468113065,0.5344980624,0.5237130776,average,0.6264271736,0.5344980624,
O1/0597/3,,videos/sample_002386_O1__0597__3.pt,ok,0.6260058284,0.6474373937,0.5347233181,0.5233852902,average,0.6260058284,0.5347233181,
O1/0597/4,,videos/sample_002387_O1__0597__4.pt,ok,0.6263281107,0.6468113065,0.5345510140,0.5237130776,average,0.6263281107,0.5345510140,
O1/0598/1,,videos/sample_002388_O1__0598__1.pt,ok,0.5842129588,0.6149600148,0.5575444997,0.5406625134,average,0.5842129588,0.5575444997,
O1/0598/2,,videos/sample_002389_O1__0598__2.pt,ok,0.5834715962,0.6163657308,0.5579579955,0.5399030294,average,0.5834715962,0.5579579955,
O1/0598/3,,videos/sample_002390_O1__0598__3.pt,ok,0.5728992224,0.6076399088,0.5638882292,0.5446347411,average,0.5728992224,0.5638882292,
O1/0598/4,,videos/sample_002391_O1__0598__4.pt,ok,0.5784600377,0.6206353307,0.5607612532,0.5376027735,average,0.5784600377,0.5607612532,
O1/0599/1,,videos/sample_002392_O1__0599__1.pt,ok,0.5863786340,0.6176299453,0.5563383459,0.5392209074,average,0.5863786340,0.5563383459,
O1/0599/2,,videos/sample_002393_O1__0599__2.pt,ok,0.5822080970,0.6151540875,0.5586634206,0.5405575957,average,0.5822080970,0.5586634206,
O1/0599/3,,videos/sample_002394_O1__0599__3.pt,ok,0.5785557628,0.6108453274,0.5607075768,0.5428917538,average,0.5785557628,0.5607075768,
O1/0599/4,,videos/sample_002395_O1__0599__4.pt,ok,0.5845028758,0.6148606539,0.5573828815,0.5407162368,average,0.5845028758,0.5573828815,
O1/0600/1,,videos/sample_002396_O1__0600__1.pt,ok,0.5844712257,0.6148906946,0.5574005230,0.5406999935,average,0.5844712257,0.5574005230,
O1/0600/2,,videos/sample_002397_O1__0600__2.pt,ok,0.5838077068,0.6155658960,0.5577704915,0.5403350353,average,0.5838077068,0.5577704915,
O1/0600/3,,videos/sample_002398_O1__0600__3.pt,ok,0.5811350942,0.6136560440,0.5592631898,0.5413679814,average,0.5811350942,0.5592631898,
O1/0600/4,,videos/sample_002399_O1__0600__4.pt,ok,0.5851389766,0.6162472367,0.5570284425,0.5399670085,average,0.5851389766,0.5570284425,
O1/0601/1,,videos/sample_002400_O1__0601__1.pt,ok,0.5745718479,0.5958459973,0.5629458437,0.5510961427,average,0.5745718479,0.5629458437,
O1/0601/2,,videos/sample_002401_O1__0601__2.pt,ok,0.5748851299,0.5956121683,0.5627695105,0.5512250201,average,0.5748851299,0.5627695105,
O1/0601/3,,videos/sample_002402_O1__0601__3.pt,ok,0.5751748681,0.5956121683,0.5626064783,0.5512250201,average,0.5751748681,0.5626064783,
O1/0601/4,,videos/sample_002403_O1__0601__4.pt,ok,0.5748159289,0.5958459973,0.5628084560,0.5510961427,average,0.5748159289,0.5628084560,
O1/0602/1,,videos/sample_002404_O1__0602__1.pt,ok,0.5658220649,0.5967109799,0.5678931098,0.5506196603,average,0.5658220649,0.5678931098,
O1/0602/2,,videos/sample_002405_O1__0602__2.pt,ok,0.5632882714,0.5855795741,0.5693338582,0.5567830712,average,0.5632882714,0.5693338582,
O1/0602/3,,videos/sample_002406_O1__0602__3.pt,ok,0.5678577423,0.5956774354,0.5667382385,0.5511890444,average,0.5678577423,0.5667382385,
O1/0602/4,,videos/sample_002407_O1__0602__4.pt,ok,0.5666345954,0.5892552137,0.5674318668,0.5547402939,average,0.5666345954,0.5674318668,
O1/0603/1,,videos/sample_002408_O1__0603__1.pt,ok,0.6232925653,0.6453594565,0.5361761331,0.5244739826,average,0.6232925653,0.5361761331,
O1/0603/2,,videos/sample_002409_O1__0603__2.pt,ok,0.6216456294,0.6454859376,0.5370599084,0.5244076508,average,0.6216456294,0.5370599084,
O1/0603/3,,videos/sample_002410_O1__0603__3.pt,ok,0.6232373118,0.6454859376,0.5362057595,0.5244076508,average,0.6232373118,0.5362057595,
O1/0603/4,,videos/sample_002411_O1__0603__4.pt,ok,0.6235890388,0.6453594565,0.5360171947,0.5244739826,average,0.6235890388,0.5360171947,
O1/0604/1,,videos/sample_002412_O1__0604__1.pt,ok,0.6179119945,0.6439143419,0.5390688420,0.5252324555,average,0.6179119945,0.5390688420,
O1/0604/2,,videos/sample_002413_O1__0604__2.pt,ok,0.6195291877,0.6435580254,0.5381977681,0.5254196379,average,0.6195291877,0.5381977681,
O1/0604/3,,videos/sample_002414_O1__0604__3.pt,ok,0.6193434000,0.6435580254,0.5382977679,0.5254196379,average,0.6193434000,0.5382977679,
O1/0604/4,,videos/sample_002415_O1__0604__4.pt,ok,0.6194590330,0.6439143419,0.5382355265,0.5252324555,average,0.6194590330,0.5382355265,
O1/0605/1,,videos/sample_002416_O1__0605__1.pt,ok,0.5560047030,0.5951584578,0.5734957787,0.5514751734,average,0.5560047030,0.5734957787,
O1/0605/2,,videos/sample_002417_O1__0605__2.pt,ok,0.5432968140,0.5666835904,0.5808302033,0.5674040661,average,0.5432968140,0.5808302033,
O1/0605/3,,videos/sample_002418_O1__0605__3.pt,ok,0.5551319122,0.5930647254,0.5739965390,0.5526310244,average,0.5551319122,0.5739965390,
O1/0605/4,,videos/sample_002419_O1__0605__4.pt,ok,0.5524610877,0.5899767876,0.5755316321,0.5543401522,average,0.5524610877,0.5755316321,
O1/0606/1,,videos/sample_002420_O1__0606__1.pt,ok,0.6231316328,0.6482424736,0.5362624282,0.5229640927,average,0.6231316328,0.5362624282,
O1/0606/2,,videos/sample_002421_O1__0606__2.pt,ok,0.6227879524,0.6484166980,0.5364467628,0.5228729876,average,0.6227879524,0.5364467628,
O1/0606/3,,videos/sample_002422_O1__0606__3.pt,ok,0.6231104136,0.6482424736,0.5362738074,0.5229640927,average,0.6231104136,0.5362738074,
O1/0606/4,,videos/sample_002423_O1__0606__4.pt,ok,0.6210562587,0.6484166980,0.5373765291,0.5228729876,average,0.6210562587,0.5373765291,
O1/0607/1,,videos/sample_002424_O1__0607__1.pt,ok,0.5620910525,0.5975387096,0.5700158836,0.5501640846,average,0.5620910525,0.5700158836,
O1/0607/2,,videos/sample_002425_O1__0607__2.pt,ok,0.5629927516,0.6011907458,0.5695021325,0.5481585298,average,0.5629927516,0.5695021325,
O1/0607/3,,videos/sample_002426_O1__0607__3.pt,ok,0.5630020499,0.5987814665,0.5694968371,0.5494807891,average,0.5630020499,0.5694968371,
O1/0607/4,,videos/sample_002427_O1__0607__4.pt,ok,0.5570639372,0.5901273489,0.5728886340,0.5542566963,average,0.5570639372,0.5728886340,
O1/0608/1,,videos/sample_002428_O1__0608__1.pt,ok,0.5711854100,0.5951868296,0.5648554564,0.5514595273,average,0.5711854100,0.5648554564,
O1/0608/2,,videos/sample_002429_O1__0608__2.pt,ok,0.5697305799,0.5929711461,0.5656778232,0.5526827417,average,0.5697305799,0.5656778232,
O1/0608/3,,videos/sample_002430_O1__0608__3.pt,ok,0.5686488152,0.5918527842,0.5662900846,0.5533011868,average,0.5686488152,0.5662900846,
O1/0608/4,,videos/sample_002431_O1__0608__4.pt,ok,0.5704902411,0.5957312584,0.5652482629,0.5511593785,average,0.5704902411,0.5652482629,
O1/0609/1,,videos/sample_002432_O1__0609__1.pt,ok,0.5626872182,0.5873836279,0.5696761610,0.5557795101,average,0.5626872182,0.5696761610,
O1/0609/2,,videos/sample_002433_O1__0609__2.pt,ok,0.5619420409,0.5891819000,0.5701008289,0.5547809654,average,0.5619420409,0.5701008289,
O1/0609/3,,videos/sample_002434_O1__0609__3.pt,ok,0.5591082573,0.5800452232,0.5717186625,0.5598730467,average,0.5591082573,0.5717186625,
O1/0609/4,,videos/sample_002435_O1__0609__4.pt,ok,0.5610176325,0.5803920627,0.5706280786,0.5596788943,average,0.5610176325,0.5706280786,
O1/0610/1,,videos/sample_002436_O1__0610__1.pt,ok,0.5832489133,0.6029996872,0.5580822571,0.5471678395,average,0.5832489133,0.5580822571,
O1/0610/2,,videos/sample_002437_O1__0610__2.pt,ok,0.5840288997,0.6042244434,0.5576471303,0.5464981025,average,0.5840288997,0.5576471303,
O1/0610/3,,videos/sample_002438_O1__0610__3.pt,ok,0.5839238763,0.6047176123,0.5577056993,0.5462286531,average,0.5839238763,0.5577056993,
O1/0610/4,,videos/sample_002439_O1__0610__4.pt,ok,0.5827817917,0.6019011736,0.5583430103,0.5477692411,average,0.5827817917,0.5583430103,
O1/0611/1,,videos/sample_002440_O1__0611__1.pt,ok,0.6178055406,0.6453465819,0.5391262311,0.5244807351,average,0.6178055406,0.5391262311,
O1/0611/2,,videos/sample_002441_O1__0611__2.pt,ok,0.6162224412,0.6453465819,0.5399803974,0.5244807351,average,0.6162224412,0.5399803974,
O1/0611/3,,videos/sample_002442_O1__0611__3.pt,ok,0.6179937720,0.6445863843,0.5390247601,0.5248795957,average,0.6179937720,0.5390247601,
O1/0611/4,,videos/sample_002443_O1__0611__4.pt,ok,0.6184732318,0.6445863843,0.5387663814,0.5248795957,average,0.6184732318,0.5387663814,
O1/0612/1,,videos/sample_002444_O1__0612__1.pt,ok,0.5721567273,0.6032952666,0.5643070689,0.5470061319,average,0.5721567273,0.5643070689,
O1/0612/2,,videos/sample_002445_O1__0612__2.pt,ok,0.5715716481,0.6021307707,0.5646373298,0.5476434893,average,0.5715716481,0.5646373298,
O1/0612/3,,videos/sample_002446_O1__0612__3.pt,ok,0.5683726668,0.6013962626,0.5664464862,0.5480458856,average,0.5683726668,0.5664464862,
O1/0612/4,,videos/sample_002447_O1__0612__4.pt,ok,0.5616810322,0.5920428634,0.5702496497,0.5531960257,average,0.5616810322,0.5702496497,
O1/0613/1,,videos/sample_002448_O1__0613__1.pt,ok,0.5741363764,0.6101081371,0.5631910439,0.5432921158,average,0.5741363764,0.5631910439,
O1/0613/2,,videos/sample_002449_O1__0613__2.pt,ok,0.5741908550,0.6113091111,0.5631603629,0.5426400278,average,0.5741908550,0.5631603629,
O1/0613/3,,videos/sample_002450_O1__0613__3.pt,ok,0.5728026032,0.6157209873,0.5639427142,0.5402512406,average,0.5728026032,0.5639427142,
O1/0613/4,,videos/sample_002451_O1__0613__4.pt,ok,0.5667497516,0.6008000374,0.5673665272,0.5483727419,average,0.5667497516,0.5673665272,
O1/0614/1,,videos/sample_002452_O1__0614__1.pt,ok,0.5603646636,0.5868351460,0.5710008027,0.5560844288,average,0.5603646636,0.5710008027,
O1/0614/2,,videos/sample_002453_O1__0614__2.pt,ok,0.5575079918,0.5786944032,0.5726342966,0.5606298455,average,0.5575079918,0.5726342966,
O1/0614/3,,videos/sample_002454_O1__0614__3.pt,ok,0.5597965121,0.5873780251,0.5713253098,0.5557826241,average,0.5597965121,0.5713253098,
O1/0614/4,,videos/sample_002455_O1__0614__4.pt,ok,0.5583822727,0.5789976716,0.5721338722,0.5604598499,average,0.5583822727,0.5721338722,
O1/0615/1,,videos/sample_002456_O1__0615__1.pt,ok,0.6196896434,0.6434597373,0.5381114181,0.5254712829,average,0.6196896434,0.5381114181,
O1/0615/2,,videos/sample_002457_O1__0615__2.pt,ok,0.6195958257,0.6439944506,0.5381619049,0.5251903816,average,0.6195958257,0.5381619049,
O1/0615/3,,videos/sample_002458_O1__0615__3.pt,ok,0.6200655103,0.6434597373,0.5379091979,0.5254712829,average,0.6200655103,0.5379091979,
O1/0615/4,,videos/sample_002459_O1__0615__4.pt,ok,0.6177721620,0.6439944506,0.5391442266,0.5251903816,average,0.6177721620,0.5391442266,
O1/0616/1,,videos/sample_002460_O1__0616__1.pt,ok,0.6176215410,0.6324481964,0.5392254392,0.5312895065,average,0.6176215410,0.5392254392,
O1/0616/2,,videos/sample_002461_O1__0616__2.pt,ok,0.6172782779,0.6331472993,0.5394105672,0.5309182102,average,0.6172782779,0.5394105672,
O1/0616/3,,videos/sample_002462_O1__0616__3.pt,ok,0.6168341041,0.6324481964,0.5396502124,0.5312895065,average,0.6168341041,0.5396502124,
O1/0616/4,,videos/sample_002463_O1__0616__4.pt,ok,0.6174986959,0.6331472993,0.5392916845,0.5309182102,average,0.6174986959,0.5392916845,
O1/0617/1,,videos/sample_002464_O1__0617__1.pt,ok,0.5805022120,0.6159639359,0.5596172495,0.5401200033,average,0.5805022120,0.5596172495,
O1/0617/2,,videos/sample_002465_O1__0617__2.pt,ok,0.5822743773,0.6162720919,0.5586263934,0.5399535877,average,0.5822743773,0.5586263934,
O1/0617/3,,videos/sample_002466_O1__0617__3.pt,ok,0.5767371058,0.6106941700,0.5617282394,0.5429738221,average,0.5767371058,0.5617282394,
O1/0617/4,,videos/sample_002467_O1__0617__4.pt,ok,0.5817501545,0.6133841276,0.5589193149,0.5415152082,average,0.5817501545,0.5589193149,
O1/0618/1,,videos/sample_002468_O1__0618__1.pt,ok,0.5581043959,0.5866535902,0.5722928770,0.5561853983,average,0.5581043959,0.5722928770,
O1/0618/2,,videos/sample_002469_O1__0618__2.pt,ok,0.5607084632,0.5931630731,0.5708045266,0.5525766771,average,0.5607084632,0.5708045266,
O1/0618/3,,videos/sample_002470_O1__0618__3.pt,ok,0.5670404434,0.5968033075,0.5672016224,0.5505688252,average,0.5670404434,0.5672016224,
O1/0618/4,,videos/sample_002471_O1__0618__4.pt,ok,0.5685143471,0.6001225710,0.5663662376,0.5487443718,average,0.5685143471,0.5663662376,
O1/0619/1,,videos/sample_002472_O1__0619__1.pt,ok,0.6198902726,0.6361179948,0.5380034681,0.5293433543,average,0.6198902726,0.5380034681,
O1/0619/2,,videos/sample_002473_O1__0619__2.pt,ok,0.6198994517,0.6348522305,0.5379985297,0.5300138024,average,0.6198994517,0.5379985297,
O1/0619/3,,videos/sample_002474_O1__0619__3.pt,ok,0.6193016768,0.6354838014,0.5383202279,0.5296791668,average,0.6193016768,0.5383202279,
O1/0619/4,,videos/sample_002475_O1__0619__4.pt,ok,0.6191658378,0.6346669197,0.5383933577,0.5301120288,average,0.6191658378,0.5383933577,
O1/0620/1,,videos/sample_002476_O1__0620__1.pt,ok,0.6152607203,0.6352250576,0.5404999577,0.5298162357,average,0.6152607203,0.5404999577,
O1/0620/2,,videos/sample_002477_O1__0620__2.pt,ok,0.6149126291,0.6346253157,0.5406881336,0.5301340840,average,0.6149126291,0.5406881336,
O1/0620/3,,videos/sample_002478_O1__0620__3.pt,ok,0.6136765480,0.6352250576,0.5413568813,0.5298162357,average,0.6136765480,0.5413568813,
O1/0620/4,,videos/sample_002479_O1__0620__4.pt,ok,0.6149387956,0.6343557239,0.5406739859,0.5302770231,average,0.6149387956,0.5406739859,
O1/0621/1,,videos/sample_002480_O1__0621__1.pt,ok,0.6192946434,0.6455709338,0.5383240141,0.5243630800,average,0.6192946434,0.5383240141,
O1/0621/2,,videos/sample_002481_O1__0621__2.pt,ok,0.6213914156,0.6446922421,0.5371964538,0.5248240360,average,0.6213914156,0.5371964538,
O1/0621/3,,videos/sample_002482_O1__0621__3.pt,ok,0.6192946434,0.6455709338,0.5383240141,0.5243630800,average,0.6192946434,0.5383240141,
O1/0621/4,,videos/sample_002483_O1__0621__4.pt,ok,0.6213914156,0.6446922421,0.5371964538,0.5248240360,average,0.6213914156,0.5371964538,
O1/0622/1,,videos/sample_002484_O1__0622__1.pt,ok,0.5837886930,0.6177948117,0.5577810969,0.5391320153,average,0.5837886930,0.5577810969,
O1/0622/2,,videos/sample_002485_O1__0622__2.pt,ok,0.5777843595,0.6085205078,0.5611402754,0.5441553474,average,0.5777843595,0.5611402754,
O1/0622/3,,videos/sample_002486_O1__0622__3.pt,ok,0.5831779242,0.6125242710,0.5581218763,0.5419810339,average,0.5831779242,0.5581218763,
O1/0622/4,,videos/sample_002487_O1__0622__4.pt,ok,0.5844355822,0.6157174706,0.5574203911,0.5402531405,average,0.5844355822,0.5574203911,
O1/0623/1,,videos/sample_002488_O1__0623__1.pt,ok,0.5646861196,0.5898032188,0.5685385719,0.5544363766,average,0.5646861196,0.5685385719,
O1/0623/2,,videos/sample_002489_O1__0623__2.pt,ok,0.5642394423,0.5860208273,0.5687925818,0.5565374431,average,0.5642394423,0.5687925818,
O1/0623/3,,videos/sample_002490_O1__0623__3.pt,ok,0.5645877123,0.5915861130,0.5685945230,0.5534487559,average,0.5645877123,0.5685945230,
O1/0623/4,,videos/sample_002491_O1__0623__4.pt,ok,0.5643109679,0.5847639441,0.5687519001,0.5572373854,average,0.5643109679,0.5687519001,
O1/0624/1,,videos/sample_002492_O1__0624__1.pt,ok,0.5651960373,0.5855293274,0.5682487379,0.5568110485,average,0.5651960373,0.5682487379,
O1/0624/2,,videos/sample_002493_O1__0624__2.pt,ok,0.5754524469,0.6075637341,0.5624503323,0.5446762301,average,0.5754524469,0.5624503323,
O1/0624/3,,videos/sample_002494_O1__0624__3.pt,ok,0.5751031041,0.6066290140,0.5626468546,0.5451855879,average,0.5751031041,0.5626468546,
O1/0624/4,,videos/sample_002495_O1__0624__4.pt,ok,0.5738101602,0.6113295555,0.5633747960,0.5426289340,average,0.5738101602,0.5633747960,
O1/0625/1,,videos/sample_002496_O1__0625__1.pt,ok,0.6294220686,0.6487555504,0.5328996915,0.5226958408,average,0.6294220686,0.5328996915,
O1/0625/2,,videos/sample_002497_O1__0625__2.pt,ok,0.6281248927,0.6482974887,0.5335914047,0.5229353226,average,0.6281248927,0.5335914047,
O1/0625/3,,videos/sample_002498_O1__0625__3.pt,ok,0.6295195818,0.6487555504,0.5328477293,0.5226958408,average,0.6295195818,0.5328477293,
O1/0625/4,,videos/sample_002499_O1__0625__4.pt,ok,0.6291241646,0.6482974887,0.5330584681,0.5229353226,average,0.6291241646,0.5330584681,
O1/0626/1,,videos/sample_002500_O1__0626__1.pt,ok,0.6027253866,0.6282678843,0.5473179486,0.5335151111,average,0.6027253866,0.5473179486,
O1/0626/2,,videos/sample_002501_O1__0626__2.pt,ok,0.6032303572,0.6300840974,0.5470416389,0.5325470133,average,0.6032303572,0.5470416389,
O1/0626/3,,videos/sample_002502_O1__0626__3.pt,ok,0.6016081572,0.6279838085,0.5479297700,0.5336666913,average,0.6016081572,0.5479297700,
O1/0626/4,,videos/sample_002503_O1__0626__4.pt,ok,0.5983458757,0.6265611053,0.5497201900,0.5344264810,average,0.5983458757,0.5497201900,
O1/0627/1,,videos/sample_002504_O1__0627__1.pt,ok,0.6243237257,0.6351773739,0.5356235345,0.5298414999,average,0.6243237257,0.5356235345,
O1/0627/2,,videos/sample_002505_O1__0627__2.pt,ok,0.6233140826,0.6351773739,0.5361645962,0.5298414999,average,0.6233140826,0.5361645962,
O1/0627/3,,videos/sample_002506_O1__0627__3.pt,ok,0.6223819256,0.6359111667,0.5366646188,0.5294528487,average,0.6223819256,0.5366646188,
O1/0627/4,,videos/sample_002507_O1__0627__4.pt,ok,0.6240904331,0.6359111667,0.5357485061,0.5294528487,average,0.6240904331,0.5357485061,
O1/0628/1,,videos/sample_002508_O1__0628__1.pt,ok,0.5634983182,0.5963112116,0.5692142840,0.5508398246,average,0.5634983182,0.5692142840,
O1/0628/2,,videos/sample_002509_O1__0628__2.pt,ok,0.5582877398,0.5923759937,0.5721879602,0.5530117700,average,0.5582877398,0.5721879602,
O1/0628/3,,videos/sample_002510_O1__0628__3.pt,ok,0.5635587573,0.5956228375,0.5691798822,0.5512191390,average,0.5635587573,0.5691798822,
O1/0628/4,,videos/sample_002511_O1__0628__4.pt,ok,0.5649866462,0.5974760652,0.5683677366,0.5501985504,average,0.5649866462,0.5683677366,
O1/0629/1,,videos/sample_002512_O1__0629__1.pt,ok,0.6202647686,0.6337630153,0.5378020257,0.5305914160,average,0.6202647686,0.5378020257,
O1/0629/2,,videos/sample_002513_O1__0629__2.pt,ok,0.6211308837,0.6343662143,0.5373364289,0.5302714603,average,0.6211308837,0.5373364289,
O1/0629/3,,videos/sample_002514_O1__0629__3.pt,ok,0.6208956838,0.6340965033,0.5374628252,0.5304144997,average,0.6208956838,0.5374628252,
O1/0629/4,,videos/sample_002515_O1__0629__4.pt,ok,0.6191673279,0.6328476667,0.5383925555,0.5310773144,average,0.6191673279,0.5383925555,
O1/0630/1,,videos/sample_002516_O1__0630__1.pt,ok,0.6202536821,0.6352844834,0.5378079880,0.5297847519,average,0.6202536821,0.5378079880,
O1/0630/2,,videos/sample_002517_O1__0630__2.pt,ok,0.6212484241,0.6362146735,0.5372732739,0.5292921805,average,0.6212484241,0.5372732739,
O1/0630/3,,videos/sample_002518_O1__0630__3.pt,ok,0.6215693951,0.6361356974,0.5371008524,0.5293339836,average,0.6215693951,0.5371008524,
O1/0630/4,,videos/sample_002519_O1__0630__4.pt,ok,0.6217772365,0.6353839636,0.5369892322,0.5297320514,average,0.6217772365,0.5369892322,
O1/0631/1,,videos/sample_002520_O1__0631__1.pt,ok,0.6219948530,0.6350861788,0.5368723872,0.5298898211,average,0.6219948530,0.5368723872,
O1/0631/2,,videos/sample_002521_O1__0631__2.pt,ok,0.6220514774,0.6350930333,0.5368419879,0.5298861890,average,0.6220514774,0.5368419879,
O1/0631/3,,videos/sample_002522_O1__0631__3.pt,ok,0.6210064888,0.6350861788,0.5374032749,0.5298898211,average,0.6210064888,0.5374032749,
O1/0631/4,,videos/sample_002523_O1__0631__4.pt,ok,0.6208404303,0.6350930333,0.5374925227,0.5298861890,average,0.6208404303,0.5374925227,
O1/0632/1,,videos/sample_002524_O1__0632__1.pt,ok,0.6183707118,0.6322763562,0.5388216185,0.5313808112,average,0.6183707118,0.5388216185,
O1/0632/2,,videos/sample_002525_O1__0632__2.pt,ok,0.6187298298,0.6321935654,0.5386281527,0.5314248065,average,0.6187298298,0.5386281527,
O1/0632/3,,videos/sample_002526_O1__0632__3.pt,ok,0.6190612912,0.6326861382,0.5384496478,0.5311631055,average,0.6190612912,0.5384496478,
O1/0632/4,,videos/sample_002527_O1__0632__4.pt,ok,0.6174585223,0.6321935654,0.5393133502,0.5314248065,average,0.6174585223,0.5393133502,
O1/0633/1,,videos/sample_002528_O1__0633__1.pt,ok,0.5930186510,0.6119692922,0.5526564872,0.5422819054,average,0.5930186510,0.5526564872,
O1/0633/2,,videos/sample_002529_O1__0633__2.pt,ok,0.5939629674,0.6128813624,0.5521348509,0.5417875316,average,0.5939629674,0.5521348509,
O1/0633/3,,videos/sample_002530_O1__0633__3.pt,ok,0.5941054821,0.6135956049,0.5520561692,0.5414007021,average,0.5941054821,0.5520561692,
O1/0633/4,,videos/sample_002531_O1__0633__4.pt,ok,0.5933519602,0.6128813624,0.5524723124,0.5417875316,average,0.5933519602,0.5524723124,
O1/0634/1,,videos/sample_002532_O1__0634__1.pt,ok,0.6007720232,0.6202007532,0.5483881043,0.5378364544,average,0.6007720232,0.5483881043,
O1/0634/2,,videos/sample_002533_O1__0634__2.pt,ok,0.6019201875,0.6201712489,0.5477588260,0.5378523231,average,0.6019201875,0.5477588260,
O1/0634/3,,videos/sample_002534_O1__0634__3.pt,ok,0.6026116610,0.6239621639,0.5473801962,0.5358172305,average,0.6026116610,0.5473801962,
O1/0634/4,,videos/sample_002535_O1__0634__4.pt,ok,0.6019148827,0.6253324151,0.5477617318,0.5350835291,average,0.6019148827,0.5477617318,
O1/0635/1,,videos/sample_002536_O1__0635__1.pt,ok,0.5654948354,0.6006581783,0.5680789716,0.5484505390,average,0.5654948354,0.5680789716,
O1/0635/2,,videos/sample_002537_O1__0635__2.pt,ok,0.5660292506,0.6028118134,0.5677754627,0.5472706477,average,0.5660292506,0.5677754627,
O1/0635/3,,videos/sample_002538_O1__0635__3.pt,ok,0.5619954467,0.5939180255,0.5700703831,0.5521596655,average,0.5619954467,0.5700703831,
O1/0635/4,,videos/sample_002539_O1__0635__4.pt,ok,0.5652264357,0.6037481427,0.5682314643,0.5467584620,average,0.5652264357,0.5682314643,
O1/0636/1,,videos/sample_002540_O1__0636__1.pt,ok,0.5598610640,0.5802764297,0.5712884309,0.5597436154,average,0.5598610640,0.5712884309,
O1/0636/2,,videos/sample_002541_O1__0636__2.pt,ok,0.5634293556,0.5849713087,0.5692535398,0.5571218461,average,0.5634293556,0.5692535398,
O1/0636/3,,videos/sample_002542_O1__0636__3.pt,ok,0.5632070303,0.5913406610,0.5693801134,0.5535846177,average,0.5632070303,0.5693801134,
O1/0636/4,,videos/sample_002543_O1__0636__4.pt,ok,0.5627534389,0.5894477367,0.5696384379,0.5546335039,average,0.5627534389,0.5696384379,
O1/0637/1,,videos/sample_002544_O1__0637__1.pt,ok,0.5987658501,0.6244410276,0.5494893701,0.5355607085,average,0.5987658501,0.5494893701,
O1/0637/2,,videos/sample_002545_O1__0637__2.pt,ok,0.5993184447,0.6264007092,0.5491858091,0.5345122078,average,0.5993184447,0.5491858091,
O1/0637/3,,videos/sample_002546_O1__0637__3.pt,ok,0.5950323939,0.6214771271,0.5515446989,0.5371504119,average,0.5950323939,0.5515446989,
O1/0637/4,,videos/sample_002547_O1__0637__4.pt,ok,0.5974153876,0.6247145534,0.5502319361,0.5354142389,average,0.5974153876,0.5502319361,
O1/0638/1,,videos/sample_002548_O1__0638__1.pt,ok,0.6199806333,0.6463444829,0.5379548559,0.5239576163,average,0.6199806333,0.5379548559,
O1/0638/2,,videos/sample_002549_O1__0638__2.pt,ok,0.6181961894,0.6463444829,0.5389156632,0.5239576163,average,0.6181961894,0.5389156632,
O1/0638/3,,videos/sample_002550_O1__0638__3.pt,ok,0.6210262775,0.6460116506,0.5373926405,0.5241320353,average,0.6210262775,0.5373926405,
O1/0638/4,,videos/sample_002551_O1__0638__4.pt,ok,0.6213674545,0.6460116506,0.5372093258,0.5241320353,average,0.6213674545,0.5372093258,
O1/0639/1,,videos/sample_002552_O1__0639__1.pt,ok,0.6195555925,0.6336501241,0.5381835572,0.5306513185,average,0.6195555925,0.5381835572,
O1/0639/2,,videos/sample_002553_O1__0639__2.pt,ok,0.6191517711,0.6343102455,0.5384009312,0.5303011398,average,0.6191517711,0.5384009312,
O1/0639/3,,videos/sample_002554_O1__0639__3.pt,ok,0.6204121113,0.6336501241,0.5377227903,0.5306513185,average,0.6204121113,0.5377227903,
O1/0639/4,,videos/sample_002555_O1__0639__4.pt,ok,0.6204754114,0.6345052719,0.5376887535,0.5301977272,average,0.6204754114,0.5376887535,
O1/0640/1,,videos/sample_002556_O1__0640__1.pt,ok,0.5757970810,0.5937320590,0.5622565262,0.5522623582,average,0.5757970810,0.5622565262,
O1/0640/2,,videos/sample_002557_O1__0640__2.pt,ok,0.5771804452,0.5960446000,0.5614792584,0.5509867044,average,0.5771804452,0.5614792584,
O1/0640/3,,videos/sample_002558_O1__0640__3.pt,ok,0.5769345760,0.5954148173,0.5616173258,0.5513338156,average,0.5769345760,0.5616173258,
O1/0640/4,,videos/sample_002559_O1__0640__4.pt,ok,0.5775303841,0.5962975621,0.5612828093,0.5508473433,average,0.5775303841,0.5612828093,
O1/0641/1,,videos/sample_002560_O1__0641__1.pt,ok,0.6325058937,0.6522040963,0.5312588534,0.5208964047,average,0.6325058937,0.5312588534,
O1/0641/2,,videos/sample_002561_O1__0641__2.pt,ok,0.6330776215,0.6506901383,0.5309552048,0.5216856172,average,0.6330776215,0.5309552048,
O1/0641/3,,videos/sample_002562_O1__0641__3.pt,ok,0.6321133971,0.6522040963,0.5314674116,0.5208964047,average,0.6321133971,0.5314674116,
O1/0641/4,,videos/sample_002563_O1__0641__4.pt,ok,0.6330933571,0.6513662338,0.5309468499,0.5213330272,average,0.6330933571,0.5309468499,
O1/0642/1,,videos/sample_002564_O1__0642__1.pt,ok,0.5556682348,0.5756449699,0.5736887743,0.5623420581,average,0.5556682348,0.5736887743,
O1/0642/2,,videos/sample_002565_O1__0642__2.pt,ok,0.5526733994,0.5730780363,0.5754094530,0.5637874071,average,0.5526733994,0.5754094530,
O1/0642/3,,videos/sample_002566_O1__0642__3.pt,ok,0.5558338165,0.5827647448,0.5735937898,0.5583525284,average,0.5558338165,0.5735937898,
O1/0642/4,,videos/sample_002567_O1__0642__4.pt,ok,0.5582360625,0.5842728019,0.5722175301,0.5575111355,average,0.5582360625,0.5722175301,
O1/0643/1,,videos/sample_002568_O1__0643__1.pt,ok,0.5672367215,0.5997176170,0.5670903041,0.5489666330,average,0.5672367215,0.5670903041,
O1/0643/2,,videos/sample_002569_O1__0643__2.pt,ok,0.5677279830,0.6018567681,0.5668117829,0.5477935656,average,0.5677279830,0.5668117829,
O1/0643/3,,videos/sample_002570_O1__0643__3.pt,ok,0.5524517894,0.5723145008,0.5755369836,0.5642180432,average,0.5524517894,0.5755369836,
O1/0643/4,,videos/sample_002571_O1__0643__4.pt,ok,0.5579082370,0.5910995007,0.5724051484,0.5537181365,average,0.5579082370,0.5724051484,
O1/0644/1,,videos/sample_002572_O1__0644__1.pt,ok,0.5997585058,0.6176228523,0.5489441869,0.5392247321,average,0.5997585058,0.5489441869,
O1/0644/2,,videos/sample_002573_O1__0644__2.pt,ok,0.5976855755,0.6146208048,0.5500832902,0.5408459426,average,0.5976855755,0.5500832902,
O1/0644/3,,videos/sample_002574_O1__0644__3.pt,ok,0.5997848511,0.6176038980,0.5489297250,0.5392349528,average,0.5997848511,0.5489297250,
O1/0644/4,,videos/sample_002575_O1__0644__4.pt,ok,0.5993133187,0.6173892617,0.5491886242,0.5393507046,average,0.5993133187,0.5491886242,
O1/0645/1,,videos/sample_002576_O1__0645__1.pt,ok,0.5674422979,0.5884451270,0.5669737356,0.5551898637,average,0.5674422979,0.5669737356,
O1/0645/2,,videos/sample_002577_O1__0645__2.pt,ok,0.5704292059,0.5998880863,0.5652827639,0.5488730591,average,0.5704292059,0.5652827639,
O1/0645/3,,videos/sample_002578_O1__0645__3.pt,ok,0.5701731443,0.6003423929,0.5654275296,0.5486237590,average,0.5701731443,0.5654275296,
O1/0645/4,,videos/sample_002579_O1__0645__4.pt,ok,0.5665643811,0.5887113810,0.5674717100,0.5550420619,average,0.5665643811,0.5674717100,
O1/0646/1,,videos/sample_002580_O1__0646__1.pt,ok,0.5641816258,0.5867412686,0.5688254684,0.5561366349,average,0.5641816258,0.5688254684,
O1/0646/2,,videos/sample_002581_O1__0646__2.pt,ok,0.5630459189,0.5861544609,0.5694718544,0.5564630760,average,0.5630459189,0.5694718544,
O1/0646/3,,videos/sample_002582_O1__0646__3.pt,ok,0.5645958185,0.5894659758,0.5685899138,0.5546233880,average,0.5645958185,0.5685899138,
O1/0646/4,,videos/sample_002583_O1__0646__4.pt,ok,0.5653128028,0.5901771784,0.5681823899,0.5542290786,average,0.5653128028,0.5681823899,
O1/0647/1,,videos/sample_002584_O1__0647__1.pt,ok,0.5702558756,0.5929761529,0.5653807531,0.5526799745,average,0.5702558756,0.5653807531,
O1/0647/2,,videos/sample_002585_O1__0647__2.pt,ok,0.5694648027,0.5909168124,0.5658281874,0.5538193035,average,0.5694648027,0.5658281874,
O1/0647/3,,videos/sample_002586_O1__0647__3.pt,ok,0.5711267591,0.5915005207,0.5648885866,0.5534961289,average,0.5711267591,0.5648885866,
O1/0647/4,,videos/sample_002587_O1__0647__4.pt,ok,0.5715557337,0.5929761529,0.5646463157,0.5526799745,average,0.5715557337,0.5646463157,
O1/0648/1,,videos/sample_002588_O1__0648__1.pt,ok,0.5504193306,0.5713204145,0.5767079284,0.5647792035,average,0.5504193306,0.5767079284,
O1/0648/2,,videos/sample_002589_O1__0648__2.pt,ok,0.5532492399,0.5840539336,0.5750782043,0.5576331703,average,0.5532492399,0.5750782043,
O1/0648/3,,videos/sample_002590_O1__0648__3.pt,ok,0.5480627418,0.5701050758,0.5780685945,0.5654660188,average,0.5480627418,0.5780685945,
O1/0648/4,,videos/sample_002591_O1__0648__4.pt,ok,0.5520628095,0.5807145238,0.5757608995,0.5594984488,average,0.5520628095,0.5757608995,
O1/0649/1,,videos/sample_002592_O1__0649__1.pt,ok,0.5637612939,0.5944494009,0.5690646142,0.5518663393,average,0.5637612939,0.5690646142,
O1/0649/2,,videos/sample_002593_O1__0649__2.pt,ok,0.5620220900,0.5847347379,0.5700551947,0.5572536605,average,0.5620220900,0.5700551947,
O1/0649/3,,videos/sample_002594_O1__0649__3.pt,ok,0.5643621087,0.5960588455,0.5687228144,0.5509788554,average,0.5643621087,0.5687228144,
O1/0649/4,,videos/sample_002595_O1__0649__4.pt,ok,0.5617477298,0.5843470693,0.5702116166,0.5574697321,average,0.5617477298,0.5702116166,
O1/0650/1,,videos/sample_002596_O1__0650__1.pt,ok,0.6229594350,0.6450908780,0.5363547794,0.5246148640,average,0.6229594350,0.5363547794,
O1/0650/2,,videos/sample_002597_O1__0650__2.pt,ok,0.6232245564,0.6456734538,0.5362125991,0.5243093251,average,0.6232245564,0.5362125991,
O1/0650/3,,videos/sample_002598_O1__0650__3.pt,ok,0.6232240796,0.6450908780,0.5362128548,0.5246148640,average,0.6232240796,0.5362128548,
O1/0650/4,,videos/sample_002599_O1__0650__4.pt,ok,0.6221315265,0.6456734538,0.5367990160,0.5243093251,average,0.6221315265,0.5367990160,
O1/0651/1,,videos/sample_002600_O1__0651__1.pt,ok,0.5472154021,0.5761767626,0.5785586225,0.5620430882,average,0.5472154021,0.5785586225,
O1/0651/2,,videos/sample_002601_O1__0651__2.pt,ok,0.5459616780,0.5750273466,0.5792844303,0.5626894809,average,0.5459616780,0.5792844303,
O1/0651/3,,videos/sample_002602_O1__0651__3.pt,ok,0.5460838079,0.5675731301,0.5792136866,0.5668995621,average,0.5460838079,0.5792136866,
O1/0651/4,,videos/sample_002603_O1__0651__4.pt,ok,0.5447803736,0.5668752193,0.5799691459,0.5672953455,average,0.5447803736,0.5799691459,
O1/0652/1,,videos/sample_002604_O1__0652__1.pt,ok,0.5727716684,0.5949320793,0.5639601599,0.5516000296,average,0.5727716684,0.5639601599,
O1/0652/2,,videos/sample_002605_O1__0652__2.pt,ok,0.5733273029,0.5939076543,0.5636468912,0.5521653921,average,0.5733273029,0.5636468912,
O1/0652/3,,videos/sample_002606_O1__0652__3.pt,ok,0.5731899142,0.5949320793,0.5637243353,0.5516000296,average,0.5731899142,0.5637243353,
O1/0652/4,,videos/sample_002607_O1__0652__4.pt,ok,0.5735146999,0.5939076543,0.5635412754,0.5521653921,average,0.5735146999,0.5635412754,
O1/0653/1,,videos/sample_002608_O1__0653__1.pt,ok,0.6092466712,0.6348707676,0.5437603451,0.5300039776,average,0.6092466712,0.5437603451,
O1/0653/2,,videos/sample_002609_O1__0653__2.pt,ok,0.6093599200,0.6337710023,0.5436987684,0.5305871782,average,0.6093599200,0.5436987684,
O1/0653/3,,videos/sample_002610_O1__0653__3.pt,ok,0.6094740629,0.6337710023,0.5436367126,0.5305871782,average,0.6094740629,0.5436367126,
O1/0653/4,,videos/sample_002611_O1__0653__4.pt,ok,0.6066764593,0.6348707676,0.5451597220,0.5300039776,average,0.6066764593,0.5451597220,
O1/0654/1,,videos/sample_002612_O1__0654__1.pt,ok,0.5541397333,0.5850005746,0.5745663289,0.5571055417,average,0.5541397333,0.5745663289,
O1/0654/2,,videos/sample_002613_O1__0654__2.pt,ok,0.5548991561,0.5869663954,0.5741301558,0.5560114478,average,0.5548991561,0.5741301558,
O1/0654/3,,videos/sample_002614_O1__0654__3.pt,ok,0.5514339805,0.5755386353,0.5761230685,0.5624018577,average,0.5514339805,0.5761230685,
O1/0654/4,,videos/sample_002615_O1__0654__4.pt,ok,0.5520450473,0.5759159923,0.5757711264,0.5621896715,average,0.5520450473,0.5757711264,
O1/0655/1,,videos/sample_002616_O1__0655__1.pt,ok,0.6239256263,0.6499376893,0.5358368084,0.5220783068,average,0.6239256263,0.5358368084,
O1/0655/2,,videos/sample_002617_O1__0655__2.pt,ok,0.6241447926,0.6502274275,0.5357193839,0.5219270627,average,0.6241447926,0.5357193839,
O1/0655/3,,videos/sample_002618_O1__0655__3.pt,ok,0.6234760284,0.6499376893,0.5360777736,0.5220783068,average,0.6234760284,0.5360777736,
O1/0655/4,,videos/sample_002619_O1__0655__4.pt,ok,0.6242271066,0.6502274275,0.5356752885,0.5219270627,average,0.6242271066,0.5356752885,
O1/0656/1,,videos/sample_002620_O1__0656__1.pt,ok,0.5646263361,0.5990381241,0.5685725621,0.5493397788,average,0.5646263361,0.5685725621,
O1/0656/2,,videos/sample_002621_O1__0656__2.pt,ok,0.5613446236,0.5958841443,0.5704415188,0.5510751205,average,0.5613446236,0.5704415188,
O1/0656/3,,videos/sample_002622_O1__0656__3.pt,ok,0.5517289042,0.5715144277,0.5759531812,0.5646696395,average,0.5517289042,0.5759531812,
O1/0656/4,,videos/sample_002623_O1__0656__4.pt,ok,0.5678007007,0.6022982001,0.5667705671,0.5475518053,average,0.5678007007,0.5667705671,
O1/0657/1,,videos/sample_002624_O1__0657__1.pt,ok,0.6252896190,0.6453844905,0.5351064291,0.5244608531,average,0.6252896190,0.5351064291,
O1/0657/2,,videos/sample_002625_O1__0657__2.pt,ok,0.6253564358,0.6453844905,0.5350706762,0.5244608531,average,0.6253564358,0.5350706762,
O1/0657/3,,videos/sample_002626_O1__0657__3.pt,ok,0.6243128777,0.6468645930,0.5356293450,0.5236851715,average,0.6243128777,0.5356293450,
O1/0657/4,,videos/sample_002627_O1__0657__4.pt,ok,0.6250661016,0.6468645930,0.5352260481,0.5236851715,average,0.6250661016,0.5352260481,
O1/0658/1,,videos/sample_002628_O1__0658__1.pt,ok,0.6195694804,0.6342596412,0.5381760831,0.5303279760,average,0.6195694804,0.5381760831,
O1/0658/2,,videos/sample_002629_O1__0658__2.pt,ok,0.6198617220,0.6335049868,0.5380188286,0.5307283414,average,0.6198617220,0.5380188286,
O1/0658/3,,videos/sample_002630_O1__0658__3.pt,ok,0.6208523512,0.6335049868,0.5374861154,0.5307283414,average,0.6208523512,0.5374861154,
O1/0658/4,,videos/sample_002631_O1__0658__4.pt,ok,0.6208022833,0.6342596412,0.5375130268,0.5303279760,average,0.6208022833,0.5375130268,
O1/0659/1,,videos/sample_002632_O1__0659__1.pt,ok,0.6044822931,0.6330187917,0.5463572063,0.5309864417,average,0.6044822931,0.5463572063,
O1/0659/2,,videos/sample_002633_O1__0659__2.pt,ok,0.6023159027,0.6312447190,0.5475421124,0.5319292863,average,0.6023159027,0.5475421124,
O1/0659/3,,videos/sample_002634_O1__0659__3.pt,ok,0.6005742550,0.6259508729,0.5484965687,0.5347527048,average,0.6005742550,0.5484965687,
O1/0659/4,,videos/sample_002635_O1__0659__4.pt,ok,0.6033245921,0.6323775649,0.5469900909,0.5313270336,average,0.6033245921,0.5469900909,
O1/0660/1,,videos/sample_002636_O1__0660__1.pt,ok,0.5695995688,0.5921862125,0.5657519381,0.5531167312,average,0.5695995688,0.5657519381,
O1/0660/2,,videos/sample_002637_O1__0660__2.pt,ok,0.5698757172,0.5930035710,0.5655957282,0.5526648213,average,0.5698757172,0.5655957282,
O1/0660/3,,videos/sample_002638_O1__0660__3.pt,ok,0.5695147514,0.5930035710,0.5657999257,0.5526648213,average,0.5695147514,0.5657999257,
O1/0660/4,,videos/sample_002639_O1__0660__4.pt,ok,0.5697919726,0.5921862125,0.5656430957,0.5531167312,average,0.5697919726,0.5656430957,
O1/0661/1,,videos/sample_002640_O1__0661__1.pt,ok,0.5729761720,0.6105920672,0.5638448399,0.5430292640,average,0.5729761720,0.5638448399,
O1/0661/2,,videos/sample_002641_O1__0661__2.pt,ok,0.5794738531,0.6114748716,0.5601930329,0.5425500870,average,0.5794738531,0.5601930329,
O1/0661/3,,videos/sample_002642_O1__0661__3.pt,ok,0.5786786675,0.6130568981,0.5606386674,0.5416924369,average,0.5786786675,0.5606386674,
O1/0661/4,,videos/sample_002643_O1__0661__4.pt,ok,0.5646789670,0.5859986544,0.5685426384,0.5565497833,average,0.5646789670,0.5685426384,
O1/0662/1,,videos/sample_002644_O1__0662__1.pt,ok,0.5679832697,0.6017736197,0.5666671018,0.5478391157,average,0.5679832697,0.5666671018,
O1/0662/2,,videos/sample_002645_O1__0662__2.pt,ok,0.5660256147,0.6085491180,0.5677775270,0.5441397792,average,0.5660256147,0.5677775270,
O1/0662/3,,videos/sample_002646_O1__0662__3.pt,ok,0.5630375743,0.5971336365,0.5694766064,0.5503869864,average,0.5630375743,0.5694766064,
O1/0662/4,,videos/sample_002647_O1__0662__4.pt,ok,0.5526340008,0.5728533268,0.5754321238,0.5639141097,average,0.5526340008,0.5754321238,
O1/0663/1,,videos/sample_002648_O1__0663__1.pt,ok,0.5634302497,0.5839965343,0.5692530309,0.5576651790,average,0.5634302497,0.5692530309,
O1/0663/2,,videos/sample_002649_O1__0663__2.pt,ok,0.5646327138,0.5921012163,0.5685689359,0.5531637461,average,0.5646327138,0.5685689359,
O1/0663/3,,videos/sample_002650_O1__0663__3.pt,ok,0.5622539520,0.5895015001,0.5699230359,0.5546036857,average,0.5622539520,0.5699230359,
O1/0663/4,,videos/sample_002651_O1__0663__4.pt,ok,0.5598610640,0.5802764297,0.5712884309,0.5597436154,average,0.5598610640,0.5712884309,
O1/0664/1,,videos/sample_002652_O1__0664__1.pt,ok,0.6241508722,0.6375200152,0.5357161269,0.5286017241,average,0.6241508722,0.5357161269,
O1/0664/2,,videos/sample_002653_O1__0664__2.pt,ok,0.6229127049,0.6374161839,0.5363798439,0.5286566123,average,0.6229127049,0.5363798439,
O1/0664/3,,videos/sample_002654_O1__0664__3.pt,ok,0.6236891747,0.6375200152,0.5359635228,0.5286017241,average,0.6236891747,0.5359635228,
O1/0664/4,,videos/sample_002655_O1__0664__4.pt,ok,0.6240714788,0.6374236941,0.5357586609,0.5286526420,average,0.6240714788,0.5357586609,
O1/0665/1,,videos/sample_002656_O1__0665__1.pt,ok,0.5784411430,0.5997239351,0.5607718487,0.5489631646,average,0.5784411430,0.5607718487,
O1/0665/2,,videos/sample_002657_O1__0665__2.pt,ok,0.5776524544,0.5975874066,0.5612142975,0.5501372939,average,0.5776524544,0.5612142975,
O1/0665/3,,videos/sample_002658_O1__0665__3.pt,ok,0.5777069330,0.5982776880,0.5611837242,0.5497576754,average,0.5777069330,0.5611837242,
O1/0665/4,,videos/sample_002659_O1__0665__4.pt,ok,0.5784476399,0.5987493992,0.5607682054,0.5494984097,average,0.5784476399,0.5607682054,
O1/0666/1,,videos/sample_002660_O1__0666__1.pt,ok,0.5626967549,0.5893234015,0.5696707282,0.5547024687,average,0.5626967549,0.5696707282,
O1/0666/2,,videos/sample_002661_O1__0666__2.pt,ok,0.5590432286,0.5800135732,0.5717558419,0.5598907670,average,0.5590432286,0.5717558419,
O1/0666/3,,videos/sample_002662_O1__0666__3.pt,ok,0.5613612533,0.5821469426,0.5704320326,0.5586975864,average,0.5613612533,0.5704320326,
O1/0666/4,,videos/sample_002663_O1__0666__4.pt,ok,0.5634461641,0.5936389565,0.5692439716,0.5523137776,average,0.5634461641,0.5692439716,
O1/0667/1,,videos/sample_002664_O1__0667__1.pt,ok,0.5625061393,0.5918784142,0.5697793267,0.5532870059,average,0.5625061393,0.5697793267,
O1/0667/2,,videos/sample_002665_O1__0667__2.pt,ok,0.5566707253,0.5787141919,0.5731139449,0.5606187515,average,0.5566707253,0.5731139449,
O1/0667/3,,videos/sample_002666_O1__0667__3.pt,ok,0.5600332022,0.5820996165,0.5711900988,0.5587240280,average,0.5600332022,0.5711900988,
O1/0667/4,,videos/sample_002667_O1__0667__4.pt,ok,0.5602554679,0.5889966488,0.5710631569,0.5548837488,average,0.5602554679,0.5710631569,
O1/0668/1,,videos/sample_002668_O1__0668__1.pt,ok,0.6260274053,0.6527711153,0.5347117805,0.5206011303,average,0.6260274053,0.5347117805,
O1/0668/2,,videos/sample_002669_O1__0668__2.pt,ok,0.6277452707,0.6522428989,0.5337940061,0.5208761930,average,0.6277452707,0.5337940061,
O1/0668/3,,videos/sample_002670_O1__0668__3.pt,ok,0.6273985505,0.6522428989,0.5339791154,0.5208761930,average,0.6273985505,0.5339791154,
O1/0668/4,,videos/sample_002671_O1__0668__4.pt,ok,0.6274672747,0.6527711153,0.5339424194,0.5206011303,average,0.6274672747,0.5339424194,
O1/0669/1,,videos/sample_002672_O1__0669__1.pt,ok,0.6226286292,0.6368923187,0.5365322380,0.5289336297,average,0.6226286292,0.5365322380,
O1/0669/2,,videos/sample_002673_O1__0669__2.pt,ok,0.6234170198,0.6371012926,0.5361094077,0.5288231079,average,0.6234170198,0.5361094077,
O1/0669/3,,videos/sample_002674_O1__0669__3.pt,ok,0.6230071783,0.6366770864,0.5363291727,0.5290474856,average,0.6230071783,0.5363291727,
O1/0669/4,,videos/sample_002675_O1__0669__4.pt,ok,0.6217188239,0.6346601248,0.5370206000,0.5301156309,average,0.6217188239,0.5370206000,
O1/0670/1,,videos/sample_002676_O1__0670__1.pt,ok,0.5767155290,0.5976169109,0.5617403599,0.5501210627,average,0.5767155290,0.5617403599,
O1/0670/2,,videos/sample_002677_O1__0670__2.pt,ok,0.5776230097,0.5985919237,0.5612308226,0.5495849491,average,0.5776230097,0.5612308226,
O1/0670/3,,videos/sample_002678_O1__0670__3.pt,ok,0.5770069957,0.5976169109,0.5615766551,0.5501210627,average,0.5770069957,0.5615766551,
O1/0670/4,,videos/sample_002679_O1__0670__4.pt,ok,0.5779181719,0.5985919237,0.5610651929,0.5495849491,average,0.5779181719,0.5610651929,
O1/0671/1,,videos/sample_002680_O1__0671__1.pt,ok,0.5583091974,0.5926690698,0.5721756826,0.5528497193,average,0.5583091974,0.5721756826,
O1/0671/2,,videos/sample_002681_O1__0671__2.pt,ok,0.5558810830,0.5939355493,0.5735666786,0.5521499896,average,0.5558810830,0.5735666786,
O1/0671/3,,videos/sample_002682_O1__0671__3.pt,ok,0.5470687151,0.5697988868,0.5786434958,0.5656391848,average,0.5470687151,0.5786434958,
O1/0671/4,,videos/sample_002683_O1__0671__4.pt,ok,0.5586313605,0.5916668773,0.5719913783,0.5534040588,average,0.5586313605,0.5719913783,
O1/0672/1,,videos/sample_002684_O1__0672__1.pt,ok,0.6214435697,0.6452159882,0.5371684376,0.5245492334,average,0.6214435697,0.5371684376,
O1/0672/2,,videos/sample_002685_O1__0672__2.pt,ok,0.6213178635,0.6448894739,0.5372359672,0.5247205342,average,0.6213178635,0.5372359672,
O1/0672/3,,videos/sample_002686_O1__0672__3.pt,ok,0.6195866466,0.6448894739,0.5381668447,0.5247205342,average,0.6195866466,0.5381668447,
O1/0672/4,,videos/sample_002687_O1__0672__4.pt,ok,0.6208777428,0.6452159882,0.5374724679,0.5245492334,average,0.6208777428,0.5374724679,
O1/0673/1,,videos/sample_002688_O1__0673__1.pt,ok,0.6170035601,0.6311584115,0.5395587732,0.5319751977,average,0.6170035601,0.5395587732,
O1/0673/2,,videos/sample_002689_O1__0673__2.pt,ok,0.6174110770,0.6312904954,0.5393389387,0.5319049370,average,0.6174110770,0.5393389387,
O1/0673/3,,videos/sample_002690_O1__0673__3.pt,ok,0.6165005565,0.6296162605,0.5398302415,0.5327962167,average,0.6165005565,0.5398302415,
O1/0673/4,,videos/sample_002691_O1__0673__4.pt,ok,0.6176867485,0.6306715012,0.5391902788,0.5322342850,average,0.6176867485,0.5391902788,
O1/0674/1,,videos/sample_002692_O1__0674__1.pt,ok,0.5675600767,0.5850196481,0.5669069621,0.5570949159,average,0.5675600767,0.5669069621,
O1/0674/2,,videos/sample_002693_O1__0674__2.pt,ok,0.5637673140,0.5807211995,0.5690611884,0.5594947137,average,0.5637673140,0.5690611884,
O1/0674/3,,videos/sample_002694_O1__0674__3.pt,ok,0.5700027943,0.5949535370,0.5655238585,0.5515881937,average,0.5700027943,0.5655238585,
O1/0674/4,,videos/sample_002695_O1__0674__4.pt,ok,0.5683776140,0.5932128429,0.5664436839,0.5525491762,average,0.5683776140,0.5664436839,
O1/0675/1,,videos/sample_002696_O1__0675__1.pt,ok,0.6212729812,0.6340305209,0.5372600801,0.5304494988,average,0.6212729812,0.5372600801,
O1/0675/2,,videos/sample_002697_O1__0675__2.pt,ok,0.6197571754,0.6340077519,0.5380750796,0.5304615767,average,0.6197571754,0.5380750796,
O1/0675/3,,videos/sample_002698_O1__0675__3.pt,ok,0.6211329103,0.6346060038,0.5373353399,0.5301443220,average,0.6211329103,0.5373353399,
O1/0675/4,,videos/sample_002699_O1__0675__4.pt,ok,0.6207612753,0.6334022284,0.5375350696,0.5307828810,average,0.6207612753,0.5375350696,
O1/0676/1,,videos/sample_002700_O1__0676__1.pt,ok,0.5811769962,0.6007256508,0.5592397560,0.5484135350,average,0.5811769962,0.5592397560,
O1/0676/2,,videos/sample_002701_O1__0676__2.pt,ok,0.5798608065,0.6007256508,0.5599763062,0.5484135350,average,0.5798608065,0.5599763062,
O1/0676/3,,videos/sample_002702_O1__0676__3.pt,ok,0.5806463361,0.6000351906,0.5595366010,0.5487923234,average,0.5806463361,0.5595366010,
O1/0676/4,,videos/sample_002703_O1__0676__4.pt,ok,0.5795772076,0.5999110341,0.5601351374,0.5488604638,average,0.5795772076,0.5601351374,
O1/0677/1,,videos/sample_002704_O1__0677__1.pt,ok,0.5753660202,0.5941176414,0.5624989451,0.5520494566,average,0.5753660202,0.5624989451,
O1/0677/2,,videos/sample_002705_O1__0677__2.pt,ok,0.5758851767,0.5960986018,0.5622069960,0.5509569510,average,0.5758851767,0.5622069960,
O1/0677/3,,videos/sample_002706_O1__0677__3.pt,ok,0.5747728348,0.5932397246,0.5628327103,0.5525343229,average,0.5747728348,0.5628327103,
O1/0677/4,,videos/sample_002707_O1__0677__4.pt,ok,0.5761357546,0.5958065987,0.5620661370,0.5511178556,average,0.5761357546,0.5620661370,
O1/0678/1,,videos/sample_002708_O1__0678__1.pt,ok,0.5770804882,0.6056435108,0.5615353849,0.5457231349,average,0.5770804882,0.5615353849,
O1/0678/2,,videos/sample_002709_O1__0678__2.pt,ok,0.5816869140,0.6127508879,0.5589546624,0.5418582257,average,0.5816869140,0.5589546624,
O1/0678/3,,videos/sample_002710_O1__0678__3.pt,ok,0.5806749463,0.6148803830,0.5595205927,0.5407055690,average,0.5806749463,0.5595205927,
O1/0678/4,,videos/sample_002711_O1__0678__4.pt,ok,0.5706350803,0.5986222029,0.5651663986,0.5495683083,average,0.5706350803,0.5651663986,
O1/0679/1,,videos/sample_002712_O1__0679__1.pt,ok,0.5667997599,0.5930868983,0.5673381549,0.5526187711,average,0.5667997599,0.5673381549,
O1/0679/2,,videos/sample_002713_O1__0679__2.pt,ok,0.5664261580,0.5899051428,0.5675501531,0.5543798692,average,0.5664261580,0.5675501531,
O1/0679/3,,videos/sample_002714_O1__0679__3.pt,ok,0.5651057363,0.5847550631,0.5683000537,0.5572423343,average,0.5651057363,0.5683000537,
O1/0679/4,,videos/sample_002715_O1__0679__4.pt,ok,0.5657256842,0.5863667130,0.5679478464,0.5563449780,average,0.5657256842,0.5679478464,
O1/0680/1,,videos/sample_002716_O1__0680__1.pt,ok,0.6198741794,0.6452600360,0.5380121264,0.5245261287,average,0.6198741794,0.5380121264,
O1/0680/2,,videos/sample_002717_O1__0680__2.pt,ok,0.6208735704,0.6452600360,0.5374747104,0.5245261287,average,0.6208735704,0.5374747104,
O1/0680/3,,videos/sample_002718_O1__0680__3.pt,ok,0.6199259162,0.6451707482,0.5379842920,0.5245729646,average,0.6199259162,0.5379842920,
O1/0680/4,,videos/sample_002719_O1__0680__4.pt,ok,0.6205724478,0.6451707482,0.5376365806,0.5245729646,average,0.6205724478,0.5376365806,
O1/0681/1,,videos/sample_002720_O1__0681__1.pt,ok,0.5539844036,0.5905163884,0.5746555831,0.5540411104,average,0.5539844036,0.5746555831,
O1/0681/2,,videos/sample_002721_O1__0681__2.pt,ok,0.5602381229,0.6048718691,0.5710730621,0.5461444001,average,0.5602381229,0.5710730621,
O1/0681/3,,videos/sample_002722_O1__0681__3.pt,ok,0.5617916584,0.5969382524,0.5701865686,0.5504945338,average,0.5617916584,0.5701865686,
O1/0681/4,,videos/sample_002723_O1__0681__4.pt,ok,0.5612102747,0.5968500376,0.5705181621,0.5505430977,average,0.5612102747,0.5705181621,
O1/0682/1,,videos/sample_002724_O1__0682__1.pt,ok,0.5727266669,0.6023818851,0.5639855395,0.5475059854,average,0.5727266669,0.5639855395,
O1/0682/2,,videos/sample_002725_O1__0682__2.pt,ok,0.5735225081,0.6098432541,0.5635368752,0.5434360438,average,0.5735225081,0.5635368752,
O1/0682/3,,videos/sample_002726_O1__0682__3.pt,ok,0.5631868243,0.5839023590,0.5693916184,0.5577176998,average,0.5631868243,0.5693916184,
O1/0682/4,,videos/sample_002727_O1__0682__4.pt,ok,0.5689963102,0.6003897190,0.5660933357,0.5485977954,average,0.5689963102,0.5660933357,
O1/0683/1,,videos/sample_002728_O1__0683__1.pt,ok,0.5778598785,0.5981332660,0.5610979002,0.5498370783,average,0.5778598785,0.5610979002,
O1/0683/2,,videos/sample_002729_O1__0683__2.pt,ok,0.5786945820,0.6021096110,0.5606297453,0.5476550774,average,0.5786945820,0.5606297453,
O1/0683/3,,videos/sample_002730_O1__0683__3.pt,ok,0.5790538192,0.6032688022,0.5604283824,0.5470206083,average,0.5790538192,0.5604283824,
O1/0683/4,,videos/sample_002731_O1__0683__4.pt,ok,0.5775979161,0.5986011624,0.5612449060,0.5495798716,average,0.5775979161,0.5612449060,
O1/0684/1,,videos/sample_002732_O1__0684__1.pt,ok,0.6399625540,0.6588978767,0.5273121694,0.5174212824,average,0.6399625540,0.5273121694,
O1/0684/2,,videos/sample_002733_O1__0684__2.pt,ok,0.6403424144,0.6588978767,0.5271119024,0.5174212824,average,0.6403424144,0.5271119024,
O1/0684/3,,videos/sample_002734_O1__0684__3.pt,ok,0.6399910450,0.6582201123,0.5272971460,0.5177720910,average,0.6399910450,0.5272971460,
O1/0684/4,,videos/sample_002735_O1__0684__4.pt,ok,0.6399809718,0.6582201123,0.5273024576,0.5177720910,average,0.6399809718,0.5273024576,
O1/0685/1,,videos/sample_002736_O1__0685__1.pt,ok,0.6278731227,0.6396434307,0.5337257639,0.5274804739,average,0.6278731227,0.5337257639,
O1/0685/2,,videos/sample_002737_O1__0685__2.pt,ok,0.6271901131,0.6396434307,0.5340904282,0.5274804739,average,0.6271901131,0.5340904282,
O1/0685/3,,videos/sample_002738_O1__0685__3.pt,ok,0.6273018122,0.6378887892,0.5340307742,0.5284068255,average,0.6273018122,0.5340307742,
O1/0685/4,,videos/sample_002739_O1__0685__4.pt,ok,0.6264563799,0.6378887892,0.5344824519,0.5284068255,average,0.6264563799,0.5344824519,
O1/0686/1,,videos/sample_002740_O1__0686__1.pt,ok,0.6264476776,0.6483168006,0.5344871032,0.5229252238,average,0.6264476776,0.5344871032,
O1/0686/2,,videos/sample_002741_O1__0686__2.pt,ok,0.6252973080,0.6470834017,0.5351023147,0.5235705972,average,0.6252973080,0.5351023147,
O1/0686/3,,videos/sample_002742_O1__0686__3.pt,ok,0.6260091066,0.6483168006,0.5347215651,0.5229252238,average,0.6260091066,0.5347215651,
O1/0686/4,,videos/sample_002743_O1__0686__4.pt,ok,0.6240310669,0.6470834017,0.5357803124,0.5235705972,average,0.6240310669,0.5357803124,
O1/0687/1,,videos/sample_002744_O1__0687__1.pt,ok,0.5976977348,0.6254685521,0.5500766016,0.5350106894,average,0.5976977348,0.5500766016,
O1/0687/2,,videos/sample_002745_O1__0687__2.pt,ok,0.6042516828,0.6285023689,0.5464832165,0.5333900246,average,0.6042516828,0.5464832165,
O1/0687/3,,videos/sample_002746_O1__0687__3.pt,ok,0.6054592729,0.6314374208,0.5458236871,0.5318267924,average,0.6054592729,0.5458236871,
O1/0687/4,,videos/sample_002747_O1__0687__4.pt,ok,0.6010496616,0.6310670972,0.5482358718,0.5320237769,average,0.6010496616,0.5482358718,
O1/0688/1,,videos/sample_002748_O1__0688__1.pt,ok,0.5961087942,0.6156429052,0.5509513354,0.5402934262,average,0.5961087942,0.5509513354,
O1/0688/2,,videos/sample_002749_O1__0688__2.pt,ok,0.5957573652,0.6145918965,0.5511449897,0.5408615778,average,0.5957573652,0.5511449897,
O1/0688/3,,videos/sample_002750_O1__0688__3.pt,ok,0.5950416923,0.6145918965,0.5515395705,0.5408615778,average,0.5950416923,0.5515395705,
O1/0688/4,,videos/sample_002751_O1__0688__4.pt,ok,0.5941687226,0.6137162447,0.5520212580,0.5413353916,average,0.5941687226,0.5520212580,
O1/0689/1,,videos/sample_002752_O1__0689__1.pt,ok,0.5444824696,0.5662852526,0.5801419468,0.5676301296,average,0.5444824696,0.5801419468,
O1/0689/2,,videos/sample_002753_O1__0689__2.pt,ok,0.5557524562,0.5879191160,0.5736404594,0.5554819765,average,0.5557524562,0.5736404594,
O1/0689/3,,videos/sample_002754_O1__0689__3.pt,ok,0.5547741055,0.5844768286,0.5742019556,0.5573973999,average,0.5547741055,0.5742019556,
O1/0689/4,,videos/sample_002755_O1__0689__4.pt,ok,0.5505908728,0.5861434340,0.5766090071,0.5564692121,average,0.5505908728,0.5766090071,
O1/0690/1,,videos/sample_002756_O1__0690__1.pt,ok,0.6256273389,0.6412570477,0.5349257435,0.5266300088,average,0.6256273389,0.5349257435,
O1/0690/2,,videos/sample_002757_O1__0690__2.pt,ok,0.6262844205,0.6404131055,0.5345743691,0.5270746416,average,0.6262844205,0.5345743691,
O1/0690/3,,videos/sample_002758_O1__0690__3.pt,ok,0.6262055635,0.6412570477,0.5346165257,0.5266300088,average,0.6262055635,0.5346165257,
O1/0690/4,,videos/sample_002759_O1__0690__4.pt,ok,0.6250164509,0.6404131055,0.5352526231,0.5270746416,average,0.6250164509,0.5352526231,
O1/0691/1,,videos/sample_002760_O1__0691__1.pt,ok,0.5767054558,0.5952859521,0.5617460184,0.5514048679,average,0.5767054558,0.5617460184,
O1/0691/2,,videos/sample_002761_O1__0691__2.pt,ok,0.5773454309,0.5977171063,0.5613866300,0.5500659459,average,0.5773454309,0.5613866300,
O1/0691/3,,videos/sample_002762_O1__0691__3.pt,ok,0.5756790042,0.5952004790,0.5623229195,0.5514520002,average,0.5756790042,0.5623229195,
O1/0691/4,,videos/sample_002763_O1__0691__4.pt,ok,0.5770334601,0.5965356231,0.5615617935,0.5507162237,average,0.5770334601,0.5615617935,
O1/0692/1,,videos/sample_002764_O1__0692__1.pt,ok,0.5868313313,0.6106951237,0.5560865501,0.5429733043,average,0.5868313313,0.5560865501,
O1/0692/2,,videos/sample_002765_O1__0692__2.pt,ok,0.5862981677,0.6105769277,0.5563831142,0.5430374853,average,0.5862981677,0.5563831142,
O1/0692/3,,videos/sample_002766_O1__0692__3.pt,ok,0.5823605061,0.5995869040,0.5585782817,0.5490383948,average,0.5823605061,0.5585782817,
O1/0692/4,,videos/sample_002767_O1__0692__4.pt,ok,0.5857487321,0.6034981608,0.5566888949,0.5468951587,average,0.5857487321,0.5566888949,
O1/0693/1,,videos/sample_002768_O1__0693__1.pt,ok,0.5783535242,0.5998665690,0.5608209850,0.5488848694,average,0.5783535242,0.5608209850,
O1/0693/2,,videos/sample_002769_O1__0693__2.pt,ok,0.5795527697,0.6000652313,0.5601488261,0.5487758376,average,0.5795527697,0.5601488261,
O1/0693/3,,videos/sample_002770_O1__0693__3.pt,ok,0.5793555975,0.6000652313,0.5602592827,0.5487758376,average,0.5793555975,0.5602592827,
O1/0693/4,,videos/sample_002771_O1__0693__4.pt,ok,0.5779840350,0.5994092226,0.5610282406,0.5491359574,average,0.5779840350,0.5610282406,
O1/0694/1,,videos/sample_002772_O1__0694__1.pt,ok,0.6295934916,0.6548275352,0.5328083481,0.5195316558,average,0.6295934916,0.5328083481,
O1/0694/2,,videos/sample_002773_O1__0694__2.pt,ok,0.6299856901,0.6538876891,0.5325994224,0.5200201651,average,0.6299856901,0.5325994224,
O1/0694/3,,videos/sample_002774_O1__0694__3.pt,ok,0.6292770505,0.6538876891,0.5329769772,0.5200201651,average,0.6292770505,0.5329769772,
O1/0694/4,,videos/sample_002775_O1__0694__4.pt,ok,0.6273223162,0.6548275352,0.5340198245,0.5195316558,average,0.6273223162,0.5340198245,
O1/0695/1,,videos/sample_002776_O1__0695__1.pt,ok,0.5686957836,0.5964622498,0.5662634874,0.5507566330,average,0.5686957836,0.5662634874,
O1/0695/2,,videos/sample_002777_O1__0695__2.pt,ok,0.5795013905,0.6096649170,0.5601776068,0.5435329672,average,0.5795013905,0.5601776068,
O1/0695/3,,videos/sample_002778_O1__0695__3.pt,ok,0.5731052160,0.6024191380,0.5637720837,0.5474855896,average,0.5731052160,0.5637720837,
O1/0695/4,,videos/sample_002779_O1__0695__4.pt,ok,0.5785901546,0.6073229313,0.5606882934,0.5448074054,average,0.5785901546,0.5606882934,
O1/0696/1,,videos/sample_002780_O1__0696__1.pt,ok,0.5988286734,0.6158140898,0.5494548504,0.5402009442,average,0.5988286734,0.5494548504,
O1/0696/2,,videos/sample_002781_O1__0696__2.pt,ok,0.5977151990,0.6169226170,0.5500669950,0.5396024485,average,0.5977151990,0.5500669950,
O1/0696/3,,videos/sample_002782_O1__0696__3.pt,ok,0.5982577205,0.6169226170,0.5497686528,0.5396024485,average,0.5982577205,0.5497686528,
O1/0696/4,,videos/sample_002783_O1__0696__4.pt,ok,0.5973479152,0.6161584854,0.5502690629,0.5400149334,average,0.5973479152,0.5502690629,
O1/0697/1,,videos/sample_002784_O1__0697__1.pt,ok,0.5538208485,0.5735011697,0.5747495786,0.5635489003,average,0.5538208485,0.5747495786,
O1/0697/2,,videos/sample_002785_O1__0697__2.pt,ok,0.5592592359,0.5844314694,0.5716323518,0.5574226836,average,0.5592592359,0.5716323518,
O1/0697/3,,videos/sample_002786_O1__0697__3.pt,ok,0.5577796698,0.5866544843,0.5724787456,0.5561849010,average,0.5577796698,0.5724787456,
O1/0697/4,,videos/sample_002787_O1__0697__4.pt,ok,0.5573965311,0.5767369866,0.5726981264,0.5617283064,average,0.5573965311,0.5726981264,
O1/0698/1,,videos/sample_002788_O1__0698__1.pt,ok,0.6170567870,0.6330189705,0.5395300549,0.5309863467,average,0.6170567870,0.5395300549,
O1/0698/2,,videos/sample_002789_O1__0698__2.pt,ok,0.6176616549,0.6327146292,0.5392038092,0.5311479724,average,0.6176616549,0.5392038092,
O1/0698/3,,videos/sample_002790_O1__0698__3.pt,ok,0.6188406348,0.6342166066,0.5385684733,0.5303507989,average,0.6188406348,0.5385684733,
O1/0698/4,,videos/sample_002791_O1__0698__4.pt,ok,0.6187956929,0.6330383420,0.5385926782,0.5309760608,average,0.6187956929,0.5385926782,
O1/0699/1,,videos/sample_002792_O1__0699__1.pt,ok,0.5632498264,0.5820927024,0.5693557466,0.5587278911,average,0.5632498264,0.5693557466,
O1/0699/2,,videos/sample_002793_O1__0699__2.pt,ok,0.5626296997,0.5868796110,0.5697089289,0.5560597030,average,0.5626296997,0.5697089289,
O1/0699/3,,videos/sample_002794_O1__0699__3.pt,ok,0.5612806678,0.5806279778,0.5704780030,0.5595468732,average,0.5612806678,0.5704780030,
O1/0699/4,,videos/sample_002795_O1__0699__4.pt,ok,0.5644277930,0.5888985991,0.5686854595,0.5549381576,average,0.5644277930,0.5686854595,
O1/0700/1,,videos/sample_002796_O1__0700__1.pt,ok,0.6226875186,0.6476621032,0.5365006429,0.5232676937,average,0.6226875186,0.5365006429,
O1/0700/2,,videos/sample_002797_O1__0700__2.pt,ok,0.6233628988,0.6482604742,0.5361384233,0.5229546792,average,0.6233628988,0.5361384233,
O1/0700/3,,videos/sample_002798_O1__0700__3.pt,ok,0.6217790246,0.6482604742,0.5369882720,0.5229546792,average,0.6217790246,0.5369882720,
O1/0700/4,,videos/sample_002799_O1__0700__4.pt,ok,0.6228329539,0.6471340060,0.5364226224,0.5235441029,average,0.6228329539,0.5364226224,
O1/0701/1,,videos/sample_002800_O1__0701__1.pt,ok,0.6386632919,0.6573862433,0.5279977314,0.5182040251,average,0.6386632919,0.5279977314,
O1/0701/2,,videos/sample_002801_O1__0701__2.pt,ok,0.6388903260,0.6573862433,0.5278778715,0.5182040251,average,0.6388903260,0.5278778715,
O1/0701/3,,videos/sample_002802_O1__0701__3.pt,ok,0.6380006671,0.6569363475,0.5283477117,0.5184372154,average,0.6380006671,0.5283477117,
O1/0701/4,,videos/sample_002803_O1__0701__4.pt,ok,0.6379654408,0.6569363475,0.5283663238,0.5184372154,average,0.6379654408,0.5283663238,
O1/0702/1,,videos/sample_002804_O1__0702__1.pt,ok,0.5556927323,0.5870457888,0.5736747205,0.5559673059,average,0.5556927323,0.5736747205,
O1/0702/2,,videos/sample_002805_O1__0702__2.pt,ok,0.5577796102,0.5895121694,0.5724787798,0.5545977685,average,0.5577796102,0.5724787798,
O1/0702/3,,videos/sample_002806_O1__0702__3.pt,ok,0.5432423949,0.5665208101,0.5808618123,0.5674964358,average,0.5432423949,0.5808618123,
O1/0702/4,,videos/sample_002807_O1__0702__4.pt,ok,0.5523864031,0.5872995853,0.5755746171,0.5558262212,average,0.5523864031,0.5755746171,
O1/0703/1,,videos/sample_002808_O1__0703__1.pt,ok,0.5708394647,0.5938342810,0.5650508993,0.5522059078,average,0.5708394647,0.5650508993,
O1/0703/2,,videos/sample_002809_O1__0703__2.pt,ok,0.5706181526,0.5937021375,0.5651759657,0.5522788830,average,0.5706181526,0.5651759657,
O1/0703/3,,videos/sample_002810_O1__0703__3.pt,ok,0.5725005269,0.5991107225,0.5641130937,0.5492998990,average,0.5725005269,0.5641130937,
O1/0703/4,,videos/sample_002811_O1__0703__4.pt,ok,0.5722628236,0.5971758962,0.5642472012,0.5503637277,average,0.5722628236,0.5642472012,
O1/0704/1,,videos/sample_002812_O1__0704__1.pt,ok,0.5538031459,0.5809104443,0.5747597533,0.5593888423,average,0.5538031459,0.5747597533,
O1/0704/2,,videos/sample_002813_O1__0704__2.pt,ok,0.5535562038,0.5743940473,0.5749017031,0.5630459447,average,0.5535562038,0.5749017031,
O1/0704/3,,videos/sample_002814_O1__0704__3.pt,ok,0.5499296188,0.5707672834,0.5769904182,0.5650916868,average,0.5499296188,0.5769904182,
O1/0704/4,,videos/sample_002815_O1__0704__4.pt,ok,0.5503240228,0.5803488493,0.5767628958,0.5597030805,average,0.5503240228,0.5767628958,
O1/0705/1,,videos/sample_002816_O1__0705__1.pt,ok,0.6190274358,0.6318265796,0.5384678776,0.5316198676,average,0.6190274358,0.5384678776,
O1/0705/2,,videos/sample_002817_O1__0705__2.pt,ok,0.6194761992,0.6320749521,0.5382262872,0.5314878442,average,0.6194761992,0.5382262872,
O1/0705/3,,videos/sample_002818_O1__0705__3.pt,ok,0.6191522479,0.6319530010,0.5384006745,0.5315526637,average,0.6191522479,0.5384006745,
O1/0705/4,,videos/sample_002819_O1__0705__4.pt,ok,0.6173384786,0.6317214370,0.5393780953,0.5316757665,average,0.6173384786,0.5393780953,
O1/0706/1,,videos/sample_002820_O1__0706__1.pt,ok,0.5589978099,0.5789639354,0.5717818109,0.5604787581,average,0.5589978099,0.5717818109,
O1/0706/2,,videos/sample_002821_O1__0706__2.pt,ok,0.5652425289,0.5979318023,0.5682223197,0.5499478616,average,0.5652425289,0.5682223197,
O1/0706/3,,videos/sample_002822_O1__0706__3.pt,ok,0.5705606341,0.5962747335,0.5652084747,0.5508599185,average,0.5705606341,0.5652084747,
O1/0706/4,,videos/sample_002823_O1__0706__4.pt,ok,0.5722099543,0.6025805473,0.5642770333,0.5473972274,average,0.5722099543,0.5642770333,
O1/0707/1,,videos/sample_002824_O1__0707__1.pt,ok,0.6237844825,0.6464861035,0.5359124437,0.5238834183,average,0.6237844825,0.5359124437,
O1/0707/2,,videos/sample_002825_O1__0707__2.pt,ok,0.6234016418,0.6464861035,0.5361176521,0.5238834183,average,0.6234016418,0.5361176521,
O1/0707/3,,videos/sample_002826_O1__0707__3.pt,ok,0.6225679517,0.6467334628,0.5365647945,0.5237538469,average,0.6225679517,0.5365647945,
O1/0707/4,,videos/sample_002827_O1__0707__4.pt,ok,0.6222834587,0.6467334628,0.5367174651,0.5237538469,average,0.6222834587,0.5367174651,
O1/0708/1,,videos/sample_002828_O1__0708__1.pt,ok,0.5781285167,0.6136302948,0.5609471881,0.5413819213,average,0.5781285167,0.5609471881,
O1/0708/2,,videos/sample_002829_O1__0708__2.pt,ok,0.5740552545,0.6134772301,0.5632367329,0.5414647942,average,0.5740552545,0.5632367329,
O1/0708/3,,videos/sample_002830_O1__0708__3.pt,ok,0.5750264525,0.6118614674,0.5626899840,0.5423403800,average,0.5750264525,0.5626899840,
O1/0708/4,,videos/sample_002831_O1__0708__4.pt,ok,0.5669826269,0.6032474637,0.5672344170,0.5470322810,average,0.5669826269,0.5672344170,
O1/0709/1,,videos/sample_002832_O1__0709__1.pt,ok,0.6393574476,0.6577643752,0.5276313459,0.5180081127,average,0.6393574476,0.5276313459,
O1/0709/2,,videos/sample_002833_O1__0709__2.pt,ok,0.6396880746,0.6577643752,0.5274569256,0.5180081127,average,0.6396880746,0.5274569256,
O1/0709/3,,videos/sample_002834_O1__0709__3.pt,ok,0.6396883130,0.6576558352,0.5274567998,0.5180643404,average,0.6396883130,0.5274567998,
O1/0709/4,,videos/sample_002835_O1__0709__4.pt,ok,0.6399376988,0.6576558352,0.5273252760,0.5180643404,average,0.6399376988,0.5273252760,
O1/0710/1,,videos/sample_002836_O1__0710__1.pt,ok,0.5728693008,0.6009352207,0.5639051018,0.5482986160,average,0.5728693008,0.5639051018,
O1/0710/2,,videos/sample_002837_O1__0710__2.pt,ok,0.5779119730,0.6105167270,0.5610686709,0.5430701776,average,0.5779119730,0.5610686709,
O1/0710/3,,videos/sample_002838_O1__0710__3.pt,ok,0.5759696364,0.6088675857,0.5621595141,0.5439665159,average,0.5759696364,0.5621595141,
O1/0710/4,,videos/sample_002839_O1__0710__4.pt,ok,0.5762152076,0.6087093353,0.5620214809,0.5440526056,average,0.5762152076,0.5620214809,
O1/0711/1,,videos/sample_002840_O1__0711__1.pt,ok,0.5457473993,0.5675947666,0.5794085719,0.5668872965,average,0.5457473993,0.5794085719,
O1/0711/2,,videos/sample_002841_O1__0711__2.pt,ok,0.5606624484,0.5952852368,0.5708307926,0.5514052623,average,0.5606624484,0.5708307926,
O1/0711/3,,videos/sample_002842_O1__0711__3.pt,ok,0.5490637422,0.5782610774,0.5774902371,0.5608728335,average,0.5490637422,0.5774902371,
O1/0711/4,,videos/sample_002843_O1__0711__4.pt,ok,0.5621056557,0.5952852368,0.5700075597,0.5514052623,average,0.5621056557,0.5700075597,
O1/0712/1,,videos/sample_002844_O1__0712__1.pt,ok,0.6198061109,0.6330463290,0.5380487493,0.5309718199,average,0.6198061109,0.5380487493,
O1/0712/2,,videos/sample_002845_O1__0712__2.pt,ok,0.6195749640,0.6320362091,0.5381731319,0.5315084361,average,0.6195749640,0.5381731319,
O1/0712/3,,videos/sample_002846_O1__0712__3.pt,ok,0.6186718941,0.6320735812,0.5386593594,0.5314885729,average,0.6186718941,0.5386593594,
O1/0712/4,,videos/sample_002847_O1__0712__4.pt,ok,0.6193897724,0.6332948208,0.5382728063,0.5308398942,average,0.6193897724,0.5382728063,
O1/0713/1,,videos/sample_002848_O1__0713__1.pt,ok,0.6165459156,0.6293256879,0.5398057558,0.5329510552,average,0.6165459156,0.5398057558,
O1/0713/2,,videos/sample_002849_O1__0713__2.pt,ok,0.6152644753,0.6293256879,0.5404979280,0.5329510552,average,0.6152644753,0.5404979280,
O1/0713/3,,videos/sample_002850_O1__0713__3.pt,ok,0.6163683534,0.6298408508,0.5399016134,0.5326765693,average,0.6163683534,0.5399016134,
O1/0713/4,,videos/sample_002851_O1__0713__4.pt,ok,0.6168261170,0.6295131445,0.5396545226,0.5328511594,average,0.6168261170,0.5396545226,
O1/0714/1,,videos/sample_002852_O1__0714__1.pt,ok,0.5451155305,0.5693725944,0.5797747978,0.5658803639,average,0.5451155305,0.5797747978,
O1/0714/2,,videos/sample_002853_O1__0714__2.pt,ok,0.5510245562,0.5734788179,0.5763589956,0.5635614967,average,0.5510245562,0.5763589956,
O1/0714/3,,videos/sample_002854_O1__0714__3.pt,ok,0.5531746745,0.5811572075,0.5751210869,0.5592508227,average,0.5531746745,0.5751210869,
O1/0714/4,,videos/sample_002855_O1__0714__4.pt,ok,0.5500804186,0.5842876434,0.5769034148,0.5575028612,average,0.5500804186,0.5769034148,
O1/0715/1,,videos/sample_002856_O1__0715__1.pt,ok,0.6255269647,0.6486603022,0.5349794390,0.5227456291,average,0.6255269647,0.5349794390,
O1/0715/2,,videos/sample_002857_O1__0715__2.pt,ok,0.6272254586,0.6486603022,0.5340715509,0.5227456291,average,0.6272254586,0.5340715509,
O1/0715/3,,videos/sample_002858_O1__0715__3.pt,ok,0.6268501282,0.6490947008,0.5342720418,0.5225185984,average,0.6268501282,0.5342720418,
O1/0715/4,,videos/sample_002859_O1__0715__4.pt,ok,0.6267075539,0.6490947008,0.5343482207,0.5225185984,average,0.6267075539,0.5343482207,
O1/0716/1,,videos/sample_002860_O1__0716__1.pt,ok,0.6235165596,0.6495206356,0.5360560462,0.5222960869,average,0.6235165596,0.5360560462,
O1/0716/2,,videos/sample_002861_O1__0716__2.pt,ok,0.6245495677,0.6495206356,0.5355025819,0.5222960869,average,0.6245495677,0.5355025819,
O1/0716/3,,videos/sample_002862_O1__0716__3.pt,ok,0.6248695850,0.6490221620,0.5353312392,0.5225565026,average,0.6248695850,0.5353312392,
O1/0716/4,,videos/sample_002863_O1__0716__4.pt,ok,0.6245296001,0.6490221620,0.5355132746,0.5225565026,average,0.6245296001,0.5355132746,
O1/0717/1,,videos/sample_002864_O1__0717__1.pt,ok,0.5605915189,0.5888324380,0.5708712828,0.5549748742,average,0.5605915189,0.5708712828,
O1/0717/2,,videos/sample_002865_O1__0717__2.pt,ok,0.5552498698,0.5751159787,0.5739288358,0.5626396108,average,0.5552498698,0.5739288358,
O1/0717/3,,videos/sample_002866_O1__0717__3.pt,ok,0.5558726192,0.5750458241,0.5735715333,0.5626790840,average,0.5558726192,0.5735715333,
O1/0717/4,,videos/sample_002867_O1__0717__4.pt,ok,0.5596793890,0.5858186483,0.5713922291,0.5566499747,average,0.5596793890,0.5713922291,
O1/0718/1,,videos/sample_002868_O1__0718__1.pt,ok,0.5514377356,0.5820819139,0.5761209051,0.5587339189,average,0.5514377356,0.5761209051,
O1/0718/2,,videos/sample_002869_O1__0718__2.pt,ok,0.5449121594,0.5873337984,0.5798927192,0.5558072050,average,0.5449121594,0.5798927192,
O1/0718/3,,videos/sample_002870_O1__0718__3.pt,ok,0.5428348184,0.5667994618,0.5810986063,0.5673383240,average,0.5428348184,0.5810986063,
O1/0718/4,,videos/sample_002871_O1__0718__4.pt,ok,0.5503549576,0.5737988949,0.5767450540,0.5633811426,average,0.5503549576,0.5767450540,
O1/0719/1,,videos/sample_002872_O1__0719__1.pt,ok,0.5479675531,0.5722178817,0.5781236227,0.5642725601,average,0.5479675531,0.5781236227,
O1/0719/2,,videos/sample_002873_O1__0719__2.pt,ok,0.5513927937,0.5816412568,0.5761467977,0.5589801833,average,0.5513927937,0.5761467977,
O1/0719/3,,videos/sample_002874_O1__0719__3.pt,ok,0.5521401763,0.5861833692,0.5757163564,0.5564469898,average,0.5521401763,0.5757163564,
O1/0719/4,,videos/sample_002875_O1__0719__4.pt,ok,0.5495685339,0.5728733540,0.5771987984,0.5639028162,average,0.5495685339,0.5771987984,
O1/0720/1,,videos/sample_002876_O1__0720__1.pt,ok,0.5684377551,0.5985088348,0.5664096184,0.5496306154,average,0.5684377551,0.5664096184,
O1/0720/2,,videos/sample_002877_O1__0720__2.pt,ok,0.5654322505,0.5871621370,0.5681145259,0.5559026238,average,0.5654322505,0.5681145259,
O1/0720/3,,videos/sample_002878_O1__0720__3.pt,ok,0.5641812086,0.5865393877,0.5688257057,0.5562489197,average,0.5641812086,0.5688257057,
O1/0720/4,,videos/sample_002879_O1__0720__4.pt,ok,0.5680086017,0.5960836411,0.5666527472,0.5509651938,average,0.5680086017,0.5666527472,
O1/0721/1,,videos/sample_002880_O1__0721__1.pt,ok,0.5638052821,0.5838247538,0.5690395826,0.5577609833,average,0.5638052821,0.5690395826,
O1/0721/2,,videos/sample_002881_O1__0721__2.pt,ok,0.5633876920,0.5846180320,0.5692772575,0.5573186991,average,0.5633876920,0.5692772575,
O1/0721/3,,videos/sample_002882_O1__0721__3.pt,ok,0.5678430200,0.6008353233,0.5667465823,0.5483533923,average,0.5678430200,0.5667465823,
O1/0721/4,,videos/sample_002883_O1__0721__4.pt,ok,0.5689469576,0.6008188725,0.5661212746,0.5483624133,average,0.5689469576,0.5661212746,
O1/0722/1,,videos/sample_002884_O1__0722__1.pt,ok,0.5941438675,0.6172910333,0.5520349787,0.5394036868,average,0.5941438675,0.5520349787,
O1/0722/2,,videos/sample_002885_O1__0722__2.pt,ok,0.5956125855,0.6177236438,0.5512247901,0.5391703856,average,0.5956125855,0.5512247901,
O1/0722/3,,videos/sample_002886_O1__0722__3.pt,ok,0.5955771208,0.6181003451,0.5512443395,0.5389673176,average,0.5955771208,0.5512443395,
O1/0722/4,,videos/sample_002887_O1__0722__4.pt,ok,0.5949464440,0.6171494126,0.5515921061,0.5394800829,average,0.5949464440,0.5515921061,
O1/0723/1,,videos/sample_002888_O1__0723__1.pt,ok,0.5872731209,0.6118023992,0.5558409311,0.5423724160,average,0.5872731209,0.5558409311,
O1/0723/2,,videos/sample_002889_O1__0723__2.pt,ok,0.5859526396,0.6074094772,0.5565753934,0.5447602566,average,0.5859526396,0.5565753934,
O1/0723/3,,videos/sample_002890_O1__0723__3.pt,ok,0.5871233940,0.6110914946,0.5559241616,0.5427581281,average,0.5871233940,0.5559241616,
O1/0723/4,,videos/sample_002891_O1__0723__4.pt,ok,0.5865159631,0.6086360216,0.5562619497,0.5440924936,average,0.5865159631,0.5562619497,
O1/0724/1,,videos/sample_002892_O1__0724__1.pt,ok,0.5805179477,0.5983839035,0.5596084436,0.5496992857,average,0.5805179477,0.5596084436,
O1/0724/2,,videos/sample_002893_O1__0724__2.pt,ok,0.5830910206,0.6008073092,0.5581703812,0.5483687542,average,0.5830910206,0.5581703812,
O1/0724/3,,videos/sample_002894_O1__0724__3.pt,ok,0.5852887034,0.6088141203,0.5569450466,0.5439956001,average,0.5852887034,0.5569450466,
O1/0724/4,,videos/sample_002895_O1__0724__4.pt,ok,0.5829020143,0.6078078747,0.5582758889,0.5445432687,average,0.5829020143,0.5582758889,
O1/0725/1,,videos/sample_002896_O1__0725__1.pt,ok,0.5588064790,0.5789059997,0.5718912209,0.5605112307,average,0.5588064790,0.5718912209,
O1/0725/2,,videos/sample_002897_O1__0725__2.pt,ok,0.5570950508,0.5857067108,0.5728708096,0.5567122882,average,0.5570950508,0.5728708096,
O1/0725/3,,videos/sample_002898_O1__0725__3.pt,ok,0.5595048666,0.5858138800,0.5714919586,0.5566526290,average,0.5595048666,0.5714919586,
O1/0725/4,,videos/sample_002899_O1__0725__4.pt,ok,0.5561828017,0.5751371980,0.5733936489,0.5626276721,average,0.5561828017,0.5733936489,
O1/0726/1,,videos/sample_002900_O1__0726__1.pt,ok,0.5542280078,0.5850870013,0.5745156116,0.5570573950,average,0.5542280078,0.5745156116,
O1/0726/2,,videos/sample_002901_O1__0726__2.pt,ok,0.5531069636,0.5829126239,0.5751600301,0.5582699658,average,0.5531069636,0.5751600301,
O1/0726/3,,videos/sample_002902_O1__0726__3.pt,ok,0.5477814674,0.5689659119,0.5782312132,0.5661105443,average,0.5477814674,0.5782312132,
O1/0726/4,,videos/sample_002903_O1__0726__4.pt,ok,0.5519644618,0.5730382800,0.5758175270,0.5638098216,average,0.5519644618,0.5758175270,
O1/0727/1,,videos/sample_002904_O1__0727__1.pt,ok,0.5809704661,0.6111335754,0.5593552677,0.5427352888,average,0.5809704661,0.5593552677,
O1/0727/2,,videos/sample_002905_O1__0727__2.pt,ok,0.5829123855,0.6133484840,0.5582700989,0.5415345101,average,0.5829123855,0.5582700989,
O1/0727/3,,videos/sample_002906_O1__0727__3.pt,ok,0.5758703351,0.6063433290,0.5622153401,0.5453413615,average,0.5758703351,0.5622153401,
O1/0727/4,,videos/sample_002907_O1__0727__4.pt,ok,0.5818331242,0.6159315109,0.5588729435,0.5401375169,average,0.5818331242,0.5588729435,
O1/0728/1,,videos/sample_002908_O1__0728__1.pt,ok,0.5655204654,0.5975450873,0.5680644119,0.5501605758,average,0.5655204654,0.5680644119,
O1/0728/2,,videos/sample_002909_O1__0728__2.pt,ok,0.5678232312,0.6021881700,0.5667577976,0.5476120559,average,0.5678232312,0.5667577976,
O1/0728/3,,videos/sample_002910_O1__0728__3.pt,ok,0.5654168725,0.5986402035,0.5681232624,0.5495584159,average,0.5654168725,0.5681232624,
O1/0728/4,,videos/sample_002911_O1__0728__4.pt,ok,0.5621477962,0.5947939157,0.5699835398,0.5516762459,average,0.5621477962,0.5699835398,
O1/0729/1,,videos/sample_002912_O1__0729__1.pt,ok,0.5727140903,0.5940239429,0.5639926326,0.5521011852,average,0.5727140903,0.5639926326,
O1/0729/2,,videos/sample_002913_O1__0729__2.pt,ok,0.5742284060,0.5955685973,0.5631392161,0.5512490380,average,0.5742284060,0.5631392161,
O1/0729/3,,videos/sample_002914_O1__0729__3.pt,ok,0.5736581087,0.5948210359,0.5634604644,0.5516612846,average,0.5736581087,0.5634604644,
O1/0729/4,,videos/sample_002915_O1__0729__4.pt,ok,0.5747479796,0.5957188606,0.5628466998,0.5511662117,average,0.5747479796,0.5628466998,
O1/0730/1,,videos/sample_002916_O1__0730__1.pt,ok,0.5827384591,0.6134074926,0.5583672053,0.5415025558,average,0.5827384591,0.5583672053,
O1/0730/2,,videos/sample_002917_O1__0730__2.pt,ok,0.5733706951,0.6060936451,0.5636224339,0.5454775415,average,0.5733706951,0.5636224339,
O1/0730/3,,videos/sample_002918_O1__0730__3.pt,ok,0.5831165910,0.6134074926,0.5581561087,0.5415025558,average,0.5831165910,0.5581561087,
O1/0730/4,,videos/sample_002919_O1__0730__4.pt,ok,0.5736478567,0.6060936451,0.5634662410,0.5454775415,average,0.5736478567,0.5634662410,
O1/0731/1,,videos/sample_002920_O1__0731__1.pt,ok,0.5819483399,0.6132630706,0.5588085562,0.5415807664,average,0.5819483399,0.5588085562,
O1/0731/2,,videos/sample_002921_O1__0731__2.pt,ok,0.5785069466,0.6103378534,0.5607349491,0.5431673271,average,0.5785069466,0.5607349491,
O1/0731/3,,videos/sample_002922_O1__0731__3.pt,ok,0.5817362666,0.6145052910,0.5589270772,0.5409084214,average,0.5817362666,0.5589270772,
O1/0731/4,,videos/sample_002923_O1__0731__4.pt,ok,0.5829343200,0.6134517789,0.5582578537,0.5414785752,average,0.5829343200,0.5582578537,
O1/0732/1,,videos/sample_002924_O1__0732__1.pt,ok,0.5839552283,0.6044726372,0.5576882144,0.5463624819,average,0.5839552283,0.5576882144,
O1/0732/2,,videos/sample_002925_O1__0732__2.pt,ok,0.5840880275,0.6049451828,0.5576141588,0.5461043617,average,0.5840880275,0.5576141588,
O1/0732/3,,videos/sample_002926_O1__0732__3.pt,ok,0.5827964544,0.6030331254,0.5583348235,0.5471495435,average,0.5827964544,0.5583348235,
O1/0732/4,,videos/sample_002927_O1__0732__4.pt,ok,0.5829891562,0.6033608317,0.5582272417,0.5469702685,average,0.5829891562,0.5582272417,
O1/0733/1,,videos/sample_002928_O1__0733__1.pt,ok,0.6201105714,0.6337045431,0.5378849596,0.5306224418,average,0.6201105714,0.5378849596,
O1/0733/2,,videos/sample_002929_O1__0733__2.pt,ok,0.6184100509,0.6324103475,0.5388004222,0.5313096156,average,0.6184100509,0.5388004222,
O1/0733/3,,videos/sample_002930_O1__0733__3.pt,ok,0.6197952628,0.6329767108,0.5380545861,0.5310087865,average,0.6197952628,0.5380545861,
O1/0733/4,,videos/sample_002931_O1__0733__4.pt,ok,0.6204272509,0.6326829195,0.5377146495,0.5311648152,average,0.6204272509,0.5377146495,
O1/0734/1,,videos/sample_002932_O1__0734__1.pt,ok,0.5935367346,0.6135118604,0.5523702391,0.5414460434,average,0.5935367346,0.5523702391,
O1/0734/2,,videos/sample_002933_O1__0734__2.pt,ok,0.5945441127,0.6134005785,0.5518140736,0.5415062999,average,0.5945441127,0.5518140736,
O1/0734/3,,videos/sample_002934_O1__0734__3.pt,ok,0.5947253108,0.6141467094,0.5517140950,0.5411024160,average,0.5947253108,0.5517140950,
O1/0734/4,,videos/sample_002935_O1__0734__4.pt,ok,0.5946130753,0.6141330600,0.5517760204,0.5411098018,average,0.5946130753,0.5517760204,
O1/0735/1,,videos/sample_002936_O1__0735__1.pt,ok,0.5491633415,0.5722414255,0.5774327223,0.5642592751,average,0.5491633415,0.5774327223,
O1/0735/2,,videos/sample_002937_O1__0735__2.pt,ok,0.5503830314,0.5816902518,0.5767288628,0.5589527967,average,0.5503830314,0.5767288628,
O1/0735/3,,videos/sample_002938_O1__0735__3.pt,ok,0.5464812517,0.5696467757,0.5789835275,0.5657252313,average,0.5464812517,0.5789835275,
O1/0735/4,,videos/sample_002939_O1__0735__4.pt,ok,0.5479972363,0.5809372663,0.5781064624,0.5593738385,average,0.5479972363,0.5781064624,
O1/0736/1,,videos/sample_002940_O1__0736__1.pt,ok,0.5804671049,0.6135769486,0.5596368964,0.5414108027,average,0.5804671049,0.5596368964,
O1/0736/2,,videos/sample_002941_O1__0736__2.pt,ok,0.5755494237,0.6106243134,0.5623957903,0.5430117537,average,0.5755494237,0.5623957903,
O1/0736/3,,videos/sample_002942_O1__0736__3.pt,ok,0.5812173486,0.6155260205,0.5592171898,0.5403565819,average,0.5812173486,0.5592171898,
O1/0736/4,,videos/sample_002943_O1__0736__4.pt,ok,0.5790272355,0.6155764461,0.5604432808,0.5403293348,average,0.5790272355,0.5604432808,
O1/0737/1,,videos/sample_002944_O1__0737__1.pt,ok,0.5749312639,0.6044725776,0.5627435483,0.5463625145,average,0.5749312639,0.5627435483,
O1/0737/2,,videos/sample_002945_O1__0737__2.pt,ok,0.5699012876,0.5981046557,0.5655812659,0.5498528095,average,0.5699012876,0.5655812659,
O1/0737/3,,videos/sample_002946_O1__0737__3.pt,ok,0.5741799474,0.6035158038,0.5631665057,0.5468855100,average,0.5741799474,0.5631665057,
O1/0737/4,,videos/sample_002947_O1__0737__4.pt,ok,0.5746813416,0.6073866487,0.5628842080,0.5447726929,average,0.5746813416,0.5628842080,
O1/0738/1,,videos/sample_002948_O1__0738__1.pt,ok,0.5609970093,0.5796918869,0.5706398469,0.5600709052,average,0.5609970093,0.5706398469,
O1/0738/2,,videos/sample_002949_O1__0738__2.pt,ok,0.5629317760,0.5905899405,0.5695368593,0.5540003610,average,0.5629317760,0.5695368593,
O1/0738/3,,videos/sample_002950_O1__0738__3.pt,ok,0.5669902563,0.5852684379,0.5672300893,0.5569563336,average,0.5669902563,0.5672300893,
O1/0738/4,,videos/sample_002951_O1__0738__4.pt,ok,0.5689483285,0.5963876247,0.5661204985,0.5507977348,average,0.5689483285,0.5661204985,
O1/0739/1,,videos/sample_002952_O1__0739__1.pt,ok,0.5764321089,0.5984526277,0.5618995909,0.5496615094,average,0.5764321089,0.5618995909,
O1/0739/2,,videos/sample_002953_O1__0739__2.pt,ok,0.5759323835,0.5982826948,0.5621804566,0.5497549229,average,0.5759323835,0.5621804566,
O1/0739/3,,videos/sample_002954_O1__0739__3.pt,ok,0.5774248242,0.5995828509,0.5613420614,0.5490406201,average,0.5774248242,0.5613420614,
O1/0739/4,,videos/sample_002955_O1__0739__4.pt,ok,0.5775398612,0.6003076434,0.5612774900,0.5486428238,average,0.5775398612,0.5612774900,
O1/0740/1,,videos/sample_002956_O1__0740__1.pt,ok,0.6244104505,0.6486731172,0.5355770847,0.5227389301,average,0.6244104505,0.5355770847,
O1/0740/2,,videos/sample_002957_O1__0740__2.pt,ok,0.6264843941,0.6489424706,0.5344674790,0.5225981476,average,0.6264843941,0.5344674790,
O1/0740/3,,videos/sample_002958_O1__0740__3.pt,ok,0.6258683205,0.6486731172,0.5347968518,0.5227389301,average,0.6258683205,0.5347968518,
O1/0740/4,,videos/sample_002959_O1__0740__4.pt,ok,0.6264463067,0.6489424706,0.5344878359,0.5225981476,average,0.6264463067,0.5344878359,
O1/0741/1,,videos/sample_002960_O1__0741__1.pt,ok,0.6281034350,0.6514922380,0.5336028544,0.5212673411,average,0.6281034350,0.5336028544,
O1/0741/2,,videos/sample_002961_O1__0741__2.pt,ok,0.6285110712,0.6519358158,0.5333853829,0.5210361698,average,0.6285110712,0.5333853829,
O1/0741/3,,videos/sample_002962_O1__0741__3.pt,ok,0.6273481250,0.6514922380,0.5340060423,0.5212673411,average,0.6273481250,0.5340060423,
O1/0741/4,,videos/sample_002963_O1__0741__4.pt,ok,0.6283048391,0.6519358158,0.5334953954,0.5210361698,average,0.6283048391,0.5334953954,
O1/0742/1,,videos/sample_002964_O1__0742__1.pt,ok,0.5792890191,0.6096156836,0.5602965852,0.5435597279,average,0.5792890191,0.5602965852,
O1/0742/2,,videos/sample_002965_O1__0742__2.pt,ok,0.5724607110,0.6015798450,0.5641355548,0.5479452833,average,0.5724607110,0.5641355548,
O1/0742/3,,videos/sample_002966_O1__0742__3.pt,ok,0.5791265368,0.6096156836,0.5603876308,0.5435597279,average,0.5791265368,0.5603876308,
O1/0742/4,,videos/sample_002967_O1__0742__4.pt,ok,0.5727519989,0.6015798450,0.5639712529,0.5479452833,average,0.5727519989,0.5639712529,
O1/0743/1,,videos/sample_002968_O1__0743__1.pt,ok,0.5738452077,0.6123754382,0.5633550514,0.5420617044,average,0.5738452077,0.5633550514,
O1/0743/2,,videos/sample_002969_O1__0743__2.pt,ok,0.5699567199,0.6025011539,0.5655499152,0.5474406889,average,0.5699567199,0.5655499152,
O1/0743/3,,videos/sample_002970_O1__0743__3.pt,ok,0.5761466026,0.6072148681,0.5620600397,0.5448662823,average,0.5761466026,0.5620600397,
O1/0743/4,,videos/sample_002971_O1__0743__4.pt,ok,0.5756836534,0.6060836911,0.5623203052,0.5454829712,average,0.5756836534,0.5623203052,
O1/0744/1,,videos/sample_002972_O1__0744__1.pt,ok,0.5527355075,0.5727542639,0.5753737165,0.5639699755,average,0.5527355075,0.5753737165,
O1/0744/2,,videos/sample_002973_O1__0744__2.pt,ok,0.5692905188,0.6059212089,0.5659268108,0.5455716097,average,0.5692905188,0.5659268108,
O1/0744/3,,videos/sample_002974_O1__0744__3.pt,ok,0.5694718361,0.6053978205,0.5658242077,0.5458572303,average,0.5694718361,0.5658242077,
O1/0744/4,,videos/sample_002975_O1__0744__4.pt,ok,0.5645518899,0.6058135629,0.5686148918,0.5456303414,average,0.5645518899,0.5686148918,
O1/0745/1,,videos/sample_002976_O1__0745__1.pt,ok,0.5586459637,0.5942785144,0.5719830255,0.5519606539,average,0.5586459637,0.5719830255,
O1/0745/2,,videos/sample_002977_O1__0745__2.pt,ok,0.5557033420,0.5979125500,0.5736686340,0.5499584495,average,0.5557033420,0.5736686340,
O1/0745/3,,videos/sample_002978_O1__0745__3.pt,ok,0.5453255177,0.5699538589,0.5796530653,0.5655515333,average,0.5453255177,0.5796530653,
O1/0745/4,,videos/sample_002979_O1__0745__4.pt,ok,0.5562447906,0.5890523791,0.5733581060,0.5548528258,average,0.5562447906,0.5733581060,
O1/0746/1,,videos/sample_002980_O1__0746__1.pt,ok,0.5833581686,0.6068504453,0.5580212870,0.5450648801,average,0.5833581686,0.5580212870,
O1/0746/2,,videos/sample_002981_O1__0746__2.pt,ok,0.5827975869,0.6040622592,0.5583341912,0.5465867431,average,0.5827975869,0.5583341912,
O1/0746/3,,videos/sample_002982_O1__0746__3.pt,ok,0.5810758471,0.6012936234,0.5592963254,0.5481021395,average,0.5810758471,0.5592963254,
O1/0746/4,,videos/sample_002983_O1__0746__4.pt,ok,0.5822892189,0.6021549106,0.5586181026,0.5476302694,average,0.5822892189,0.5586181026,
O1/0747/1,,videos/sample_002984_O1__0747__1.pt,ok,0.6278029084,0.6514355540,0.5337632404,0.5212968895,average,0.6278029084,0.5337632404,
O1/0747/2,,videos/sample_002985_O1__0747__2.pt,ok,0.6289868355,0.6513173580,0.5331316776,0.5213585084,average,0.6289868355,0.5331316776,
O1/0747/3,,videos/sample_002986_O1__0747__3.pt,ok,0.6282904744,0.6513173580,0.5335030590,0.5213585084,average,0.6282904744,0.5335030590,
O1/0747/4,,videos/sample_002987_O1__0747__4.pt,ok,0.6276891232,0.6514355540,0.5338239782,0.5212968895,average,0.6276891232,0.5338239782,
O1/0748/1,,videos/sample_002988_O1__0748__1.pt,ok,0.6211636066,0.6463543773,0.5373188459,0.5239524321,average,0.6211636066,0.5373188459,
O1/0748/2,,videos/sample_002989_O1__0748__2.pt,ok,0.6215308309,0.6463543773,0.5371215656,0.5239524321,average,0.6215308309,0.5371215656,
O1/0748/3,,videos/sample_002990_O1__0748__3.pt,ok,0.6213644743,0.6475786567,0.5372109268,0.5233113604,average,0.6213644743,0.5372109268,
O1/0748/4,,videos/sample_002991_O1__0748__4.pt,ok,0.6194532514,0.6475786567,0.5382386384,0.5233113604,average,0.6194532514,0.5382386384,
O1/0749/1,,videos/sample_002992_O1__0749__1.pt,ok,0.5672926307,0.6015132666,0.5670585994,0.5479817659,average,0.5672926307,0.5670585994,
O1/0749/2,,videos/sample_002993_O1__0749__2.pt,ok,0.5680552721,0.6018980742,0.5666263019,0.5477709389,average,0.5680552721,0.5666263019,
O1/0749/3,,videos/sample_002994_O1__0749__3.pt,ok,0.5639454722,0.6036288142,0.5689598144,0.5468237097,average,0.5639454722,0.5689598144,
O1/0749/4,,videos/sample_002995_O1__0749__4.pt,ok,0.5525310040,0.5727497935,0.5754913945,0.5639724966,average,0.5525310040,0.5754913945,
O1/0750/1,,videos/sample_002996_O1__0750__1.pt,ok,0.6258509755,0.6392473578,0.5348061279,0.5276894359,average,0.6258509755,0.5348061279,
O1/0750/2,,videos/sample_002997_O1__0750__2.pt,ok,0.6253899336,0.6389958858,0.5350527528,0.5278221517,average,0.6253899336,0.5350527528,
O1/0750/3,,videos/sample_002998_O1__0750__3.pt,ok,0.6265004277,0.6392473578,0.5344589096,0.5276894359,average,0.6265004277,0.5344589096,
O1/0750/4,,videos/sample_002999_O1__0750__4.pt,ok,0.6264111400,0.6389958858,0.5345066324,0.5278221517,average,0.6264111400,0.5345066324,
O1/0751/1,,videos/sample_003000_O1__0751__1.pt,ok,0.5442069769,0.5689726472,0.5803017936,0.5661067314,average,0.5442069769,0.5803017936,
O1/0751/2,,videos/sample_003001_O1__0751__2.pt,ok,0.5519019961,0.5839387178,0.5758534970,0.5576974222,average,0.5519019961,0.5758534970,
O1/0751/3,,videos/sample_003002_O1__0751__3.pt,ok,0.5494954586,0.5739130974,0.5772409789,0.5633168067,average,0.5494954586,0.5772409789,
O1/0751/4,,videos/sample_003003_O1__0751__4.pt,ok,0.5486994386,0.5810621381,0.5777006572,0.5593039929,average,0.5486994386,0.5777006572,
O1/0752/1,,videos/sample_003004_O1__0752__1.pt,ok,0.6334677339,0.6461478472,0.5307481129,0.5240606552,average,0.6334677339,0.5307481129,
O1/0752/2,,videos/sample_003005_O1__0752__2.pt,ok,0.6342914104,0.6477984786,0.5303111281,0.5231963377,average,0.6342914104,0.5303111281,
O1/0752/3,,videos/sample_003006_O1__0752__3.pt,ok,0.6336203218,0.6455806494,0.5306671334,0.5243579856,average,0.6336203218,0.5306671334,
O1/0752/4,,videos/sample_003007_O1__0752__4.pt,ok,0.6334431171,0.6474374533,0.5307611784,0.5233852590,average,0.6334431171,0.5307611784,
O1/0753/1,,videos/sample_003008_O1__0753__1.pt,ok,0.5592277646,0.5904216170,0.5716503421,0.5540936202,average,0.5592277646,0.5716503421,
O1/0753/2,,videos/sample_003009_O1__0753__2.pt,ok,0.5652274489,0.5950071812,0.5682308885,0.5515586050,average,0.5652274489,0.5682308885,
O1/0753/3,,videos/sample_003010_O1__0753__3.pt,ok,0.5647715926,0.5972844362,0.5684899792,0.5503039945,average,0.5647715926,0.5684899792,
O1/0753/4,,videos/sample_003011_O1__0753__4.pt,ok,0.5521628261,0.5723744631,0.5757033168,0.5641842124,average,0.5521628261,0.5757033168,
O1/0754/1,,videos/sample_003012_O1__0754__1.pt,ok,0.6144608259,0.6284035444,0.5409324735,0.5334427392,average,0.6144608259,0.5409324735,
O1/0754/2,,videos/sample_003013_O1__0754__2.pt,ok,0.6133385301,0.6282434464,0.5415399005,0.5335281492,average,0.6133385301,0.5415399005,
O1/0754/3,,videos/sample_003014_O1__0754__3.pt,ok,0.6157485843,0.6274523139,0.5402363315,0.5339504077,average,0.6157485843,0.5402363315,
O1/0754/4,,videos/sample_003015_O1__0754__4.pt,ok,0.6155619621,0.6274523139,0.5403371610,0.5339504077,average,0.6155619621,0.5403371610,
O1/0755/1,,videos/sample_003016_O1__0755__1.pt,ok,0.6203336120,0.6466273665,0.5377650028,0.5238094182,average,0.6203336120,0.5377650028,
O1/0755/2,,videos/sample_003017_O1__0755__2.pt,ok,0.6189344525,0.6466273665,0.5385179484,0.5238094182,average,0.6189344525,0.5385179484,
O1/0755/3,,videos/sample_003018_O1__0755__3.pt,ok,0.6205352545,0.6466363072,0.5376565775,0.5238047350,average,0.6205352545,0.5376565775,
O1/0755/4,,videos/sample_003019_O1__0755__4.pt,ok,0.6202235818,0.6466363072,0.5378241765,0.5238047350,average,0.6202235818,0.5378241765,
O1/0756/1,,videos/sample_003020_O1__0756__1.pt,ok,0.5677205920,0.6011726856,0.5668159722,0.5481684298,average,0.5677205920,0.5668159722,
O1/0756/2,,videos/sample_003021_O1__0756__2.pt,ok,0.5653663874,0.5953574181,0.5681519449,0.5513654627,average,0.5653663874,0.5681519449,
O1/0756/3,,videos/sample_003022_O1__0756__3.pt,ok,0.5723499656,0.6017895937,0.5641980337,0.5478303646,average,0.5723499656,0.5641980337,
O1/0756/4,,videos/sample_003023_O1__0756__4.pt,ok,0.5729677081,0.6028352976,0.5638496122,0.5472577956,average,0.5729677081,0.5638496122,
O1/0757/1,,videos/sample_003024_O1__0757__1.pt,ok,0.5773716569,0.6004464030,0.5613719072,0.5485666996,average,0.5773716569,0.5613719072,
O1/0757/2,,videos/sample_003025_O1__0757__2.pt,ok,0.5767003894,0.5997973680,0.5617488644,0.5489228541,average,0.5767003894,0.5617488644,
O1/0757/3,,videos/sample_003026_O1__0757__3.pt,ok,0.5760731101,0.5997973680,0.5621013484,0.5489228541,average,0.5760731101,0.5621013484,
O1/0757/4,,videos/sample_003027_O1__0757__4.pt,ok,0.5776869655,0.6004464030,0.5611949297,0.5485666996,average,0.5776869655,0.5611949297,
O1/0758/1,,videos/sample_003028_O1__0758__1.pt,ok,0.6260215044,0.6401368380,0.5347149358,0.5272202754,average,0.6260215044,0.5347149358,
O1/0758/2,,videos/sample_003029_O1__0758__2.pt,ok,0.6253026724,0.6388478279,0.5350994442,0.5279003058,average,0.6253026724,0.5350994442,
O1/0758/3,,videos/sample_003030_O1__0758__3.pt,ok,0.6267267466,0.6388478279,0.5343379652,0.5279003058,average,0.6267267466,0.5343379652,
O1/0758/4,,videos/sample_003031_O1__0758__4.pt,ok,0.6252614856,0.6401368380,0.5351214837,0.5272202754,average,0.6252614856,0.5351214837,
O1/0759/1,,videos/sample_003032_O1__0759__1.pt,ok,0.6215465069,0.6352170110,0.5371131458,0.5298204990,average,0.6215465069,0.5371131458,
O1/0759/2,,videos/sample_003033_O1__0759__2.pt,ok,0.6231125593,0.6360366940,0.5362726567,0.5293863920,average,0.6231125593,0.5362726567,
O1/0759/3,,videos/sample_003034_O1__0759__3.pt,ok,0.6232538819,0.6355223656,0.5361968746,0.5296587406,average,0.6232538819,0.5361968746,
O1/0759/4,,videos/sample_003035_O1__0759__4.pt,ok,0.6224741340,0.6355223656,0.5366151361,0.5296587406,average,0.6224741340,0.5366151361,
O1/0760/1,,videos/sample_003036_O1__0760__1.pt,ok,0.5519580841,0.5732870102,0.5758211994,0.5636696026,average,0.5519580841,0.5758211994,
O1/0760/2,,videos/sample_003037_O1__0760__2.pt,ok,0.5485301614,0.5701057911,0.5777984570,0.5654656143,average,0.5485301614,0.5777984570,
O1/0760/3,,videos/sample_003038_O1__0760__3.pt,ok,0.5549237728,0.5854311585,0.5741160228,0.5568657126,average,0.5549237728,0.5741160228,
O1/0760/4,,videos/sample_003039_O1__0760__4.pt,ok,0.5528640151,0.5874112844,0.5752997814,0.5557641394,average,0.5528640151,0.5752997814,
O1/0761/1,,videos/sample_003040_O1__0761__1.pt,ok,0.5533572435,0.5851345062,0.5750160971,0.5570309326,average,0.5533572435,0.5750160971,
O1/0761/2,,videos/sample_003041_O1__0761__2.pt,ok,0.5535616279,0.5837947726,0.5748985849,0.5577777058,average,0.5535616279,0.5748985849,
O1/0761/3,,videos/sample_003042_O1__0761__3.pt,ok,0.5494118929,0.5734979510,0.5772892185,0.5635507142,average,0.5494118929,0.5772892185,
O1/0761/4,,videos/sample_003043_O1__0761__4.pt,ok,0.5510392785,0.5749168396,0.5763505103,0.5627516655,average,0.5510392785,0.5763505103,
O1/0762/1,,videos/sample_003044_O1__0762__1.pt,ok,0.5595288277,0.5925141573,0.5714782652,0.5529353692,average,0.5595288277,0.5714782652,
O1/0762/2,,videos/sample_003045_O1__0762__2.pt,ok,0.5635278821,0.6042849422,0.5691974561,0.5464650411,average,0.5635278821,0.5691974561,
O1/0762/3,,videos/sample_003046_O1__0762__3.pt,ok,0.5704999566,0.6044365168,0.5652427712,0.5463822171,average,0.5704999566,0.5652427712,
O1/0762/4,,videos/sample_003047_O1__0762__4.pt,ok,0.5686022043,0.5994751453,0.5663164804,0.5490997580,average,0.5686022043,0.5663164804,
O1/0763/1,,videos/sample_003048_O1__0763__1.pt,ok,0.5649852753,0.5868581533,0.5683685158,0.5560716349,average,0.5649852753,0.5683685158,
O1/0763/2,,videos/sample_003049_O1__0763__2.pt,ok,0.5640849471,0.5866351128,0.5688804644,0.5561956752,average,0.5640849471,0.5688804644,
O1/0763/3,,videos/sample_003050_O1__0763__3.pt,ok,0.5659573674,0.5905579925,0.5678162777,0.5540180606,average,0.5659573674,0.5678162777,
O1/0763/4,,videos/sample_003051_O1__0763__4.pt,ok,0.5655959249,0.5897443891,0.5680215477,0.5544689950,average,0.5655959249,0.5680215477,
O1/0764/1,,videos/sample_003052_O1__0764__1.pt,ok,0.5805319548,0.6181048751,0.5596006052,0.5389648761,average,0.5805319548,0.5596006052,
O1/0764/2,,videos/sample_003053_O1__0764__2.pt,ok,0.5864505172,0.6207960248,0.5562983560,0.5375163909,average,0.5864505172,0.5562983560,
O1/0764/3,,videos/sample_003054_O1__0764__3.pt,ok,0.5842790604,0.6221833229,0.5575076463,0.5367712124,average,0.5842790604,0.5575076463,
O1/0764/4,,videos/sample_003055_O1__0764__4.pt,ok,0.5864263177,0.6224743128,0.5563118183,0.5366150401,average,0.5864263177,0.5563118183,
O1/0765/1,,videos/sample_003056_O1__0765__1.pt,ok,0.6253437996,0.6392334104,0.5350774375,0.5276967959,average,0.6253437996,0.5350774375,
O1/0765/2,,videos/sample_003057_O1__0765__2.pt,ok,0.6241619587,0.6372597814,0.5357101877,0.5287393020,average,0.6241619587,0.5357101877,
O1/0765/3,,videos/sample_003058_O1__0765__3.pt,ok,0.6250822544,0.6370648742,0.5352174027,0.5288423672,average,0.6250822544,0.5352174027,
O1/0765/4,,videos/sample_003059_O1__0765__4.pt,ok,0.6261312962,0.6392334104,0.5346562317,0.5276967959,average,0.6261312962,0.5346562317,
O1/0766/1,,videos/sample_003060_O1__0766__1.pt,ok,0.6264654994,0.6488773227,0.5344775777,0.5226321948,average,0.6264654994,0.5344775777,
O1/0766/2,,videos/sample_003061_O1__0766__2.pt,ok,0.6263464689,0.6488773227,0.5345412006,0.5226321948,average,0.6263464689,0.5345412006,
O1/0766/3,,videos/sample_003062_O1__0766__3.pt,ok,0.6264585853,0.6491339207,0.5344812732,0.5224981057,average,0.6264585853,0.5344812732,
O1/0766/4,,videos/sample_003063_O1__0766__4.pt,ok,0.6255691051,0.6491339207,0.5349568951,0.5224981057,average,0.6255691051,0.5349568951,
O1/0767/1,,videos/sample_003064_O1__0767__1.pt,ok,0.6204470396,0.6433402300,0.5377040089,0.5255340843,average,0.6204470396,0.5377040089,
O1/0767/2,,videos/sample_003065_O1__0767__2.pt,ok,0.6202951670,0.6433402300,0.5377856776,0.5255340843,average,0.6202951670,0.5377856776,
O1/0767/3,,videos/sample_003066_O1__0767__3.pt,ok,0.6205229759,0.6433991194,0.5376631792,0.5255031369,average,0.6205229759,0.5376631792,
O1/0767/4,,videos/sample_003067_O1__0767__4.pt,ok,0.6199335456,0.6433991194,0.5379801876,0.5255031369,average,0.6199335456,0.5379801876,
O1/0768/1,,videos/sample_003068_O1__0768__1.pt,ok,0.5786086321,0.6125854850,0.5606779334,0.5419478581,average,0.5786086321,0.5606779334,
O1/0768/2,,videos/sample_003069_O1__0768__2.pt,ok,0.5843409896,0.6166077256,0.5574731214,0.5397723914,average,0.5843409896,0.5574731214,
O1/0768/3,,videos/sample_003070_O1__0768__3.pt,ok,0.5845974088,0.6181358695,0.5573301929,0.5389481715,average,0.5845974088,0.5573301929,
O1/0768/4,,videos/sample_003071_O1__0768__4.pt,ok,0.5807297826,0.6177543402,0.5594899115,0.5391538352,average,0.5807297826,0.5594899115,
O1/0769/1,,videos/sample_003072_O1__0769__1.pt,ok,0.5740767717,0.5968850851,0.5632246137,0.5505238029,average,0.5740767717,0.5632246137,
O1/0769/2,,videos/sample_003073_O1__0769__2.pt,ok,0.5749965906,0.5979544520,0.5627067873,0.5499354056,average,0.5749965906,0.5627067873,
O1/0769/3,,videos/sample_003074_O1__0769__3.pt,ok,0.5729759932,0.5945078135,0.5638449407,0.5518341044,average,0.5729759932,0.5638449407,
O1/0769/4,,videos/sample_003075_O1__0769__4.pt,ok,0.5736444592,0.5957531333,0.5634681554,0.5511473221,average,0.5736444592,0.5634681554,
O1/0770/1,,videos/sample_003076_O1__0770__1.pt,ok,0.5587264895,0.5775997639,0.5719369680,0.5612438690,average,0.5587264895,0.5719369680,
O1/0770/2,,videos/sample_003077_O1__0770__2.pt,ok,0.5592651367,0.5853760242,0.5716289787,0.5568964159,average,0.5592651367,0.5716289787,
O1/0770/3,,videos/sample_003078_O1__0770__3.pt,ok,0.5549369454,0.5755405426,0.5741084602,0.5624007850,average,0.5549369454,0.5741084602,
O1/0770/4,,videos/sample_003079_O1__0770__4.pt,ok,0.5606716871,0.5869126916,0.5708255189,0.5560413085,average,0.5606716871,0.5708255189,
O1/0771/1,,videos/sample_003080_O1__0771__1.pt,ok,0.5777975917,0.5994523168,0.5611328503,0.5491122934,average,0.5777975917,0.5611328503,
O1/0771/2,,videos/sample_003081_O1__0771__2.pt,ok,0.5781201720,0.6014894247,0.5609518691,0.5479948309,average,0.5781201720,0.5609518691,
O1/0771/3,,videos/sample_003082_O1__0771__3.pt,ok,0.5765537024,0.5975606441,0.5618312718,0.5501520171,average,0.5765537024,0.5618312718,
O1/0771/4,,videos/sample_003083_O1__0771__4.pt,ok,0.5768719912,0.5975514650,0.5616524756,0.5501570671,average,0.5768719912,0.5616524756,
O1/0772/1,,videos/sample_003084_O1__0772__1.pt,ok,0.6205387115,0.6332749128,0.5376547188,0.5308504622,average,0.6205387115,0.5376547188,
O1/0772/2,,videos/sample_003085_O1__0772__2.pt,ok,0.6221997738,0.6365949512,0.5367623821,0.5290909408,average,0.6221997738,0.5367623821,
O1/0772/3,,videos/sample_003086_O1__0772__3.pt,ok,0.6213828325,0.6357468367,0.5372010646,0.5295398608,average,0.6213828325,0.5372010646,
O1/0772/4,,videos/sample_003087_O1__0772__4.pt,ok,0.6218889952,0.6339152455,0.5369292223,0.5305106501,average,0.6218889952,0.5369292223,
O1/0773/1,,videos/sample_003088_O1__0773__1.pt,ok,0.6247404218,0.6503584385,0.5354003888,0.5218586890,average,0.6247404218,0.5354003888,
O1/0773/2,,videos/sample_003089_O1__0773__2.pt,ok,0.6225876808,0.6499709487,0.5365542086,0.5220609431,average,0.6225876808,0.5365542086,
O1/0773/3,,videos/sample_003090_O1__0773__3.pt,ok,0.6252506971,0.6503584385,0.5351272568,0.5218586890,average,0.6252506971,0.5351272568,
O1/0773/4,,videos/sample_003091_O1__0773__4.pt,ok,0.6250804663,0.6499709487,0.5352183598,0.5220609431,average,0.6250804663,0.5352183598,
O1/0774/1,,videos/sample_003092_O1__0774__1.pt,ok,0.5634831786,0.5923460722,0.5692229017,0.5530283172,average,0.5634831786,0.5692229017,
O1/0774/2,,videos/sample_003093_O1__0774__2.pt,ok,0.5624094605,0.5827542543,0.5698344149,0.5583583858,average,0.5624094605,0.5698344149,
O1/0774/3,,videos/sample_003094_O1__0774__3.pt,ok,0.5611360073,0.5943565965,0.5705605346,0.5519175574,average,0.5611360073,0.5705605346,
O1/0774/4,,videos/sample_003095_O1__0774__4.pt,ok,0.5594859123,0.5800656080,0.5715027909,0.5598616339,average,0.5594859123,0.5715027909,
O1/0775/1,,videos/sample_003096_O1__0775__1.pt,ok,0.6142956614,0.6312007308,0.5410218237,0.5319526854,average,0.6142956614,0.5410218237,
O1/0775/2,,videos/sample_003097_O1__0775__2.pt,ok,0.6132436395,0.6312007308,0.5415912900,0.5319526854,average,0.6132436395,0.5415912900,
O1/0775/3,,videos/sample_003098_O1__0775__3.pt,ok,0.6125848293,0.6297782063,0.5419482134,0.5327099396,average,0.6125848293,0.5419482134,
O1/0775/4,,videos/sample_003099_O1__0775__4.pt,ok,0.6139564514,0.6297782063,0.5412053748,0.5327099396,average,0.6139564514,0.5412053748,
O1/0776/1,,videos/sample_003100_O1__0776__1.pt,ok,0.6219121218,0.6348983645,0.5369168051,0.5299893513,average,0.6219121218,0.5369168051,
O1/0776/2,,videos/sample_003101_O1__0776__2.pt,ok,0.6226733923,0.6347211003,0.5365082217,0.5300833078,average,0.6226733923,0.5365082217,
O1/0776/3,,videos/sample_003102_O1__0776__3.pt,ok,0.6221192479,0.6341264844,0.5368056071,0.5303985975,average,0.6221192479,0.5368056071,
O1/0776/4,,videos/sample_003103_O1__0776__4.pt,ok,0.6216599345,0.6349288225,0.5370522258,0.5299732091,average,0.6216599345,0.5370522258,
O1/0777/1,,videos/sample_003104_O1__0777__1.pt,ok,0.5696104169,0.6005846262,0.5657458008,0.5484908802,average,0.5696104169,0.5657458008,
O1/0777/2,,videos/sample_003105_O1__0777__2.pt,ok,0.5719053149,0.6022589803,0.5644489605,0.5475732807,average,0.5719053149,0.5644489605,
O1/0777/3,,videos/sample_003106_O1__0777__3.pt,ok,0.5652699471,0.5855937004,0.5682067403,0.5567752060,average,0.5652699471,0.5682067403,
O1/0777/4,,videos/sample_003107_O1__0777__4.pt,ok,0.5725554228,0.6025671959,0.5640821270,0.5474045360,average,0.5725554228,0.5640821270,
O1/0778/1,,videos/sample_003108_O1__0778__1.pt,ok,0.5710691810,0.6025556922,0.5649211128,0.5474108333,average,0.5710691810,0.5649211128,
O1/0778/2,,videos/sample_003109_O1__0778__2.pt,ok,0.5720762014,0.6032422781,0.5643525120,0.5470351177,average,0.5720762014,0.5643525120,
O1/0778/3,,videos/sample_003110_O1__0778__3.pt,ok,0.5605419278,0.5804883242,0.5708995936,0.5596250214,average,0.5605419278,0.5708995936,
O1/0778/4,,videos/sample_003111_O1__0778__4.pt,ok,0.5633037090,0.5930878520,0.5693250691,0.5526182441,average,0.5633037090,0.5693250691,
O1/0779/1,,videos/sample_003112_O1__0779__1.pt,ok,0.6206366420,0.6463444829,0.5376020686,0.5239576163,average,0.6206366420,0.5376020686,
O1/0779/2,,videos/sample_003113_O1__0779__2.pt,ok,0.6218807101,0.6460116506,0.5369336708,0.5241320353,average,0.6218807101,0.5369336708,
O1/0779/3,,videos/sample_003114_O1__0779__3.pt,ok,0.6217073202,0.6460116506,0.5370267778,0.5241320353,average,0.6217073202,0.5370267778,
O1/0779/4,,videos/sample_003115_O1__0779__4.pt,ok,0.6213897467,0.6463444829,0.5371973504,0.5239576163,average,0.6213897467,0.5371973504,
O1/0780/1,,videos/sample_003116_O1__0780__1.pt,ok,0.6183089018,0.6314565539,0.5388549241,0.5318166170,average,0.6183089018,0.5388549241,
O1/0780/2,,videos/sample_003117_O1__0780__2.pt,ok,0.6195203662,0.6314565539,0.5382025158,0.5318166170,average,0.6195203662,0.5382025158,
O1/0780/3,,videos/sample_003118_O1__0780__3.pt,ok,0.6194678545,0.6329008341,0.5382307785,0.5310490792,average,0.6194678545,0.5382307785,
O1/0780/4,,videos/sample_003119_O1__0780__4.pt,ok,0.6177042127,0.6329008341,0.5391808624,0.5310490792,average,0.6177042127,0.5391808624,
O1/0781/1,,videos/sample_003120_O1__0781__1.pt,ok,0.5795199871,0.6114115119,0.5601671895,0.5425844639,average,0.5795199871,0.5601671895,
O1/0781/2,,videos/sample_003121_O1__0781__2.pt,ok,0.5792238116,0.6122220755,0.5603331219,0.5421448429,average,0.5792238116,0.5603331219,
O1/0781/3,,videos/sample_003122_O1__0781__3.pt,ok,0.5756555796,0.6097670197,0.5623360919,0.5434774738,average,0.5756555796,0.5623360919,
O1/0781/4,,videos/sample_003123_O1__0781__4.pt,ok,0.5797618032,0.6097888350,0.5600317485,0.5434656178,average,0.5797618032,0.5600317485,
O1/0782/1,,videos/sample_003124_O1__0782__1.pt,ok,0.5684925914,0.5897102356,0.5663785595,0.5544879323,average,0.5684925914,0.5663785595,
O1/0782/2,,videos/sample_003125_O1__0782__2.pt,ok,0.5690898299,0.5904008150,0.5660403973,0.5541051466,average,0.5690898299,0.5660403973,
O1/0782/3,,videos/sample_003126_O1__0782__3.pt,ok,0.5678490400,0.5892436504,0.5667431705,0.5547467085,average,0.5678490400,0.5667431705,
O1/0782/4,,videos/sample_003127_O1__0782__4.pt,ok,0.5700882077,0.5936122537,0.5654755572,0.5523285262,average,0.5700882077,0.5654755572,
O1/0783/1,,videos/sample_003128_O1__0783__1.pt,ok,0.5753706694,0.6066395044,0.5624963300,0.5451798687,average,0.5753706694,0.5624963300,
O1/0783/2,,videos/sample_003129_O1__0783__2.pt,ok,0.5720937252,0.6015202999,0.5643426225,0.5479779117,average,0.5720937252,0.5643426225,
O1/0783/3,,videos/sample_003130_O1__0783__3.pt,ok,0.5763666034,0.6092358828,0.5619363997,0.5437662115,average,0.5763666034,0.5619363997,
O1/0783/4,,videos/sample_003131_O1__0783__4.pt,ok,0.5758939981,0.6100050807,0.5622020365,0.5433481085,average,0.5758939981,0.5622020365,
O1/0784/1,,videos/sample_003132_O1__0784__1.pt,ok,0.5640965104,0.5840997100,0.5688738863,0.5576076445,average,0.5640965104,0.5688738863,
O1/0784/2,,videos/sample_003133_O1__0784__2.pt,ok,0.5649893284,0.5888714790,0.5683662121,0.5549532078,average,0.5649893284,0.5683662121,
O1/0784/3,,videos/sample_003134_O1__0784__3.pt,ok,0.5617513061,0.5825988650,0.5702095774,0.5584451554,average,0.5617513061,0.5702095774,
O1/0784/4,,videos/sample_003135_O1__0784__4.pt,ok,0.5636061430,0.5909221172,0.5691529119,0.5538163656,average,0.5636061430,0.5691529119,
O1/0785/1,,videos/sample_003136_O1__0785__1.pt,ok,0.5828474760,0.6132472157,0.5583063371,0.5415893531,average,0.5828474760,0.5583063371,
O1/0785/2,,videos/sample_003137_O1__0785__2.pt,ok,0.5765212178,0.6068847179,0.5618495229,0.5450461996,average,0.5765212178,0.5618495229,
O1/0785/3,,videos/sample_003138_O1__0785__3.pt,ok,0.5746332407,0.6020305157,0.5629112839,0.5476983961,average,0.5746332407,0.5629112839,
O1/0785/4,,videos/sample_003139_O1__0785__4.pt,ok,0.5828670859,0.6147291660,0.5582953889,0.5407873391,average,0.5828670859,0.5582953889,
O1/0786/1,,videos/sample_003140_O1__0786__1.pt,ok,0.5636488199,0.5847817659,0.5691286227,0.5572274546,average,0.5636488199,0.5691286227,
O1/0786/2,,videos/sample_003141_O1__0786__2.pt,ok,0.5728982687,0.6020730138,0.5638887669,0.5476751204,average,0.5728982687,0.5638887669,
O1/0786/3,,videos/sample_003142_O1__0786__3.pt,ok,0.5738286376,0.6032555699,0.5633643863,0.5470278466,average,0.5738286376,0.5633643863,
O1/0786/4,,videos/sample_003143_O1__0786__4.pt,ok,0.5737071037,0.6072611809,0.5634328583,0.5448410486,average,0.5737071037,0.5634328583,
O1/0787/1,,videos/sample_003144_O1__0787__1.pt,ok,0.5966984630,0.6167809963,0.5506265524,0.5396788728,average,0.5966984630,0.5506265524,
O1/0787/2,,videos/sample_003145_O1__0787__2.pt,ok,0.5971974134,0.6151018143,0.5503518855,0.5405858532,average,0.5971974134,0.5503518855,
O1/0787/3,,videos/sample_003146_O1__0787__3.pt,ok,0.5973545313,0.6167809963,0.5502654222,0.5396788728,average,0.5973545313,0.5502654222,
O1/0787/4,,videos/sample_003147_O1__0787__4.pt,ok,0.5954853296,0.6151018143,0.5512949412,0.5405858532,average,0.5954853296,0.5512949412,
O1/0788/1,,videos/sample_003148_O1__0788__1.pt,ok,0.6234602928,0.6503335238,0.5360862092,0.5218716911,average,0.6234602928,0.5360862092,
O1/0788/2,,videos/sample_003149_O1__0788__2.pt,ok,0.6228568554,0.6491376758,0.5364098013,0.5224961436,average,0.6228568554,0.5364098013,
O1/0788/3,,videos/sample_003150_O1__0788__3.pt,ok,0.6228660941,0.6491376758,0.5364048456,0.5224961436,average,0.6228660941,0.5364048456,
O1/0788/4,,videos/sample_003151_O1__0788__4.pt,ok,0.6223005652,0.6503335238,0.5367082838,0.5218716911,average,0.6223005652,0.5367082838,
O1/0789/1,,videos/sample_003152_O1__0789__1.pt,ok,0.5909897685,0.6159230471,0.5537789005,0.5401420886,average,0.5909897685,0.5537789005,
O1/0789/2,,videos/sample_003153_O1__0789__2.pt,ok,0.6006896496,0.6226086020,0.5484332789,0.5365429833,average,0.6006896496,0.5484332789,
O1/0789/3,,videos/sample_003154_O1__0789__3.pt,ok,0.5958271027,0.6245883107,0.5511065556,0.5354818353,average,0.5958271027,0.5511065556,
O1/0789/4,,videos/sample_003155_O1__0789__4.pt,ok,0.6009348631,0.6232421994,0.5482988121,0.5362031388,average,0.6009348631,0.5482988121,
O1/0790/1,,videos/sample_003156_O1__0790__1.pt,ok,0.5651502013,0.6044154763,0.5682747847,0.5463937134,average,0.5651502013,0.5682747847,
O1/0790/2,,videos/sample_003157_O1__0790__2.pt,ok,0.5649200082,0.6011428833,0.5684056127,0.5481847667,average,0.5649200082,0.5684056127,
O1/0790/3,,videos/sample_003158_O1__0790__3.pt,ok,0.5661624074,0.6042532921,0.5676998646,0.5464823370,average,0.5661624074,0.5676998646,
O1/0790/4,,videos/sample_003159_O1__0790__4.pt,ok,0.5589329600,0.5951898098,0.5718188920,0.5514578838,average,0.5589329600,0.5718188920,
O1/0791/1,,videos/sample_003160_O1__0791__1.pt,ok,0.5770043731,0.6104270816,0.5615781279,0.5431188635,average,0.5770043731,0.5615781279,
O1/0791/2,,videos/sample_003161_O1__0791__2.pt,ok,0.5784194469,0.6115213037,0.5607840154,0.5425248958,average,0.5784194469,0.5607840154,
O1/0791/3,,videos/sample_003162_O1__0791__3.pt,ok,0.5712608695,0.6020342112,0.5648128343,0.5476963721,average,0.5712608695,0.5648128343,
O1/0791/4,,videos/sample_003163_O1__0791__4.pt,ok,0.5781356096,0.6113035083,0.5609432094,0.5426430681,average,0.5781356096,0.5609432094,
O1/0792/1,,videos/sample_003164_O1__0792__1.pt,ok,0.6330419779,0.6449039578,0.5309741302,0.5247129342,average,0.6330419779,0.5309741302,
O1/0792/2,,videos/sample_003165_O1__0792__2.pt,ok,0.6325275302,0.6439361572,0.5312473589,0.5252209976,average,0.6325275302,0.5312473589,
O1/0792/3,,videos/sample_003166_O1__0792__3.pt,ok,0.6323234439,0.6449039578,0.5313557903,0.5247129342,average,0.6323234439,0.5313557903,
O1/0792/4,,videos/sample_003167_O1__0792__4.pt,ok,0.6328740120,0.6439361572,0.5310633233,0.5252209976,average,0.6328740120,0.5310633233,
O1/0793/1,,videos/sample_003168_O1__0793__1.pt,ok,0.6170123219,0.6304066181,0.5395540457,0.5323752836,average,0.6170123219,0.5395540457,
O1/0793/2,,videos/sample_003169_O1__0793__2.pt,ok,0.6174836755,0.6304980516,0.5392997849,0.5323266088,average,0.6174836755,0.5392997849,
O1/0793/3,,videos/sample_003170_O1__0793__3.pt,ok,0.6188833714,0.6311831474,0.5385454573,0.5319620390,average,0.6188833714,0.5385454573,
O1/0793/4,,videos/sample_003171_O1__0793__4.pt,ok,0.6186005473,0.6308799982,0.5386977924,0.5321233273,average,0.6186005473,0.5386977924,
O1/0794/1,,videos/sample_003172_O1__0794__1.pt,ok,0.5795244575,0.6039010882,0.5601646854,0.5466748441,average,0.5795244575,0.5601646854,
O1/0794/2,,videos/sample_003173_O1__0794__2.pt,ok,0.5779981017,0.6007612348,0.5610203488,0.5483940206,average,0.5779981017,0.5610203488,
O1/0794/3,,videos/sample_003174_O1__0794__3.pt,ok,0.5797715187,0.6025823951,0.5600263075,0.5473962160,average,0.5797715187,0.5600263075,
O1/0794/4,,videos/sample_003175_O1__0794__4.pt,ok,0.5788765550,0.6011554003,0.5605277351,0.5481779052,average,0.5788765550,0.5605277351,
O1/0795/1,,videos/sample_003176_O1__0795__1.pt,ok,0.6328998208,0.6450600624,0.5310496173,0.5246310306,average,0.6328998208,0.5310496173,
O1/0795/2,,videos/sample_003177_O1__0795__2.pt,ok,0.6328604221,0.6442111135,0.5310705404,0.5250766046,average,0.6328604221,0.5310705404,
O1/0795/3,,videos/sample_003178_O1__0795__3.pt,ok,0.6334497929,0.6450600624,0.5307576352,0.5246310306,average,0.6334497929,0.5307576352,
O1/0795/4,,videos/sample_003179_O1__0795__4.pt,ok,0.6333790421,0.6442111135,0.5307951880,0.5250766046,average,0.6333790421,0.5307951880,
O1/0796/1,,videos/sample_003180_O1__0796__1.pt,ok,0.6322605610,0.6431348920,0.5313892045,0.5256420075,average,0.6322605610,0.5313892045,
O1/0796/2,,videos/sample_003181_O1__0796__2.pt,ok,0.6321805120,0.6433796883,0.5314317434,0.5255133481,average,0.6321805120,0.5314317434,
O1/0796/3,,videos/sample_003182_O1__0796__3.pt,ok,0.6316946745,0.6439465284,0.5316899956,0.5252155504,average,0.6316946745,0.5316899956,
O1/0796/4,,videos/sample_003183_O1__0796__4.pt,ok,0.6325261593,0.6447706223,0.5312480872,0.5247829018,average,0.6325261593,0.5312480872,
O1/0797/1,,videos/sample_003184_O1__0797__1.pt,ok,0.6007359028,0.6263243556,0.5484079127,0.5345530212,average,0.6007359028,0.5484079127,
O1/0797/2,,videos/sample_003185_O1__0797__2.pt,ok,0.5982691050,0.6256116033,0.5497623940,0.5349341610,average,0.5982691050,0.5497623940,
O1/0797/3,,videos/sample_003186_O1__0797__3.pt,ok,0.6015890837,0.6273438931,0.5479402210,0.5340083021,average,0.6015890837,0.5479402210,
O1/0797/4,,videos/sample_003187_O1__0797__4.pt,ok,0.6013680696,0.6284275651,0.5480613369,0.5334299257,average,0.6013680696,0.5480613369,
O1/0798/1,,videos/sample_003188_O1__0798__1.pt,ok,0.5544438958,0.5866560340,0.5743915940,0.5561840391,average,0.5544438958,0.5743915940,
O1/0798/2,,videos/sample_003189_O1__0798__2.pt,ok,0.5646364689,0.5987485647,0.5685668009,0.5494988683,average,0.5646364689,0.5685668009,
O1/0798/3,,videos/sample_003190_O1__0798__3.pt,ok,0.5614851713,0.6022334695,0.5703613502,0.5475872499,average,0.5614851713,0.5703613502,
O1/0798/4,,videos/sample_003191_O1__0798__4.pt,ok,0.5635058880,0.6021729708,0.5692099752,0.5476203792,average,0.5635058880,0.5692099752,
O1/0799/1,,videos/sample_003192_O1__0799__1.pt,ok,0.5525307059,0.5734794140,0.5754915660,0.5635611608,average,0.5525307059,0.5754915660,
O1/0799/2,,videos/sample_003193_O1__0799__2.pt,ok,0.5641164780,0.5954285860,0.5688625274,0.5513262245,average,0.5641164780,0.5688625274,
O1/0799/3,,videos/sample_003194_O1__0799__3.pt,ok,0.5648528934,0.5962918997,0.5684437625,0.5508504624,average,0.5648528934,0.5684437625,
O1/0799/4,,videos/sample_003195_O1__0799__4.pt,ok,0.5650246739,0.5958446860,0.5683461232,0.5510968654,average,0.5650246739,0.5683461232,
O1/0800/1,,videos/sample_003196_O1__0800__1.pt,ok,0.6125316620,0.6273324490,0.5419770281,0.5340144134,average,0.6125316620,0.5419770281,
O1/0800/2,,videos/sample_003197_O1__0800__2.pt,ok,0.6109510660,0.6266413927,0.5428343522,0.5343835750,average,0.6109510660,0.5428343522,
O1/0800/3,,videos/sample_003198_O1__0800__3.pt,ok,0.6122406721,0.6266413927,0.5421347609,0.5343835750,average,0.6122406721,0.5421347609,
O1/0800/4,,videos/sample_003199_O1__0800__4.pt,ok,0.6107470393,0.6268980503,0.5429451162,0.5342464390,average,0.6107470393,0.5429451162,
O1/0801/1,,videos/sample_003200_O1__0801__1.pt,ok,0.5707786083,0.6031405330,0.5650852873,0.5470907787,average,0.5707786083,0.5650852873,
O1/0801/2,,videos/sample_003201_O1__0801__2.pt,ok,0.5757738948,0.6093370914,0.5622695629,0.5437111804,average,0.5757738948,0.5622695629,
O1/0801/3,,videos/sample_003202_O1__0801__3.pt,ok,0.5685656667,0.5994179845,0.5663371727,0.5491311460,average,0.5685656667,0.5663371727,
O1/0801/4,,videos/sample_003203_O1__0801__4.pt,ok,0.5730590820,0.6066509485,0.5637980934,0.5451736297,average,0.5730590820,0.5637980934,
O1/0802/1,,videos/sample_003204_O1__0802__1.pt,ok,0.6290560961,0.6511592269,0.5330947538,0.5214409579,average,0.6290560961,0.5330947538,
O1/0802/2,,videos/sample_003205_O1__0802__2.pt,ok,0.6264286041,0.6521527767,0.5344972978,0.5209231376,average,0.6264286041,0.5344972978,
O1/0802/3,,videos/sample_003206_O1__0802__3.pt,ok,0.6297993064,0.6511592269,0.5326986995,0.5214409579,average,0.6297993064,0.5326986995,
O1/0802/4,,videos/sample_003207_O1__0802__4.pt,ok,0.6287690997,0.6521527767,0.5332477720,0.5209231376,average,0.6287690997,0.5332477720,
O1/0803/1,,videos/sample_003208_O1__0803__1.pt,ok,0.5729776025,0.5991575122,0.5638440333,0.5492741980,average,0.5729776025,0.5638440333,
O1/0803/2,,videos/sample_003209_O1__0803__2.pt,ok,0.5768893957,0.6067291498,0.5616427004,0.5451309980,average,0.5768893957,0.5616427004,
O1/0803/3,,videos/sample_003210_O1__0803__3.pt,ok,0.5779568553,0.6072385311,0.5610434894,0.5448533892,average,0.5779568553,0.5610434894,
O1/0803/4,,videos/sample_003211_O1__0803__4.pt,ok,0.5721238852,0.5991575122,0.5643256022,0.5492741980,average,0.5721238852,0.5643256022,
O1/0804/1,,videos/sample_003212_O1__0804__1.pt,ok,0.5656718016,0.5860842466,0.5679784497,0.5565021490,average,0.5656718016,0.5679784497,
O1/0804/2,,videos/sample_003213_O1__0804__2.pt,ok,0.5718593597,0.6030477881,0.5644749004,0.5471415209,average,0.5718593597,0.5644749004,
O1/0804/3,,videos/sample_003214_O1__0804__3.pt,ok,0.5730729103,0.6035451293,0.5637902971,0.5468694725,average,0.5730729103,0.5637902971,
O1/0804/4,,videos/sample_003215_O1__0804__4.pt,ok,0.5734279156,0.6041778922,0.5635901841,0.5465235433,average,0.5734279156,0.5635901841,
O1/0805/1,,videos/sample_003216_O1__0805__1.pt,ok,0.5750699043,0.5972797871,0.5626655347,0.5503065529,average,0.5750699043,0.5626655347,
O1/0805/2,,videos/sample_003217_O1__0805__2.pt,ok,0.5770007968,0.5997901559,0.5615801363,0.5489268131,average,0.5770007968,0.5615801363,
O1/0805/3,,videos/sample_003218_O1__0805__3.pt,ok,0.5769472122,0.5998809934,0.5616102291,0.5488769522,average,0.5769472122,0.5616102291,
O1/0805/4,,videos/sample_003219_O1__0805__4.pt,ok,0.5756465197,0.5976483226,0.5623411866,0.5501037828,average,0.5756465197,0.5623411866,
O1/0806/1,,videos/sample_003220_O1__0806__1.pt,ok,0.5569762588,0.5873707533,0.5729388662,0.5557866656,average,0.5569762588,0.5729388662,
O1/0806/2,,videos/sample_003221_O1__0806__2.pt,ok,0.5463820696,0.5682511330,0.5790409552,0.5665153328,average,0.5463820696,0.5790409552,
O1/0806/3,,videos/sample_003222_O1__0806__3.pt,ok,0.5587778687,0.5910073519,0.5719075831,0.5537691633,average,0.5587778687,0.5719075831,
O1/0806/4,,videos/sample_003223_O1__0806__4.pt,ok,0.5573606491,0.5893881321,0.5727186763,0.5546665636,average,0.5573606491,0.5727186763,
O1/0807/1,,videos/sample_003224_O1__0807__1.pt,ok,0.6242026091,0.6461589336,0.5356884113,0.5240548452,average,0.6242026091,0.5356884113,
O1/0807/2,,videos/sample_003225_O1__0807__2.pt,ok,0.6238460541,0.6459215879,0.5358794478,0.5241792422,average,0.6238460541,0.5358794478,
O1/0807/3,,videos/sample_003226_O1__0807__3.pt,ok,0.6220997572,0.6461589336,0.5368160700,0.5240548452,average,0.6220997572,0.5368160700,
O1/0807/4,,videos/sample_003227_O1__0807__4.pt,ok,0.6244763136,0.6459215879,0.5355418111,0.5241792422,average,0.6244763136,0.5355418111,
O1/0808/1,,videos/sample_003228_O1__0808__1.pt,ok,0.5464934111,0.5697786212,0.5789764875,0.5656506479,average,0.5464934111,0.5789764875,
O1/0808/2,,videos/sample_003229_O1__0808__2.pt,ok,0.5431690216,0.5666880608,0.5809044337,0.5674015296,average,0.5431690216,0.5809044337,
O1/0808/3,,videos/sample_003230_O1__0808__3.pt,ok,0.5477525592,0.5751965642,0.5782479291,0.5625942720,average,0.5477525592,0.5782479291,
O1/0808/4,,videos/sample_003231_O1__0808__4.pt,ok,0.5460168123,0.5781757236,0.5792524927,0.5609207082,average,0.5460168123,0.5792524927,
O1/0809/1,,videos/sample_003232_O1__0809__1.pt,ok,0.6205090880,0.6346478462,0.5376706462,0.5301221400,average,0.6205090880,0.5376706462,
O1/0809/2,,videos/sample_003233_O1__0809__2.pt,ok,0.6192100048,0.6341955662,0.5383695790,0.5303619579,average,0.6192100048,0.5383695790,
O1/0809/3,,videos/sample_003234_O1__0809__3.pt,ok,0.6208809614,0.6341955662,0.5374707380,0.5303619579,average,0.6208809614,0.5374707380,
O1/0809/4,,videos/sample_003235_O1__0809__4.pt,ok,0.6215674281,0.6346478462,0.5371019088,0.5301221400,average,0.6215674281,0.5371019088,
O1/0810/1,,videos/sample_003236_O1__0810__1.pt,ok,0.6179512143,0.6436598301,0.5390477002,0.5253661504,average,0.6179512143,0.5390477002,
O1/0810/2,,videos/sample_003237_O1__0810__2.pt,ok,0.6183907986,0.6436598301,0.5388107954,0.5253661504,average,0.6183907986,0.5388107954,
O1/0810/3,,videos/sample_003238_O1__0810__3.pt,ok,0.6179032922,0.6450659633,0.5390735332,0.5246279348,average,0.6179032922,0.5390735332,
O1/0810/4,,videos/sample_003239_O1__0810__4.pt,ok,0.6183501482,0.6450659633,0.5388326987,0.5246279348,average,0.6183501482,0.5388326987,
O1/0811/1,,videos/sample_003240_O1__0811__1.pt,ok,0.5687480569,0.5960130095,0.5662338878,0.5510041106,average,0.5687480569,0.5662338878,
O1/0811/2,,videos/sample_003241_O1__0811__2.pt,ok,0.5675291419,0.5885470510,0.5669244995,0.5551332794,average,0.5675291419,0.5669244995,
O1/0811/3,,videos/sample_003242_O1__0811__3.pt,ok,0.5701834559,0.5980435610,0.5654216992,0.5498864036,average,0.5701834559,0.5654216992,
O1/0811/4,,videos/sample_003243_O1__0811__4.pt,ok,0.5691132545,0.5899819136,0.5660271382,0.5543373106,average,0.5691132545,0.5660271382,
O1/0812/1,,videos/sample_003244_O1__0812__1.pt,ok,0.5616856217,0.5818975568,0.5702470325,0.5588369350,average,0.5616856217,0.5702470325,
O1/0812/2,,videos/sample_003245_O1__0812__2.pt,ok,0.5654480457,0.5926051736,0.5681055525,0.5528850454,average,0.5654480457,0.5681055525,
O1/0812/3,,videos/sample_003246_O1__0812__3.pt,ok,0.5657253265,0.5918539762,0.5679480495,0.5533005272,average,0.5657253265,0.5679480495,
O1/0812/4,,videos/sample_003247_O1__0812__4.pt,ok,0.5638052821,0.5838247538,0.5690395826,0.5577609833,average,0.5638052821,0.5690395826,
O1/0813/1,,videos/sample_003248_O1__0813__1.pt,ok,0.6228309274,0.6461229920,0.5364237095,0.5240736810,average,0.6228309274,0.5364237095,
O1/0813/2,,videos/sample_003249_O1__0813__2.pt,ok,0.6212822199,0.6465333104,0.5372551166,0.5238586880,average,0.6212822199,0.5372551166,
O1/0813/3,,videos/sample_003250_O1__0813__3.pt,ok,0.6220208406,0.6465333104,0.5368584353,0.5238586880,average,0.6220208406,0.5368584353,
O1/0813/4,,videos/sample_003251_O1__0813__4.pt,ok,0.6218957305,0.6461229920,0.5369256059,0.5240736810,average,0.6218957305,0.5369256059,
O1/0814/1,,videos/sample_003252_O1__0814__1.pt,ok,0.5993978977,0.6244078279,0.5491421763,0.5355784893,average,0.5993978977,0.5491421763,
O1/0814/2,,videos/sample_003253_O1__0814__2.pt,ok,0.6012635827,0.6253302097,0.5481186051,0.5350847092,average,0.6012635827,0.5481186051,
O1/0814/3,,videos/sample_003254_O1__0814__3.pt,ok,0.5993166566,0.6244078279,0.5491867911,0.5355784893,average,0.5993166566,0.5491867911,
O1/0814/4,,videos/sample_003255_O1__0814__4.pt,ok,0.5969902873,0.6253302097,0.5504658896,0.5350847092,average,0.5969902873,0.5504658896,
O1/0815/1,,videos/sample_003256_O1__0815__1.pt,ok,0.6180691719,0.6346937418,0.5389841192,0.5300978103,average,0.6180691719,0.5389841192,
O1/0815/2,,videos/sample_003257_O1__0815__2.pt,ok,0.6159708500,0.6327267885,0.5401162688,0.5311415140,average,0.6159708500,0.5401162688,
O1/0815/3,,videos/sample_003258_O1__0815__3.pt,ok,0.6183343530,0.6348654628,0.5388412098,0.5300067892,average,0.6183343530,0.5388412098,
O1/0815/4,,videos/sample_003259_O1__0815__4.pt,ok,0.6169174910,0.6332482696,0.5396052146,0.5308646060,average,0.6169174910,0.5396052146,
O1/0816/1,,videos/sample_003260_O1__0816__1.pt,ok,0.6245813966,0.6369054317,0.5354855377,0.5289266938,average,0.6245813966,0.5354855377,
O1/0816/2,,videos/sample_003261_O1__0816__2.pt,ok,0.6235762835,0.6378179789,0.5360240318,0.5284442434,average,0.6235762835,0.5360240318,
O1/0816/3,,videos/sample_003262_O1__0816__3.pt,ok,0.6247690320,0.6369054317,0.5353850711,0.5289266938,average,0.6247690320,0.5353850711,
O1/0816/4,,videos/sample_003263_O1__0816__4.pt,ok,0.6246367693,0.6378179789,0.5354558872,0.5284442434,average,0.6246367693,0.5354558872,
O1/0817/1,,videos/sample_003264_O1__0817__1.pt,ok,0.5665631294,0.5877122283,0.5674724203,0.5555969108,average,0.5665631294,0.5674724203,
O1/0817/2,,videos/sample_003265_O1__0817__2.pt,ok,0.5691369176,0.5893011689,0.5660137445,0.5547148013,average,0.5691369176,0.5660137445,
O1/0817/3,,videos/sample_003266_O1__0817__3.pt,ok,0.5695865154,0.5976734757,0.5657593231,0.5500899461,average,0.5695865154,0.5657593231,
O1/0817/4,,videos/sample_003267_O1__0817__4.pt,ok,0.5702117682,0.5955781341,0.5654056911,0.5512437809,average,0.5702117682,0.5654056911,
O1/0818/1,,videos/sample_003268_O1__0818__1.pt,ok,0.5701586604,0.6043375134,0.5654357193,0.5464363135,average,0.5701586604,0.5654357193,
O1/0818/2,,videos/sample_003269_O1__0818__2.pt,ok,0.5675508976,0.5996910334,0.5669121658,0.5489812268,average,0.5675508976,0.5669121658,
O1/0818/3,,videos/sample_003270_O1__0818__3.pt,ok,0.5622797608,0.5932655334,0.5699083270,0.5525200628,average,0.5622797608,0.5699083270,
O1/0818/4,,videos/sample_003271_O1__0818__4.pt,ok,0.5702955723,0.6022806168,0.5653583098,0.5475614332,average,0.5702955723,0.5653583098,
O1/0819/1,,videos/sample_003272_O1__0819__1.pt,ok,0.6097509265,0.6278272271,0.5434862202,0.5337502601,average,0.6097509265,0.5434862202,
O1/0819/2,,videos/sample_003273_O1__0819__2.pt,ok,0.6124835610,0.6289489865,0.5420030984,0.5331518564,average,0.6124835610,0.5420030984,
O1/0819/3,,videos/sample_003274_O1__0819__3.pt,ok,0.6117227674,0.6273378730,0.5424156078,0.5340115169,average,0.6117227674,0.5424156078,
O1/0819/4,,videos/sample_003275_O1__0819__4.pt,ok,0.6107669473,0.6266008615,0.5429343074,0.5344052346,average,0.6107669473,0.5429343074,
O1/0820/1,,videos/sample_003276_O1__0820__1.pt,ok,0.5643934608,0.5853549242,0.5687049841,0.5569081665,average,0.5643934608,0.5687049841,
O1/0820/2,,videos/sample_003277_O1__0820__2.pt,ok,0.5612980127,0.5814762712,0.5704681082,0.5590724146,average,0.5612980127,0.5704681082,
O1/0820/3,,videos/sample_003278_O1__0820__3.pt,ok,0.5646737218,0.5908305645,0.5685456205,0.5538670713,average,0.5646737218,0.5685456205,
O1/0820/4,,videos/sample_003279_O1__0820__4.pt,ok,0.5632364750,0.5899084210,0.5693633484,0.5543780518,average,0.5632364750,0.5693633484,
O1/0821/1,,videos/sample_003280_O1__0821__1.pt,ok,0.6270333529,0.6517477036,0.5341741589,0.5211341923,average,0.6270333529,0.5341741589,
O1/0821/2,,videos/sample_003281_O1__0821__2.pt,ok,0.6254397631,0.6524314284,0.5350260921,0.5207780017,average,0.6254397631,0.5350260921,
O1/0821/3,,videos/sample_003282_O1__0821__3.pt,ok,0.6265492439,0.6517477036,0.5344328200,0.5211341923,average,0.6265492439,0.5344328200,
O1/0821/4,,videos/sample_003283_O1__0821__4.pt,ok,0.6235336065,0.6524314284,0.5360469082,0.5207780017,average,0.6235336065,0.5360469082,
O1/0822/1,,videos/sample_003284_O1__0822__1.pt,ok,0.6257091165,0.6491447091,0.5348820004,0.5224924688,average,0.6257091165,0.5348820004,
O1/0822/2,,videos/sample_003285_O1__0822__2.pt,ok,0.6253768206,0.6502123475,0.5350597690,0.5219349334,average,0.6253768206,0.5350597690,
O1/0822/3,,videos/sample_003286_O1__0822__3.pt,ok,0.6239804626,0.6502123475,0.5358074259,0.5219349334,average,0.6239804626,0.5358074259,
O1/0822/4,,videos/sample_003287_O1__0822__4.pt,ok,0.6253546476,0.6491447091,0.5350716330,0.5224924688,average,0.6253546476,0.5350716330,
O1/0823/1,,videos/sample_003288_O1__0823__1.pt,ok,0.5639740229,0.5858784318,0.5689435705,0.5566166972,average,0.5639740229,0.5689435705,
O1/0823/2,,videos/sample_003289_O1__0823__2.pt,ok,0.5674085021,0.5982741714,0.5669928973,0.5497596087,average,0.5674085021,0.5669928973,
O1/0823/3,,videos/sample_003290_O1__0823__3.pt,ok,0.5665179491,0.5876446962,0.5674980594,0.5556344326,average,0.5665179491,0.5674980594,
O1/0823/4,,videos/sample_003291_O1__0823__4.pt,ok,0.5681498647,0.5941542387,0.5665727058,0.5520292535,average,0.5681498647,0.5665727058,
O1/0824/1,,videos/sample_003292_O1__0824__1.pt,ok,0.6297339201,0.6518751383,0.5327335318,0.5210677860,average,0.6297339201,0.5327335318,
O1/0824/2,,videos/sample_003293_O1__0824__2.pt,ok,0.6306913495,0.6518751383,0.5322237212,0.5210677860,average,0.6306913495,0.5322237212,
O1/0824/3,,videos/sample_003294_O1__0824__3.pt,ok,0.6309009194,0.6529116631,0.5321121948,0.5205279661,average,0.6309009194,0.5321121948,
O1/0824/4,,videos/sample_003295_O1__0824__4.pt,ok,0.6307328343,0.6529116631,0.5322016424,0.5205279661,average,0.6307328343,0.5322016424,
O1/0825/1,,videos/sample_003296_O1__0825__1.pt,ok,0.5794502497,0.6095498800,0.5602062555,0.5435954972,average,0.5794502497,0.5602062555,
O1/0825/2,,videos/sample_003297_O1__0825__2.pt,ok,0.5698266029,0.5982980132,0.5656235077,0.5497465016,average,0.5698266029,0.5656235077,
O1/0825/3,,videos/sample_003298_O1__0825__3.pt,ok,0.5654234290,0.5951092839,0.5681195375,0.5515022922,average,0.5654234290,0.5681195375,
O1/0825/4,,videos/sample_003299_O1__0825__4.pt,ok,0.5781289339,0.6093580723,0.5609469541,0.5436997730,average,0.5781289339,0.5609469541,
O1/0826/1,,videos/sample_003300_O1__0826__1.pt,ok,0.5649075508,0.5868218541,0.5684126936,0.5560918202,average,0.5649075508,0.5684126936,
O1/0826/2,,videos/sample_003301_O1__0826__2.pt,ok,0.5648963451,0.5867425203,0.5684190631,0.5561359388,average,0.5648963451,0.5684190631,
O1/0826/3,,videos/sample_003302_O1__0826__3.pt,ok,0.5662236810,0.5941937566,0.5676650806,0.5520074389,average,0.5662236810,0.5676650806,
O1/0826/4,,videos/sample_003303_O1__0826__4.pt,ok,0.5662275553,0.5955581069,0.5676628813,0.5512548209,average,0.5662275553,0.5676628813,
O1/0827/1,,videos/sample_003304_O1__0827__1.pt,ok,0.5943976641,0.6126597524,0.5518948919,0.5419076105,average,0.5943976641,0.5518948919,
O1/0827/2,,videos/sample_003305_O1__0827__2.pt,ok,0.5934164524,0.6114352345,0.5524366834,0.5425715925,average,0.5934164524,0.5524366834,
O1/0827/3,,videos/sample_003306_O1__0827__3.pt,ok,0.5928807259,0.6108394861,0.5527327176,0.5428949250,average,0.5928807259,0.5527327176,
O1/0827/4,,videos/sample_003307_O1__0827__4.pt,ok,0.5940898061,0.6120142341,0.5520648233,0.5422575347,average,0.5940898061,0.5520648233,
O1/0828/1,,videos/sample_003308_O1__0828__1.pt,ok,0.5466046929,0.5778350830,0.5789120615,0.5611118131,average,0.5466046929,0.5789120615,
O1/0828/2,,videos/sample_003309_O1__0828__2.pt,ok,0.5440220237,0.5658688545,0.5804091323,0.5678665389,average,0.5440220237,0.5804091323,
O1/0828/3,,videos/sample_003310_O1__0828__3.pt,ok,0.5592626929,0.5932550430,0.5716303756,0.5525258590,average,0.5592626929,0.5716303756,
O1/0828/4,,videos/sample_003311_O1__0828__4.pt,ok,0.5602654815,0.5932550430,0.5710574386,0.5525258590,average,0.5602654815,0.5710574386,
O1/0829/1,,videos/sample_003312_O1__0829__1.pt,ok,0.5731400251,0.6071580052,0.5637524597,0.5448972658,average,0.5731400251,0.5637524597,
O1/0829/2,,videos/sample_003313_O1__0829__2.pt,ok,0.5747977495,0.6068012714,0.5628186876,0.5450916837,average,0.5747977495,0.5628186876,
O1/0829/3,,videos/sample_003314_O1__0829__3.pt,ok,0.5663714409,0.6005514860,0.5675812087,0.5485090576,average,0.5663714409,0.5675812087,
O1/0829/4,,videos/sample_003315_O1__0829__4.pt,ok,0.5760387182,0.6087264419,0.5621206805,0.5440432988,average,0.5760387182,0.5621206805,
O1/0830/1,,videos/sample_003316_O1__0830__1.pt,ok,0.5589530468,0.5954654217,0.5718074062,0.5513059164,average,0.5589530468,0.5718074062,
O1/0830/2,,videos/sample_003317_O1__0830__2.pt,ok,0.5634588599,0.5986351371,0.5692367447,0.5495612002,average,0.5634588599,0.5692367447,
O1/0830/3,,videos/sample_003318_O1__0830__3.pt,ok,0.5637226105,0.5972384810,0.5690866280,0.5503292844,average,0.5637226105,0.5690866280,
O1/0830/4,,videos/sample_003319_O1__0830__4.pt,ok,0.5547781587,0.5897611380,0.5741996283,0.5544597083,average,0.5547781587,0.5741996283,
O1/0831/1,,videos/sample_003320_O1__0831__1.pt,ok,0.5744941235,0.5995064378,0.5629896000,0.5490825756,average,0.5744941235,0.5629896000,
O1/0831/2,,videos/sample_003321_O1__0831__2.pt,ok,0.5726093054,0.5975446105,0.5640517336,0.5501608382,average,0.5726093054,0.5640517336,
O1/0831/3,,videos/sample_003322_O1__0831__3.pt,ok,0.5727520585,0.5972005725,0.5639712192,0.5503501470,average,0.5727520585,0.5639712192,
O1/0831/4,,videos/sample_003323_O1__0831__4.pt,ok,0.5743966699,0.5992763042,0.5630444680,0.5492089525,average,0.5743966699,0.5630444680,
O1/0832/1,,videos/sample_003324_O1__0832__1.pt,ok,0.5606170297,0.5956283808,0.5708567196,0.5512160834,average,0.5606170297,0.5708567196,
O1/0832/2,,videos/sample_003325_O1__0832__2.pt,ok,0.5658670068,0.6005943418,0.5678675882,0.5484855513,average,0.5658670068,0.5678675882,
O1/0832/3,,videos/sample_003326_O1__0832__3.pt,ok,0.5682516694,0.6007434726,0.5665150289,0.5484037613,average,0.5682516694,0.5665150289,
O1/0832/4,,videos/sample_003327_O1__0832__4.pt,ok,0.5681756139,0.6003768444,0.5665581172,0.5486048585,average,0.5681756139,0.5665581172,
O1/0833/1,,videos/sample_003328_O1__0833__1.pt,ok,0.6314933896,0.6519657969,0.5317970275,0.5210205488,average,0.6314933896,0.5317970275,
O1/0833/2,,videos/sample_003329_O1__0833__2.pt,ok,0.6299208403,0.6533879042,0.5326339625,0.5202801283,average,0.6299208403,0.5326339625,
O1/0833/3,,videos/sample_003330_O1__0833__3.pt,ok,0.6309350133,0.6533879042,0.5320940533,0.5202801283,average,0.6309350133,0.5320940533,
O1/0833/4,,videos/sample_003331_O1__0833__4.pt,ok,0.6313752532,0.6519657969,0.5318598558,0.5210205488,average,0.6313752532,0.5318598558,
O1/0834/1,,videos/sample_003332_O1__0834__1.pt,ok,0.6246374846,0.6478787065,0.5354555042,0.5231543645,average,0.6246374846,0.5354555042,
O1/0834/2,,videos/sample_003333_O1__0834__2.pt,ok,0.6248578429,0.6478787065,0.5353375251,0.5231543645,average,0.6248578429,0.5353375251,
O1/0834/3,,videos/sample_003334_O1__0834__3.pt,ok,0.6226843596,0.6472148299,0.5365023377,0.5235017897,average,0.6226843596,0.5365023377,
O1/0834/4,,videos/sample_003335_O1__0834__4.pt,ok,0.6241183281,0.6472148299,0.5357335616,0.5235017897,average,0.6241183281,0.5357335616,
O1/0835/1,,videos/sample_003336_O1__0835__1.pt,ok,0.5463699698,0.5680032969,0.5790479615,0.5666557532,average,0.5463699698,0.5790479615,
O1/0835/2,,videos/sample_003337_O1__0835__2.pt,ok,0.5477626920,0.5767043829,0.5782420699,0.5617466211,average,0.5477626920,0.5782420699,
O1/0835/3,,videos/sample_003338_O1__0835__3.pt,ok,0.5440220237,0.5658688545,0.5804091323,0.5678665389,average,0.5440220237,0.5804091323,
O1/0835/4,,videos/sample_003339_O1__0835__4.pt,ok,0.5499517322,0.5825371742,0.5769776592,0.5584796074,average,0.5499517322,0.5769776592,
O1/0836/1,,videos/sample_003340_O1__0836__1.pt,ok,0.6205323339,0.6329655647,0.5376581478,0.5310147052,average,0.6205323339,0.5376581478,
O1/0836/2,,videos/sample_003341_O1__0836__2.pt,ok,0.6212343574,0.6355450153,0.5372808316,0.5296467440,average,0.6212343574,0.5372808316,
O1/0836/3,,videos/sample_003342_O1__0836__3.pt,ok,0.6208369732,0.6329655647,0.5374943809,0.5310147052,average,0.6208369732,0.5374943809,
O1/0836/4,,videos/sample_003343_O1__0836__4.pt,ok,0.6199592352,0.6346622705,0.5379663672,0.5301144934,average,0.6199592352,0.5379663672,
O1/0837/1,,videos/sample_003344_O1__0837__1.pt,ok,0.5806694627,0.6153113842,0.5595236609,0.5404725745,average,0.5806694627,0.5595236609,
O1/0837/2,,videos/sample_003345_O1__0837__2.pt,ok,0.5798456669,0.6155242324,0.5599847841,0.5403575481,average,0.5798456669,0.5599847841,
O1/0837/3,,videos/sample_003346_O1__0837__3.pt,ok,0.5745138526,0.6063231230,0.5629784928,0.5453523808,average,0.5745138526,0.5629784928,
O1/0837/4,,videos/sample_003347_O1__0837__4.pt,ok,0.5821617842,0.6142562628,0.5586892945,0.5410431396,average,0.5821617842,0.5586892945,
O1/0838/1,,videos/sample_003348_O1__0838__1.pt,ok,0.5734015703,0.5956138372,0.5636050322,0.5512241001,average,0.5734015703,0.5636050322,
O1/0838/2,,videos/sample_003349_O1__0838__2.pt,ok,0.5729104280,0.5946020484,0.5638819104,0.5517821048,average,0.5729104280,0.5638819104,
O1/0838/3,,videos/sample_003350_O1__0838__3.pt,ok,0.5745559931,0.5979238749,0.5629547691,0.5499522213,average,0.5745559931,0.5629547691,
O1/0838/4,,videos/sample_003351_O1__0838__4.pt,ok,0.5748576522,0.5979989171,0.5627849743,0.5499109532,average,0.5748576522,0.5627849743,
O1/0839/1,,videos/sample_003352_O1__0839__1.pt,ok,0.5525392294,0.5742491484,0.5754866609,0.5631275353,average,0.5525392294,0.5754866609,
O1/0839/2,,videos/sample_003353_O1__0839__2.pt,ok,0.5501419902,0.5852383971,0.5768678950,0.5569730652,average,0.5501419902,0.5768678950,
O1/0839/3,,videos/sample_003354_O1__0839__3.pt,ok,0.5546900034,0.5838928819,0.5742502492,0.5577229854,average,0.5546900034,0.5742502492,
O1/0839/4,,videos/sample_003355_O1__0839__4.pt,ok,0.5463820696,0.5682511330,0.5790409552,0.5665153328,average,0.5463820696,0.5790409552,
O1/0840/1,,videos/sample_003356_O1__0840__1.pt,ok,0.6222572923,0.6344693899,0.5367315093,0.5302167520,average,0.6222572923,0.5367315093,
O1/0840/2,,videos/sample_003357_O1__0840__2.pt,ok,0.6207107306,0.6330110431,0.5375622399,0.5309905561,average,0.6207107306,0.5375622399,
O1/0840/3,,videos/sample_003358_O1__0840__3.pt,ok,0.6215079427,0.6340007782,0.5371338595,0.5304652761,average,0.6215079427,0.5371338595,
O1/0840/4,,videos/sample_003359_O1__0840__4.pt,ok,0.6214551330,0.6327291727,0.5371622262,0.5311402477,average,0.6214551330,0.5371622262,
O1/0841/1,,videos/sample_003360_O1__0841__1.pt,ok,0.6304678321,0.6529933810,0.5323426957,0.5204854314,average,0.6304678321,0.5323426957,
O1/0841/2,,videos/sample_003361_O1__0841__2.pt,ok,0.6299795508,0.6546469927,0.5326026922,0.5196254618,average,0.6299795508,0.5326026922,
O1/0841/3,,videos/sample_003362_O1__0841__3.pt,ok,0.6295751333,0.6529933810,0.5328181296,0.5204854314,average,0.6295751333,0.5328181296,
O1/0841/4,,videos/sample_003363_O1__0841__4.pt,ok,0.6303250194,0.6546469927,0.5324187265,0.5196254618,average,0.6303250194,0.5324187265,
O1/0842/1,,videos/sample_003364_O1__0842__1.pt,ok,0.5651801825,0.5855616331,0.5682577475,0.5567930606,average,0.5651801825,0.5682577475,
O1/0842/2,,videos/sample_003365_O1__0842__2.pt,ok,0.5736571550,0.6077533960,0.5634610018,0.5445729355,average,0.5736571550,0.5634610018,
O1/0842/3,,videos/sample_003366_O1__0842__3.pt,ok,0.5736274123,0.6038252711,0.5634777609,0.5467162930,average,0.5736274123,0.5634777609,
O1/0842/4,,videos/sample_003367_O1__0842__4.pt,ok,0.5728185773,0.6054196358,0.5639337058,0.5458453223,average,0.5728185773,0.5639337058,
O1/0843/1,,videos/sample_003368_O1__0843__1.pt,ok,0.6215499640,0.6442785859,0.5371112890,0.5250411776,average,0.6215499640,0.5371112890,
O1/0843/2,,videos/sample_003369_O1__0843__2.pt,ok,0.6217414141,0.6447603106,0.5370084688,0.5247883132,average,0.6217414141,0.5370084688,
O1/0843/3,,videos/sample_003370_O1__0843__3.pt,ok,0.6203221679,0.6447603106,0.5377711571,0.5247883132,average,0.6203221679,0.5377711571,
O1/0843/4,,videos/sample_003371_O1__0843__4.pt,ok,0.6217621565,0.6442785859,0.5369973300,0.5250411776,average,0.6217621565,0.5369973300,
O1/0844/1,,videos/sample_003372_O1__0844__1.pt,ok,0.5736412406,0.5978434682,0.5634699690,0.5499964429,average,0.5736412406,0.5634699690,
O1/0844/2,,videos/sample_003373_O1__0844__2.pt,ok,0.5736930370,0.5967305899,0.5634407840,0.5506088628,average,0.5736930370,0.5634407840,
O1/0844/3,,videos/sample_003374_O1__0844__3.pt,ok,0.5719623566,0.5945291519,0.5644167643,0.5518223292,average,0.5719623566,0.5644167643,
O1/0844/4,,videos/sample_003375_O1__0844__4.pt,ok,0.5719576478,0.5950155258,0.5644194220,0.5515540025,average,0.5719576478,0.5644194220,
O1/0845/1,,videos/sample_003376_O1__0845__1.pt,ok,0.5900761485,0.6242747307,0.5542850751,0.5356497780,average,0.5900761485,0.5542850751,
O1/0845/2,,videos/sample_003377_O1__0845__2.pt,ok,0.5878585577,0.6232407093,0.5555156165,0.5362039378,average,0.5878585577,0.5555156165,
O1/0845/3,,videos/sample_003378_O1__0845__3.pt,ok,0.5906954408,0.6262983084,0.5539419170,0.5345669450,average,0.5906954408,0.5539419170,
O1/0845/4,,videos/sample_003379_O1__0845__4.pt,ok,0.5841884613,0.6151842475,0.5575581583,0.5405412928,average,0.5841884613,0.5575581583,
O1/0846/1,,videos/sample_003380_O1__0846__1.pt,ok,0.5650531054,0.6002568007,0.5683299646,0.5486707190,average,0.5650531054,0.5683299646,
O1/0846/2,,videos/sample_003381_O1__0846__2.pt,ok,0.5677424073,0.6002568007,0.5668036070,0.5486707190,average,0.5677424073,0.5668036070,
O1/0846/3,,videos/sample_003382_O1__0846__3.pt,ok,0.5645045042,0.5941553116,0.5686418366,0.5520286612,average,0.5645045042,0.5686418366,
O1/0846/4,,videos/sample_003383_O1__0846__4.pt,ok,0.5598437190,0.5937417150,0.5712983399,0.5522570256,average,0.5598437190,0.5712983399,
O1/0847/1,,videos/sample_003384_O1__0847__1.pt,ok,0.5637520552,0.5829582810,0.5690698716,0.5582444774,average,0.5637520552,0.5690698716,
O1/0847/2,,videos/sample_003385_O1__0847__2.pt,ok,0.5602676272,0.5806453824,0.5710562132,0.5595371346,average,0.5602676272,0.5710562132,
O1/0847/3,,videos/sample_003386_O1__0847__3.pt,ok,0.5654815435,0.5959224701,0.5680865225,0.5510540005,average,0.5654815435,0.5680865225,
O1/0847/4,,videos/sample_003387_O1__0847__4.pt,ok,0.5662754774,0.5931742787,0.5676356783,0.5525704852,average,0.5662754774,0.5676356783,
O1/0848/1,,videos/sample_003388_O1__0848__1.pt,ok,0.5853978992,0.6081972122,0.5568842340,0.5443312989,average,0.5853978992,0.5568842340,
O1/0848/2,,videos/sample_003389_O1__0848__2.pt,ok,0.5861684680,0.6083356142,0.5564552816,0.5442559676,average,0.5861684680,0.5564552816,
O1/0848/3,,videos/sample_003390_O1__0848__3.pt,ok,0.5866894126,0.6088104248,0.5561654747,0.5439976104,average,0.5866894126,0.5561654747,
O1/0848/4,,videos/sample_003391_O1__0848__4.pt,ok,0.5866938233,0.6091625690,0.5561630216,0.5438060785,average,0.5866938233,0.5561630216,
O1/0849/1,,videos/sample_003392_O1__0849__1.pt,ok,0.5437800288,0.5681760311,0.5805496053,0.5665578808,average,0.5437800288,0.5805496053,
O1/0849/2,,videos/sample_003393_O1__0849__2.pt,ok,0.5520833135,0.5901938081,0.5757490942,0.5542198620,average,0.5520833135,0.5757490942,
O1/0849/3,,videos/sample_003394_O1__0849__3.pt,ok,0.5609710813,0.5984015465,0.5706546427,0.5496895875,average,0.5609710813,0.5706546427,
O1/0849/4,,videos/sample_003395_O1__0849__4.pt,ok,0.5607097745,0.6003144383,0.5708037781,0.5486390958,average,0.5607097745,0.5708037781,
O1/0850/1,,videos/sample_003396_O1__0850__1.pt,ok,0.5832018852,0.6056547761,0.5581085033,0.5457169872,average,0.5832018852,0.5581085033,
O1/0850/2,,videos/sample_003397_O1__0850__2.pt,ok,0.5825935006,0.6054090261,0.5584481512,0.5458511136,average,0.5825935006,0.5584481512,
O1/0850/3,,videos/sample_003398_O1__0850__3.pt,ok,0.5812920332,0.6016349196,0.5591754264,0.5479151062,average,0.5812920332,0.5591754264,
O1/0850/4,,videos/sample_003399_O1__0850__4.pt,ok,0.5822469592,0.6017722487,0.5586417101,0.5478398667,average,0.5822469592,0.5586417101,
O1/0851/1,,videos/sample_003400_O1__0851__1.pt,ok,0.5696905851,0.5944759846,0.5657004477,0.5518516689,average,0.5696905851,0.5657004477,
O1/0851/2,,videos/sample_003401_O1__0851__2.pt,ok,0.5680172443,0.5902715325,0.5666478498,0.5541767873,average,0.5680172443,0.5666478498,
O1/0851/3,,videos/sample_003402_O1__0851__3.pt,ok,0.5698246956,0.5958441496,0.5656245865,0.5510971610,average,0.5698246956,0.5656245865,
O1/0851/4,,videos/sample_003403_O1__0851__4.pt,ok,0.5684684515,0.5915023088,0.5663922319,0.5534951392,average,0.5684684515,0.5663922319,
O1/0852/1,,videos/sample_003404_O1__0852__1.pt,ok,0.6220920086,0.6367641091,0.5368202295,0.5290014484,average,0.6220920086,0.5368202295,
O1/0852/2,,videos/sample_003405_O1__0852__2.pt,ok,0.6238253713,0.6382170320,0.5358905314,0.5282334082,average,0.6238253713,0.5358905314,
O1/0852/3,,videos/sample_003406_O1__0852__3.pt,ok,0.6234421134,0.6388315558,0.5360959550,0.5279088959,average,0.6234421134,0.5360959550,
O1/0852/4,,videos/sample_003407_O1__0852__4.pt,ok,0.6234927773,0.6378204226,0.5360687950,0.5284429520,average,0.6234927773,0.5360687950,
O1/0853/1,,videos/sample_003408_O1__0853__1.pt,ok,0.5517668128,0.5877643228,0.5759313481,0.5555679680,average,0.5517668128,0.5759313481,
O1/0853/2,,videos/sample_003409_O1__0853__2.pt,ok,0.5537199378,0.5851616263,0.5748075799,0.5570158261,average,0.5537199378,0.5748075799,
O1/0853/3,,videos/sample_003410_O1__0853__3.pt,ok,0.5436253548,0.5671815276,0.5806394082,0.5671216049,average,0.5436253548,0.5806394082,
O1/0853/4,,videos/sample_003411_O1__0853__4.pt,ok,0.5556209683,0.5876868963,0.5737158912,0.5556109853,average,0.5556209683,0.5737158912,
O1/0854/1,,videos/sample_003412_O1__0854__1.pt,ok,0.5661317110,0.5925748944,0.5677172912,0.5529017865,average,0.5661317110,0.5677172912,
O1/0854/2,,videos/sample_003413_O1__0854__2.pt,ok,0.5654507279,0.5852228403,0.5681040287,0.5569817300,average,0.5654507279,0.5681040287,
O1/0854/3,,videos/sample_003414_O1__0854__3.pt,ok,0.5648498535,0.5856696963,0.5684454904,0.5567328950,average,0.5648498535,0.5684454904,
O1/0854/4,,videos/sample_003415_O1__0854__4.pt,ok,0.5659636259,0.5910356641,0.5678127240,0.5537534851,average,0.5659636259,0.5678127240,
O1/0855/1,,videos/sample_003416_O1__0855__1.pt,ok,0.6273939013,0.6482681632,0.5339815980,0.5229506582,average,0.6273939013,0.5339815980,
O1/0855/2,,videos/sample_003417_O1__0855__2.pt,ok,0.6278190017,0.6482681632,0.5337546505,0.5229506582,average,0.6278190017,0.5337546505,
O1/0855/3,,videos/sample_003418_O1__0855__3.pt,ok,0.6270574927,0.6488307118,0.5341612642,0.5226565557,average,0.6270574927,0.5341612642,
O1/0855/4,,videos/sample_003419_O1__0855__4.pt,ok,0.6272419691,0.6488307118,0.5340627332,0.5226565557,average,0.6272419691,0.5340627332,
O1/0856/1,,videos/sample_003420_O1__0856__1.pt,ok,0.6173394322,0.6443284154,0.5393775809,0.5250150157,average,0.6173394322,0.5393775809,
O1/0856/2,,videos/sample_003421_O1__0856__2.pt,ok,0.6159234643,0.6433455348,0.5401418632,0.5255312965,average,0.6159234643,0.5401418632,
O1/0856/3,,videos/sample_003422_O1__0856__3.pt,ok,0.6173976064,0.6433455348,0.5393462040,0.5255312965,average,0.6173976064,0.5393462040,
O1/0856/4,,videos/sample_003423_O1__0856__4.pt,ok,0.6178594232,0.6443284154,0.5390971823,0.5250150157,average,0.6178594232,0.5390971823,
O1/0857/1,,videos/sample_003424_O1__0857__1.pt,ok,0.6173926592,0.6322690845,0.5393488722,0.5313846753,average,0.6173926592,0.5393488722,
O1/0857/2,,videos/sample_003425_O1__0857__2.pt,ok,0.6188383698,0.6342905760,0.5385696932,0.5303115707,average,0.6188383698,0.5385696932,
O1/0857/3,,videos/sample_003426_O1__0857__3.pt,ok,0.6186235547,0.6324059963,0.5386853985,0.5313119274,average,0.6186235547,0.5386853985,
O1/0857/4,,videos/sample_003427_O1__0857__4.pt,ok,0.6183593273,0.6338999867,0.5388277528,0.5305187451,average,0.6183593273,0.5388277528,
O1/0858/1,,videos/sample_003428_O1__0858__1.pt,ok,0.6180647612,0.6306934953,0.5389864966,0.5322225792,average,0.6180647612,0.5389864966,
O1/0858/2,,videos/sample_003429_O1__0858__2.pt,ok,0.6166450381,0.6306934953,0.5397522515,0.5322225792,average,0.6166450381,0.5397522515,
O1/0858/3,,videos/sample_003430_O1__0858__3.pt,ok,0.6173751950,0.6319937110,0.5393582916,0.5315310247,average,0.6173751950,0.5393582916,
O1/0858/4,,videos/sample_003431_O1__0858__4.pt,ok,0.6183391809,0.6319937110,0.5388386083,0.5315310247,average,0.6183391809,0.5388386083,
O1/0859/1,,videos/sample_003432_O1__0859__1.pt,ok,0.6253576279,0.6499361992,0.5350700383,0.5220790848,average,0.6253576279,0.5350700383,
O1/0859/2,,videos/sample_003433_O1__0859__2.pt,ok,0.6247126460,0.6499361992,0.5354152601,0.5220790848,average,0.6247126460,0.5354152601,
O1/0859/3,,videos/sample_003434_O1__0859__3.pt,ok,0.6247957349,0.6504997611,0.5353707749,0.5217849438,average,0.6247957349,0.5353707749,
O1/0859/4,,videos/sample_003435_O1__0859__4.pt,ok,0.6229786873,0.6504997611,0.5363444534,0.5217849438,average,0.6229786873,0.5363444534,
O1/0860/1,,videos/sample_003436_O1__0860__1.pt,ok,0.5788301229,0.6095348597,0.5605537621,0.5436036623,average,0.5788301229,0.5605537621,
O1/0860/2,,videos/sample_003437_O1__0860__2.pt,ok,0.5794256330,0.6095348597,0.5602200461,0.5436036623,average,0.5794256330,0.5602200461,
O1/0860/3,,videos/sample_003438_O1__0860__3.pt,ok,0.5782224536,0.6069016457,0.5608944970,0.5450369733,average,0.5782224536,0.5608944970,
O1/0860/4,,videos/sample_003439_O1__0860__4.pt,ok,0.5756333470,0.6069016457,0.5623485942,0.5450369733,average,0.5756333470,0.5623485942,
O1/0861/1,,videos/sample_003440_O1__0861__1.pt,ok,0.6007716656,0.6163617373,0.5483883004,0.5399051855,average,0.6007716656,0.5483883004,
O1/0861/2,,videos/sample_003441_O1__0861__2.pt,ok,0.6020252705,0.6200816631,0.5477012689,0.5379005092,average,0.6020252705,0.5477012689,
O1/0861/3,,videos/sample_003442_O1__0861__3.pt,ok,0.6021754742,0.6192874908,0.5476190083,0.5383278645,average,0.6021754742,0.5476190083,
O1/0861/4,,videos/sample_003443_O1__0861__4.pt,ok,0.6015377045,0.6169033051,0.5479683745,0.5396128694,average,0.6015377045,0.5479683745,
O1/0862/1,,videos/sample_003444_O1__0862__1.pt,ok,0.5821735263,0.6033053994,0.5586827343,0.5470005892,average,0.5821735263,0.5586827343,
O1/0862/2,,videos/sample_003445_O1__0862__2.pt,ok,0.5823081732,0.6028415561,0.5586075145,0.5472543706,average,0.5823081732,0.5586075145,
O1/0862/3,,videos/sample_003446_O1__0862__3.pt,ok,0.5826342106,0.6028550863,0.5584254172,0.5472469662,average,0.5826342106,0.5584254172,
O1/0862/4,,videos/sample_003447_O1__0862__4.pt,ok,0.5810145736,0.6017691493,0.5593305965,0.5478415647,average,0.5810145736,0.5593305965,
O1/0863/1,,videos/sample_003448_O1__0863__1.pt,ok,0.5644680858,0.5970977545,0.5686625460,0.5504067358,average,0.5644680858,0.5686625460,
O1/0863/2,,videos/sample_003449_O1__0863__2.pt,ok,0.5688464046,0.6018121243,0.5661782027,0.5478180218,average,0.5688464046,0.5661782027,
O1/0863/3,,videos/sample_003450_O1__0863__3.pt,ok,0.5677509308,0.6018121243,0.5667987759,0.5478180218,average,0.5677509308,0.5667987759,
O1/0863/4,,videos/sample_003451_O1__0863__4.pt,ok,0.5604016185,0.5970977545,0.5709797018,0.5504067358,average,0.5604016185,0.5709797018,
O1/0864/1,,videos/sample_003452_O1__0864__1.pt,ok,0.6152207255,0.6315539479,0.5405215752,0.5317648238,average,0.6152207255,0.5405215752,
O1/0864/2,,videos/sample_003453_O1__0864__2.pt,ok,0.6158440709,0.6308755875,0.5401847486,0.5321256744,average,0.6158440709,0.5401847486,
O1/0864/3,,videos/sample_003454_O1__0864__3.pt,ok,0.6142274737,0.6303421259,0.5410587160,0.5324096187,average,0.6142274737,0.5410587160,
O1/0864/4,,videos/sample_003455_O1__0864__4.pt,ok,0.6166603565,0.6315422654,0.5397439835,0.5317710362,average,0.6166603565,0.5397439835,
O1/0865/1,,videos/sample_003456_O1__0865__1.pt,ok,0.6279450655,0.6514782906,0.5336873675,0.5212746116,average,0.6279450655,0.5336873675,
O1/0865/2,,videos/sample_003457_O1__0865__2.pt,ok,0.6264018416,0.6517736316,0.5345116025,0.5211206805,average,0.6264018416,0.5345116025,
O1/0865/3,,videos/sample_003458_O1__0865__3.pt,ok,0.6270471811,0.6517736316,0.5341667723,0.5211206805,average,0.6270471811,0.5341667723,
O1/0865/4,,videos/sample_003459_O1__0865__4.pt,ok,0.6287128329,0.6514782906,0.5332777770,0.5212746116,average,0.6287128329,0.5332777770,
O1/0866/1,,videos/sample_003460_O1__0866__1.pt,ok,0.5697837472,0.5992414951,0.5656477484,0.5492280703,average,0.5697837472,0.5656477484,
O1/0866/2,,videos/sample_003461_O1__0866__2.pt,ok,0.5673583150,0.5978057384,0.5670213538,0.5500171945,average,0.5673583150,0.5670213538,
O1/0866/3,,videos/sample_003462_O1__0866__3.pt,ok,0.5706008673,0.6006972194,0.5651857350,0.5484291274,average,0.5706008673,0.5651857350,
O1/0866/4,,videos/sample_003463_O1__0866__4.pt,ok,0.5602676272,0.5806453824,0.5710562132,0.5595371346,average,0.5602676272,0.5710562132,
O1/0867/1,,videos/sample_003464_O1__0867__1.pt,ok,0.6293208599,0.6433948874,0.5329536283,0.5255053608,average,0.6293208599,0.5329536283,
O1/0867/2,,videos/sample_003465_O1__0867__2.pt,ok,0.6303054094,0.6445274949,0.5324291673,0.5249105064,average,0.6303054094,0.5324291673,
O1/0867/3,,videos/sample_003466_O1__0867__3.pt,ok,0.6302434802,0.6431427002,0.5324621412,0.5256379032,average,0.6302434802,0.5324621412,
O1/0867/4,,videos/sample_003467_O1__0867__4.pt,ok,0.6305032372,0.6432322264,0.5323238484,0.5255908470,average,0.6305032372,0.5323238484,
O1/0868/1,,videos/sample_003468_O1__0868__1.pt,ok,0.6183519363,0.6325857043,0.5388317352,0.5312164550,average,0.6183519363,0.5388317352,
O1/0868/2,,videos/sample_003469_O1__0868__2.pt,ok,0.6197991371,0.6319696903,0.5380525015,0.5315437926,average,0.6197991371,0.5380525015,
O1/0868/3,,videos/sample_003470_O1__0868__3.pt,ok,0.6195725203,0.6326607466,0.5381744471,0.5311765928,average,0.6195725203,0.5381744471,
O1/0868/4,,videos/sample_003471_O1__0868__4.pt,ok,0.6191915870,0.6330626607,0.5383794947,0.5309631483,average,0.6191915870,0.5383794947,
O1/0869/1,,videos/sample_003472_O1__0869__1.pt,ok,0.5701307654,0.5980893373,0.5654514924,0.5498612324,average,0.5701307654,0.5654514924,
O1/0869/2,,videos/sample_003473_O1__0869__2.pt,ok,0.5651589036,0.5949250460,0.5682698395,0.5516039093,average,0.5651589036,0.5682698395,
O1/0869/3,,videos/sample_003474_O1__0869__3.pt,ok,0.5695165992,0.5983386040,0.5657988802,0.5497241874,average,0.5695165992,0.5657988802,
O1/0869/4,,videos/sample_003475_O1__0869__4.pt,ok,0.5599758625,0.5782616138,0.5712228516,0.5608725326,average,0.5599758625,0.5712228516,
O1/0870/1,,videos/sample_003476_O1__0870__1.pt,ok,0.5646119714,0.5949158072,0.5685807296,0.5516090054,average,0.5646119714,0.5685807296,
O1/0870/2,,videos/sample_003477_O1__0870__2.pt,ok,0.5585807562,0.5798618793,0.5720203243,0.5599757054,average,0.5585807562,0.5720203243,
O1/0870/3,,videos/sample_003478_O1__0870__3.pt,ok,0.5666897297,0.5862542987,0.5674005827,0.5564075227,average,0.5666897297,0.5674005827,
O1/0870/4,,videos/sample_003479_O1__0870__4.pt,ok,0.5681337714,0.5931168199,0.5665818239,0.5526022362,average,0.5681337714,0.5665818239,
O1/0871/1,,videos/sample_003480_O1__0871__1.pt,ok,0.5562447906,0.5876927376,0.5733581060,0.5556077399,average,0.5562447906,0.5733581060,
O1/0871/2,,videos/sample_003481_O1__0871__2.pt,ok,0.5548997521,0.5869987607,0.5741298136,0.5559934526,average,0.5548997521,0.5741298136,
O1/0871/3,,videos/sample_003482_O1__0871__3.pt,ok,0.5498725176,0.5735010505,0.5770233660,0.5635489675,average,0.5498725176,0.5770233660,
O1/0871/4,,videos/sample_003483_O1__0871__4.pt,ok,0.5541745424,0.5769421458,0.5745463291,0.5616130745,average,0.5541745424,0.5745463291,
O1/0872/1,,videos/sample_003484_O1__0872__1.pt,ok,0.5791540146,0.6105135679,0.5603722328,0.5430718931,average,0.5791540146,0.5603722328,
O1/0872/2,,videos/sample_003485_O1__0872__2.pt,ok,0.5800985694,0.6149795651,0.5598431804,0.5406519433,average,0.5800985694,0.5598431804,
O1/0872/3,,videos/sample_003486_O1__0872__3.pt,ok,0.5797753930,0.6077536345,0.5600241378,0.5445728057,average,0.5797753930,0.5600241378,
O1/0872/4,,videos/sample_003487_O1__0872__4.pt,ok,0.5741724968,0.6056287289,0.5631707016,0.5457312018,average,0.5741724968,0.5631707016,
O1/0873/1,,videos/sample_003488_O1__0873__1.pt,ok,0.5681998134,0.6038333774,0.5665444069,0.5467118612,average,0.5681998134,0.5665444069,
O1/0873/2,,videos/sample_003489_O1__0873__2.pt,ok,0.5589978099,0.5789639354,0.5717818109,0.5604787581,average,0.5589978099,0.5717818109,
O1/0873/3,,videos/sample_003490_O1__0873__3.pt,ok,0.5728383064,0.6033320427,0.5639225800,0.5469860155,average,0.5728383064,0.5639225800,
O1/0873/4,,videos/sample_003491_O1__0873__4.pt,ok,0.5726346374,0.6050693393,0.5640374453,0.5460365635,average,0.5726346374,0.5640374453,
O1/0874/1,,videos/sample_003492_O1__0874__1.pt,ok,0.5467780828,0.5689977407,0.5788116927,0.5660925259,average,0.5467780828,0.5788116927,
O1/0874/2,,videos/sample_003493_O1__0874__2.pt,ok,0.5482157469,0.5781775713,0.5779801538,0.5609196718,average,0.5482157469,0.5779801538,
O1/0874/3,,videos/sample_003494_O1__0874__3.pt,ok,0.5456917882,0.5747314095,0.5794407944,0.5628560263,average,0.5456917882,0.5794407944,
O1/0874/4,,videos/sample_003495_O1__0874__4.pt,ok,0.5444824696,0.5662852526,0.5801419468,0.5676301296,average,0.5444824696,0.5801419468,
O1/0875/1,,videos/sample_003496_O1__0875__1.pt,ok,0.5717577934,0.6120920181,0.5645322350,0.5422153574,average,0.5717577934,0.5645322350,
O1/0875/2,,videos/sample_003497_O1__0875__2.pt,ok,0.5750436783,0.6088307500,0.5626802914,0.5439865536,average,0.5750436783,0.5626802914,
O1/0875/3,,videos/sample_003498_O1__0875__3.pt,ok,0.5582225323,0.5787445903,0.5722252724,0.5606017098,average,0.5582225323,0.5722252724,
O1/0875/4,,videos/sample_003499_O1__0875__4.pt,ok,0.5753558278,0.6109345555,0.5625046784,0.5428433147,average,0.5753558278,0.5625046784,
O1/0876/1,,videos/sample_003500_O1__0876__1.pt,ok,0.5668544769,0.5877048969,0.5673071127,0.5556009841,average,0.5668544769,0.5673071127,
O1/0876/2,,videos/sample_003501_O1__0876__2.pt,ok,0.5693004131,0.5990626812,0.5659212113,0.5493262887,average,0.5693004131,0.5659212113,
O1/0876/3,,videos/sample_003502_O1__0876__3.pt,ok,0.5680277348,0.6006845236,0.5666419055,0.5484360901,average,0.5680277348,0.5666419055,
O1/0876/4,,videos/sample_003503_O1__0876__4.pt,ok,0.5638052821,0.5838247538,0.5690395826,0.5577609833,average,0.5638052821,0.5690395826,
O1/0877/1,,videos/sample_003504_O1__0877__1.pt,ok,0.5699621439,0.5952785015,0.5655468477,0.5514089762,average,0.5699621439,0.5655468477,
O1/0877/2,,videos/sample_003505_O1__0877__2.pt,ok,0.5699487329,0.5937125087,0.5655544323,0.5522731552,average,0.5699487329,0.5655544323,
O1/0877/3,,videos/sample_003506_O1__0877__3.pt,ok,0.5681214333,0.5863724351,0.5665888145,0.5563417946,average,0.5681214333,0.5665888145,
O1/0877/4,,videos/sample_003507_O1__0877__4.pt,ok,0.5681559443,0.5869448185,0.5665692612,0.5560234449,average,0.5681559443,0.5665692612,
O1/0878/1,,videos/sample_003508_O1__0878__1.pt,ok,0.5636521578,0.6032089591,0.5691267231,0.5470533447,average,0.5636521578,0.5691267231,
O1/0878/2,,videos/sample_003509_O1__0878__2.pt,ok,0.5611705780,0.5961404443,0.5705408103,0.5509338980,average,0.5611705780,0.5705408103,
O1/0878/3,,videos/sample_003510_O1__0878__3.pt,ok,0.5620902777,0.6017103195,0.5700163253,0.5478737951,average,0.5620902777,0.5700163253,
O1/0878/4,,videos/sample_003511_O1__0878__4.pt,ok,0.5567674637,0.5906187296,0.5730585055,0.5539844121,average,0.5567674637,0.5730585055,
O1/0879/1,,videos/sample_003512_O1__0879__1.pt,ok,0.6301999092,0.6531223059,0.5324853416,0.5204183322,average,0.6301999092,0.5324853416,
O1/0879/2,,videos/sample_003513_O1__0879__2.pt,ok,0.6295462847,0.6531223059,0.5328335009,0.5204183322,average,0.6295462847,0.5328335009,
O1/0879/3,,videos/sample_003514_O1__0879__3.pt,ok,0.6292435527,0.6536042690,0.5329948311,0.5201675702,average,0.6292435527,0.5329948311,
O1/0879/4,,videos/sample_003515_O1__0879__4.pt,ok,0.6300906539,0.6536042690,0.5325435217,0.5201675702,average,0.6300906539,0.5325435217,
O1/0880/1,,videos/sample_003516_O1__0880__1.pt,ok,0.5612366796,0.5960664153,0.5705030979,0.5509746846,average,0.5612366796,0.5705030979,
O1/0880/2,,videos/sample_003517_O1__0880__2.pt,ok,0.5559446216,0.5877820253,0.5735302362,0.5555581331,average,0.5559446216,0.5735302362,
O1/0880/3,,videos/sample_003518_O1__0880__3.pt,ok,0.5610021949,0.6039879322,0.5706368878,0.5466273707,average,0.5610021949,0.5706368878,
O1/0880/4,,videos/sample_003519_O1__0880__4.pt,ok,0.5602902770,0.5954556465,0.5710432791,0.5513113056,average,0.5602902770,0.5710432791,
O1/0881/1,,videos/sample_003520_O1__0881__1.pt,ok,0.5598384738,0.5955510139,0.5713013365,0.5512587309,average,0.5598384738,0.5713013365,
O1/0881/2,,videos/sample_003521_O1__0881__2.pt,ok,0.5431761742,0.5666239858,0.5809002787,0.5674378870,average,0.5431761742,0.5809002787,
O1/0881/3,,videos/sample_003522_O1__0881__3.pt,ok,0.5578129292,0.6002618670,0.5724597057,0.5486679392,average,0.5578129292,0.5724597057,
O1/0881/4,,videos/sample_003523_O1__0881__4.pt,ok,0.5520766377,0.5888716578,0.5757529378,0.5549531086,average,0.5520766377,0.5757529378,
O1/0882/1,,videos/sample_003524_O1__0882__1.pt,ok,0.6200252771,0.6456069946,0.5379308401,0.5243441714,average,0.6200252771,0.5379308401,
O1/0882/2,,videos/sample_003525_O1__0882__2.pt,ok,0.6178231835,0.6453161836,0.5391167194,0.5244966787,average,0.6178231835,0.5391167194,
O1/0882/3,,videos/sample_003526_O1__0882__3.pt,ok,0.6192795634,0.6453161836,0.5383321321,0.5244966787,average,0.6192795634,0.5383321321,
O1/0882/4,,videos/sample_003527_O1__0882__4.pt,ok,0.6198862791,0.6456069946,0.5380056166,0.5243441714,average,0.6198862791,0.5380056166,
O1/0883/1,,videos/sample_003528_O1__0883__1.pt,ok,0.5891731977,0.6055201888,0.5547857933,0.5457904387,average,0.5891731977,0.5547857933,
O1/0883/2,,videos/sample_003529_O1__0883__2.pt,ok,0.5899764299,0.6142359972,0.5543403504,0.5410541043,average,0.5899764299,0.5543403504,
O1/0883/3,,videos/sample_003530_O1__0883__3.pt,ok,0.5905524492,0.6179621220,0.5540211316,0.5390418205,average,0.5905524492,0.5540211316,
O1/0883/4,,videos/sample_003531_O1__0883__4.pt,ok,0.5846962929,0.6024481058,0.5572750845,0.5474697304,average,0.5846962929,0.5572750845,
O1/0884/1,,videos/sample_003532_O1__0884__1.pt,ok,0.6176185608,0.6302208900,0.5392270462,0.5324741698,average,0.6176185608,0.5392270462,
O1/0884/2,,videos/sample_003533_O1__0884__2.pt,ok,0.6193881035,0.6299347878,0.5382737046,0.5326265336,average,0.6193881035,0.5382737046,
O1/0884/3,,videos/sample_003534_O1__0884__3.pt,ok,0.6191818118,0.6317040920,0.5383847575,0.5316849884,average,0.6191818118,0.5383847575,
O1/0884/4,,videos/sample_003535_O1__0884__4.pt,ok,0.6187558174,0.6307744384,0.5386141552,0.5321795011,average,0.6187558174,0.5386141552,
O1/0885/1,,videos/sample_003536_O1__0885__1.pt,ok,0.6177152991,0.6469758749,0.5391748848,0.5236268980,average,0.6177152991,0.5391748848,
O1/0885/2,,videos/sample_003537_O1__0885__2.pt,ok,0.6177152991,0.6469758749,0.5391748848,0.5236268980,average,0.6177152991,0.5391748848,
O1/0885/3,,videos/sample_003538_O1__0885__3.pt,ok,0.6195614934,0.6484121680,0.5381803815,0.5228753562,average,0.6195614934,0.5381803815,
O1/0885/4,,videos/sample_003539_O1__0885__4.pt,ok,0.6195614934,0.6484121680,0.5381803815,0.5228753562,average,0.6195614934,0.5381803815,
O1/0886/1,,videos/sample_003540_O1__0886__1.pt,ok,0.5835404396,0.6053782105,0.5579195852,0.5458679346,average,0.5835404396,0.5579195852,
O1/0886/2,,videos/sample_003541_O1__0886__2.pt,ok,0.5834927559,0.6055236459,0.5579461895,0.5457885519,average,0.5834927559,0.5579461895,
O1/0886/3,,videos/sample_003542_O1__0886__3.pt,ok,0.5844470859,0.6075536609,0.5574139787,0.5446817168,average,0.5844470859,0.5574139787,
O1/0886/4,,videos/sample_003543_O1__0886__4.pt,ok,0.5843492150,0.6062508821,0.5574685359,0.5453917789,average,0.5843492150,0.5574685359,
O1/0887/1,,videos/sample_003544_O1__0887__1.pt,ok,0.5570827723,0.5930206776,0.5728778437,0.5526553672,average,0.5570827723,0.5728778437,
O1/0887/2,,videos/sample_003545_O1__0887__2.pt,ok,0.5672632456,0.6076176167,0.5670752627,0.5446468823,average,0.5672632456,0.5670752627,
O1/0887/3,,videos/sample_003546_O1__0887__3.pt,ok,0.5637201667,0.5976097584,0.5690880187,0.5501249975,average,0.5637201667,0.5690880187,
O1/0887/4,,videos/sample_003547_O1__0887__4.pt,ok,0.5654714108,0.6093386412,0.5680922788,0.5437103378,average,0.5654714108,0.5680922788,
O1/0888/1,,videos/sample_003548_O1__0888__1.pt,ok,0.5786999464,0.6106560230,0.5606267378,0.5429945353,average,0.5786999464,0.5606267378,
O1/0888/2,,videos/sample_003549_O1__0888__2.pt,ok,0.5801205635,0.6106560230,0.5598308673,0.5429945353,average,0.5801205635,0.5598308673,
O1/0888/3,,videos/sample_003550_O1__0888__3.pt,ok,0.5776118040,0.6064940095,0.5612371116,0.5452591954,average,0.5776118040,0.5612371116,
O1/0888/4,,videos/sample_003551_O1__0888__4.pt,ok,0.5777134895,0.6052018404,0.5611800448,0.5459642179,average,0.5777134895,0.5611800448,
O1/0889/1,,videos/sample_003552_O1__0889__1.pt,ok,0.5800771117,0.6086325049,0.5598551935,0.5440944070,average,0.5800771117,0.5598551935,
O1/0889/2,,videos/sample_003553_O1__0889__2.pt,ok,0.5831740499,0.6115539074,0.5581240386,0.5425072078,average,0.5831740499,0.5581240386,
O1/0889/3,,videos/sample_003554_O1__0889__3.pt,ok,0.5837354660,0.6128086448,0.5578107867,0.5418269306,average,0.5837354660,0.5578107867,
O1/0889/4,,videos/sample_003555_O1__0889__4.pt,ok,0.5847525001,0.6126967072,0.5572437625,0.5418875848,average,0.5847525001,0.5572437625,
O1/0890/1,,videos/sample_003556_O1__0890__1.pt,ok,0.6187046170,0.6324852109,0.5386417332,0.5312698414,average,0.6187046170,0.5386417332,
O1/0890/2,,videos/sample_003557_O1__0890__2.pt,ok,0.6196883917,0.6332530975,0.5381120917,0.5308620430,average,0.6196883917,0.5381120917,
O1/0890/3,,videos/sample_003558_O1__0890__3.pt,ok,0.6195200086,0.6327010989,0.5382027083,0.5311551590,average,0.6195200086,0.5382027083,
O1/0890/4,,videos/sample_003559_O1__0890__4.pt,ok,0.6188527942,0.6331757903,0.5385619247,0.5309030841,average,0.6188527942,0.5385619247,
O1/0891/1,,videos/sample_003560_O1__0891__1.pt,ok,0.5493268371,0.5803396106,0.5773383224,0.5597082514,average,0.5493268371,0.5773383224,
O1/0891/2,,videos/sample_003561_O1__0891__2.pt,ok,0.5471729040,0.5710523129,0.5785832107,0.5649306420,average,0.5471729040,0.5785832107,
O1/0891/3,,videos/sample_003562_O1__0891__3.pt,ok,0.5470687151,0.5697988868,0.5786434958,0.5656391848,average,0.5470687151,0.5786434958,
O1/0891/4,,videos/sample_003563_O1__0891__4.pt,ok,0.5500450134,0.5824255943,0.5769238405,0.5585419260,average,0.5500450134,0.5769238405,
O1/0892/1,,videos/sample_003564_O1__0892__1.pt,ok,0.5648376346,0.5856827497,0.5684524363,0.5567256277,average,0.5648376346,0.5684524363,
O1/0892/2,,videos/sample_003565_O1__0892__2.pt,ok,0.5722762942,0.6041622162,0.5642396004,0.5465321106,average,0.5722762942,0.5642396004,
O1/0892/3,,videos/sample_003566_O1__0892__3.pt,ok,0.5712573528,0.6079679728,0.5648148205,0.5444560954,average,0.5712573528,0.5648148205,
O1/0892/4,,videos/sample_003567_O1__0892__4.pt,ok,0.5738735199,0.6067049503,0.5633391018,0.5451441901,average,0.5738735199,0.5633391018,
O1/0893/1,,videos/sample_003568_O1__0893__1.pt,ok,0.5720171928,0.5942227840,0.5643858146,0.5519914157,average,0.5720171928,0.5643858146,
O1/0893/2,,videos/sample_003569_O1__0893__2.pt,ok,0.5728866458,0.5968923569,0.5638953210,0.5505197996,average,0.5728866458,0.5638953210,
O1/0893/3,,videos/sample_003570_O1__0893__3.pt,ok,0.5712623000,0.5939195752,0.5648120263,0.5521588098,average,0.5712623000,0.5648120263,
O1/0893/4,,videos/sample_003571_O1__0893__4.pt,ok,0.5730351806,0.5963301063,0.5638115691,0.5508294167,average,0.5730351806,0.5638115691,
O1/0894/1,,videos/sample_003572_O1__0894__1.pt,ok,0.5703524947,0.5951520801,0.5653261291,0.5514786906,average,0.5703524947,0.5653261291,
O1/0894/2,,videos/sample_003573_O1__0894__2.pt,ok,0.5690054893,0.5978935361,0.5660881395,0.5499689064,average,0.5690054893,0.5660881395,
O1/0894/3,,videos/sample_003574_O1__0894__3.pt,ok,0.5599758625,0.5782616138,0.5712228516,0.5608725326,average,0.5599758625,0.5712228516,
O1/0894/4,,videos/sample_003575_O1__0894__4.pt,ok,0.5707251430,0.5984859467,0.5651155006,0.5496431955,average,0.5707251430,0.5651155006,
O1/0895/1,,videos/sample_003576_O1__0895__1.pt,ok,0.6403143406,0.6582201123,0.5271267007,0.5177720910,average,0.6403143406,0.5271267007,
O1/0895/2,,videos/sample_003577_O1__0895__2.pt,ok,0.6408705115,0.6588978767,0.5268336096,0.5174212824,average,0.6408705115,0.5268336096,
O1/0895/3,,videos/sample_003578_O1__0895__3.pt,ok,0.6400676966,0.6582201123,0.5272567294,0.5177720910,average,0.6400676966,0.5272567294,
O1/0895/4,,videos/sample_003579_O1__0895__4.pt,ok,0.6409881711,0.6588978767,0.5267716263,0.5174212824,average,0.6409881711,0.5267716263,
O1/0896/1,,videos/sample_003580_O1__0896__1.pt,ok,0.5550815463,0.5761477351,0.5740254496,0.5620594032,average,0.5550815463,0.5740254496,
O1/0896/2,,videos/sample_003581_O1__0896__2.pt,ok,0.5532674193,0.5756114125,0.5750677498,0.5623609292,average,0.5532674193,0.5750677498,
O1/0896/3,,videos/sample_003582_O1__0896__3.pt,ok,0.5570792556,0.5867391229,0.5728798583,0.5561378283,average,0.5570792556,0.5728798583,
O1/0896/4,,videos/sample_003583_O1__0896__4.pt,ok,0.5576953292,0.5856109262,0.5725270309,0.5567656152,average,0.5576953292,0.5725270309,
O1/0897/1,,videos/sample_003584_O1__0897__1.pt,ok,0.6399269700,0.6580823064,0.5273309336,0.5178434480,average,0.6399269700,0.5273309336,
O1/0897/2,,videos/sample_003585_O1__0897__2.pt,ok,0.6402003765,0.6580823064,0.5271867776,0.5178434480,average,0.6402003765,0.5271867776,
O1/0897/3,,videos/sample_003586_O1__0897__3.pt,ok,0.6406397223,0.6582418680,0.5269552112,0.5177608266,average,0.6406397223,0.5269552112,
O1/0897/4,,videos/sample_003587_O1__0897__4.pt,ok,0.6403911114,0.6582418680,0.5270862343,0.5177608266,average,0.6403911114,0.5270862343,
O1/0898/1,,videos/sample_003588_O1__0898__1.pt,ok,0.5703532100,0.6023191214,0.5653257247,0.5475403500,average,0.5703532100,0.5653257247,
O1/0898/2,,videos/sample_003589_O1__0898__2.pt,ok,0.5649043918,0.5858042836,0.5684144893,0.5566579708,average,0.5649043918,0.5684144893,
O1/0898/3,,videos/sample_003590_O1__0898__3.pt,ok,0.5718649626,0.6008552909,0.5644717378,0.5483424432,average,0.5718649626,0.5644717378,
O1/0898/4,,videos/sample_003591_O1__0898__4.pt,ok,0.5693022609,0.6011169553,0.5659201656,0.5481989803,average,0.5693022609,0.5659201656,
O1/0899/1,,videos/sample_003592_O1__0899__1.pt,ok,0.6244204044,0.6379088759,0.5355717536,0.5283962116,average,0.6244204044,0.5355717536,
O1/0899/2,,videos/sample_003593_O1__0899__2.pt,ok,0.6249536872,0.6380527020,0.5352862186,0.5283202199,average,0.6249536872,0.5352862186,
O1/0899/3,,videos/sample_003594_O1__0899__3.pt,ok,0.6240337491,0.6374388933,0.5357788753,0.5286446070,average,0.6240337491,0.5357788753,
O1/0899/4,,videos/sample_003595_O1__0899__4.pt,ok,0.6254259348,0.6381856799,0.5350334906,0.5282499697,average,0.6254259348,0.5350334906,
O1/0900/1,,videos/sample_003596_O1__0900__1.pt,ok,0.5748482943,0.5994248986,0.5627902408,0.5491273492,average,0.5748482943,0.5627902408,
O1/0900/2,,videos/sample_003597_O1__0900__2.pt,ok,0.5751287341,0.5982438326,0.5626324342,0.5497762880,average,0.5751287341,0.5626324342,
O1/0900/3,,videos/sample_003598_O1__0900__3.pt,ok,0.5731272697,0.5972766876,0.5637596506,0.5503082586,average,0.5731272697,0.5637596506,
O1/0900/4,,videos/sample_003599_O1__0900__4.pt,ok,0.5741886497,0.5968580842,0.5631616049,0.5505386677,average,0.5741886497,0.5631616049,
O1/0901/1,,videos/sample_003600_O1__0901__1.pt,ok,0.6288049817,0.6519358158,0.5332286384,0.5210361698,average,0.6288049817,0.5332286384,
O1/0901/2,,videos/sample_003601_O1__0901__2.pt,ok,0.6266446114,0.6514922380,0.5343818550,0.5212673411,average,0.6266446114,0.5343818550,
O1/0901/3,,videos/sample_003602_O1__0901__3.pt,ok,0.6280948520,0.6519358158,0.5336074344,0.5210361698,average,0.6280948520,0.5336074344,
O1/0901/4,,videos/sample_003603_O1__0901__4.pt,ok,0.6277968287,0.6514922380,0.5337664855,0.5212673411,average,0.6277968287,0.5337664855,
O1/0902/1,,videos/sample_003604_O1__0902__1.pt,ok,0.5918488503,0.6138615608,0.5533033634,0.5412567326,average,0.5918488503,0.5533033634,
O1/0902/2,,videos/sample_003605_O1__0902__2.pt,ok,0.5919898152,0.6140230894,0.5532253725,0.5411693112,average,0.5919898152,0.5532253725,
O1/0902/3,,videos/sample_003606_O1__0902__3.pt,ok,0.5911164880,0.6117532849,0.5537087304,0.5423990548,average,0.5911164880,0.5537087304,
O1/0902/4,,videos/sample_003607_O1__0902__4.pt,ok,0.5906243920,0.6099798679,0.5539812752,0.5433618080,average,0.5906243920,0.5539812752,
O1/0903/1,,videos/sample_003608_O1__0903__1.pt,ok,0.5472102761,0.5690706968,0.5785615882,0.5660512276,average,0.5472102761,0.5785615882,
O1/0903/2,,videos/sample_003609_O1__0903__2.pt,ok,0.5496665239,0.5820598006,0.5771422414,0.5587462745,average,0.5496665239,0.5771422414,
O1/0903/3,,videos/sample_003610_O1__0903__3.pt,ok,0.5457473993,0.5675947666,0.5794085719,0.5668872965,average,0.5457473993,0.5794085719,
O1/0903/4,,videos/sample_003611_O1__0903__4.pt,ok,0.5494908094,0.5792281628,0.5772436626,0.5603306838,average,0.5494908094,0.5772436626,
O1/0904/1,,videos/sample_003612_O1__0904__1.pt,ok,0.5665261149,0.5897652507,0.5674934254,0.5544574280,average,0.5665261149,0.5674934254,
O1/0904/2,,videos/sample_003613_O1__0904__2.pt,ok,0.5648690462,0.5889711976,0.5684345805,0.5548978714,average,0.5648690462,0.5684345805,
O1/0904/3,,videos/sample_003614_O1__0904__3.pt,ok,0.5643958449,0.5829222798,0.5687036282,0.5582645752,average,0.5643958449,0.5687036282,
O1/0904/4,,videos/sample_003615_O1__0904__4.pt,ok,0.5663173199,0.5853640437,0.5676119276,0.5569030878,average,0.5663173199,0.5676119276,
O1/0905/1,,videos/sample_003616_O1__0905__1.pt,ok,0.6242003441,0.6365934610,0.5356896247,0.5290917292,average,0.6242003441,0.5356896247,
O1/0905/2,,videos/sample_003617_O1__0905__2.pt,ok,0.6235716343,0.6376994252,0.5360265239,0.5285068962,average,0.6235716343,0.5360265239,
O1/0905/3,,videos/sample_003618_O1__0905__3.pt,ok,0.6244022846,0.6376994252,0.5355814581,0.5285068962,average,0.6244022846,0.5355814581,
O1/0905/4,,videos/sample_003619_O1__0905__4.pt,ok,0.6235898137,0.6365934610,0.5360167793,0.5290917292,average,0.6235898137,0.5360167793,
O1/0906/1,,videos/sample_003620_O1__0906__1.pt,ok,0.5688269138,0.5890371203,0.5661892380,0.5548612923,average,0.5688269138,0.5661892380,
O1/0906/2,,videos/sample_003621_O1__0906__2.pt,ok,0.5685672164,0.5917710662,0.5663362950,0.5533464033,average,0.5685672164,0.5663362950,
O1/0906/3,,videos/sample_003622_O1__0906__3.pt,ok,0.5650013089,0.5854409933,0.5683594028,0.5568602360,average,0.5650013089,0.5683594028,
O1/0906/4,,videos/sample_003623_O1__0906__4.pt,ok,0.5650643110,0.5913941860,0.5683235961,0.5535549879,average,0.5650643110,0.5683235961,
O1/0907/1,,videos/sample_003624_O1__0907__1.pt,ok,0.5832380652,0.6054285765,0.5580883112,0.5458404421,average,0.5832380652,0.5580883112,
O1/0907/2,,videos/sample_003625_O1__0907__2.pt,ok,0.5836998224,0.6053493023,0.5578306694,0.5458837149,average,0.5836998224,0.5578306694,
O1/0907/3,,videos/sample_003626_O1__0907__3.pt,ok,0.5845560431,0.6060748696,0.5573532477,0.5454877832,average,0.5845560431,0.5573532477,
O1/0907/4,,videos/sample_003627_O1__0907__4.pt,ok,0.5849881172,0.6065769792,0.5571124818,0.5452139573,average,0.5849881172,0.5571124818,
O1/0908/1,,videos/sample_003628_O1__0908__1.pt,ok,0.6148095727,0.6399347186,0.5407438579,0.5273268475,average,0.6148095727,0.5407438579,
O1/0908/2,,videos/sample_003629_O1__0908__2.pt,ok,0.6156144142,0.6401498914,0.5403088199,0.5272133934,average,0.6156144142,0.5403088199,
O1/0908/3,,videos/sample_003630_O1__0908__3.pt,ok,0.6152412295,0.6401498914,0.5405104925,0.5272133934,average,0.6152412295,0.5405104925,
O1/0908/4,,videos/sample_003631_O1__0908__4.pt,ok,0.6152676940,0.6399347186,0.5404961884,0.5273268475,average,0.6152676940,0.5404961884,
O1/0909/1,,videos/sample_003632_O1__0909__1.pt,ok,0.6229882836,0.6469271779,0.5363393065,0.5236523977,average,0.6229882836,0.5363393065,
O1/0909/2,,videos/sample_003633_O1__0909__2.pt,ok,0.6223314404,0.6469271779,0.5366917131,0.5236523977,average,0.6223314404,0.5366917131,
O1/0909/3,,videos/sample_003634_O1__0909__3.pt,ok,0.6226028204,0.6477838159,0.5365460855,0.5232040093,average,0.6226028204,0.5365460855,
O1/0909/4,,videos/sample_003635_O1__0909__4.pt,ok,0.6221188903,0.6477838159,0.5368057991,0.5232040093,average,0.6221188903,0.5368057991,
O1/0910/1,,videos/sample_003636_O1__0910__1.pt,ok,0.5976443887,0.6169559956,0.5501059468,0.5395844377,average,0.5976443887,0.5501059468,
O1/0910/2,,videos/sample_003637_O1__0910__2.pt,ok,0.5987534523,0.6169559956,0.5494961825,0.5395844377,average,0.5987534523,0.5494961825,
O1/0910/3,,videos/sample_003638_O1__0910__3.pt,ok,0.5982542634,0.6165367365,0.5497705534,0.5398107108,average,0.5982542634,0.5497705534,
O1/0910/4,,videos/sample_003639_O1__0910__4.pt,ok,0.5989002585,0.6165367365,0.5494155190,0.5398107108,average,0.5989002585,0.5494155190,
O1/0911/1,,videos/sample_003640_O1__0911__1.pt,ok,0.6241466999,0.6403599381,0.5357183621,0.5271026655,average,0.6241466999,0.5357183621,
O1/0911/2,,videos/sample_003641_O1__0911__2.pt,ok,0.6243769526,0.6397075653,0.5355950256,0.5274466452,average,0.6243769526,0.5355950256,
O1/0911/3,,videos/sample_003642_O1__0911__3.pt,ok,0.6224895716,0.6381459236,0.5366068521,0.5282709713,average,0.6224895716,0.5366068521,
O1/0911/4,,videos/sample_003643_O1__0911__4.pt,ok,0.6234742999,0.6397677064,0.5360787002,0.5274149249,average,0.6234742999,0.5360787002,
O1/0912/1,,videos/sample_003644_O1__0912__1.pt,ok,0.6198377013,0.6474087238,0.5380317524,0.5234002957,average,0.6198377013,0.5380317524,
O1/0912/2,,videos/sample_003645_O1__0912__2.pt,ok,0.6217410564,0.6470488310,0.5370086608,0.5235886977,average,0.6217410564,0.5370086608,
O1/0912/3,,videos/sample_003646_O1__0912__3.pt,ok,0.6198377013,0.6474087238,0.5380317524,0.5234002957,average,0.6198377013,0.5380317524,
O1/0912/4,,videos/sample_003647_O1__0912__4.pt,ok,0.6217410564,0.6470488310,0.5370086608,0.5235886977,average,0.6217410564,0.5370086608,
O1/0913/1,,videos/sample_003648_O1__0913__1.pt,ok,0.6156343222,0.6311906576,0.5402980635,0.5319580439,average,0.6156343222,0.5402980635,
O1/0913/2,,videos/sample_003649_O1__0913__2.pt,ok,0.6155949235,0.6306391954,0.5403193510,0.5322514795,average,0.6155949235,0.5403193510,
O1/0913/3,,videos/sample_003650_O1__0913__3.pt,ok,0.6170791984,0.6311906576,0.5395179634,0.5319580439,average,0.6170791984,0.5395179634,
O1/0913/4,,videos/sample_003651_O1__0913__4.pt,ok,0.6170159578,0.6306391954,0.5395520839,0.5322514795,average,0.6170159578,0.5395520839,
O1/0914/1,,videos/sample_003652_O1__0914__1.pt,ok,0.5650013089,0.5854409933,0.5683594028,0.5568602360,average,0.5650013089,0.5683594028,
O1/0914/2,,videos/sample_003653_O1__0914__2.pt,ok,0.5654159784,0.5906756520,0.5681237704,0.5539528789,average,0.5654159784,0.5681237704,
O1/0914/3,,videos/sample_003654_O1__0914__3.pt,ok,0.5648776889,0.5914440155,0.5684296678,0.5535274052,average,0.5648776889,0.5684296678,
O1/0914/4,,videos/sample_003655_O1__0914__4.pt,ok,0.5654065609,0.5877172351,0.5681291207,0.5555941290,average,0.5654065609,0.5681291207,
O1/0915/1,,videos/sample_003656_O1__0915__1.pt,ok,0.5633175373,0.5848412514,0.5693171964,0.5571943086,average,0.5633175373,0.5693171964,
O1/0915/2,,videos/sample_003657_O1__0915__2.pt,ok,0.5638528466,0.5935363770,0.5690125171,0.5523704366,average,0.5638528466,0.5690125171,
O1/0915/3,,videos/sample_003658_O1__0915__3.pt,ok,0.5649071336,0.5870019197,0.5684129308,0.5559916962,average,0.5649071336,0.5684129308,
O1/0915/4,,videos/sample_003659_O1__0915__4.pt,ok,0.5653176904,0.5934896469,0.5681796129,0.5523962495,average,0.5653176904,0.5681796129,
O1/0916/1,,videos/sample_003660_O1__0916__1.pt,ok,0.5847868323,0.6200470328,0.5572246314,0.5379191371,average,0.5847868323,0.5572246314,
O1/0916/2,,videos/sample_003661_O1__0916__2.pt,ok,0.5838536620,0.6234967113,0.5577448596,0.5360666861,average,0.5838536620,0.5577448596,
O1/0916/3,,videos/sample_003662_O1__0916__3.pt,ok,0.5791027546,0.6140180230,0.5604009582,0.5411720530,average,0.5791027546,0.5604009582,
O1/0916/4,,videos/sample_003663_O1__0916__4.pt,ok,0.5848649144,0.6205645800,0.5571811239,0.5376408107,average,0.5848649144,0.5571811239,
O1/0917/1,,videos/sample_003664_O1__0917__1.pt,ok,0.5734424591,0.5952859521,0.5635819875,0.5514048679,average,0.5734424591,0.5635819875,
O1/0917/2,,videos/sample_003665_O1__0917__2.pt,ok,0.5722810030,0.5939279795,0.5642369436,0.5521541693,average,0.5722810030,0.5642369436,
O1/0917/3,,videos/sample_003666_O1__0917__3.pt,ok,0.5725579262,0.5943034291,0.5640807149,0.5519469021,average,0.5725579262,0.5640807149,
O1/0917/4,,videos/sample_003667_O1__0917__4.pt,ok,0.5736182332,0.5943338871,0.5634829331,0.5519300912,average,0.5736182332,0.5634829331,
O1/0918/1,,videos/sample_003668_O1__0918__1.pt,ok,0.5824632645,0.6157773733,0.5585208861,0.5402207788,average,0.5824632645,0.5585208861,
O1/0918/2,,videos/sample_003669_O1__0918__2.pt,ok,0.5756432414,0.6054816842,0.5623430301,0.5458114546,average,0.5756432414,0.5623430301,
O1/0918/3,,videos/sample_003670_O1__0918__3.pt,ok,0.5823176503,0.6157773733,0.5586022205,0.5402207788,average,0.5823176503,0.5586022205,
O1/0918/4,,videos/sample_003671_O1__0918__4.pt,ok,0.5755207539,0.6054816842,0.5624119144,0.5458114546,average,0.5755207539,0.5624119144,
O1/0919/1,,videos/sample_003672_O1__0919__1.pt,ok,0.6178137064,0.6456847191,0.5391218287,0.5243034186,average,0.6178137064,0.5391218287,
O1/0919/2,,videos/sample_003673_O1__0919__2.pt,ok,0.6170220375,0.6456847191,0.5395488036,0.5243034186,average,0.6170220375,0.5395488036,
O1/0919/3,,videos/sample_003674_O1__0919__3.pt,ok,0.6175606847,0.6459040046,0.5392582555,0.5241884591,average,0.6175606847,0.5392582555,
O1/0919/4,,videos/sample_003675_O1__0919__4.pt,ok,0.6167600155,0.6459040046,0.5396901958,0.5241884591,average,0.6167600155,0.5396901958,
O1/0920/1,,videos/sample_003676_O1__0920__1.pt,ok,0.6194391251,0.6335956454,0.5382462418,0.5306802285,average,0.6194391251,0.5382462418,
O1/0920/2,,videos/sample_003677_O1__0920__2.pt,ok,0.6218113899,0.6344932914,0.5369708925,0.5302040792,average,0.6218113899,0.5369708925,
O1/0920/3,,videos/sample_003678_O1__0920__3.pt,ok,0.6213748455,0.6359297633,0.5372053553,0.5294430027,average,0.6213748455,0.5372053553,
O1/0920/4,,videos/sample_003679_O1__0920__4.pt,ok,0.6207538843,0.6339403987,0.5375390426,0.5304973063,average,0.6207538843,0.5375390426,
O1/0921/1,,videos/sample_003680_O1__0921__1.pt,ok,0.5815357566,0.6148368120,0.5590391589,0.5407291286,average,0.5815357566,0.5590391589,
O1/0921/2,,videos/sample_003681_O1__0921__2.pt,ok,0.5796329975,0.6108079553,0.5601038884,0.5429120432,average,0.5796329975,0.5601038884,
O1/0921/3,,videos/sample_003682_O1__0921__3.pt,ok,0.5804625750,0.6128054857,0.5596394315,0.5418286423,average,0.5804625750,0.5596394315,
O1/0921/4,,videos/sample_003683_O1__0921__4.pt,ok,0.5749163628,0.6079457402,0.5627519339,0.5444682002,average,0.5749163628,0.5627519339,
O1/0922/1,,videos/sample_003684_O1__0922__1.pt,ok,0.6194754243,0.6448894739,0.5382267042,0.5247205342,average,0.6194754243,0.5382267042,
O1/0922/2,,videos/sample_003685_O1__0922__2.pt,ok,0.6209372282,0.6448894739,0.5374404971,0.5247205342,average,0.6209372282,0.5374404971,
O1/0922/3,,videos/sample_003686_O1__0922__3.pt,ok,0.6209711432,0.6452159882,0.5374222701,0.5245492334,average,0.6209711432,0.5374222701,
O1/0922/4,,videos/sample_003687_O1__0922__4.pt,ok,0.6215447783,0.6452159882,0.5371140742,0.5245492334,average,0.6215447783,0.5371140742,
O1/0923/1,,videos/sample_003688_O1__0923__1.pt,ok,0.5783039927,0.5983486772,0.5608487640,0.5497186500,average,0.5783039927,0.5608487640,
O1/0923/2,,videos/sample_003689_O1__0923__2.pt,ok,0.5784305334,0.5990069509,0.5607777983,0.5493569037,average,0.5784305334,0.5607777983,
O1/0923/3,,videos/sample_003690_O1__0923__3.pt,ok,0.5782449841,0.5990069509,0.5608818598,0.5493569037,average,0.5782449841,0.5608818598,
O1/0923/4,,videos/sample_003691_O1__0923__4.pt,ok,0.5782110691,0.5983486772,0.5609008825,0.5497186500,average,0.5782110691,0.5609008825,
O1/0924/1,,videos/sample_003692_O1__0924__1.pt,ok,0.6208775043,0.6320428252,0.5374725961,0.5315049196,average,0.6208775043,0.5374725961,
O1/0924/2,,videos/sample_003693_O1__0924__2.pt,ok,0.6206952929,0.6319388151,0.5375705386,0.5315602043,average,0.6206952929,0.5375705386,
O1/0924/3,,videos/sample_003694_O1__0924__3.pt,ok,0.6203017235,0.6321941614,0.5377821516,0.5314244897,average,0.6203017235,0.5377821516,
O1/0924/4,,videos/sample_003695_O1__0924__4.pt,ok,0.6202502847,0.6317759156,0.5378098152,0.5316468023,average,0.6202502847,0.5378098152,
O1/0925/1,,videos/sample_003696_O1__0925__1.pt,ok,0.5453255177,0.5699538589,0.5796530653,0.5655515333,average,0.5453255177,0.5796530653,
O1/0925/2,,videos/sample_003697_O1__0925__2.pt,ok,0.5577737689,0.5927764177,0.5724821238,0.5527903752,average,0.5577737689,0.5724821238,
O1/0925/3,,videos/sample_003698_O1__0925__3.pt,ok,0.5533446670,0.5875425935,0.5750233289,0.5556911673,average,0.5533446670,0.5750233289,
O1/0925/4,,videos/sample_003699_O1__0925__4.pt,ok,0.5582525730,0.6008762717,0.5722080826,0.5483309386,average,0.5582525730,0.5722080826,
O1/0926/1,,videos/sample_003700_O1__0926__1.pt,ok,0.5885399580,0.6151120067,0.5551372170,0.5405803433,average,0.5885399580,0.5551372170,
O1/0926/2,,videos/sample_003701_O1__0926__2.pt,ok,0.5823605061,0.5995869040,0.5585782817,0.5490383948,average,0.5823605061,0.5585782817,
O1/0926/3,,videos/sample_003702_O1__0926__3.pt,ok,0.5917924643,0.6205196381,0.5533345629,0.5376649738,average,0.5917924643,0.5533345629,
O1/0926/4,,videos/sample_003703_O1__0926__4.pt,ok,0.5932220221,0.6214864254,0.5525441043,0.5371454173,average,0.5932220221,0.5525441043,
O1/0927/1,,videos/sample_003704_O1__0927__1.pt,ok,0.5813828111,0.6116465926,0.5591246680,0.5424569277,average,0.5813828111,0.5591246680,
O1/0927/2,,videos/sample_003705_O1__0927__2.pt,ok,0.5827339888,0.6143967509,0.5583697014,0.5409671348,average,0.5827339888,0.5583697014,
O1/0927/3,,videos/sample_003706_O1__0927__3.pt,ok,0.5821608305,0.6130936742,0.5586898273,0.5416725160,average,0.5821608305,0.5586898273,
O1/0927/4,,videos/sample_003707_O1__0927__4.pt,ok,0.5783094764,0.6093534231,0.5608456885,0.5437023008,average,0.5783094764,0.5608456885,
O1/0928/1,,videos/sample_003708_O1__0928__1.pt,ok,0.6214978099,0.6460992098,0.5371393022,0.5240861448,average,0.6214978099,0.5371393022,
O1/0928/2,,videos/sample_003709_O1__0928__2.pt,ok,0.6199057102,0.6460992098,0.5379951626,0.5240861448,average,0.6199057102,0.5379951626,
O1/0928/3,,videos/sample_003710_O1__0928__3.pt,ok,0.6217300892,0.6467124224,0.5370145504,0.5237648671,average,0.6217300892,0.5370145504,
O1/0928/4,,videos/sample_003711_O1__0928__4.pt,ok,0.6220060587,0.6467124224,0.5368663712,0.5237648671,average,0.6220060587,0.5368663712,
O1/0929/1,,videos/sample_003712_O1__0929__1.pt,ok,0.5819977522,0.6021711230,0.5587809449,0.5476213911,average,0.5819977522,0.5587809449,
O1/0929/2,,videos/sample_003713_O1__0929__2.pt,ok,0.5812570453,0.6021463275,0.5591949912,0.5476349698,average,0.5812570453,0.5591949912,
O1/0929/3,,videos/sample_003714_O1__0929__3.pt,ok,0.5811563134,0.6021711230,0.5592513227,0.5476213911,average,0.5811563134,0.5592513227,
O1/0929/4,,videos/sample_003715_O1__0929__4.pt,ok,0.5798199177,0.6021463275,0.5599992034,0.5476349698,average,0.5798199177,0.5599992034,
O1/0930/1,,videos/sample_003716_O1__0930__1.pt,ok,0.5742728114,0.6057184935,0.5631142102,0.5456822167,average,0.5742728114,0.5631142102,
O1/0930/2,,videos/sample_003717_O1__0930__2.pt,ok,0.5831598639,0.6167090535,0.5581319562,0.5397177002,average,0.5831598639,0.5581319562,
O1/0930/3,,videos/sample_003718_O1__0930__3.pt,ok,0.5812809467,0.6186395884,0.5591816257,0.5386767615,average,0.5812809467,0.5591816257,
O1/0930/4,,videos/sample_003719_O1__0930__4.pt,ok,0.5807267427,0.6114152074,0.5594916123,0.5425824588,average,0.5807267427,0.5594916123,
O1/0931/1,,videos/sample_003720_O1__0931__1.pt,ok,0.5651603341,0.5897268057,0.5682690265,0.5544787445,average,0.5651603341,0.5682690265,
O1/0931/2,,videos/sample_003721_O1__0931__2.pt,ok,0.5666446686,0.5913918018,0.5674261509,0.5535563077,average,0.5666446686,0.5674261509,
O1/0931/3,,videos/sample_003722_O1__0931__3.pt,ok,0.5653269291,0.5861297250,0.5681743637,0.5564768408,average,0.5653269291,0.5681743637,
O1/0931/4,,videos/sample_003723_O1__0931__4.pt,ok,0.5639618039,0.5847519040,0.5689505224,0.5572440947,average,0.5639618039,0.5689505224,
O1/0932/1,,videos/sample_003724_O1__0932__1.pt,ok,0.5628647208,0.5841215849,0.5695750510,0.5575954470,average,0.5628647208,0.5695750510,
O1/0932/2,,videos/sample_003725_O1__0932__2.pt,ok,0.5633563995,0.5851389170,0.5692950719,0.5570284757,average,0.5633563995,0.5692950719,
O1/0932/3,,videos/sample_003726_O1__0932__3.pt,ok,0.5667927265,0.5977678895,0.5673421452,0.5500380125,average,0.5667927265,0.5673421452,
O1/0932/4,,videos/sample_003727_O1__0932__4.pt,ok,0.5659772754,0.5948725939,0.5678049737,0.5516328428,average,0.5659772754,0.5678049737,
O1/0933/1,,videos/sample_003728_O1__0933__1.pt,ok,0.5685057044,0.5885401964,0.5663711326,0.5551370846,average,0.5685057044,0.5663711326,
O1/0933/2,,videos/sample_003729_O1__0933__2.pt,ok,0.5700203180,0.5915170908,0.5655139485,0.5534869575,average,0.5700203180,0.5655139485,
O1/0933/3,,videos/sample_003730_O1__0933__3.pt,ok,0.5695230961,0.5915685296,0.5657952043,0.5534584875,average,0.5695230961,0.5657952043,
O1/0933/4,,videos/sample_003731_O1__0933__4.pt,ok,0.5692693591,0.5895909071,0.5659387857,0.5545541025,average,0.5692693591,0.5659387857,
O1/0934/1,,videos/sample_003732_O1__0934__1.pt,ok,0.5475573540,0.5690137148,0.5783608171,0.5660834832,average,0.5475573540,0.5783608171,
O1/0934/2,,videos/sample_003733_O1__0934__2.pt,ok,0.5493188500,0.5709943175,0.5773429336,0.5649634063,average,0.5493188500,0.5773429336,
O1/0934/3,,videos/sample_003734_O1__0934__3.pt,ok,0.5521063209,0.5801874995,0.5757358479,0.5597933957,average,0.5521063209,0.5757358479,
O1/0934/4,,videos/sample_003735_O1__0934__4.pt,ok,0.5519565344,0.5819703341,0.5758220918,0.5587962659,average,0.5519565344,0.5758220918,
O1/0935/1,,videos/sample_003736_O1__0935__1.pt,ok,0.5714988112,0.6093558073,0.5646784577,0.5437010045,average,0.5714988112,0.5646784577,
O1/0935/2,,videos/sample_003737_O1__0935__2.pt,ok,0.5758914948,0.6026873589,0.5622034439,0.5473387622,average,0.5758914948,0.5622034439,
O1/0935/3,,videos/sample_003738_O1__0935__3.pt,ok,0.5786916614,0.6117503643,0.5606313826,0.5424006390,average,0.5786916614,0.5606313826,
O1/0935/4,,videos/sample_003739_O1__0935__4.pt,ok,0.5646789670,0.5859986544,0.5685426384,0.5565497833,average,0.5646789670,0.5685426384,
O1/0936/1,,videos/sample_003740_O1__0936__1.pt,ok,0.5757507086,0.6025720835,0.5622826000,0.5474018606,average,0.5757507086,0.5622826000,
O1/0936/2,,videos/sample_003741_O1__0936__2.pt,ok,0.5753053427,0.6041148305,0.5625330772,0.5465580091,average,0.5753053427,0.5625330772,
O1/0936/3,,videos/sample_003742_O1__0936__3.pt,ok,0.5745244026,0.6046332717,0.5629725534,0.5462747243,average,0.5745244026,0.5629725534,
O1/0936/4,,videos/sample_003743_O1__0936__4.pt,ok,0.5707976818,0.6021388769,0.5650745092,0.5476390500,average,0.5707976818,0.5650745092,
O1/0937/1,,videos/sample_003744_O1__0937__1.pt,ok,0.5974348783,0.6137243509,0.5502212118,0.5413310034,average,0.5974348783,0.5502212118,
O1/0937/2,,videos/sample_003745_O1__0937__2.pt,ok,0.5985395312,0.6156627536,0.5496137439,0.5402827023,average,0.5985395312,0.5496137439,
O1/0937/3,,videos/sample_003746_O1__0937__3.pt,ok,0.5983346105,0.6131964326,0.5497263827,0.5416168575,average,0.5983346105,0.5497263827,
O1/0937/4,,videos/sample_003747_O1__0937__4.pt,ok,0.5995097160,0.6160867214,0.5490807756,0.5400536884,average,0.5995097160,0.5490807756,
O1/0938/1,,videos/sample_003748_O1__0938__1.pt,ok,0.5687458515,0.6045991778,0.5662351365,0.5462933492,average,0.5687458515,0.5662351365,
O1/0938/2,,videos/sample_003749_O1__0938__2.pt,ok,0.5689877868,0.6036294699,0.5660981608,0.5468233512,average,0.5689877868,0.5660981608,
O1/0938/3,,videos/sample_003750_O1__0938__3.pt,ok,0.5703892708,0.6079325676,0.5653053390,0.5444753723,average,0.5703892708,0.5653053390,
O1/0938/4,,videos/sample_003751_O1__0938__4.pt,ok,0.5642708540,0.5991688967,0.5687747154,0.5492679449,average,0.5642708540,0.5687747154,
O1/0939/1,,videos/sample_003752_O1__0939__1.pt,ok,0.5772686601,0.6036092639,0.5614297297,0.5468344004,average,0.5772686601,0.5614297297,
O1/0939/2,,videos/sample_003753_O1__0939__2.pt,ok,0.5815592408,0.6082300544,0.5590260304,0.5443134221,average,0.5815592408,0.5590260304,
O1/0939/3,,videos/sample_003754_O1__0939__3.pt,ok,0.5791794062,0.6079530120,0.5603580043,0.5444642409,average,0.5791794062,0.5603580043,
O1/0939/4,,videos/sample_003755_O1__0939__4.pt,ok,0.5811372995,0.6118365526,0.5592619564,0.5423538924,average,0.5811372995,0.5592619564,
O1/0940/1,,videos/sample_003756_O1__0940__1.pt,ok,0.5899853706,0.6202841997,0.5543353942,0.5377915757,average,0.5899853706,0.5543353942,
O1/0940/2,,videos/sample_003757_O1__0940__2.pt,ok,0.5888800621,0.6184775829,0.5549484446,0.5387640371,average,0.5888800621,0.5549484446,
O1/0940/3,,videos/sample_003758_O1__0940__3.pt,ok,0.5896777511,0.6226816773,0.5545059449,0.5365037767,average,0.5896777511,0.5545059449,
O1/0940/4,,videos/sample_003759_O1__0940__4.pt,ok,0.5864498615,0.6170675755,0.5562987207,0.5395242343,average,0.5864498615,0.5562987207,
O1/0941/1,,videos/sample_003760_O1__0941__1.pt,ok,0.5603349805,0.5923399925,0.5710177520,0.5530316795,average,0.5603349805,0.5710177520,
O1/0941/2,,videos/sample_003761_O1__0941__2.pt,ok,0.5666936040,0.5988491178,0.5673983844,0.5494436173,average,0.5666936040,0.5673983844,
O1/0941/3,,videos/sample_003762_O1__0941__3.pt,ok,0.5649482608,0.6033815145,0.5683895540,0.5469589558,average,0.5649482608,0.5683895540,
O1/0941/4,,videos/sample_003763_O1__0941__4.pt,ok,0.5689294338,0.6027176976,0.5661311953,0.5473221569,average,0.5689294338,0.5661311953,
O1/0942/1,,videos/sample_003764_O1__0942__1.pt,ok,0.6249635220,0.6468126178,0.5352809542,0.5237123908,average,0.6249635220,0.5352809542,
O1/0942/2,,videos/sample_003765_O1__0942__2.pt,ok,0.6251302361,0.6464703679,0.5351917227,0.5238916620,average,0.6251302361,0.5351917227,
O1/0942/3,,videos/sample_003766_O1__0942__3.pt,ok,0.6253608465,0.6464703679,0.5350683161,0.5238916620,average,0.6253608465,0.5350683161,
O1/0942/4,,videos/sample_003767_O1__0942__4.pt,ok,0.6249050498,0.6468126178,0.5353122541,0.5237123908,average,0.6249050498,0.5353122541,
O1/0943/1,,videos/sample_003768_O1__0943__1.pt,ok,0.5652310252,0.5859490633,0.5682288564,0.5565773839,average,0.5652310252,0.5682288564,
O1/0943/2,,videos/sample_003769_O1__0943__2.pt,ok,0.5689053535,0.5928715467,0.5661448281,0.5527377913,average,0.5689053535,0.5661448281,
O1/0943/3,,videos/sample_003770_O1__0943__3.pt,ok,0.5687356591,0.5878580213,0.5662409078,0.5555159145,average,0.5687356591,0.5662409078,
O1/0943/4,,videos/sample_003771_O1__0943__4.pt,ok,0.5654728413,0.5929015279,0.5680914662,0.5527212198,average,0.5654728413,0.5680914662,
O1/0944/1,,videos/sample_003772_O1__0944__1.pt,ok,0.6186556816,0.6319741607,0.5386680925,0.5315414164,average,0.6186556816,0.5386680925,
O1/0944/2,,videos/sample_003773_O1__0944__2.pt,ok,0.6189455986,0.6322396398,0.5385119461,0.5314003220,average,0.6189455986,0.5385119461,
O1/0944/3,,videos/sample_003774_O1__0944__3.pt,ok,0.6171172857,0.6318745017,0.5394974150,0.5315943919,average,0.6171172857,0.5394974150,
O1/0944/4,,videos/sample_003775_O1__0944__4.pt,ok,0.6180866957,0.6319741607,0.5389746743,0.5315414164,average,0.6180866957,0.5389746743,
O1/0945/1,,videos/sample_003776_O1__0945__1.pt,ok,0.5619756579,0.5985333323,0.5700816642,0.5496171509,average,0.5619756579,0.5700816642,
O1/0945/2,,videos/sample_003777_O1__0945__2.pt,ok,0.5683726072,0.6032321453,0.5664465200,0.5470406607,average,0.5683726072,0.5664465200,
O1/0945/3,,videos/sample_003778_O1__0945__3.pt,ok,0.5669927001,0.6021991968,0.5672287031,0.5476060175,average,0.5669927001,0.5672287031,
O1/0945/4,,videos/sample_003779_O1__0945__4.pt,ok,0.5672004223,0.6048842072,0.5671108894,0.5461376618,average,0.5672004223,0.5671108894,
O1/0946/1,,videos/sample_003780_O1__0946__1.pt,ok,0.5661560893,0.5946933031,0.5677034513,0.5517317543,average,0.5661560893,0.5677034513,
O1/0946/2,,videos/sample_003781_O1__0946__2.pt,ok,0.5700793266,0.5966868401,0.5654805793,0.5506329523,average,0.5700793266,0.5654805793,
O1/0946/3,,videos/sample_003782_O1__0946__3.pt,ok,0.5658825636,0.5864365697,0.5678587541,0.5563061150,average,0.5658825636,0.5678587541,
O1/0946/4,,videos/sample_003783_O1__0946__4.pt,ok,0.5698684454,0.5908936262,0.5655998411,0.5538321446,average,0.5698684454,0.5655998411,
O1/0947/1,,videos/sample_003784_O1__0947__1.pt,ok,0.5760570168,0.6102502346,0.5621103945,0.5432149209,average,0.5760570168,0.5621103945,
O1/0947/2,,videos/sample_003785_O1__0947__2.pt,ok,0.5687696934,0.6045573354,0.5662216366,0.5463162080,average,0.5687696934,0.5662216366,
O1/0947/3,,videos/sample_003786_O1__0947__3.pt,ok,0.5746406317,0.6087561846,0.5629071235,0.5440271177,average,0.5746406317,0.5629071235,
O1/0947/4,,videos/sample_003787_O1__0947__4.pt,ok,0.5582911372,0.5791488886,0.5721860163,0.5603751053,average,0.5582911372,0.5721860163,
O1/0948/1,,videos/sample_003788_O1__0948__1.pt,ok,0.6293212771,0.6516395211,0.5329534059,0.5211905729,average,0.6293212771,0.5329534059,
O1/0948/2,,videos/sample_003789_O1__0948__2.pt,ok,0.6282646656,0.6516395211,0.5335168283,0.5211905729,average,0.6282646656,0.5335168283,
O1/0948/3,,videos/sample_003790_O1__0948__3.pt,ok,0.6291742325,0.6508666873,0.5330317797,0.5215935223,average,0.6291742325,0.5330317797,
O1/0948/4,,videos/sample_003791_O1__0948__4.pt,ok,0.6286456585,0.6508666873,0.5333136009,0.5215935223,average,0.6286456585,0.5333136009,
O1/0949/1,,videos/sample_003792_O1__0949__1.pt,ok,0.6129687428,0.6280753016,0.5417401921,0.5336178667,average,0.6129687428,0.5417401921,
O1/0949/2,,videos/sample_003793_O1__0949__2.pt,ok,0.6153906584,0.6276754737,0.5404297307,0.5338312647,average,0.6153906584,0.5404297307,
O1/0949/3,,videos/sample_003794_O1__0949__3.pt,ok,0.6149043441,0.6276248097,0.5406926133,0.5338583114,average,0.6149043441,0.5406926133,
O1/0949/4,,videos/sample_003795_O1__0949__4.pt,ok,0.6144716144,0.6278944612,0.5409266377,0.5337143751,average,0.6144716144,0.5409266377,
O1/0950/1,,videos/sample_003796_O1__0950__1.pt,ok,0.6154770255,0.6414065361,0.5403830573,0.5265512896,average,0.6154770255,0.5403830573,
O1/0950/2,,videos/sample_003797_O1__0950__2.pt,ok,0.6136547923,0.6407166719,0.5413686590,0.5269146637,average,0.6136547923,0.5413686590,
O1/0950/3,,videos/sample_003798_O1__0950__3.pt,ok,0.6141853333,0.6414065361,0.5410815169,0.5265512896,average,0.6141853333,0.5410815169,
O1/0950/4,,videos/sample_003799_O1__0950__4.pt,ok,0.6145056486,0.6407166719,0.5409082280,0.5269146637,average,0.6145056486,0.5409082280,
O1/0951/1,,videos/sample_003800_O1__0951__1.pt,ok,0.6126095057,0.6285476089,0.5419348403,0.5333658946,average,0.6126095057,0.5419348403,
O1/0951/2,,videos/sample_003801_O1__0951__2.pt,ok,0.6113021970,0.6264042258,0.5426437797,0.5345103281,average,0.6113021970,0.5426437797,
O1/0951/3,,videos/sample_003802_O1__0951__3.pt,ok,0.6126886010,0.6288907528,0.5418919774,0.5331829048,average,0.6126886010,0.5418919774,
O1/0951/4,,videos/sample_003803_O1__0951__4.pt,ok,0.6114581823,0.6273723841,0.5425591418,0.5339930879,average,0.6114581823,0.5425591418,
O1/0952/1,,videos/sample_003804_O1__0952__1.pt,ok,0.5964953899,0.6247274280,0.5507383811,0.5354073457,average,0.5964953899,0.5507383811,
O1/0952/2,,videos/sample_003805_O1__0952__2.pt,ok,0.5884076953,0.6169856787,0.5552106458,0.5395684214,average,0.5884076953,0.5552106458,
O1/0952/3,,videos/sample_003806_O1__0952__3.pt,ok,0.5966494679,0.6237869263,0.5506535310,0.5359111341,average,0.5966494679,0.5506535310,
O1/0952/4,,videos/sample_003807_O1__0952__4.pt,ok,0.5825069547,0.5994753838,0.5584964847,0.5490996271,average,0.5825069547,0.5584964847,
O1/0953/1,,videos/sample_003808_O1__0953__1.pt,ok,0.5792466402,0.6144084930,0.5603203304,0.5409607828,average,0.5792466402,0.5603203304,
O1/0953/2,,videos/sample_003809_O1__0953__2.pt,ok,0.5759224892,0.6076670289,0.5621860190,0.5446199708,average,0.5759224892,0.5621860190,
O1/0953/3,,videos/sample_003810_O1__0953__3.pt,ok,0.5801230669,0.6141015887,0.5598294658,0.5411268314,average,0.5801230669,0.5598294658,
O1/0953/4,,videos/sample_003811_O1__0953__4.pt,ok,0.5795276165,0.6154403090,0.5601629158,0.5404028986,average,0.5795276165,0.5601629158,
O1/0954/1,,videos/sample_003812_O1__0954__1.pt,ok,0.6228589416,0.6374703050,0.5364086823,0.5286280017,average,0.6228589416,0.5364086823,
O1/0954/2,,videos/sample_003813_O1__0954__2.pt,ok,0.6218813062,0.6358146071,0.5369333508,0.5295039749,average,0.6218813062,0.5369333508,
O1/0954/3,,videos/sample_003814_O1__0954__3.pt,ok,0.6215268373,0.6361706853,0.5371237107,0.5293154636,average,0.6215268373,0.5371237107,
O1/0954/4,,videos/sample_003815_O1__0954__4.pt,ok,0.6232994795,0.6361133456,0.5361724259,0.5293458153,average,0.6232994795,0.5361724259,
O1/0955/1,,videos/sample_003816_O1__0955__1.pt,ok,0.5682460070,0.6047666073,0.5665182368,0.5462018913,average,0.5682460070,0.5665182368,
O1/0955/2,,videos/sample_003817_O1__0955__2.pt,ok,0.5718591213,0.6092188358,0.5644750350,0.5437754811,average,0.5718591213,0.5644750350,
O1/0955/3,,videos/sample_003818_O1__0955__3.pt,ok,0.5712481141,0.6059912443,0.5648200387,0.5455334017,average,0.5712481141,0.5648200387,
O1/0955/4,,videos/sample_003819_O1__0955__4.pt,ok,0.5664042830,0.6030091643,0.5675625684,0.5471626540,average,0.5664042830,0.5675625684,
O1/0956/1,,videos/sample_003820_O1__0956__1.pt,ok,0.6263159513,0.6484667659,0.5345575138,0.5228468091,average,0.6263159513,0.5345575138,
O1/0956/2,,videos/sample_003821_O1__0956__2.pt,ok,0.6272853017,0.6484667659,0.5340395913,0.5228468091,average,0.6272853017,0.5340395913,
O1/0956/3,,videos/sample_003822_O1__0956__3.pt,ok,0.6264963746,0.6493929625,0.5344610759,0.5223627744,average,0.6264963746,0.5344610759,
O1/0956/4,,videos/sample_003823_O1__0956__4.pt,ok,0.6269361377,0.6493929625,0.5342260913,0.5223627744,average,0.6269361377,0.5342260913,
O1/0957/1,,videos/sample_003824_O1__0957__1.pt,ok,0.5810796618,0.6125471592,0.5592941919,0.5419686291,average,0.5810796618,0.5592941919,
O1/0957/2,,videos/sample_003825_O1__0957__2.pt,ok,0.5753251314,0.6125471592,0.5625219455,0.5419686291,average,0.5753251314,0.5625219455,
O1/0957/3,,videos/sample_003826_O1__0957__3.pt,ok,0.5838780999,0.6116716266,0.5577312297,0.5424433481,average,0.5838780999,0.5577312297,
O1/0957/4,,videos/sample_003827_O1__0957__4.pt,ok,0.5821192265,0.6124064326,0.5587130715,0.5420449038,average,0.5821192265,0.5587130715,
O1/0958/1,,videos/sample_003828_O1__0958__1.pt,ok,0.5644175410,0.5857122540,0.5686912897,0.5567092022,average,0.5644175410,0.5686912897,
O1/0958/2,,videos/sample_003829_O1__0958__2.pt,ok,0.5639808178,0.5876168013,0.5689397046,0.5556499323,average,0.5639808178,0.5689397046,
O1/0958/3,,videos/sample_003830_O1__0958__3.pt,ok,0.5635591149,0.5819246173,0.5691796787,0.5588218128,average,0.5635591149,0.5691796787,
O1/0958/4,,videos/sample_003831_O1__0958__4.pt,ok,0.5617874265,0.5795024037,0.5701889816,0.5601770392,average,0.5617874265,0.5701889816,
O1/0959/1,,videos/sample_003832_O1__0959__1.pt,ok,0.6277840734,0.6490500569,0.5337732939,0.5225419261,average,0.6277840734,0.5337732939,
O1/0959/2,,videos/sample_003833_O1__0959__2.pt,ok,0.6268318892,0.6481477618,0.5342817865,0.5230136259,average,0.6268318892,0.5342817865,
O1/0959/3,,videos/sample_003834_O1__0959__3.pt,ok,0.6257359385,0.6481477618,0.5348676539,0.5230136259,average,0.6257359385,0.5348676539,
O1/0959/4,,videos/sample_003835_O1__0959__4.pt,ok,0.6279408932,0.6490500569,0.5336895943,0.5225419261,average,0.6279408932,0.5336895943,
O1/0960/1,,videos/sample_003836_O1__0960__1.pt,ok,0.5739657283,0.6054689884,0.5632871596,0.5458183841,average,0.5739657283,0.5632871596,
O1/0960/2,,videos/sample_003837_O1__0960__2.pt,ok,0.5696806312,0.6010179520,0.5657060787,0.5482532565,average,0.5696806312,0.5657060787,
O1/0960/3,,videos/sample_003838_O1__0960__3.pt,ok,0.5744315386,0.6054495573,0.5630248358,0.5458289901,average,0.5744315386,0.5630248358,
O1/0960/4,,videos/sample_003839_O1__0960__4.pt,ok,0.5744668245,0.6085914373,0.5630049692,0.5441167521,average,0.5744668245,0.5630049692,
O1/0961/1,,videos/sample_003840_O1__0961__1.pt,ok,0.5766355991,0.6123337150,0.5617852615,0.5420843215,average,0.5766355991,0.5617852615,
O1/0961/2,,videos/sample_003841_O1__0961__2.pt,ok,0.5730074048,0.6075562239,0.5638272297,0.5446803207,average,0.5730074048,0.5638272297,
O1/0961/3,,videos/sample_003842_O1__0961__3.pt,ok,0.5591485500,0.5801920891,0.5716956269,0.5597908265,average,0.5591485500,0.5716956269,
O1/0961/4,,videos/sample_003843_O1__0961__4.pt,ok,0.5703040361,0.6105283499,0.5653535247,0.5430638655,average,0.5703040361,0.5653535247,
O1/0962/1,,videos/sample_003844_O1__0962__1.pt,ok,0.5895620584,0.6100261211,0.5545701009,0.5433366763,average,0.5895620584,0.5545701009,
O1/0962/2,,videos/sample_003845_O1__0962__2.pt,ok,0.5906799436,0.6101211905,0.5539505016,0.5432850241,average,0.5906799436,0.5539505016,
O1/0962/3,,videos/sample_003846_O1__0962__3.pt,ok,0.5896892548,0.6097822785,0.5544995661,0.5434691811,average,0.5896892548,0.5544995661,
O1/0962/4,,videos/sample_003847_O1__0962__4.pt,ok,0.5910047889,0.6102786064,0.5537705826,0.5431995091,average,0.5910047889,0.5537705826,
O1/0963/1,,videos/sample_003848_O1__0963__1.pt,ok,0.5579357147,0.5899053216,0.5723894202,0.5543797700,average,0.5579357147,0.5723894202,
O1/0963/2,,videos/sample_003849_O1__0963__2.pt,ok,0.5675368309,0.6056849360,0.5669201405,0.5457005286,average,0.5675368309,0.5669201405,
O1/0963/3,,videos/sample_003850_O1__0963__3.pt,ok,0.5692629814,0.6020066738,0.5659423951,0.5477114544,average,0.5692629814,0.5659423951,
O1/0963/4,,videos/sample_003851_O1__0963__4.pt,ok,0.5653180480,0.5992112160,0.5681794097,0.5492447007,average,0.5653180480,0.5681794097,
O1/0964/1,,videos/sample_003852_O1__0964__1.pt,ok,0.5551739931,0.5879153609,0.5739723853,0.5554840624,average,0.5551739931,0.5739723853,
O1/0964/2,,videos/sample_003853_O1__0964__2.pt,ok,0.5597624183,0.5907357335,0.5713447888,0.5539195976,average,0.5597624183,0.5713447888,
O1/0964/3,,videos/sample_003854_O1__0964__3.pt,ok,0.5463820696,0.5682511330,0.5790409552,0.5665153328,average,0.5463820696,0.5790409552,
O1/0964/4,,videos/sample_003855_O1__0964__4.pt,ok,0.5575658679,0.5869492888,0.5726011557,0.5560209593,average,0.5575658679,0.5726011557,
O1/0965/1,,videos/sample_003856_O1__0965__1.pt,ok,0.5669054985,0.5938928127,0.5672781685,0.5521735871,average,0.5669054985,0.5672781685,
O1/0965/2,,videos/sample_003857_O1__0965__2.pt,ok,0.5657038689,0.5939424634,0.5679602365,0.5521461720,average,0.5657038689,0.5679602365,
O1/0965/3,,videos/sample_003858_O1__0965__3.pt,ok,0.5651950240,0.5868196487,0.5682493137,0.5560930466,average,0.5651950240,0.5682493137,
O1/0965/4,,videos/sample_003859_O1__0965__4.pt,ok,0.5623453856,0.5832111239,0.5698709282,0.5581033471,average,0.5623453856,0.5698709282,
O1/0966/1,,videos/sample_003860_O1__0966__1.pt,ok,0.6337685585,0.6444160938,0.5305884748,0.5249689853,average,0.6337685585,0.5305884748,
O1/0966/2,,videos/sample_003861_O1__0966__2.pt,ok,0.6340553164,0.6443824768,0.5304363462,0.5249866335,average,0.6340553164,0.5304363462,
O1/0966/3,,videos/sample_003862_O1__0966__3.pt,ok,0.6344863176,0.6452910900,0.5302077768,0.5245098403,average,0.6344863176,0.5302077768,
O1/0966/4,,videos/sample_003863_O1__0966__4.pt,ok,0.6341784596,0.6455028057,0.5303710306,0.5243988051,average,0.6341784596,0.5303710306,
O1/0967/1,,videos/sample_003864_O1__0967__1.pt,ok,0.6183476448,0.6381453872,0.5388340477,0.5282712547,average,0.6183476448,0.5388340477,
O1/0967/2,,videos/sample_003865_O1__0967__2.pt,ok,0.6184991002,0.6378331184,0.5387524445,0.5284362431,average,0.6184991002,0.5387524445,
O1/0967/3,,videos/sample_003866_O1__0967__3.pt,ok,0.6180324554,0.6378331184,0.5390039092,0.5284362431,average,0.6180324554,0.5390039092,
O1/0967/4,,videos/sample_003867_O1__0967__4.pt,ok,0.6163868308,0.6381453872,0.5398916375,0.5282712547,average,0.6163868308,0.5398916375,
O1/0968/1,,videos/sample_003868_O1__0968__1.pt,ok,0.5636426806,0.5968005061,0.5691321168,0.5505703676,average,0.5636426806,0.5691321168,
O1/0968/2,,videos/sample_003869_O1__0968__2.pt,ok,0.5545454025,0.5777378082,0.5743332923,0.5611663978,average,0.5545454025,0.5743332923,
O1/0968/3,,videos/sample_003870_O1__0968__3.pt,ok,0.5689100623,0.5985726714,0.5661421622,0.5495955299,average,0.5689100623,0.5661421622,
O1/0968/4,,videos/sample_003871_O1__0968__4.pt,ok,0.5671711564,0.6008077860,0.5671274866,0.5483684928,average,0.5671711564,0.5671274866,
O1/0969/1,,videos/sample_003872_O1__0969__1.pt,ok,0.6265581250,0.6499047279,0.5344280737,0.5220955155,average,0.6265581250,0.5344280737,
O1/0969/2,,videos/sample_003873_O1__0969__2.pt,ok,0.6266975999,0.6505695581,0.5343535396,0.5217485260,average,0.6266975999,0.5343535396,
O1/0969/3,,videos/sample_003874_O1__0969__3.pt,ok,0.6254051328,0.6499047279,0.5350446205,0.5220955155,average,0.6254051328,0.5350446205,
O1/0969/4,,videos/sample_003875_O1__0969__4.pt,ok,0.6267858744,0.6505695581,0.5343063719,0.5217485260,average,0.6267858744,0.5343063719,
O1/0970/1,,videos/sample_003876_O1__0970__1.pt,ok,0.5707724690,0.6078170538,0.5650887565,0.5445382703,average,0.5707724690,0.5650887565,
O1/0970/2,,videos/sample_003877_O1__0970__2.pt,ok,0.5722319484,0.6049271822,0.5642646227,0.5461141920,average,0.5722319484,0.5642646227,
O1/0970/3,,videos/sample_003878_O1__0970__3.pt,ok,0.5632379651,0.5978777409,0.5693625000,0.5499775934,average,0.5632379651,0.5693625000,
O1/0970/4,,videos/sample_003879_O1__0970__4.pt,ok,0.5723596215,0.6062446237,0.5641925858,0.5453951923,average,0.5723596215,0.5641925858,
O1/0971/1,,videos/sample_003880_O1__0971__1.pt,ok,0.6149700284,0.6306264997,0.5406570994,0.5322582369,average,0.6149700284,0.5406570994,
O1/0971/2,,videos/sample_003881_O1__0971__2.pt,ok,0.6167351604,0.6306264997,0.5397036101,0.5322582369,average,0.6167351604,0.5397036101,
O1/0971/3,,videos/sample_003882_O1__0971__3.pt,ok,0.6168569922,0.6305952072,0.5396378610,0.5322748928,average,0.6168569922,0.5396378610,
O1/0971/4,,videos/sample_003883_O1__0971__4.pt,ok,0.6163582206,0.6304382682,0.5399070842,0.5323584341,average,0.6163582206,0.5399070842,
O1/0972/1,,videos/sample_003884_O1__0972__1.pt,ok,0.5745374560,0.6072452068,0.5629652048,0.5448497519,average,0.5745374560,0.5629652048,
O1/0972/2,,videos/sample_003885_O1__0972__2.pt,ok,0.5737902522,0.6066190600,0.5633860117,0.5451910147,average,0.5737902522,0.5633860117,
O1/0972/3,,videos/sample_003886_O1__0972__3.pt,ok,0.5681434870,0.6039674282,0.5665763192,0.5466385789,average,0.5681434870,0.5665763192,
O1/0972/4,,videos/sample_003887_O1__0972__4.pt,ok,0.5623453856,0.5832111239,0.5698709282,0.5581033471,average,0.5623453856,0.5698709282,
O1/0973/1,,videos/sample_003888_O1__0973__1.pt,ok,0.5833700895,0.6152657270,0.5580146349,0.5404972515,average,0.5833700895,0.5580146349,
O1/0973/2,,videos/sample_003889_O1__0973__2.pt,ok,0.5728168488,0.6017690301,0.5639346806,0.5478416300,average,0.5728168488,0.5639346806,
O1/0973/3,,videos/sample_003890_O1__0973__3.pt,ok,0.5815871358,0.6139739156,0.5590104366,0.5411959232,average,0.5815871358,0.5590104366,
O1/0973/4,,videos/sample_003891_O1__0973__4.pt,ok,0.5756490231,0.6065902710,0.5623397789,0.5452067105,average,0.5756490231,0.5623397789,
O1/0974/1,,videos/sample_003892_O1__0974__1.pt,ok,0.6189542413,0.6330963969,0.5385072919,0.5309452359,average,0.6189542413,0.5385072919,
O1/0974/2,,videos/sample_003893_O1__0974__2.pt,ok,0.6188584566,0.6324849725,0.5385588751,0.5312699681,average,0.6188584566,0.5385588751,
O1/0974/3,,videos/sample_003894_O1__0974__3.pt,ok,0.6173335314,0.6317840815,0.5393807637,0.5316424610,average,0.6173335314,0.5393807637,
O1/0974/4,,videos/sample_003895_O1__0974__4.pt,ok,0.6178201437,0.6315158606,0.5391183582,0.5317850777,average,0.6178201437,0.5391183582,
O1/0975/1,,videos/sample_003896_O1__0975__1.pt,ok,0.5582599640,0.5911107659,0.5722038534,0.5537118987,average,0.5582599640,0.5722038534,
O1/0975/2,,videos/sample_003897_O1__0975__2.pt,ok,0.5554077625,0.5887534022,0.5738382238,0.5550187388,average,0.5554077625,0.5738382238,
O1/0975/3,,videos/sample_003898_O1__0975__3.pt,ok,0.5440220237,0.5658688545,0.5804091323,0.5678665389,average,0.5440220237,0.5804091323,
O1/0975/4,,videos/sample_003899_O1__0975__4.pt,ok,0.5563403964,0.5846744776,0.5733032923,0.5572872418,average,0.5563403964,0.5733032923,
O1/0976/1,,videos/sample_003900_O1__0976__1.pt,ok,0.5537588596,0.5851539969,0.5747852078,0.5570200758,average,0.5537588596,0.5747852078,
O1/0976/2,,videos/sample_003901_O1__0976__2.pt,ok,0.5529463291,0.5825445652,0.5752524281,0.5584754797,average,0.5529463291,0.5752524281,
O1/0976/3,,videos/sample_003902_O1__0976__3.pt,ok,0.5428270102,0.5676113963,0.5811031436,0.5668778694,average,0.5428270102,0.5811031436,
O1/0976/4,,videos/sample_003903_O1__0976__4.pt,ok,0.5486777425,0.5832512379,0.5777131912,0.5580809598,average,0.5486777425,0.5777131912,
O1/0977/1,,videos/sample_003904_O1__0977__1.pt,ok,0.5662640929,0.5954835415,0.5676421406,0.5512959270,average,0.5662640929,0.5676421406,
O1/0977/2,,videos/sample_003905_O1__0977__2.pt,ok,0.5647383928,0.5845674276,0.5685088533,0.5573469025,average,0.5647383928,0.5685088533,
O1/0977/3,,videos/sample_003906_O1__0977__3.pt,ok,0.5680861473,0.5994713306,0.5666088075,0.5491018527,average,0.5680861473,0.5666088075,
O1/0977/4,,videos/sample_003907_O1__0977__4.pt,ok,0.5590060949,0.5802055001,0.5717770737,0.5597833192,average,0.5590060949,0.5717770737,
O1/0978/1,,videos/sample_003908_O1__0978__1.pt,ok,0.5668087006,0.6027203798,0.5673330825,0.5473206889,average,0.5668087006,0.5673330825,
O1/0978/2,,videos/sample_003909_O1__0978__2.pt,ok,0.5690010786,0.6066136360,0.5660906364,0.5451939718,average,0.5690010786,0.5660906364,
O1/0978/3,,videos/sample_003910_O1__0978__3.pt,ok,0.5648624897,0.5992661119,0.5684383075,0.5492145503,average,0.5648624897,0.5684383075,
O1/0978/4,,videos/sample_003911_O1__0978__4.pt,ok,0.5686415434,0.6030451655,0.5662942025,0.5471429558,average,0.5686415434,0.5662942025,
O1/0979/1,,videos/sample_003912_O1__0979__1.pt,ok,0.5854828358,0.6033623219,0.5568369361,0.5469694535,average,0.5854828358,0.5568369361,
O1/0979/2,,videos/sample_003913_O1__0979__2.pt,ok,0.5850183964,0.6040043235,0.5570956132,0.5466184109,average,0.5850183964,0.5570956132,
O1/0979/3,,videos/sample_003914_O1__0979__3.pt,ok,0.5856656432,0.6040043235,0.5567351515,0.5466184109,average,0.5856656432,0.5567351515,
O1/0979/4,,videos/sample_003915_O1__0979__4.pt,ok,0.5850161314,0.6033623219,0.5570968750,0.5469694535,average,0.5850161314,0.5570968750,
O1/0980/1,,videos/sample_003916_O1__0980__1.pt,ok,0.5568273067,0.5995409489,0.5730242129,0.5490636265,average,0.5568273067,0.5730242129,
O1/0980/2,,videos/sample_003917_O1__0980__2.pt,ok,0.5582486987,0.5959665179,0.5722102995,0.5510297283,average,0.5582486987,0.5722102995,
O1/0980/3,,videos/sample_003918_O1__0980__3.pt,ok,0.5439667106,0.5667917728,0.5804412374,0.5673426863,average,0.5439667106,0.5804412374,
O1/0980/4,,videos/sample_003919_O1__0980__4.pt,ok,0.5577284098,0.5925329924,0.5725080917,0.5529249548,average,0.5577284098,0.5725080917,
O1/0981/1,,videos/sample_003920_O1__0981__1.pt,ok,0.5664758086,0.5988692641,0.5675219746,0.5494325481,average,0.5664758086,0.5675219746,
O1/0981/2,,videos/sample_003921_O1__0981__2.pt,ok,0.5671011806,0.6001828909,0.5671671732,0.5487112726,average,0.5671011806,0.5671671732,
O1/0981/3,,videos/sample_003922_O1__0981__3.pt,ok,0.5600412488,0.5932500362,0.5711855026,0.5525286254,average,0.5600412488,0.5711855026,
O1/0981/4,,videos/sample_003923_O1__0981__4.pt,ok,0.5622510314,0.5990213156,0.5699247004,0.5493490124,average,0.5622510314,0.5699247004,
O1/0982/1,,videos/sample_003924_O1__0982__1.pt,ok,0.6166320443,0.6332033873,0.5397592650,0.5308884329,average,0.6166320443,0.5397592650,
O1/0982/2,,videos/sample_003925_O1__0982__2.pt,ok,0.6177110672,0.6332033873,0.5391771665,0.5308884329,average,0.6177110672,0.5391771665,
O1/0982/3,,videos/sample_003926_O1__0982__3.pt,ok,0.6180645823,0.6335794330,0.5389865929,0.5306888322,average,0.6180645823,0.5389865929,
O1/0982/4,,videos/sample_003927_O1__0982__4.pt,ok,0.6172932982,0.6335794330,0.5394024651,0.5306888322,average,0.6172932982,0.5394024651,
O1/0983/1,,videos/sample_003928_O1__0983__1.pt,ok,0.5844451189,0.6054865718,0.5574150751,0.5458087869,average,0.5844451189,0.5574150751,
O1/0983/2,,videos/sample_003929_O1__0983__2.pt,ok,0.5823881626,0.6035102010,0.5585628336,0.5468885741,average,0.5823881626,0.5585628336,
O1/0983/3,,videos/sample_003930_O1__0983__3.pt,ok,0.5834516883,0.6033572555,0.5579691035,0.5469722246,average,0.5834516883,0.5579691035,
O1/0983/4,,videos/sample_003931_O1__0983__4.pt,ok,0.5838649273,0.6059520841,0.5577385765,0.5455547653,average,0.5838649273,0.5577385765,
O1/0984/1,,videos/sample_003932_O1__0984__1.pt,ok,0.5653692484,0.5953356624,0.5681503194,0.5513774581,average,0.5653692484,0.5681503194,
O1/0984/2,,videos/sample_003933_O1__0984__2.pt,ok,0.5677725673,0.5989148617,0.5667865125,0.5494074959,average,0.5677725673,0.5667865125,
O1/0984/3,,videos/sample_003934_O1__0984__3.pt,ok,0.5668147206,0.6045609713,0.5673296672,0.5463142216,average,0.5668147206,0.5673296672,
O1/0984/4,,videos/sample_003935_O1__0984__4.pt,ok,0.5589973330,0.5899801850,0.5717820835,0.5543382688,average,0.5589973330,0.5717820835,
O1/0985/1,,videos/sample_003936_O1__0985__1.pt,ok,0.5658962727,0.5954956412,0.5678509693,0.5512892565,average,0.5658962727,0.5678509693,
O1/0985/2,,videos/sample_003937_O1__0985__2.pt,ok,0.5524943471,0.5726504326,0.5755124906,0.5640285362,average,0.5524943471,0.5755124906,
O1/0985/3,,videos/sample_003938_O1__0985__3.pt,ok,0.5619130731,0.5817254782,0.5701173438,0.5589331072,average,0.5619130731,0.5701173438,
O1/0985/4,,videos/sample_003939_O1__0985__4.pt,ok,0.5600351691,0.5930855274,0.5711889753,0.5526195287,average,0.5600351691,0.5711889753,
O1/0986/1,,videos/sample_003940_O1__0986__1.pt,ok,0.5462344885,0.5675724149,0.5791264170,0.5668999676,average,0.5462344885,0.5791264170,
O1/0986/2,,videos/sample_003941_O1__0986__2.pt,ok,0.5610609055,0.5938048363,0.5706033864,0.5522221675,average,0.5610609055,0.5706033864,
O1/0986/3,,videos/sample_003942_O1__0986__3.pt,ok,0.5521893501,0.5846763849,0.5756880470,0.5572861788,average,0.5521893501,0.5756880470,
O1/0986/4,,videos/sample_003943_O1__0986__4.pt,ok,0.5607396364,0.5925920010,0.5707867330,0.5528923284,average,0.5607396364,0.5707867330,
O1/0987/1,,videos/sample_003944_O1__0987__1.pt,ok,0.6182034612,0.6436557770,0.5389117443,0.5253682798,average,0.6182034612,0.5389117443,
O1/0987/2,,videos/sample_003945_O1__0987__2.pt,ok,0.6162538528,0.6433402896,0.5399634360,0.5255340530,average,0.6162538528,0.5399634360,
O1/0987/3,,videos/sample_003946_O1__0987__3.pt,ok,0.6180577874,0.6436557770,0.5389902553,0.5253682798,average,0.6180577874,0.5389902553,
O1/0987/4,,videos/sample_003947_O1__0987__4.pt,ok,0.6185325980,0.6433402896,0.5387343978,0.5255340530,average,0.6185325980,0.5387343978,
O1/0988/1,,videos/sample_003948_O1__0988__1.pt,ok,0.6153449416,0.6298439503,0.5404544379,0.5326749183,average,0.6153449416,0.5404544379,
O1/0988/2,,videos/sample_003949_O1__0988__2.pt,ok,0.6165892482,0.6321549416,0.5397823651,0.5314453325,average,0.6165892482,0.5397823651,
O1/0988/3,,videos/sample_003950_O1__0988__3.pt,ok,0.6175960898,0.6328602433,0.5392391633,0.5310706354,average,0.6175960898,0.5392391633,
O1/0988/4,,videos/sample_003951_O1__0988__4.pt,ok,0.6170125604,0.6311273575,0.5395539170,0.5319917180,average,0.6170125604,0.5395539170,
O1/0989/1,,videos/sample_003952_O1__0989__1.pt,ok,0.6228743792,0.6466144919,0.5364004015,0.5238161621,average,0.6228743792,0.5364004015,
O1/0989/2,,videos/sample_003953_O1__0989__2.pt,ok,0.6211790442,0.6474732757,0.5373105511,0.5233665104,average,0.6211790442,0.5373105511,
O1/0989/3,,videos/sample_003954_O1__0989__3.pt,ok,0.6229317188,0.6466144919,0.5363696453,0.5238161621,average,0.6229317188,0.5363696453,
O1/0989/4,,videos/sample_003955_O1__0989__4.pt,ok,0.6202299595,0.6474732757,0.5378207464,0.5233665104,average,0.6202299595,0.5378207464,
O1/0990/1,,videos/sample_003956_O1__0990__1.pt,ok,0.5591666698,0.5931985378,0.5716852680,0.5525570805,average,0.5591666698,0.5716852680,
O1/0990/2,,videos/sample_003957_O1__0990__2.pt,ok,0.5470687151,0.5697988868,0.5786434958,0.5656391848,average,0.5470687151,0.5786434958,
O1/0990/3,,videos/sample_003958_O1__0990__3.pt,ok,0.5617958307,0.5943516493,0.5701841896,0.5519202878,average,0.5617958307,0.5701841896,
O1/0990/4,,videos/sample_003959_O1__0990__4.pt,ok,0.5559219718,0.5863087177,0.5735432267,0.5563772444,average,0.5559219718,0.5735432267,
O1/0991/1,,videos/sample_003960_O1__0991__1.pt,ok,0.5608946085,0.5813761950,0.5706982839,0.5591283672,average,0.5608946085,0.5706982839,
O1/0991/2,,videos/sample_003961_O1__0991__2.pt,ok,0.5645329356,0.5917295814,0.5686256695,0.5533693592,average,0.5645329356,0.5686256695,
O1/0991/3,,videos/sample_003962_O1__0991__3.pt,ok,0.5602852106,0.5805397630,0.5710461722,0.5595962357,average,0.5602852106,0.5710461722,
O1/0991/4,,videos/sample_003963_O1__0991__4.pt,ok,0.5623763800,0.5895506144,0.5698532657,0.5545764474,average,0.5623763800,0.5698532657,
O1/0992/1,,videos/sample_003964_O1__0992__1.pt,ok,0.6143195033,0.6419439316,0.5410089249,0.5262683993,average,0.6143195033,0.5410089249,
O1/0992/2,,videos/sample_003965_O1__0992__2.pt,ok,0.6170755029,0.6421371102,0.5395199572,0.5261667453,average,0.6170755029,0.5395199572,
O1/0992/3,,videos/sample_003966_O1__0992__3.pt,ok,0.6164228320,0.6419439316,0.5398722011,0.5262683993,average,0.6164228320,0.5398722011,
O1/0992/4,,videos/sample_003967_O1__0992__4.pt,ok,0.6171829700,0.6421371102,0.5394619797,0.5261667453,average,0.6171829700,0.5394619797,
O1/0993/1,,videos/sample_003968_O1__0993__1.pt,ok,0.5542021394,0.5741335154,0.5745304736,0.5631926552,average,0.5542021394,0.5745304736,
O1/0993/2,,videos/sample_003969_O1__0993__2.pt,ok,0.5553945303,0.5836865306,0.5738458170,0.5578380841,average,0.5553945303,0.5738458170,
O1/0993/3,,videos/sample_003970_O1__0993__3.pt,ok,0.5548974872,0.5863435268,0.5741311140,0.5563578777,average,0.5548974872,0.5741311140,
O1/0993/4,,videos/sample_003971_O1__0993__4.pt,ok,0.5535880923,0.5734537244,0.5748833707,0.5635756387,average,0.5535880923,0.5748833707,
O1/0994/1,,videos/sample_003972_O1__0994__1.pt,ok,0.5502961874,0.5733649731,0.5767789504,0.5636256590,average,0.5502961874,0.5767789504,
O1/0994/2,,videos/sample_003973_O1__0994__2.pt,ok,0.5566437840,0.5893439651,0.5731293855,0.5546910621,average,0.5566437840,0.5731293855,
O1/0994/3,,videos/sample_003974_O1__0994__3.pt,ok,0.5533440113,0.5769373775,0.5750237059,0.5616157524,average,0.5533440113,0.5750237059,
O1/0994/4,,videos/sample_003975_O1__0994__4.pt,ok,0.5555551648,0.5862244964,0.5737536449,0.5564241052,average,0.5555551648,0.5737536449,
O1/0995/1,,videos/sample_003976_O1__0995__1.pt,ok,0.6397829652,0.6585474014,0.5274068773,0.5176026576,average,0.6397829652,0.5274068773,
O1/0995/2,,videos/sample_003977_O1__0995__2.pt,ok,0.6406778693,0.6586735845,0.5269351098,0.5175373490,average,0.6406778693,0.5269351098,
O1/0995/3,,videos/sample_003978_O1__0995__3.pt,ok,0.6406778693,0.6586735845,0.5269351098,0.5175373490,average,0.6406778693,0.5269351098,
O1/0995/4,,videos/sample_003979_O1__0995__4.pt,ok,0.6397829652,0.6585474014,0.5274068773,0.5176026576,average,0.6397829652,0.5274068773,
O1/0996/1,,videos/sample_003980_O1__0996__1.pt,ok,0.5540729761,0.5739061832,0.5746046866,0.5633207016,average,0.5540729761,0.5746046866,
O1/0996/2,,videos/sample_003981_O1__0996__2.pt,ok,0.5561057329,0.5838305354,0.5734378414,0.5577577585,average,0.5561057329,0.5734378414,
O1/0996/3,,videos/sample_003982_O1__0996__3.pt,ok,0.5561880469,0.5859559774,0.5733906414,0.5565735357,average,0.5561880469,0.5733906414,
O1/0996/4,,videos/sample_003983_O1__0996__4.pt,ok,0.5526183248,0.5733680725,0.5754411444,0.5636239121,average,0.5526183248,0.5754411444,
O1/0997/1,,videos/sample_003984_O1__0997__1.pt,ok,0.5790381432,0.6103024483,0.5604371677,0.5431865584,average,0.5790381432,0.5604371677,
O1/0997/2,,videos/sample_003985_O1__0997__2.pt,ok,0.5783383250,0.6156136990,0.5608295091,0.5403092063,average,0.5783383250,0.5608295091,
O1/0997/3,,videos/sample_003986_O1__0997__3.pt,ok,0.5748600960,0.6066787243,0.5627835990,0.5451584873,average,0.5748600960,0.5627835990,
O1/0997/4,,videos/sample_003987_O1__0997__4.pt,ok,0.5787805915,0.6096659899,0.5605815278,0.5435323841,average,0.5787805915,0.5605815278,
O1/0998/1,,videos/sample_003988_O1__0998__1.pt,ok,0.5525916219,0.5874425769,0.5754565105,0.5557467485,average,0.5525916219,0.5754565105,
O1/0998/2,,videos/sample_003989_O1__0998__2.pt,ok,0.5614398718,0.5952195525,0.5703871879,0.5514414822,average,0.5614398718,0.5703871879,
O1/0998/3,,videos/sample_003990_O1__0998__3.pt,ok,0.5592516065,0.6003447771,0.5716367130,0.5486224510,average,0.5592516065,0.5716367130,
O1/0998/4,,videos/sample_003991_O1__0998__4.pt,ok,0.5632343888,0.5991355181,0.5693645362,0.5492862790,average,0.5632343888,0.5693645362,
O1/0999/1,,videos/sample_003992_O1__0999__1.pt,ok,0.5644870400,0.5999948978,0.5686517675,0.5488144362,average,0.5644870400,0.5686517675,
O1/0999/2,,videos/sample_003993_O1__0999__2.pt,ok,0.5664009452,0.6040251255,0.5675644628,0.5466070402,average,0.5664009452,0.5675644628,
O1/0999/3,,videos/sample_003994_O1__0999__3.pt,ok,0.5612267256,0.6032490730,0.5705087767,0.5470314006,average,0.5612267256,0.5705087767,
O1/0999/4,,videos/sample_003995_O1__0999__4.pt,ok,0.5547128916,0.5904076695,0.5742371058,0.5541013484,average,0.5547128916,0.5742371058,
O1/1000/1,,videos/sample_003996_O1__1000__1.pt,ok,0.6195601225,0.6335437894,0.5381811193,0.5307077482,average,0.6195601225,0.5381811193,
O1/1000/2,,videos/sample_003997_O1__1000__2.pt,ok,0.6197134852,0.6346465349,0.5380985887,0.5301228351,average,0.6197134852,0.5380985887,
O1/1000/3,,videos/sample_003998_O1__1000__3.pt,ok,0.6178575754,0.6333289742,0.5390981784,0.5308217645,average,0.6178575754,0.5390981784,
O1/1000/4,,videos/sample_003999_O1__1000__4.pt,ok,0.6188502312,0.6335437894,0.5385633051,0.5307077482,average,0.6188502312,0.5385633051,
O1/1001/1,,videos/sample_004000_O1__1001__1.pt,ok,0.5716991425,0.5933791995,0.5645653463,0.5524572636,average,0.5716991425,0.5645653463,
O1/1001/2,,videos/sample_004001_O1__1001__2.pt,ok,0.5730122924,0.5966431499,0.5638244739,0.5506570101,average,0.5730122924,0.5638244739,
O1/1001/3,,videos/sample_004002_O1__1001__3.pt,ok,0.5733842254,0.5975542068,0.5636148080,0.5501555586,average,0.5733842254,0.5636148080,
O1/1001/4,,videos/sample_004003_O1__1001__4.pt,ok,0.5720818043,0.5931403637,0.5643493500,0.5525892260,average,0.5720818043,0.5643493500,
O1/1002/1,,videos/sample_004004_O1__1002__1.pt,ok,0.5563091040,0.5871773362,0.5733212326,0.5558941746,average,0.5563091040,0.5733212326,
O1/1002/2,,videos/sample_004005_O1__1002__2.pt,ok,0.5557522774,0.5797158480,0.5736405620,0.5600574854,average,0.5557522774,0.5736405620,
O1/1002/3,,videos/sample_004006_O1__1002__3.pt,ok,0.5546745658,0.5868406892,0.5742591144,0.5560813463,average,0.5546745658,0.5742591144,
O1/1002/4,,videos/sample_004007_O1__1002__4.pt,ok,0.5540473461,0.5784951448,0.5746194139,0.5607415668,average,0.5540473461,0.5746194139,
O1/1003/1,,videos/sample_004008_O1__1003__1.pt,ok,0.5671098828,0.6027101278,0.5671622376,0.5473263000,average,0.5671098828,0.5671622376,
O1/1003/2,,videos/sample_004009_O1__1003__2.pt,ok,0.5686100125,0.6027101278,0.5663120585,0.5473263000,average,0.5686100125,0.5663120585,
O1/1003/3,,videos/sample_004010_O1__1003__3.pt,ok,0.5632587075,0.5994611382,0.5693506902,0.5491074494,average,0.5632587075,0.5693506902,
O1/1003/4,,videos/sample_004011_O1__1003__4.pt,ok,0.5688953400,0.6042381525,0.5661504972,0.5464906106,average,0.5688953400,0.5661504972,
O1/1004/1,,videos/sample_004012_O1__1004__1.pt,ok,0.5528038144,0.5760131478,0.5753344159,0.5621350543,average,0.5528038144,0.5753344159,
O1/1004/2,,videos/sample_004013_O1__1004__2.pt,ok,0.5564103723,0.5871238112,0.5732631763,0.5559239297,average,0.5564103723,0.5732631763,
O1/1004/3,,videos/sample_004014_O1__1004__3.pt,ok,0.5530772805,0.5767982006,0.5751771029,0.5616939218,average,0.5530772805,0.5751771029,
O1/1004/4,,videos/sample_004015_O1__1004__4.pt,ok,0.5570514202,0.5882198811,0.5728958049,0.5553149320,average,0.5570514202,0.5728958049,
O1/1005/1,,videos/sample_004016_O1__1005__1.pt,ok,0.5820198655,0.6143789291,0.5587685885,0.5409767759,average,0.5820198655,0.5587685885,
O1/1005/2,,videos/sample_004017_O1__1005__2.pt,ok,0.5815880895,0.6158933043,0.5590099035,0.5401581541,average,0.5815880895,0.5590099035,
O1/1005/3,,videos/sample_004018_O1__1005__3.pt,ok,0.5750393867,0.6129956245,0.5626827061,0.5417256294,average,0.5750393867,0.5626827061,
O1/1005/4,,videos/sample_004019_O1__1005__4.pt,ok,0.5820092559,0.6158933043,0.5587745169,0.5401581541,average,0.5820092559,0.5587745169,
O1/1006/1,,videos/sample_004020_O1__1006__1.pt,ok,0.5765384436,0.5997076035,0.5618398447,0.5489721302,average,0.5765384436,0.5618398447,
O1/1006/2,,videos/sample_004021_O1__1006__2.pt,ok,0.5752669573,0.5984085798,0.5625546707,0.5496857213,average,0.5752669573,0.5625546707,
O1/1006/3,,videos/sample_004022_O1__1006__3.pt,ok,0.5757974982,0.5994164348,0.5622562916,0.5491319970,average,0.5757974982,0.5622562916,
O1/1006/4,,videos/sample_004023_O1__1006__4.pt,ok,0.5765233636,0.6002976298,0.5618483173,0.5486483177,average,0.5765233636,0.5618483173,
O1/1007/1,,videos/sample_004024_O1__1007__1.pt,ok,0.5704079866,0.6000587940,0.5652947589,0.5487793702,average,0.5704079866,0.5652947589,
O1/1007/2,,videos/sample_004025_O1__1007__2.pt,ok,0.5698675513,0.5984959006,0.5656003468,0.5496377244,average,0.5698675513,0.5656003468,
O1/1007/3,,videos/sample_004026_O1__1007__3.pt,ok,0.5674980879,0.5892729759,0.5669421051,0.5547304406,average,0.5674980879,0.5669421051,
O1/1007/4,,videos/sample_004027_O1__1007__4.pt,ok,0.5665393472,0.5888254642,0.5674859162,0.5549787445,average,0.5665393472,0.5674859162,
O1/1008/1,,videos/sample_004028_O1__1008__1.pt,ok,0.6162633300,0.6319568753,0.5399583187,0.5315506043,average,0.6162633300,0.5399583187,
O1/1008/2,,videos/sample_004029_O1__1008__2.pt,ok,0.6168133020,0.6327226758,0.5396614384,0.5311436985,average,0.6168133020,0.5396614384,
O1/1008/3,,videos/sample_004030_O1__1008__3.pt,ok,0.6172277927,0.6337139010,0.5394378001,0.5306174763,average,0.6172277927,0.5394378001,
O1/1008/4,,videos/sample_004031_O1__1008__4.pt,ok,0.6175470948,0.6338458061,0.5392655840,0.5305474897,average,0.6175470948,0.5392655840,
O1/1009/1,,videos/sample_004032_O1__1009__1.pt,ok,0.5786780715,0.5995158553,0.5606390016,0.5490774047,average,0.5786780715,0.5606390016,
O1/1009/2,,videos/sample_004033_O1__1009__2.pt,ok,0.5777418017,0.5989803076,0.5611641567,0.5493715406,average,0.5777418017,0.5611641567,
O1/1009/3,,videos/sample_004034_O1__1009__3.pt,ok,0.5777092576,0.5987181664,0.5611824196,0.5495155724,average,0.5777092576,0.5611824196,
O1/1009/4,,videos/sample_004035_O1__1009__4.pt,ok,0.5788938403,0.6012864709,0.5605180462,0.5481060598,average,0.5788938403,0.5605180462,
O1/1010/1,,videos/sample_004036_O1__1010__1.pt,ok,0.6234658360,0.6364895701,0.5360832375,0.5291466999,average,0.6234658360,0.5360832375,
O1/1010/2,,videos/sample_004037_O1__1010__2.pt,ok,0.6244684458,0.6365160346,0.5355460246,0.5291326965,average,0.6244684458,0.5355460246,
O1/1010/3,,videos/sample_004038_O1__1010__3.pt,ok,0.6240226030,0.6366345286,0.5357848472,0.5290700011,average,0.6240226030,0.5357848472,
O1/1010/4,,videos/sample_004039_O1__1010__4.pt,ok,0.6227450371,0.6360406280,0.5364697851,0.5293843095,average,0.6227450371,0.5364697851,
O1/1011/1,,videos/sample_004040_O1__1011__1.pt,ok,0.5524081588,0.5755007267,0.5755620952,0.5624231780,average,0.5524081588,0.5755620952,
O1/1011/2,,videos/sample_004041_O1__1011__2.pt,ok,0.5539169312,0.5822232962,0.5746943578,0.5586549295,average,0.5539169312,0.5746943578,
O1/1011/3,,videos/sample_004042_O1__1011__3.pt,ok,0.5498902798,0.5795000196,0.5770131169,0.5601783748,average,0.5498902798,0.5770131169,
O1/1011/4,,videos/sample_004043_O1__1011__4.pt,ok,0.5481138229,0.5718935132,0.5780390668,0.5644556220,average,0.5481138229,0.5780390668,
O1/1012/1,,videos/sample_004044_O1__1012__1.pt,ok,0.5959613323,0.6184315681,0.5510325857,0.5387888288,average,0.5959613323,0.5510325857,
O1/1012/2,,videos/sample_004045_O1__1012__2.pt,ok,0.5965853930,0.6171676517,0.5506888153,0.5394702434,average,0.5965853930,0.5506888153,
O1/1012/3,,videos/sample_004046_O1__1012__3.pt,ok,0.5941228271,0.6171512604,0.5520465939,0.5394790861,average,0.5941228271,0.5520465939,
O1/1012/4,,videos/sample_004047_O1__1012__4.pt,ok,0.5927106738,0.6136065722,0.5528267190,0.5413947645,average,0.5927106738,0.5528267190,
O1/1013/1,,videos/sample_004048_O1__1013__1.pt,ok,0.5922619700,0.6208379865,0.5530748301,0.5374938363,average,0.5922619700,0.5530748301,
O1/1013/2,,videos/sample_004049_O1__1013__2.pt,ok,0.5884567499,0.6153980494,0.5551834108,0.5404257364,average,0.5884567499,0.5551834108,
O1/1013/3,,videos/sample_004050_O1__1013__3.pt,ok,0.5932600498,0.6209422946,0.5525230926,0.5374377742,average,0.5932600498,0.5525230926,
O1/1013/4,,videos/sample_004051_O1__1013__4.pt,ok,0.5823605061,0.5995869040,0.5585782817,0.5490383948,average,0.5823605061,0.5585782817,
O1/1014/1,,videos/sample_004052_O1__1014__1.pt,ok,0.5428348184,0.5667994618,0.5810986063,0.5673383240,average,0.5428348184,0.5810986063,
O1/1014/2,,videos/sample_004053_O1__1014__2.pt,ok,0.5612513423,0.5982221961,0.5704947328,0.5497881834,average,0.5612513423,0.5704947328,
O1/1014/3,,videos/sample_004054_O1__1014__3.pt,ok,0.5600267053,0.5969833732,0.5711938098,0.5504696956,average,0.5600267053,0.5711938098,
O1/1014/4,,videos/sample_004055_O1__1014__4.pt,ok,0.5473539829,0.5830727816,0.5784784509,0.5581805618,average,0.5473539829,0.5784784509,
O1/1015/1,,videos/sample_004056_O1__1015__1.pt,ok,0.6025377512,0.6225526929,0.5474206544,0.5365729819,average,0.6025377512,0.5474206544,
O1/1015/2,,videos/sample_004057_O1__1015__2.pt,ok,0.6026428342,0.6225526929,0.5473631329,0.5365729819,average,0.6026428342,0.5473631329,
O1/1015/3,,videos/sample_004058_O1__1015__3.pt,ok,0.6018097997,0.6205396056,0.5478192952,0.5376542381,average,0.6018097997,0.5478192952,
O1/1015/4,,videos/sample_004059_O1__1015__4.pt,ok,0.6032297015,0.6205396056,0.5470419976,0.5376542381,average,0.6032297015,0.5470419976,
O1/1016/1,,videos/sample_004060_O1__1016__1.pt,ok,0.5683116317,0.6031318307,0.5664810604,0.5470955396,average,0.5683116317,0.5664810604,
O1/1016/2,,videos/sample_004061_O1__1016__2.pt,ok,0.5625938177,0.5941220522,0.5697293715,0.5520470216,average,0.5625938177,0.5697293715,
O1/1016/3,,videos/sample_004062_O1__1016__3.pt,ok,0.5726895332,0.6038553715,0.5640064828,0.5466998369,average,0.5726895332,0.5640064828,
O1/1016/4,,videos/sample_004063_O1__1016__4.pt,ok,0.5711545348,0.6025711894,0.5648728967,0.5474023500,average,0.5711545348,0.5648728967,
O1/1017/1,,videos/sample_004064_O1__1017__1.pt,ok,0.6175102592,0.6321305037,0.5392854485,0.5314583201,average,0.6175102592,0.5392854485,
O1/1017/2,,videos/sample_004065_O1__1017__2.pt,ok,0.6197280884,0.6323823929,0.5380907308,0.5313244683,average,0.6197280884,0.5380907308,
O1/1017/3,,videos/sample_004066_O1__1017__3.pt,ok,0.6189259291,0.6323326826,0.5385225385,0.5313508813,average,0.6189259291,0.5385225385,
O1/1017/4,,videos/sample_004067_O1__1017__4.pt,ok,0.6190991402,0.6322820187,0.5384292685,0.5313778023,average,0.6190991402,0.5384292685,
O1/1018/1,,videos/sample_004068_O1__1018__1.pt,ok,0.6171401739,0.6446861625,0.5394850670,0.5248272267,average,0.6171401739,0.5394850670,
O1/1018/2,,videos/sample_004069_O1__1018__2.pt,ok,0.6191356182,0.6445463896,0.5384096280,0.5249005885,average,0.6191356182,0.5384096280,
O1/1018/3,,videos/sample_004070_O1__1018__3.pt,ok,0.6186851263,0.6446861625,0.5386522318,0.5248272267,average,0.6186851263,0.5386522318,
O1/1018/4,,videos/sample_004071_O1__1018__4.pt,ok,0.6191596985,0.6445463896,0.5383966631,0.5249005885,average,0.6191596985,0.5383966631,
O1/1019/1,,videos/sample_004072_O1__1019__1.pt,ok,0.5698286295,0.5925627351,0.5656223614,0.5529085095,average,0.5698286295,0.5656223614,
O1/1019/2,,videos/sample_004073_O1__1019__2.pt,ok,0.5726497769,0.5969809890,0.5640289061,0.5504710080,average,0.5726497769,0.5640289061,
O1/1019/3,,videos/sample_004074_O1__1019__3.pt,ok,0.5713723302,0.5965301394,0.5647498833,0.5507192436,average,0.5713723302,0.5647498833,
O1/1019/4,,videos/sample_004075_O1__1019__4.pt,ok,0.5712662935,0.5940475464,0.5648097707,0.5520881539,average,0.5712662935,0.5648097707,
O1/1020/1,,videos/sample_004076_O1__1020__1.pt,ok,0.5903213024,0.6165848374,0.5541492066,0.5397847460,average,0.5903213024,0.5541492066,
O1/1020/2,,videos/sample_004077_O1__1020__2.pt,ok,0.5893999934,0.6186515689,0.5546599846,0.5386703079,average,0.5893999934,0.5546599846,
O1/1020/3,,videos/sample_004078_O1__1020__3.pt,ok,0.5801298022,0.5971904993,0.5598256952,0.5503556908,average,0.5801298022,0.5598256952,
O1/1020/4,,videos/sample_004079_O1__1020__4.pt,ok,0.5910602808,0.6176388860,0.5537398536,0.5392160864,average,0.5910602808,0.5537398536,
O1/1021/1,,videos/sample_004080_O1__1021__1.pt,ok,0.6272792220,0.6491447091,0.5340428381,0.5224924688,average,0.6272792220,0.5340428381,
O1/1021/2,,videos/sample_004081_O1__1021__2.pt,ok,0.6264961958,0.6502123475,0.5344611714,0.5219349334,average,0.6264961958,0.5344611714,
O1/1021/3,,videos/sample_004082_O1__1021__3.pt,ok,0.6262916327,0.6502123475,0.5345705137,0.5219349334,average,0.6262916327,0.5345705137,
O1/1021/4,,videos/sample_004083_O1__1021__4.pt,ok,0.6263630390,0.6491447091,0.5345323433,0.5224924688,average,0.6263630390,0.5345323433,
O1/1022/1,,videos/sample_004084_O1__1022__1.pt,ok,0.6374300122,0.6567240953,0.5286493020,0.5185472665,average,0.6374300122,0.5286493020,
O1/1022/2,,videos/sample_004085_O1__1022__2.pt,ok,0.6373143792,0.6558643579,0.5287104348,0.5189932727,average,0.6373143792,0.5287104348,
O1/1022/3,,videos/sample_004086_O1__1022__3.pt,ok,0.6375769377,0.6567240953,0.5285716356,0.5185472665,average,0.6375769377,0.5285716356,
O1/1022/4,,videos/sample_004087_O1__1022__4.pt,ok,0.6372405291,0.6558643579,0.5287494816,0.5189932727,average,0.6372405291,0.5287494816,
O1/1023/1,,videos/sample_004088_O1__1023__1.pt,ok,0.5732079744,0.5978968740,0.5637141544,0.5499670707,average,0.5732079744,0.5637141544,
O1/1023/2,,videos/sample_004089_O1__1023__2.pt,ok,0.5714344978,0.5957532525,0.5647147753,0.5511472564,average,0.5714344978,0.5647147753,
O1/1023/3,,videos/sample_004090_O1__1023__3.pt,ok,0.5714279413,0.5943743587,0.5647184778,0.5519077542,average,0.5714279413,0.5647184778,
O1/1023/4,,videos/sample_004091_O1__1023__4.pt,ok,0.5731739998,0.5986086726,0.5637333067,0.5495757442,average,0.5731739998,0.5637333067,
O1/1024/1,,videos/sample_004092_O1__1024__1.pt,ok,0.6045760512,0.6360616088,0.5463059833,0.5293732027,average,0.6045760512,0.5463059833,
O1/1024/2,,videos/sample_004093_O1__1024__2.pt,ok,0.6062441468,0.6314282417,0.5453954523,0.5318316741,average,0.6062441468,0.5453954523,
O1/1024/3,,videos/sample_004094_O1__1024__3.pt,ok,0.6043775678,0.6293243170,0.5464144268,0.5329517858,average,0.6043775678,0.5464144268,
O1/1024/4,,videos/sample_004095_O1__1024__4.pt,ok,0.5985921621,0.6255805492,0.5495848180,0.5349507731,average,0.5985921621,0.5495848180,
O1/1025/1,,videos/sample_004096_O1__1025__1.pt,ok,0.5510652661,0.5721575618,0.5763355325,0.5643065980,average,0.5510652661,0.5763355325,
O1/1025/2,,videos/sample_004097_O1__1025__2.pt,ok,0.5485829115,0.5706260204,0.5777679789,0.5651715190,average,0.5485829115,0.5777679789,
O1/1025/3,,videos/sample_004098_O1__1025__3.pt,ok,0.5545878410,0.5880226493,0.5743089190,0.5554244686,average,0.5545878410,0.5743089190,
O1/1025/4,,videos/sample_004099_O1__1025__4.pt,ok,0.5543289781,0.5854740143,0.5744576056,0.5568418483,average,0.5543289781,0.5744576056,
O1/1026/1,,videos/sample_004100_O1__1026__1.pt,ok,0.5792326331,0.6089527011,0.5603281789,0.5439202179,average,0.5792326331,0.5603281789,
O1/1026/2,,videos/sample_004101_O1__1026__2.pt,ok,0.5734150410,0.6058175564,0.5635974401,0.5456281625,average,0.5734150410,0.5635974401,
O1/1026/3,,videos/sample_004102_O1__1026__3.pt,ok,0.5754812956,0.6091598272,0.5624341066,0.5438075695,average,0.5754812956,0.5624341066,
O1/1026/4,,videos/sample_004103_O1__1026__4.pt,ok,0.5790279508,0.6130950451,0.5604428799,0.5416717734,average,0.5790279508,0.5604428799,
O1/1027/1,,videos/sample_004104_O1__1027__1.pt,ok,0.5628498793,0.5983328223,0.5695835044,0.5497273657,average,0.5628498793,0.5695835044,
O1/1027/2,,videos/sample_004105_O1__1027__2.pt,ok,0.5697608590,0.6084790230,0.5656606952,0.5441779221,average,0.5697608590,0.5656606952,
O1/1027/3,,videos/sample_004106_O1__1027__3.pt,ok,0.5687177181,0.6043557525,0.5662510669,0.5464263471,average,0.5687177181,0.5662510669,
O1/1027/4,,videos/sample_004107_O1__1027__4.pt,ok,0.5700003505,0.6057169437,0.5655252405,0.5456830623,average,0.5700003505,0.5655252405,
O1/1028/1,,videos/sample_004108_O1__1028__1.pt,ok,0.6319807172,0.6434097886,0.5315379313,0.5254975302,average,0.6319807172,0.5315379313,
O1/1028/2,,videos/sample_004109_O1__1028__2.pt,ok,0.6313071251,0.6429098845,0.5318960917,0.5257602943,average,0.6313071251,0.5318960917,
O1/1028/3,,videos/sample_004110_O1__1028__3.pt,ok,0.6322594285,0.6434036493,0.5313898063,0.5255007564,average,0.6322594285,0.5313898063,
O1/1028/4,,videos/sample_004111_O1__1028__4.pt,ok,0.6313853264,0.6423663497,0.5318544984,0.5260461409,average,0.6313853264,0.5318544984,
O1/1029/1,,videos/sample_004112_O1__1029__1.pt,ok,0.5848820210,0.6091010571,0.5571715925,0.5438395301,average,0.5848820210,0.5571715925,
O1/1029/2,,videos/sample_004113_O1__1029__2.pt,ok,0.5838451385,0.6011067033,0.5577496135,0.5482046004,average,0.5838451385,0.5577496135,
O1/1029/3,,videos/sample_004114_O1__1029__3.pt,ok,0.5808564425,0.6056520939,0.5594190511,0.5457184509,average,0.5808564425,0.5594190511,
O1/1029/4,,videos/sample_004115_O1__1029__4.pt,ok,0.5798606873,0.5969381928,0.5599763730,0.5504945666,average,0.5798606873,0.5599763730,
O1/1030/1,,videos/sample_004116_O1__1030__1.pt,ok,0.5819460750,0.6115151644,0.5588098219,0.5425282266,average,0.5819460750,0.5588098219,
O1/1030/2,,videos/sample_004117_O1__1030__2.pt,ok,0.5808486342,0.6153482199,0.5594234192,0.5404526662,average,0.5808486342,0.5594234192,
O1/1030/3,,videos/sample_004118_O1__1030__3.pt,ok,0.5721365213,0.6037050486,0.5643184713,0.5467820246,average,0.5721365213,0.5643184713,
O1/1030/4,,videos/sample_004119_O1__1030__4.pt,ok,0.5813049674,0.6119008660,0.5591681940,0.5423190129,average,0.5813049674,0.5591681940,
O1/1031/1,,videos/sample_004120_O1__1031__1.pt,ok,0.6169299483,0.6329501271,0.5395984925,0.5310229029,average,0.6169299483,0.5395984925,
O1/1031/2,,videos/sample_004121_O1__1031__2.pt,ok,0.6155551672,0.6312142015,0.5403408325,0.5319455197,average,0.6155551672,0.5403408325,
O1/1031/3,,videos/sample_004122_O1__1031__3.pt,ok,0.6150401831,0.6321351528,0.5406191711,0.5314558493,average,0.6150401831,0.5406191711,
O1/1031/4,,videos/sample_004123_O1__1031__4.pt,ok,0.6167190671,0.6330543160,0.5397122957,0.5309675790,average,0.6167190671,0.5397122957,
O1/1032/1,,videos/sample_004124_O1__1032__1.pt,ok,0.6134864092,0.6282823682,0.5414598240,0.5335073837,average,0.6134864092,0.5414598240,
O1/1032/2,,videos/sample_004125_O1__1032__2.pt,ok,0.6160153151,0.6284411550,0.5400922530,0.5334226765,average,0.6160153151,0.5400922530,
O1/1032/3,,videos/sample_004126_O1__1032__3.pt,ok,0.6156186461,0.6283614635,0.5403065333,0.5334651874,average,0.6156186461,0.5403065333,
O1/1032/4,,videos/sample_004127_O1__1032__4.pt,ok,0.6149829030,0.6282823682,0.5406501387,0.5335073837,average,0.6149829030,0.5406501387,
O1/1033/1,,videos/sample_004128_O1__1033__1.pt,ok,0.6177772284,0.6346567273,0.5391414951,0.5301174319,average,0.6177772284,0.5391414951,
O1/1033/2,,videos/sample_004129_O1__1033__2.pt,ok,0.6162541509,0.6311984062,0.5399632751,0.5319539220,average,0.6162541509,0.5399632751,
O1/1033/3,,videos/sample_004130_O1__1033__3.pt,ok,0.6165096164,0.6331120729,0.5398253507,0.5309369129,average,0.6165096164,0.5398253507,
O1/1033/4,,videos/sample_004131_O1__1033__4.pt,ok,0.6174979806,0.6320946813,0.5392920702,0.5314773585,average,0.6174979806,0.5392920702,
O1/1034/1,,videos/sample_004132_O1__1034__1.pt,ok,0.5537865758,0.5928465724,0.5747692772,0.5527515957,average,0.5537865758,0.5747692772,
O1/1034/2,,videos/sample_004133_O1__1034__2.pt,ok,0.5579155684,0.5928543210,0.5724009519,0.5527473127,average,0.5579155684,0.5724009519,
O1/1034/3,,videos/sample_004134_O1__1034__3.pt,ok,0.5474019051,0.5715727210,0.5784507297,0.5646367240,average,0.5474019051,0.5784507297,
O1/1034/4,,videos/sample_004135_O1__1034__4.pt,ok,0.5590272546,0.5969757438,0.5717649752,0.5504738954,average,0.5590272546,0.5717649752,
O1/1035/1,,videos/sample_004136_O1__1035__1.pt,ok,0.6176331639,0.6435903311,0.5392191718,0.5254026641,average,0.6176331639,0.5392191718,
O1/1035/2,,videos/sample_004137_O1__1035__2.pt,ok,0.6190731525,0.6435903311,0.5384432612,0.5254026641,average,0.6190731525,0.5384432612,
O1/1035/3,,videos/sample_004138_O1__1035__3.pt,ok,0.6193765998,0.6429142356,0.5382798968,0.5257580066,average,0.6193765998,0.5382798968,
O1/1035/4,,videos/sample_004139_O1__1035__4.pt,ok,0.6189140677,0.6429142356,0.5385289261,0.5257580066,average,0.6189140677,0.5385289261,
O1/1036/1,,videos/sample_004140_O1__1036__1.pt,ok,0.6198329926,0.6458473206,0.5380342858,0.5242181730,average,0.6198329926,0.5380342858,
O1/1036/2,,videos/sample_004141_O1__1036__2.pt,ok,0.6203967929,0.6458473206,0.5377310274,0.5242181730,average,0.6203967929,0.5377310274,
O1/1036/3,,videos/sample_004142_O1__1036__3.pt,ok,0.6182787418,0.6462466717,0.5388711762,0.5240088677,average,0.6182787418,0.5388711762,
O1/1036/4,,videos/sample_004143_O1__1036__4.pt,ok,0.6205837727,0.6462466717,0.5376304920,0.5240088677,average,0.6205837727,0.5376304920,
O1/1037/1,,videos/sample_004144_O1__1037__1.pt,ok,0.5954369307,0.6164405346,0.5513216239,0.5398626441,average,0.5954369307,0.5513216239,
O1/1037/2,,videos/sample_004145_O1__1037__2.pt,ok,0.5958188772,0.6183524132,0.5511110887,0.5388314783,average,0.5958188772,0.5511110887,
O1/1037/3,,videos/sample_004146_O1__1037__3.pt,ok,0.5957857966,0.6177246571,0.5511293201,0.5391698392,average,0.5957857966,0.5511293201,
O1/1037/4,,videos/sample_004147_O1__1037__4.pt,ok,0.5946542025,0.6150826216,0.5517533278,0.5405962286,average,0.5946542025,0.5517533278,
O1/1038/1,,videos/sample_004148_O1__1038__1.pt,ok,0.5465900302,0.5680161119,0.5789205500,0.5666484916,average,0.5465900302,0.5789205500,
O1/1038/2,,videos/sample_004149_O1__1038__2.pt,ok,0.5497633815,0.5794510245,0.5770863435,0.5602058214,average,0.5497633815,0.5770863435,
O1/1038/3,,videos/sample_004150_O1__1038__3.pt,ok,0.5479496717,0.5690374374,0.5781339604,0.5660700544,average,0.5479496717,0.5781339604,
O1/1038/4,,videos/sample_004151_O1__1038__4.pt,ok,0.5515524745,0.5809524059,0.5760548054,0.5593653699,average,0.5515524745,0.5760548054,
O1/1039/1,,videos/sample_004152_O1__1039__1.pt,ok,0.5644886494,0.5893068910,0.5686508524,0.5547116272,average,0.5644886494,0.5686508524,
O1/1039/2,,videos/sample_004153_O1__1039__2.pt,ok,0.5638612509,0.5829172134,0.5690077350,0.5582674036,average,0.5638612509,0.5690077350,
O1/1039/3,,videos/sample_004154_O1__1039__3.pt,ok,0.5668234229,0.5924695730,0.5673247301,0.5529600220,average,0.5668234229,0.5673247301,
O1/1039/4,,videos/sample_004155_O1__1039__4.pt,ok,0.5658832192,0.5848658681,0.5678583818,0.5571805925,average,0.5658832192,0.5678583818,
O1/1040/1,,videos/sample_004156_O1__1040__1.pt,ok,0.5850013494,0.6160572767,0.5571051100,0.5400695903,average,0.5850013494,0.5571051100,
O1/1040/2,,videos/sample_004157_O1__1040__2.pt,ok,0.5778959394,0.6103339791,0.5610776669,0.5431694315,average,0.5778959394,0.5610776669,
O1/1040/3,,videos/sample_004158_O1__1040__3.pt,ok,0.5817486644,0.6140660644,0.5589201478,0.5411460550,average,0.5817486644,0.5589201478,
O1/1040/4,,videos/sample_004159_O1__1040__4.pt,ok,0.5868214965,0.6177304387,0.5560920191,0.5391667220,average,0.5868214965,0.5560920191,
O1/1041/1,,videos/sample_004160_O1__1041__1.pt,ok,0.5695547462,0.6042761803,0.5657772971,0.5464698292,average,0.5695547462,0.5657772971,
O1/1041/2,,videos/sample_004161_O1__1041__2.pt,ok,0.5547150373,0.5769867897,0.5742358737,0.5615880024,average,0.5547150373,0.5742358737,
O1/1041/3,,videos/sample_004162_O1__1041__3.pt,ok,0.5694733858,0.6149702668,0.5658233309,0.5406569705,average,0.5694733858,0.5658233309,
O1/1041/4,,videos/sample_004163_O1__1041__4.pt,ok,0.5714067817,0.6072522998,0.5647304272,0.5448458874,average,0.5714067817,0.5647304272,
O1/1042/1,,videos/sample_004164_O1__1042__1.pt,ok,0.5716646910,0.5953047276,0.5645847968,0.5513945152,average,0.5716646910,0.5645847968,
O1/1042/2,,videos/sample_004165_O1__1042__2.pt,ok,0.5709855556,0.5960578918,0.5649683565,0.5509793809,average,0.5709855556,0.5649683565,
O1/1042/3,,videos/sample_004166_O1__1042__3.pt,ok,0.5699121356,0.5933465362,0.5655751304,0.5524753090,average,0.5699121356,0.5655751304,
O1/1042/4,,videos/sample_004167_O1__1042__4.pt,ok,0.5717436075,0.5970813632,0.5645402434,0.5504157577,average,0.5717436075,0.5645402434,
O1/1043/1,,videos/sample_004168_O1__1043__1.pt,ok,0.5512278676,0.5816256404,0.5762418271,0.5589889126,average,0.5512278676,0.5762418271,
O1/1043/2,,videos/sample_004169_O1__1043__2.pt,ok,0.5462344885,0.5675724149,0.5791264170,0.5668999676,average,0.5462344885,0.5791264170,
O1/1043/3,,videos/sample_004170_O1__1043__3.pt,ok,0.5468562841,0.5670975447,0.5787664306,0.5671692354,average,0.5468562841,0.5787664306,
O1/1043/4,,videos/sample_004171_O1__1043__4.pt,ok,0.5503033400,0.5789816976,0.5767748250,0.5604688028,average,0.5503033400,0.5767748250,
O1/1044/1,,videos/sample_004172_O1__1044__1.pt,ok,0.5787207484,0.6068164706,0.5606150758,0.5450833988,average,0.5787207484,0.5606150758,
O1/1044/2,,videos/sample_004173_O1__1044__2.pt,ok,0.5801614523,0.6095401645,0.5598079770,0.5436007786,average,0.5801614523,0.5598079770,
O1/1044/3,,videos/sample_004174_O1__1044__3.pt,ok,0.5739988089,0.6004609466,0.5632685261,0.5485587216,average,0.5739988089,0.5632685261,
O1/1044/4,,videos/sample_004175_O1__1044__4.pt,ok,0.5823141932,0.6104378104,0.5586041517,0.5431130365,average,0.5823141932,0.5586041517,
O1/1045/1,,videos/sample_004176_O1__1045__1.pt,ok,0.5742831230,0.6081878543,0.5631084036,0.5443363927,average,0.5742831230,0.5631084036,
O1/1045/2,,videos/sample_004177_O1__1045__2.pt,ok,0.5742745399,0.6057937145,0.5631132368,0.5456411714,average,0.5742745399,0.5631132368,
O1/1045/3,,videos/sample_004178_O1__1045__3.pt,ok,0.5661271811,0.5980184674,0.5677198629,0.5499002024,average,0.5661271811,0.5677198629,
O1/1045/4,,videos/sample_004179_O1__1045__4.pt,ok,0.5717189312,0.6048707366,0.5645541744,0.5461450186,average,0.5717189312,0.5645541744,
O1/1046/1,,videos/sample_004180_O1__1046__1.pt,ok,0.6199892759,0.6335163116,0.5379502066,0.5307223310,average,0.6199892759,0.5379502066,
O1/1046/2,,videos/sample_004181_O1__1046__2.pt,ok,0.6192193627,0.6343412995,0.5383645410,0.5302846721,average,0.6192193627,0.5383645410,
O1/1046/3,,videos/sample_004182_O1__1046__3.pt,ok,0.6202386022,0.6341043711,0.5378160982,0.5304103265,average,0.6202386022,0.5378160982,
O1/1046/4,,videos/sample_004183_O1__1046__4.pt,ok,0.6190266609,0.6340777278,0.5384682948,0.5304244585,average,0.6190266609,0.5384682948,
O1/1047/1,,videos/sample_004184_O1__1047__1.pt,ok,0.5470687151,0.5697988868,0.5786434958,0.5656391848,average,0.5470687151,0.5786434958,
O1/1047/2,,videos/sample_004185_O1__1047__2.pt,ok,0.5603625774,0.6024849415,0.5710019939,0.5474495643,average,0.5603625774,0.5710019939,
O1/1047/3,,videos/sample_004186_O1__1047__3.pt,ok,0.5600749254,0.5957087278,0.5711662674,0.5511717966,average,0.5600749254,0.5711662674,
O1/1047/4,,videos/sample_004187_O1__1047__4.pt,ok,0.5612275600,0.5964509845,0.5705083006,0.5507628375,average,0.5612275600,0.5705083006,
O1/1048/1,,videos/sample_004188_O1__1048__1.pt,ok,0.6204798818,0.6334222555,0.5376863498,0.5307722510,average,0.6204798818,0.5376863498,
O1/1048/2,,videos/sample_004189_O1__1048__2.pt,ok,0.6190198660,0.6326299310,0.5384719537,0.5311929616,average,0.6190198660,0.5384719537,
O1/1048/3,,videos/sample_004190_O1__1048__3.pt,ok,0.6194562912,0.6331428885,0.5382370022,0.5309205520,average,0.6194562912,0.5382370022,
O1/1048/4,,videos/sample_004191_O1__1048__4.pt,ok,0.6201111674,0.6333775520,0.5378846390,0.5307959789,average,0.6201111674,0.5378846390,
O1/1049/1,,videos/sample_004192_O1__1049__1.pt,ok,0.5680217743,0.6029026508,0.5666452829,0.5472209373,average,0.5680217743,0.5666452829,
O1/1049/2,,videos/sample_004193_O1__1049__2.pt,ok,0.5624972582,0.5973961353,0.5697843870,0.5502425294,average,0.5624972582,0.5697843870,
O1/1049/3,,videos/sample_004194_O1__1049__3.pt,ok,0.5670194030,0.6008072495,0.5672135567,0.5483687869,average,0.5670194030,0.5672135567,
O1/1049/4,,videos/sample_004195_O1__1049__4.pt,ok,0.5695726275,0.6061720848,0.5657671803,0.5454347560,average,0.5695726275,0.5657671803,
O1/1050/1,,videos/sample_004196_O1__1050__1.pt,ok,0.5950414538,0.6147481203,0.5515397020,0.5407770889,average,0.5950414538,0.5515397020,
O1/1050/2,,videos/sample_004197_O1__1050__2.pt,ok,0.5951143503,0.6153477430,0.5514994981,0.5404529239,average,0.5951143503,0.5514994981,
O1/1050/3,,videos/sample_004198_O1__1050__3.pt,ok,0.5953496099,0.6164537072,0.5513697679,0.5398555327,average,0.5953496099,0.5513697679,
O1/1050/4,,videos/sample_004199_O1__1050__4.pt,ok,0.5940371156,0.6144599915,0.5520939126,0.5409329249,average,0.5940371156,0.5520939126,
O1/1051/1,,videos/sample_004200_O1__1051__1.pt,ok,0.5626620650,0.5950489044,0.5696904903,0.5515355927,average,0.5626620650,0.5696904903,
O1/1051/2,,videos/sample_004201_O1__1051__2.pt,ok,0.5582669377,0.5961602330,0.5721998630,0.5509229959,average,0.5582669377,0.5721998630,
O1/1051/3,,videos/sample_004202_O1__1051__3.pt,ok,0.5628424883,0.5974302888,0.5695877142,0.5502237371,average,0.5628424883,0.5695877142,
O1/1051/4,,videos/sample_004203_O1__1051__4.pt,ok,0.5553582311,0.5909179449,0.5738666475,0.5538186763,average,0.5553582311,0.5738666475,
O1/1052/1,,videos/sample_004204_O1__1052__1.pt,ok,0.5909243226,0.6232867241,0.5538151442,0.5361792651,average,0.5909243226,0.5538151442,
O1/1052/2,,videos/sample_004205_O1__1052__2.pt,ok,0.5801298022,0.5971904993,0.5598256952,0.5503556908,average,0.5801298022,0.5598256952,
O1/1052/3,,videos/sample_004206_O1__1052__3.pt,ok,0.5938256979,0.6207924485,0.5522106474,0.5375183132,average,0.5938256979,0.5522106474,
O1/1052/4,,videos/sample_004207_O1__1052__4.pt,ok,0.5943349600,0.6229903698,0.5519294990,0.5363381876,average,0.5943349600,0.5519294990,
O1/1053/1,,videos/sample_004208_O1__1053__1.pt,ok,0.6397253871,0.6601018906,0.5274372452,0.5167986749,average,0.6397253871,0.5274372452,
O1/1053/2,,videos/sample_004209_O1__1053__2.pt,ok,0.6389918923,0.6597931385,0.5278242596,0.5169582622,average,0.6389918923,0.5278242596,
O1/1053/3,,videos/sample_004210_O1__1053__3.pt,ok,0.6384748816,0.6601018906,0.5280972209,0.5167986749,average,0.6384748816,0.5280972209,
O1/1053/4,,videos/sample_004211_O1__1053__4.pt,ok,0.6394159794,0.6597931385,0.5276004636,0.5169582622,average,0.6394159794,0.5276004636,
O1/1054/1,,videos/sample_004212_O1__1054__1.pt,ok,0.5591846704,0.5958482623,0.5716749774,0.5510948945,average,0.5591846704,0.5716749774,
O1/1054/2,,videos/sample_004213_O1__1054__2.pt,ok,0.5575641394,0.6004158854,0.5726021455,0.5485834408,average,0.5575641394,0.5726021455,
O1/1054/3,,videos/sample_004214_O1__1054__3.pt,ok,0.5599351525,0.5959120393,0.5712461065,0.5510597485,average,0.5599351525,0.5712461065,
O1/1054/4,,videos/sample_004215_O1__1054__4.pt,ok,0.5428270102,0.5676113963,0.5811031436,0.5668778694,average,0.5428270102,0.5811031436,
O1/1055/1,,videos/sample_004216_O1__1055__1.pt,ok,0.5486140251,0.5702058077,0.5777500027,0.5654090612,average,0.5486140251,0.5777500027,
O1/1055/2,,videos/sample_004217_O1__1055__2.pt,ok,0.5518733263,0.5805074573,0.5758700069,0.5596143142,average,0.5518733263,0.5758700069,
O1/1055/3,,videos/sample_004218_O1__1055__3.pt,ok,0.5521953702,0.5835660100,0.5756845813,0.5579053191,average,0.5521953702,0.5756845813,
O1/1055/4,,videos/sample_004219_O1__1055__4.pt,ok,0.5485301614,0.5701057911,0.5777984570,0.5654656143,average,0.5485301614,0.5777984570,
O1/1056/1,,videos/sample_004220_O1__1056__1.pt,ok,0.5681874156,0.5995591283,0.5665514309,0.5490536450,average,0.5681874156,0.5665514309,
O1/1056/2,,videos/sample_004221_O1__1056__2.pt,ok,0.5690239072,0.5995591283,0.5660777135,0.5490536450,average,0.5690239072,0.5660777135,
O1/1056/3,,videos/sample_004222_O1__1056__3.pt,ok,0.5646765828,0.5961866975,0.5685439939,0.5509084162,average,0.5646765828,0.5685439939,
O1/1056/4,,videos/sample_004223_O1__1056__4.pt,ok,0.5674496293,0.5976971388,0.5669695790,0.5500769295,average,0.5674496293,0.5669695790,
O1/1057/1,,videos/sample_004224_O1__1057__1.pt,ok,0.5469395518,0.5712501407,0.5787182401,0.5648188941,average,0.5469395518,0.5787182401,
O1/1057/2,,videos/sample_004225_O1__1057__2.pt,ok,0.5439682603,0.5669919848,0.5804403379,0.5672291088,average,0.5439682603,0.5804403379,
O1/1057/3,,videos/sample_004226_O1__1057__3.pt,ok,0.5483925939,0.5787888169,0.5778779488,0.5605769168,average,0.5483925939,0.5778779488,
O1/1057/4,,videos/sample_004227_O1__1057__4.pt,ok,0.5457201004,0.5790214539,0.5794243893,0.5604465211,average,0.5457201004,0.5794243893,
O1/1058/1,,videos/sample_004228_O1__1058__1.pt,ok,0.5694546700,0.5904055834,0.5658339208,0.5541025044,average,0.5694546700,0.5658339208,
O1/1058/2,,videos/sample_004229_O1__1058__2.pt,ok,0.5670918822,0.5994689465,0.5671724470,0.5491031619,average,0.5670918822,0.5671724470,
O1/1058/3,,videos/sample_004230_O1__1058__3.pt,ok,0.5579731464,0.5807676911,0.5723679951,0.5594687025,average,0.5579731464,0.5723679951,
O1/1058/4,,videos/sample_004231_O1__1058__4.pt,ok,0.5702368617,0.6008673310,0.5653915032,0.5483358411,average,0.5702368617,0.5653915032,
O1/1059/1,,videos/sample_004232_O1__1059__1.pt,ok,0.6238844991,0.6359159350,0.5358588463,0.5294503241,average,0.6238844991,0.5358588463,
O1/1059/2,,videos/sample_004233_O1__1059__2.pt,ok,0.6245918870,0.6363852024,0.5354799202,0.5292019286,average,0.6245918870,0.5354799202,
O1/1059/3,,videos/sample_004234_O1__1059__3.pt,ok,0.6239349246,0.6356592178,0.5358318260,0.5295862605,average,0.6239349246,0.5358318260,
O1/1059/4,,videos/sample_004235_O1__1059__4.pt,ok,0.6247971654,0.6375496387,0.5353700091,0.5285860653,average,0.6247971654,0.5353700091,
O1/1060/1,,videos/sample_004236_O1__1060__1.pt,ok,0.6253344417,0.6503062844,0.5350824447,0.5218859068,average,0.6253344417,0.5350824447,
O1/1060/2,,videos/sample_004237_O1__1060__2.pt,ok,0.6245455146,0.6497873664,0.5355047523,0.5221567930,average,0.6245455146,0.5355047523,
O1/1060/3,,videos/sample_004238_O1__1060__3.pt,ok,0.6255952120,0.6503062844,0.5349429293,0.5218859068,average,0.6255952120,0.5349429293,
O1/1060/4,,videos/sample_004239_O1__1060__4.pt,ok,0.6254956126,0.6497873664,0.5349962119,0.5221567930,average,0.6254956126,0.5349962119,
O1/1061/1,,videos/sample_004240_O1__1061__1.pt,ok,0.5729119778,0.5964551568,0.5638810366,0.5507605395,average,0.5729119778,0.5638810366,
O1/1061/2,,videos/sample_004241_O1__1061__2.pt,ok,0.5735512972,0.5979994535,0.5635206517,0.5499106582,average,0.5735512972,0.5635206517,
O1/1061/3,,videos/sample_004242_O1__1061__3.pt,ok,0.5738705993,0.5983873010,0.5633407471,0.5496974181,average,0.5738705993,0.5633407471,
O1/1061/4,,videos/sample_004243_O1__1061__4.pt,ok,0.5722942352,0.5954208970,0.5642294775,0.5513304637,average,0.5722942352,0.5642294775,
O1/1062/1,,videos/sample_004244_O1__1062__1.pt,ok,0.5943920612,0.6177082658,0.5518979841,0.5391786770,average,0.5943920612,0.5518979841,
O1/1062/2,,videos/sample_004245_O1__1062__2.pt,ok,0.5916086435,0.6177082658,0.5534362866,0.5391786770,average,0.5916086435,0.5534362866,
O1/1062/3,,videos/sample_004246_O1__1062__3.pt,ok,0.5994725227,0.6255652905,0.5491011981,0.5349589359,average,0.5994725227,0.5491011981,
O1/1062/4,,videos/sample_004247_O1__1062__4.pt,ok,0.5998429060,0.6255652905,0.5488978579,0.5349589359,average,0.5998429060,0.5488978579,
O1/1063/1,,videos/sample_004248_O1__1063__1.pt,ok,0.5876944661,0.6213499308,0.5556067795,0.5372187398,average,0.5876944661,0.5556067795,
O1/1063/2,,videos/sample_004249_O1__1063__2.pt,ok,0.5867117643,0.6230080128,0.5561530436,0.5363287251,average,0.5867117643,0.5561530436,
O1/1063/3,,videos/sample_004250_O1__1063__3.pt,ok,0.5880447030,0.6217410564,0.5554122195,0.5370086608,average,0.5880447030,0.5554122195,
O1/1063/4,,videos/sample_004251_O1__1063__4.pt,ok,0.5827563405,0.6169650555,0.5583572210,0.5395795491,average,0.5827563405,0.5583572210,
O1/1064/1,,videos/sample_004252_O1__1064__1.pt,ok,0.5823342800,0.6026757956,0.5585929312,0.5473450913,average,0.5823342800,0.5585929312,
O1/1064/2,,videos/sample_004253_O1__1064__2.pt,ok,0.5833306313,0.6024205089,0.5580366536,0.5474848391,average,0.5833306313,0.5580366536,
O1/1064/3,,videos/sample_004254_O1__1064__3.pt,ok,0.5825681686,0.6021882296,0.5584622980,0.5476120232,average,0.5825681686,0.5584622980,
O1/1064/4,,videos/sample_004255_O1__1064__4.pt,ok,0.5837437510,0.6035190225,0.5578061653,0.5468837497,average,0.5837437510,0.5578061653,
O1/1065/1,,videos/sample_004256_O1__1065__1.pt,ok,0.6002224684,0.6179152131,0.5486895564,0.5390671070,average,0.6002224684,0.5486895564,
O1/1065/2,,videos/sample_004257_O1__1065__2.pt,ok,0.6015133262,0.6204937100,0.5479817332,0.5376789146,average,0.6015133262,0.5479817332,
O1/1065/3,,videos/sample_004258_O1__1065__3.pt,ok,0.6009001732,0.6201748848,0.5483178329,0.5378503675,average,0.6009001732,0.5483178329,
O1/1065/4,,videos/sample_004259_O1__1065__4.pt,ok,0.6013228297,0.6203843355,0.5480861317,0.5377377262,average,0.6013228297,0.5480861317,
O1/1066/1,,videos/sample_004260_O1__1066__1.pt,ok,0.5650960803,0.5870311260,0.5683055412,0.5559754580,average,0.5650960803,0.5683055412,
O1/1066/2,,videos/sample_004261_O1__1066__2.pt,ok,0.5664980412,0.5894240737,0.5675093573,0.5546466283,average,0.5664980412,0.5675093573,
O1/1066/3,,videos/sample_004262_O1__1066__3.pt,ok,0.5642462373,0.5844470263,0.5687887169,0.5574140119,average,0.5642462373,0.5687887169,
O1/1066/4,,videos/sample_004263_O1__1066__4.pt,ok,0.5657213330,0.5848357677,0.5679503176,0.5571973641,average,0.5657213330,0.5679503176,
O1/1067/1,,videos/sample_004264_O1__1067__1.pt,ok,0.5738759041,0.5991027951,0.5633377587,0.5493042535,average,0.5738759041,0.5633377587,
O1/1067/2,,videos/sample_004265_O1__1067__2.pt,ok,0.5723406076,0.5957673192,0.5642033134,0.5511395037,average,0.5723406076,0.5642033134,
O1/1067/3,,videos/sample_004266_O1__1067__3.pt,ok,0.5724908113,0.5970576406,0.5641185744,0.5504288152,average,0.5724908113,0.5641185744,
O1/1067/4,,videos/sample_004267_O1__1067__4.pt,ok,0.5739096403,0.6010625958,0.5633187541,0.5482287809,average,0.5739096403,0.5633187541,
O1/1068/1,,videos/sample_004268_O1__1068__1.pt,ok,0.6158055663,0.6290857792,0.5402055486,0.5330789302,average,0.6158055663,0.5402055486,
O1/1068/2,,videos/sample_004269_O1__1068__2.pt,ok,0.6161946058,0.6281988025,0.5399954282,0.5335519685,average,0.6161946058,0.5399954282,
O1/1068/3,,videos/sample_004270_O1__1068__3.pt,ok,0.6151229143,0.6281988025,0.5405744469,0.5335519685,average,0.6151229143,0.5405744469,
O1/1068/4,,videos/sample_004271_O1__1068__4.pt,ok,0.6165983081,0.6290857792,0.5397774748,0.5330789302,average,0.6165983081,0.5397774748,
O1/1069/1,,videos/sample_004272_O1__1069__1.pt,ok,0.6355192065,0.6563143134,0.5296604138,0.5187598014,average,0.6355192065,0.5296604138,
O1/1069/2,,videos/sample_004273_O1__1069__2.pt,ok,0.6348891258,0.6563143134,0.5299942477,0.5187598014,average,0.6348891258,0.5299942477,
O1/1069/3,,videos/sample_004274_O1__1069__3.pt,ok,0.6362714171,0.6562243104,0.5292621474,0.5188064934,average,0.6362714171,0.5292621474,
O1/1069/4,,videos/sample_004275_O1__1069__4.pt,ok,0.6360407472,0.6562243104,0.5293842464,0.5188064934,average,0.6360407472,0.5293842464,
O1/1070/1,,videos/sample_004276_O1__1070__1.pt,ok,0.6236140728,0.6371264458,0.5360037762,0.5288098065,average,0.6236140728,0.5360037762,
O1/1070/2,,videos/sample_004277_O1__1070__2.pt,ok,0.6238290071,0.6375338435,0.5358885830,0.5285944145,average,0.6238290071,0.5358885830,
O1/1070/3,,videos/sample_004278_O1__1070__3.pt,ok,0.6223031282,0.6371264458,0.5367069082,0.5288098065,average,0.6223031282,0.5367069082,
O1/1070/4,,videos/sample_004279_O1__1070__4.pt,ok,0.6230981946,0.6375338435,0.5362803602,0.5285944145,average,0.6230981946,0.5362803602,
O1/1071/1,,videos/sample_004280_O1__1071__1.pt,ok,0.5760484934,0.6022828817,0.5621151857,0.5475601930,average,0.5760484934,0.5621151857,
O1/1071/2,,videos/sample_004281_O1__1071__2.pt,ok,0.5769483447,0.6030584574,0.5616095931,0.5471356833,average,0.5769483447,0.5616095931,
O1/1071/3,,videos/sample_004282_O1__1071__3.pt,ok,0.5707033873,0.5990008712,0.5651277952,0.5493602436,average,0.5707033873,0.5651277952,
O1/1071/4,,videos/sample_004283_O1__1071__4.pt,ok,0.5730903745,0.6021866202,0.5637804510,0.5476129045,average,0.5730903745,0.5637804510,
O1/1072/1,,videos/sample_004284_O1__1072__1.pt,ok,0.5757905841,0.6083264947,0.5622601791,0.5442609309,average,0.5757905841,0.5622601791,
O1/1072/2,,videos/sample_004285_O1__1072__2.pt,ok,0.5758725405,0.6035233736,0.5622141002,0.5468813702,average,0.5758725405,0.5622141002,
O1/1072/3,,videos/sample_004286_O1__1072__3.pt,ok,0.5697489381,0.5997318625,0.5656674384,0.5489588128,average,0.5697489381,0.5656674384,
O1/1072/4,,videos/sample_004287_O1__1072__4.pt,ok,0.5766023397,0.6038823724,0.5618039464,0.5466850757,average,0.5766023397,0.5618039464,
O1/1073/1,,videos/sample_004288_O1__1073__1.pt,ok,0.5770466328,0.6005004048,0.5615543963,0.5485370768,average,0.5770466328,0.5615543963,
O1/1073/2,,videos/sample_004289_O1__1073__2.pt,ok,0.5780551434,0.6020106077,0.5609883482,0.5477092997,average,0.5780551434,0.5609883482,
O1/1073/3,,videos/sample_004290_O1__1073__3.pt,ok,0.5764179230,0.5993160605,0.5619075620,0.5491871184,average,0.5764179230,0.5619075620,
O1/1073/4,,videos/sample_004291_O1__1073__4.pt,ok,0.5778271556,0.6019628644,0.5611162613,0.5477354498,average,0.5778271556,0.5611162613,
O1/1074/1,,videos/sample_004292_O1__1074__1.pt,ok,0.6249078512,0.6440876722,0.5353107545,0.5251414247,average,0.6249078512,0.5353107545,
O1/1074/2,,videos/sample_004293_O1__1074__2.pt,ok,0.6250520945,0.6440876722,0.5352335451,0.5251414247,average,0.6250520945,0.5352335451,
O1/1074/3,,videos/sample_004294_O1__1074__3.pt,ok,0.6223266125,0.6442922354,0.5366943042,0.5250340111,average,0.6223266125,0.5366943042,
O1/1074/4,,videos/sample_004295_O1__1074__4.pt,ok,0.6240173578,0.6442922354,0.5357876575,0.5250340111,average,0.6240173578,0.5357876575,
O1/1075/1,,videos/sample_004296_O1__1075__1.pt,ok,0.5616132617,0.5889853239,0.5702882971,0.5548900328,average,0.5616132617,0.5702882971,
O1/1075/2,,videos/sample_004297_O1__1075__2.pt,ok,0.5613011122,0.5803846717,0.5704663401,0.5596830309,average,0.5613011122,0.5704663401,
O1/1075/3,,videos/sample_004298_O1__1075__3.pt,ok,0.5574530959,0.5860891342,0.5726657328,0.5564994291,average,0.5574530959,0.5726657328,
O1/1075/4,,videos/sample_004299_O1__1075__4.pt,ok,0.5571122766,0.5771263242,0.5728609416,0.5615096470,average,0.5571122766,0.5728609416,
O1/1076/1,,videos/sample_004300_O1__1076__1.pt,ok,0.5703998804,0.5922629833,0.5652993414,0.5530742696,average,0.5703998804,0.5652993414,
O1/1076/2,,videos/sample_004301_O1__1076__2.pt,ok,0.5709809065,0.5923987031,0.5649709831,0.5529992116,average,0.5709809065,0.5649709831,
O1/1076/3,,videos/sample_004302_O1__1076__3.pt,ok,0.5703116059,0.5919174552,0.5653492451,0.5532654054,average,0.5703116059,0.5653492451,
O1/1076/4,,videos/sample_004303_O1__1076__4.pt,ok,0.5696688294,0.5915943384,0.5657127551,0.5534442036,average,0.5696688294,0.5657127551,
O1/1077/1,,videos/sample_004304_O1__1077__1.pt,ok,0.6193991899,0.6329360008,0.5382677371,0.5310304043,average,0.6193991899,0.5382677371,
O1/1077/2,,videos/sample_004305_O1__1077__2.pt,ok,0.6193868518,0.6331682205,0.5382743784,0.5309071029,average,0.6193868518,0.5382743784,
O1/1077/3,,videos/sample_004306_O1__1077__3.pt,ok,0.6180301309,0.6329360008,0.5390051621,0.5310304043,average,0.6180301309,0.5390051621,
O1/1077/4,,videos/sample_004307_O1__1077__4.pt,ok,0.6179674268,0.6331682205,0.5390389610,0.5309071029,average,0.6179674268,0.5390389610,
O1/1078/1,,videos/sample_004308_O1__1078__1.pt,ok,0.5573757887,0.5875447392,0.5727100057,0.5556899750,average,0.5573757887,0.5727100057,
O1/1078/2,,videos/sample_004309_O1__1078__2.pt,ok,0.5566732883,0.5850922465,0.5731124760,0.5570544731,average,0.5566732883,0.5731124760,
O1/1078/3,,videos/sample_004310_O1__1078__3.pt,ok,0.5549867749,0.5781904459,0.5740798534,0.5609124502,average,0.5549867749,0.5740798534,
O1/1078/4,,videos/sample_004311_O1__1078__4.pt,ok,0.5549033284,0.5768043399,0.5741277604,0.5616904734,average,0.5549033284,0.5741277604,
O1/1079/1,,videos/sample_004312_O1__1079__1.pt,ok,0.6213480234,0.6356273890,0.5372197644,0.5296031169,average,0.6213480234,0.5372197644,
O1/1079/2,,videos/sample_004313_O1__1079__2.pt,ok,0.6217759252,0.6357558966,0.5369899363,0.5295350633,average,0.6217759252,0.5369899363,
O1/1079/3,,videos/sample_004314_O1__1079__3.pt,ok,0.6204700470,0.6358551383,0.5376916378,0.5294825139,average,0.6204700470,0.5376916378,
O1/1079/4,,videos/sample_004315_O1__1079__4.pt,ok,0.6216554046,0.6361203194,0.5370546586,0.5293421238,average,0.6216554046,0.5370546586,
O1/1080/1,,videos/sample_004316_O1__1080__1.pt,ok,0.6399340630,0.6594261527,0.5273271933,0.5171480133,average,0.6399340630,0.5273271933,
O1/1080/2,,videos/sample_004317_O1__1080__2.pt,ok,0.6396911144,0.6592996716,0.5274553222,0.5172134269,average,0.6396911144,0.5274553222,
O1/1080/3,,videos/sample_004318_O1__1080__3.pt,ok,0.6394483447,0.6594261527,0.5275833879,0.5171480133,average,0.6394483447,0.5275833879,
O1/1080/4,,videos/sample_004319_O1__1080__4.pt,ok,0.6398145556,0.6592996716,0.5273902165,0.5172134269,average,0.6398145556,0.5273902165,
