sample_id,official_movie_path,relative_path,status,surprise_average,surprise_maximum,plausibility_average,plausibility_maximum,selected_aggregation,selected_surprise,selected_plausibility,error
O1/0001/1,,videos/sample_000000_O1__0001__1.pt,ok,0.5609527826,0.5956982970,0.5706650850,0.5511775458,average,0.5609527826,0.5706650850,
O1/0001/2,,videos/sample_000001_O1__0001__2.pt,ok,0.5605193973,0.6043277979,0.5709124565,0.5464416224,average,0.5605193973,0.5709124565,
O1/0001/3,,videos/sample_000002_O1__0001__3.pt,ok,0.5531246662,0.5863900185,0.5751498484,0.5563320123,average,0.5531246662,0.5751498484,
O1/0001/4,,videos/sample_000003_O1__0001__4.pt,ok,0.5590216517,0.5935954452,0.5717681787,0.5523378101,average,0.5590216517,0.5717681787,
O1/0002/1,,videos/sample_000004_O1__0002__1.pt,ok,0.5258762836,0.5595302582,0.5910372211,0.5714774477,average,0.5258762836,0.5910372211,
O1/0002/2,,videos/sample_000005_O1__0002__2.pt,ok,0.5341117382,0.5649968386,0.5861897489,0.5683619436,average,0.5341117382,0.5861897489,
O1/0002/3,,videos/sample_000006_O1__0002__3.pt,ok,0.5327757597,0.5556162000,0.5869734092,0.5737186269,average,0.5327757597,0.5869734092,
O1/0002/4,,videos/sample_000007_O1__0002__4.pt,ok,0.5242204070,0.5471614599,0.5920167166,0.5785898321,average,0.5242204070,0.5920167166,
O1/0003/1,,videos/sample_000008_O1__0003__1.pt,ok,0.6124444008,0.6424750686,0.5420243237,0.5259889529,average,0.6124444008,0.5420243237,
O1/0003/2,,videos/sample_000009_O1__0003__2.pt,ok,0.6107994318,0.6424750686,0.5429166707,0.5259889529,average,0.6107994318,0.5429166707,
O1/0003/3,,videos/sample_000010_O1__0003__3.pt,ok,0.6121352911,0.6434366703,0.5421918946,0.5254834041,average,0.6121352911,0.5421918946,
O1/0003/4,,videos/sample_000011_O1__0003__4.pt,ok,0.6121341586,0.6434366703,0.5421925086,0.5254834041,average,0.6121341586,0.5421925086,
O1/0004/1,,videos/sample_000012_O1__0004__1.pt,ok,0.5577654839,0.5814673305,0.5724868668,0.5590774131,average,0.5577654839,0.5724868668,
O1/0004/2,,videos/sample_000013_O1__0004__2.pt,ok,0.5579401255,0.5799182653,0.5723868955,0.5599441315,average,0.5579401255,0.5723868955,
O1/0004/3,,videos/sample_000014_O1__0004__3.pt,ok,0.5565791726,0.5799182653,0.5731664174,0.5599441315,average,0.5565791726,0.5731664174,
O1/0004/4,,videos/sample_000015_O1__0004__4.pt,ok,0.5586673021,0.5814673305,0.5719708204,0.5590774131,average,0.5586673021,0.5719708204,
O1/0005/1,,videos/sample_000016_O1__0005__1.pt,ok,0.5479623079,0.5824635625,0.5781266551,0.5585207196,average,0.5479623079,0.5781266551,
O1/0005/2,,videos/sample_000017_O1__0005__2.pt,ok,0.5501591563,0.5873546600,0.5768579925,0.5557956101,average,0.5501591563,0.5768579925,
O1/0005/3,,videos/sample_000018_O1__0005__3.pt,ok,0.5491643548,0.5907830596,0.5774321372,0.5538933833,average,0.5491643548,0.5774321372,
O1/0005/4,,videos/sample_000019_O1__0005__4.pt,ok,0.5456023216,0.5789676905,0.5794926373,0.5604766534,average,0.5456023216,0.5794926373,
O1/0006/1,,videos/sample_000020_O1__0006__1.pt,ok,0.5508688092,0.5770252943,0.5764487688,0.5615663791,average,0.5508688092,0.5764487688,
O1/0006/2,,videos/sample_000021_O1__0006__2.pt,ok,0.5471422076,0.5661628246,0.5786009714,0.5676996277,average,0.5471422076,0.5786009714,
O1/0006/3,,videos/sample_000022_O1__0006__3.pt,ok,0.5470009446,0.5779420733,0.5786827121,0.5610517828,average,0.5470009446,0.5786827121,
O1/0006/4,,videos/sample_000023_O1__0006__4.pt,ok,0.5417413116,0.5604590774,0.5817343891,0.5709468949,average,0.5417413116,0.5817343891,
O1/0007/1,,videos/sample_000024_O1__0007__1.pt,ok,0.5520871282,0.5875269175,0.5757468979,0.5556998784,average,0.5520871282,0.5757468979,
O1/0007/2,,videos/sample_000025_O1__0007__2.pt,ok,0.5467383862,0.5890966654,0.5788346700,0.5548282540,average,0.5467383862,0.5788346700,
O1/0007/3,,videos/sample_000026_O1__0007__3.pt,ok,0.5513395667,0.5885164142,0.5761774650,0.5551502872,average,0.5513395667,0.5761774650,
O1/0007/4,,videos/sample_000027_O1__0007__4.pt,ok,0.5396687984,0.5612589717,0.5829412915,0.5704903803,average,0.5396687984,0.5829412915,
O1/0008/1,,videos/sample_000028_O1__0008__1.pt,ok,0.5474340916,0.5799053907,0.5784321117,0.5599513406,average,0.5474340916,0.5784321117,
O1/0008/2,,videos/sample_000029_O1__0008__2.pt,ok,0.5403238535,0.5616194606,0.5825595579,0.5702847619,average,0.5403238535,0.5825595579,
O1/0008/3,,videos/sample_000030_O1__0008__3.pt,ok,0.5452806354,0.5754715800,0.5796790821,0.5624395710,average,0.5452806354,0.5796790821,
O1/0008/4,,videos/sample_000031_O1__0008__4.pt,ok,0.5438970327,0.5640192628,0.5804816827,0.5689178321,average,0.5438970327,0.5804816827,
O1/0009/1,,videos/sample_000032_O1__0009__1.pt,ok,0.6117152572,0.6448077559,0.5424196814,0.5247634151,average,0.6117152572,0.5424196814,
O1/0009/2,,videos/sample_000033_O1__0009__2.pt,ok,0.6098540425,0.6448077559,0.5434301810,0.5247634151,average,0.6098540425,0.5434301810,
O1/0009/3,,videos/sample_000034_O1__0009__3.pt,ok,0.6114748120,0.6464280486,0.5425501193,0.5239138332,average,0.6114748120,0.5425501193,
O1/0009/4,,videos/sample_000035_O1__0009__4.pt,ok,0.6120144129,0.6464280486,0.5422574378,0.5239138332,average,0.6120144129,0.5422574378,
O1/0010/1,,videos/sample_000036_O1__0010__1.pt,ok,0.5523339510,0.5937893391,0.5756048080,0.5522307255,average,0.5523339510,0.5756048080,
O1/0010/2,,videos/sample_000037_O1__0010__2.pt,ok,0.5387450457,0.5755817294,0.5834800339,0.5623776220,average,0.5387450457,0.5834800339,
O1/0010/3,,videos/sample_000038_O1__0010__3.pt,ok,0.5545586348,0.5962117314,0.5743256927,0.5508946249,average,0.5545586348,0.5743256927,
O1/0010/4,,videos/sample_000039_O1__0010__4.pt,ok,0.5489956141,0.5995940566,0.5775295818,0.5490344678,average,0.5489956141,0.5775295818,
O1/0011/1,,videos/sample_000040_O1__0011__1.pt,ok,0.6182363033,0.6299630404,0.5388940456,0.5326114858,average,0.6182363033,0.5388940456,
O1/0011/2,,videos/sample_000041_O1__0011__2.pt,ok,0.6159399748,0.6272361875,0.5401329453,0.5340658209,average,0.6159399748,0.5401329453,
O1/0011/3,,videos/sample_000042_O1__0011__3.pt,ok,0.6177555323,0.6295773387,0.5391531925,0.5328169545,average,0.6177555323,0.5391531925,
O1/0011/4,,videos/sample_000043_O1__0011__4.pt,ok,0.6174066663,0.6295171976,0.5393413175,0.5328489997,average,0.6174066663,0.5393413175,
O1/0012/1,,videos/sample_000044_O1__0012__1.pt,ok,0.6154575944,0.6505287886,0.5403935577,0.5217697979,average,0.6154575944,0.5403935577,
O1/0012/2,,videos/sample_000045_O1__0012__2.pt,ok,0.6156068444,0.6502718329,0.5403129099,0.5219038868,average,0.6156068444,0.5403129099,
O1/0012/3,,videos/sample_000046_O1__0012__3.pt,ok,0.6157571673,0.6505287886,0.5402316946,0.5217697979,average,0.6157571673,0.5402316946,
O1/0012/4,,videos/sample_000047_O1__0012__4.pt,ok,0.6144331098,0.6502718329,0.5409474662,0.5219038868,average,0.6144331098,0.5409474662,
O1/0013/1,,videos/sample_000048_O1__0013__1.pt,ok,0.6198881865,0.6502940655,0.5380045904,0.5218922837,average,0.6198881865,0.5380045904,
O1/0013/2,,videos/sample_000049_O1__0013__2.pt,ok,0.6200629473,0.6491799951,0.5379105765,0.5224740324,average,0.6200629473,0.5379105765,
O1/0013/3,,videos/sample_000050_O1__0013__3.pt,ok,0.6183122993,0.6502940655,0.5388530934,0.5218922837,average,0.6183122993,0.5388530934,
O1/0013/4,,videos/sample_000051_O1__0013__4.pt,ok,0.6196354628,0.6491799951,0.5381405741,0.5224740324,average,0.6196354628,0.5381405741,
O1/0014/1,,videos/sample_000052_O1__0014__1.pt,ok,0.5401055217,0.5809893608,0.5826867630,0.5593446990,average,0.5401055217,0.5826867630,
O1/0014/2,,videos/sample_000053_O1__0014__2.pt,ok,0.5241625905,0.5461142659,0.5920509459,0.5791960452,average,0.5241625905,0.5920509459,
O1/0014/3,,videos/sample_000054_O1__0014__3.pt,ok,0.5376455784,0.5893465877,0.5841219039,0.5546896074,average,0.5376455784,0.5841219039,
O1/0014/4,,videos/sample_000055_O1__0014__4.pt,ok,0.5429448485,0.5840449929,0.5810346714,0.5576381560,average,0.5429448485,0.5810346714,
O1/0015/1,,videos/sample_000056_O1__0015__1.pt,ok,0.6144499183,0.6274398565,0.5409383738,0.5339570593,average,0.6144499183,0.5409383738,
O1/0015/2,,videos/sample_000057_O1__0015__2.pt,ok,0.6124191284,0.6294766665,0.5420380222,0.5328705971,average,0.6124191284,0.5420380222,
O1/0015/3,,videos/sample_000058_O1__0015__3.pt,ok,0.6142076850,0.6291431189,0.5410694229,0.5330483645,average,0.6142076850,0.5410694229,
O1/0015/4,,videos/sample_000059_O1__0015__4.pt,ok,0.6134340763,0.6292720437,0.5414881609,0.5329796457,average,0.6134340763,0.5414881609,
O1/0016/1,,videos/sample_000060_O1__0016__1.pt,ok,0.5578409433,0.5942790508,0.5724436689,0.5519603578,average,0.5578409433,0.5724436689,
O1/0016/2,,videos/sample_000061_O1__0016__2.pt,ok,0.5542950034,0.5939394236,0.5744771229,0.5521478504,average,0.5542950034,0.5744771229,
O1/0016/3,,videos/sample_000062_O1__0016__3.pt,ok,0.5582835674,0.5932988524,0.5721903476,0.5525016537,average,0.5582835674,0.5721903476,
O1/0016/4,,videos/sample_000063_O1__0016__4.pt,ok,0.5459419489,0.5658047199,0.5792958592,0.5679029600,average,0.5459419489,0.5792958592,
O1/0017/1,,videos/sample_000064_O1__0017__1.pt,ok,0.6135394573,0.6296669245,0.5414311013,0.5327692238,average,0.6135394573,0.5414311013,
O1/0017/2,,videos/sample_000065_O1__0017__2.pt,ok,0.6148743629,0.6282590628,0.5407088241,0.5335198175,average,0.6148743629,0.5407088241,
O1/0017/3,,videos/sample_000066_O1__0017__3.pt,ok,0.6154351234,0.6280165911,0.5404057010,0.5336491966,average,0.6154351234,0.5404057010,
O1/0017/4,,videos/sample_000067_O1__0017__4.pt,ok,0.6153829694,0.6286811233,0.5404338860,0.5332946874,average,0.6153829694,0.5404338860,
O1/0018/1,,videos/sample_000068_O1__0018__1.pt,ok,0.5494993925,0.5831141472,0.5772387081,0.5581574727,average,0.5494993925,0.5772387081,
O1/0018/2,,videos/sample_000069_O1__0018__2.pt,ok,0.5329380631,0.5531252623,0.5868781491,0.5751495056,average,0.5329380631,0.5868781491,
O1/0018/3,,videos/sample_000070_O1__0018__3.pt,ok,0.5478429794,0.5835010409,0.5781956462,0.5579415669,average,0.5478429794,0.5781956462,
O1/0018/4,,videos/sample_000071_O1__0018__4.pt,ok,0.5449377894,0.5821951628,0.5798778567,0.5586706465,average,0.5449377894,0.5798778567,
O1/0019/1,,videos/sample_000072_O1__0019__1.pt,ok,0.6137387156,0.6401335597,0.5413232274,0.5272220037,average,0.6137387156,0.5413232274,
O1/0019/2,,videos/sample_000073_O1__0019__2.pt,ok,0.6139093041,0.6409310102,0.5412308918,0.5268017378,average,0.6139093041,0.5412308918,
O1/0019/3,,videos/sample_000074_O1__0019__3.pt,ok,0.6120570898,0.6401335597,0.5422342964,0.5272220037,average,0.6120570898,0.5422342964,
O1/0019/4,,videos/sample_000075_O1__0019__4.pt,ok,0.6132549644,0.6409310102,0.5415851566,0.5268017378,average,0.6132549644,0.5415851566,
O1/0020/1,,videos/sample_000076_O1__0020__1.pt,ok,0.5515416861,0.5885069370,0.5760610202,0.5551555484,average,0.5515416861,0.5760610202,
O1/0020/2,,videos/sample_000077_O1__0020__2.pt,ok,0.5520211458,0.5848275423,0.5757848883,0.5572019473,average,0.5520211458,0.5757848883,
O1/0020/3,,videos/sample_000078_O1__0020__3.pt,ok,0.5539324284,0.5885004401,0.5746854517,0.5551591553,average,0.5539324284,0.5746854517,
O1/0020/4,,videos/sample_000079_O1__0020__4.pt,ok,0.5406653285,0.5613671541,0.5823606623,0.5704286666,average,0.5406653285,0.5823606623,
O1/0021/1,,videos/sample_000080_O1__0021__1.pt,ok,0.5444547534,0.5893512964,0.5801580263,0.5546869955,average,0.5444547534,0.5801580263,
O1/0021/2,,videos/sample_000081_O1__0021__2.pt,ok,0.5309027433,0.5504626632,0.5880738502,0.5766829387,average,0.5309027433,0.5880738502,
O1/0021/3,,videos/sample_000082_O1__0021__3.pt,ok,0.5473659039,0.5826276541,0.5784715550,0.5584290786,average,0.5473659039,0.5784715550,
O1/0021/4,,videos/sample_000083_O1__0021__4.pt,ok,0.5455704331,0.5797353387,0.5795111167,0.5600465696,average,0.5455704331,0.5795111167,
O1/0022/1,,videos/sample_000084_O1__0022__1.pt,ok,0.5454019308,0.5743776560,0.5796087739,0.5630551738,average,0.5454019308,0.5796087739,
O1/0022/2,,videos/sample_000085_O1__0022__2.pt,ok,0.5455020070,0.5783715248,0.5795507718,0.5608108900,average,0.5455020070,0.5795507718,
O1/0022/3,,videos/sample_000086_O1__0022__3.pt,ok,0.5417409539,0.5825311542,0.5817345971,0.5584829695,average,0.5417409539,0.5817345971,
O1/0022/4,,videos/sample_000087_O1__0022__4.pt,ok,0.5329380631,0.5531252623,0.5868781491,0.5751495056,average,0.5329380631,0.5868781491,
O1/0023/1,,videos/sample_000088_O1__0023__1.pt,ok,0.5467017889,0.5776047707,0.5788558542,0.5612410589,average,0.5467017889,0.5788558542,
O1/0023/2,,videos/sample_000089_O1__0023__2.pt,ok,0.5464969873,0.5676749945,0.5789744169,0.5668418182,average,0.5464969873,0.5789744169,
O1/0023/3,,videos/sample_000090_O1__0023__3.pt,ok,0.5442689657,0.5635948181,0.5802658225,0.5691593575,average,0.5442689657,0.5802658225,
O1/0023/4,,videos/sample_000091_O1__0023__4.pt,ok,0.5489739180,0.5782551169,0.5775421120,0.5608761766,average,0.5489739180,0.5775421120,
O1/0024/1,,videos/sample_000092_O1__0024__1.pt,ok,0.5426375866,0.5878084302,0.5812132287,0.5555434639,average,0.5426375866,0.5812132287,
O1/0024/2,,videos/sample_000093_O1__0024__2.pt,ok,0.5207096934,0.5446467996,0.5940987703,0.5800466199,average,0.5207096934,0.5940987703,
O1/0024/3,,videos/sample_000094_O1__0024__3.pt,ok,0.5412022471,0.5843802094,0.5820480659,0.5574512578,average,0.5412022471,0.5820480659,
O1/0024/4,,videos/sample_000095_O1__0024__4.pt,ok,0.5325155258,0.5692988634,0.5871261794,0.5659220883,average,0.5325155258,0.5871261794,
O1/0025/1,,videos/sample_000096_O1__0025__1.pt,ok,0.5627389550,0.5951021910,0.5696466885,0.5515062040,average,0.5627389550,0.5696466885,
O1/0025/2,,videos/sample_000097_O1__0025__2.pt,ok,0.5592654347,0.5926650763,0.5716288083,0.5528519271,average,0.5592654347,0.5716288083,
O1/0025/3,,videos/sample_000098_O1__0025__3.pt,ok,0.5644940734,0.5988813639,0.5686477680,0.5494259001,average,0.5644940734,0.5686477680,
O1/0025/4,,videos/sample_000099_O1__0025__4.pt,ok,0.5653306842,0.6006217599,0.5681722301,0.5484705131,average,0.5653306842,0.5681722301,
O1/0026/1,,videos/sample_000100_O1__0026__1.pt,ok,0.5532065034,0.5873187780,0.5751027817,0.5558155535,average,0.5532065034,0.5751027817,
O1/0026/2,,videos/sample_000101_O1__0026__2.pt,ok,0.5605096817,0.5974773765,0.5709180032,0.5501978289,average,0.5605096817,0.5709180032,
O1/0026/3,,videos/sample_000102_O1__0026__3.pt,ok,0.5604909062,0.6053266525,0.5709287226,0.5458960792,average,0.5604909062,0.5709287226,
O1/0026/4,,videos/sample_000103_O1__0026__4.pt,ok,0.5625398159,0.6000744700,0.5697601388,0.5487707676,average,0.5625398159,0.5697601388,
O1/0027/1,,videos/sample_000104_O1__0027__1.pt,ok,0.5322084427,0.5654343367,0.5873065037,0.5681133407,average,0.5322084427,0.5873065037,
O1/0027/2,,videos/sample_000105_O1__0027__2.pt,ok,0.5296905637,0.5656682253,0.5887871336,0.5679804810,average,0.5296905637,0.5887871336,
O1/0027/3,,videos/sample_000106_O1__0027__3.pt,ok,0.5273375511,0.5513156652,0.5901741884,0.5761912367,average,0.5273375511,0.5901741884,
O1/0027/4,,videos/sample_000107_O1__0027__4.pt,ok,0.5301570296,0.5545645952,0.5885125485,0.5743222694,average,0.5301570296,0.5885125485,
O1/0028/1,,videos/sample_000108_O1__0028__1.pt,ok,0.5540741086,0.5965539813,0.5746040359,0.5507061136,average,0.5540741086,0.5746040359,
O1/0028/2,,videos/sample_000109_O1__0028__2.pt,ok,0.5488907099,0.5833501816,0.5775901702,0.5580257439,average,0.5488907099,0.5775901702,
O1/0028/3,,videos/sample_000110_O1__0028__3.pt,ok,0.5518847108,0.5928036571,0.5758634509,0.5527753177,average,0.5518847108,0.5758634509,
O1/0028/4,,videos/sample_000111_O1__0028__4.pt,ok,0.5520218611,0.5861988664,0.5757844765,0.5564383665,average,0.5520218611,0.5757844765,
O1/0029/1,,videos/sample_000112_O1__0029__1.pt,ok,0.6145237684,0.6462060213,0.5408984269,0.5240301693,average,0.6145237684,0.5408984269,
O1/0029/2,,videos/sample_000113_O1__0029__2.pt,ok,0.6117347479,0.6471714377,0.5424091094,0.5235245061,average,0.6117347479,0.5424091094,
O1/0029/3,,videos/sample_000114_O1__0029__3.pt,ok,0.6145532131,0.6471714377,0.5408825005,0.5235245061,average,0.6145532131,0.5408825005,
O1/0029/4,,videos/sample_000115_O1__0029__4.pt,ok,0.6151972413,0.6462060213,0.5405342691,0.5240301693,average,0.6151972413,0.5405342691,
O1/0030/1,,videos/sample_000116_O1__0030__1.pt,ok,0.5396687984,0.5612589717,0.5829412915,0.5704903803,average,0.5396687984,0.5829412915,
O1/0030/2,,videos/sample_000117_O1__0030__2.pt,ok,0.5434832573,0.5666295290,0.5807219214,0.5674347416,average,0.5434832573,0.5807219214,
O1/0030/3,,videos/sample_000118_O1__0030__3.pt,ok,0.5457955599,0.5771686435,0.5793806679,0.5614858848,average,0.5457955599,0.5793806679,
O1/0030/4,,videos/sample_000119_O1__0030__4.pt,ok,0.5438435674,0.5799034238,0.5805127192,0.5599524420,average,0.5438435674,0.5805127192,
O1/0031/1,,videos/sample_000120_O1__0031__1.pt,ok,0.6243119836,0.6532509923,0.5356298239,0.5203513657,average,0.6243119836,0.5356298239,
O1/0031/2,,videos/sample_000121_O1__0031__2.pt,ok,0.6234552264,0.6518538594,0.5360889252,0.5210788738,average,0.6234552264,0.5360889252,
O1/0031/3,,videos/sample_000122_O1__0031__3.pt,ok,0.6238359213,0.6518538594,0.5358848778,0.5210788738,average,0.6238359213,0.5358848778,
O1/0031/4,,videos/sample_000123_O1__0031__4.pt,ok,0.6232976913,0.6532509923,0.5361733847,0.5203513657,average,0.6232976913,0.5361733847,
O1/0032/1,,videos/sample_000124_O1__0032__1.pt,ok,0.5342446566,0.5722870231,0.5861118387,0.5642335468,average,0.5342446566,0.5861118387,
O1/0032/2,,videos/sample_000125_O1__0032__2.pt,ok,0.5223075151,0.5474323630,0.5931502644,0.5784331115,average,0.5223075151,0.5931502644,
O1/0032/3,,videos/sample_000126_O1__0032__3.pt,ok,0.5295646787,0.5520144701,0.5888612578,0.5757887321,average,0.5295646787,0.5888612578,
O1/0032/4,,videos/sample_000127_O1__0032__4.pt,ok,0.5320457220,0.5759885907,0.5874020783,0.5621488589,average,0.5320457220,0.5874020783,
O1/0033/1,,videos/sample_000128_O1__0033__1.pt,ok,0.5835390687,0.6070292592,0.5579203500,0.5449674237,average,0.5835390687,0.5579203500,
O1/0033/2,,videos/sample_000129_O1__0033__2.pt,ok,0.5815408230,0.5997402668,0.5590363266,0.5489541992,average,0.5815408230,0.5590363266,
O1/0033/3,,videos/sample_000130_O1__0033__3.pt,ok,0.5828424692,0.6021335125,0.5583091324,0.5476419878,average,0.5828424692,0.5583091324,
O1/0033/4,,videos/sample_000131_O1__0033__4.pt,ok,0.5834847093,0.6022452712,0.5579506791,0.5475807874,average,0.5834847093,0.5579506791,
O1/0034/1,,videos/sample_000132_O1__0034__1.pt,ok,0.6135050058,0.6442328691,0.5414497548,0.5250651813,average,0.6135050058,0.5414497548,
O1/0034/2,,videos/sample_000133_O1__0034__2.pt,ok,0.6116623282,0.6442328691,0.5424483919,0.5250651813,average,0.6116623282,0.5424483919,
O1/0034/3,,videos/sample_000134_O1__0034__3.pt,ok,0.6142687798,0.6440885663,0.5410363674,0.5251409552,average,0.6142687798,0.5410363674,
O1/0034/4,,videos/sample_000135_O1__0034__4.pt,ok,0.6147893667,0.6440885663,0.5407547843,0.5251409552,average,0.6147893667,0.5407547843,
O1/0035/1,,videos/sample_000136_O1__0035__1.pt,ok,0.6238635778,0.6505572200,0.5358700572,0.5217549635,average,0.6238635778,0.5358700572,
O1/0035/2,,videos/sample_000137_O1__0035__2.pt,ok,0.6234153509,0.6515012980,0.5361103025,0.5212626185,average,0.6234153509,0.5361103025,
O1/0035/3,,videos/sample_000138_O1__0035__3.pt,ok,0.6221194267,0.6515012980,0.5368055111,0.5212626185,average,0.6221194267,0.5368055111,
O1/0035/4,,videos/sample_000139_O1__0035__4.pt,ok,0.6237147450,0.6505572200,0.5359498182,0.5217549635,average,0.6237147450,0.5359498182,
O1/0036/1,,videos/sample_000140_O1__0036__1.pt,ok,0.5564408898,0.5849457979,0.5732456820,0.5571360589,average,0.5564408898,0.5732456820,
O1/0036/2,,videos/sample_000141_O1__0036__2.pt,ok,0.5551055670,0.5827998519,0.5740116613,0.5583329266,average,0.5551055670,0.5740116613,
O1/0036/3,,videos/sample_000142_O1__0036__3.pt,ok,0.5562908649,0.5829221010,0.5733316895,0.5582646750,average,0.5562908649,0.5733316895,
O1/0036/4,,videos/sample_000143_O1__0036__4.pt,ok,0.5571606159,0.5855416656,0.5728332505,0.5568041785,average,0.5571606159,0.5728332505,
O1/0037/1,,videos/sample_000144_O1__0037__1.pt,ok,0.5484277010,0.5861439109,0.5778576615,0.5564689467,average,0.5484277010,0.5778576615,
O1/0037/2,,videos/sample_000145_O1__0037__2.pt,ok,0.5496332049,0.5885763168,0.5771614715,0.5551170332,average,0.5496332049,0.5771614715,
O1/0037/3,,videos/sample_000146_O1__0037__3.pt,ok,0.5483157635,0.5941823125,0.5779223491,0.5520137561,average,0.5483157635,0.5779223491,
O1/0037/4,,videos/sample_000147_O1__0037__4.pt,ok,0.5342454314,0.5516054034,0.5861113846,0.5760243163,average,0.5342454314,0.5861113846,
O1/0038/1,,videos/sample_000148_O1__0038__1.pt,ok,0.5611771941,0.5842190385,0.5705370355,0.5575411100,average,0.5611771941,0.5705370355,
O1/0038/2,,videos/sample_000149_O1__0038__2.pt,ok,0.5612108707,0.5836171508,0.5705178221,0.5578767881,average,0.5612108707,0.5705178221,
O1/0038/3,,videos/sample_000150_O1__0038__3.pt,ok,0.5593506694,0.5801817775,0.5715800878,0.5597965989,average,0.5593506694,0.5715800878,
O1/0038/4,,videos/sample_000151_O1__0038__4.pt,ok,0.5595495105,0.5805187225,0.5714664455,0.5596080100,average,0.5595495105,0.5714664455,
O1/0039/1,,videos/sample_000152_O1__0039__1.pt,ok,0.5574823022,0.5925040245,0.5726490076,0.5529409720,average,0.5574823022,0.5726490076,
O1/0039/2,,videos/sample_000153_O1__0039__2.pt,ok,0.5512594581,0.5839464068,0.5762236237,0.5576931341,average,0.5512594581,0.5762236237,
O1/0039/3,,videos/sample_000154_O1__0039__3.pt,ok,0.5606698394,0.5933628082,0.5708265736,0.5524663192,average,0.5606698394,0.5708265736,
O1/0039/4,,videos/sample_000155_O1__0039__4.pt,ok,0.5599145293,0.6011277437,0.5712578876,0.5481930661,average,0.5599145293,0.5712578876,
O1/0040/1,,videos/sample_000156_O1__0040__1.pt,ok,0.6246178150,0.6524885893,0.5354660365,0.5207482344,average,0.6246178150,0.5354660365,
O1/0040/2,,videos/sample_000157_O1__0040__2.pt,ok,0.6231757402,0.6524885893,0.5362387756,0.5207482344,average,0.6231757402,0.5362387756,
O1/0040/3,,videos/sample_000158_O1__0040__3.pt,ok,0.6246892214,0.6536024213,0.5354278022,0.5201685313,average,0.6246892214,0.5354278022,
O1/0040/4,,videos/sample_000159_O1__0040__4.pt,ok,0.6244919896,0.6536024213,0.5355334160,0.5201685313,average,0.6244919896,0.5355334160,
O1/0041/1,,videos/sample_000160_O1__0041__1.pt,ok,0.6179181933,0.6485340595,0.5390655004,0.5228116260,average,0.6179181933,0.5390655004,
O1/0041/2,,videos/sample_000161_O1__0041__2.pt,ok,0.6191471219,0.6483776569,0.5384034343,0.5228934015,average,0.6191471219,0.5384034343,
O1/0041/3,,videos/sample_000162_O1__0041__3.pt,ok,0.6188240051,0.6485340595,0.5385774296,0.5228116260,average,0.6188240051,0.5385774296,
O1/0041/4,,videos/sample_000163_O1__0041__4.pt,ok,0.6191539764,0.6483776569,0.5383997438,0.5228934015,average,0.6191539764,0.5383997438,
O1/0042/1,,videos/sample_000164_O1__0042__1.pt,ok,0.6246454716,0.6519072056,0.5354512276,0.5210510770,average,0.6246454716,0.5354512276,
O1/0042/2,,videos/sample_000165_O1__0042__2.pt,ok,0.6211226583,0.6501880884,0.5373408487,0.5219475952,average,0.6211226583,0.5373408487,
O1/0042/3,,videos/sample_000166_O1__0042__3.pt,ok,0.6238024235,0.6519072056,0.5359028290,0.5210510770,average,0.6238024235,0.5359028290,
O1/0042/4,,videos/sample_000167_O1__0042__4.pt,ok,0.6240020990,0.6501880884,0.5357958330,0.5219475952,average,0.6240020990,0.5357958330,
O1/0043/1,,videos/sample_000168_O1__0043__1.pt,ok,0.5522350073,0.5938168168,0.5756617633,0.5522155517,average,0.5522350073,0.5756617633,
O1/0043/2,,videos/sample_000169_O1__0043__2.pt,ok,0.5458100438,0.5810802579,0.5793722763,0.5592938585,average,0.5458100438,0.5793722763,
O1/0043/3,,videos/sample_000170_O1__0043__3.pt,ok,0.5537600517,0.5979934931,0.5747845226,0.5499139360,average,0.5537600517,0.5747845226,
O1/0043/4,,videos/sample_000171_O1__0043__4.pt,ok,0.5515908003,0.5907382965,0.5760327281,0.5539181779,average,0.5515908003,0.5760327281,
O1/0044/1,,videos/sample_000172_O1__0044__1.pt,ok,0.6194521189,0.6349837184,0.5382392480,0.5299441166,average,0.6194521189,0.5382392480,
O1/0044/2,,videos/sample_000173_O1__0044__2.pt,ok,0.6198295355,0.6349837184,0.5380361458,0.5299441166,average,0.6198295355,0.5380361458,
O1/0044/3,,videos/sample_000174_O1__0044__3.pt,ok,0.6208033562,0.6355614066,0.5375124502,0.5296380625,average,0.6208033562,0.5375124502,
O1/0044/4,,videos/sample_000175_O1__0044__4.pt,ok,0.6198033094,0.6355614066,0.5380502566,0.5296380625,average,0.6198033094,0.5380502566,
O1/0045/1,,videos/sample_000176_O1__0045__1.pt,ok,0.5490209460,0.6018462777,0.5775149520,0.5477993122,average,0.5490209460,0.5775149520,
O1/0045/2,,videos/sample_000177_O1__0045__2.pt,ok,0.5509007573,0.5885732174,0.5764303526,0.5551187538,average,0.5509007573,0.5764303526,
O1/0045/3,,videos/sample_000178_O1__0045__3.pt,ok,0.5426491499,0.5821867585,0.5812065080,0.5586753418,average,0.5426491499,0.5812065080,
O1/0045/4,,videos/sample_000179_O1__0045__4.pt,ok,0.5311917067,0.5515401363,0.5879039430,0.5760619129,average,0.5311917067,0.5879039430,
O1/0046/1,,videos/sample_000180_O1__0046__1.pt,ok,0.5446589589,0.5648119450,0.5800395669,0.5684670398,average,0.5446589589,0.5800395669,
O1/0046/2,,videos/sample_000181_O1__0046__2.pt,ok,0.5455262065,0.5706643462,0.5795367471,0.5651498588,average,0.5455262065,0.5795367471,
O1/0046/3,,videos/sample_000182_O1__0046__3.pt,ok,0.5420650840,0.5623174310,0.5815460700,0.5698868589,average,0.5420650840,0.5815460700,
O1/0046/4,,videos/sample_000183_O1__0046__4.pt,ok,0.5440965295,0.5753584504,0.5803658900,0.5625032032,average,0.5440965295,0.5803658900,
O1/0047/1,,videos/sample_000184_O1__0047__1.pt,ok,0.5544272661,0.6001403928,0.5744011460,0.5487345923,average,0.5544272661,0.5744011460,
O1/0047/2,,videos/sample_000185_O1__0047__2.pt,ok,0.5417585373,0.5828850269,0.5817243684,0.5582853726,average,0.5417585373,0.5817243684,
O1/0047/3,,videos/sample_000186_O1__0047__3.pt,ok,0.5498787165,0.6067228913,0.5770197891,0.5451344098,average,0.5498787165,0.5770197891,
O1/0047/4,,videos/sample_000187_O1__0047__4.pt,ok,0.5528277159,0.5976188779,0.5753206647,0.5501199807,average,0.5528277159,0.5753206647,
O1/0048/1,,videos/sample_000188_O1__0048__1.pt,ok,0.5495986938,0.5836492777,0.5771813904,0.5578588656,average,0.5495986938,0.5771813904,
O1/0048/2,,videos/sample_000189_O1__0048__2.pt,ok,0.5585562587,0.5964459181,0.5720343376,0.5507656279,average,0.5585562587,0.5720343376,
O1/0048/3,,videos/sample_000190_O1__0048__3.pt,ok,0.5603357553,0.5958498120,0.5710173095,0.5510940405,average,0.5603357553,0.5710173095,
O1/0048/4,,videos/sample_000191_O1__0048__4.pt,ok,0.5585240722,0.5922535658,0.5720527497,0.5530794783,average,0.5585240722,0.5720527497,
O1/0049/1,,videos/sample_000192_O1__0049__1.pt,ok,0.5673109889,0.6051645279,0.5670481893,0.5459845896,average,0.5673109889,0.5670481893,
O1/0049/2,,videos/sample_000193_O1__0049__2.pt,ok,0.5645633936,0.5996993780,0.5686083506,0.5489766457,average,0.5645633936,0.5686083506,
O1/0049/3,,videos/sample_000194_O1__0049__3.pt,ok,0.5581666827,0.5968500376,0.5722572318,0.5505430977,average,0.5581666827,0.5722572318,
O1/0049/4,,videos/sample_000195_O1__0049__4.pt,ok,0.5659795403,0.6118181348,0.5678036876,0.5423638815,average,0.5659795403,0.5678036876,
O1/0050/1,,videos/sample_000196_O1__0050__1.pt,ok,0.5348642468,0.5738760829,0.5857488020,0.5633376580,average,0.5348642468,0.5857488020,
O1/0050/2,,videos/sample_000197_O1__0050__2.pt,ok,0.5203605294,0.5441916585,0.5943062445,0.5803106830,average,0.5203605294,0.5943062445,
O1/0050/3,,videos/sample_000198_O1__0050__3.pt,ok,0.5380921960,0.5752876997,0.5838610830,0.5625430021,average,0.5380921960,0.5838610830,
O1/0050/4,,videos/sample_000199_O1__0050__4.pt,ok,0.5337343812,0.5813153982,0.5864109935,0.5591623614,average,0.5337343812,0.5864109935,
O1/0051/1,,videos/sample_000200_O1__0051__1.pt,ok,0.5404183865,0.5844502449,0.5825044894,0.5574122178,average,0.5404183865,0.5825044894,
O1/0051/2,,videos/sample_000201_O1__0051__2.pt,ok,0.5363389254,0.5912649035,0.5848856474,0.5536265575,average,0.5363389254,0.5848856474,
O1/0051/3,,videos/sample_000202_O1__0051__3.pt,ok,0.5219674706,0.5455431938,0.5933519962,0.5795269024,average,0.5219674706,0.5933519962,
O1/0051/4,,videos/sample_000203_O1__0051__4.pt,ok,0.5406329632,0.5848972201,0.5823795109,0.5571631240,average,0.5406329632,0.5823795109,
O1/0052/1,,videos/sample_000204_O1__0052__1.pt,ok,0.5671661496,0.5888872147,0.5671303261,0.5549444753,average,0.5671661496,0.5671303261,
O1/0052/2,,videos/sample_000205_O1__0052__2.pt,ok,0.5682942867,0.5906176567,0.5664908861,0.5539850065,average,0.5682942867,0.5664908861,
O1/0052/3,,videos/sample_000206_O1__0052__3.pt,ok,0.5667978525,0.5888872147,0.5673392370,0.5549444753,average,0.5667978525,0.5673392370,
O1/0052/4,,videos/sample_000207_O1__0052__4.pt,ok,0.5683730841,0.5906176567,0.5664462499,0.5539850065,average,0.5683730841,0.5664462499,
O1/0053/1,,videos/sample_000208_O1__0053__1.pt,ok,0.6264636517,0.6339156628,0.5344785653,0.5305104288,average,0.6264636517,0.5344785653,
O1/0053/2,,videos/sample_000209_O1__0053__2.pt,ok,0.6258784533,0.6343114972,0.5347914328,0.5303004760,average,0.6258784533,0.5347914328,
O1/0053/3,,videos/sample_000210_O1__0053__3.pt,ok,0.6261433959,0.6340400577,0.5346497626,0.5304444401,average,0.6261433959,0.5346497626,
O1/0053/4,,videos/sample_000211_O1__0053__4.pt,ok,0.6271557808,0.6340400577,0.5341087651,0.5304444401,average,0.6271557808,0.5341087651,
O1/0054/1,,videos/sample_000212_O1__0054__1.pt,ok,0.5516635776,0.5953555107,0.5759908075,0.5513665143,average,0.5516635776,0.5759908075,
O1/0054/2,,videos/sample_000213_O1__0054__2.pt,ok,0.5522313118,0.5847555995,0.5756638906,0.5572420354,average,0.5522313118,0.5756638906,
O1/0054/3,,videos/sample_000214_O1__0054__3.pt,ok,0.5510689020,0.5845600367,0.5763334370,0.5573510219,average,0.5510689020,0.5763334370,
O1/0054/4,,videos/sample_000215_O1__0054__4.pt,ok,0.5449997187,0.5644844770,0.5798419465,0.5686532250,average,0.5449997187,0.5798419465,
O1/0055/1,,videos/sample_000216_O1__0055__1.pt,ok,0.6097587943,0.6247067451,0.5434819442,0.5354184195,average,0.6097587943,0.5434819442,
O1/0055/2,,videos/sample_000217_O1__0055__2.pt,ok,0.6092381477,0.6245060563,0.5437649799,0.5355258828,average,0.6092381477,0.5437649799,
O1/0055/3,,videos/sample_000218_O1__0055__3.pt,ok,0.6083894372,0.6238752007,0.5442266749,0.5358638289,average,0.6083894372,0.5442266749,
O1/0055/4,,videos/sample_000219_O1__0055__4.pt,ok,0.6070227027,0.6228377223,0.5449709968,0.5364200646,average,0.6070227027,0.5449709968,
O1/0056/1,,videos/sample_000220_O1__0056__1.pt,ok,0.5301680565,0.5517882705,0.5885060591,0.5759189900,average,0.5301680565,0.5885060591,
O1/0056/2,,videos/sample_000221_O1__0056__2.pt,ok,0.5265645385,0.5462654829,0.5906305769,0.5791084676,average,0.5265645385,0.5906305769,
O1/0056/3,,videos/sample_000222_O1__0056__3.pt,ok,0.5275613666,0.5623704791,0.5900421131,0.5698566283,average,0.5275613666,0.5900421131,
O1/0056/4,,videos/sample_000223_O1__0056__4.pt,ok,0.5308715701,0.5624970198,0.5880921827,0.5697845228,average,0.5308715701,0.5880921827,
O1/0057/1,,videos/sample_000224_O1__0057__1.pt,ok,0.6187347174,0.6311055422,0.5386255201,0.5320033237,average,0.6187347174,0.5386255201,
O1/0057/2,,videos/sample_000225_O1__0057__2.pt,ok,0.6175050139,0.6305726767,0.5392882772,0.5322868854,average,0.6175050139,0.5392882772,
O1/0057/3,,videos/sample_000226_O1__0057__3.pt,ok,0.6184715629,0.6299839020,0.5387672805,0.5326003748,average,0.6184715629,0.5387672805,
O1/0057/4,,videos/sample_000227_O1__0057__4.pt,ok,0.6165198684,0.6319392323,0.5398198164,0.5315599825,average,0.6165198684,0.5398198164,
O1/0058/1,,videos/sample_000228_O1__0058__1.pt,ok,0.5658615232,0.5865709186,0.5678707022,0.5562313809,average,0.5658615232,0.5678707022,
O1/0058/2,,videos/sample_000229_O1__0058__2.pt,ok,0.5663434863,0.5864109993,0.5675970754,0.5563203401,average,0.5663434863,0.5675970754,
O1/0058/3,,videos/sample_000230_O1__0058__3.pt,ok,0.5674887300,0.5893144608,0.5669474105,0.5547074281,average,0.5674887300,0.5669474105,
O1/0058/4,,videos/sample_000231_O1__0058__4.pt,ok,0.5676091909,0.5917231441,0.5668791196,0.5533729215,average,0.5676091909,0.5668791196,
O1/0059/1,,videos/sample_000232_O1__0059__1.pt,ok,0.5392931700,0.5574733019,0.5831603019,0.5726541616,average,0.5392931700,0.5831603019,
O1/0059/2,,videos/sample_000233_O1__0059__2.pt,ok,0.5404356718,0.5697486401,0.5824944207,0.5656676070,average,0.5404356718,0.5824944207,
O1/0059/3,,videos/sample_000234_O1__0059__3.pt,ok,0.5344337225,0.5532846451,0.5860010354,0.5750578439,average,0.5344337225,0.5860010354,
O1/0059/4,,videos/sample_000235_O1__0059__4.pt,ok,0.5362919569,0.5723795295,0.5849131192,0.5641813540,average,0.5362919569,0.5849131192,
O1/0060/1,,videos/sample_000236_O1__0060__1.pt,ok,0.6298165917,0.6550930142,0.5326894917,0.5193937493,average,0.6298165917,0.5326894917,
O1/0060/2,,videos/sample_000237_O1__0060__2.pt,ok,0.6299547553,0.6550930142,0.5326158985,0.5193937493,average,0.6299547553,0.5326158985,
O1/0060/3,,videos/sample_000238_O1__0060__3.pt,ok,0.6284704804,0.6547759771,0.5334070339,0.5195584425,average,0.6284704804,0.5334070339,
O1/0060/4,,videos/sample_000239_O1__0060__4.pt,ok,0.6271170378,0.6547759771,0.5341294585,0.5195584425,average,0.6271170378,0.5341294585,
O1/0061/1,,videos/sample_000240_O1__0061__1.pt,ok,0.5675099492,0.6041472554,0.5669353805,0.5465402872,average,0.5675099492,0.5669353805,
O1/0061/2,,videos/sample_000241_O1__0061__2.pt,ok,0.5664595366,0.5968929529,0.5675312094,0.5505194715,average,0.5664595366,0.5675312094,
O1/0061/3,,videos/sample_000242_O1__0061__3.pt,ok,0.5643311739,0.5961477160,0.5687404080,0.5509298918,average,0.5643311739,0.5687404080,
O1/0061/4,,videos/sample_000243_O1__0061__4.pt,ok,0.5684105158,0.6003979445,0.5664250472,0.5485932830,average,0.5684105158,0.5664250472,
O1/0062/1,,videos/sample_000244_O1__0062__1.pt,ok,0.6273174286,0.6504113078,0.5340224346,0.5218310994,average,0.6273174286,0.5340224346,
O1/0062/2,,videos/sample_000245_O1__0062__2.pt,ok,0.6269544959,0.6504113078,0.5342162839,0.5218310994,average,0.6269544959,0.5342162839,
O1/0062/3,,videos/sample_000246_O1__0062__3.pt,ok,0.6268213987,0.6527285576,0.5342873914,0.5206232864,average,0.6268213987,0.5342873914,
O1/0062/4,,videos/sample_000247_O1__0062__4.pt,ok,0.6261050105,0.6527285576,0.5346702857,0.5206232864,average,0.6261050105,0.5346702857,
O1/0063/1,,videos/sample_000248_O1__0063__1.pt,ok,0.5283893943,0.5513567328,0.5895537441,0.5761675744,average,0.5283893943,0.5895537441,
O1/0063/2,,videos/sample_000249_O1__0063__2.pt,ok,0.5309525728,0.5666909814,0.5880445475,0.5673998725,average,0.5309525728,0.5880445475,
O1/0063/3,,videos/sample_000250_O1__0063__3.pt,ok,0.5303677917,0.5627610683,0.5883885255,0.5696340919,average,0.5303677917,0.5883885255,
O1/0063/4,,videos/sample_000251_O1__0063__4.pt,ok,0.5267332792,0.5492163897,0.5905309218,0.5774020914,average,0.5267332792,0.5905309218,
O1/0064/1,,videos/sample_000252_O1__0064__1.pt,ok,0.6189087033,0.6323784590,0.5385318150,0.5313265585,average,0.6189087033,0.5385318150,
O1/0064/2,,videos/sample_000253_O1__0064__2.pt,ok,0.6175318360,0.6286733747,0.5392738126,0.5332988197,average,0.6175318360,0.5392738126,
O1/0064/3,,videos/sample_000254_O1__0064__3.pt,ok,0.6181256175,0.6305698752,0.5389536968,0.5322883766,average,0.6181256175,0.5389536968,
O1/0064/4,,videos/sample_000255_O1__0064__4.pt,ok,0.6189763546,0.6287220120,0.5384953839,0.5332728820,average,0.6189763546,0.5384953839,
O1/0065/1,,videos/sample_000256_O1__0065__1.pt,ok,0.5512049198,0.5901216865,0.5762550508,0.5542598347,average,0.5512049198,0.5762550508,
O1/0065/2,,videos/sample_000257_O1__0065__2.pt,ok,0.5476275086,0.5909059644,0.5783202438,0.5538253114,average,0.5476275086,0.5783202438,
O1/0065/3,,videos/sample_000258_O1__0065__3.pt,ok,0.5432334542,0.5808021426,0.5808670057,0.5594494283,average,0.5432334542,0.5808670057,
O1/0065/4,,videos/sample_000259_O1__0065__4.pt,ok,0.5309027433,0.5504626632,0.5880738502,0.5766829387,average,0.5309027433,0.5880738502,
O1/0066/1,,videos/sample_000260_O1__0066__1.pt,ok,0.5515650511,0.5856717825,0.5760475607,0.5567317335,average,0.5515650511,0.5760475607,
O1/0066/2,,videos/sample_000261_O1__0066__2.pt,ok,0.5475159883,0.5856717825,0.5783847419,0.5567317335,average,0.5475159883,0.5783847419,
O1/0066/3,,videos/sample_000262_O1__0066__3.pt,ok,0.5542365313,0.5935453773,0.5745107148,0.5523654651,average,0.5542365313,0.5745107148,
O1/0066/4,,videos/sample_000263_O1__0066__4.pt,ok,0.5545648336,0.5935453773,0.5743221325,0.5523654651,average,0.5545648336,0.5743221325,
O1/0067/1,,videos/sample_000264_O1__0067__1.pt,ok,0.5388902426,0.5606908202,0.5833953206,0.5708145973,average,0.5388902426,0.5833953206,
O1/0067/2,,videos/sample_000265_O1__0067__2.pt,ok,0.5450816751,0.5759967566,0.5797944267,0.5621442685,average,0.5450816751,0.5797944267,
O1/0067/3,,videos/sample_000266_O1__0067__3.pt,ok,0.5423045754,0.5632166862,0.5814068114,0.5693746155,average,0.5423045754,0.5814068114,
O1/0067/4,,videos/sample_000267_O1__0067__4.pt,ok,0.5432122946,0.5751822591,0.5808792967,0.5626023201,average,0.5432122946,0.5808792967,
O1/0068/1,,videos/sample_000268_O1__0068__1.pt,ok,0.5658779144,0.5994107127,0.5678613941,0.5491351391,average,0.5658779144,0.5678613941,
O1/0068/2,,videos/sample_000269_O1__0068__2.pt,ok,0.5648686290,0.5990893245,0.5684348177,0.5493116531,average,0.5648686290,0.5684348177,
O1/0068/3,,videos/sample_000270_O1__0068__3.pt,ok,0.5545046926,0.5896113515,0.5743566739,0.5545427651,average,0.5545046926,0.5743566739,
O1/0068/4,,videos/sample_000271_O1__0068__4.pt,ok,0.5609884262,0.5996147990,0.5706447448,0.5490230796,average,0.5609884262,0.5706447448,
O1/0069/1,,videos/sample_000272_O1__0069__1.pt,ok,0.6101642251,0.6274200082,0.5432616445,0.5339676576,average,0.6101642251,0.5432616445,
O1/0069/2,,videos/sample_000273_O1__0069__2.pt,ok,0.6093293428,0.6264575720,0.5437153934,0.5344818148,average,0.6093293428,0.5437153934,
O1/0069/3,,videos/sample_000274_O1__0069__3.pt,ok,0.6088363528,0.6272538900,0.5439835058,0.5340563667,average,0.6088363528,0.5439835058,
O1/0069/4,,videos/sample_000275_O1__0069__4.pt,ok,0.6078431010,0.6258419156,0.5445240868,0.5348109732,average,0.6078431010,0.5445240868,
O1/0070/1,,videos/sample_000276_O1__0070__1.pt,ok,0.6131661534,0.6413385868,0.5416332574,0.5265870696,average,0.6131661534,0.5416332574,
O1/0070/2,,videos/sample_000277_O1__0070__2.pt,ok,0.6124257445,0.6414802670,0.5420344360,0.5265124679,average,0.6124257445,0.5420344360,
O1/0070/3,,videos/sample_000278_O1__0070__3.pt,ok,0.6130244732,0.6414802670,0.5417100016,0.5265124679,average,0.6130244732,0.5417100016,
O1/0070/4,,videos/sample_000279_O1__0070__4.pt,ok,0.6109581590,0.6413385868,0.5428305019,0.5265870696,average,0.6109581590,0.5428305019,
O1/0071/1,,videos/sample_000280_O1__0071__1.pt,ok,0.6159724593,0.6277037859,0.5401153996,0.5338161510,average,0.6159724593,0.5401153996,
O1/0071/2,,videos/sample_000281_O1__0071__2.pt,ok,0.6147809029,0.6275483370,0.5407593612,0.5338991385,average,0.6147809029,0.5407593612,
O1/0071/3,,videos/sample_000282_O1__0071__3.pt,ok,0.6145737767,0.6281182170,0.5408713782,0.5335949668,average,0.6145737767,0.5408713782,
O1/0071/4,,videos/sample_000283_O1__0071__4.pt,ok,0.6157307029,0.6273820996,0.5402459917,0.5339878999,average,0.6157307029,0.5402459917,
O1/0072/1,,videos/sample_000284_O1__0072__1.pt,ok,0.5229918957,0.5455057621,0.5927444628,0.5795485955,average,0.5229918957,0.5927444628,
O1/0072/2,,videos/sample_000285_O1__0072__2.pt,ok,0.5328742266,0.5666943789,0.5869156146,0.5673979447,average,0.5328742266,0.5869156146,
O1/0072/3,,videos/sample_000286_O1__0072__3.pt,ok,0.5280789733,0.5679814816,0.5897367823,0.5666681151,average,0.5280789733,0.5897367823,
O1/0072/4,,videos/sample_000287_O1__0072__4.pt,ok,0.5289549232,0.5518994927,0.5892204286,0.5758549386,average,0.5289549232,0.5892204286,
O1/0073/1,,videos/sample_000288_O1__0073__1.pt,ok,0.5511806011,0.5718266368,0.5762690647,0.5644933720,average,0.5511806011,0.5762690647,
O1/0073/2,,videos/sample_000289_O1__0073__2.pt,ok,0.5518954396,0.5757336617,0.5758572726,0.5622921852,average,0.5518954396,0.5758572726,
O1/0073/3,,videos/sample_000290_O1__0073__3.pt,ok,0.5470747948,0.5704524517,0.5786399778,0.5652696236,average,0.5470747948,0.5786399778,
O1/0073/4,,videos/sample_000291_O1__0073__4.pt,ok,0.5468626618,0.5669936538,0.5787627394,0.5672281622,average,0.5468626618,0.5787627394,
O1/0074/1,,videos/sample_000292_O1__0074__1.pt,ok,0.6190513968,0.6526312232,0.5384549755,0.5206739634,average,0.6190513968,0.5384549755,
O1/0074/2,,videos/sample_000293_O1__0074__2.pt,ok,0.6194972992,0.6522960067,0.5382149307,0.5208485311,average,0.6194972992,0.5382149307,
O1/0074/3,,videos/sample_000294_O1__0074__3.pt,ok,0.6170256734,0.6522960067,0.5395468419,0.5208485311,average,0.6170256734,0.5395468419,
O1/0074/4,,videos/sample_000295_O1__0074__4.pt,ok,0.6197226048,0.6526312232,0.5380936815,0.5206739634,average,0.6197226048,0.5380936815,
O1/0075/1,,videos/sample_000296_O1__0075__1.pt,ok,0.5211959481,0.5451794863,0.5938099572,0.5797377190,average,0.5211959481,0.5938099572,
O1/0075/2,,videos/sample_000297_O1__0075__2.pt,ok,0.5340271592,0.5567030907,0.5862393304,0.5730953962,average,0.5340271592,0.5862393304,
O1/0075/3,,videos/sample_000298_O1__0075__3.pt,ok,0.5304027200,0.5724016428,0.5883679744,0.5641688782,average,0.5304027200,0.5883679744,
O1/0075/4,,videos/sample_000299_O1__0075__4.pt,ok,0.5394155383,0.5790031552,0.5830889460,0.5604567766,average,0.5394155383,0.5830889460,
O1/0076/1,,videos/sample_000300_O1__0076__1.pt,ok,0.5386754274,0.5731453896,0.5835206562,0.5637494355,average,0.5386754274,0.5835206562,
O1/0076/2,,videos/sample_000301_O1__0076__2.pt,ok,0.5328132510,0.5555051565,0.5869514032,0.5737823381,average,0.5328132510,0.5869514032,
O1/0076/3,,videos/sample_000302_O1__0076__3.pt,ok,0.5353060961,0.5571975708,0.5854900465,0.5728120819,average,0.5353060961,0.5854900465,
O1/0076/4,,videos/sample_000303_O1__0076__4.pt,ok,0.5386759639,0.5714876056,0.5835203431,0.5646847853,average,0.5386759639,0.5835203431,
O1/0077/1,,videos/sample_000304_O1__0077__1.pt,ok,0.6090342402,0.6245471239,0.5438758689,0.5355038905,average,0.6090342402,0.5438758689,
O1/0077/2,,videos/sample_000305_O1__0077__2.pt,ok,0.6091458201,0.6246829629,0.5438151867,0.5354311532,average,0.6091458201,0.5438151867,
O1/0077/3,,videos/sample_000306_O1__0077__3.pt,ok,0.6105000973,0.6296120882,0.5430792087,0.5327984397,average,0.6105000973,0.5430792087,
O1/0077/4,,videos/sample_000307_O1__0077__4.pt,ok,0.6106615067,0.6286861897,0.5429915577,0.5332919855,average,0.6106615067,0.5429915577,
O1/0078/1,,videos/sample_000308_O1__0078__1.pt,ok,0.5433256030,0.5709446669,0.5808134820,0.5649914578,average,0.5433256030,0.5808134820,
O1/0078/2,,videos/sample_000309_O1__0078__2.pt,ok,0.5396240354,0.5616462231,0.5829673863,0.5702694999,average,0.5396240354,0.5829673863,
O1/0078/3,,videos/sample_000310_O1__0078__3.pt,ok,0.5435021520,0.5778984427,0.5807109490,0.5610762623,average,0.5435021520,0.5807109490,
O1/0078/4,,videos/sample_000311_O1__0078__4.pt,ok,0.5416213870,0.5625749230,0.5818041575,0.5697401365,average,0.5416213870,0.5818041575,
O1/0079/1,,videos/sample_000312_O1__0079__1.pt,ok,0.5325182080,0.5521700978,0.5871246046,0.5756991304,average,0.5325182080,0.5871246046,
O1/0079/2,,videos/sample_000313_O1__0079__2.pt,ok,0.5413603187,0.5662996173,0.5819560680,0.5676219759,average,0.5413603187,0.5819560680,
O1/0079/3,,videos/sample_000314_O1__0079__3.pt,ok,0.5394741893,0.5582371950,0.5830547482,0.5722168821,average,0.5394741893,0.5830547482,
O1/0079/4,,videos/sample_000315_O1__0079__4.pt,ok,0.5375082493,0.5742258430,0.5842021263,0.5631406594,average,0.5375082493,0.5842021263,
O1/0080/1,,videos/sample_000316_O1__0080__1.pt,ok,0.5307044983,0.5514264703,0.5881904445,0.5761273953,average,0.5307044983,0.5881904445,
O1/0080/2,,videos/sample_000317_O1__0080__2.pt,ok,0.5564075708,0.5944029689,0.5732647822,0.5518919642,average,0.5564075708,0.5732647822,
O1/0080/3,,videos/sample_000318_O1__0080__3.pt,ok,0.5464119315,0.5987966657,0.5790236642,0.5494724375,average,0.5464119315,0.5790236642,
O1/0080/4,,videos/sample_000319_O1__0080__4.pt,ok,0.5516712666,0.5934801102,0.5759863788,0.5524015176,average,0.5516712666,0.5759863788,
O1/0081/1,,videos/sample_000320_O1__0081__1.pt,ok,0.5819246769,0.5959398746,0.5588217795,0.5510444097,average,0.5819246769,0.5588217795,
O1/0081/2,,videos/sample_000321_O1__0081__2.pt,ok,0.5802754760,0.5955115557,0.5597441493,0.5512804831,average,0.5802754760,0.5597441493,
O1/0081/3,,videos/sample_000322_O1__0081__3.pt,ok,0.5810477138,0.5955115557,0.5593120605,0.5512804831,average,0.5810477138,0.5593120605,
O1/0081/4,,videos/sample_000323_O1__0081__4.pt,ok,0.5824381113,0.5959398746,0.5585349348,0.5510444097,average,0.5824381113,0.5585349348,
O1/0082/1,,videos/sample_000324_O1__0082__1.pt,ok,0.5743916035,0.5996323824,0.5630473207,0.5490134260,average,0.5743916035,0.5630473207,
O1/0082/2,,videos/sample_000325_O1__0082__2.pt,ok,0.5642875433,0.5778384209,0.5687652230,0.5611099402,average,0.5642875433,0.5687652230,
O1/0082/3,,videos/sample_000326_O1__0082__3.pt,ok,0.5756590962,0.5979586244,0.5623341143,0.5499331111,average,0.5756590962,0.5623341143,
O1/0082/4,,videos/sample_000327_O1__0082__4.pt,ok,0.5709336996,0.5974223018,0.5649976543,0.5502281317,average,0.5709336996,0.5649976543,
O1/0083/1,,videos/sample_000328_O1__0083__1.pt,ok,0.5606896877,0.5986454487,0.5708152438,0.5495555333,average,0.5606896877,0.5708152438,
O1/0083/2,,videos/sample_000329_O1__0083__2.pt,ok,0.5603365898,0.5986263156,0.5710168330,0.5495660481,average,0.5603365898,0.5710168330,
O1/0083/3,,videos/sample_000330_O1__0083__3.pt,ok,0.5538188219,0.5888382196,0.5747507434,0.5549716655,average,0.5538188219,0.5747507434,
O1/0083/4,,videos/sample_000331_O1__0083__4.pt,ok,0.5587745905,0.6076701283,0.5719094579,0.5446182827,average,0.5587745905,0.5719094579,
O1/0084/1,,videos/sample_000332_O1__0084__1.pt,ok,0.5496179461,0.5828710794,0.5771702784,0.5582931593,average,0.5496179461,0.5771702784,
O1/0084/2,,videos/sample_000333_O1__0084__2.pt,ok,0.5473306179,0.5690463781,0.5784919673,0.5660649933,average,0.5473306179,0.5784919673,
O1/0084/3,,videos/sample_000334_O1__0084__3.pt,ok,0.5479964018,0.5698934197,0.5781069448,0.5655857158,average,0.5479964018,0.5781069448,
O1/0084/4,,videos/sample_000335_O1__0084__4.pt,ok,0.5497739315,0.5791571140,0.5770802553,0.5603704960,average,0.5497739315,0.5770802553,
O1/0085/1,,videos/sample_000336_O1__0085__1.pt,ok,0.5522114038,0.5815330148,0.5756753510,0.5590406917,average,0.5522114038,0.5756753510,
O1/0085/2,,videos/sample_000337_O1__0085__2.pt,ok,0.5495786071,0.5755072832,0.5771929842,0.5624194905,average,0.5495786071,0.5771929842,
O1/0085/3,,videos/sample_000338_O1__0085__3.pt,ok,0.5500296354,0.5758612156,0.5769327125,0.5622204672,average,0.5500296354,0.5769327125,
O1/0085/4,,videos/sample_000339_O1__0085__4.pt,ok,0.5517395139,0.5808649063,0.5759470706,0.5594143163,average,0.5517395139,0.5759470706,
O1/0086/1,,videos/sample_000340_O1__0086__1.pt,ok,0.6086275578,0.6226494908,0.5440970987,0.5365210452,average,0.6086275578,0.5440970987,
O1/0086/2,,videos/sample_000341_O1__0086__2.pt,ok,0.6062843204,0.6227089763,0.5453735423,0.5364891310,average,0.6062843204,0.5453735423,
O1/0086/3,,videos/sample_000342_O1__0086__3.pt,ok,0.6088196635,0.6240972281,0.5439925846,0.5357448657,average,0.6088196635,0.5439925846,
O1/0086/4,,videos/sample_000343_O1__0086__4.pt,ok,0.6075884700,0.6238375306,0.5446627572,0.5358840153,average,0.6075884700,0.5446627572,
O1/0087/1,,videos/sample_000344_O1__0087__1.pt,ok,0.5541819930,0.5853006244,0.5745420484,0.5569384074,average,0.5541819930,0.5745420484,
O1/0087/2,,videos/sample_000345_O1__0087__2.pt,ok,0.5531181097,0.5852394700,0.5751536194,0.5569724676,average,0.5531181097,0.5751536194,
O1/0087/3,,videos/sample_000346_O1__0087__3.pt,ok,0.5521025062,0.5775076151,0.5757380442,0.5612955893,average,0.5521025062,0.5757380442,
O1/0087/4,,videos/sample_000347_O1__0087__4.pt,ok,0.5512312055,0.5775399804,0.5762399037,0.5612774231,average,0.5512312055,0.5762399037,
O1/0088/1,,videos/sample_000348_O1__0088__1.pt,ok,0.5442379713,0.5793343782,0.5802838078,0.5602711712,average,0.5442379713,0.5802838078,
O1/0088/2,,videos/sample_000349_O1__0088__2.pt,ok,0.5320522189,0.5509663820,0.5873982621,0.5763925258,average,0.5320522189,0.5873982621,
O1/0088/3,,videos/sample_000350_O1__0088__3.pt,ok,0.5433495641,0.5766040683,0.5807995652,0.5618029753,average,0.5433495641,0.5807995652,
O1/0088/4,,videos/sample_000351_O1__0088__4.pt,ok,0.5469857454,0.5760736465,0.5786915076,0.5621010469,average,0.5469857454,0.5786915076,
O1/0089/1,,videos/sample_000352_O1__0089__1.pt,ok,0.5403264761,0.5715764761,0.5825580301,0.5646346037,average,0.5403264761,0.5825580301,
O1/0089/2,,videos/sample_000353_O1__0089__2.pt,ok,0.5475128889,0.5830985904,0.5783865346,0.5581661560,average,0.5475128889,0.5783865346,
O1/0089/3,,videos/sample_000354_O1__0089__3.pt,ok,0.5482310057,0.5869973898,0.5779713346,0.5559942148,average,0.5482310057,0.5779713346,
O1/0089/4,,videos/sample_000355_O1__0089__4.pt,ok,0.5468907952,0.5812020898,0.5787464571,0.5592257228,average,0.5468907952,0.5787464571,
O1/0090/1,,videos/sample_000356_O1__0090__1.pt,ok,0.5693752766,0.5915178061,0.5658788461,0.5534865616,average,0.5693752766,0.5658788461,
O1/0090/2,,videos/sample_000357_O1__0090__2.pt,ok,0.5673578382,0.5904043317,0.5670216241,0.5541031980,average,0.5673578382,0.5670216241,
O1/0090/3,,videos/sample_000358_O1__0090__3.pt,ok,0.5676146746,0.5915178061,0.5668760110,0.5534865616,average,0.5676146746,0.5668760110,
O1/0090/4,,videos/sample_000359_O1__0090__4.pt,ok,0.5694631934,0.5917097330,0.5658290980,0.5533803428,average,0.5694631934,0.5658290980,
O1/0091/1,,videos/sample_000360_O1__0091__1.pt,ok,0.5638623834,0.5858736634,0.5690070906,0.5566193514,average,0.5638623834,0.5690070906,
O1/0091/2,,videos/sample_000361_O1__0091__2.pt,ok,0.5665091276,0.5910897851,0.5675030656,0.5537235162,average,0.5665091276,0.5675030656,
O1/0091/3,,videos/sample_000362_O1__0091__3.pt,ok,0.5662520528,0.5939891934,0.5676489752,0.5521203708,average,0.5662520528,0.5676489752,
O1/0091/4,,videos/sample_000363_O1__0091__4.pt,ok,0.5647825003,0.5849763751,0.5684837784,0.5571190235,average,0.5647825003,0.5684837784,
O1/0092/1,,videos/sample_000364_O1__0092__1.pt,ok,0.6178560853,0.6476492286,0.5390989818,0.5232744306,average,0.6178560853,0.5390989818,
O1/0092/2,,videos/sample_000365_O1__0092__2.pt,ok,0.6181958318,0.6476492286,0.5389158559,0.5232744306,average,0.6181958318,0.5389158559,
O1/0092/3,,videos/sample_000366_O1__0092__3.pt,ok,0.6174843907,0.6465143561,0.5392993992,0.5238686175,average,0.6174843907,0.5392993992,
O1/0092/4,,videos/sample_000367_O1__0092__4.pt,ok,0.6167731285,0.6465143561,0.5396831189,0.5238686175,average,0.6167731285,0.5396831189,
O1/0093/1,,videos/sample_000368_O1__0093__1.pt,ok,0.5525635481,0.5774408579,0.5754726660,0.5613330611,average,0.5525635481,0.5754726660,
O1/0093/2,,videos/sample_000369_O1__0093__2.pt,ok,0.5536066294,0.5774408579,0.5748727142,0.5613330611,average,0.5536066294,0.5748727142,
O1/0093/3,,videos/sample_000370_O1__0093__3.pt,ok,0.5522828102,0.5786688924,0.5756342456,0.5606441478,average,0.5522828102,0.5756342456,
O1/0093/4,,videos/sample_000371_O1__0093__4.pt,ok,0.5538087487,0.5786688924,0.5747565330,0.5606441478,average,0.5538087487,0.5747565330,
O1/0094/1,,videos/sample_000372_O1__0094__1.pt,ok,0.5460144877,0.5813196898,0.5792538392,0.5591599618,average,0.5460144877,0.5792538392,
O1/0094/2,,videos/sample_000373_O1__0094__2.pt,ok,0.5392213464,0.5739496946,0.5832021881,0.5632961912,average,0.5392213464,0.5832021881,
O1/0094/3,,videos/sample_000374_O1__0094__3.pt,ok,0.5481871367,0.5885971785,0.5779966902,0.5551054527,average,0.5481871367,0.5779966902,
O1/0094/4,,videos/sample_000375_O1__0094__4.pt,ok,0.5477296114,0.5864758492,0.5782611988,0.5562842640,average,0.5477296114,0.5782611988,
O1/0095/1,,videos/sample_000376_O1__0095__1.pt,ok,0.5423711538,0.5769780874,0.5813681035,0.5615928895,average,0.5423711538,0.5813681035,
O1/0095/2,,videos/sample_000377_O1__0095__2.pt,ok,0.5542929173,0.5888350010,0.5744783213,0.5549734518,average,0.5542929173,0.5744783213,
O1/0095/3,,videos/sample_000378_O1__0095__3.pt,ok,0.5548517704,0.5888350010,0.5741573620,0.5549734518,average,0.5548517704,0.5741573620,
O1/0095/4,,videos/sample_000379_O1__0095__4.pt,ok,0.5415699482,0.5634618402,0.5818340856,0.5692350482,average,0.5415699482,0.5818340856,
O1/0096/1,,videos/sample_000380_O1__0096__1.pt,ok,0.5355474949,0.5551918149,0.5853487270,0.5739621561,average,0.5355474949,0.5853487270,
O1/0096/2,,videos/sample_000381_O1__0096__2.pt,ok,0.5402603149,0.5739016533,0.5825965740,0.5633232534,average,0.5402603149,0.5825965740,
O1/0096/3,,videos/sample_000382_O1__0096__3.pt,ok,0.5321288705,0.5517245531,0.5873532388,0.5759556872,average,0.5321288705,0.5873532388,
O1/0096/4,,videos/sample_000383_O1__0096__4.pt,ok,0.5363631248,0.5676621199,0.5848714937,0.5668491161,average,0.5363631248,0.5848714937,
O1/0097/1,,videos/sample_000384_O1__0097__1.pt,ok,0.6174995303,0.6500208974,0.5392912345,0.5220348675,average,0.6174995303,0.5392912345,
O1/0097/2,,videos/sample_000385_O1__0097__2.pt,ok,0.6166878939,0.6486063600,0.5397291206,0.5227738279,average,0.6166878939,0.5397291206,
O1/0097/3,,videos/sample_000386_O1__0097__3.pt,ok,0.6159952879,0.6486063600,0.5401030697,0.5227738279,average,0.6159952879,0.5401030697,
O1/0097/4,,videos/sample_000387_O1__0097__4.pt,ok,0.6171779633,0.6500208974,0.5394646806,0.5220348675,average,0.6171779633,0.5394646806,
O1/0098/1,,videos/sample_000388_O1__0098__1.pt,ok,0.5626168251,0.5845946074,0.5697162637,0.5573317542,average,0.5626168251,0.5697162637,
O1/0098/2,,videos/sample_000389_O1__0098__2.pt,ok,0.5644428134,0.5881794691,0.5686769177,0.5553373739,average,0.5644428134,0.5686769177,
O1/0098/3,,videos/sample_000390_O1__0098__3.pt,ok,0.5644090176,0.5888407230,0.5686961369,0.5549702762,average,0.5644090176,0.5686961369,
O1/0098/4,,videos/sample_000391_O1__0098__4.pt,ok,0.5626595020,0.5847815275,0.5696919505,0.5572275874,average,0.5626595020,0.5696919505,
O1/0099/1,,videos/sample_000392_O1__0099__1.pt,ok,0.6237049103,0.6337104440,0.5359550892,0.5306193106,average,0.6237049103,0.5359550892,
O1/0099/2,,videos/sample_000393_O1__0099__2.pt,ok,0.6221880913,0.6351718903,0.5367686529,0.5298444054,average,0.6221880913,0.5367686529,
O1/0099/3,,videos/sample_000394_O1__0099__3.pt,ok,0.6237196326,0.6348486543,0.5359471987,0.5300156979,average,0.6237196326,0.5359471987,
O1/0099/4,,videos/sample_000395_O1__0099__4.pt,ok,0.6229147315,0.6340987682,0.5363787569,0.5304132983,average,0.6229147315,0.5363787569,
O1/0100/1,,videos/sample_000396_O1__0100__1.pt,ok,0.5630078316,0.5863271952,0.5694935445,0.5563669640,average,0.5630078316,0.5694935445,
O1/0100/2,,videos/sample_000397_O1__0100__2.pt,ok,0.5648844242,0.5882904530,0.5684258392,0.5552757438,average,0.5648844242,0.5684258392,
O1/0100/3,,videos/sample_000398_O1__0100__3.pt,ok,0.5651437640,0.5938030481,0.5682784429,0.5522231550,average,0.5651437640,0.5682784429,
O1/0100/4,,videos/sample_000399_O1__0100__4.pt,ok,0.5654170513,0.5894798636,0.5681231608,0.5546156855,average,0.5654170513,0.5681231608,
O1/0101/1,,videos/sample_000400_O1__0101__1.pt,ok,0.5224905610,0.5455182195,0.5930417006,0.5795413759,average,0.5224905610,0.5930417006,
O1/0101/2,,videos/sample_000401_O1__0101__2.pt,ok,0.5404042006,0.5811681747,0.5825127528,0.5592446893,average,0.5404042006,0.5825127528,
O1/0101/3,,videos/sample_000402_O1__0101__3.pt,ok,0.5370230675,0.5753292441,0.5844856394,0.5625196320,average,0.5370230675,0.5844856394,
O1/0101/4,,videos/sample_000403_O1__0101__4.pt,ok,0.5334471464,0.5776046515,0.5865794553,0.5612411259,average,0.5334471464,0.5865794553,
O1/0102/1,,videos/sample_000404_O1__0102__1.pt,ok,0.6180943847,0.6354252100,0.5389705301,0.5297102023,average,0.6180943847,0.5389705301,
O1/0102/2,,videos/sample_000405_O1__0102__2.pt,ok,0.6188405752,0.6358596087,0.5385685054,0.5294801469,average,0.6188405752,0.5385685054,
O1/0102/3,,videos/sample_000406_O1__0102__3.pt,ok,0.6187293530,0.6354252100,0.5386284096,0.5297102023,average,0.6187293530,0.5386284096,
O1/0102/4,,videos/sample_000407_O1__0102__4.pt,ok,0.6197621226,0.6358596087,0.5380724176,0.5294801469,average,0.6197621226,0.5380724176,
O1/0103/1,,videos/sample_000408_O1__0103__1.pt,ok,0.5647191405,0.5871649384,0.5685197985,0.5559010665,average,0.5647191405,0.5685197985,
O1/0103/2,,videos/sample_000409_O1__0103__2.pt,ok,0.5670043230,0.5904285312,0.5672221103,0.5540897891,average,0.5670043230,0.5672221103,
O1/0103/3,,videos/sample_000410_O1__0103__3.pt,ok,0.5657912493,0.5883072019,0.5679106101,0.5552664436,average,0.5657912493,0.5679106101,
O1/0103/4,,videos/sample_000411_O1__0103__4.pt,ok,0.5673166513,0.5925295949,0.5670449784,0.5529268333,average,0.5673166513,0.5670449784,
O1/0104/1,,videos/sample_000412_O1__0104__1.pt,ok,0.5660983920,0.6078819633,0.5677362072,0.5445029258,average,0.5660983920,0.5677362072,
O1/0104/2,,videos/sample_000413_O1__0104__2.pt,ok,0.5665255189,0.6078819633,0.5674937636,0.5445029258,average,0.5665255189,0.5674937636,
O1/0104/3,,videos/sample_000414_O1__0104__3.pt,ok,0.5563225150,0.5960350633,0.5733135438,0.5509919591,average,0.5563225150,0.5733135438,
O1/0104/4,,videos/sample_000415_O1__0104__4.pt,ok,0.5556122065,0.5960350633,0.5737209180,0.5509919591,average,0.5556122065,0.5737209180,
O1/0105/1,,videos/sample_000416_O1__0105__1.pt,ok,0.6133501530,0.6276837587,0.5415336063,0.5338268419,average,0.6133501530,0.5415336063,
O1/0105/2,,videos/sample_000417_O1__0105__2.pt,ok,0.6127990484,0.6289042830,0.5418321302,0.5331756907,average,0.6127990484,0.5418321302,
O1/0105/3,,videos/sample_000418_O1__0105__3.pt,ok,0.6147308350,0.6277939081,0.5407864365,0.5337680444,average,0.6147308350,0.5407864365,
O1/0105/4,,videos/sample_000419_O1__0105__4.pt,ok,0.6146238446,0.6284306645,0.5408442985,0.5334282724,average,0.6146238446,0.5408442985,
O1/0106/1,,videos/sample_000420_O1__0106__1.pt,ok,0.5444883704,0.5657414198,0.5801385235,0.5679389095,average,0.5444883704,0.5801385235,
O1/0106/2,,videos/sample_000421_O1__0106__2.pt,ok,0.5417343974,0.5630500913,0.5817384113,0.5694694784,average,0.5417343974,0.5817384113,
O1/0106/3,,videos/sample_000422_O1__0106__3.pt,ok,0.5478474498,0.5814571381,0.5781930614,0.5590831115,average,0.5478474498,0.5781930614,
O1/0106/4,,videos/sample_000423_O1__0106__4.pt,ok,0.5465188622,0.5768326521,0.5789617520,0.5616745709,average,0.5465188622,0.5789617520,
O1/0107/1,,videos/sample_000424_O1__0107__1.pt,ok,0.5683091879,0.6092857718,0.5664824448,0.5437390842,average,0.5683091879,0.5664824448,
O1/0107/2,,videos/sample_000425_O1__0107__2.pt,ok,0.5714132190,0.6084381938,0.5647267919,0.5442001409,average,0.5714132190,0.5647267919,
O1/0107/3,,videos/sample_000426_O1__0107__3.pt,ok,0.5648610592,0.6000442505,0.5684391207,0.5487873514,average,0.5648610592,0.5684391207,
O1/0107/4,,videos/sample_000427_O1__0107__4.pt,ok,0.5702580810,0.6087017059,0.5653795062,0.5440567564,average,0.5702580810,0.5653795062,
O1/0108/1,,videos/sample_000428_O1__0108__1.pt,ok,0.6259689927,0.6361449361,0.5347430153,0.5293290933,average,0.6259689927,0.5347430153,
O1/0108/2,,videos/sample_000429_O1__0108__2.pt,ok,0.6254191995,0.6361449361,0.5350370942,0.5293290933,average,0.6254191995,0.5350370942,
O1/0108/3,,videos/sample_000430_O1__0108__3.pt,ok,0.6266416311,0.6349986196,0.5343834476,0.5299362199,average,0.6266416311,0.5343834476,
O1/0108/4,,videos/sample_000431_O1__0108__4.pt,ok,0.6259836555,0.6353146434,0.5347351746,0.5297687739,average,0.6259836555,0.5347351746,
O1/0109/1,,videos/sample_000432_O1__0109__1.pt,ok,0.5600340366,0.5941986442,0.5711896221,0.5520047409,average,0.5600340366,0.5711896221,
O1/0109/2,,videos/sample_000433_O1__0109__2.pt,ok,0.5494446158,0.5826271176,0.5772703282,0.5584293781,average,0.5494446158,0.5772703282,
O1/0109/3,,videos/sample_000434_O1__0109__3.pt,ok,0.5589088202,0.5944781303,0.5718326959,0.5518504848,average,0.5589088202,0.5718326959,
O1/0109/4,,videos/sample_000435_O1__0109__4.pt,ok,0.5553294420,0.6017836928,0.5738831688,0.5478335972,average,0.5553294420,0.5738831688,
O1/0110/1,,videos/sample_000436_O1__0110__1.pt,ok,0.5652986169,0.6007260084,0.5681904502,0.5484133388,average,0.5652986169,0.5681904502,
O1/0110/2,,videos/sample_000437_O1__0110__2.pt,ok,0.5676522851,0.6056258082,0.5668546909,0.5457327957,average,0.5676522851,0.5668546909,
O1/0110/3,,videos/sample_000438_O1__0110__3.pt,ok,0.5620899796,0.6093329191,0.5700164952,0.5437134490,average,0.5620899796,0.5700164952,
O1/0110/4,,videos/sample_000439_O1__0110__4.pt,ok,0.5543595552,0.5916782022,0.5744400405,0.5533977916,average,0.5543595552,0.5744400405,
O1/0111/1,,videos/sample_000440_O1__0111__1.pt,ok,0.5518930554,0.5800741315,0.5758586455,0.5598568620,average,0.5518930554,0.5758586455,
O1/0111/2,,videos/sample_000441_O1__0111__2.pt,ok,0.5469465852,0.5827184916,0.5787141698,0.5583783546,average,0.5469465852,0.5787141698,
O1/0111/3,,videos/sample_000442_O1__0111__3.pt,ok,0.5490022302,0.5691163540,0.5775257608,0.5660253839,average,0.5490022302,0.5775257608,
O1/0111/4,,videos/sample_000443_O1__0111__4.pt,ok,0.5390994549,0.5587742329,0.5832732798,0.5719096624,average,0.5390994549,0.5832732798,
O1/0112/1,,videos/sample_000444_O1__0112__1.pt,ok,0.6136448383,0.6273041964,0.5413740478,0.5340295009,average,0.6136448383,0.5413740478,
O1/0112/2,,videos/sample_000445_O1__0112__2.pt,ok,0.6121783853,0.6257100105,0.5421685298,0.5348815222,average,0.6121783853,0.5421685298,
O1/0112/3,,videos/sample_000446_O1__0112__3.pt,ok,0.6142174602,0.6288409233,0.5410641339,0.5332094736,average,0.6142174602,0.5410641339,
O1/0112/4,,videos/sample_000447_O1__0112__4.pt,ok,0.6144772768,0.6271384954,0.5409235747,0.5341179974,average,0.6144772768,0.5409235747,
O1/0113/1,,videos/sample_000448_O1__0113__1.pt,ok,0.5520724654,0.5732336640,0.5757553400,0.5636996730,average,0.5520724654,0.5757553400,
O1/0113/2,,videos/sample_000449_O1__0113__2.pt,ok,0.5497908592,0.5780019760,0.5770704867,0.5610181753,average,0.5497908592,0.5770704867,
O1/0113/3,,videos/sample_000450_O1__0113__3.pt,ok,0.5516670346,0.5822804570,0.5759888163,0.5586229972,average,0.5516670346,0.5759888163,
O1/0113/4,,videos/sample_000451_O1__0113__4.pt,ok,0.5460708141,0.5681954026,0.5792212129,0.5665469058,average,0.5460708141,0.5792212129,
O1/0114/1,,videos/sample_000452_O1__0114__1.pt,ok,0.5671556592,0.5877293348,0.5671362756,0.5555874065,average,0.5671556592,0.5671362756,
O1/0114/2,,videos/sample_000453_O1__0114__2.pt,ok,0.5682027936,0.5904426575,0.5665427185,0.5540819619,average,0.5682027936,0.5665427185,
O1/0114/3,,videos/sample_000454_O1__0114__3.pt,ok,0.5666285157,0.5865557790,0.5674353166,0.5562398021,average,0.5666285157,0.5674353166,
O1/0114/4,,videos/sample_000455_O1__0114__4.pt,ok,0.5683619976,0.5877293348,0.5664525298,0.5555874065,average,0.5683619976,0.5664525298,
O1/0115/1,,videos/sample_000456_O1__0115__1.pt,ok,0.6098866463,0.6437899470,0.5434124634,0.5252977958,average,0.6098866463,0.5434124634,
O1/0115/2,,videos/sample_000457_O1__0115__2.pt,ok,0.6116710305,0.6436710954,0.5424436714,0.5253602321,average,0.6116710305,0.5424436714,
O1/0115/3,,videos/sample_000458_O1__0115__3.pt,ok,0.6116282940,0.6436710954,0.5424668540,0.5253602321,average,0.6116282940,0.5424668540,
O1/0115/4,,videos/sample_000459_O1__0115__4.pt,ok,0.6118232012,0.6437899470,0.5423611336,0.5252977958,average,0.6118232012,0.5423611336,
O1/0116/1,,videos/sample_000460_O1__0116__1.pt,ok,0.6180046797,0.6361099482,0.5390188806,0.5293476137,average,0.6180046797,0.5390188806,
O1/0116/2,,videos/sample_000461_O1__0116__2.pt,ok,0.6162894964,0.6361099482,0.5399441901,0.5293476137,average,0.6162894964,0.5399441901,
O1/0116/3,,videos/sample_000462_O1__0116__3.pt,ok,0.6178445816,0.6362817883,0.5391051834,0.5292566583,average,0.6178445816,0.5391051834,
O1/0116/4,,videos/sample_000463_O1__0116__4.pt,ok,0.6183853149,0.6362817883,0.5388137501,0.5292566583,average,0.6183853149,0.5388137501,
O1/0117/1,,videos/sample_000464_O1__0117__1.pt,ok,0.5415142775,0.5612249970,0.5818664776,0.5705097628,average,0.5415142775,0.5818664776,
O1/0117/2,,videos/sample_000465_O1__0117__2.pt,ok,0.5560169816,0.5916376710,0.5734887370,0.5534202220,average,0.5560169816,0.5734887370,
O1/0117/3,,videos/sample_000466_O1__0117__3.pt,ok,0.5560372472,0.5919409394,0.5734771151,0.5532524125,average,0.5560372472,0.5734771151,
O1/0117/4,,videos/sample_000467_O1__0117__4.pt,ok,0.5517751575,0.5986063480,0.5759265421,0.5495770217,average,0.5517751575,0.5759265421,
O1/0118/1,,videos/sample_000468_O1__0118__1.pt,ok,0.5626122952,0.5842565298,0.5697188445,0.5575202074,average,0.5626122952,0.5697188445,
O1/0118/2,,videos/sample_000469_O1__0118__2.pt,ok,0.5634881258,0.5883783698,0.5692200857,0.5552269278,average,0.5634881258,0.5692200857,
O1/0118/3,,videos/sample_000470_O1__0118__3.pt,ok,0.5627657771,0.5869985223,0.5696314096,0.5559935852,average,0.5627657771,0.5696314096,
O1/0118/4,,videos/sample_000471_O1__0118__4.pt,ok,0.5616448522,0.5832098722,0.5702702817,0.5581040456,average,0.5616448522,0.5702702817,
O1/0119/1,,videos/sample_000472_O1__0119__1.pt,ok,0.5629302859,0.5999628901,0.5695377079,0.5488320028,average,0.5629302859,0.5695377079,
O1/0119/2,,videos/sample_000473_O1__0119__2.pt,ok,0.5483191013,0.5855716467,0.5779204201,0.5567874851,average,0.5483191013,0.5779204201,
O1/0119/3,,videos/sample_000474_O1__0119__3.pt,ok,0.5539592505,0.5855716467,0.5746700377,0.5567874851,average,0.5539592505,0.5746700377,
O1/0119/4,,videos/sample_000475_O1__0119__4.pt,ok,0.5644459128,0.5999628901,0.5686751551,0.5488320028,average,0.5644459128,0.5686751551,
O1/0120/1,,videos/sample_000476_O1__0120__1.pt,ok,0.6150926948,0.6457790732,0.5405907831,0.5242539507,average,0.6150926948,0.5405907831,
O1/0120/2,,videos/sample_000477_O1__0120__2.pt,ok,0.6151557565,0.6467836499,0.5405566935,0.5237275619,average,0.6151557565,0.5405566935,
O1/0120/3,,videos/sample_000478_O1__0120__3.pt,ok,0.6140360832,0.6457790732,0.5411622794,0.5242539507,average,0.6140360832,0.5411622794,
O1/0120/4,,videos/sample_000479_O1__0120__4.pt,ok,0.6151605248,0.6467836499,0.5405541160,0.5237275619,average,0.6151605248,0.5405541160,
O1/0121/1,,videos/sample_000480_O1__0121__1.pt,ok,0.6190871000,0.6484140158,0.5384357513,0.5228743900,average,0.6190871000,0.5384357513,
O1/0121/2,,videos/sample_000481_O1__0121__2.pt,ok,0.6186742187,0.6494677067,0.5386581073,0.5223237322,average,0.6186742187,0.5386581073,
O1/0121/3,,videos/sample_000482_O1__0121__3.pt,ok,0.6180250645,0.6494677067,0.5390078930,0.5223237322,average,0.6180250645,0.5390078930,
O1/0121/4,,videos/sample_000483_O1__0121__4.pt,ok,0.6187159419,0.6484140158,0.5386356332,0.5228743900,average,0.6187159419,0.5386356332,
O1/0122/1,,videos/sample_000484_O1__0122__1.pt,ok,0.5467118621,0.6053836346,0.5788500233,0.5458649738,average,0.5467118621,0.5788500233,
O1/0122/2,,videos/sample_000485_O1__0122__2.pt,ok,0.5500907898,0.6004487276,0.5768974316,0.5485654244,average,0.5500907898,0.5768974316,
O1/0122/3,,videos/sample_000486_O1__0122__3.pt,ok,0.5509137511,0.5980490446,0.5764228626,0.5498833882,average,0.5509137511,0.5764228626,
O1/0122/4,,videos/sample_000487_O1__0122__4.pt,ok,0.5373556018,0.5812620521,0.5842913101,0.5591921914,average,0.5373556018,0.5842913101,
O1/0123/1,,videos/sample_000488_O1__0123__1.pt,ok,0.5560245514,0.5825136304,0.5734843959,0.5584927563,average,0.5560245514,0.5734843959,
O1/0123/2,,videos/sample_000489_O1__0123__2.pt,ok,0.5535839200,0.5759612322,0.5748857693,0.5621642387,average,0.5535839200,0.5748857693,
O1/0123/3,,videos/sample_000490_O1__0123__3.pt,ok,0.5525881648,0.5738515854,0.5754584999,0.5633514585,average,0.5525881648,0.5754584999,
O1/0123/4,,videos/sample_000491_O1__0123__4.pt,ok,0.5552306175,0.5817692280,0.5739398853,0.5589086545,average,0.5552306175,0.5739398853,
O1/0124/1,,videos/sample_000492_O1__0124__1.pt,ok,0.6237465143,0.6333176494,0.5359327917,0.5308277760,average,0.6237465143,0.5359327917,
O1/0124/2,,videos/sample_000493_O1__0124__2.pt,ok,0.6233172417,0.6333176494,0.5361629024,0.5308277760,average,0.6233172417,0.5361629024,
O1/0124/3,,videos/sample_000494_O1__0124__3.pt,ok,0.6238114238,0.6358764768,0.5358980058,0.5294712157,average,0.6238114238,0.5358980058,
O1/0124/4,,videos/sample_000495_O1__0124__4.pt,ok,0.6244003773,0.6358764768,0.5355824797,0.5294712157,average,0.6244003773,0.5355824797,
O1/0125/1,,videos/sample_000496_O1__0125__1.pt,ok,0.5821310878,0.6065891981,0.5587064445,0.5452072954,average,0.5821310878,0.5587064445,
O1/0125/2,,videos/sample_000497_O1__0125__2.pt,ok,0.5776143074,0.6033162475,0.5612357066,0.5469946553,average,0.5776143074,0.5612357066,
O1/0125/3,,videos/sample_000498_O1__0125__3.pt,ok,0.5821443200,0.6132456064,0.5586990516,0.5415902247,average,0.5821443200,0.5586990516,
O1/0125/4,,videos/sample_000499_O1__0125__4.pt,ok,0.5820051432,0.6088714600,0.5587768150,0.5439644084,average,0.5820051432,0.5587768150,
O1/0126/1,,videos/sample_000500_O1__0126__1.pt,ok,0.5407451987,0.5622695088,0.5823141509,0.5699141698,average,0.5407451987,0.5823141509,
O1/0126/2,,videos/sample_000501_O1__0126__2.pt,ok,0.5531634092,0.5876646638,0.5751275658,0.5556233381,average,0.5531634092,0.5751275658,
O1/0126/3,,videos/sample_000502_O1__0126__3.pt,ok,0.5538074970,0.5900643468,0.5747572524,0.5542916167,average,0.5538074970,0.5747572524,
O1/0126/4,,videos/sample_000503_O1__0126__4.pt,ok,0.5481098890,0.5915818810,0.5780413408,0.5534510981,average,0.5481098890,0.5780413408,
O1/0127/1,,videos/sample_000504_O1__0127__1.pt,ok,0.6113147736,0.6255574822,0.5426369551,0.5349631129,average,0.6113147736,0.5426369551,
O1/0127/2,,videos/sample_000505_O1__0127__2.pt,ok,0.6113319993,0.6255787015,0.5426276079,0.5349517615,average,0.6113319993,0.5426276079,
O1/0127/3,,videos/sample_000506_O1__0127__3.pt,ok,0.6093672514,0.6255787015,0.5436947824,0.5349517615,average,0.6093672514,0.5436947824,
O1/0127/4,,videos/sample_000507_O1__0127__4.pt,ok,0.6100698709,0.6255574822,0.5433129060,0.5349631129,average,0.6100698709,0.5433129060,
O1/0128/1,,videos/sample_000508_O1__0128__1.pt,ok,0.5635031462,0.5846590400,0.5692115359,0.5572958450,average,0.5635031462,0.5692115359,
O1/0128/2,,videos/sample_000509_O1__0128__2.pt,ok,0.5651449561,0.5902723074,0.5682777655,0.5541763579,average,0.5651449561,0.5682777655,
O1/0128/3,,videos/sample_000510_O1__0128__3.pt,ok,0.5645002127,0.5890889764,0.5686442770,0.5548325201,average,0.5645002127,0.5686442770,
O1/0128/4,,videos/sample_000511_O1__0128__4.pt,ok,0.5621117353,0.5841134787,0.5700040942,0.5575999670,average,0.5621117353,0.5700040942,
O1/0129/1,,videos/sample_000512_O1__0129__1.pt,ok,0.5739605427,0.6059225798,0.5632900806,0.5455708617,average,0.5739605427,0.5632900806,
O1/0129/2,,videos/sample_000513_O1__0129__2.pt,ok,0.5642875433,0.5778384209,0.5687652230,0.5611099402,average,0.5642875433,0.5687652230,
O1/0129/3,,videos/sample_000514_O1__0129__3.pt,ok,0.5760132670,0.6014188528,0.5621349873,0.5480335053,average,0.5760132670,0.5621349873,
O1/0129/4,,videos/sample_000515_O1__0129__4.pt,ok,0.5758860111,0.6008151174,0.5622065268,0.5483644725,average,0.5758860111,0.5622065268,
O1/0130/1,,videos/sample_000516_O1__0130__1.pt,ok,0.5570966601,0.5838408470,0.5728698877,0.5577520072,average,0.5570966601,0.5728698877,
O1/0130/2,,videos/sample_000517_O1__0130__2.pt,ok,0.5545439124,0.5774805546,0.5743341481,0.5613107784,average,0.5545439124,0.5743341481,
O1/0130/3,,videos/sample_000518_O1__0130__3.pt,ok,0.5548908114,0.5775695443,0.5741349467,0.5612608298,average,0.5548908114,0.5741349467,
O1/0130/4,,videos/sample_000519_O1__0130__4.pt,ok,0.5571872592,0.5835334659,0.5728179886,0.5579234760,average,0.5571872592,0.5728179886,
O1/0131/1,,videos/sample_000520_O1__0131__1.pt,ok,0.5425732136,0.5841480494,0.5812506443,0.5575806907,average,0.5425732136,0.5812506443,
O1/0131/2,,videos/sample_000521_O1__0131__2.pt,ok,0.5372298956,0.5877224803,0.5843647638,0.5555912148,average,0.5372298956,0.5843647638,
O1/0131/3,,videos/sample_000522_O1__0131__3.pt,ok,0.5421903729,0.5827721953,0.5814732133,0.5583483684,average,0.5421903729,0.5814732133,
O1/0131/4,,videos/sample_000523_O1__0131__4.pt,ok,0.5229918957,0.5455057621,0.5927444628,0.5795485955,average,0.5229918957,0.5927444628,
O1/0132/1,,videos/sample_000524_O1__0132__1.pt,ok,0.5282507539,0.5504083037,0.5896354857,0.5767142877,average,0.5282507539,0.5896354857,
O1/0132/2,,videos/sample_000525_O1__0132__2.pt,ok,0.5321124792,0.5650647283,0.5873628663,0.5683233590,average,0.5321124792,0.5873628663,
O1/0132/3,,videos/sample_000526_O1__0132__3.pt,ok,0.5298671722,0.5675676465,0.5886831579,0.5669026708,average,0.5298671722,0.5886831579,
O1/0132/4,,videos/sample_000527_O1__0132__4.pt,ok,0.5244064927,0.5468166471,0.5919065610,0.5787893717,average,0.5244064927,0.5919065610,
O1/0133/1,,videos/sample_000528_O1__0133__1.pt,ok,0.5769532323,0.6049461961,0.5616068482,0.5461038084,average,0.5769532323,0.5616068482,
O1/0133/2,,videos/sample_000529_O1__0133__2.pt,ok,0.5814861655,0.6077483296,0.5590668829,0.5445756946,average,0.5814861655,0.5590668829,
O1/0133/3,,videos/sample_000530_O1__0133__3.pt,ok,0.5844668150,0.6130409837,0.5574029815,0.5417010577,average,0.5844668150,0.5574029815,
O1/0133/4,,videos/sample_000531_O1__0133__4.pt,ok,0.5858159065,0.6137194037,0.5566515009,0.5413336815,average,0.5858159065,0.5566515009,
O1/0134/1,,videos/sample_000532_O1__0134__1.pt,ok,0.6179347634,0.6313841343,0.5390565681,0.5318551324,average,0.6179347634,0.5390565681,
O1/0134/2,,videos/sample_000533_O1__0134__2.pt,ok,0.6176669002,0.6307632923,0.5392009809,0.5321854329,average,0.6176669002,0.5392009809,
O1/0134/3,,videos/sample_000534_O1__0134__3.pt,ok,0.6166229248,0.6307632923,0.5397641874,0.5321854329,average,0.6166229248,0.5397641874,
O1/0134/4,,videos/sample_000535_O1__0134__4.pt,ok,0.6163704395,0.6313841343,0.5399004871,0.5318551324,average,0.6163704395,0.5399004871,
O1/0135/1,,videos/sample_000536_O1__0135__1.pt,ok,0.5576519370,0.6038444638,0.5725518746,0.5467058001,average,0.5576519370,0.5725518746,
O1/0135/2,,videos/sample_000537_O1__0135__2.pt,ok,0.5578684807,0.5931293368,0.5724279055,0.5525953193,average,0.5578684807,0.5724279055,
O1/0135/3,,videos/sample_000538_O1__0135__3.pt,ok,0.5603010058,0.5984694362,0.5710371525,0.5496522705,average,0.5603010058,0.5710371525,
O1/0135/4,,videos/sample_000539_O1__0135__4.pt,ok,0.5506971478,0.5867006183,0.5765477312,0.5561592426,average,0.5506971478,0.5765477312,
O1/0136/1,,videos/sample_000540_O1__0136__1.pt,ok,0.5738664269,0.5954197645,0.5633430976,0.5513310881,average,0.5738664269,0.5633430976,
O1/0136/2,,videos/sample_000541_O1__0136__2.pt,ok,0.5675975084,0.5811756849,0.5668857422,0.5592404893,average,0.5675975084,0.5668857422,
O1/0136/3,,videos/sample_000542_O1__0136__3.pt,ok,0.5722007155,0.5856943727,0.5642822465,0.5567191570,average,0.5722007155,0.5642822465,
O1/0136/4,,videos/sample_000543_O1__0136__4.pt,ok,0.5705885291,0.5922071338,0.5651927084,0.5531051595,average,0.5705885291,0.5651927084,
O1/0137/1,,videos/sample_000544_O1__0137__1.pt,ok,0.6239017844,0.6509582400,0.5358495839,0.5215457712,average,0.6239017844,0.5358495839,
O1/0137/2,,videos/sample_000545_O1__0137__2.pt,ok,0.6237177253,0.6499971747,0.5359482210,0.5220472517,average,0.6237177253,0.5359482210,
O1/0137/3,,videos/sample_000546_O1__0137__3.pt,ok,0.6242188215,0.6499971747,0.5356797266,0.5220472517,average,0.6242188215,0.5356797266,
O1/0137/4,,videos/sample_000547_O1__0137__4.pt,ok,0.6221439242,0.6509582400,0.5367923609,0.5215457712,average,0.6221439242,0.5367923609,
O1/0138/1,,videos/sample_000548_O1__0138__1.pt,ok,0.5666121840,0.5887445807,0.5674445838,0.5550236349,average,0.5666121840,0.5674445838,
O1/0138/2,,videos/sample_000549_O1__0138__2.pt,ok,0.5665895343,0.5902584791,0.5674574365,0.5541840212,average,0.5665895343,0.5674574365,
O1/0138/3,,videos/sample_000550_O1__0138__3.pt,ok,0.5649477243,0.5855187178,0.5683898589,0.5568169560,average,0.5649477243,0.5683898589,
O1/0138/4,,videos/sample_000551_O1__0138__4.pt,ok,0.5647478104,0.5845713615,0.5685034994,0.5573447100,average,0.5647478104,0.5685034994,
O1/0139/1,,videos/sample_000552_O1__0139__1.pt,ok,0.6119316220,0.6274679899,0.5423023336,0.5339420375,average,0.6119316220,0.5423023336,
O1/0139/2,,videos/sample_000553_O1__0139__2.pt,ok,0.6140922904,0.6274455190,0.5411318630,0.5339540358,average,0.6140922904,0.5411318630,
O1/0139/3,,videos/sample_000554_O1__0139__3.pt,ok,0.6127192974,0.6274455190,0.5418753436,0.5339540358,average,0.6127192974,0.5418753436,
O1/0139/4,,videos/sample_000555_O1__0139__4.pt,ok,0.6138857603,0.6274679899,0.5412436346,0.5339420375,average,0.6138857603,0.5412436346,
O1/0140/1,,videos/sample_000556_O1__0140__1.pt,ok,0.5388792157,0.5807448030,0.5834017536,0.5594815079,average,0.5388792157,0.5834017536,
O1/0140/2,,videos/sample_000557_O1__0140__2.pt,ok,0.5393543243,0.5814816356,0.5831246402,0.5590694155,average,0.5393543243,0.5831246402,
O1/0140/3,,videos/sample_000558_O1__0140__3.pt,ok,0.5241625905,0.5461142659,0.5920509459,0.5791960452,average,0.5241625905,0.5920509459,
O1/0140/4,,videos/sample_000559_O1__0140__4.pt,ok,0.5393710732,0.5848090053,0.5831148736,0.5572122763,average,0.5393710732,0.5831148736,
O1/0141/1,,videos/sample_000560_O1__0141__1.pt,ok,0.6225027442,0.6329775453,0.5365997836,0.5310083434,average,0.6225027442,0.5365997836,
O1/0141/2,,videos/sample_000561_O1__0141__2.pt,ok,0.6214446425,0.6307879090,0.5371678612,0.5321723324,average,0.6214446425,0.5371678612,
O1/0141/3,,videos/sample_000562_O1__0141__3.pt,ok,0.6216411591,0.6329775453,0.5370623093,0.5310083434,average,0.6216411591,0.5370623093,
O1/0141/4,,videos/sample_000563_O1__0141__4.pt,ok,0.6220250130,0.6307879090,0.5368561954,0.5321723324,average,0.6220250130,0.5368561954,
O1/0142/1,,videos/sample_000564_O1__0142__1.pt,ok,0.6325194240,0.6591950059,0.5312516654,0.5172675643,average,0.6325194240,0.5312516654,
O1/0142/2,,videos/sample_000565_O1__0142__2.pt,ok,0.6313903332,0.6595585942,0.5318518355,0.5170795260,average,0.6313903332,0.5318518355,
O1/0142/3,,videos/sample_000566_O1__0142__3.pt,ok,0.6328714490,0.6595585942,0.5310646844,0.5170795260,average,0.6328714490,0.5310646844,
O1/0142/4,,videos/sample_000567_O1__0142__4.pt,ok,0.6331120133,0.6591950059,0.5309369445,0.5172675643,average,0.6331120133,0.5309369445,
O1/0143/1,,videos/sample_000568_O1__0143__1.pt,ok,0.5457461476,0.5845307708,0.5794092971,0.5573673335,average,0.5457461476,0.5794092971,
O1/0143/2,,videos/sample_000569_O1__0143__2.pt,ok,0.5537949800,0.5877428055,0.5747644467,0.5555799224,average,0.5537949800,0.5747644467,
O1/0143/3,,videos/sample_000570_O1__0143__3.pt,ok,0.5536023974,0.5830902457,0.5748751470,0.5581708137,average,0.5536023974,0.5748751470,
O1/0143/4,,videos/sample_000571_O1__0143__4.pt,ok,0.5397574306,0.5606076121,0.5828896264,0.5708620957,average,0.5397574306,0.5828896264,
O1/0144/1,,videos/sample_000572_O1__0144__1.pt,ok,0.6080946326,0.6385033131,0.5443871390,0.5280822066,average,0.6080946326,0.5443871390,
O1/0144/2,,videos/sample_000573_O1__0144__2.pt,ok,0.6050122380,0.6385718584,0.5460677438,0.5280460103,average,0.6050122380,0.5460677438,
O1/0144/3,,videos/sample_000574_O1__0144__3.pt,ok,0.6074188948,0.6385718584,0.5447551263,0.5280460103,average,0.6074188948,0.5447551263,
O1/0144/4,,videos/sample_000575_O1__0144__4.pt,ok,0.6079589128,0.6385033131,0.5444610281,0.5280822066,average,0.6079589128,0.5444610281,
O1/0145/1,,videos/sample_000576_O1__0145__1.pt,ok,0.6136983633,0.6271919608,0.5413450715,0.5340894414,average,0.6136983633,0.5413450715,
O1/0145/2,,videos/sample_000577_O1__0145__2.pt,ok,0.6139035225,0.6261487603,0.5412340210,0.5346468945,average,0.6139035225,0.5412340210,
O1/0145/3,,videos/sample_000578_O1__0145__3.pt,ok,0.6131845117,0.6259145737,0.5416233141,0.5347721163,average,0.6131845117,0.5416233141,
O1/0145/4,,videos/sample_000579_O1__0145__4.pt,ok,0.6119627357,0.6254854798,0.5422854609,0.5350016330,average,0.6119627357,0.5422854609,
O1/0146/1,,videos/sample_000580_O1__0146__1.pt,ok,0.5365986228,0.5585114360,0.5847337738,0.5720599783,average,0.5365986228,0.5847337738,
O1/0146/2,,videos/sample_000581_O1__0146__2.pt,ok,0.5387321115,0.5725723505,0.5834875808,0.5640725785,average,0.5387321115,0.5834875808,
O1/0146/3,,videos/sample_000582_O1__0146__3.pt,ok,0.5306573510,0.5535865426,0.5882181767,0.5748842616,average,0.5306573510,0.5882181767,
O1/0146/4,,videos/sample_000583_O1__0146__4.pt,ok,0.5341322422,0.5761402845,0.5861777298,0.5620635908,average,0.5341322422,0.5861777298,
O1/0147/1,,videos/sample_000584_O1__0147__1.pt,ok,0.5332508087,0.5536491275,0.5866946343,0.5748482837,average,0.5332508087,0.5866946343,
O1/0147/2,,videos/sample_000585_O1__0147__2.pt,ok,0.5320979953,0.5520051718,0.5873713737,0.5757940860,average,0.5320979953,0.5873713737,
O1/0147/3,,videos/sample_000586_O1__0147__3.pt,ok,0.5353287458,0.5679856539,0.5854767854,0.5666657508,average,0.5353287458,0.5854767854,
O1/0147/4,,videos/sample_000587_O1__0147__4.pt,ok,0.5355274081,0.5651621819,0.5853604848,0.5682679765,average,0.5355274081,0.5853604848,
O1/0148/1,,videos/sample_000588_O1__0148__1.pt,ok,0.6150547266,0.6491950750,0.5406113087,0.5224661536,average,0.6150547266,0.5406113087,
O1/0148/2,,videos/sample_000589_O1__0148__2.pt,ok,0.6131343842,0.6489970088,0.5416504650,0.5225696468,average,0.6131343842,0.5416504650,
O1/0148/3,,videos/sample_000590_O1__0148__3.pt,ok,0.6155676246,0.6491950750,0.5403341013,0.5224661536,average,0.6155676246,0.5403341013,
O1/0148/4,,videos/sample_000591_O1__0148__4.pt,ok,0.6155329943,0.6489970088,0.5403528136,0.5225696468,average,0.6155329943,0.5403528136,
O1/0149/1,,videos/sample_000592_O1__0149__1.pt,ok,0.6183348298,0.6349315047,0.5388409529,0.5299717876,average,0.6183348298,0.5388409529,
O1/0149/2,,videos/sample_000593_O1__0149__2.pt,ok,0.6186224222,0.6320313811,0.5386860086,0.5315110022,average,0.6186224222,0.5386860086,
O1/0149/3,,videos/sample_000594_O1__0149__3.pt,ok,0.6175747514,0.6313280463,0.5392506699,0.5318849639,average,0.6175747514,0.5392506699,
O1/0149/4,,videos/sample_000595_O1__0149__4.pt,ok,0.6169119477,0.6354979277,0.5396082057,0.5296716845,average,0.6169119477,0.5396082057,
O1/0150/1,,videos/sample_000596_O1__0150__1.pt,ok,0.6185694337,0.6327860951,0.5387145535,0.5311100147,average,0.6185694337,0.5387145535,
O1/0150/2,,videos/sample_000597_O1__0150__2.pt,ok,0.6194982529,0.6327860951,0.5382144174,0.5311100147,average,0.6194982529,0.5382144174,
O1/0150/3,,videos/sample_000598_O1__0150__3.pt,ok,0.6197409034,0.6325249672,0.5380838352,0.5312487205,average,0.6197409034,0.5380838352,
O1/0150/4,,videos/sample_000599_O1__0150__4.pt,ok,0.6187833548,0.6325249672,0.5385993234,0.5312487205,average,0.6187833548,0.5385993234,
O1/0151/1,,videos/sample_000600_O1__0151__1.pt,ok,0.5362574458,0.5734408498,0.5849333056,0.5635828945,average,0.5362574458,0.5849333056,
O1/0151/2,,videos/sample_000601_O1__0151__2.pt,ok,0.5402238369,0.5711551309,0.5826178264,0.5648725600,average,0.5402238369,0.5826178264,
O1/0151/3,,videos/sample_000602_O1__0151__3.pt,ok,0.5331559181,0.5527228713,0.5867503087,0.5753809871,average,0.5331559181,0.5867503087,
O1/0151/4,,videos/sample_000603_O1__0151__4.pt,ok,0.5383995771,0.5581143498,0.5836816427,0.5722871805,average,0.5383995771,0.5836816427,
O1/0152/1,,videos/sample_000604_O1__0152__1.pt,ok,0.5435134768,0.5788257122,0.5807043725,0.5605562346,average,0.5435134768,0.5807043725,
O1/0152/2,,videos/sample_000605_O1__0152__2.pt,ok,0.5439143181,0.5701380968,0.5804716489,0.5654473468,average,0.5439143181,0.5804716489,
O1/0152/3,,videos/sample_000606_O1__0152__3.pt,ok,0.5379958749,0.5579981804,0.5839173239,0.5723536666,average,0.5379958749,0.5839173239,
O1/0152/4,,videos/sample_000607_O1__0152__4.pt,ok,0.5413521528,0.5607654452,0.5819608202,0.5707720019,average,0.5413521528,0.5819608202,
O1/0153/1,,videos/sample_000608_O1__0153__1.pt,ok,0.5619961619,0.5849346519,0.5700699753,0.5571422688,average,0.5619961619,0.5700699753,
O1/0153/2,,videos/sample_000609_O1__0153__2.pt,ok,0.5638383031,0.5870975852,0.5690207926,0.5559385095,average,0.5638383031,0.5690207926,
O1/0153/3,,videos/sample_000610_O1__0153__3.pt,ok,0.5635117888,0.5868957639,0.5692066164,0.5560507211,average,0.5635117888,0.5692066164,
O1/0153/4,,videos/sample_000611_O1__0153__4.pt,ok,0.5622079372,0.5851154923,0.5699492614,0.5570415241,average,0.5622079372,0.5699492614,
O1/0154/1,,videos/sample_000612_O1__0154__1.pt,ok,0.6192566156,0.6513405442,0.5383444858,0.5213464202,average,0.6192566156,0.5383444858,
O1/0154/2,,videos/sample_000613_O1__0154__2.pt,ok,0.6206117272,0.6513405442,0.5376154630,0.5213464202,average,0.6206117272,0.5376154630,
O1/0154/3,,videos/sample_000614_O1__0154__3.pt,ok,0.6205617785,0.6501574516,0.5376423168,0.5219635863,average,0.6205617785,0.5376423168,
O1/0154/4,,videos/sample_000615_O1__0154__4.pt,ok,0.6205677986,0.6501574516,0.5376390802,0.5219635863,average,0.6205677986,0.5376390802,
O1/0155/1,,videos/sample_000616_O1__0155__1.pt,ok,0.5347396135,0.5656263828,0.5858218104,0.5680042472,average,0.5347396135,0.5858218104,
O1/0155/2,,videos/sample_000617_O1__0155__2.pt,ok,0.5365085602,0.5686967969,0.5847864389,0.5662629136,average,0.5365085602,0.5847864389,
O1/0155/3,,videos/sample_000618_O1__0155__3.pt,ok,0.5384771228,0.5715819001,0.5836363825,0.5646315412,average,0.5384771228,0.5836363825,
O1/0155/4,,videos/sample_000619_O1__0155__4.pt,ok,0.5254098177,0.5466040969,0.5913129842,0.5789124065,average,0.5254098177,0.5913129842,
O1/0156/1,,videos/sample_000620_O1__0156__1.pt,ok,0.5672188997,0.5814745426,0.5671004107,0.5590733809,average,0.5672188997,0.5671004107,
O1/0156/2,,videos/sample_000621_O1__0156__2.pt,ok,0.5677648187,0.5833117366,0.5667909043,0.5580471976,average,0.5677648187,0.5667909043,
O1/0156/3,,videos/sample_000622_O1__0156__3.pt,ok,0.5666199327,0.5801902413,0.5674401869,0.5597918609,average,0.5666199327,0.5674401869,
O1/0156/4,,videos/sample_000623_O1__0156__4.pt,ok,0.5670415163,0.5813881755,0.5672010138,0.5591216686,average,0.5670415163,0.5672010138,
O1/0157/1,,videos/sample_000624_O1__0157__1.pt,ok,0.5670319796,0.6007859111,0.5672064231,0.5483804884,average,0.5670319796,0.5672064231,
O1/0157/2,,videos/sample_000625_O1__0157__2.pt,ok,0.5653378367,0.5986974239,0.5681681662,0.5495269708,average,0.5653378367,0.5681681662,
O1/0157/3,,videos/sample_000626_O1__0157__3.pt,ok,0.5649185777,0.6003355384,0.5684064258,0.5486275196,average,0.5649185777,0.5684064258,
O1/0157/4,,videos/sample_000627_O1__0157__4.pt,ok,0.5613440275,0.5967729688,0.5704418588,0.5505855290,average,0.5613440275,0.5704418588,
O1/0158/1,,videos/sample_000628_O1__0158__1.pt,ok,0.5634927154,0.5855796933,0.5692174732,0.5567830049,average,0.5634927154,0.5692174732,
O1/0158/2,,videos/sample_000629_O1__0158__2.pt,ok,0.5676771998,0.5935853124,0.5668405681,0.5523434068,average,0.5676771998,0.5668405681,
O1/0158/3,,videos/sample_000630_O1__0158__3.pt,ok,0.5653281212,0.5899409652,0.5681736863,0.5543600103,average,0.5653281212,0.5681736863,
O1/0158/4,,videos/sample_000631_O1__0158__4.pt,ok,0.5658939481,0.5883836746,0.5678522893,0.5552239825,average,0.5658939481,0.5678522893,
O1/0159/1,,videos/sample_000632_O1__0159__1.pt,ok,0.6156778932,0.6298198700,0.5402745227,0.5326877454,average,0.6156778932,0.5402745227,
O1/0159/2,,videos/sample_000633_O1__0159__2.pt,ok,0.6152976751,0.6304093003,0.5404799839,0.5323738556,average,0.6152976751,0.5404799839,
O1/0159/3,,videos/sample_000634_O1__0159__3.pt,ok,0.6137400866,0.6288651228,0.5413224853,0.5331965704,average,0.6137400866,0.5413224853,
O1/0159/4,,videos/sample_000635_O1__0159__4.pt,ok,0.6148843169,0.6308175325,0.5407034419,0.5321565678,average,0.6148843169,0.5407034419,
O1/0160/1,,videos/sample_000636_O1__0160__1.pt,ok,0.5343311429,0.5520474911,0.5860611502,0.5757697193,average,0.5343311429,0.5860611502,
O1/0160/2,,videos/sample_000637_O1__0160__2.pt,ok,0.5460904837,0.5867704153,0.5792098200,0.5561204256,average,0.5460904837,0.5792098200,
O1/0160/3,,videos/sample_000638_O1__0160__3.pt,ok,0.5510403514,0.5842638016,0.5763498920,0.5575161533,average,0.5510403514,0.5763498920,
O1/0160/4,,videos/sample_000639_O1__0160__4.pt,ok,0.5497915745,0.5849687457,0.5770700740,0.5571232740,average,0.5497915745,0.5770700740,
O1/0161/1,,videos/sample_000640_O1__0161__1.pt,ok,0.5818715096,0.6022083163,0.5588514913,0.5476010236,average,0.5818715096,0.5588514913,
O1/0161/2,,videos/sample_000641_O1__0161__2.pt,ok,0.5804907680,0.6004862785,0.5596236538,0.5485448257,average,0.5804907680,0.5596236538,
O1/0161/3,,videos/sample_000642_O1__0161__3.pt,ok,0.5806366801,0.6020541787,0.5595420039,0.5476854360,average,0.5806366801,0.5595420039,
O1/0161/4,,videos/sample_000643_O1__0161__4.pt,ok,0.5822257996,0.6040771604,0.5586535309,0.5465785984,average,0.5822257996,0.5586535309,
O1/0162/1,,videos/sample_000644_O1__0162__1.pt,ok,0.6114405394,0.6278043389,0.5425687143,0.5337624768,average,0.6114405394,0.5425687143,
O1/0162/2,,videos/sample_000645_O1__0162__2.pt,ok,0.6144170761,0.6273310184,0.5409561397,0.5340151773,average,0.6144170761,0.5409561397,
O1/0162/3,,videos/sample_000646_O1__0162__3.pt,ok,0.6136552095,0.6273310184,0.5413684331,0.5340151773,average,0.6136552095,0.5413684331,
O1/0162/4,,videos/sample_000647_O1__0162__4.pt,ok,0.6139544249,0.6286394000,0.5412064716,0.5333169386,average,0.6139544249,0.5412064716,
O1/0163/1,,videos/sample_000648_O1__0163__1.pt,ok,0.6281684637,0.6394441724,0.5335681561,0.5275855892,average,0.6281684637,0.5335681561,
O1/0163/2,,videos/sample_000649_O1__0163__2.pt,ok,0.6276934147,0.6394441724,0.5338216873,0.5275855892,average,0.6276934147,0.5338216873,
O1/0163/3,,videos/sample_000650_O1__0163__3.pt,ok,0.6286907196,0.6394292712,0.5332895697,0.5275934509,average,0.6286907196,0.5332895697,
O1/0163/4,,videos/sample_000651_O1__0163__4.pt,ok,0.6279498339,0.6401107311,0.5336848227,0.5272340396,average,0.6279498339,0.5336848227,
O1/0164/1,,videos/sample_000652_O1__0164__1.pt,ok,0.5472092628,0.5758676529,0.5785621744,0.5622168480,average,0.5472092628,0.5785621744,
O1/0164/2,,videos/sample_000653_O1__0164__2.pt,ok,0.5445526242,0.5659483671,0.5801012485,0.5678213882,average,0.5445526242,0.5801012485,
O1/0164/3,,videos/sample_000654_O1__0164__3.pt,ok,0.5453541279,0.5683856606,0.5796364815,0.5664391260,average,0.5453541279,0.5796364815,
O1/0164/4,,videos/sample_000655_O1__0164__4.pt,ok,0.5481394529,0.5812826157,0.5780242519,0.5591806925,average,0.5481394529,0.5780242519,
O1/0165/1,,videos/sample_000656_O1__0165__1.pt,ok,0.5673749447,0.5905088782,0.5670119245,0.5540452714,average,0.5673749447,0.5670119245,
O1/0165/2,,videos/sample_000657_O1__0165__2.pt,ok,0.5679773688,0.5920478702,0.5666704457,0.5531932560,average,0.5679773688,0.5666704457,
O1/0165/3,,videos/sample_000658_O1__0165__3.pt,ok,0.5684016943,0.5921518803,0.5664300440,0.5531357213,average,0.5684016943,0.5664300440,
O1/0165/4,,videos/sample_000659_O1__0165__4.pt,ok,0.5671066642,0.5903049707,0.5671640631,0.5541582569,average,0.5671066642,0.5671640631,
O1/0166/1,,videos/sample_000660_O1__0166__1.pt,ok,0.5516968966,0.5817993879,0.5759716164,0.5588917981,average,0.5516968966,0.5759716164,
O1/0166/2,,videos/sample_000661_O1__0166__2.pt,ok,0.5564805269,0.5911623836,0.5732229606,0.5536833182,average,0.5564805269,0.5732229606,
O1/0166/3,,videos/sample_000662_O1__0166__3.pt,ok,0.5552290082,0.5999242067,0.5739408090,0.5488532339,average,0.5552290082,0.5739408090,
O1/0166/4,,videos/sample_000663_O1__0166__4.pt,ok,0.5434509516,0.5747295618,0.5807406824,0.5628570663,average,0.5434509516,0.5807406824,
O1/0167/1,,videos/sample_000664_O1__0167__1.pt,ok,0.6226255894,0.6492971778,0.5365338690,0.5224128111,average,0.6226255894,0.5365338690,
O1/0167/2,,videos/sample_000665_O1__0167__2.pt,ok,0.6213533282,0.6492971778,0.5372169146,0.5224128111,average,0.6213533282,0.5372169146,
O1/0167/3,,videos/sample_000666_O1__0167__3.pt,ok,0.6237152219,0.6505216360,0.5359495626,0.5217735299,average,0.6237152219,0.5359495626,
O1/0167/4,,videos/sample_000667_O1__0167__4.pt,ok,0.6237704754,0.6505216360,0.5359199504,0.5217735299,average,0.6237704754,0.5359199504,
O1/0168/1,,videos/sample_000668_O1__0168__1.pt,ok,0.5546458364,0.5850253105,0.5742756127,0.5570917614,average,0.5546458364,0.5742756127,
O1/0168/2,,videos/sample_000669_O1__0168__2.pt,ok,0.5630307198,0.5934844613,0.5694805100,0.5523991140,average,0.5630307198,0.5694805100,
O1/0168/3,,videos/sample_000670_O1__0168__3.pt,ok,0.5611634851,0.5917963386,0.5705448571,0.5533324191,average,0.5611634851,0.5705448571,
O1/0168/4,,videos/sample_000671_O1__0168__4.pt,ok,0.5629823804,0.6094927788,0.5695080390,0.5436265381,average,0.5629823804,0.5695080390,
O1/0169/1,,videos/sample_000672_O1__0169__1.pt,ok,0.5244064927,0.5468166471,0.5919065610,0.5787893717,average,0.5244064927,0.5919065610,
O1/0169/2,,videos/sample_000673_O1__0169__2.pt,ok,0.5340993404,0.5731416345,0.5861970164,0.5637515524,average,0.5340993404,0.5861970164,
O1/0169/3,,videos/sample_000674_O1__0169__3.pt,ok,0.5372181535,0.5729575157,0.5843716255,0.5638553592,average,0.5372181535,0.5843716255,
O1/0169/4,,videos/sample_000675_O1__0169__4.pt,ok,0.5382615328,0.5694698691,0.5837622222,0.5658253207,average,0.5382615328,0.5837622222,
O1/0170/1,,videos/sample_000676_O1__0170__1.pt,ok,0.5634166598,0.5881516933,0.5692607670,0.5553527990,average,0.5634166598,0.5692607670,
O1/0170/2,,videos/sample_000677_O1__0170__2.pt,ok,0.5616394281,0.5845205784,0.5702733748,0.5573730144,average,0.5616394281,0.5702733748,
O1/0170/3,,videos/sample_000678_O1__0170__3.pt,ok,0.5635483861,0.5868149996,0.5691857854,0.5560956320,average,0.5635483861,0.5691857854,
O1/0170/4,,videos/sample_000679_O1__0170__4.pt,ok,0.5620002151,0.5839770436,0.5700676648,0.5576760484,average,0.5620002151,0.5700676648,
O1/0171/1,,videos/sample_000680_O1__0171__1.pt,ok,0.6120409369,0.6421319842,0.5422430551,0.5261694424,average,0.6120409369,0.5422430551,
O1/0171/2,,videos/sample_000681_O1__0171__2.pt,ok,0.6120697856,0.6426114440,0.5422274123,0.5259172258,average,0.6120697856,0.5422274123,
O1/0171/3,,videos/sample_000682_O1__0171__3.pt,ok,0.6102892756,0.6426114440,0.5431937136,0.5259172258,average,0.6102892756,0.5431937136,
O1/0171/4,,videos/sample_000683_O1__0171__4.pt,ok,0.6125351191,0.6421319842,0.5419751545,0.5261694424,average,0.6125351191,0.5419751545,
O1/0172/1,,videos/sample_000684_O1__0172__1.pt,ok,0.5487235188,0.5816697478,0.5776867462,0.5589642576,average,0.5487235188,0.5776867462,
O1/0172/2,,videos/sample_000685_O1__0172__2.pt,ok,0.5436978936,0.5813847780,0.5805972908,0.5591235682,average,0.5436978936,0.5805972908,
O1/0172/3,,videos/sample_000686_O1__0172__3.pt,ok,0.5485990047,0.5810517669,0.5777586808,0.5593097936,average,0.5485990047,0.5777586808,
O1/0172/4,,videos/sample_000687_O1__0172__4.pt,ok,0.5402885079,0.5735583305,0.5825801491,0.5635166883,average,0.5402885079,0.5825801491,
O1/0173/1,,videos/sample_000688_O1__0173__1.pt,ok,0.5458714366,0.5824652314,0.5793367081,0.5585197875,average,0.5458714366,0.5793367081,
O1/0173/2,,videos/sample_000689_O1__0173__2.pt,ok,0.5348109007,0.5681877136,0.5857800503,0.5665512620,average,0.5348109007,0.5857800503,
O1/0173/3,,videos/sample_000690_O1__0173__3.pt,ok,0.5478450060,0.5868646502,0.5781944744,0.5560680221,average,0.5478450060,0.5781944744,
O1/0173/4,,videos/sample_000691_O1__0173__4.pt,ok,0.5435264111,0.5876922011,0.5806968616,0.5556080379,average,0.5435264111,0.5806968616,
O1/0174/1,,videos/sample_000692_O1__0174__1.pt,ok,0.6202187538,0.6340109706,0.5378267731,0.5304598694,average,0.6202187538,0.5378267731,
O1/0174/2,,videos/sample_000693_O1__0174__2.pt,ok,0.6188700199,0.6340109706,0.5385526477,0.5304598694,average,0.6188700199,0.5385526477,
O1/0174/3,,videos/sample_000694_O1__0174__3.pt,ok,0.6203833222,0.6354761720,0.5377382710,0.5296832080,average,0.6203833222,0.5377382710,
O1/0174/4,,videos/sample_000695_O1__0174__4.pt,ok,0.6210506558,0.6354761720,0.5373795399,0.5296832080,average,0.6210506558,0.5373795399,
O1/0175/1,,videos/sample_000696_O1__0175__1.pt,ok,0.6148805022,0.6400458217,0.5407055046,0.5272682632,average,0.6148805022,0.5407055046,
O1/0175/2,,videos/sample_000697_O1__0175__2.pt,ok,0.6148805022,0.6400458217,0.5407055046,0.5272682632,average,0.6148805022,0.5407055046,
O1/0175/3,,videos/sample_000698_O1__0175__3.pt,ok,0.6156328321,0.6407207251,0.5402988687,0.5269125281,average,0.6156328321,0.5402988687,
O1/0175/4,,videos/sample_000699_O1__0175__4.pt,ok,0.6156328321,0.6407207251,0.5402988687,0.5269125281,average,0.6156328321,0.5402988687,
O1/0176/1,,videos/sample_000700_O1__0176__1.pt,ok,0.5251107812,0.5667618513,0.5914898348,0.5673596623,average,0.5251107812,0.5914898348,
O1/0176/2,,videos/sample_000701_O1__0176__2.pt,ok,0.5294406414,0.5702744722,0.5889343030,0.5653702390,average,0.5294406414,0.5889343030,
O1/0176/3,,videos/sample_000702_O1__0176__3.pt,ok,0.5241584182,0.5465948582,0.5920534162,0.5789177550,average,0.5241584182,0.5920534162,
O1/0176/4,,videos/sample_000703_O1__0176__4.pt,ok,0.5193404555,0.5430897474,0.5949127900,0.5809504862,average,0.5193404555,0.5949127900,
O1/0177/1,,videos/sample_000704_O1__0177__1.pt,ok,0.6002146602,0.6126121283,0.5486938407,0.5419334190,average,0.6002146602,0.5486938407,
O1/0177/2,,videos/sample_000705_O1__0177__2.pt,ok,0.6015493274,0.6128239036,0.5479620056,0.5418186630,average,0.6015493274,0.5479620056,
O1/0177/3,,videos/sample_000706_O1__0177__3.pt,ok,0.6013389230,0.6146270633,0.5480773113,0.5408425578,average,0.6013389230,0.5480773113,
O1/0177/4,,videos/sample_000707_O1__0177__4.pt,ok,0.6010023952,0.6146270633,0.5482617856,0.5408425578,average,0.6010023952,0.5482617856,
O1/0178/1,,videos/sample_000708_O1__0178__1.pt,ok,0.5679346323,0.5871804357,0.5666946637,0.5558924517,average,0.5679346323,0.5666946637,
O1/0178/2,,videos/sample_000709_O1__0178__2.pt,ok,0.5678588152,0.5874623656,0.5667376305,0.5557357510,average,0.5678588152,0.5667376305,
O1/0178/3,,videos/sample_000710_O1__0178__3.pt,ok,0.5683279634,0.5871804357,0.5664718089,0.5558924517,average,0.5683279634,0.5664718089,
O1/0178/4,,videos/sample_000711_O1__0178__4.pt,ok,0.5682640076,0.5874623656,0.5665080392,0.5557357510,average,0.5682640076,0.5665080392,
O1/0179/1,,videos/sample_000712_O1__0179__1.pt,ok,0.5290197730,0.5619576573,0.5891822190,0.5700919261,average,0.5290197730,0.5891822190,
O1/0179/2,,videos/sample_000713_O1__0179__2.pt,ok,0.5292506814,0.5662930012,0.5890461876,0.5676257313,average,0.5292506814,0.5890461876,
O1/0179/3,,videos/sample_000714_O1__0179__3.pt,ok,0.5248263478,0.5465187430,0.5916580982,0.5789618211,average,0.5248263478,0.5916580982,
O1/0179/4,,videos/sample_000715_O1__0179__4.pt,ok,0.5254098177,0.5466040969,0.5913129842,0.5789124065,average,0.5254098177,0.5913129842,
O1/0180/1,,videos/sample_000716_O1__0180__1.pt,ok,0.5618130565,0.5856913328,0.5701743678,0.5567208493,average,0.5618130565,0.5701743678,
O1/0180/2,,videos/sample_000717_O1__0180__2.pt,ok,0.5603458285,0.5834439993,0.5710115576,0.5579733937,average,0.5603458285,0.5710115576,
O1/0180/3,,videos/sample_000718_O1__0180__3.pt,ok,0.5594889522,0.5837419629,0.5715010536,0.5578071627,average,0.5594889522,0.5715010536,
O1/0180/4,,videos/sample_000719_O1__0180__4.pt,ok,0.5613980293,0.5848979950,0.5704110548,0.5571626923,average,0.5613980293,0.5704110548,
O1/0181/1,,videos/sample_000720_O1__0181__1.pt,ok,0.5328047276,0.5668982863,0.5869564061,0.5672822598,average,0.5328047276,0.5869564061,
O1/0181/2,,videos/sample_000721_O1__0181__2.pt,ok,0.5278424025,0.5513757467,0.5898763133,0.5761566193,average,0.5278424025,0.5898763133,
O1/0181/3,,videos/sample_000722_O1__0181__3.pt,ok,0.5328662395,0.5695001483,0.5869203023,0.5658081882,average,0.5328662395,0.5869203023,
O1/0181/4,,videos/sample_000723_O1__0181__4.pt,ok,0.5291398168,0.5527174473,0.5891114956,0.5753841080,average,0.5291398168,0.5891114956,
O1/0182/1,,videos/sample_000724_O1__0182__1.pt,ok,0.6180906892,0.6314789653,0.5389725219,0.5318046984,average,0.6180906892,0.5389725219,
O1/0182/2,,videos/sample_000725_O1__0182__2.pt,ok,0.6196092367,0.6307783723,0.5381546876,0.5321774076,average,0.6196092367,0.5381546876,
O1/0182/3,,videos/sample_000726_O1__0182__3.pt,ok,0.6191511750,0.6294061542,0.5384012521,0.5329081724,average,0.6191511750,0.5384012521,
O1/0182/4,,videos/sample_000727_O1__0182__4.pt,ok,0.6199859381,0.6303165555,0.5379520022,0.5324232328,average,0.6199859381,0.5379520022,
O1/0183/1,,videos/sample_000728_O1__0183__1.pt,ok,0.5883677602,0.6114036441,0.5552328186,0.5425887329,average,0.5883677602,0.5552328186,
O1/0183/2,,videos/sample_000729_O1__0183__2.pt,ok,0.5880137086,0.6101008058,0.5554294345,0.5432960989,average,0.5880137086,0.5554294345,
O1/0183/3,,videos/sample_000730_O1__0183__3.pt,ok,0.5894029737,0.6114036441,0.5546583315,0.5425887329,average,0.5894029737,0.5546583315,
O1/0183/4,,videos/sample_000731_O1__0183__4.pt,ok,0.5892770886,0.6105778813,0.5547281591,0.5430369675,average,0.5892770886,0.5547281591,
O1/0184/1,,videos/sample_000732_O1__0184__1.pt,ok,0.5528881550,0.5726685524,0.5752858939,0.5640183162,average,0.5528881550,0.5752858939,
O1/0184/2,,videos/sample_000733_O1__0184__2.pt,ok,0.5525978804,0.5812148452,0.5754529090,0.5592185897,average,0.5525978804,0.5754529090,
O1/0184/3,,videos/sample_000734_O1__0184__3.pt,ok,0.5511940718,0.5712118745,0.5762613020,0.5648405080,average,0.5511940718,0.5762613020,
O1/0184/4,,videos/sample_000735_O1__0184__4.pt,ok,0.5540632606,0.5829610825,0.5746102693,0.5582429135,average,0.5540632606,0.5746102693,
O1/0185/1,,videos/sample_000736_O1__0185__1.pt,ok,0.5581113100,0.5893981457,0.5722889201,0.5546610094,average,0.5581113100,0.5722889201,
O1/0185/2,,videos/sample_000737_O1__0185__2.pt,ok,0.5566353202,0.5797140598,0.5731342364,0.5600584869,average,0.5566353202,0.5731342364,
O1/0185/3,,videos/sample_000738_O1__0185__3.pt,ok,0.5554738641,0.5786548257,0.5738002934,0.5606520343,average,0.5554738641,0.5738002934,
O1/0185/4,,videos/sample_000739_O1__0185__4.pt,ok,0.5589473844,0.5904441476,0.5718106440,0.5540811363,average,0.5589473844,0.5718106440,
O1/0186/1,,videos/sample_000740_O1__0186__1.pt,ok,0.5554145575,0.5810984373,0.5738343246,0.5592836910,average,0.5554145575,0.5738343246,
O1/0186/2,,videos/sample_000741_O1__0186__2.pt,ok,0.5535884500,0.5771822929,0.5748831651,0.5614782209,average,0.5535884500,0.5748831651,
O1/0186/3,,videos/sample_000742_O1__0186__3.pt,ok,0.5551723838,0.5791237354,0.5739733090,0.5603892007,average,0.5551723838,0.5739733090,
O1/0186/4,,videos/sample_000743_O1__0186__4.pt,ok,0.5537568331,0.5782986283,0.5747863726,0.5608517726,average,0.5537568331,0.5747863726,
O1/0187/1,,videos/sample_000744_O1__0187__1.pt,ok,0.5341548920,0.5573990941,0.5861644532,0.5726966586,average,0.5341548920,0.5861644532,
O1/0187/2,,videos/sample_000745_O1__0187__2.pt,ok,0.5359131098,0.5683320165,0.5851347539,0.5664695129,average,0.5359131098,0.5851347539,
O1/0187/3,,videos/sample_000746_O1__0187__3.pt,ok,0.5312584639,0.5541474223,0.5878646975,0.5745619111,average,0.5312584639,0.5878646975,
O1/0187/4,,videos/sample_000747_O1__0187__4.pt,ok,0.5345855355,0.5712225437,0.5859120796,0.5648344816,average,0.5345855355,0.5859120796,
O1/0188/1,,videos/sample_000748_O1__0188__1.pt,ok,0.6038388610,0.6391937733,0.5467088632,0.5277177127,average,0.6038388610,0.5467088632,
O1/0188/2,,videos/sample_000749_O1__0188__2.pt,ok,0.6056203246,0.6405429840,0.5457357883,0.5270061904,average,0.6056203246,0.5457357883,
O1/0188/3,,videos/sample_000750_O1__0188__3.pt,ok,0.6059947610,0.6391937733,0.5455314832,0.5277177127,average,0.6059947610,0.5455314832,
O1/0188/4,,videos/sample_000751_O1__0188__4.pt,ok,0.6050163507,0.6405429840,0.5460654980,0.5270061904,average,0.6050163507,0.5460654980,
O1/0189/1,,videos/sample_000752_O1__0189__1.pt,ok,0.5288193822,0.5641030073,0.5893002976,0.5688701904,average,0.5288193822,0.5893002976,
O1/0189/2,,videos/sample_000753_O1__0189__2.pt,ok,0.5301154852,0.5549484491,0.5885369984,0.5741018559,average,0.5301154852,0.5885369984,
O1/0189/3,,videos/sample_000754_O1__0189__3.pt,ok,0.5310947299,0.5663813353,0.5879609588,0.5675755928,average,0.5310947299,0.5879609588,
O1/0189/4,,videos/sample_000755_O1__0189__4.pt,ok,0.5234191418,0.5483939648,0.5924912691,0.5778771566,average,0.5234191418,0.5924912691,
O1/0190/1,,videos/sample_000756_O1__0190__1.pt,ok,0.6177558303,0.6328096986,0.5391530318,0.5310974789,average,0.6177558303,0.5391530318,
O1/0190/2,,videos/sample_000757_O1__0190__2.pt,ok,0.6169518232,0.6294059753,0.5395866890,0.5329082677,average,0.6169518232,0.5395866890,
O1/0190/3,,videos/sample_000758_O1__0190__3.pt,ok,0.6167902946,0.6294955611,0.5396738547,0.5328605288,average,0.6167902946,0.5396738547,
O1/0190/4,,videos/sample_000759_O1__0190__4.pt,ok,0.6179349422,0.6342294216,0.5390564717,0.5303440025,average,0.6179349422,0.5390564717,
O1/0191/1,,videos/sample_000760_O1__0191__1.pt,ok,0.5476878285,0.5776207447,0.5782853607,0.5612320937,average,0.5476878285,0.5782853607,
O1/0191/2,,videos/sample_000761_O1__0191__2.pt,ok,0.5397778749,0.5796695948,0.5828777097,0.5600833905,average,0.5397778749,0.5828777097,
O1/0191/3,,videos/sample_000762_O1__0191__3.pt,ok,0.5311360359,0.5520184636,0.5879366730,0.5757864327,average,0.5311360359,0.5879366730,
O1/0191/4,,videos/sample_000763_O1__0191__4.pt,ok,0.5473763943,0.5750522017,0.5784654866,0.5626754954,average,0.5473763943,0.5784654866,
O1/0192/1,,videos/sample_000764_O1__0192__1.pt,ok,0.5513128638,0.5976389647,0.5761928508,0.5501089306,average,0.5513128638,0.5761928508,
O1/0192/2,,videos/sample_000765_O1__0192__2.pt,ok,0.5540603399,0.5896072984,0.5746119475,0.5545450127,average,0.5540603399,0.5746119475,
O1/0192/3,,videos/sample_000766_O1__0192__3.pt,ok,0.5406653285,0.5613671541,0.5823606623,0.5704286666,average,0.5406653285,0.5823606623,
O1/0192/4,,videos/sample_000767_O1__0192__4.pt,ok,0.5559793115,0.5888580680,0.5735103408,0.5549606504,average,0.5559793115,0.5735103408,
O1/0193/1,,videos/sample_000768_O1__0193__1.pt,ok,0.6199088097,0.6484507918,0.5379934952,0.5228551611,average,0.6199088097,0.5379934952,
O1/0193/2,,videos/sample_000769_O1__0193__2.pt,ok,0.6181377172,0.6489952803,0.5389471756,0.5225705500,average,0.6181377172,0.5389471756,
O1/0193/3,,videos/sample_000770_O1__0193__3.pt,ok,0.6193844676,0.6489952803,0.5382756618,0.5225705500,average,0.6193844676,0.5382756618,
O1/0193/4,,videos/sample_000771_O1__0193__4.pt,ok,0.6195392609,0.6484507918,0.5381923468,0.5228551611,average,0.6195392609,0.5381923468,
O1/0194/1,,videos/sample_000772_O1__0194__1.pt,ok,0.5329410434,0.5650261045,0.5868764001,0.5683453102,average,0.5329410434,0.5868764001,
O1/0194/2,,videos/sample_000773_O1__0194__2.pt,ok,0.5317519903,0.5703666806,0.5875746423,0.5653181095,average,0.5317519903,0.5875746423,
O1/0194/3,,videos/sample_000774_O1__0194__3.pt,ok,0.5299579501,0.5526190400,0.5886297210,0.5754407328,average,0.5299579501,0.5886297210,
O1/0194/4,,videos/sample_000775_O1__0194__4.pt,ok,0.5279834270,0.5503701568,0.5897931321,0.5767362880,average,0.5279834270,0.5897931321,
O1/0195/1,,videos/sample_000776_O1__0195__1.pt,ok,0.6026545167,0.6167260408,0.5473567383,0.5397085319,average,0.6026545167,0.5473567383,
O1/0195/2,,videos/sample_000777_O1__0195__2.pt,ok,0.6041879654,0.6165061593,0.5465180381,0.5398272169,average,0.6041879654,0.5465180381,
O1/0195/3,,videos/sample_000778_O1__0195__3.pt,ok,0.6035938263,0.6184279323,0.5468428423,0.5387907878,average,0.6035938263,0.5468428423,
O1/0195/4,,videos/sample_000779_O1__0195__4.pt,ok,0.6000595689,0.6171996593,0.5487789450,0.5394529765,average,0.6000595689,0.5487789450,
O1/0196/1,,videos/sample_000780_O1__0196__1.pt,ok,0.6188700199,0.6476727724,0.5385526477,0.5232621109,average,0.6188700199,0.5385526477,
O1/0196/2,,videos/sample_000781_O1__0196__2.pt,ok,0.6187716126,0.6464853287,0.5386056478,0.5238838243,average,0.6187716126,0.5386056478,
O1/0196/3,,videos/sample_000782_O1__0196__3.pt,ok,0.6195183992,0.6476727724,0.5382035744,0.5232621109,average,0.6195183992,0.5382035744,
O1/0196/4,,videos/sample_000783_O1__0196__4.pt,ok,0.6187906861,0.6464853287,0.5385953748,0.5238838243,average,0.6187906861,0.5385953748,
O1/0197/1,,videos/sample_000784_O1__0197__1.pt,ok,0.5656197071,0.5878507495,0.5680080390,0.5555199541,average,0.5656197071,0.5680080390,
O1/0197/2,,videos/sample_000785_O1__0197__2.pt,ok,0.5649865270,0.5865851045,0.5683678043,0.5562234903,average,0.5649865270,0.5683678043,
O1/0197/3,,videos/sample_000786_O1__0197__3.pt,ok,0.5654474497,0.5865851045,0.5681058911,0.5562234903,average,0.5654474497,0.5681058911,
O1/0197/4,,videos/sample_000787_O1__0197__4.pt,ok,0.5662047267,0.5878507495,0.5676758404,0.5555199541,average,0.5662047267,0.5676758404,
O1/0198/1,,videos/sample_000788_O1__0198__1.pt,ok,0.6186432838,0.6315219402,0.5386747708,0.5317818446,average,0.6186432838,0.5386747708,
O1/0198/2,,videos/sample_000789_O1__0198__2.pt,ok,0.6166485548,0.6329418421,0.5397503534,0.5310273024,average,0.6166485548,0.5397503534,
O1/0198/3,,videos/sample_000790_O1__0198__3.pt,ok,0.6183540821,0.6322411895,0.5388305790,0.5313994985,average,0.6183540821,0.5388305790,
O1/0198/4,,videos/sample_000791_O1__0198__4.pt,ok,0.6177394390,0.6315219402,0.5391618693,0.5317818446,average,0.6177394390,0.5391618693,
O1/0199/1,,videos/sample_000792_O1__0199__1.pt,ok,0.5534803271,0.5795447230,0.5749453265,0.5601533334,average,0.5534803271,0.5749453265,
O1/0199/2,,videos/sample_000793_O1__0199__2.pt,ok,0.5538100004,0.5795447230,0.5747558136,0.5601533334,average,0.5538100004,0.5747558136,
O1/0199/3,,videos/sample_000794_O1__0199__3.pt,ok,0.5529580712,0.5783706307,0.5752456735,0.5608113914,average,0.5529580712,0.5752456735,
O1/0199/4,,videos/sample_000795_O1__0199__4.pt,ok,0.5535060763,0.5783706307,0.5749305223,0.5608113914,average,0.5535060763,0.5749305223,
O1/0200/1,,videos/sample_000796_O1__0200__1.pt,ok,0.5454226136,0.5656514168,0.5795967861,0.5679900280,average,0.5454226136,0.5795967861,
O1/0200/2,,videos/sample_000797_O1__0200__2.pt,ok,0.5391060710,0.5594161749,0.5832694208,0.5715426474,average,0.5391060710,0.5832694208,
O1/0200/3,,videos/sample_000798_O1__0200__3.pt,ok,0.5422476530,0.5724672079,0.5814399074,0.5641318897,average,0.5422476530,0.5814399074,
O1/0200/4,,videos/sample_000799_O1__0200__4.pt,ok,0.5474380255,0.5728384852,0.5784298362,0.5639224792,average,0.5474380255,0.5784298362,
O1/0201/1,,videos/sample_000800_O1__0201__1.pt,ok,0.5396687984,0.5612589717,0.5829412915,0.5704903803,average,0.5396687984,0.5829412915,
O1/0201/2,,videos/sample_000801_O1__0201__2.pt,ok,0.5578386188,0.5939891338,0.5724449996,0.5521204037,average,0.5578386188,0.5724449996,
O1/0201/3,,videos/sample_000802_O1__0201__3.pt,ok,0.5539421439,0.5882263184,0.5746798684,0.5553113573,average,0.5539421439,0.5746798684,
O1/0201/4,,videos/sample_000803_O1__0201__4.pt,ok,0.5548469424,0.5991985202,0.5741601340,0.5492516739,average,0.5548469424,0.5741601340,
O1/0202/1,,videos/sample_000804_O1__0202__1.pt,ok,0.5680435896,0.5883132815,0.5666329215,0.5552630678,average,0.5680435896,0.5666329215,
O1/0202/2,,videos/sample_000805_O1__0202__2.pt,ok,0.5679512620,0.5904741287,0.5666852398,0.5540645245,average,0.5679512620,0.5666852398,
O1/0202/3,,videos/sample_000806_O1__0202__3.pt,ok,0.5660372376,0.5858995914,0.5677709279,0.5566049195,average,0.5660372376,0.5677709279,
O1/0202/4,,videos/sample_000807_O1__0202__4.pt,ok,0.5686508417,0.5907893777,0.5662889370,0.5538898838,average,0.5686508417,0.5662889370,
O1/0203/1,,videos/sample_000808_O1__0203__1.pt,ok,0.5685880184,0.5885019302,0.5663245142,0.5551583280,average,0.5685880184,0.5663245142,
O1/0203/2,,videos/sample_000809_O1__0203__2.pt,ok,0.5705403686,0.5948551893,0.5652199291,0.5516424438,average,0.5705403686,0.5652199291,
O1/0203/3,,videos/sample_000810_O1__0203__3.pt,ok,0.5700508356,0.5903103948,0.5654966906,0.5541552511,average,0.5700508356,0.5654966906,
O1/0203/4,,videos/sample_000811_O1__0203__4.pt,ok,0.5700784326,0.5913577080,0.5654810848,0.5535751808,average,0.5700784326,0.5654810848,
O1/0204/1,,videos/sample_000812_O1__0204__1.pt,ok,0.5555040240,0.5993375182,0.5737829879,0.5491753343,average,0.5555040240,0.5737829879,
O1/0204/2,,videos/sample_000813_O1__0204__2.pt,ok,0.5494032502,0.5837052464,0.5772942078,0.5578276438,average,0.5494032502,0.5772942078,
O1/0204/3,,videos/sample_000814_O1__0204__3.pt,ok,0.5542590022,0.5900745988,0.5744978051,0.5542859341,average,0.5542590022,0.5744978051,
O1/0204/4,,videos/sample_000815_O1__0204__4.pt,ok,0.5562145710,0.5903180242,0.5733754329,0.5541510233,average,0.5562145710,0.5733754329,
O1/0205/1,,videos/sample_000816_O1__0205__1.pt,ok,0.6130621433,0.6426108479,0.5416895957,0.5259175393,average,0.6130621433,0.5416895957,
O1/0205/2,,videos/sample_000817_O1__0205__2.pt,ok,0.6132007837,0.6428722143,0.5416145008,0.5257801001,average,0.6132007837,0.5416145008,
O1/0205/3,,videos/sample_000818_O1__0205__3.pt,ok,0.6121094823,0.6428722143,0.5422058881,0.5257801001,average,0.6121094823,0.5422058881,
O1/0205/4,,videos/sample_000819_O1__0205__4.pt,ok,0.6134222746,0.6426108479,0.5414945514,0.5259175393,average,0.6134222746,0.5414945514,
O1/0206/1,,videos/sample_000820_O1__0206__1.pt,ok,0.5658394098,0.5885109305,0.5678832598,0.5551533314,average,0.5658394098,0.5678832598,
O1/0206/2,,videos/sample_000821_O1__0206__2.pt,ok,0.5675203800,0.5941898227,0.5669294669,0.5520096104,average,0.5675203800,0.5669294669,
O1/0206/3,,videos/sample_000822_O1__0206__3.pt,ok,0.5672104955,0.5939583182,0.5671051768,0.5521374179,average,0.5672104955,0.5671051768,
O1/0206/4,,videos/sample_000823_O1__0206__4.pt,ok,0.5660521984,0.5882018805,0.5677624336,0.5553249281,average,0.5660521984,0.5677624336,
O1/0207/1,,videos/sample_000824_O1__0207__1.pt,ok,0.5378935933,0.5575281382,0.5839770509,0.5726227602,average,0.5378935933,0.5839770509,
O1/0207/2,,videos/sample_000825_O1__0207__2.pt,ok,0.5533539057,0.5824537873,0.5750180165,0.5585261793,average,0.5533539057,0.5750180165,
O1/0207/3,,videos/sample_000826_O1__0207__3.pt,ok,0.5483173728,0.5803614855,0.5779214190,0.5596960080,average,0.5483173728,0.5779214190,
O1/0207/4,,videos/sample_000827_O1__0207__4.pt,ok,0.5513479114,0.5908327699,0.5761726571,0.5538658498,average,0.5513479114,0.5761726571,
O1/0208/1,,videos/sample_000828_O1__0208__1.pt,ok,0.6203930378,0.6332834959,0.5377330466,0.5308459059,average,0.6203930378,0.5377330466,
O1/0208/2,,videos/sample_000829_O1__0208__2.pt,ok,0.6203680038,0.6338241696,0.5377465084,0.5305589690,average,0.6203680038,0.5377465084,
O1/0208/3,,videos/sample_000830_O1__0208__3.pt,ok,0.6185184121,0.6324600577,0.5387420403,0.5312832047,average,0.6185184121,0.5387420403,
O1/0208/4,,videos/sample_000831_O1__0208__4.pt,ok,0.6199193597,0.6342788935,0.5379878194,0.5303177661,average,0.6199193597,0.5379878194,
O1/0209/1,,videos/sample_000832_O1__0209__1.pt,ok,0.6131759882,0.6251447201,0.5416279306,0.5351839710,average,0.6131759882,0.5416279306,
O1/0209/2,,videos/sample_000833_O1__0209__2.pt,ok,0.6118339300,0.6259694695,0.5423553148,0.5347427603,average,0.6118339300,0.5423553148,
O1/0209/3,,videos/sample_000834_O1__0209__3.pt,ok,0.6146287918,0.6253163815,0.5408416229,0.5350921085,average,0.6146287918,0.5408416229,
O1/0209/4,,videos/sample_000835_O1__0209__4.pt,ok,0.6137562394,0.6255632639,0.5413137415,0.5349600200,average,0.6137562394,0.5413137415,
O1/0210/1,,videos/sample_000836_O1__0210__1.pt,ok,0.5803219676,0.6010046601,0.5597181264,0.5482605438,average,0.5803219676,0.5597181264,
O1/0210/2,,videos/sample_000837_O1__0210__2.pt,ok,0.5814839005,0.6055692434,0.5590681492,0.5457636658,average,0.5814839005,0.5590681492,
O1/0210/3,,videos/sample_000838_O1__0210__3.pt,ok,0.5806114674,0.6002518535,0.5595561116,0.5486734334,average,0.5806114674,0.5595561116,
O1/0210/4,,videos/sample_000839_O1__0210__4.pt,ok,0.5816029310,0.6047293544,0.5590016070,0.5462222393,average,0.5816029310,0.5590016070,
O1/0211/1,,videos/sample_000840_O1__0211__1.pt,ok,0.5787799358,0.6003800631,0.5605818954,0.5486030927,average,0.5787799358,0.5605818954,
O1/0211/2,,videos/sample_000841_O1__0211__2.pt,ok,0.5787225366,0.6007747650,0.5606140733,0.5483866007,average,0.5787225366,0.5606140733,
O1/0211/3,,videos/sample_000842_O1__0211__3.pt,ok,0.5800881386,0.6023253202,0.5598490201,0.5475369559,average,0.5800881386,0.5598490201,
O1/0211/4,,videos/sample_000843_O1__0211__4.pt,ok,0.5800510049,0.6021699905,0.5598698097,0.5476220112,average,0.5800510049,0.5598698097,
O1/0212/1,,videos/sample_000844_O1__0212__1.pt,ok,0.5414480567,0.5757790208,0.5819050105,0.5622666807,average,0.5414480567,0.5819050105,
O1/0212/2,,videos/sample_000845_O1__0212__2.pt,ok,0.5408774614,0.5643448234,0.5822371375,0.5687326451,average,0.5408774614,0.5822371375,
O1/0212/3,,videos/sample_000846_O1__0212__3.pt,ok,0.5436789989,0.5743955374,0.5806082611,0.5630451057,average,0.5436789989,0.5806082611,
O1/0212/4,,videos/sample_000847_O1__0212__4.pt,ok,0.5431730151,0.5654132962,0.5809021138,0.5681252942,average,0.5431730151,0.5809021138,
O1/0213/1,,videos/sample_000848_O1__0213__1.pt,ok,0.5623556972,0.5854696631,0.5698650519,0.5568442712,average,0.5623556972,0.5698650519,
O1/0213/2,,videos/sample_000849_O1__0213__2.pt,ok,0.5635873675,0.5888008475,0.5691635981,0.5549924064,average,0.5635873675,0.5691635981,
O1/0213/3,,videos/sample_000850_O1__0213__3.pt,ok,0.5611260533,0.5854696631,0.5705662140,0.5568442712,average,0.5611260533,0.5705662140,
O1/0213/4,,videos/sample_000851_O1__0213__4.pt,ok,0.5625627041,0.5853588581,0.5697470981,0.5569059757,average,0.5625627041,0.5697470981,
O1/0214/1,,videos/sample_000852_O1__0214__1.pt,ok,0.6183020473,0.6319157481,0.5388586177,0.5315724660,average,0.6183020473,0.5388586177,
O1/0214/2,,videos/sample_000853_O1__0214__2.pt,ok,0.6167352796,0.6314574480,0.5397035457,0.5318161415,average,0.6167352796,0.5397035457,
O1/0214/3,,videos/sample_000854_O1__0214__3.pt,ok,0.6187342405,0.6305931807,0.5386257770,0.5322759715,average,0.6187342405,0.5386257770,
O1/0214/4,,videos/sample_000855_O1__0214__4.pt,ok,0.6189495921,0.6330344081,0.5385097956,0.5309781496,average,0.6189495921,0.5385097956,
O1/0215/1,,videos/sample_000856_O1__0215__1.pt,ok,0.6159985065,0.6284461617,0.5401013313,0.5334200058,average,0.6159985065,0.5401013313,
O1/0215/2,,videos/sample_000857_O1__0215__2.pt,ok,0.6154842377,0.6274480224,0.5403791600,0.5339526991,average,0.6154842377,0.5403791600,
O1/0215/3,,videos/sample_000858_O1__0215__3.pt,ok,0.6148215532,0.6281617880,0.5407373795,0.5335717180,average,0.6148215532,0.5407373795,
O1/0215/4,,videos/sample_000859_O1__0215__4.pt,ok,0.6160995960,0.6304952502,0.5400467355,0.5323281001,average,0.6160995960,0.5400467355,
O1/0216/1,,videos/sample_000860_O1__0216__1.pt,ok,0.5736377239,0.5963808298,0.5634719506,0.5508014774,average,0.5736377239,0.5634719506,
O1/0216/2,,videos/sample_000861_O1__0216__2.pt,ok,0.5650203824,0.5788326859,0.5683485623,0.5605523254,average,0.5650203824,0.5683485623,
O1/0216/3,,videos/sample_000862_O1__0216__3.pt,ok,0.5738674402,0.6034578085,0.5633425267,0.5469172277,average,0.5738674402,0.5633425267,
O1/0216/4,,videos/sample_000863_O1__0216__4.pt,ok,0.5690717697,0.5914484262,0.5660506202,0.5535249637,average,0.5690717697,0.5660506202,
O1/0217/1,,videos/sample_000864_O1__0217__1.pt,ok,0.5480290055,0.5742039084,0.5780880967,0.5631530118,average,0.5480290055,0.5780880967,
O1/0217/2,,videos/sample_000865_O1__0217__2.pt,ok,0.5468378663,0.5734859109,0.5787770903,0.5635574994,average,0.5468378663,0.5787770903,
O1/0217/3,,videos/sample_000866_O1__0217__3.pt,ok,0.5489783883,0.5748165250,0.5775395302,0.5628081206,average,0.5489783883,0.5775395302,
O1/0217/4,,videos/sample_000867_O1__0217__4.pt,ok,0.5489100814,0.5765988231,0.5775789815,0.5618059221,average,0.5489100814,0.5775789815,
O1/0218/1,,videos/sample_000868_O1__0218__1.pt,ok,0.5416725278,0.5755910277,0.5817744043,0.5623723929,average,0.5416725278,0.5817744043,
O1/0218/2,,videos/sample_000869_O1__0218__2.pt,ok,0.5367431641,0.5787925124,0.5846492618,0.5605748452,average,0.5367431641,0.5846492618,
O1/0218/3,,videos/sample_000870_O1__0218__3.pt,ok,0.5379174352,0.5668333769,0.5839631280,0.5673190830,average,0.5379174352,0.5839631280,
O1/0218/4,,videos/sample_000871_O1__0218__4.pt,ok,0.5252029300,0.5470288396,0.5914353322,0.5786665699,average,0.5252029300,0.5914353322,
O1/0219/1,,videos/sample_000872_O1__0219__1.pt,ok,0.5621858239,0.6056805849,0.5699618650,0.5457029031,average,0.5621858239,0.5699618650,
O1/0219/2,,videos/sample_000873_O1__0219__2.pt,ok,0.5642852187,0.5967271924,0.5687665452,0.5506107334,average,0.5642852187,0.5687665452,
O1/0219/3,,videos/sample_000874_O1__0219__3.pt,ok,0.5562360883,0.5899807811,0.5733630956,0.5543379384,average,0.5562360883,0.5733630956,
O1/0219/4,,videos/sample_000875_O1__0219__4.pt,ok,0.5650762916,0.5970988274,0.5683167873,0.5504061453,average,0.5650762916,0.5683167873,
O1/0220/1,,videos/sample_000876_O1__0220__1.pt,ok,0.5583111644,0.5816128850,0.5721745571,0.5589960428,average,0.5583111644,0.5721745571,
O1/0220/2,,videos/sample_000877_O1__0220__2.pt,ok,0.5578407645,0.5804785490,0.5724437713,0.5596304919,average,0.5578407645,0.5724437713,
O1/0220/3,,videos/sample_000878_O1__0220__3.pt,ok,0.5576685667,0.5816128850,0.5725423533,0.5589960428,average,0.5576685667,0.5725423533,
O1/0220/4,,videos/sample_000879_O1__0220__4.pt,ok,0.5571355224,0.5804785490,0.5728476251,0.5596304919,average,0.5571355224,0.5728476251,
O1/0221/1,,videos/sample_000880_O1__0221__1.pt,ok,0.5523114800,0.5845488310,0.5756177425,0.5573572674,average,0.5523114800,0.5756177425,
O1/0221/2,,videos/sample_000881_O1__0221__2.pt,ok,0.5489072204,0.5853690505,0.5775806340,0.5569002995,average,0.5489072204,0.5775806340,
O1/0221/3,,videos/sample_000882_O1__0221__3.pt,ok,0.5515301228,0.5842342377,0.5760676814,0.5575326359,average,0.5515301228,0.5760676814,
O1/0221/4,,videos/sample_000883_O1__0221__4.pt,ok,0.5444973111,0.5639714003,0.5801333366,0.5689450626,average,0.5444973111,0.5801333366,
O1/0222/1,,videos/sample_000884_O1__0222__1.pt,ok,0.5476727486,0.5727097988,0.5782940813,0.5639950530,average,0.5476727486,0.5782940813,
O1/0222/2,,videos/sample_000885_O1__0222__2.pt,ok,0.5457552075,0.5645759702,0.5794040478,0.5686011995,average,0.5457552075,0.5794040478,
O1/0222/3,,videos/sample_000886_O1__0222__3.pt,ok,0.5482016802,0.5765995383,0.5779882841,0.5618055203,average,0.5482016802,0.5779882841,
O1/0222/4,,videos/sample_000887_O1__0222__4.pt,ok,0.5452578664,0.5644450784,0.5796922809,0.5686756296,average,0.5452578664,0.5796922809,
O1/0223/1,,videos/sample_000888_O1__0223__1.pt,ok,0.6079232693,0.6229358912,0.5444804350,0.5363674074,average,0.6079232693,0.5444804350,
O1/0223/2,,videos/sample_000889_O1__0223__2.pt,ok,0.6062545180,0.6245590448,0.5453897960,0.5354975069,average,0.6062545180,0.5453897960,
O1/0223/3,,videos/sample_000890_O1__0223__3.pt,ok,0.6084862947,0.6248996258,0.5441739649,0.5353151577,average,0.6084862947,0.5441739649,
O1/0223/4,,videos/sample_000891_O1__0223__4.pt,ok,0.6090357900,0.6227591038,0.5438750261,0.5364622388,average,0.6090357900,0.5438750261,
O1/0224/1,,videos/sample_000892_O1__0224__1.pt,ok,0.5577355027,0.5947733521,0.5725040309,0.5516875905,average,0.5577355027,0.5725040309,
O1/0224/2,,videos/sample_000893_O1__0224__2.pt,ok,0.5571171641,0.5970402956,0.5728581417,0.5504383624,average,0.5571171641,0.5728581417,
O1/0224/3,,videos/sample_000894_O1__0224__3.pt,ok,0.5496847034,0.5879088044,0.5771317494,0.5554877044,average,0.5496847034,0.5771317494,
O1/0224/4,,videos/sample_000895_O1__0224__4.pt,ok,0.5591329336,0.5976529121,0.5717045548,0.5501012581,average,0.5591329336,0.5717045548,
O1/0225/1,,videos/sample_000896_O1__0225__1.pt,ok,0.5645763278,0.5997827053,0.5686009962,0.5489309029,average,0.5645763278,0.5686009962,
O1/0225/2,,videos/sample_000897_O1__0225__2.pt,ok,0.5640586615,0.5997827053,0.5688954180,0.5489309029,average,0.5640586615,0.5688954180,
O1/0225/3,,videos/sample_000898_O1__0225__3.pt,ok,0.5617695451,0.5972714424,0.5701991774,0.5503111451,average,0.5617695451,0.5701991774,
O1/0225/4,,videos/sample_000899_O1__0225__4.pt,ok,0.5595252514,0.5950349569,0.5714803089,0.5515432853,average,0.5595252514,0.5714803089,
O1/0226/1,,videos/sample_000900_O1__0226__1.pt,ok,0.6236660480,0.6500012875,0.5359759180,0.5220451046,average,0.6236660480,0.5359759180,
O1/0226/2,,videos/sample_000901_O1__0226__2.pt,ok,0.6215794683,0.6500012875,0.5370954421,0.5220451046,average,0.6215794683,0.5370954421,
O1/0226/3,,videos/sample_000902_O1__0226__3.pt,ok,0.6241416931,0.6504951119,0.5357210443,0.5217873696,average,0.6241416931,0.5357210443,
O1/0226/4,,videos/sample_000903_O1__0226__4.pt,ok,0.6249986291,0.6504951119,0.5352621623,0.5217873696,average,0.6249986291,0.5352621623,
O1/0227/1,,videos/sample_000904_O1__0227__1.pt,ok,0.6099804640,0.6221283674,0.5433614841,0.5368007117,average,0.6099804640,0.5433614841,
O1/0227/2,,videos/sample_000905_O1__0227__2.pt,ok,0.6098973155,0.6233661771,0.5434066657,0.5361366657,average,0.6098973155,0.5434066657,
O1/0227/3,,videos/sample_000906_O1__0227__3.pt,ok,0.6088837981,0.6217855215,0.5439576969,0.5369847832,average,0.6088837981,0.5439576969,
O1/0227/4,,videos/sample_000907_O1__0227__4.pt,ok,0.6084448099,0.6215624213,0.5441965404,0.5371045980,average,0.6084448099,0.5441965404,
O1/0228/1,,videos/sample_000908_O1__0228__1.pt,ok,0.5402706265,0.5690307617,0.5825905666,0.5660738333,average,0.5402706265,0.5825905666,
O1/0228/2,,videos/sample_000909_O1__0228__2.pt,ok,0.5373659134,0.5732237101,0.5842852852,0.5637052841,average,0.5373659134,0.5842852852,
O1/0228/3,,videos/sample_000910_O1__0228__3.pt,ok,0.5339428782,0.5516466498,0.5862887413,0.5760005578,average,0.5339428782,0.5862887413,
O1/0228/4,,videos/sample_000911_O1__0228__4.pt,ok,0.5380018950,0.5559554100,0.5839138087,0.5735240487,average,0.5380018950,0.5839138087,
O1/0229/1,,videos/sample_000912_O1__0229__1.pt,ok,0.5505606532,0.5748059154,0.5766264323,0.5628140918,average,0.5505606532,0.5766264323,
O1/0229/2,,videos/sample_000913_O1__0229__2.pt,ok,0.5504434705,0.5761203170,0.5766940069,0.5620748140,average,0.5504434705,0.5766940069,
O1/0229/3,,videos/sample_000914_O1__0229__3.pt,ok,0.5484389067,0.5723720193,0.5778511863,0.5641855911,average,0.5484389067,0.5778511863,
O1/0229/4,,videos/sample_000915_O1__0229__4.pt,ok,0.5491849780,0.5744516850,0.5774202288,0.5630134930,average,0.5491849780,0.5774202288,
O1/0230/1,,videos/sample_000916_O1__0230__1.pt,ok,0.5488333106,0.5786994100,0.5776233244,0.5606270386,average,0.5488333106,0.5776233244,
O1/0230/2,,videos/sample_000917_O1__0230__2.pt,ok,0.5483582616,0.5753677487,0.5778977890,0.5624979728,average,0.5483582616,0.5778977890,
O1/0230/3,,videos/sample_000918_O1__0230__3.pt,ok,0.5475643873,0.5682293773,0.5783567493,0.5665276579,average,0.5475643873,0.5783567493,
O1/0230/4,,videos/sample_000919_O1__0230__4.pt,ok,0.5470083952,0.5670384765,0.5786784005,0.5672027380,average,0.5470083952,0.5786784005,
O1/0231/1,,videos/sample_000920_O1__0231__1.pt,ok,0.5806890130,0.6049270630,0.5595127222,0.5461142571,average,0.5806890130,0.5595127222,
O1/0231/2,,videos/sample_000921_O1__0231__2.pt,ok,0.5850500464,0.6050217748,0.5570779813,0.5460625361,average,0.5850500464,0.5570779813,
O1/0231/3,,videos/sample_000922_O1__0231__3.pt,ok,0.5858438611,0.6183295846,0.5566359401,0.5388437792,average,0.5858438611,0.5566359401,
O1/0231/4,,videos/sample_000923_O1__0231__4.pt,ok,0.5862187743,0.6093887091,0.5564272891,0.5436831161,average,0.5862187743,0.5564272891,
O1/0232/1,,videos/sample_000924_O1__0232__1.pt,ok,0.5407451987,0.5622695088,0.5823141509,0.5699141698,average,0.5407451987,0.5823141509,
O1/0232/2,,videos/sample_000925_O1__0232__2.pt,ok,0.5415539742,0.5650499463,0.5818433799,0.5683317600,average,0.5415539742,0.5818433799,
O1/0232/3,,videos/sample_000926_O1__0232__3.pt,ok,0.5434247255,0.5779955387,0.5807559131,0.5610217867,average,0.5434247255,0.5807559131,
O1/0232/4,,videos/sample_000927_O1__0232__4.pt,ok,0.5449958444,0.5814642906,0.5798441930,0.5590791126,average,0.5449958444,0.5798441930,
O1/0233/1,,videos/sample_000928_O1__0233__1.pt,ok,0.6176610589,0.6345441341,0.5392041305,0.5301771229,average,0.6176610589,0.5392041305,
O1/0233/2,,videos/sample_000929_O1__0233__2.pt,ok,0.6168388128,0.6345441341,0.5396476714,0.5301771229,average,0.6168388128,0.5396476714,
O1/0233/3,,videos/sample_000930_O1__0233__3.pt,ok,0.6164023280,0.6340910792,0.5398832708,0.5304173767,average,0.6164023280,0.5398832708,
O1/0233/4,,videos/sample_000931_O1__0233__4.pt,ok,0.6178056598,0.6340910792,0.5391261668,0.5304173767,average,0.6178056598,0.5391261668,
O1/0234/1,,videos/sample_000932_O1__0234__1.pt,ok,0.6335127950,0.6593748331,0.5307241974,0.5171745539,average,0.6335127950,0.5307241974,
O1/0234/2,,videos/sample_000933_O1__0234__2.pt,ok,0.6333584189,0.6593748331,0.5308061348,0.5171745539,average,0.6333584189,0.5308061348,
O1/0234/3,,videos/sample_000934_O1__0234__3.pt,ok,0.6342116594,0.6588360667,0.5303534227,0.5174532652,average,0.6342116594,0.5303534227,
O1/0234/4,,videos/sample_000935_O1__0234__4.pt,ok,0.6336761117,0.6588360667,0.5306375283,0.5174532652,average,0.6336761117,0.5306375283,
O1/0235/1,,videos/sample_000936_O1__0235__1.pt,ok,0.5357087255,0.5669329166,0.5852543585,0.5672626150,average,0.5357087255,0.5852543585,
O1/0235/2,,videos/sample_000937_O1__0235__2.pt,ok,0.5363818407,0.5756379366,0.5848605474,0.5623460133,average,0.5363818407,0.5848605474,
O1/0235/3,,videos/sample_000938_O1__0235__3.pt,ok,0.5381556749,0.5739555955,0.5838240213,0.5632928673,average,0.5381556749,0.5838240213,
O1/0235/4,,videos/sample_000939_O1__0235__4.pt,ok,0.5217278004,0.5450794101,0.5934942220,0.5797957399,average,0.5217278004,0.5934942220,
O1/0236/1,,videos/sample_000940_O1__0236__1.pt,ok,0.5634775758,0.5869987011,0.5692260910,0.5559934857,average,0.5634775758,0.5692260910,
O1/0236/2,,videos/sample_000941_O1__0236__2.pt,ok,0.5652768016,0.5865399241,0.5682028455,0.5562486213,average,0.5652768016,0.5682028455,
O1/0236/3,,videos/sample_000942_O1__0236__3.pt,ok,0.5641658306,0.5869987011,0.5688344532,0.5559934857,average,0.5641658306,0.5688344532,
O1/0236/4,,videos/sample_000943_O1__0236__4.pt,ok,0.5646551251,0.5865399241,0.5685561937,0.5562486213,average,0.5646551251,0.5685561937,
O1/0237/1,,videos/sample_000944_O1__0237__1.pt,ok,0.5451745391,0.5740581751,0.5797405871,0.5632350879,average,0.5451745391,0.5797405871,
O1/0237/2,,videos/sample_000945_O1__0237__2.pt,ok,0.5433290601,0.5720135570,0.5808114740,0.5643878667,average,0.5433290601,0.5808114740,
O1/0237/3,,videos/sample_000946_O1__0237__3.pt,ok,0.5446041226,0.5644583702,0.5800713750,0.5686680709,average,0.5446041226,0.5800713750,
O1/0237/4,,videos/sample_000947_O1__0237__4.pt,ok,0.5407920480,0.5622724295,0.5822868705,0.5699125053,average,0.5407920480,0.5822868705,
O1/0238/1,,videos/sample_000948_O1__0238__1.pt,ok,0.5420943499,0.5748026371,0.5815290508,0.5628159368,average,0.5420943499,0.5815290508,
O1/0238/2,,videos/sample_000949_O1__0238__2.pt,ok,0.5528817177,0.5915243030,0.5752895972,0.5534829657,average,0.5528817177,0.5752895972,
O1/0238/3,,videos/sample_000950_O1__0238__3.pt,ok,0.5497004986,0.5872564912,0.5771226335,0.5558501746,average,0.5497004986,0.5771226335,
O1/0238/4,,videos/sample_000951_O1__0238__4.pt,ok,0.5516536236,0.5998504162,0.5759965410,0.5488937356,average,0.5516536236,0.5759965410,
O1/0239/1,,videos/sample_000952_O1__0239__1.pt,ok,0.6228220463,0.6528449059,0.5364284736,0.5205627163,average,0.6228220463,0.5364284736,
O1/0239/2,,videos/sample_000953_O1__0239__2.pt,ok,0.6209735274,0.6525844336,0.5374209888,0.5206983261,average,0.6209735274,0.5374209888,
O1/0239/3,,videos/sample_000954_O1__0239__3.pt,ok,0.6227205396,0.6528449059,0.5364829274,0.5205627163,average,0.6227205396,0.5364829274,
O1/0239/4,,videos/sample_000955_O1__0239__4.pt,ok,0.6220272779,0.6525844336,0.5368549794,0.5206983261,average,0.6220272779,0.5368549794,
O1/0240/1,,videos/sample_000956_O1__0240__1.pt,ok,0.5553920269,0.5971622467,0.5738472535,0.5503712400,average,0.5553920269,0.5738472535,
O1/0240/2,,videos/sample_000957_O1__0240__2.pt,ok,0.5541878343,0.6004808545,0.5745386924,0.5485478010,average,0.5541878343,0.5745386924,
O1/0240/3,,videos/sample_000958_O1__0240__3.pt,ok,0.5473077893,0.5861627460,0.5785051736,0.5564584657,average,0.5473077893,0.5785051736,
O1/0240/4,,videos/sample_000959_O1__0240__4.pt,ok,0.5570538044,0.5962466598,0.5728944390,0.5508753834,average,0.5570538044,0.5728944390,
O1/0241/1,,videos/sample_000960_O1__0241__1.pt,ok,0.5712216496,0.6003803611,0.5648349866,0.5486029292,average,0.5712216496,0.5648349866,
O1/0241/2,,videos/sample_000961_O1__0241__2.pt,ok,0.5736021996,0.6008247137,0.5634919679,0.5483592102,average,0.5736021996,0.5634919679,
O1/0241/3,,videos/sample_000962_O1__0241__3.pt,ok,0.5642875433,0.5778384209,0.5687652230,0.5611099402,average,0.5642875433,0.5687652230,
O1/0241/4,,videos/sample_000963_O1__0241__4.pt,ok,0.5753865838,0.6012786031,0.5624873783,0.5481103723,average,0.5753865838,0.5624873783,
O1/0242/1,,videos/sample_000964_O1__0242__1.pt,ok,0.6176224947,0.6335947514,0.5392249249,0.5306807029,average,0.6176224947,0.5392249249,
O1/0242/2,,videos/sample_000965_O1__0242__2.pt,ok,0.6171879768,0.6325006485,0.5394592787,0.5312616399,average,0.6171879768,0.5394592787,
O1/0242/3,,videos/sample_000966_O1__0242__3.pt,ok,0.6185759306,0.6319540739,0.5387110535,0.5315520934,average,0.6185759306,0.5387110535,
O1/0242/4,,videos/sample_000967_O1__0242__4.pt,ok,0.6182969213,0.6311035156,0.5388613799,0.5320044018,average,0.6182969213,0.5388613799,
O1/0243/1,,videos/sample_000968_O1__0243__1.pt,ok,0.5528830886,0.5757330656,0.5752888085,0.5622925204,average,0.5528830886,0.5752888085,
O1/0243/2,,videos/sample_000969_O1__0243__2.pt,ok,0.5519675612,0.5759214163,0.5758157423,0.5621866222,average,0.5519675612,0.5758157423,
O1/0243/3,,videos/sample_000970_O1__0243__3.pt,ok,0.5539832711,0.5805143118,0.5746562339,0.5596104783,average,0.5539832711,0.5746562339,
O1/0243/4,,videos/sample_000971_O1__0243__4.pt,ok,0.5537585616,0.5799690485,0.5747853791,0.5599156965,average,0.5537585616,0.5747853791,
O1/0244/1,,videos/sample_000972_O1__0244__1.pt,ok,0.5442484617,0.5824329257,0.5802777204,0.5585378312,average,0.5442484617,0.5802777204,
O1/0244/2,,videos/sample_000973_O1__0244__2.pt,ok,0.5513629913,0.5929427743,0.5761639685,0.5526984225,average,0.5513629913,0.5761639685,
O1/0244/3,,videos/sample_000974_O1__0244__3.pt,ok,0.5537167788,0.5965061188,0.5748093958,0.5507324724,average,0.5537167788,0.5748093958,
O1/0244/4,,videos/sample_000975_O1__0244__4.pt,ok,0.5516338348,0.5923693776,0.5760079393,0.5530154288,average,0.5516338348,0.5760079393,
O1/0245/1,,videos/sample_000976_O1__0245__1.pt,ok,0.5501008630,0.5907523036,0.5768916204,0.5539104191,average,0.5501008630,0.5768916204,
O1/0245/2,,videos/sample_000977_O1__0245__2.pt,ok,0.5548419952,0.5951910615,0.5741629745,0.5514571936,average,0.5548419952,0.5741629745,
O1/0245/3,,videos/sample_000978_O1__0245__3.pt,ok,0.5556356907,0.5951910615,0.5737074448,0.5514571936,average,0.5556356907,0.5737074448,
O1/0245/4,,videos/sample_000979_O1__0245__4.pt,ok,0.5485666394,0.5907523036,0.5777773805,0.5539104191,average,0.5485666394,0.5777773805,
O1/0246/1,,videos/sample_000980_O1__0246__1.pt,ok,0.5376392007,0.5655632019,0.5841256293,0.5680401354,average,0.5376392007,0.5841256293,
O1/0246/2,,videos/sample_000981_O1__0246__2.pt,ok,0.5349864960,0.5534762740,0.5856771991,0.5749476568,average,0.5349864960,0.5856771991,
O1/0246/3,,videos/sample_000982_O1__0246__3.pt,ok,0.5387970805,0.5693261027,0.5834496734,0.5659066732,average,0.5387970805,0.5834496734,
O1/0246/4,,videos/sample_000983_O1__0246__4.pt,ok,0.5336610675,0.5511438847,0.5864539870,0.5762902237,average,0.5336610675,0.5864539870,
O1/0247/1,,videos/sample_000984_O1__0247__1.pt,ok,0.5526138544,0.5864609480,0.5754437168,0.5562925534,average,0.5526138544,0.5754437168,
O1/0247/2,,videos/sample_000985_O1__0247__2.pt,ok,0.5584231019,0.5946844220,0.5721105129,0.5517366543,average,0.5584231019,0.5721105129,
O1/0247/3,,videos/sample_000986_O1__0247__3.pt,ok,0.5599179864,0.5905189514,0.5712559127,0.5540396904,average,0.5599179864,0.5712559127,
O1/0247/4,,videos/sample_000987_O1__0247__4.pt,ok,0.5616181493,0.5921009779,0.5702855097,0.5531638779,average,0.5616181493,0.5702855097,
O1/0248/1,,videos/sample_000988_O1__0248__1.pt,ok,0.6121883392,0.6267770529,0.5421631331,0.5343110853,average,0.6121883392,0.5421631331,
O1/0248/2,,videos/sample_000989_O1__0248__2.pt,ok,0.6113475561,0.6267151833,0.5426191664,0.5343441440,average,0.6113475561,0.5426191664,
O1/0248/3,,videos/sample_000990_O1__0248__3.pt,ok,0.6129496098,0.6270720959,0.5417505574,0.5341534638,average,0.6129496098,0.5417505574,
O1/0248/4,,videos/sample_000991_O1__0248__4.pt,ok,0.6132251620,0.6284743547,0.5416012973,0.5334049673,average,0.6132251620,0.5416012973,
O1/0249/1,,videos/sample_000992_O1__0249__1.pt,ok,0.6091814041,0.6252548099,0.5437958360,0.5351250560,average,0.6091814041,0.5437958360,
O1/0249/2,,videos/sample_000993_O1__0249__2.pt,ok,0.6110762358,0.6258220077,0.5427664100,0.5348216203,average,0.6110762358,0.5427664100,
O1/0249/3,,videos/sample_000994_O1__0249__3.pt,ok,0.6106209755,0.6257244945,0.5430135662,0.5348737750,average,0.6106209755,0.5430135662,
O1/0249/4,,videos/sample_000995_O1__0249__4.pt,ok,0.6102015972,0.6265428066,0.5432413421,0.5344362603,average,0.6102015972,0.5432413421,
O1/0250/1,,videos/sample_000996_O1__0250__1.pt,ok,0.5313466787,0.5679668784,0.5878128414,0.5666763903,average,0.5313466787,0.5878128414,
O1/0250/2,,videos/sample_000997_O1__0250__2.pt,ok,0.5264500976,0.5483859181,0.5906981730,0.5778818066,average,0.5264500976,0.5906981730,
O1/0250/3,,videos/sample_000998_O1__0250__3.pt,ok,0.5304701328,0.5640488863,0.5883283122,0.5689009790,average,0.5304701328,0.5883283122,
O1/0250/4,,videos/sample_000999_O1__0250__4.pt,ok,0.5275977254,0.5505526662,0.5900206602,0.5766310378,average,0.5275977254,0.5900206602,
O1/0251/1,,videos/sample_001000_O1__0251__1.pt,ok,0.5507893562,0.5787129998,0.5764945711,0.5606194198,average,0.5507893562,0.5764945711,
O1/0251/2,,videos/sample_001001_O1__0251__2.pt,ok,0.5518139005,0.5788623691,0.5759042294,0.5605356867,average,0.5518139005,0.5759042294,
O1/0251/3,,videos/sample_001002_O1__0251__3.pt,ok,0.5504883528,0.5787129998,0.5766681241,0.5606194198,average,0.5504883528,0.5766681241,
O1/0251/4,,videos/sample_001003_O1__0251__4.pt,ok,0.5515720844,0.5788623691,0.5760435091,0.5605356867,average,0.5515720844,0.5760435091,
O1/0252/1,,videos/sample_001004_O1__0252__1.pt,ok,0.6071858406,0.6217764616,0.5448820986,0.5369896483,average,0.6071858406,0.5448820986,
O1/0252/2,,videos/sample_001005_O1__0252__2.pt,ok,0.6081056595,0.6219466925,0.5443811362,0.5368982438,average,0.6081056595,0.5443811362,
O1/0252/3,,videos/sample_001006_O1__0252__3.pt,ok,0.6093313098,0.6215370297,0.5437143240,0.5371182361,average,0.6093313098,0.5437143240,
O1/0252/4,,videos/sample_001007_O1__0252__4.pt,ok,0.6089680195,0.6215062141,0.5439118860,0.5371347880,average,0.6089680195,0.5439118860,
O1/0253/1,,videos/sample_001008_O1__0253__1.pt,ok,0.5500583053,0.5790861249,0.5769161722,0.5604102776,average,0.5500583053,0.5769161722,
O1/0253/2,,videos/sample_001009_O1__0253__2.pt,ok,0.5506085753,0.5772439241,0.5765987998,0.5614436174,average,0.5506085753,0.5765987998,
O1/0253/3,,videos/sample_001010_O1__0253__3.pt,ok,0.5518571138,0.5833705068,0.5758793432,0.5580144021,average,0.5518571138,0.5758793432,
O1/0253/4,,videos/sample_001011_O1__0253__4.pt,ok,0.5384644270,0.5583913326,0.5836437923,0.5721286887,average,0.5384644270,0.5836437923,
O1/0254/1,,videos/sample_001012_O1__0254__1.pt,ok,0.5679325461,0.5903736353,0.5666958459,0.5541202072,average,0.5679325461,0.5666958459,
O1/0254/2,,videos/sample_001013_O1__0254__2.pt,ok,0.5689992309,0.5965954661,0.5660916824,0.5506832681,average,0.5689992309,0.5660916824,
O1/0254/3,,videos/sample_001014_O1__0254__3.pt,ok,0.5677351952,0.5889214873,0.5668076949,0.5549254562,average,0.5677351952,0.5668076949,
O1/0254/4,,videos/sample_001015_O1__0254__4.pt,ok,0.5689451098,0.5965392590,0.5661223207,0.5507142213,average,0.5689451098,0.5661223207,
O1/0255/1,,videos/sample_001016_O1__0255__1.pt,ok,0.5660172701,0.6005529165,0.5677822650,0.5485082729,average,0.5660172701,0.5677822650,
O1/0255/2,,videos/sample_001017_O1__0255__2.pt,ok,0.5638201237,0.6010916233,0.5690311372,0.5482128674,average,0.5638201237,0.5690311372,
O1/0255/3,,videos/sample_001018_O1__0255__3.pt,ok,0.5580070615,0.5912643075,0.5723485835,0.5536268874,average,0.5580070615,0.5723485835,
O1/0255/4,,videos/sample_001019_O1__0255__4.pt,ok,0.5639322400,0.5958549380,0.5689673431,0.5510912156,average,0.5639322400,0.5689673431,
O1/0256/1,,videos/sample_001020_O1__0256__1.pt,ok,0.5425967574,0.5639676452,0.5812369596,0.5689471991,average,0.5425967574,0.5812369596,
O1/0256/2,,videos/sample_001021_O1__0256__2.pt,ok,0.5446015596,0.5750977397,0.5800728617,0.5626498729,average,0.5446015596,0.5800728617,
O1/0256/3,,videos/sample_001022_O1__0256__3.pt,ok,0.5409668684,0.5619056821,0.5821850838,0.5701215575,average,0.5409668684,0.5821850838,
O1/0256/4,,videos/sample_001023_O1__0256__4.pt,ok,0.5465331674,0.5779027343,0.5789534700,0.5610738544,average,0.5465331674,0.5789534700,
O1/0257/1,,videos/sample_001024_O1__0257__1.pt,ok,0.5572833419,0.5966657400,0.5727629533,0.5506445708,average,0.5572833419,0.5727629533,
O1/0257/2,,videos/sample_001025_O1__0257__2.pt,ok,0.5591191649,0.5966657400,0.5717124265,0.5506445708,average,0.5591191649,0.5717124265,
O1/0257/3,,videos/sample_001026_O1__0257__3.pt,ok,0.5537257791,0.5880042315,0.5748042223,0.5554346984,average,0.5537257791,0.5748042223,
O1/0257/4,,videos/sample_001027_O1__0257__4.pt,ok,0.5501408577,0.5880042315,0.5768685483,0.5554346984,average,0.5501408577,0.5768685483,
O1/0258/1,,videos/sample_001028_O1__0258__1.pt,ok,0.5392341614,0.5767734647,0.5831947144,0.5617078160,average,0.5392341614,0.5831947144,
O1/0258/2,,videos/sample_001029_O1__0258__2.pt,ok,0.5353347063,0.5580427051,0.5854732957,0.5723281833,average,0.5353347063,0.5854732957,
O1/0258/3,,videos/sample_001030_O1__0258__3.pt,ok,0.5374298692,0.5747579932,0.5842479180,0.5628410637,average,0.5374298692,0.5842479180,
O1/0258/4,,videos/sample_001031_O1__0258__4.pt,ok,0.5307815671,0.5546678305,0.5881451151,0.5742629822,average,0.5307815671,0.5881451151,
O1/0259/1,,videos/sample_001032_O1__0259__1.pt,ok,0.6185029149,0.6322687864,0.5387503893,0.5313848336,average,0.6185029149,0.5387503893,
O1/0259/2,,videos/sample_001033_O1__0259__2.pt,ok,0.6196390986,0.6326671243,0.5381386175,0.5311732051,average,0.6196390986,0.5381386175,
O1/0259/3,,videos/sample_001034_O1__0259__3.pt,ok,0.6204178929,0.6324675679,0.5377196814,0.5312792147,average,0.6204178929,0.5377196814,
O1/0259/4,,videos/sample_001035_O1__0259__4.pt,ok,0.6202768683,0.6329985261,0.5377955184,0.5309972025,average,0.6202768683,0.5377955184,
O1/0260/1,,videos/sample_001036_O1__0260__1.pt,ok,0.5528677702,0.5764892697,0.5752976211,0.5618674732,average,0.5528677702,0.5752976211,
O1/0260/2,,videos/sample_001037_O1__0260__2.pt,ok,0.5547859669,0.5791547894,0.5741951448,0.5603717986,average,0.5547859669,0.5741951448,
O1/0260/3,,videos/sample_001038_O1__0260__3.pt,ok,0.5549591184,0.5790702105,0.5740957307,0.5604191963,average,0.5549591184,0.5740957307,
O1/0260/4,,videos/sample_001039_O1__0260__4.pt,ok,0.5537394881,0.5768504143,0.5747963424,0.5616645945,average,0.5537394881,0.5747963424,
O1/0261/1,,videos/sample_001040_O1__0261__1.pt,ok,0.5257191062,0.5474417210,0.5911301262,0.5784276986,average,0.5257191062,0.5911301262,
O1/0261/2,,videos/sample_001041_O1__0261__2.pt,ok,0.5303033590,0.5657739639,0.5884264381,0.5679204267,average,0.5303033590,0.5884264381,
O1/0261/3,,videos/sample_001042_O1__0261__3.pt,ok,0.5309869647,0.5660085678,0.5880243239,0.5677872060,average,0.5309869647,0.5880243239,
O1/0261/4,,videos/sample_001043_O1__0261__4.pt,ok,0.5254098177,0.5466040969,0.5913129842,0.5789124065,average,0.5254098177,0.5913129842,
O1/0262/1,,videos/sample_001044_O1__0262__1.pt,ok,0.6198971868,0.6524198055,0.5379997483,0.5207840547,average,0.6198971868,0.5379997483,
O1/0262/2,,videos/sample_001045_O1__0262__2.pt,ok,0.6207722425,0.6530828476,0.5375291744,0.5204388674,average,0.6207722425,0.5375291744,
O1/0262/3,,videos/sample_001046_O1__0262__3.pt,ok,0.6204912066,0.6524198055,0.5376802606,0.5207840547,average,0.6204912066,0.5376802606,
O1/0262/4,,videos/sample_001047_O1__0262__4.pt,ok,0.6205610633,0.6530828476,0.5376427014,0.5204388674,average,0.6205610633,0.5376427014,
O1/0263/1,,videos/sample_001048_O1__0263__1.pt,ok,0.6037780643,0.6306099296,0.5467421023,0.5322670566,average,0.6037780643,0.5467421023,
O1/0263/2,,videos/sample_001049_O1__0263__2.pt,ok,0.6048004031,0.6309069991,0.5461834323,0.5321089597,average,0.6048004031,0.5461834323,
O1/0263/3,,videos/sample_001050_O1__0263__3.pt,ok,0.6046974659,0.6308930516,0.5462396578,0.5321163814,average,0.6046974659,0.5462396578,
O1/0263/4,,videos/sample_001051_O1__0263__4.pt,ok,0.6016178727,0.6309069991,0.5479244466,0.5321089597,average,0.6016178727,0.5479244466,
O1/0264/1,,videos/sample_001052_O1__0264__1.pt,ok,0.5302420855,0.5531364679,0.5884624942,0.5751430607,average,0.5302420855,0.5884624942,
O1/0264/2,,videos/sample_001053_O1__0264__2.pt,ok,0.5347793102,0.5653799772,0.5857985556,0.5681442239,average,0.5347793102,0.5857985556,
O1/0264/3,,videos/sample_001054_O1__0264__3.pt,ok,0.5329033136,0.5549988151,0.5868985432,0.5740729414,average,0.5329033136,0.5868985432,
O1/0264/4,,videos/sample_001055_O1__0264__4.pt,ok,0.5350279212,0.5706177354,0.5856529378,0.5651762015,average,0.5350279212,0.5856529378,
O1/0265/1,,videos/sample_001056_O1__0265__1.pt,ok,0.5482332706,0.6052665114,0.5779700255,0.5459289109,average,0.5482332706,0.5779700255,
O1/0265/2,,videos/sample_001057_O1__0265__2.pt,ok,0.5569981337,0.5998799801,0.5729263333,0.5488775084,average,0.5569981337,0.5729263333,
O1/0265/3,,videos/sample_001058_O1__0265__3.pt,ok,0.5291283727,0.5483521223,0.5891182375,0.5779013369,average,0.5291283727,0.5891182375,
O1/0265/4,,videos/sample_001059_O1__0265__4.pt,ok,0.5565278530,0.5979458690,0.5731958329,0.5499401257,average,0.5565278530,0.5731958329,
O1/0266/1,,videos/sample_001060_O1__0266__1.pt,ok,0.5598144531,0.5813985467,0.5713150597,0.5591158699,average,0.5598144531,0.5713150597,
O1/0266/2,,videos/sample_001061_O1__0266__2.pt,ok,0.5597872734,0.5816482306,0.5713305881,0.5589762851,average,0.5597872734,0.5713305881,
O1/0266/3,,videos/sample_001062_O1__0266__3.pt,ok,0.5609298944,0.5821626782,0.5706781466,0.5586887950,average,0.5609298944,0.5706781466,
O1/0266/4,,videos/sample_001063_O1__0266__4.pt,ok,0.5584442616,0.5813985467,0.5720984074,0.5591158699,average,0.5584442616,0.5720984074,
O1/0267/1,,videos/sample_001064_O1__0267__1.pt,ok,0.6210826635,0.6511130333,0.5373623399,0.5214650457,average,0.6210826635,0.5373623399,
O1/0267/2,,videos/sample_001065_O1__0267__2.pt,ok,0.6213179827,0.6511130333,0.5372359032,0.5214650457,average,0.6213179827,0.5372359032,
O1/0267/3,,videos/sample_001066_O1__0267__3.pt,ok,0.6200125217,0.6524317265,0.5379377016,0.5207778465,average,0.6200125217,0.5379377016,
O1/0267/4,,videos/sample_001067_O1__0267__4.pt,ok,0.6206817031,0.6524317265,0.5375778442,0.5207778465,average,0.6206817031,0.5375778442,
O1/0268/1,,videos/sample_001068_O1__0268__1.pt,ok,0.6057014465,0.6329159737,0.5456915189,0.5310410394,average,0.6057014465,0.5456915189,
O1/0268/2,,videos/sample_001069_O1__0268__2.pt,ok,0.6040241718,0.6329159737,0.5466075615,0.5310410394,average,0.6040241718,0.5466075615,
O1/0268/3,,videos/sample_001070_O1__0268__3.pt,ok,0.6050896049,0.6326971054,0.5460254979,0.5311572802,average,0.6050896049,0.5460254979,
O1/0268/4,,videos/sample_001071_O1__0268__4.pt,ok,0.6061462164,0.6326971054,0.5454488658,0.5311572802,average,0.6061462164,0.5454488658,
O1/0269/1,,videos/sample_001072_O1__0269__1.pt,ok,0.5541154146,0.6055257320,0.5745803018,0.5457874133,average,0.5541154146,0.5745803018,
O1/0269/2,,videos/sample_001073_O1__0269__2.pt,ok,0.5521656871,0.5885989666,0.5757016697,0.5551044601,average,0.5521656871,0.5757016697,
O1/0269/3,,videos/sample_001074_O1__0269__3.pt,ok,0.5397574306,0.5606076121,0.5828896264,0.5708620957,average,0.5397574306,0.5828896264,
O1/0269/4,,videos/sample_001075_O1__0269__4.pt,ok,0.5569467545,0.5931844115,0.5729557706,0.5525648861,average,0.5569467545,0.5729557706,
O1/0270/1,,videos/sample_001076_O1__0270__1.pt,ok,0.6154360771,0.6277016997,0.5404051856,0.5338172646,average,0.6154360771,0.5404051856,
O1/0270/2,,videos/sample_001077_O1__0270__2.pt,ok,0.6157759428,0.6268022656,0.5402215516,0.5342976140,average,0.6157759428,0.5402215516,
O1/0270/3,,videos/sample_001078_O1__0270__3.pt,ok,0.6149185300,0.6259837747,0.5406849431,0.5347351108,average,0.6149185300,0.5406849431,
O1/0270/4,,videos/sample_001079_O1__0270__4.pt,ok,0.6142957807,0.6268456578,0.5410217592,0.5342744302,average,0.6142957807,0.5410217592,
O1/0271/1,,videos/sample_001080_O1__0271__1.pt,ok,0.6079484224,0.6442095041,0.5444667398,0.5250774497,average,0.6079484224,0.5444667398,
O1/0271/2,,videos/sample_001081_O1__0271__2.pt,ok,0.6099058390,0.6432393789,0.5434020340,0.5255870877,average,0.6099058390,0.5434020340,
O1/0271/3,,videos/sample_001082_O1__0271__3.pt,ok,0.6100262403,0.6432393789,0.5433366115,0.5255870877,average,0.6100262403,0.5433366115,
O1/0271/4,,videos/sample_001083_O1__0271__4.pt,ok,0.6096013188,0.6442095041,0.5435675360,0.5250774497,average,0.6096013188,0.5435675360,
O1/0272/1,,videos/sample_001084_O1__0272__1.pt,ok,0.6121843457,0.6297644377,0.5421652982,0.5327172743,average,0.6121843457,0.5421652982,
O1/0272/2,,videos/sample_001085_O1__0272__2.pt,ok,0.6107826233,0.6297644377,0.5429257964,0.5327172743,average,0.6107826233,0.5429257964,
O1/0272/3,,videos/sample_001086_O1__0272__3.pt,ok,0.6114600897,0.6295897961,0.5425581070,0.5328103171,average,0.6114600897,0.5425581070,
O1/0272/4,,videos/sample_001087_O1__0272__4.pt,ok,0.6123045087,0.6295765042,0.5421001540,0.5328173991,average,0.6123045087,0.5421001540,
O1/0273/1,,videos/sample_001088_O1__0273__1.pt,ok,0.6175892353,0.6462779641,0.5392428595,0.5239924705,average,0.6175892353,0.5392428595,
O1/0273/2,,videos/sample_001089_O1__0273__2.pt,ok,0.6166552305,0.6469972730,0.5397467502,0.5236156936,average,0.6166552305,0.5397467502,
O1/0273/3,,videos/sample_001090_O1__0273__3.pt,ok,0.6174030900,0.6462779641,0.5393432464,0.5239924705,average,0.6174030900,0.5393432464,
O1/0273/4,,videos/sample_001091_O1__0273__4.pt,ok,0.6157881021,0.6469972730,0.5402149829,0.5236156936,average,0.6157881021,0.5402149829,
O1/0274/1,,videos/sample_001092_O1__0274__1.pt,ok,0.5508139133,0.5893833041,0.5764804143,0.5546692415,average,0.5508139133,0.5764804143,
O1/0274/2,,videos/sample_001093_O1__0274__2.pt,ok,0.5505040884,0.5897326469,0.5766590500,0.5544755056,average,0.5505040884,0.5766590500,
O1/0274/3,,videos/sample_001094_O1__0274__3.pt,ok,0.5493130684,0.5933031440,0.5773462716,0.5524992826,average,0.5493130684,0.5773462716,
O1/0274/4,,videos/sample_001095_O1__0274__4.pt,ok,0.5458552837,0.5799892545,0.5793460661,0.5599043830,average,0.5458552837,0.5793460661,
O1/0275/1,,videos/sample_001096_O1__0275__1.pt,ok,0.5603653193,0.5992004871,0.5710004283,0.5492505935,average,0.5603653193,0.5710004283,
O1/0275/2,,videos/sample_001097_O1__0275__2.pt,ok,0.5544673204,0.5884072781,0.5743781392,0.5552108774,average,0.5544673204,0.5743781392,
O1/0275/3,,videos/sample_001098_O1__0275__3.pt,ok,0.5606349707,0.6038433313,0.5708464780,0.5467064192,average,0.5606349707,0.5708464780,
O1/0275/4,,videos/sample_001099_O1__0275__4.pt,ok,0.5626395345,0.5991594791,0.5697033259,0.5492731176,average,0.5626395345,0.5697033259,
O1/0276/1,,videos/sample_001100_O1__0276__1.pt,ok,0.5554581881,0.5803175569,0.5738092884,0.5597205952,average,0.5554581881,0.5738092884,
O1/0276/2,,videos/sample_001101_O1__0276__2.pt,ok,0.5562829971,0.5875549316,0.5733362004,0.5556843112,average,0.5562829971,0.5733362004,
O1/0276/3,,videos/sample_001102_O1__0276__3.pt,ok,0.5569277406,0.5875701904,0.5729666648,0.5556758322,average,0.5569277406,0.5729666648,
O1/0276/4,,videos/sample_001103_O1__0276__4.pt,ok,0.5534945130,0.5801073909,0.5749371704,0.5598382418,average,0.5534945130,0.5749371704,
O1/0277/1,,videos/sample_001104_O1__0277__1.pt,ok,0.5652948022,0.5981414914,0.5681926176,0.5498325556,average,0.5652948022,0.5681926176,
O1/0277/2,,videos/sample_001105_O1__0277__2.pt,ok,0.5649279952,0.5987378359,0.5684010729,0.5495047638,average,0.5649279952,0.5684010729,
O1/0277/3,,videos/sample_001106_O1__0277__3.pt,ok,0.5624396205,0.5934084654,0.5698172290,0.5524410957,average,0.5624396205,0.5698172290,
O1/0277/4,,videos/sample_001107_O1__0277__4.pt,ok,0.5661956072,0.5990943909,0.5676810173,0.5493088700,average,0.5661956072,0.5676810173,
O1/0278/1,,videos/sample_001108_O1__0278__1.pt,ok,0.5543581843,0.5868906975,0.5744408280,0.5560535383,average,0.5543581843,0.5744408280,
O1/0278/2,,videos/sample_001109_O1__0278__2.pt,ok,0.5407451987,0.5622695088,0.5823141509,0.5699141698,average,0.5407451987,0.5823141509,
O1/0278/3,,videos/sample_001110_O1__0278__3.pt,ok,0.5550543666,0.5867063999,0.5740410517,0.5561560270,average,0.5550543666,0.5740410517,
O1/0278/4,,videos/sample_001111_O1__0278__4.pt,ok,0.5565755963,0.5992603898,0.5731684672,0.5492176929,average,0.5565755963,0.5731684672,
O1/0279/1,,videos/sample_001112_O1__0279__1.pt,ok,0.6021187305,0.6204160452,0.5476500831,0.5377206750,average,0.6021187305,0.5476500831,
O1/0279/2,,videos/sample_001113_O1__0279__2.pt,ok,0.6049636602,0.6228552461,0.5460942712,0.5364106645,average,0.6049636602,0.5460942712,
O1/0279/3,,videos/sample_001114_O1__0279__3.pt,ok,0.6043573618,0.6210746169,0.5464254677,0.5373666639,average,0.6043573618,0.5464254677,
O1/0279/4,,videos/sample_001115_O1__0279__4.pt,ok,0.6035142541,0.6217053533,0.5468863575,0.5370278341,average,0.6035142541,0.5468863575,
O1/0280/1,,videos/sample_001116_O1__0280__1.pt,ok,0.5544220805,0.5865376592,0.5744041246,0.5562498811,average,0.5544220805,0.5744041246,
O1/0280/2,,videos/sample_001117_O1__0280__2.pt,ok,0.5580221415,0.5859289765,0.5723399526,0.5565885639,average,0.5580221415,0.5723399526,
O1/0280/3,,videos/sample_001118_O1__0280__3.pt,ok,0.5608301759,0.5912896395,0.5707350566,0.5536128632,average,0.5608301759,0.5707350566,
O1/0280/4,,videos/sample_001119_O1__0280__4.pt,ok,0.5593121648,0.5916929841,0.5716020967,0.5533896114,average,0.5593121648,0.5716020967,
O1/0281/1,,videos/sample_001120_O1__0281__1.pt,ok,0.6189587116,0.6337399483,0.5385048846,0.5306036553,average,0.6189587116,0.5385048846,
O1/0281/2,,videos/sample_001121_O1__0281__2.pt,ok,0.6172043681,0.6293119192,0.5394504363,0.5329583933,average,0.6172043681,0.5394504363,
O1/0281/3,,videos/sample_001122_O1__0281__3.pt,ok,0.6183928847,0.6309974790,0.5388096714,0.5320608168,average,0.6183928847,0.5388096714,
O1/0281/4,,videos/sample_001123_O1__0281__4.pt,ok,0.6180241704,0.6307445168,0.5390083749,0.5321954250,average,0.6180241704,0.5390083749,
O1/0282/1,,videos/sample_001124_O1__0282__1.pt,ok,0.5340780616,0.5517159104,0.5862094901,0.5759606651,average,0.5340780616,0.5862094901,
O1/0282/2,,videos/sample_001125_O1__0282__2.pt,ok,0.5392390490,0.5709049702,0.5831918640,0.5650138866,average,0.5392390490,0.5831918640,
O1/0282/3,,videos/sample_001126_O1__0282__3.pt,ok,0.5379768610,0.5718164444,0.5839284265,0.5644991256,average,0.5379768610,0.5839284265,
O1/0282/4,,videos/sample_001127_O1__0282__4.pt,ok,0.5356997252,0.5552527905,0.5852596260,0.5739271596,average,0.5356997252,0.5852596260,
O1/0283/1,,videos/sample_001128_O1__0283__1.pt,ok,0.5649751425,0.5959843397,0.5683742750,0.5510199081,average,0.5649751425,0.5683742750,
O1/0283/2,,videos/sample_001129_O1__0283__2.pt,ok,0.5647993088,0.6039311290,0.5684742231,0.5466584218,average,0.5647993088,0.5684742231,
O1/0283/3,,videos/sample_001130_O1__0283__3.pt,ok,0.5669904947,0.6038721800,0.5672299541,0.5466906477,average,0.5669904947,0.5672299541,
O1/0283/4,,videos/sample_001131_O1__0283__4.pt,ok,0.5577096343,0.5900802016,0.5725188409,0.5542828286,average,0.5577096343,0.5725188409,
O1/0284/1,,videos/sample_001132_O1__0284__1.pt,ok,0.5374256372,0.5729439259,0.5842503905,0.5638630220,average,0.5374256372,0.5842503905,
O1/0284/2,,videos/sample_001133_O1__0284__2.pt,ok,0.5244064927,0.5468166471,0.5919065610,0.5787893717,average,0.5244064927,0.5919065610,
O1/0284/3,,videos/sample_001134_O1__0284__3.pt,ok,0.5351775885,0.5749455690,0.5855652913,0.5627354982,average,0.5351775885,0.5855652913,
O1/0284/4,,videos/sample_001135_O1__0284__4.pt,ok,0.5409498215,0.5777680278,0.5821950084,0.5611494398,average,0.5409498215,0.5821950084,
O1/0285/1,,videos/sample_001136_O1__0285__1.pt,ok,0.5619962811,0.5853140354,0.5700699074,0.5569309383,average,0.5619962811,0.5700699074,
O1/0285/2,,videos/sample_001137_O1__0285__2.pt,ok,0.5644639134,0.5879402161,0.5686649187,0.5554702559,average,0.5644639134,0.5686649187,
O1/0285/3,,videos/sample_001138_O1__0285__3.pt,ok,0.5626491308,0.5843605995,0.5696978589,0.5574621895,average,0.5626491308,0.5696978589,
O1/0285/4,,videos/sample_001139_O1__0285__4.pt,ok,0.5647356510,0.5918074250,0.5685104120,0.5533262846,average,0.5647356510,0.5685104120,
O1/0286/1,,videos/sample_001140_O1__0286__1.pt,ok,0.6195936203,0.6528069377,0.5381630917,0.5205824814,average,0.6195936203,0.5381630917,
O1/0286/2,,videos/sample_001141_O1__0286__2.pt,ok,0.6184111834,0.6524220705,0.5387998120,0.5207828751,average,0.6184111834,0.5387998120,
O1/0286/3,,videos/sample_001142_O1__0286__3.pt,ok,0.6196162105,0.6524220705,0.5381509347,0.5207828751,average,0.6196162105,0.5381509347,
O1/0286/4,,videos/sample_001143_O1__0286__4.pt,ok,0.6200249195,0.6528069377,0.5379310324,0.5205824814,average,0.6200249195,0.5379310324,
O1/0287/1,,videos/sample_001144_O1__0287__1.pt,ok,0.5433472395,0.5779389739,0.5808009153,0.5610535217,average,0.5433472395,0.5808009153,
O1/0287/2,,videos/sample_001145_O1__0287__2.pt,ok,0.5444462299,0.5761737227,0.5801629713,0.5620447968,average,0.5444462299,0.5801629713,
O1/0287/3,,videos/sample_001146_O1__0287__3.pt,ok,0.5320522189,0.5509663820,0.5873982621,0.5763925258,average,0.5320522189,0.5873982621,
O1/0287/4,,videos/sample_001147_O1__0287__4.pt,ok,0.5417432189,0.5856993794,0.5817332795,0.5567163696,average,0.5417432189,0.5817332795,
O1/0288/1,,videos/sample_001148_O1__0288__1.pt,ok,0.5605319142,0.5819609165,0.5709053104,0.5588015284,average,0.5605319142,0.5709053104,
O1/0288/2,,videos/sample_001149_O1__0288__2.pt,ok,0.5616472363,0.5821849704,0.5702689220,0.5586763408,average,0.5616472363,0.5702689220,
O1/0288/3,,videos/sample_001150_O1__0288__3.pt,ok,0.5625005364,0.5847916603,0.5697825191,0.5572219412,average,0.5625005364,0.5697825191,
O1/0288/4,,videos/sample_001151_O1__0288__4.pt,ok,0.5628580451,0.5868949294,0.5695788533,0.5560511851,average,0.5628580451,0.5695788533,
O1/0289/1,,videos/sample_001152_O1__0289__1.pt,ok,0.6214168668,0.6526191235,0.5371827817,0.5206802634,average,0.6214168668,0.5371827817,
O1/0289/2,,videos/sample_001153_O1__0289__2.pt,ok,0.6215192676,0.6526191235,0.5371277766,0.5206802634,average,0.6215192676,0.5371277766,
O1/0289/3,,videos/sample_001154_O1__0289__3.pt,ok,0.6216505766,0.6536175609,0.5370572515,0.5201606562,average,0.6216505766,0.5370572515,
O1/0289/4,,videos/sample_001155_O1__0289__4.pt,ok,0.6202210784,0.6536175609,0.5378255228,0.5201606562,average,0.6202210784,0.5378255228,
O1/0290/1,,videos/sample_001156_O1__0290__1.pt,ok,0.5471733212,0.5899736285,0.5785829693,0.5543419034,average,0.5471733212,0.5785829693,
O1/0290/2,,videos/sample_001157_O1__0290__2.pt,ok,0.5480428934,0.5836356282,0.5780800683,0.5578664801,average,0.5480428934,0.5780800683,
O1/0290/3,,videos/sample_001158_O1__0290__3.pt,ok,0.5456722379,0.5808639526,0.5794521227,0.5594148498,average,0.5456722379,0.5794521227,
O1/0290/4,,videos/sample_001159_O1__0290__4.pt,ok,0.5372714996,0.5712108612,0.5843404524,0.5648410803,average,0.5372714996,0.5843404524,
O1/0291/1,,videos/sample_001160_O1__0291__1.pt,ok,0.5289438963,0.5621646047,0.5892269259,0.5699739593,average,0.5289438963,0.5892269259,
O1/0291/2,,videos/sample_001161_O1__0291__2.pt,ok,0.5247485638,0.5484728217,0.5917041215,0.5778315887,average,0.5247485638,0.5917041215,
O1/0291/3,,videos/sample_001162_O1__0291__3.pt,ok,0.5295015574,0.5647345185,0.5888984286,0.5685110559,average,0.5295015574,0.5888984286,
O1/0291/4,,videos/sample_001163_O1__0291__4.pt,ok,0.5259293318,0.5491315722,0.5910058685,0.5774510672,average,0.5259293318,0.5910058685,
O1/0292/1,,videos/sample_001164_O1__0292__1.pt,ok,0.5691838861,0.6031517982,0.5659871603,0.5470846156,average,0.5691838861,0.5659871603,
O1/0292/2,,videos/sample_001165_O1__0292__2.pt,ok,0.5666601062,0.5997938514,0.5674173913,0.5489247845,average,0.5666601062,0.5674173913,
O1/0292/3,,videos/sample_001166_O1__0292__3.pt,ok,0.5677087307,0.5997938514,0.5668226954,0.5489247845,average,0.5677087307,0.5668226954,
O1/0292/4,,videos/sample_001167_O1__0292__4.pt,ok,0.5705676079,0.6031517982,0.5652045331,0.5470846156,average,0.5705676079,0.5652045331,
O1/0293/1,,videos/sample_001168_O1__0293__1.pt,ok,0.5545949936,0.5869311690,0.5743048112,0.5560310344,average,0.5545949936,0.5743048112,
O1/0293/2,,videos/sample_001169_O1__0293__2.pt,ok,0.5623026490,0.5973967314,0.5698952830,0.5502422015,average,0.5623026490,0.5698952830,
O1/0293/3,,videos/sample_001170_O1__0293__3.pt,ok,0.5581769347,0.5882140994,0.5722513651,0.5553181427,average,0.5581769347,0.5722513651,
O1/0293/4,,videos/sample_001171_O1__0293__4.pt,ok,0.5641954541,0.5973967314,0.5688176026,0.5502422015,average,0.5641954541,0.5688176026,
O1/0294/1,,videos/sample_001172_O1__0294__1.pt,ok,0.6248255372,0.6353393197,0.5353548199,0.5297557013,average,0.6248255372,0.5353548199,
O1/0294/2,,videos/sample_001173_O1__0294__2.pt,ok,0.6244538426,0.6329963207,0.5355538453,0.5309983736,average,0.6244538426,0.5355538453,
O1/0294/3,,videos/sample_001174_O1__0294__3.pt,ok,0.6240006089,0.6339644194,0.5357966314,0.5304845635,average,0.6240006089,0.5357966314,
O1/0294/4,,videos/sample_001175_O1__0294__4.pt,ok,0.6239264607,0.6363584399,0.5358363612,0.5292160915,average,0.6239264607,0.5358363612,
O1/0295/1,,videos/sample_001176_O1__0295__1.pt,ok,0.5771092772,0.6131520271,0.5615192191,0.5416409087,average,0.5771092772,0.5615192191,
O1/0295/2,,videos/sample_001177_O1__0295__2.pt,ok,0.5650203824,0.5788326859,0.5683485623,0.5605523254,average,0.5650203824,0.5683485623,
O1/0295/3,,videos/sample_001178_O1__0295__3.pt,ok,0.5765745044,0.6023952961,0.5618195847,0.5474986429,average,0.5765745044,0.5618195847,
O1/0295/4,,videos/sample_001179_O1__0295__4.pt,ok,0.5747272968,0.6005393267,0.5628583411,0.5485157271,average,0.5747272968,0.5628583411,
O1/0296/1,,videos/sample_001180_O1__0296__1.pt,ok,0.5465655923,0.5681727529,0.5789346978,0.5665597381,average,0.5465655923,0.5789346978,
O1/0296/2,,videos/sample_001181_O1__0296__2.pt,ok,0.5446062684,0.5654295683,0.5800701303,0.5681160497,average,0.5446062684,0.5800701303,
O1/0296/3,,videos/sample_001182_O1__0296__3.pt,ok,0.5478947163,0.5827562809,0.5781657329,0.5583572542,average,0.5478947163,0.5781657329,
O1/0296/4,,videos/sample_001183_O1__0296__4.pt,ok,0.5480386615,0.5762823224,0.5780825147,0.5619837622,average,0.5480386615,0.5780825147,
O1/0297/1,,videos/sample_001184_O1__0297__1.pt,ok,0.5790359378,0.6006377339,0.5604384037,0.5484617519,average,0.5790359378,0.5604384037,
O1/0297/2,,videos/sample_001185_O1__0297__2.pt,ok,0.5768306255,0.5968945622,0.5616757092,0.5505185855,average,0.5768306255,0.5616757092,
O1/0297/3,,videos/sample_001186_O1__0297__3.pt,ok,0.5774705410,0.6006377339,0.5613163992,0.5484617519,average,0.5774705410,0.5613163992,
O1/0297/4,,videos/sample_001187_O1__0297__4.pt,ok,0.5785107017,0.5968945622,0.5607328435,0.5505185855,average,0.5785107017,0.5607328435,
O1/0298/1,,videos/sample_001188_O1__0298__1.pt,ok,0.5845872760,0.6108362079,0.5573358402,0.5428967047,average,0.5845872760,0.5573358402,
O1/0298/2,,videos/sample_001189_O1__0298__2.pt,ok,0.5848736763,0.6108362079,0.5571762419,0.5428967047,average,0.5848736763,0.5571762419,
O1/0298/3,,videos/sample_001190_O1__0298__3.pt,ok,0.5828122497,0.6103160381,0.5583260045,0.5431791766,average,0.5828122497,0.5583260045,
O1/0298/4,,videos/sample_001191_O1__0298__4.pt,ok,0.5850561857,0.6103160381,0.5570745613,0.5431791766,average,0.5850561857,0.5570745613,
O1/0299/1,,videos/sample_001192_O1__0299__1.pt,ok,0.5529002547,0.5900441408,0.5752789331,0.5543028168,average,0.5529002547,0.5752789331,
O1/0299/2,,videos/sample_001193_O1__0299__2.pt,ok,0.5526774526,0.5910541415,0.5754071208,0.5537432532,average,0.5526774526,0.5754071208,
O1/0299/3,,videos/sample_001194_O1__0299__3.pt,ok,0.5549682379,0.5915966034,0.5740904952,0.5534429501,average,0.5549682379,0.5740904952,
O1/0299/4,,videos/sample_001195_O1__0299__4.pt,ok,0.5415142775,0.5612249970,0.5818664776,0.5705097628,average,0.5415142775,0.5818664776,
O1/0300/1,,videos/sample_001196_O1__0300__1.pt,ok,0.5776810050,0.5992213488,0.5611982747,0.5492391354,average,0.5776810050,0.5611982747,
O1/0300/2,,videos/sample_001197_O1__0300__2.pt,ok,0.5793461800,0.6033533812,0.5602645590,0.5469743438,average,0.5793461800,0.5602645590,
O1/0300/3,,videos/sample_001198_O1__0300__3.pt,ok,0.5775610805,0.5992162824,0.5612655802,0.5492419180,average,0.5775610805,0.5612655802,
O1/0300/4,,videos/sample_001199_O1__0300__4.pt,ok,0.5786874294,0.6007676125,0.5606337552,0.5483905231,average,0.5786874294,0.5606337552,
O1/0301/1,,videos/sample_001200_O1__0301__1.pt,ok,0.5491973758,0.5721510649,0.5774130702,0.5643102642,average,0.5491973758,0.5774130702,
O1/0301/2,,videos/sample_001201_O1__0301__2.pt,ok,0.5482064486,0.5720062256,0.5779855281,0.5643920044,average,0.5482064486,0.5779855281,
O1/0301/3,,videos/sample_001202_O1__0301__3.pt,ok,0.5510334373,0.5778320432,0.5763538769,0.5611135188,average,0.5510334373,0.5763538769,
O1/0301/4,,videos/sample_001203_O1__0301__4.pt,ok,0.5506373644,0.5782086849,0.5765822003,0.5609022198,average,0.5506373644,0.5765822003,
O1/0302/1,,videos/sample_001204_O1__0302__1.pt,ok,0.5883709788,0.6098537445,0.5552310315,0.5434303429,average,0.5883709788,0.5552310315,
O1/0302/2,,videos/sample_001205_O1__0302__2.pt,ok,0.5878074169,0.6094956994,0.5555440268,0.5436249503,average,0.5878074169,0.5555440268,
O1/0302/3,,videos/sample_001206_O1__0302__3.pt,ok,0.5892643929,0.6113273501,0.5547352019,0.5426301307,average,0.5892643929,0.5547352019,
O1/0302/4,,videos/sample_001207_O1__0302__4.pt,ok,0.5895123482,0.6110221148,0.5545976694,0.5427957859,average,0.5895123482,0.5545976694,
O1/0303/1,,videos/sample_001208_O1__0303__1.pt,ok,0.5447001457,0.5770094395,0.5800156774,0.5615752827,average,0.5447001457,0.5800156774,
O1/0303/2,,videos/sample_001209_O1__0303__2.pt,ok,0.5455344915,0.5737641454,0.5795319456,0.5634007201,average,0.5455344915,0.5795319456,
O1/0303/3,,videos/sample_001210_O1__0303__3.pt,ok,0.5411063433,0.5615602732,0.5821038893,0.5703185166,average,0.5411063433,0.5821038893,
O1/0303/4,,videos/sample_001211_O1__0303__4.pt,ok,0.5437216163,0.5641822815,0.5805835177,0.5688250954,average,0.5437216163,0.5805835177,
O1/0304/1,,videos/sample_001212_O1__0304__1.pt,ok,0.5602098107,0.6003772616,0.5710892306,0.5486046296,average,0.5602098107,0.5710892306,
O1/0304/2,,videos/sample_001213_O1__0304__2.pt,ok,0.5545269847,0.5921701193,0.5743438704,0.5531256327,average,0.5545269847,0.5743438704,
O1/0304/3,,videos/sample_001214_O1__0304__3.pt,ok,0.5551062822,0.5921701193,0.5740112508,0.5531256327,average,0.5551062822,0.5740112508,
O1/0304/4,,videos/sample_001215_O1__0304__4.pt,ok,0.5597887039,0.6003772616,0.5713297708,0.5486046296,average,0.5597887039,0.5713297708,
O1/0305/1,,videos/sample_001216_O1__0305__1.pt,ok,0.5455202460,0.5928314328,0.5795402014,0.5527599642,average,0.5455202460,0.5795402014,
O1/0305/2,,videos/sample_001217_O1__0305__2.pt,ok,0.5499464273,0.5868582129,0.5769807199,0.5560716017,average,0.5499464273,0.5769807199,
O1/0305/3,,videos/sample_001218_O1__0305__3.pt,ok,0.5494381785,0.5872161984,0.5772740442,0.5558725718,average,0.5494381785,0.5772740442,
O1/0305/4,,videos/sample_001219_O1__0305__4.pt,ok,0.5312361121,0.5493361950,0.5878778374,0.5773329197,average,0.5312361121,0.5878778374,
O1/0306/1,,videos/sample_001220_O1__0306__1.pt,ok,0.5352476835,0.5736895800,0.5855242475,0.5634427319,average,0.5352476835,0.5855242475,
O1/0306/2,,videos/sample_001221_O1__0306__2.pt,ok,0.5228317976,0.5442289710,0.5928393676,0.5802890306,average,0.5228317976,0.5928393676,
O1/0306/3,,videos/sample_001222_O1__0306__3.pt,ok,0.5381869078,0.5697932839,0.5838057871,0.5656423540,average,0.5381869078,0.5838057871,
O1/0306/4,,videos/sample_001223_O1__0306__4.pt,ok,0.5352630019,0.5676528811,0.5855152783,0.5668543531,average,0.5352630019,0.5855152783,
O1/0307/1,,videos/sample_001224_O1__0307__1.pt,ok,0.5255193710,0.5607919097,0.5912482074,0.5707568969,average,0.5255193710,0.5912482074,
O1/0307/2,,videos/sample_001225_O1__0307__2.pt,ok,0.5245169401,0.5478669405,0.5918411901,0.5781817921,average,0.5245169401,0.5918411901,
O1/0307/3,,videos/sample_001226_O1__0307__3.pt,ok,0.5240110755,0.5472371578,0.5921406573,0.5785460357,average,0.5240110755,0.5921406573,
O1/0307/4,,videos/sample_001227_O1__0307__4.pt,ok,0.5248550773,0.5591816306,0.5916411004,0.5716767152,average,0.5248550773,0.5916411004,
O1/0308/1,,videos/sample_001228_O1__0308__1.pt,ok,0.5614258051,0.5914554596,0.5703952114,0.5535210706,average,0.5614258051,0.5703952114,
O1/0308/2,,videos/sample_001229_O1__0308__2.pt,ok,0.5687452555,0.6015609503,0.5662354740,0.5479556367,average,0.5687452555,0.5662354740,
O1/0308/3,,videos/sample_001230_O1__0308__3.pt,ok,0.5608305931,0.5914554596,0.5707348185,0.5535210706,average,0.5608305931,0.5707348185,
O1/0308/4,,videos/sample_001231_O1__0308__4.pt,ok,0.5689906478,0.6015609503,0.5660965412,0.5479556367,average,0.5689906478,0.5660965412,
O1/0309/1,,videos/sample_001232_O1__0309__1.pt,ok,0.5922510028,0.6107090712,0.5530808958,0.5429657312,average,0.5922510028,0.5530808958,
O1/0309/2,,videos/sample_001233_O1__0309__2.pt,ok,0.5917788744,0.6115304828,0.5533420827,0.5425199160,average,0.5917788744,0.5533420827,
O1/0309/3,,videos/sample_001234_O1__0309__3.pt,ok,0.5925087333,0.6115334034,0.5529383684,0.5425183315,average,0.5925087333,0.5529383684,
O1/0309/4,,videos/sample_001235_O1__0309__4.pt,ok,0.5917932391,0.6103950143,0.5533341341,0.5431362801,average,0.5917932391,0.5533341341,
O1/0310/1,,videos/sample_001236_O1__0310__1.pt,ok,0.5618136525,0.5867174268,0.5701740280,0.5561498944,average,0.5618136525,0.5701740280,
O1/0310/2,,videos/sample_001237_O1__0310__2.pt,ok,0.5616080165,0.5862064362,0.5702912884,0.5564341544,average,0.5616080165,0.5702912884,
O1/0310/3,,videos/sample_001238_O1__0310__3.pt,ok,0.5596668720,0.5823419094,0.5713993813,0.5585886695,average,0.5596668720,0.5713993813,
O1/0310/4,,videos/sample_001239_O1__0310__4.pt,ok,0.5609197617,0.5839646459,0.5706839292,0.5576829624,average,0.5609197617,0.5706839292,
O1/0311/1,,videos/sample_001240_O1__0311__1.pt,ok,0.5518309474,0.5875325799,0.5758944121,0.5556967318,average,0.5518309474,0.5758944121,
O1/0311/2,,videos/sample_001241_O1__0311__2.pt,ok,0.5598549247,0.5999640822,0.5712919382,0.5488313485,average,0.5598549247,0.5712919382,
O1/0311/3,,videos/sample_001242_O1__0311__3.pt,ok,0.5552169085,0.6010962725,0.5739477536,0.5482103187,average,0.5552169085,0.5739477536,
O1/0311/4,,videos/sample_001243_O1__0311__4.pt,ok,0.5584238172,0.5954369903,0.5721101037,0.5513215911,average,0.5584238172,0.5721101037,
O1/0312/1,,videos/sample_001244_O1__0312__1.pt,ok,0.6167341471,0.6323807240,0.5397041569,0.5313253551,average,0.6167341471,0.5397041569,
O1/0312/2,,videos/sample_001245_O1__0312__2.pt,ok,0.6160248518,0.6329786777,0.5400871023,0.5310077420,average,0.6160248518,0.5400871023,
O1/0312/3,,videos/sample_001246_O1__0312__3.pt,ok,0.6158350110,0.6323807240,0.5401896426,0.5313253551,average,0.6158350110,0.5401896426,
O1/0312/4,,videos/sample_001247_O1__0312__4.pt,ok,0.6144607663,0.6329786777,0.5409325057,0.5310077420,average,0.6144607663,0.5409325057,
O1/0313/1,,videos/sample_001248_O1__0313__1.pt,ok,0.5845742822,0.6005893350,0.5573430822,0.5484882975,average,0.5845742822,0.5573430822,
O1/0313/2,,videos/sample_001249_O1__0313__2.pt,ok,0.5851653218,0.6007976532,0.5570137677,0.5483740493,average,0.5851653218,0.5570137677,
O1/0313/3,,videos/sample_001250_O1__0313__3.pt,ok,0.5854206085,0.6005893350,0.5568715876,0.5484882975,average,0.5854206085,0.5568715876,
O1/0313/4,,videos/sample_001251_O1__0313__4.pt,ok,0.5841677785,0.6007976532,0.5575696903,0.5483740493,average,0.5841677785,0.5575696903,
O1/0314/1,,videos/sample_001252_O1__0314__1.pt,ok,0.6119425893,0.6411660314,0.5422963860,0.5266779429,average,0.6119425893,0.5422963860,
O1/0314/2,,videos/sample_001253_O1__0314__2.pt,ok,0.6112022996,0.6411660314,0.5426979911,0.5266779429,average,0.6112022996,0.5426979911,
O1/0314/3,,videos/sample_001254_O1__0314__3.pt,ok,0.6101582050,0.6412162781,0.5432649150,0.5266514797,average,0.6101582050,0.5432649150,
O1/0314/4,,videos/sample_001255_O1__0314__4.pt,ok,0.6109482646,0.6412162781,0.5428358729,0.5266514797,average,0.6109482646,0.5428358729,
O1/0315/1,,videos/sample_001256_O1__0315__1.pt,ok,0.5500462055,0.5693297982,0.5769231527,0.5659045819,average,0.5500462055,0.5769231527,
O1/0315/2,,videos/sample_001257_O1__0315__2.pt,ok,0.5516880751,0.5703080297,0.5759766974,0.5653512669,average,0.5516880751,0.5759766974,
O1/0315/3,,videos/sample_001258_O1__0315__3.pt,ok,0.5544685721,0.5823978782,0.5743774203,0.5585574069,average,0.5544685721,0.5743774203,
O1/0315/4,,videos/sample_001259_O1__0315__4.pt,ok,0.5551041365,0.5850619078,0.5740124825,0.5570713737,average,0.5551041365,0.5740124825,
O1/0316/1,,videos/sample_001260_O1__0316__1.pt,ok,0.5617562532,0.5845623016,0.5702067565,0.5573497595,average,0.5617562532,0.5702067565,
O1/0316/2,,videos/sample_001261_O1__0316__2.pt,ok,0.5605064631,0.5832183361,0.5709198408,0.5580993220,average,0.5605064631,0.5709198408,
O1/0316/3,,videos/sample_001262_O1__0316__3.pt,ok,0.5627876520,0.5863257051,0.5696189491,0.5563677931,average,0.5627876520,0.5696189491,
O1/0316/4,,videos/sample_001263_O1__0316__4.pt,ok,0.5615091920,0.5826104283,0.5703476499,0.5584386980,average,0.5615091920,0.5703476499,
O1/0317/1,,videos/sample_001264_O1__0317__1.pt,ok,0.5380378962,0.5577126741,0.5838927874,0.5725171005,average,0.5380378962,0.5838927874,
O1/0317/2,,videos/sample_001265_O1__0317__2.pt,ok,0.5474503636,0.5837686658,0.5784226995,0.5577922678,average,0.5474503636,0.5784226995,
O1/0317/3,,videos/sample_001266_O1__0317__3.pt,ok,0.5454766154,0.5656051040,0.5795654876,0.5680163338,average,0.5454766154,0.5795654876,
O1/0317/4,,videos/sample_001267_O1__0317__4.pt,ok,0.5455327630,0.5769272447,0.5795329474,0.5616214432,average,0.5455327630,0.5795329474,
O1/0318/1,,videos/sample_001268_O1__0318__1.pt,ok,0.5483308434,0.5671903491,0.5779136341,0.5671166020,average,0.5483308434,0.5779136341,
O1/0318/2,,videos/sample_001269_O1__0318__2.pt,ok,0.5376042128,0.5567916632,0.5841460670,0.5730446379,average,0.5376042128,0.5841460670,
O1/0318/3,,videos/sample_001270_O1__0318__3.pt,ok,0.5447724462,0.5804318786,0.5799737436,0.5596566107,average,0.5447724462,0.5799737436,
O1/0318/4,,videos/sample_001271_O1__0318__4.pt,ok,0.5495708585,0.5781425834,0.5771974566,0.5609392975,average,0.5495708585,0.5771974566,
O1/0319/1,,videos/sample_001272_O1__0319__1.pt,ok,0.5467128754,0.5663810372,0.5788494368,0.5675757620,average,0.5467128754,0.5788494368,
O1/0319/2,,videos/sample_001273_O1__0319__2.pt,ok,0.5490386486,0.5774348974,0.5775047286,0.5613364069,average,0.5490386486,0.5775047286,
O1/0319/3,,videos/sample_001274_O1__0319__3.pt,ok,0.5496721268,0.5803325176,0.5771390078,0.5597122214,average,0.5496721268,0.5771390078,
O1/0319/4,,videos/sample_001275_O1__0319__4.pt,ok,0.5450222492,0.5651717186,0.5798288825,0.5682625571,average,0.5450222492,0.5798288825,
O1/0320/1,,videos/sample_001276_O1__0320__1.pt,ok,0.5805088878,0.6042438745,0.5596135136,0.5464874836,average,0.5805088878,0.5596135136,
O1/0320/2,,videos/sample_001277_O1__0320__2.pt,ok,0.5836318731,0.6118714213,0.5578685749,0.5423349815,average,0.5836318731,0.5578685749,
O1/0320/3,,videos/sample_001278_O1__0320__3.pt,ok,0.5842684507,0.6118714213,0.5575135613,0.5423349815,average,0.5842684507,0.5575135613,
O1/0320/4,,videos/sample_001279_O1__0320__4.pt,ok,0.5783688426,0.6042438745,0.5608123942,0.5464874836,average,0.5783688426,0.5608123942,
O1/0321/1,,videos/sample_001280_O1__0321__1.pt,ok,0.5769003630,0.5994065404,0.5616365407,0.5491374303,average,0.5769003630,0.5616365407,
O1/0321/2,,videos/sample_001281_O1__0321__2.pt,ok,0.5775898099,0.5959145427,0.5612494556,0.5510583690,average,0.5775898099,0.5612494556,
O1/0321/3,,videos/sample_001282_O1__0321__3.pt,ok,0.5780622363,0.5994065404,0.5609843692,0.5491374303,average,0.5780622363,0.5609843692,
O1/0321/4,,videos/sample_001283_O1__0321__4.pt,ok,0.5763362646,0.5959145427,0.5619534484,0.5510583690,average,0.5763362646,0.5619534484,
O1/0322/1,,videos/sample_001284_O1__0322__1.pt,ok,0.5658123493,0.5878938437,0.5678986273,0.5554960150,average,0.5658123493,0.5678986273,
O1/0322/2,,videos/sample_001285_O1__0322__2.pt,ok,0.5675665736,0.5932586789,0.5669032790,0.5525238501,average,0.5675665736,0.5669032790,
O1/0322/3,,videos/sample_001286_O1__0322__3.pt,ok,0.5681200027,0.5922495127,0.5665896250,0.5530817200,average,0.5681200027,0.5665896250,
O1/0322/4,,videos/sample_001287_O1__0322__4.pt,ok,0.5661234260,0.5888603330,0.5677219947,0.5549593934,average,0.5661234260,0.5677219947,
O1/0323/1,,videos/sample_001288_O1__0323__1.pt,ok,0.6168266535,0.6502745152,0.5396542332,0.5219024870,average,0.6168266535,0.5396542332,
O1/0323/2,,videos/sample_001289_O1__0323__2.pt,ok,0.6167336702,0.6507652402,0.5397044143,0.5216464392,average,0.6167336702,0.5397044143,
O1/0323/3,,videos/sample_001290_O1__0323__3.pt,ok,0.6167535782,0.6502745152,0.5396936700,0.5219024870,average,0.6167535782,0.5396936700,
O1/0323/4,,videos/sample_001291_O1__0323__4.pt,ok,0.6147722006,0.6507652402,0.5407640670,0.5216464392,average,0.6147722006,0.5407640670,
O1/0324/1,,videos/sample_001292_O1__0324__1.pt,ok,0.5470471382,0.5846711397,0.5786559812,0.5572891019,average,0.5470471382,0.5786559812,
O1/0324/2,,videos/sample_001293_O1__0324__2.pt,ok,0.5516296625,0.5939075351,0.5760103426,0.5521654579,average,0.5516296625,0.5760103426,
O1/0324/3,,videos/sample_001294_O1__0324__3.pt,ok,0.5535256863,0.5942955613,0.5749192480,0.5519512448,average,0.5535256863,0.5749192480,
O1/0324/4,,videos/sample_001295_O1__0324__4.pt,ok,0.5519992113,0.5916221738,0.5757975180,0.5534287985,average,0.5519992113,0.5757975180,
O1/0325/1,,videos/sample_001296_O1__0325__1.pt,ok,0.5573171973,0.5933602452,0.5727435625,0.5524677351,average,0.5573171973,0.5727435625,
O1/0325/2,,videos/sample_001297_O1__0325__2.pt,ok,0.5447642207,0.5806316733,0.5799785141,0.5595448054,average,0.5447642207,0.5799785141,
O1/0325/3,,videos/sample_001298_O1__0325__3.pt,ok,0.5547902584,0.5897241235,0.5741926807,0.5544802317,average,0.5547902584,0.5741926807,
O1/0325/4,,videos/sample_001299_O1__0325__4.pt,ok,0.5511199236,0.5948720574,0.5763040324,0.5516331387,average,0.5511199236,0.5763040324,
O1/0326/1,,videos/sample_001300_O1__0326__1.pt,ok,0.5516057611,0.5991533995,0.5760241103,0.5492764570,average,0.5516057611,0.5760241103,
O1/0326/2,,videos/sample_001301_O1__0326__2.pt,ok,0.5509197712,0.5941252112,0.5764193925,0.5520452777,average,0.5509197712,0.5764193925,
O1/0326/3,,videos/sample_001302_O1__0326__3.pt,ok,0.5537341237,0.5981649756,0.5747994258,0.5498196434,average,0.5537341237,0.5747994258,
O1/0326/4,,videos/sample_001303_O1__0326__4.pt,ok,0.5433126092,0.5906516910,0.5808210290,0.5539661523,average,0.5433126092,0.5808210290,
O1/0327/1,,videos/sample_001304_O1__0327__1.pt,ok,0.5460464954,0.5914168358,0.5792352990,0.5535424501,average,0.5460464954,0.5792352990,
O1/0327/2,,videos/sample_001305_O1__0327__2.pt,ok,0.5316559076,0.5509663224,0.5876311008,0.5763925601,average,0.5316559076,0.5876311008,
O1/0327/3,,videos/sample_001306_O1__0327__3.pt,ok,0.5510907173,0.5854934454,0.5763208643,0.5568310283,average,0.5510907173,0.5763208643,
O1/0327/4,,videos/sample_001307_O1__0327__4.pt,ok,0.5475951433,0.5836785436,0.5783389617,0.5578425396,average,0.5475951433,0.5783389617,
O1/0328/1,,videos/sample_001308_O1__0328__1.pt,ok,0.5564417839,0.5891571045,0.5732451694,0.5547947217,average,0.5564417839,0.5732451694,
O1/0328/2,,videos/sample_001309_O1__0328__2.pt,ok,0.5517616272,0.5840403438,0.5759343346,0.5576407485,average,0.5517616272,0.5759343346,
O1/0328/3,,videos/sample_001310_O1__0328__3.pt,ok,0.5562759638,0.5990266204,0.5733402329,0.5493460982,average,0.5562759638,0.5733402329,
O1/0328/4,,videos/sample_001311_O1__0328__4.pt,ok,0.5575800538,0.5897538662,0.5725930329,0.5544637402,average,0.5575800538,0.5725930329,
O1/0329/1,,videos/sample_001312_O1__0329__1.pt,ok,0.6149954200,0.6285662651,0.5406433715,0.5333559441,average,0.6149954200,0.5406433715,
O1/0329/2,,videos/sample_001313_O1__0329__2.pt,ok,0.6130802631,0.6305230260,0.5416797804,0.5323133145,average,0.6130802631,0.5416797804,
O1/0329/3,,videos/sample_001314_O1__0329__3.pt,ok,0.6153781414,0.6281692386,0.5404364953,0.5335677426,average,0.6153781414,0.5404364953,
O1/0329/4,,videos/sample_001315_O1__0329__4.pt,ok,0.6143708229,0.6298022270,0.5409811612,0.5326971437,average,0.6143708229,0.5409811612,
O1/0330/1,,videos/sample_001316_O1__0330__1.pt,ok,0.6120802760,0.6283243299,0.5422217242,0.5334849973,average,0.6120802760,0.5422217242,
O1/0330/2,,videos/sample_001317_O1__0330__2.pt,ok,0.6146140099,0.6283788085,0.5408496176,0.5334559346,average,0.6146140099,0.5408496176,
O1/0330/3,,videos/sample_001318_O1__0330__3.pt,ok,0.6134503484,0.6283788085,0.5414793498,0.5334559346,average,0.6134503484,0.5414793498,
O1/0330/4,,videos/sample_001319_O1__0330__4.pt,ok,0.6142156124,0.6290559769,0.5410651337,0.5330948174,average,0.6142156124,0.5410651337,
O1/0331/1,,videos/sample_001320_O1__0331__1.pt,ok,0.5415699482,0.5634618402,0.5818340856,0.5692350482,average,0.5415699482,0.5818340856,
O1/0331/2,,videos/sample_001321_O1__0331__2.pt,ok,0.5419988036,0.5646042824,0.5815846164,0.5685851014,average,0.5419988036,0.5815846164,
O1/0331/3,,videos/sample_001322_O1__0331__3.pt,ok,0.5446714163,0.5750536919,0.5800323412,0.5626746569,average,0.5446714163,0.5800323412,
O1/0331/4,,videos/sample_001323_O1__0331__4.pt,ok,0.5449551344,0.5827510953,0.5798677989,0.5583601497,average,0.5449551344,0.5798677989,
O1/0332/1,,videos/sample_001324_O1__0332__1.pt,ok,0.5485204458,0.5900975466,0.5778040707,0.5542732146,average,0.5485204458,0.5778040707,
O1/0332/2,,videos/sample_001325_O1__0332__2.pt,ok,0.5372307897,0.5779327154,0.5843642413,0.5610570331,average,0.5372307897,0.5843642413,
O1/0332/3,,videos/sample_001326_O1__0332__3.pt,ok,0.5483952165,0.5988689661,0.5778764333,0.5494327118,average,0.5483952165,0.5778764333,
O1/0332/4,,videos/sample_001327_O1__0332__4.pt,ok,0.5473591685,0.5947831273,0.5784754512,0.5516821977,average,0.5473591685,0.5784754512,
O1/0333/1,,videos/sample_001328_O1__0333__1.pt,ok,0.6125133038,0.6278821230,0.5419869779,0.5337209602,average,0.6125133038,0.5419869779,
O1/0333/2,,videos/sample_001329_O1__0333__2.pt,ok,0.6109493971,0.6266124249,0.5428352581,0.5343990551,average,0.6109493971,0.5428352581,
O1/0333/3,,videos/sample_001330_O1__0333__3.pt,ok,0.6115033031,0.6270308495,0.5425346617,0.5341754962,average,0.6115033031,0.5425346617,
O1/0333/4,,videos/sample_001331_O1__0333__4.pt,ok,0.6124035716,0.6271175146,0.5420464546,0.5341292038,average,0.6124035716,0.5420464546,
O1/0334/1,,videos/sample_001332_O1__0334__1.pt,ok,0.6177253127,0.6363978982,0.5391694857,0.5291952100,average,0.6177253127,0.5391694857,
O1/0334/2,,videos/sample_001333_O1__0334__2.pt,ok,0.6186239123,0.6363978982,0.5386852059,0.5291952100,average,0.6186239123,0.5386852059,
O1/0334/3,,videos/sample_001334_O1__0334__3.pt,ok,0.6189807057,0.6354824305,0.5384930408,0.5296798930,average,0.6189807057,0.5384930408,
O1/0334/4,,videos/sample_001335_O1__0334__4.pt,ok,0.6185522676,0.6354824305,0.5387238012,0.5296798930,average,0.6185522676,0.5387238012,
O1/0335/1,,videos/sample_001336_O1__0335__1.pt,ok,0.6116464734,0.6304641962,0.5424569924,0.5323446313,average,0.6116464734,0.5424569924,
O1/0335/2,,videos/sample_001337_O1__0335__2.pt,ok,0.6114070415,0.6279993653,0.5425868894,0.5336583892,average,0.6114070415,0.5425868894,
O1/0335/3,,videos/sample_001338_O1__0335__3.pt,ok,0.6125102043,0.6279993653,0.5419886578,0.5336583892,average,0.6125102043,0.5419886578,
O1/0335/4,,videos/sample_001339_O1__0335__4.pt,ok,0.6126313210,0.6289684176,0.5419230179,0.5331414968,average,0.6126313210,0.5419230179,
O1/0336/1,,videos/sample_001340_O1__0336__1.pt,ok,0.6145150065,0.6287354231,0.5409031662,0.5332657303,average,0.6145150065,0.5409031662,
O1/0336/2,,videos/sample_001341_O1__0336__2.pt,ok,0.6130635738,0.6292397976,0.5416888208,0.5329968325,average,0.6130635738,0.5416888208,
O1/0336/3,,videos/sample_001342_O1__0336__3.pt,ok,0.6134668589,0.6297598481,0.5414704098,0.5327197193,average,0.6134668589,0.5414704098,
O1/0336/4,,videos/sample_001343_O1__0336__4.pt,ok,0.6119694114,0.6300269365,0.5422818407,0.5325774550,average,0.6119694114,0.5422818407,
O1/0337/1,,videos/sample_001344_O1__0337__1.pt,ok,0.5657327175,0.5975294709,0.5679438519,0.5501691674,average,0.5657327175,0.5679438519,
O1/0337/2,,videos/sample_001345_O1__0337__2.pt,ok,0.5584028959,0.5899261832,0.5721220731,0.5543682049,average,0.5584028959,0.5721220731,
O1/0337/3,,videos/sample_001346_O1__0337__3.pt,ok,0.5632317662,0.6031442881,0.5693660294,0.5470887243,average,0.5632317662,0.5693660294,
O1/0337/4,,videos/sample_001347_O1__0337__4.pt,ok,0.5648615956,0.6019036770,0.5684388157,0.5477678698,average,0.5648615956,0.5684388157,
O1/0338/1,,videos/sample_001348_O1__0338__1.pt,ok,0.5417231917,0.5611589551,0.5817449301,0.5705474417,average,0.5417231917,0.5817449301,
O1/0338/2,,videos/sample_001349_O1__0338__2.pt,ok,0.5393573642,0.5739610791,0.5831228676,0.5632897784,average,0.5393573642,0.5831228676,
O1/0338/3,,videos/sample_001350_O1__0338__3.pt,ok,0.5421507955,0.5696614385,0.5814962270,0.5657169363,average,0.5421507955,0.5814962270,
O1/0338/4,,videos/sample_001351_O1__0338__4.pt,ok,0.5315907001,0.5504939556,0.5876694200,0.5766648932,average,0.5315907001,0.5876694200,
O1/0339/1,,videos/sample_001352_O1__0339__1.pt,ok,0.5624036789,0.5929676294,0.5698377095,0.5526846853,average,0.5624036789,0.5698377095,
O1/0339/2,,videos/sample_001353_O1__0339__2.pt,ok,0.5593400598,0.5920892954,0.5715861521,0.5531703403,average,0.5593400598,0.5715861521,
O1/0339/3,,videos/sample_001354_O1__0339__3.pt,ok,0.5635577440,0.5960549116,0.5691804590,0.5509810229,average,0.5635577440,0.5691804590,
O1/0339/4,,videos/sample_001355_O1__0339__4.pt,ok,0.5637517571,0.6013670564,0.5690700412,0.5480618922,average,0.5637517571,0.5690700412,
O1/0340/1,,videos/sample_001356_O1__0340__1.pt,ok,0.6169489026,0.6509295106,0.5395882649,0.5215607551,average,0.6169489026,0.5395882649,
O1/0340/2,,videos/sample_001357_O1__0340__2.pt,ok,0.6185320616,0.6509295106,0.5387346868,0.5215607551,average,0.6185320616,0.5387346868,
O1/0340/3,,videos/sample_001358_O1__0340__3.pt,ok,0.6186699271,0.6501781940,0.5386604190,0.5219527596,average,0.6186699271,0.5386604190,
O1/0340/4,,videos/sample_001359_O1__0340__4.pt,ok,0.6190116405,0.6501781940,0.5384763829,0.5219527596,average,0.6190116405,0.5384763829,
O1/0341/1,,videos/sample_001360_O1__0341__1.pt,ok,0.6145984530,0.6285056472,0.5408580316,0.5333882760,average,0.6145984530,0.5408580316,
O1/0341/2,,videos/sample_001361_O1__0341__2.pt,ok,0.6137887836,0.6275941133,0.5412961252,0.5338746991,average,0.6137887836,0.5412961252,
O1/0341/3,,videos/sample_001362_O1__0341__3.pt,ok,0.6145753860,0.6275064945,0.5408705077,0.5339214787,average,0.6145753860,0.5408705077,
O1/0341/4,,videos/sample_001363_O1__0341__4.pt,ok,0.6138787270,0.6282367706,0.5412474414,0.5335317109,average,0.6138787270,0.5412474414,
O1/0342/1,,videos/sample_001364_O1__0342__1.pt,ok,0.5351267457,0.5554955006,0.5855950638,0.5737878785,average,0.5351267457,0.5855950638,
O1/0342/2,,videos/sample_001365_O1__0342__2.pt,ok,0.5399350524,0.5743786097,0.5827861017,0.5630546368,average,0.5399350524,0.5827861017,
O1/0342/3,,videos/sample_001366_O1__0342__3.pt,ok,0.5375032425,0.5576639771,0.5842050513,0.5725449810,average,0.5375032425,0.5842050513,
O1/0342/4,,videos/sample_001367_O1__0342__4.pt,ok,0.5403761864,0.5709875822,0.5825290717,0.5649672115,average,0.5403761864,0.5825290717,
O1/0343/1,,videos/sample_001368_O1__0343__1.pt,ok,0.5522670746,0.5860592723,0.5756433037,0.5565160475,average,0.5522670746,0.5756433037,
O1/0343/2,,videos/sample_001369_O1__0343__2.pt,ok,0.5589133501,0.5936074257,0.5718301055,0.5523311928,average,0.5589133501,0.5718301055,
O1/0343/3,,videos/sample_001370_O1__0343__3.pt,ok,0.5566508770,0.5887099504,0.5731253204,0.5550428559,average,0.5566508770,0.5731253204,
O1/0343/4,,videos/sample_001371_O1__0343__4.pt,ok,0.5597403049,0.5936074257,0.5713574233,0.5523311928,average,0.5597403049,0.5713574233,
O1/0344/1,,videos/sample_001372_O1__0344__1.pt,ok,0.6169121861,0.6323240995,0.5396080771,0.5313554419,average,0.6169121861,0.5396080771,
O1/0344/2,,videos/sample_001373_O1__0344__2.pt,ok,0.6169053912,0.6328172088,0.5396117437,0.5310934902,average,0.6169053912,0.5396117437,
O1/0344/3,,videos/sample_001374_O1__0344__3.pt,ok,0.6182344556,0.6323240995,0.5388950413,0.5313554419,average,0.6182344556,0.5388950413,
O1/0344/4,,videos/sample_001375_O1__0344__4.pt,ok,0.6180331707,0.6328172088,0.5390035237,0.5310934902,average,0.6180331707,0.5390035237,
O1/0345/1,,videos/sample_001376_O1__0345__1.pt,ok,0.6148365736,0.6473308802,0.5407292575,0.5234410407,average,0.6148365736,0.5407292575,
O1/0345/2,,videos/sample_001377_O1__0345__2.pt,ok,0.6158779860,0.6468975544,0.5401664285,0.5236679104,average,0.6158779860,0.5401664285,
O1/0345/3,,videos/sample_001378_O1__0345__3.pt,ok,0.6156829596,0.6468975544,0.5402717855,0.5236679104,average,0.6156829596,0.5402717855,
O1/0345/4,,videos/sample_001379_O1__0345__4.pt,ok,0.6130716205,0.6473308802,0.5416844620,0.5234410407,average,0.6130716205,0.5416844620,
O1/0346/1,,videos/sample_001380_O1__0346__1.pt,ok,0.5558414459,0.5918961763,0.5735894136,0.5532771784,average,0.5558414459,0.5735894136,
O1/0346/2,,videos/sample_001381_O1__0346__2.pt,ok,0.5641279817,0.5994917750,0.5688559834,0.5490906268,average,0.5641279817,0.5688559834,
O1/0346/3,,videos/sample_001382_O1__0346__3.pt,ok,0.5621542335,0.6013622284,0.5699798706,0.5480645383,average,0.5621542335,0.5699798706,
O1/0346/4,,videos/sample_001383_O1__0346__4.pt,ok,0.5618512034,0.5960128307,0.5701526178,0.5510042092,average,0.5618512034,0.5701526178,
O1/0347/1,,videos/sample_001384_O1__0347__1.pt,ok,0.6366218925,0.6607700586,0.5290766866,0.5164534819,average,0.6366218925,0.5290766866,
O1/0347/2,,videos/sample_001385_O1__0347__2.pt,ok,0.6354671717,0.6597917676,0.5296879753,0.5169589709,average,0.6354671717,0.5296879753,
O1/0347/3,,videos/sample_001386_O1__0347__3.pt,ok,0.6350820065,0.6597917676,0.5298920320,0.5169589709,average,0.6350820065,0.5298920320,
O1/0347/4,,videos/sample_001387_O1__0347__4.pt,ok,0.6364540458,0.6607700586,0.5291654978,0.5164534819,average,0.6364540458,0.5291654978,
O1/0348/1,,videos/sample_001388_O1__0348__1.pt,ok,0.5568298697,0.5929405689,0.5730227443,0.5526996414,average,0.5568298697,0.5730227443,
O1/0348/2,,videos/sample_001389_O1__0348__2.pt,ok,0.5417196751,0.5740871429,0.5817469759,0.5632187724,average,0.5417196751,0.5817469759,
O1/0348/3,,videos/sample_001390_O1__0348__3.pt,ok,0.5476475358,0.5880828500,0.5783086619,0.5553910327,average,0.5476475358,0.5783086619,
O1/0348/4,,videos/sample_001391_O1__0348__4.pt,ok,0.5574193001,0.5924640894,0.5726850868,0.5529630542,average,0.5574193001,0.5726850868,
O1/0349/1,,videos/sample_001392_O1__0349__1.pt,ok,0.5624412298,0.5849388242,0.5698163120,0.5571399443,average,0.5624412298,0.5698163120,
O1/0349/2,,videos/sample_001393_O1__0349__2.pt,ok,0.5604611039,0.5819675922,0.5709457378,0.5587977980,average,0.5604611039,0.5709457378,
O1/0349/3,,videos/sample_001394_O1__0349__3.pt,ok,0.5613484383,0.5833495259,0.5704393428,0.5580261098,average,0.5613484383,0.5704393428,
O1/0349/4,,videos/sample_001395_O1__0349__4.pt,ok,0.5629443526,0.5865316391,0.5695296965,0.5562532298,average,0.5629443526,0.5695296965,
O1/0350/1,,videos/sample_001396_O1__0350__1.pt,ok,0.6194175482,0.6367415190,0.5382578556,0.5290133988,average,0.6194175482,0.5382578556,
O1/0350/2,,videos/sample_001397_O1__0350__2.pt,ok,0.6202315092,0.6367415190,0.5378199129,0.5290133988,average,0.6202315092,0.5378199129,
O1/0350/3,,videos/sample_001398_O1__0350__3.pt,ok,0.6190571189,0.6353673935,0.5384518944,0.5297408292,average,0.6190571189,0.5384518944,
O1/0350/4,,videos/sample_001399_O1__0350__4.pt,ok,0.6200726032,0.6353673935,0.5379053825,0.5297408292,average,0.6200726032,0.5379053825,
O1/0351/1,,videos/sample_001400_O1__0351__1.pt,ok,0.5586825013,0.5974707007,0.5719621270,0.5502015019,average,0.5586825013,0.5719621270,
O1/0351/2,,videos/sample_001401_O1__0351__2.pt,ok,0.5614752173,0.6002269387,0.5703670276,0.5486871036,average,0.5614752173,0.5703670276,
O1/0351/3,,videos/sample_001402_O1__0351__3.pt,ok,0.5536439419,0.5860992074,0.5748512646,0.5564938234,average,0.5536439419,0.5748512646,
O1/0351/4,,videos/sample_001403_O1__0351__4.pt,ok,0.5604009628,0.5970473289,0.5709800762,0.5504344910,average,0.5604009628,0.5709800762,
O1/0352/1,,videos/sample_001404_O1__0352__1.pt,ok,0.5825848579,0.6112895012,0.5584529777,0.5426506690,average,0.5825848579,0.5584529777,
O1/0352/2,,videos/sample_001405_O1__0352__2.pt,ok,0.5820712447,0.6066834331,0.5587398802,0.5451559202,average,0.5820712447,0.5587398802,
O1/0352/3,,videos/sample_001406_O1__0352__3.pt,ok,0.5819610357,0.6067498326,0.5588014618,0.5451197233,average,0.5819610357,0.5588014618,
O1/0352/4,,videos/sample_001407_O1__0352__4.pt,ok,0.5802285671,0.6004536748,0.5597704068,0.5485627106,average,0.5802285671,0.5597704068,
O1/0353/1,,videos/sample_001408_O1__0353__1.pt,ok,0.6119154692,0.6299259067,0.5423110934,0.5326312640,average,0.6119154692,0.5423110934,
O1/0353/2,,videos/sample_001409_O1__0353__2.pt,ok,0.6100393534,0.6299259067,0.5433294868,0.5326312640,average,0.6100393534,0.5433294868,
O1/0353/3,,videos/sample_001410_O1__0353__3.pt,ok,0.6115438938,0.6286128759,0.5425126403,0.5333310845,average,0.6115438938,0.5425126403,
O1/0353/4,,videos/sample_001411_O1__0353__4.pt,ok,0.6125684977,0.6286128759,0.5419570644,0.5333310845,average,0.6125684977,0.5419570644,
O1/0354/1,,videos/sample_001412_O1__0354__1.pt,ok,0.6089936495,0.6231020689,0.5438979457,0.5362782825,average,0.6089936495,0.5438979457,
O1/0354/2,,videos/sample_001413_O1__0354__2.pt,ok,0.6058375835,0.6231476665,0.5456172352,0.5362538301,average,0.6058375835,0.5456172352,
O1/0354/3,,videos/sample_001414_O1__0354__3.pt,ok,0.6075705290,0.6236465573,0.5446725291,0.5359863646,average,0.6075705290,0.5446725291,
O1/0354/4,,videos/sample_001415_O1__0354__4.pt,ok,0.6079052687,0.6227765083,0.5444902361,0.5364529020,average,0.6079052687,0.5444902361,
O1/0355/1,,videos/sample_001416_O1__0355__1.pt,ok,0.5539549589,0.5907260776,0.5746725039,0.5539249462,average,0.5539549589,0.5746725039,
O1/0355/2,,videos/sample_001417_O1__0355__2.pt,ok,0.5429928303,0.5836421847,0.5810067930,0.5578628224,average,0.5429928303,0.5810067930,
O1/0355/3,,videos/sample_001418_O1__0355__3.pt,ok,0.5533289909,0.5992256999,0.5750323431,0.5492367456,average,0.5533289909,0.5750323431,
O1/0355/4,,videos/sample_001419_O1__0355__4.pt,ok,0.5560706258,0.5939938426,0.5734579735,0.5521178039,average,0.5560706258,0.5734579735,
O1/0356/1,,videos/sample_001420_O1__0356__1.pt,ok,0.5638973117,0.5898825526,0.5689872165,0.5543923928,average,0.5638973117,0.5689872165,
O1/0356/2,,videos/sample_001421_O1__0356__2.pt,ok,0.5617247224,0.5846512914,0.5702247359,0.5573001633,average,0.5617247224,0.5702247359,
O1/0356/3,,videos/sample_001422_O1__0356__3.pt,ok,0.5642357469,0.5908584595,0.5687946838,0.5538516214,average,0.5642357469,0.5687946838,
O1/0356/4,,videos/sample_001423_O1__0356__4.pt,ok,0.5626699328,0.5856054425,0.5696860081,0.5567686683,average,0.5626699328,0.5696860081,
O1/0357/1,,videos/sample_001424_O1__0357__1.pt,ok,0.6178517342,0.6513592601,0.5391013275,0.5213366628,average,0.6178517342,0.5391013275,
O1/0357/2,,videos/sample_001425_O1__0357__2.pt,ok,0.6175549030,0.6513592601,0.5392613733,0.5213366628,average,0.6175549030,0.5392613733,
O1/0357/3,,videos/sample_001426_O1__0357__3.pt,ok,0.6171588898,0.6518428326,0.5394749702,0.5210846197,average,0.6171588898,0.5394749702,
O1/0357/4,,videos/sample_001427_O1__0357__4.pt,ok,0.6181267500,0.6518428326,0.5389530864,0.5210846197,average,0.6181267500,0.5389530864,
O1/0358/1,,videos/sample_001428_O1__0358__1.pt,ok,0.5550382137,0.5927081704,0.5740503242,0.5528281029,average,0.5550382137,0.5740503242,
O1/0358/2,,videos/sample_001429_O1__0358__2.pt,ok,0.5545865297,0.5925315022,0.5743096721,0.5529257787,average,0.5545865297,0.5743096721,
O1/0358/3,,videos/sample_001430_O1__0358__3.pt,ok,0.5545858145,0.5894484520,0.5743100829,0.5546331072,average,0.5545858145,0.5743100829,
O1/0358/4,,videos/sample_001431_O1__0358__4.pt,ok,0.5499982834,0.5881145597,0.5769508008,0.5553734217,average,0.5499982834,0.5769508008,
O1/0359/1,,videos/sample_001432_O1__0359__1.pt,ok,0.5587908626,0.5857793093,0.5719001518,0.5566718732,average,0.5587908626,0.5719001518,
O1/0359/2,,videos/sample_001433_O1__0359__2.pt,ok,0.5585546494,0.5890091062,0.5720352582,0.5548768365,average,0.5585546494,0.5720352582,
O1/0359/3,,videos/sample_001434_O1__0359__3.pt,ok,0.5588601232,0.5866072774,0.5718605431,0.5562111574,average,0.5588601232,0.5718605431,
O1/0359/4,,videos/sample_001435_O1__0359__4.pt,ok,0.5565886497,0.5858009458,0.5731609855,0.5566598289,average,0.5565886497,0.5731609855,
O1/0360/1,,videos/sample_001436_O1__0360__1.pt,ok,0.6115345955,0.6417143941,0.5425176847,0.5263892115,average,0.6115345955,0.5425176847,
O1/0360/2,,videos/sample_001437_O1__0360__2.pt,ok,0.6117609143,0.6415527463,0.5423949167,0.5264743080,average,0.6117609143,0.5423949167,
O1/0360/3,,videos/sample_001438_O1__0360__3.pt,ok,0.6098070741,0.6415527463,0.5434557057,0.5264743080,average,0.6098070741,0.5434557057,
O1/0360/4,,videos/sample_001439_O1__0360__4.pt,ok,0.6120184064,0.6417143941,0.5422552723,0.5263892115,average,0.6120184064,0.5422552723,
O1/0361/1,,videos/sample_001440_O1__0361__1.pt,ok,0.5600319505,0.5938597918,0.5711908137,0.5521918207,average,0.5600319505,0.5711908137,
O1/0361/2,,videos/sample_001441_O1__0361__2.pt,ok,0.5597166419,0.5965909362,0.5713709435,0.5506857627,average,0.5597166419,0.5713709435,
O1/0361/3,,videos/sample_001442_O1__0361__3.pt,ok,0.5621798038,0.5965909362,0.5699652962,0.5506857627,average,0.5621798038,0.5699652962,
O1/0361/4,,videos/sample_001443_O1__0361__4.pt,ok,0.5545828342,0.5893465281,0.5743117944,0.5546896404,average,0.5545828342,0.5743117944,
O1/0362/1,,videos/sample_001444_O1__0362__1.pt,ok,0.5648604631,0.5971388817,0.5684394595,0.5503840995,average,0.5648604631,0.5684394595,
O1/0362/2,,videos/sample_001445_O1__0362__2.pt,ok,0.5659294724,0.6146208048,0.5678321171,0.5408459426,average,0.5659294724,0.5678321171,
O1/0362/3,,videos/sample_001446_O1__0362__3.pt,ok,0.5681910515,0.6049706936,0.5665493709,0.5460904304,average,0.5681910515,0.5665493709,
O1/0362/4,,videos/sample_001447_O1__0362__4.pt,ok,0.5556617975,0.5932266116,0.5736924673,0.5525415683,average,0.5556617975,0.5736924673,
O1/0363/1,,videos/sample_001448_O1__0363__1.pt,ok,0.6070581079,0.6395441294,0.5449517023,0.5275328560,average,0.6070581079,0.5449517023,
O1/0363/2,,videos/sample_001449_O1__0363__2.pt,ok,0.6068422198,0.6395441294,0.5450693636,0.5275328560,average,0.6068422198,0.5450693636,
O1/0363/3,,videos/sample_001450_O1__0363__3.pt,ok,0.6069787741,0.6404879689,0.5449949371,0.5270351845,average,0.6069787741,0.5449949371,
O1/0363/4,,videos/sample_001451_O1__0363__4.pt,ok,0.6050588489,0.6404879689,0.5460422917,0.5270351845,average,0.6050588489,0.5460422917,
O1/0364/1,,videos/sample_001452_O1__0364__1.pt,ok,0.5699350834,0.6047953963,0.5655621519,0.5461861669,average,0.5699350834,0.5655621519,
O1/0364/2,,videos/sample_001453_O1__0364__2.pt,ok,0.5701110363,0.6047059298,0.5654626483,0.5462350345,average,0.5701110363,0.5654626483,
O1/0364/3,,videos/sample_001454_O1__0364__3.pt,ok,0.5695414543,0.6161509752,0.5657848174,0.5400189890,average,0.5695414543,0.5657848174,
O1/0364/4,,videos/sample_001455_O1__0364__4.pt,ok,0.5606949925,0.5954287648,0.5708122157,0.5513261259,average,0.5606949925,0.5708122157,
O1/0365/1,,videos/sample_001456_O1__0365__1.pt,ok,0.6159794331,0.6300871968,0.5401116330,0.5325453627,average,0.6159794331,0.5401116330,
O1/0365/2,,videos/sample_001457_O1__0365__2.pt,ok,0.6154106259,0.6280203462,0.5404189397,0.5336471927,average,0.6154106259,0.5404189397,
O1/0365/3,,videos/sample_001458_O1__0365__3.pt,ok,0.6145833731,0.6293488741,0.5408661878,0.5329386983,average,0.6145833731,0.5408661878,
O1/0365/4,,videos/sample_001459_O1__0365__4.pt,ok,0.6141776443,0.6292287111,0.5410856773,0.5330027416,average,0.6141776443,0.5410856773,
O1/0366/1,,videos/sample_001460_O1__0366__1.pt,ok,0.5383446217,0.5804644227,0.5837137201,0.5596383974,average,0.5383446217,0.5837137201,
O1/0366/2,,videos/sample_001461_O1__0366__2.pt,ok,0.5472732782,0.5925725698,0.5785251387,0.5529030718,average,0.5472732782,0.5785251387,
O1/0366/3,,videos/sample_001462_O1__0366__3.pt,ok,0.5475186706,0.5931564569,0.5783831905,0.5525803331,average,0.5475186706,0.5783831905,
O1/0366/4,,videos/sample_001463_O1__0366__4.pt,ok,0.5453277230,0.5983238220,0.5796517870,0.5497323135,average,0.5453277230,0.5796517870,
O1/0367/1,,videos/sample_001464_O1__0367__1.pt,ok,0.5951616764,0.6115291119,0.5514733984,0.5425206597,average,0.5951616764,0.5514733984,
O1/0367/2,,videos/sample_001465_O1__0367__2.pt,ok,0.5966608524,0.6124473810,0.5506472621,0.5420227084,average,0.5966608524,0.5506472621,
O1/0367/3,,videos/sample_001466_O1__0367__3.pt,ok,0.5953294039,0.6123268008,0.5513809089,0.5420880695,average,0.5953294039,0.5513809089,
O1/0367/4,,videos/sample_001467_O1__0367__4.pt,ok,0.5963362455,0.6125713587,0.5508260351,0.5419555138,average,0.5963362455,0.5508260351,
O1/0368/1,,videos/sample_001468_O1__0368__1.pt,ok,0.6257488728,0.6506077051,0.5348607359,0.5217286232,average,0.6257488728,0.5348607359,
O1/0368/2,,videos/sample_001469_O1__0368__2.pt,ok,0.6252131462,0.6493766904,0.5351473517,0.5223712743,average,0.6252131462,0.5351473517,
O1/0368/3,,videos/sample_001470_O1__0368__3.pt,ok,0.6243863106,0.6493766904,0.5355900136,0.5223712743,average,0.6243863106,0.5355900136,
O1/0368/4,,videos/sample_001471_O1__0368__4.pt,ok,0.6256396770,0.6506077051,0.5349191436,0.5217286232,average,0.6256396770,0.5349191436,
O1/0369/1,,videos/sample_001472_O1__0369__1.pt,ok,0.5753430128,0.5994107723,0.5625118869,0.5491351064,average,0.5753430128,0.5625118869,
O1/0369/2,,videos/sample_001473_O1__0369__2.pt,ok,0.5846941471,0.6075291634,0.5572762803,0.5446950603,average,0.5846941471,0.5572762803,
O1/0369/3,,videos/sample_001474_O1__0369__3.pt,ok,0.5817759633,0.6159279346,0.5589048901,0.5401394486,average,0.5817759633,0.5589048901,
O1/0369/4,,videos/sample_001475_O1__0369__4.pt,ok,0.5845412016,0.6092423201,0.5573615197,0.5437627111,average,0.5845412016,0.5573615197,
O1/0370/1,,videos/sample_001476_O1__0370__1.pt,ok,0.5485228300,0.5961855054,0.5778026931,0.5509090729,average,0.5485228300,0.5778026931,
O1/0370/2,,videos/sample_001477_O1__0370__2.pt,ok,0.5490106940,0.5847932100,0.5775208727,0.5572210776,average,0.5490106940,0.5775208727,
O1/0370/3,,videos/sample_001478_O1__0370__3.pt,ok,0.5463307500,0.5781641006,0.5790706721,0.5609272278,average,0.5463307500,0.5790706721,
O1/0370/4,,videos/sample_001479_O1__0370__4.pt,ok,0.5314544439,0.5499811172,0.5877494990,0.5769607049,average,0.5314544439,0.5877494990,
O1/0371/1,,videos/sample_001480_O1__0371__1.pt,ok,0.5613578558,0.6001181602,0.5704339707,0.5487467922,average,0.5613578558,0.5704339707,
O1/0371/2,,videos/sample_001481_O1__0371__2.pt,ok,0.5578181744,0.5978103876,0.5724567030,0.5500146374,average,0.5578181744,0.5724567030,
O1/0371/3,,videos/sample_001482_O1__0371__3.pt,ok,0.5622728467,0.6008121371,0.5699122675,0.5483661067,average,0.5622728467,0.5699122675,
O1/0371/4,,videos/sample_001483_O1__0371__4.pt,ok,0.5621876717,0.5999263525,0.5699608118,0.5488520562,average,0.5621876717,0.5699608118,
O1/0372/1,,videos/sample_001484_O1__0372__1.pt,ok,0.5417468548,0.5623118281,0.5817311644,0.5698900519,average,0.5417468548,0.5817311644,
O1/0372/2,,videos/sample_001485_O1__0372__2.pt,ok,0.5466551781,0.5787945390,0.5788828358,0.5605737092,average,0.5466551781,0.5788828358,
O1/0372/3,,videos/sample_001486_O1__0372__3.pt,ok,0.5492711067,0.5828822255,0.5773704985,0.5582869366,average,0.5492711067,0.5773704985,
O1/0372/4,,videos/sample_001487_O1__0372__4.pt,ok,0.5452680588,0.5661438107,0.5796863725,0.5677104220,average,0.5452680588,0.5796863725,
O1/0373/1,,videos/sample_001488_O1__0373__1.pt,ok,0.5489839315,0.5806027055,0.5775363288,0.5595610144,average,0.5489839315,0.5775363288,
O1/0373/2,,videos/sample_001489_O1__0373__2.pt,ok,0.5475775599,0.5891371369,0.5783491309,0.5548057997,average,0.5475775599,0.5783491309,
O1/0373/3,,videos/sample_001490_O1__0373__3.pt,ok,0.5308490396,0.5501308441,0.5881054329,0.5768743248,average,0.5308490396,0.5881054329,
O1/0373/4,,videos/sample_001491_O1__0373__4.pt,ok,0.5501631498,0.5867218375,0.5768556888,0.5561474414,average,0.5501631498,0.5768556888,
O1/0374/1,,videos/sample_001492_O1__0374__1.pt,ok,0.6135416627,0.6434635520,0.5414299073,0.5254692784,average,0.6135416627,0.5414299073,
O1/0374/2,,videos/sample_001493_O1__0374__2.pt,ok,0.6130017638,0.6439114213,0.5417223036,0.5252339896,average,0.6130017638,0.5417223036,
O1/0374/3,,videos/sample_001494_O1__0374__3.pt,ok,0.6115717888,0.6439114213,0.5424975071,0.5252339896,average,0.6115717888,0.5424975071,
O1/0374/4,,videos/sample_001495_O1__0374__4.pt,ok,0.6131859422,0.6434635520,0.5416225393,0.5254692784,average,0.6131859422,0.5416225393,
O1/0375/1,,videos/sample_001496_O1__0375__1.pt,ok,0.6060093045,0.6254823804,0.5455235493,0.5350032912,average,0.6060093045,0.5455235493,
O1/0375/2,,videos/sample_001497_O1__0375__2.pt,ok,0.6067315936,0.6266186833,0.5451296659,0.5343957106,average,0.6067315936,0.5451296659,
O1/0375/3,,videos/sample_001498_O1__0375__3.pt,ok,0.6080619693,0.6266249418,0.5444049208,0.5343923661,average,0.6080619693,0.5444049208,
O1/0375/4,,videos/sample_001499_O1__0375__4.pt,ok,0.6080159545,0.6264255643,0.5444299721,0.5344989226,average,0.6080159545,0.5444299721,
O1/0376/1,,videos/sample_001500_O1__0376__1.pt,ok,0.6177818179,0.6300119758,0.5391390207,0.5325854229,average,0.6177818179,0.5391390207,
O1/0376/2,,videos/sample_001501_O1__0376__2.pt,ok,0.6165888309,0.6301045418,0.5397825904,0.5325361258,average,0.6165888309,0.5397825904,
O1/0376/3,,videos/sample_001502_O1__0376__3.pt,ok,0.6183696985,0.6300119758,0.5388221645,0.5325854229,average,0.6183696985,0.5388221645,
O1/0376/4,,videos/sample_001503_O1__0376__4.pt,ok,0.6177069545,0.6301045418,0.5391793840,0.5325361258,average,0.6177069545,0.5391793840,
O1/0377/1,,videos/sample_001504_O1__0377__1.pt,ok,0.5499158502,0.5924487114,0.5769983627,0.5529715578,average,0.5499158502,0.5769983627,
O1/0377/2,,videos/sample_001505_O1__0377__2.pt,ok,0.5472722054,0.5950787663,0.5785257594,0.5515191230,average,0.5472722054,0.5785257594,
O1/0377/3,,videos/sample_001506_O1__0377__3.pt,ok,0.5506662130,0.5950787663,0.5765655669,0.5515191230,average,0.5506662130,0.5765655669,
O1/0377/4,,videos/sample_001507_O1__0377__4.pt,ok,0.5428305864,0.5898967981,0.5811010654,0.5543844953,average,0.5428305864,0.5811010654,
O1/0378/1,,videos/sample_001508_O1__0378__1.pt,ok,0.6100980043,0.6258341670,0.5432976209,0.5348151173,average,0.6100980043,0.5432976209,
O1/0378/2,,videos/sample_001509_O1__0378__2.pt,ok,0.6087580323,0.6249486208,0.5440261125,0.5352889305,average,0.6087580323,0.5440261125,
O1/0378/3,,videos/sample_001510_O1__0378__3.pt,ok,0.6087460518,0.6251250505,0.5440326303,0.5351944980,average,0.6087460518,0.5440326303,
O1/0378/4,,videos/sample_001511_O1__0378__4.pt,ok,0.6072455645,0.6248469949,0.5448495571,0.5353433325,average,0.6072455645,0.5448495571,
O1/0379/1,,videos/sample_001512_O1__0379__1.pt,ok,0.5852668285,0.6062407494,0.5569572299,0.5453973053,average,0.5852668285,0.5569572299,
O1/0379/2,,videos/sample_001513_O1__0379__2.pt,ok,0.5834734440,0.6026397943,0.5579569646,0.5473647968,average,0.5834734440,0.5579569646,
O1/0379/3,,videos/sample_001514_O1__0379__3.pt,ok,0.5846242905,0.6052203178,0.5573152111,0.5459541300,average,0.5846242905,0.5573152111,
O1/0379/4,,videos/sample_001515_O1__0379__4.pt,ok,0.5846003890,0.6035166383,0.5573285319,0.5468850536,average,0.5846003890,0.5573285319,
O1/0380/1,,videos/sample_001516_O1__0380__1.pt,ok,0.6126624346,0.6278920770,0.5419061570,0.5337156476,average,0.6126624346,0.5419061570,
O1/0380/2,,videos/sample_001517_O1__0380__2.pt,ok,0.6142675281,0.6289189458,0.5410370447,0.5331678729,average,0.6142675281,0.5410370447,
O1/0380/3,,videos/sample_001518_O1__0380__3.pt,ok,0.6148046851,0.6320586801,0.5407465008,0.5314964927,average,0.6148046851,0.5407465008,
O1/0380/4,,videos/sample_001519_O1__0380__4.pt,ok,0.6136246920,0.6317114830,0.5413849546,0.5316810588,average,0.6136246920,0.5413849546,
O1/0381/1,,videos/sample_001520_O1__0381__1.pt,ok,0.5473513603,0.5785901546,0.5784799681,0.5606882934,average,0.5473513603,0.5784799681,
O1/0381/2,,videos/sample_001521_O1__0381__2.pt,ok,0.5455763936,0.5664550066,0.5795076625,0.5675337803,average,0.5455763936,0.5795076625,
O1/0381/3,,videos/sample_001522_O1__0381__3.pt,ok,0.5449059606,0.5647817850,0.5798963139,0.5684841850,average,0.5449059606,0.5798963139,
O1/0381/4,,videos/sample_001523_O1__0381__4.pt,ok,0.5468221903,0.5754327178,0.5787861633,0.5624614291,average,0.5468221903,0.5787861633,
O1/0382/1,,videos/sample_001524_O1__0382__1.pt,ok,0.5699402094,0.5940750241,0.5655592528,0.5520729840,average,0.5699402094,0.5655592528,
O1/0382/2,,videos/sample_001525_O1__0382__2.pt,ok,0.5688559413,0.5940750241,0.5661728032,0.5520729840,average,0.5688559413,0.5661728032,
O1/0382/3,,videos/sample_001526_O1__0382__3.pt,ok,0.5697014332,0.5941897035,0.5656943110,0.5520096762,average,0.5697014332,0.5656943110,
O1/0382/4,,videos/sample_001527_O1__0382__4.pt,ok,0.5706595778,0.5941897035,0.5651525536,0.5520096762,average,0.5706595778,0.5651525536,
O1/0383/1,,videos/sample_001528_O1__0383__1.pt,ok,0.5573091507,0.5917026401,0.5727481712,0.5533842679,average,0.5573091507,0.5727481712,
O1/0383/2,,videos/sample_001529_O1__0383__2.pt,ok,0.5605307221,0.5949007273,0.5709059910,0.5516173237,average,0.5605307221,0.5709059910,
O1/0383/3,,videos/sample_001530_O1__0383__3.pt,ok,0.5595053434,0.5918467045,0.5714916861,0.5533045507,average,0.5595053434,0.5714916861,
O1/0383/4,,videos/sample_001531_O1__0383__4.pt,ok,0.5609446168,0.5942724943,0.5706697449,0.5519639768,average,0.5609446168,0.5706697449,
O1/0384/1,,videos/sample_001532_O1__0384__1.pt,ok,0.5252895951,0.5476471782,0.5913840776,0.5783088687,average,0.5252895951,0.5913840776,
O1/0384/2,,videos/sample_001533_O1__0384__2.pt,ok,0.5369383693,0.5802255273,0.5845351463,0.5597721084,average,0.5369383693,0.5845351463,
O1/0384/3,,videos/sample_001534_O1__0384__3.pt,ok,0.5345094800,0.5725670457,0.5859566431,0.5640755708,average,0.5345094800,0.5859566431,
O1/0384/4,,videos/sample_001535_O1__0384__4.pt,ok,0.5366593599,0.5710407495,0.5846982599,0.5649371745,average,0.5366593599,0.5846982599,
O1/0385/1,,videos/sample_001536_O1__0385__1.pt,ok,0.5505257249,0.5798849463,0.5766465732,0.5599627886,average,0.5505257249,0.5766465732,
O1/0385/2,,videos/sample_001537_O1__0385__2.pt,ok,0.5403939486,0.5605321527,0.5825187248,0.5709051743,average,0.5403939486,0.5825187248,
O1/0385/3,,videos/sample_001538_O1__0385__3.pt,ok,0.5492148995,0.5776321888,0.5774029518,0.5612256710,average,0.5492148995,0.5774029518,
O1/0385/4,,videos/sample_001539_O1__0385__4.pt,ok,0.5463251472,0.5813027620,0.5790739165,0.5591694272,average,0.5463251472,0.5790739165,
O1/0386/1,,videos/sample_001540_O1__0386__1.pt,ok,0.6200478077,0.6511934996,0.5379187203,0.5214230870,average,0.6200478077,0.5379187203,
O1/0386/2,,videos/sample_001541_O1__0386__2.pt,ok,0.6192588210,0.6511934996,0.5383432985,0.5214230870,average,0.6192588210,0.5383432985,
O1/0386/3,,videos/sample_001542_O1__0386__3.pt,ok,0.6176086664,0.6501362324,0.5392323815,0.5219746621,average,0.6176086664,0.5392323815,
O1/0386/4,,videos/sample_001543_O1__0386__4.pt,ok,0.6195858121,0.6501362324,0.5381672938,0.5219746621,average,0.6195858121,0.5381672938,
O1/0387/1,,videos/sample_001544_O1__0387__1.pt,ok,0.5773071051,0.5983445048,0.5614081460,0.5497209436,average,0.5773071051,0.5614081460,
O1/0387/2,,videos/sample_001545_O1__0387__2.pt,ok,0.5781770349,0.6000979543,0.5609199727,0.5487578803,average,0.5781770349,0.5609199727,
O1/0387/3,,videos/sample_001546_O1__0387__3.pt,ok,0.5789483190,0.5985059738,0.5604875108,0.5496321879,average,0.5789483190,0.5604875108,
O1/0387/4,,videos/sample_001547_O1__0387__4.pt,ok,0.5791424513,0.6021223068,0.5603787126,0.5476481245,average,0.5791424513,0.5603787126,
O1/0388/1,,videos/sample_001548_O1__0388__1.pt,ok,0.5512677431,0.5913780928,0.5762188497,0.5535638964,average,0.5512677431,0.5762188497,
O1/0388/2,,videos/sample_001549_O1__0388__2.pt,ok,0.5503711700,0.5861721039,0.5767357036,0.5564532584,average,0.5503711700,0.5767357036,
O1/0388/3,,videos/sample_001550_O1__0388__3.pt,ok,0.5403939486,0.5605321527,0.5825187248,0.5709051743,average,0.5403939486,0.5825187248,
O1/0388/4,,videos/sample_001551_O1__0388__4.pt,ok,0.5547304749,0.5895520449,0.5742270089,0.5545756541,average,0.5547304749,0.5742270089,
O1/0389/1,,videos/sample_001552_O1__0389__1.pt,ok,0.5472480059,0.5677077770,0.5785397596,0.5668232360,average,0.5472480059,0.5785397596,
O1/0389/2,,videos/sample_001553_O1__0389__2.pt,ok,0.5415142775,0.5612249970,0.5818664776,0.5705097628,average,0.5415142775,0.5818664776,
O1/0389/3,,videos/sample_001554_O1__0389__3.pt,ok,0.5429504514,0.5687069893,0.5810314160,0.5662571421,average,0.5429504514,0.5810314160,
O1/0389/4,,videos/sample_001555_O1__0389__4.pt,ok,0.5484221578,0.5737590194,0.5778608647,0.5634036081,average,0.5484221578,0.5778608647,
O1/0390/1,,videos/sample_001556_O1__0390__1.pt,ok,0.5474789143,0.5850631595,0.5784061854,0.5570706764,average,0.5474789143,0.5784061854,
O1/0390/2,,videos/sample_001557_O1__0390__2.pt,ok,0.5541318059,0.6008674502,0.5745708838,0.5483357757,average,0.5541318059,0.5745708838,
O1/0390/3,,videos/sample_001558_O1__0390__3.pt,ok,0.5518181920,0.5928223133,0.5759017579,0.5527650051,average,0.5518181920,0.5759017579,
O1/0390/4,,videos/sample_001559_O1__0390__4.pt,ok,0.5544950366,0.5952423215,0.5743622199,0.5514289266,average,0.5544950366,0.5743622199,
O1/0391/1,,videos/sample_001560_O1__0391__1.pt,ok,0.5396159291,0.5856123567,0.5829721120,0.5567648188,average,0.5396159291,0.5829721120,
O1/0391/2,,videos/sample_001561_O1__0391__2.pt,ok,0.5438545346,0.5869302154,0.5805063526,0.5560315647,average,0.5438545346,0.5805063526,
O1/0391/3,,videos/sample_001562_O1__0391__3.pt,ok,0.5423053503,0.5894593000,0.5814063609,0.5546270905,average,0.5423053503,0.5814063609,
O1/0391/4,,videos/sample_001563_O1__0391__4.pt,ok,0.5344046354,0.5741168857,0.5860180807,0.5632020210,average,0.5344046354,0.5860180807,
O1/0392/1,,videos/sample_001564_O1__0392__1.pt,ok,0.5500087142,0.5779384375,0.5769447827,0.5610538227,average,0.5500087142,0.5769447827,
O1/0392/2,,videos/sample_001565_O1__0392__2.pt,ok,0.5606769323,0.5972768664,0.5708225248,0.5503081602,average,0.5606769323,0.5708225248,
O1/0392/3,,videos/sample_001566_O1__0392__3.pt,ok,0.5610671639,0.5926812291,0.5705998153,0.5528429970,average,0.5610671639,0.5705998153,
O1/0392/4,,videos/sample_001567_O1__0392__4.pt,ok,0.5596222281,0.5859557390,0.5714248913,0.5565736684,average,0.5596222281,0.5714248913,
O1/0393/1,,videos/sample_001568_O1__0393__1.pt,ok,0.5665556192,0.6012701988,0.5674766821,0.5481149787,average,0.5665556192,0.5674766821,
O1/0393/2,,videos/sample_001569_O1__0393__2.pt,ok,0.5665946603,0.6012014151,0.5674545277,0.5481526814,average,0.5665946603,0.5674545277,
O1/0393/3,,videos/sample_001570_O1__0393__3.pt,ok,0.5600973964,0.5956506729,0.5711534329,0.5512037958,average,0.5600973964,0.5711534329,
O1/0393/4,,videos/sample_001571_O1__0393__4.pt,ok,0.5653517246,0.6029013395,0.5681602757,0.5472216549,average,0.5653517246,0.5681602757,
O1/0394/1,,videos/sample_001572_O1__0394__1.pt,ok,0.6156191826,0.6346107721,0.5403062435,0.5301417941,average,0.6156191826,0.5403062435,
O1/0394/2,,videos/sample_001573_O1__0394__2.pt,ok,0.6147792339,0.6343150139,0.5407602636,0.5302986111,average,0.6147792339,0.5407602636,
O1/0394/3,,videos/sample_001574_O1__0394__3.pt,ok,0.6167476177,0.6343150139,0.5396968868,0.5302986111,average,0.6167476177,0.5396968868,
O1/0394/4,,videos/sample_001575_O1__0394__4.pt,ok,0.6166922450,0.6346107721,0.5397267721,0.5301417941,average,0.6166922450,0.5397267721,
O1/0395/1,,videos/sample_001576_O1__0395__1.pt,ok,0.5558022261,0.5876215100,0.5736119101,0.5556473158,average,0.5558022261,0.5736119101,
O1/0395/2,,videos/sample_001577_O1__0395__2.pt,ok,0.5537190437,0.5876215100,0.5748080938,0.5556473158,average,0.5537190437,0.5748080938,
O1/0395/3,,videos/sample_001578_O1__0395__3.pt,ok,0.5602559447,0.5966125727,0.5710628846,0.5506738479,average,0.5602559447,0.5710628846,
O1/0395/4,,videos/sample_001579_O1__0395__4.pt,ok,0.5599167943,0.5966125727,0.5712565937,0.5506738479,average,0.5599167943,0.5712565937,
O1/0396/1,,videos/sample_001580_O1__0396__1.pt,ok,0.5414127707,0.5618028641,0.5819255440,0.5701801793,average,0.5414127707,0.5819255440,
O1/0396/2,,videos/sample_001581_O1__0396__2.pt,ok,0.5411063433,0.5615602732,0.5821038893,0.5703185166,average,0.5411063433,0.5821038893,
O1/0396/3,,videos/sample_001582_O1__0396__3.pt,ok,0.5436940789,0.5733001828,0.5805995056,0.5636621776,average,0.5436940789,0.5805995056,
O1/0396/4,,videos/sample_001583_O1__0396__4.pt,ok,0.5442641973,0.5764341354,0.5802685895,0.5618984522,average,0.5442641973,0.5802685895,
O1/0397/1,,videos/sample_001584_O1__0397__1.pt,ok,0.5485078096,0.5742437840,0.5778113720,0.5631305562,average,0.5485078096,0.5778113720,
O1/0397/2,,videos/sample_001585_O1__0397__2.pt,ok,0.5471131802,0.5734193325,0.5786177669,0.5635950214,average,0.5471131802,0.5786177669,
O1/0397/3,,videos/sample_001586_O1__0397__3.pt,ok,0.5474292636,0.5742437840,0.5784349043,0.5631305562,average,0.5474292636,0.5784349043,
O1/0397/4,,videos/sample_001587_O1__0397__4.pt,ok,0.5487270355,0.5753057599,0.5776847146,0.5625328425,average,0.5487270355,0.5776847146,
O1/0398/1,,videos/sample_001588_O1__0398__1.pt,ok,0.5853194594,0.6035922170,0.5569279175,0.5468437223,average,0.5853194594,0.5569279175,
O1/0398/2,,videos/sample_001589_O1__0398__2.pt,ok,0.5857158899,0.6037793756,0.5567071781,0.5467413854,average,0.5857158899,0.5567071781,
O1/0398/3,,videos/sample_001590_O1__0398__3.pt,ok,0.5846181512,0.6027019024,0.5573186326,0.5473308021,average,0.5846181512,0.5573186326,
O1/0398/4,,videos/sample_001591_O1__0398__4.pt,ok,0.5846465826,0.6037793756,0.5573027875,0.5467413854,average,0.5846465826,0.5573027875,
O1/0399/1,,videos/sample_001592_O1__0399__1.pt,ok,0.5507854819,0.5895273685,0.5764968047,0.5545893392,average,0.5507854819,0.5764968047,
O1/0399/2,,videos/sample_001593_O1__0399__2.pt,ok,0.5463151336,0.5853876472,0.5790797152,0.5568899432,average,0.5463151336,0.5790797152,
O1/0399/3,,videos/sample_001594_O1__0399__3.pt,ok,0.5495470166,0.5837332010,0.5772112183,0.5578120502,average,0.5495470166,0.5772112183,
O1/0399/4,,videos/sample_001595_O1__0399__4.pt,ok,0.5320522189,0.5509663820,0.5873982621,0.5763925258,average,0.5320522189,0.5873982621,
O1/0400/1,,videos/sample_001596_O1__0400__1.pt,ok,0.5379698277,0.5766440630,0.5839325335,0.5617805066,average,0.5379698277,0.5839325335,
O1/0400/2,,videos/sample_001597_O1__0400__2.pt,ok,0.5193404555,0.5430897474,0.5949127900,0.5809504862,average,0.5193404555,0.5949127900,
O1/0400/3,,videos/sample_001598_O1__0400__3.pt,ok,0.5381858349,0.5784322619,0.5838064135,0.5607768290,average,0.5381858349,0.5838064135,
O1/0400/4,,videos/sample_001599_O1__0400__4.pt,ok,0.5366397500,0.5833120346,0.5847097259,0.5580470313,average,0.5366397500,0.5847097259,
O1/0401/1,,videos/sample_001600_O1__0401__1.pt,ok,0.6302114129,0.6580299139,0.5324792161,0.5178705798,average,0.6302114129,0.5324792161,
O1/0401/2,,videos/sample_001601_O1__0401__2.pt,ok,0.6306247115,0.6562452316,0.5322591887,0.5187956395,average,0.6306247115,0.5322591887,
O1/0401/3,,videos/sample_001602_O1__0401__3.pt,ok,0.6289705634,0.6580299139,0.5331403528,0.5178705798,average,0.6289705634,0.5331403528,
O1/0401/4,,videos/sample_001603_O1__0401__4.pt,ok,0.6305424571,0.6562452316,0.5323029711,0.5187956395,average,0.6305424571,0.5323029711,
O1/0402/1,,videos/sample_001604_O1__0402__1.pt,ok,0.5864584446,0.6074516177,0.5562939460,0.5447373006,average,0.5864584446,0.5562939460,
O1/0402/2,,videos/sample_001605_O1__0402__2.pt,ok,0.5865883231,0.6080186963,0.5562217000,0.5444284793,average,0.5865883231,0.5562217000,
O1/0402/3,,videos/sample_001606_O1__0402__3.pt,ok,0.5857335925,0.6075094938,0.5566973230,0.5447057743,average,0.5857335925,0.5566973230,
O1/0402/4,,videos/sample_001607_O1__0402__4.pt,ok,0.5868162513,0.6068669558,0.5560949359,0.5450558809,average,0.5868162513,0.5560949359,
O1/0403/1,,videos/sample_001608_O1__0403__1.pt,ok,0.5453374982,0.5780002475,0.5796461208,0.5610191450,average,0.5453374982,0.5796461208,
O1/0403/2,,videos/sample_001609_O1__0403__2.pt,ok,0.5421031117,0.5731347799,0.5815239555,0.5637554167,average,0.5421031117,0.5815239555,
O1/0403/3,,videos/sample_001610_O1__0403__3.pt,ok,0.5409257412,0.5614455938,0.5822090279,0.5703839241,average,0.5409257412,0.5822090279,
O1/0403/4,,videos/sample_001611_O1__0403__4.pt,ok,0.5375129580,0.5577561259,0.5841993755,0.5724922241,average,0.5375129580,0.5841993755,
O1/0404/1,,videos/sample_001612_O1__0404__1.pt,ok,0.6140446663,0.6436349750,0.5411576346,0.5253792086,average,0.6140446663,0.5411576346,
O1/0404/2,,videos/sample_001613_O1__0404__2.pt,ok,0.6155238748,0.6452462077,0.5403577414,0.5245333820,average,0.6155238748,0.5403577414,
O1/0404/3,,videos/sample_001614_O1__0404__3.pt,ok,0.6146884561,0.6452462077,0.5408093549,0.5245333820,average,0.6146884561,0.5408093549,
O1/0404/4,,videos/sample_001615_O1__0404__4.pt,ok,0.6147968173,0.6436349750,0.5407507553,0.5253792086,average,0.6147968173,0.5407507553,
O1/0405/1,,videos/sample_001616_O1__0405__1.pt,ok,0.5659297705,0.6105287671,0.5678319479,0.5430636390,average,0.5659297705,0.5678319479,
O1/0405/2,,videos/sample_001617_O1__0405__2.pt,ok,0.5670207739,0.6041867733,0.5672127791,0.5465186896,average,0.5670207739,0.5672127791,
O1/0405/3,,videos/sample_001618_O1__0405__3.pt,ok,0.5602400899,0.5997159481,0.5710719388,0.5489675492,average,0.5602400899,0.5710719388,
O1/0405/4,,videos/sample_001619_O1__0405__4.pt,ok,0.5685449243,0.6083224416,0.5663489200,0.5442631369,average,0.5685449243,0.5663489200,
O1/0406/1,,videos/sample_001620_O1__0406__1.pt,ok,0.6161404252,0.6290853620,0.5400246862,0.5330791526,average,0.6161404252,0.5400246862,
O1/0406/2,,videos/sample_001621_O1__0406__2.pt,ok,0.6152390242,0.6298116446,0.5405116845,0.5326921270,average,0.6152390242,0.5405116845,
O1/0406/3,,videos/sample_001622_O1__0406__3.pt,ok,0.6158876419,0.6280474663,0.5401612127,0.5336327203,average,0.6158876419,0.5401612127,
O1/0406/4,,videos/sample_001623_O1__0406__4.pt,ok,0.6147374511,0.6312178373,0.5407828586,0.5319435856,average,0.6147374511,0.5407828586,
O1/0407/1,,videos/sample_001624_O1__0407__1.pt,ok,0.5455208421,0.5820679069,0.5795398560,0.5587417452,average,0.5455208421,0.5795398560,
O1/0407/2,,videos/sample_001625_O1__0407__2.pt,ok,0.5448972583,0.5773798823,0.5799013603,0.5613672897,average,0.5448972583,0.5799013603,
O1/0407/3,,videos/sample_001626_O1__0407__3.pt,ok,0.5418129563,0.5642245412,0.5816927124,0.5688010576,average,0.5418129563,0.5816927124,
O1/0407/4,,videos/sample_001627_O1__0407__4.pt,ok,0.5415699482,0.5634618402,0.5818340856,0.5692350482,average,0.5415699482,0.5818340856,
O1/0408/1,,videos/sample_001628_O1__0408__1.pt,ok,0.6139146090,0.6281708479,0.5412280207,0.5335668839,average,0.6139146090,0.5412280207,
O1/0408/2,,videos/sample_001629_O1__0408__2.pt,ok,0.6140322685,0.6272796988,0.5411643438,0.5340425835,average,0.6140322685,0.5411643438,
O1/0408/3,,videos/sample_001630_O1__0408__3.pt,ok,0.6127178669,0.6272796988,0.5418761187,0.5340425835,average,0.6127178669,0.5418761187,
O1/0408/4,,videos/sample_001631_O1__0408__4.pt,ok,0.6125177741,0.6281708479,0.5419845551,0.5335668839,average,0.6125177741,0.5419845551,
O1/0409/1,,videos/sample_001632_O1__0409__1.pt,ok,0.5716995001,0.6123102307,0.5645651444,0.5420970521,average,0.5716995001,0.5645651444,
O1/0409/2,,videos/sample_001633_O1__0409__2.pt,ok,0.5717225671,0.6111223698,0.5645521217,0.5427413706,average,0.5717225671,0.5645521217,
O1/0409/3,,videos/sample_001634_O1__0409__3.pt,ok,0.5668638945,0.6140926480,0.5673017701,0.5411316695,average,0.5668638945,0.5673017701,
O1/0409/4,,videos/sample_001635_O1__0409__4.pt,ok,0.5577185154,0.5980948806,0.5725137563,0.5498581844,average,0.5577185154,0.5725137563,
O1/0410/1,,videos/sample_001636_O1__0410__1.pt,ok,0.5365446806,0.5741356015,0.5847653165,0.5631914803,average,0.5365446806,0.5847653165,
O1/0410/2,,videos/sample_001637_O1__0410__2.pt,ok,0.5217278004,0.5450794101,0.5934942220,0.5797957399,average,0.5217278004,0.5934942220,
O1/0410/3,,videos/sample_001638_O1__0410__3.pt,ok,0.5376387835,0.5813491344,0.5841258730,0.5591434977,average,0.5376387835,0.5841258730,
O1/0410/4,,videos/sample_001639_O1__0410__4.pt,ok,0.5299077630,0.5686989427,0.5886592633,0.5662616986,average,0.5299077630,0.5886592633,
O1/0411/1,,videos/sample_001640_O1__0411__1.pt,ok,0.6149238944,0.6436996460,0.5406820427,0.5253452329,average,0.6149238944,0.5406820427,
O1/0411/2,,videos/sample_001641_O1__0411__2.pt,ok,0.6165721416,0.6433039308,0.5397915990,0.5255531612,average,0.6165721416,0.5397915990,
O1/0411/3,,videos/sample_001642_O1__0411__3.pt,ok,0.6131730080,0.6436996460,0.5416295448,0.5253452329,average,0.6131730080,0.5416295448,
O1/0411/4,,videos/sample_001643_O1__0411__4.pt,ok,0.6167815328,0.6433039308,0.5396785833,0.5255531612,average,0.6167815328,0.5396785833,
O1/0412/1,,videos/sample_001644_O1__0412__1.pt,ok,0.5603470206,0.5832028389,0.5710108769,0.5581079710,average,0.5603470206,0.5710108769,
O1/0412/2,,videos/sample_001645_O1__0412__2.pt,ok,0.5608193874,0.5832028389,0.5707412140,0.5581079710,average,0.5608193874,0.5707412140,
O1/0412/3,,videos/sample_001646_O1__0412__3.pt,ok,0.5609378219,0.5834814310,0.5706736226,0.5579525082,average,0.5609378219,0.5706736226,
O1/0412/4,,videos/sample_001647_O1__0412__4.pt,ok,0.5614441633,0.5834814310,0.5703847400,0.5579525082,average,0.5614441633,0.5703847400,
O1/0413/1,,videos/sample_001648_O1__0413__1.pt,ok,0.6167656183,0.6288316846,0.5396871720,0.5332143998,average,0.6167656183,0.5396871720,
O1/0413/2,,videos/sample_001649_O1__0413__2.pt,ok,0.6167089939,0.6295000315,0.5397177324,0.5328581467,average,0.6167089939,0.5397177324,
O1/0413/3,,videos/sample_001650_O1__0413__3.pt,ok,0.6159937978,0.6287975907,0.5401038745,0.5332325795,average,0.6159937978,0.5401038745,
O1/0413/4,,videos/sample_001651_O1__0413__4.pt,ok,0.6176586151,0.6295000315,0.5392054483,0.5328581467,average,0.6176586151,0.5392054483,
O1/0414/1,,videos/sample_001652_O1__0414__1.pt,ok,0.5506868362,0.5711148381,0.5765536764,0.5648953207,average,0.5506868362,0.5765536764,
O1/0414/2,,videos/sample_001653_O1__0414__2.pt,ok,0.5475673676,0.5754413605,0.5783550257,0.5624565679,average,0.5475673676,0.5783550257,
O1/0414/3,,videos/sample_001654_O1__0414__3.pt,ok,0.5506061316,0.5750038624,0.5766002089,0.5627026954,average,0.5506061316,0.5766002089,
O1/0414/4,,videos/sample_001655_O1__0414__4.pt,ok,0.5473781824,0.5669391751,0.5784644522,0.5672590648,average,0.5473781824,0.5784644522,
O1/0415/1,,videos/sample_001656_O1__0415__1.pt,ok,0.5655097961,0.5878244638,0.5680704728,0.5555345565,average,0.5655097961,0.5680704728,
O1/0415/2,,videos/sample_001657_O1__0415__2.pt,ok,0.5655522943,0.5877597332,0.5680463314,0.5555705178,average,0.5655522943,0.5680463314,
O1/0415/3,,videos/sample_001658_O1__0415__3.pt,ok,0.5672450066,0.5931932926,0.5670856057,0.5525599788,average,0.5672450066,0.5670856057,
O1/0415/4,,videos/sample_001659_O1__0415__4.pt,ok,0.5664228797,0.5904703140,0.5675520137,0.5540666381,average,0.5664228797,0.5675520137,
O1/0416/1,,videos/sample_001660_O1__0416__1.pt,ok,0.5613681078,0.5975956321,0.5704281226,0.5501327688,average,0.5613681078,0.5704281226,
O1/0416/2,,videos/sample_001661_O1__0416__2.pt,ok,0.5616316199,0.5969910026,0.5702778277,0.5504654959,average,0.5616316199,0.5702778277,
O1/0416/3,,videos/sample_001662_O1__0416__3.pt,ok,0.5593004823,0.5981608629,0.5716087745,0.5498219046,average,0.5593004823,0.5716087745,
O1/0416/4,,videos/sample_001663_O1__0416__4.pt,ok,0.5568121672,0.5915702581,0.5730328883,0.5534575309,average,0.5568121672,0.5730328883,
O1/0417/1,,videos/sample_001664_O1__0417__1.pt,ok,0.5684575438,0.6087555885,0.5663984100,0.5440274420,average,0.5684575438,0.5663984100,
O1/0417/2,,videos/sample_001665_O1__0417__2.pt,ok,0.5627889037,0.5960999727,0.5696182361,0.5509561956,average,0.5627889037,0.5696182361,
O1/0417/3,,videos/sample_001666_O1__0417__3.pt,ok,0.5666943789,0.5994878411,0.5673979447,0.5490927868,average,0.5666943789,0.5673979447,
O1/0417/4,,videos/sample_001667_O1__0417__4.pt,ok,0.5669600368,0.6029932499,0.5672472310,0.5471713618,average,0.5669600368,0.5672472310,
O1/0418/1,,videos/sample_001668_O1__0418__1.pt,ok,0.6231741309,0.6475459933,0.5362396386,0.5233284538,average,0.6231741309,0.5362396386,
O1/0418/2,,videos/sample_001669_O1__0418__2.pt,ok,0.6221703291,0.6462481618,0.5367781872,0.5240080869,average,0.6221703291,0.5367781872,
O1/0418/3,,videos/sample_001670_O1__0418__3.pt,ok,0.6223797798,0.6475459933,0.5366657704,0.5233284538,average,0.6223797798,0.5366657704,
O1/0418/4,,videos/sample_001671_O1__0418__4.pt,ok,0.6231554151,0.6462481618,0.5362496749,0.5240080869,average,0.6231554151,0.5362496749,
O1/0419/1,,videos/sample_001672_O1__0419__1.pt,ok,0.6165969372,0.6455596685,0.5397782148,0.5243689871,average,0.6165969372,0.5397782148,
O1/0419/2,,videos/sample_001673_O1__0419__2.pt,ok,0.6173501611,0.6475452185,0.5393717940,0.5233288593,average,0.6173501611,0.5393717940,
O1/0419/3,,videos/sample_001674_O1__0419__3.pt,ok,0.6173895597,0.6475452185,0.5393505439,0.5233288593,average,0.6173895597,0.5393505439,
O1/0419/4,,videos/sample_001675_O1__0419__4.pt,ok,0.6147823334,0.6455596685,0.5407585876,0.5243689871,average,0.6147823334,0.5407585876,
O1/0420/1,,videos/sample_001676_O1__0420__1.pt,ok,0.5498254299,0.5878481865,0.5770505373,0.5555213779,average,0.5498254299,0.5770505373,
O1/0420/2,,videos/sample_001677_O1__0420__2.pt,ok,0.5493798852,0.5893373489,0.5773076965,0.5546947320,average,0.5493798852,0.5773076965,
O1/0420/3,,videos/sample_001678_O1__0420__3.pt,ok,0.5403929949,0.5789819956,0.5825192803,0.5604686358,average,0.5403929949,0.5825192803,
O1/0420/4,,videos/sample_001679_O1__0420__4.pt,ok,0.5465810895,0.5822697878,0.5789257260,0.5586289573,average,0.5465810895,0.5789257260,
O1/0421/1,,videos/sample_001680_O1__0421__1.pt,ok,0.5508046150,0.5817144513,0.5764857746,0.5589392705,average,0.5508046150,0.5764857746,
O1/0421/2,,videos/sample_001681_O1__0421__2.pt,ok,0.5494347811,0.5760118961,0.5772760055,0.5621357579,average,0.5494347811,0.5772760055,
O1/0421/3,,videos/sample_001682_O1__0421__3.pt,ok,0.5508449078,0.5780275464,0.5764625469,0.5610038300,average,0.5508449078,0.5764625469,
O1/0421/4,,videos/sample_001683_O1__0421__4.pt,ok,0.5487705469,0.5741407871,0.5776595793,0.5631885598,average,0.5487705469,0.5776595793,
O1/0422/1,,videos/sample_001684_O1__0422__1.pt,ok,0.5234103203,0.5468607545,0.5924964958,0.5787638433,average,0.5234103203,0.5924964958,
O1/0422/2,,videos/sample_001685_O1__0422__2.pt,ok,0.5356963873,0.5718798637,0.5852615795,0.5644633266,average,0.5356963873,0.5852615795,
O1/0422/3,,videos/sample_001686_O1__0422__3.pt,ok,0.5306024551,0.5737872124,0.5882504684,0.5633877243,average,0.5306024551,0.5882504684,
O1/0422/4,,videos/sample_001687_O1__0422__4.pt,ok,0.5315322280,0.5541748405,0.5877037833,0.5745461579,average,0.5315322280,0.5877037833,
O1/0423/1,,videos/sample_001688_O1__0423__1.pt,ok,0.6178250313,0.6517147422,0.5391157232,0.5211513699,average,0.6178250313,0.5391157232,
O1/0423/2,,videos/sample_001689_O1__0423__2.pt,ok,0.6185647249,0.6508756876,0.5387170902,0.5215888278,average,0.6185647249,0.5387170902,
O1/0423/3,,videos/sample_001690_O1__0423__3.pt,ok,0.6178366542,0.6508756876,0.5391094572,0.5215888278,average,0.6178366542,0.5391094572,
O1/0423/4,,videos/sample_001691_O1__0423__4.pt,ok,0.6167870760,0.6517147422,0.5396755917,0.5211513699,average,0.6167870760,0.5396755917,
O1/0424/1,,videos/sample_001692_O1__0424__1.pt,ok,0.5396687984,0.5612589717,0.5829412915,0.5704903803,average,0.5396687984,0.5829412915,
O1/0424/2,,videos/sample_001693_O1__0424__2.pt,ok,0.5489666462,0.5838192105,0.5775463118,0.5577640751,average,0.5489666462,0.5775463118,
O1/0424/3,,videos/sample_001694_O1__0424__3.pt,ok,0.5510729551,0.5826963186,0.5763311011,0.5583907356,average,0.5510729551,0.5763311011,
O1/0424/4,,videos/sample_001695_O1__0424__4.pt,ok,0.5500978827,0.5792672038,0.5768933397,0.5603088083,average,0.5500978827,0.5768933397,
O1/0425/1,,videos/sample_001696_O1__0425__1.pt,ok,0.6189273000,0.6463642120,0.5385218002,0.5239472791,average,0.6189273000,0.5385218002,
O1/0425/2,,videos/sample_001697_O1__0425__2.pt,ok,0.6170102954,0.6456397772,0.5395551391,0.5243269823,average,0.6170102954,0.5395551391,
O1/0425/3,,videos/sample_001698_O1__0425__3.pt,ok,0.6191642284,0.6456397772,0.5383942242,0.5243269823,average,0.6191642284,0.5383942242,
O1/0425/4,,videos/sample_001699_O1__0425__4.pt,ok,0.6184066534,0.6463642120,0.5388022527,0.5239472791,average,0.6184066534,0.5388022527,
O1/0426/1,,videos/sample_001700_O1__0426__1.pt,ok,0.5693905950,0.5929763913,0.5658701778,0.5526798428,average,0.5693905950,0.5658701778,
O1/0426/2,,videos/sample_001701_O1__0426__2.pt,ok,0.5697994232,0.5918298960,0.5656388813,0.5533138510,average,0.5697994232,0.5656388813,
O1/0426/3,,videos/sample_001702_O1__0426__3.pt,ok,0.5688158870,0.5918298960,0.5661954814,0.5533138510,average,0.5688158870,0.5661954814,
O1/0426/4,,videos/sample_001703_O1__0426__4.pt,ok,0.5702365041,0.5929763913,0.5653917054,0.5526798428,average,0.5702365041,0.5653917054,
O1/0427/1,,videos/sample_001704_O1__0427__1.pt,ok,0.5590503216,0.5958932042,0.5717517864,0.5510701278,average,0.5590503216,0.5717517864,
O1/0427/2,,videos/sample_001705_O1__0427__2.pt,ok,0.5503893495,0.5892105103,0.5767252190,0.5547650932,average,0.5503893495,0.5767252190,
O1/0427/3,,videos/sample_001706_O1__0427__3.pt,ok,0.5605260730,0.5985571146,0.5709086452,0.5496040800,average,0.5605260730,0.5709086452,
O1/0427/4,,videos/sample_001707_O1__0427__4.pt,ok,0.5575692058,0.6010622978,0.5725992445,0.5482289442,average,0.5575692058,0.5725992445,
O1/0428/1,,videos/sample_001708_O1__0428__1.pt,ok,0.6148844361,0.6274170280,0.5407033775,0.5339692489,average,0.6148844361,0.5407033775,
O1/0428/2,,videos/sample_001709_O1__0428__2.pt,ok,0.6163163185,0.6297979355,0.5399297079,0.5326994298,average,0.6163163185,0.5399297079,
O1/0428/3,,videos/sample_001710_O1__0428__3.pt,ok,0.6141353250,0.6288586259,0.5411085762,0.5332000345,average,0.6141353250,0.5411085762,
O1/0428/4,,videos/sample_001711_O1__0428__4.pt,ok,0.6157832146,0.6272807121,0.5402176233,0.5340420424,average,0.6157832146,0.5402176233,
O1/0429/1,,videos/sample_001712_O1__0429__1.pt,ok,0.6174231172,0.6305578351,0.5393324450,0.5322947855,average,0.6174231172,0.5393324450,
O1/0429/2,,videos/sample_001713_O1__0429__2.pt,ok,0.6165959239,0.6296784878,0.5397787617,0.5327630633,average,0.6165959239,0.5397787617,
O1/0429/3,,videos/sample_001714_O1__0429__3.pt,ok,0.6155933738,0.6306803226,0.5403201883,0.5322295900,average,0.6155933738,0.5403201883,
O1/0429/4,,videos/sample_001715_O1__0429__4.pt,ok,0.6172203422,0.6299971938,0.5394418192,0.5325932956,average,0.6172203422,0.5394418192,
O1/0430/1,,videos/sample_001716_O1__0430__1.pt,ok,0.6117085218,0.6257626414,0.5424233348,0.5348533716,average,0.6117085218,0.5424233348,
O1/0430/2,,videos/sample_001717_O1__0430__2.pt,ok,0.6097528934,0.6274873614,0.5434851512,0.5339316943,average,0.6097528934,0.5434851512,
O1/0430/3,,videos/sample_001718_O1__0430__3.pt,ok,0.6102684736,0.6256421804,0.5432050133,0.5349178044,average,0.6102684736,0.5432050133,
O1/0430/4,,videos/sample_001719_O1__0430__4.pt,ok,0.6114867926,0.6288071871,0.5425436193,0.5332274624,average,0.6114867926,0.5425436193,
O1/0431/1,,videos/sample_001720_O1__0431__1.pt,ok,0.6098837256,0.6410543323,0.5434140505,0.5267367756,average,0.6098837256,0.5434140505,
O1/0431/2,,videos/sample_001721_O1__0431__2.pt,ok,0.6100982428,0.6410543323,0.5432974914,0.5267367756,average,0.6100982428,0.5432974914,
O1/0431/3,,videos/sample_001722_O1__0431__3.pt,ok,0.6089358926,0.6418960690,0.5439293605,0.5262935884,average,0.6089358926,0.5439293605,
O1/0431/4,,videos/sample_001723_O1__0431__4.pt,ok,0.6101001501,0.6418960690,0.5432964552,0.5262935884,average,0.6101001501,0.5432964552,
O1/0432/1,,videos/sample_001724_O1__0432__1.pt,ok,0.6124342680,0.6269426346,0.5420298160,0.5342226205,average,0.6124342680,0.5420298160,
O1/0432/2,,videos/sample_001725_O1__0432__2.pt,ok,0.6134856343,0.6269426346,0.5414602436,0.5342226205,average,0.6134856343,0.5414602436,
O1/0432/3,,videos/sample_001726_O1__0432__3.pt,ok,0.6138822436,0.6267971992,0.5412455380,0.5343003210,average,0.6138822436,0.5412455380,
O1/0432/4,,videos/sample_001727_O1__0432__4.pt,ok,0.6130976677,0.6267971992,0.5416703528,0.5343003210,average,0.6130976677,0.5416703528,
O1/0433/1,,videos/sample_001728_O1__0433__1.pt,ok,0.6203743219,0.6380178928,0.5377431109,0.5283386106,average,0.6203743219,0.5377431109,
O1/0433/2,,videos/sample_001729_O1__0433__2.pt,ok,0.6219189763,0.6380178928,0.5369131248,0.5283386106,average,0.6219189763,0.5369131248,
O1/0433/3,,videos/sample_001730_O1__0433__3.pt,ok,0.6207055449,0.6380032301,0.5375650275,0.5283463576,average,0.6207055449,0.5375650275,
O1/0433/4,,videos/sample_001731_O1__0433__4.pt,ok,0.6219363213,0.6380032301,0.5369038122,0.5283463576,average,0.6219363213,0.5369038122,
O1/0434/1,,videos/sample_001732_O1__0434__1.pt,ok,0.5791785121,0.5978298187,0.5603585053,0.5500039501,average,0.5791785121,0.5603585053,
O1/0434/2,,videos/sample_001733_O1__0434__2.pt,ok,0.5793666244,0.5978298187,0.5602531049,0.5500039501,average,0.5793666244,0.5602531049,
O1/0434/3,,videos/sample_001734_O1__0434__3.pt,ok,0.5783205032,0.5963275433,0.5608395042,0.5508308285,average,0.5783205032,0.5608395042,
O1/0434/4,,videos/sample_001735_O1__0434__4.pt,ok,0.5784459710,0.5963275433,0.5607691413,0.5508308285,average,0.5784459710,0.5607691413,
O1/0435/1,,videos/sample_001736_O1__0435__1.pt,ok,0.6194436550,0.6500322819,0.5382438036,0.5220289244,average,0.6194436550,0.5382438036,
O1/0435/2,,videos/sample_001737_O1__0435__2.pt,ok,0.6193923950,0.6517536640,0.5382713946,0.5211310861,average,0.6193923950,0.5382713946,
O1/0435/3,,videos/sample_001738_O1__0435__3.pt,ok,0.6190320849,0.6500322819,0.5384653742,0.5220289244,average,0.6190320849,0.5384653742,
O1/0435/4,,videos/sample_001739_O1__0435__4.pt,ok,0.6188880205,0.6517536640,0.5385429535,0.5211310861,average,0.6188880205,0.5385429535,
O1/0436/1,,videos/sample_001740_O1__0436__1.pt,ok,0.5680651665,0.5815966129,0.5666206955,0.5590051389,average,0.5680651665,0.5666206955,
O1/0436/2,,videos/sample_001741_O1__0436__2.pt,ok,0.5684916377,0.5863090754,0.5663790996,0.5563770454,average,0.5684916377,0.5663790996,
O1/0436/3,,videos/sample_001742_O1__0436__3.pt,ok,0.5655403733,0.5791992545,0.5680531031,0.5603468822,average,0.5655403733,0.5680531031,
O1/0436/4,,videos/sample_001743_O1__0436__4.pt,ok,0.5688290596,0.5903564095,0.5661880231,0.5541297524,average,0.5688290596,0.5661880231,
O1/0437/1,,videos/sample_001744_O1__0437__1.pt,ok,0.5574505329,0.5882763267,0.5726672005,0.5552835878,average,0.5574505329,0.5726672005,
O1/0437/2,,videos/sample_001745_O1__0437__2.pt,ok,0.5576081872,0.6041743755,0.5725769242,0.5465254652,average,0.5576081872,0.5725769242,
O1/0437/3,,videos/sample_001746_O1__0437__3.pt,ok,0.5498543978,0.5816691518,0.5770338217,0.5589645907,average,0.5498543978,0.5770338217,
O1/0437/4,,videos/sample_001747_O1__0437__4.pt,ok,0.5598795414,0.5932242274,0.5712778750,0.5525428857,average,0.5598795414,0.5712778750,
O1/0438/1,,videos/sample_001748_O1__0438__1.pt,ok,0.5572296977,0.5916839242,0.5727936795,0.5533946251,average,0.5572296977,0.5727936795,
O1/0438/2,,videos/sample_001749_O1__0438__2.pt,ok,0.5494449735,0.5802659988,0.5772701217,0.5597494541,average,0.5494449735,0.5772701217,
O1/0438/3,,videos/sample_001750_O1__0438__3.pt,ok,0.5547395349,0.5967722535,0.5742218065,0.5505859229,average,0.5547395349,0.5742218065,
O1/0438/4,,videos/sample_001751_O1__0438__4.pt,ok,0.5555455089,0.5880683064,0.5737591851,0.5553991101,average,0.5555455089,0.5737591851,
O1/0439/1,,videos/sample_001752_O1__0439__1.pt,ok,0.5597116351,0.5979664922,0.5713738042,0.5499287843,average,0.5597116351,0.5713738042,
O1/0439/2,,videos/sample_001753_O1__0439__2.pt,ok,0.5557338595,0.5976969004,0.5736511273,0.5500770606,average,0.5557338595,0.5736511273,
O1/0439/3,,videos/sample_001754_O1__0439__3.pt,ok,0.5507638454,0.5882617831,0.5765092782,0.5552916637,average,0.5507638454,0.5765092782,
O1/0439/4,,videos/sample_001755_O1__0439__4.pt,ok,0.5585037470,0.6006909609,0.5720643769,0.5484325597,average,0.5585037470,0.5720643769,
O1/0440/1,,videos/sample_001756_O1__0440__1.pt,ok,0.5501710176,0.5697283745,0.5768511502,0.5656790707,average,0.5501710176,0.5768511502,
O1/0440/2,,videos/sample_001757_O1__0440__2.pt,ok,0.5472253561,0.5714827180,0.5785528636,0.5646875453,average,0.5472253561,0.5785528636,
O1/0440/3,,videos/sample_001758_O1__0440__3.pt,ok,0.5499424338,0.5720283985,0.5769830241,0.5643794904,average,0.5499424338,0.5769830241,
O1/0440/4,,videos/sample_001759_O1__0440__4.pt,ok,0.5473307967,0.5668684244,0.5784918638,0.5672992002,average,0.5473307967,0.5784918638,
O1/0441/1,,videos/sample_001760_O1__0441__1.pt,ok,0.6144791245,0.6446882486,0.5409225752,0.5248261319,average,0.6144791245,0.5409225752,
O1/0441/2,,videos/sample_001761_O1__0441__2.pt,ok,0.6131551862,0.6449859142,0.5416391977,0.5246699324,average,0.6131551862,0.5416391977,
O1/0441/3,,videos/sample_001762_O1__0441__3.pt,ok,0.6107520461,0.6449859142,0.5429423978,0.5246699324,average,0.6107520461,0.5429423978,
O1/0441/4,,videos/sample_001763_O1__0441__4.pt,ok,0.6148232818,0.6446882486,0.5407364449,0.5248261319,average,0.6148232818,0.5407364449,
O1/0442/1,,videos/sample_001764_O1__0442__1.pt,ok,0.6217622161,0.6526083350,0.5369972980,0.5206858808,average,0.6217622161,0.5369972980,
O1/0442/2,,videos/sample_001765_O1__0442__2.pt,ok,0.6218652129,0.6516749263,0.5369419919,0.5211721204,average,0.6218652129,0.5369419919,
O1/0442/3,,videos/sample_001766_O1__0442__3.pt,ok,0.6211425662,0.6526083350,0.5373301515,0.5206858808,average,0.6211425662,0.5373301515,
O1/0442/4,,videos/sample_001767_O1__0442__4.pt,ok,0.6220471263,0.6516749263,0.5368443238,0.5211721204,average,0.6220471263,0.5368443238,
O1/0443/1,,videos/sample_001768_O1__0443__1.pt,ok,0.6168994904,0.6437124014,0.5396149279,0.5253385320,average,0.6168994904,0.5396149279,
O1/0443/2,,videos/sample_001769_O1__0443__2.pt,ok,0.6152092218,0.6425588131,0.5405277933,0.5259449060,average,0.6152092218,0.5405277933,
O1/0443/3,,videos/sample_001770_O1__0443__3.pt,ok,0.6160978675,0.6425588131,0.5400476689,0.5259449060,average,0.6160978675,0.5400476689,
O1/0443/4,,videos/sample_001771_O1__0443__4.pt,ok,0.6166313887,0.6437124014,0.5397596189,0.5253385320,average,0.6166313887,0.5397596189,
O1/0444/1,,videos/sample_001772_O1__0444__1.pt,ok,0.6185906529,0.6505583525,0.5387031225,0.5217543726,average,0.6185906529,0.5387031225,
O1/0444/2,,videos/sample_001773_O1__0444__2.pt,ok,0.6187474132,0.6509972215,0.5386186819,0.5215254410,average,0.6187474132,0.5386186819,
O1/0444/3,,videos/sample_001774_O1__0444__3.pt,ok,0.6181563139,0.6505583525,0.5389371531,0.5217543726,average,0.6181563139,0.5389371531,
O1/0444/4,,videos/sample_001775_O1__0444__4.pt,ok,0.6167266369,0.6509972215,0.5397082102,0.5215254410,average,0.6167266369,0.5397082102,
O1/0445/1,,videos/sample_001776_O1__0445__1.pt,ok,0.6190379262,0.6345730424,0.5384622289,0.5301617966,average,0.6190379262,0.5384622289,
O1/0445/2,,videos/sample_001777_O1__0445__2.pt,ok,0.6183882952,0.6330873966,0.5388121443,0.5309500146,average,0.6183882952,0.5388121443,
O1/0445/3,,videos/sample_001778_O1__0445__3.pt,ok,0.6168185472,0.6322992444,0.5396586077,0.5313686490,average,0.6168185472,0.5396586077,
O1/0445/4,,videos/sample_001779_O1__0445__4.pt,ok,0.6191505194,0.6328395605,0.5384016051,0.5310816195,average,0.6191505194,0.5384016051,
O1/0446/1,,videos/sample_001780_O1__0446__1.pt,ok,0.6196425557,0.6366097331,0.5381367571,0.5290831198,average,0.6196425557,0.5381367571,
O1/0446/2,,videos/sample_001781_O1__0446__2.pt,ok,0.6190837622,0.6360335946,0.5384375485,0.5293880328,average,0.6190837622,0.5384375485,
O1/0446/3,,videos/sample_001782_O1__0446__3.pt,ok,0.6186074018,0.6366097331,0.5386940999,0.5290831198,average,0.6186074018,0.5386940999,
O1/0446/4,,videos/sample_001783_O1__0446__4.pt,ok,0.6200920343,0.6360335946,0.5378949305,0.5293880328,average,0.6200920343,0.5378949305,
O1/0447/1,,videos/sample_001784_O1__0447__1.pt,ok,0.5405865908,0.5781896710,0.5824065179,0.5609128848,average,0.5405865908,0.5824065179,
O1/0447/2,,videos/sample_001785_O1__0447__2.pt,ok,0.5393381715,0.5844450593,0.5831340594,0.5574151083,average,0.5393381715,0.5831340594,
O1/0447/3,,videos/sample_001786_O1__0447__3.pt,ok,0.5355272293,0.5712903142,0.5853605895,0.5647962038,average,0.5355272293,0.5853605895,
O1/0447/4,,videos/sample_001787_O1__0447__4.pt,ok,0.5420829058,0.5809553266,0.5815357059,0.5593637362,average,0.5420829058,0.5815357059,
O1/0448/1,,videos/sample_001788_O1__0448__1.pt,ok,0.6146131754,0.6285812259,0.5408500690,0.5333479648,average,0.6146131754,0.5408500690,
O1/0448/2,,videos/sample_001789_O1__0448__2.pt,ok,0.6145472527,0.6295363307,0.5408857245,0.5328388047,average,0.6145472527,0.5408857245,
O1/0448/3,,videos/sample_001790_O1__0448__3.pt,ok,0.6131852269,0.6285812259,0.5416229267,0.5333479648,average,0.6131852269,0.5416229267,
O1/0448/4,,videos/sample_001791_O1__0448__4.pt,ok,0.6130180955,0.6295363307,0.5417134564,0.5328388047,average,0.6130180955,0.5417134564,
O1/0449/1,,videos/sample_001792_O1__0449__1.pt,ok,0.5592151880,0.5831140876,0.5716575315,0.5581575060,average,0.5592151880,0.5716575315,
O1/0449/2,,videos/sample_001793_O1__0449__2.pt,ok,0.5580529571,0.5829534531,0.5723223158,0.5582471726,average,0.5580529571,0.5723223158,
O1/0449/3,,videos/sample_001794_O1__0449__3.pt,ok,0.5592913628,0.5848635435,0.5716139873,0.5571818877,average,0.5592913628,0.5716139873,
O1/0449/4,,videos/sample_001795_O1__0449__4.pt,ok,0.5565470457,0.5821574926,0.5731848318,0.5586916921,average,0.5565470457,0.5731848318,
O1/0450/1,,videos/sample_001796_O1__0450__1.pt,ok,0.5496144891,0.5843282342,0.5771722737,0.5574802322,average,0.5496144891,0.5771722737,
O1/0450/2,,videos/sample_001797_O1__0450__2.pt,ok,0.5432993770,0.5781670213,0.5808287146,0.5609255895,average,0.5432993770,0.5808287146,
O1/0450/3,,videos/sample_001798_O1__0450__3.pt,ok,0.5519828200,0.5865899920,0.5758069561,0.5562207718,average,0.5519828200,0.5758069561,
O1/0450/4,,videos/sample_001799_O1__0450__4.pt,ok,0.5496568084,0.5877224207,0.5771478487,0.5555912479,average,0.5496568084,0.5771478487,
O1/0451/1,,videos/sample_001800_O1__0451__1.pt,ok,0.5445411205,0.5784717798,0.5801079219,0.5607546687,average,0.5445411205,0.5801079219,
O1/0451/2,,videos/sample_001801_O1__0451__2.pt,ok,0.5434525013,0.5648698211,0.5807397824,0.5684341401,average,0.5434525013,0.5807397824,
O1/0451/3,,videos/sample_001802_O1__0451__3.pt,ok,0.5412337184,0.5805041790,0.5820297484,0.5596161487,average,0.5412337184,0.5820297484,
O1/0451/4,,videos/sample_001803_O1__0451__4.pt,ok,0.5394961834,0.5611436963,0.5830419246,0.5705561476,average,0.5394961834,0.5830419246,
O1/0452/1,,videos/sample_001804_O1__0452__1.pt,ok,0.5364954472,0.5873876214,0.5847941072,0.5557772906,average,0.5364954472,0.5847941072,
O1/0452/2,,videos/sample_001805_O1__0452__2.pt,ok,0.5368437767,0.5777080059,0.5845904416,0.5611831221,average,0.5368437767,0.5845904416,
O1/0452/3,,videos/sample_001806_O1__0452__3.pt,ok,0.5224905610,0.5455182195,0.5930417006,0.5795413759,average,0.5224905610,0.5930417006,
O1/0452/4,,videos/sample_001807_O1__0452__4.pt,ok,0.5413827300,0.5801309347,0.5819430257,0.5598250612,average,0.5413827300,0.5819430257,
O1/0453/1,,videos/sample_001808_O1__0453__1.pt,ok,0.5566124916,0.5984931588,0.5731473204,0.5496392314,average,0.5566124916,0.5731473204,
O1/0453/2,,videos/sample_001809_O1__0453__2.pt,ok,0.5595936775,0.6016415954,0.5714412061,0.5479114485,average,0.5595936775,0.5714412061,
O1/0453/3,,videos/sample_001810_O1__0453__3.pt,ok,0.5609914660,0.6002534032,0.5706430101,0.5486725831,average,0.5609914660,0.5706430101,
O1/0453/4,,videos/sample_001811_O1__0453__4.pt,ok,0.5492021441,0.5851100683,0.5774103168,0.5570445455,average,0.5492021441,0.5774103168,
O1/0454/1,,videos/sample_001812_O1__0454__1.pt,ok,0.6135068536,0.6497001052,0.5414487543,0.5222023591,average,0.6135068536,0.5414487543,
O1/0454/2,,videos/sample_001813_O1__0454__2.pt,ok,0.6168242693,0.6504138708,0.5396555198,0.5218297620,average,0.6168242693,0.5396555198,
O1/0454/3,,videos/sample_001814_O1__0454__3.pt,ok,0.6170208454,0.6504138708,0.5395494468,0.5218297620,average,0.6170208454,0.5395494468,
O1/0454/4,,videos/sample_001815_O1__0454__4.pt,ok,0.6160159707,0.6497001052,0.5400918989,0.5222023591,average,0.6160159707,0.5400918989,
O1/0455/1,,videos/sample_001816_O1__0455__1.pt,ok,0.6284276843,0.6553301811,0.5334298621,0.5192705809,average,0.6284276843,0.5334298621,
O1/0455/2,,videos/sample_001817_O1__0455__2.pt,ok,0.6282820106,0.6542613506,0.5335075745,0.5198258899,average,0.6282820106,0.5335075745,
O1/0455/3,,videos/sample_001818_O1__0455__3.pt,ok,0.6288115382,0.6542613506,0.5332251423,0.5198258899,average,0.6288115382,0.5332251423,
O1/0455/4,,videos/sample_001819_O1__0455__4.pt,ok,0.6281257868,0.6553301811,0.5335909276,0.5192705809,average,0.6281257868,0.5335909276,
O1/0456/1,,videos/sample_001820_O1__0456__1.pt,ok,0.6081134677,0.6402320266,0.5443768855,0.5271700924,average,0.6081134677,0.5443768855,
O1/0456/2,,videos/sample_001821_O1__0456__2.pt,ok,0.6097552776,0.6393272877,0.5434838555,0.5276472595,average,0.6097552776,0.5434838555,
O1/0456/3,,videos/sample_001822_O1__0456__3.pt,ok,0.6093227267,0.6402320266,0.5437189907,0.5271700924,average,0.6093227267,0.5437189907,
O1/0456/4,,videos/sample_001823_O1__0456__4.pt,ok,0.6098664403,0.6393272877,0.5434234437,0.5276472595,average,0.6098664403,0.5434234437,
O1/0457/1,,videos/sample_001824_O1__0457__1.pt,ok,0.5840528607,0.6092893481,0.5576337686,0.5437371396,average,0.5840528607,0.5576337686,
O1/0457/2,,videos/sample_001825_O1__0457__2.pt,ok,0.5833092928,0.6091670990,0.5580485614,0.5438036151,average,0.5833092928,0.5580485614,
O1/0457/3,,videos/sample_001826_O1__0457__3.pt,ok,0.5790727735,0.6048144102,0.5604177600,0.5461757819,average,0.5790727735,0.5604177600,
O1/0457/4,,videos/sample_001827_O1__0457__4.pt,ok,0.5841261148,0.6133039594,0.5575929211,0.5415586223,average,0.5841261148,0.5575929211,
O1/0458/1,,videos/sample_001828_O1__0458__1.pt,ok,0.6219294071,0.6527506709,0.5369075244,0.5206117738,average,0.6219294071,0.5369075244,
O1/0458/2,,videos/sample_001829_O1__0458__2.pt,ok,0.6217964888,0.6524970531,0.5369788940,0.5207438269,average,0.6217964888,0.5369788940,
O1/0458/3,,videos/sample_001830_O1__0458__3.pt,ok,0.6207424998,0.6524970531,0.5375451622,0.5207438269,average,0.6207424998,0.5375451622,
O1/0458/4,,videos/sample_001831_O1__0458__4.pt,ok,0.6213957667,0.6527506709,0.5371941164,0.5206117738,average,0.6213957667,0.5371941164,
O1/0459/1,,videos/sample_001832_O1__0459__1.pt,ok,0.6141155362,0.6465713382,0.5411192841,0.5238387672,average,0.6141155362,0.5411192841,
O1/0459/2,,videos/sample_001833_O1__0459__2.pt,ok,0.6130761504,0.6477773190,0.5416820082,0.5232074085,average,0.6130761504,0.5416820082,
O1/0459/3,,videos/sample_001834_O1__0459__3.pt,ok,0.6126201749,0.6465713382,0.5419290583,0.5238387672,average,0.6126201749,0.5419290583,
O1/0459/4,,videos/sample_001835_O1__0459__4.pt,ok,0.6137120724,0.6477773190,0.5413376502,0.5232074085,average,0.6137120724,0.5413376502,
O1/0460/1,,videos/sample_001836_O1__0460__1.pt,ok,0.5515945554,0.5776147246,0.5760305650,0.5612354724,average,0.5515945554,0.5760305650,
O1/0460/2,,videos/sample_001837_O1__0460__2.pt,ok,0.5528854132,0.5798453689,0.5752874712,0.5599849510,average,0.5528854132,0.5752874712,
O1/0460/3,,videos/sample_001838_O1__0460__3.pt,ok,0.5527607799,0.5782812834,0.5753591757,0.5608615006,average,0.5527607799,0.5753591757,
O1/0460/4,,videos/sample_001839_O1__0460__4.pt,ok,0.5499742627,0.5744656324,0.5769646597,0.5630056404,average,0.5499742627,0.5769646597,
O1/0461/1,,videos/sample_001840_O1__0461__1.pt,ok,0.5639691949,0.6044629812,0.5689463174,0.5463677576,average,0.5639691949,0.5689463174,
O1/0461/2,,videos/sample_001841_O1__0461__2.pt,ok,0.5637426972,0.5997756720,0.5690751970,0.5489347637,average,0.5637426972,0.5690751970,
O1/0461/3,,videos/sample_001842_O1__0461__3.pt,ok,0.5587633252,0.5948737860,0.5719159007,0.5516321852,average,0.5587633252,0.5719159007,
O1/0461/4,,videos/sample_001843_O1__0461__4.pt,ok,0.5651482940,0.6010556817,0.5682758686,0.5482325714,average,0.5651482940,0.5682758686,
O1/0462/1,,videos/sample_001844_O1__0462__1.pt,ok,0.5568332076,0.5907992721,0.5730208316,0.5538844034,average,0.5568332076,0.5730208316,
O1/0462/2,,videos/sample_001845_O1__0462__2.pt,ok,0.5645512938,0.5967956781,0.5686152307,0.5505730257,average,0.5645512938,0.5686152307,
O1/0462/3,,videos/sample_001846_O1__0462__3.pt,ok,0.5616267323,0.6064270735,0.5702806150,0.5452956941,average,0.5616267323,0.5702806150,
O1/0462/4,,videos/sample_001847_O1__0462__4.pt,ok,0.5653960109,0.6040955782,0.5681351145,0.5465685317,average,0.5653960109,0.5681351145,
O1/0463/1,,videos/sample_001848_O1__0463__1.pt,ok,0.5502677560,0.5786122084,0.5767953493,0.5606759283,average,0.5502677560,0.5767953493,
O1/0463/2,,videos/sample_001849_O1__0463__2.pt,ok,0.5517618060,0.5799210072,0.5759342316,0.5599425963,average,0.5517618060,0.5759342316,
O1/0463/3,,videos/sample_001850_O1__0463__3.pt,ok,0.5445386767,0.5653340816,0.5801093396,0.5681702998,average,0.5445386767,0.5801093396,
O1/0463/4,,videos/sample_001851_O1__0463__4.pt,ok,0.5475684404,0.5781760812,0.5783544052,0.5609205076,average,0.5475684404,0.5783544052,
O1/0464/1,,videos/sample_001852_O1__0464__1.pt,ok,0.5568040609,0.5904682875,0.5730375335,0.5540677610,average,0.5568040609,0.5730375335,
O1/0464/2,,videos/sample_001853_O1__0464__2.pt,ok,0.5556444526,0.5893643498,0.5737024180,0.5546797550,average,0.5556444526,0.5737024180,
O1/0464/3,,videos/sample_001854_O1__0464__3.pt,ok,0.5559303761,0.5898032188,0.5735384065,0.5544363766,average,0.5559303761,0.5735384065,
O1/0464/4,,videos/sample_001855_O1__0464__4.pt,ok,0.5517953634,0.5799432993,0.5759149051,0.5599301141,average,0.5517953634,0.5759149051,
O1/0465/1,,videos/sample_001856_O1__0465__1.pt,ok,0.6237535477,0.6561190486,0.5359290224,0.5188611068,average,0.6237535477,0.5359290224,
O1/0465/2,,videos/sample_001857_O1__0465__2.pt,ok,0.6239831448,0.6557230949,0.5358059887,0.5190665924,average,0.6239831448,0.5358059887,
O1/0465/3,,videos/sample_001858_O1__0465__3.pt,ok,0.6240718365,0.6561190486,0.5357584693,0.5188611068,average,0.6240718365,0.5357584693,
O1/0465/4,,videos/sample_001859_O1__0465__4.pt,ok,0.6225201488,0.6557230949,0.5365904444,0.5190665924,average,0.6225201488,0.5365904444,
O1/0466/1,,videos/sample_001860_O1__0466__1.pt,ok,0.6326810122,0.6600001454,0.5311658283,0.5168512593,average,0.6326810122,0.5311658283,
O1/0466/2,,videos/sample_001861_O1__0466__2.pt,ok,0.6329762340,0.6600001454,0.5310090397,0.5168512593,average,0.6329762340,0.5310090397,
O1/0466/3,,videos/sample_001862_O1__0466__3.pt,ok,0.6325854659,0.6587557793,0.5312165816,0.5174948119,average,0.6325854659,0.5312165816,
O1/0466/4,,videos/sample_001863_O1__0466__4.pt,ok,0.6326074004,0.6587557793,0.5312049298,0.5174948119,average,0.6326074004,0.5312049298,
O1/0467/1,,videos/sample_001864_O1__0467__1.pt,ok,0.5634489059,0.5970177650,0.5692424109,0.5504507643,average,0.5634489059,0.5692424109,
O1/0467/2,,videos/sample_001865_O1__0467__2.pt,ok,0.5572419763,0.5912126303,0.5727866465,0.5536554981,average,0.5572419763,0.5727866465,
O1/0467/3,,videos/sample_001866_O1__0467__3.pt,ok,0.5632547140,0.6012189984,0.5693529639,0.5481430432,average,0.5632547140,0.5693529639,
O1/0467/4,,videos/sample_001867_O1__0467__4.pt,ok,0.5607500672,0.5992868543,0.5707807793,0.5492031584,average,0.5607500672,0.5707807793,
O1/0468/1,,videos/sample_001868_O1__0468__1.pt,ok,0.5567531586,0.5976685286,0.5730667032,0.5500926675,average,0.5567531586,0.5730667032,
O1/0468/2,,videos/sample_001869_O1__0468__2.pt,ok,0.5564590693,0.5976685286,0.5732352608,0.5500926675,average,0.5564590693,0.5732352608,
O1/0468/3,,videos/sample_001870_O1__0468__3.pt,ok,0.5498797894,0.5937051773,0.5770191701,0.5522772042,average,0.5498797894,0.5770191701,
O1/0468/4,,videos/sample_001871_O1__0468__4.pt,ok,0.5507367849,0.5937051773,0.5765248790,0.5522772042,average,0.5507367849,0.5765248790,
O1/0469/1,,videos/sample_001872_O1__0469__1.pt,ok,0.5538429618,0.5919951200,0.5747368692,0.5532224378,average,0.5538429618,0.5747368692,
O1/0469/2,,videos/sample_001873_O1__0469__2.pt,ok,0.5537799597,0.5919951200,0.5747730799,0.5532224378,average,0.5537799597,0.5747730799,
O1/0469/3,,videos/sample_001874_O1__0469__3.pt,ok,0.5613535047,0.5985487700,0.5704364527,0.5496086662,average,0.5613535047,0.5704364527,
O1/0469/4,,videos/sample_001875_O1__0469__4.pt,ok,0.5614750385,0.5985487700,0.5703671296,0.5496086662,average,0.5614750385,0.5703671296,
O1/0470/1,,videos/sample_001876_O1__0470__1.pt,ok,0.5458484292,0.5854802728,0.5793500373,0.5568383633,average,0.5458484292,0.5793500373,
O1/0470/2,,videos/sample_001877_O1__0470__2.pt,ok,0.5244064927,0.5468166471,0.5919065610,0.5787893717,average,0.5244064927,0.5919065610,
O1/0470/3,,videos/sample_001878_O1__0470__3.pt,ok,0.5474187732,0.5889722705,0.5784409724,0.5548972761,average,0.5474187732,0.5784409724,
O1/0470/4,,videos/sample_001879_O1__0470__4.pt,ok,0.5399515629,0.5883305073,0.5827764797,0.5552535030,average,0.5399515629,0.5827764797,
O1/0471/1,,videos/sample_001880_O1__0471__1.pt,ok,0.6165764928,0.6520045400,0.5397892503,0.5210003633,average,0.6165764928,0.5397892503,
O1/0471/2,,videos/sample_001881_O1__0471__2.pt,ok,0.6185683012,0.6506254077,0.5387151636,0.5217193874,average,0.6185683012,0.5387151636,
O1/0471/3,,videos/sample_001882_O1__0471__3.pt,ok,0.6176551580,0.6520045400,0.5392073123,0.5210003633,average,0.6176551580,0.5392073123,
O1/0471/4,,videos/sample_001883_O1__0471__4.pt,ok,0.6178422570,0.6506254077,0.5391064366,0.5217193874,average,0.6178422570,0.5391064366,
O1/0472/1,,videos/sample_001884_O1__0472__1.pt,ok,0.5450975299,0.5664678812,0.5797852342,0.5675264736,average,0.5450975299,0.5797852342,
O1/0472/2,,videos/sample_001885_O1__0472__2.pt,ok,0.5395764112,0.5785363317,0.5829951503,0.5607184721,average,0.5395764112,0.5829951503,
O1/0472/3,,videos/sample_001886_O1__0472__3.pt,ok,0.5461618304,0.5751964450,0.5791684967,0.5625943391,average,0.5461618304,0.5791684967,
O1/0472/4,,videos/sample_001887_O1__0472__4.pt,ok,0.5378781557,0.5578305721,0.5839860662,0.5724496059,average,0.5378781557,0.5839860662,
O1/0473/1,,videos/sample_001888_O1__0473__1.pt,ok,0.5549709797,0.6009825468,0.5740889212,0.5482726678,average,0.5549709797,0.5740889212,
O1/0473/2,,videos/sample_001889_O1__0473__2.pt,ok,0.5550091267,0.5983811617,0.5740670219,0.5497007929,average,0.5550091267,0.5740670219,
O1/0473/3,,videos/sample_001890_O1__0473__3.pt,ok,0.5558677912,0.5992654562,0.5735743024,0.5492149104,average,0.5558677912,0.5735743024,
O1/0473/4,,videos/sample_001891_O1__0473__4.pt,ok,0.5504142046,0.5935908556,0.5767108846,0.5523403450,average,0.5504142046,0.5767108846,
O1/0474/1,,videos/sample_001892_O1__0474__1.pt,ok,0.5650806427,0.5774617791,0.5683143145,0.5613213174,average,0.5650806427,0.5683143145,
O1/0474/2,,videos/sample_001893_O1__0474__2.pt,ok,0.5661841035,0.5896507502,0.5676875478,0.5545209173,average,0.5661841035,0.5676875478,
O1/0474/3,,videos/sample_001894_O1__0474__3.pt,ok,0.5632592440,0.5766676068,0.5693503847,0.5617672803,average,0.5632592440,0.5693503847,
O1/0474/4,,videos/sample_001895_O1__0474__4.pt,ok,0.5688126683,0.5976677537,0.5661973038,0.5500930938,average,0.5688126683,0.5661973038,
O1/0475/1,,videos/sample_001896_O1__0475__1.pt,ok,0.5518869758,0.5966536403,0.5758621466,0.5506512335,average,0.5518869758,0.5758621466,
O1/0475/2,,videos/sample_001897_O1__0475__2.pt,ok,0.5526681542,0.5960973501,0.5754124711,0.5509576406,average,0.5526681542,0.5754124711,
O1/0475/3,,videos/sample_001898_O1__0475__3.pt,ok,0.5455558896,0.5917919874,0.5795195449,0.5533348267,average,0.5455558896,0.5795195449,
O1/0475/4,,videos/sample_001899_O1__0475__4.pt,ok,0.5533878803,0.5953023434,0.5749984808,0.5513958298,average,0.5533878803,0.5749984808,
O1/0476/1,,videos/sample_001900_O1__0476__1.pt,ok,0.5446754098,0.5809980035,0.5800300249,0.5593398648,average,0.5446754098,0.5800300249,
O1/0476/2,,videos/sample_001901_O1__0476__2.pt,ok,0.5506955981,0.5861214399,0.5765486247,0.5564814512,average,0.5506955981,0.5765486247,
O1/0476/3,,videos/sample_001902_O1__0476__3.pt,ok,0.5512536764,0.5900591016,0.5762269552,0.5542945241,average,0.5512536764,0.5762269552,
O1/0476/4,,videos/sample_001903_O1__0476__4.pt,ok,0.5515359044,0.5880547166,0.5760643508,0.5554066579,average,0.5515359044,0.5760643508,
O1/0477/1,,videos/sample_001904_O1__0477__1.pt,ok,0.6131945252,0.6288854480,0.5416178905,0.5331857332,average,0.6131945252,0.5416178905,
O1/0477/2,,videos/sample_001905_O1__0477__2.pt,ok,0.6147373915,0.6284524798,0.5407828909,0.5334166356,average,0.6147373915,0.5407828909,
O1/0477/3,,videos/sample_001906_O1__0477__3.pt,ok,0.6133410931,0.6284524798,0.5415385126,0.5334166356,average,0.6133410931,0.5415385126,
O1/0477/4,,videos/sample_001907_O1__0477__4.pt,ok,0.6148843169,0.6288854480,0.5407034419,0.5331857332,average,0.6148843169,0.5407034419,
O1/0478/1,,videos/sample_001908_O1__0478__1.pt,ok,0.6111897826,0.6261577010,0.5427047841,0.5346421144,average,0.6111897826,0.5427047841,
O1/0478/2,,videos/sample_001909_O1__0478__2.pt,ok,0.6112806201,0.6237780452,0.5426554884,0.5359158936,average,0.6112806201,0.5426554884,
O1/0478/3,,videos/sample_001910_O1__0478__3.pt,ok,0.6128253937,0.6253743172,0.5418178557,0.5350611085,average,0.6128253937,0.5418178557,
O1/0478/4,,videos/sample_001911_O1__0478__4.pt,ok,0.6128939390,0.6235509515,0.5417807179,0.5360376105,average,0.6128939390,0.5417807179,
O1/0479/1,,videos/sample_001912_O1__0479__1.pt,ok,0.5655952692,0.5860305429,0.5680219201,0.5565320361,average,0.5655952692,0.5680219201,
O1/0479/2,,videos/sample_001913_O1__0479__2.pt,ok,0.5661574006,0.5849203467,0.5677027069,0.5571502389,average,0.5661574006,0.5677027069,
O1/0479/3,,videos/sample_001914_O1__0479__3.pt,ok,0.5673395991,0.5913621783,0.5670319662,0.5535727062,average,0.5673395991,0.5670319662,
O1/0479/4,,videos/sample_001915_O1__0479__4.pt,ok,0.5668449402,0.5880536437,0.5673125230,0.5554072538,average,0.5668449402,0.5673125230,
O1/0480/1,,videos/sample_001916_O1__0480__1.pt,ok,0.5604805350,0.5978763700,0.5709346438,0.5499783474,average,0.5604805350,0.5709346438,
O1/0480/2,,videos/sample_001917_O1__0480__2.pt,ok,0.5567621589,0.5933097601,0.5730615455,0.5524956273,average,0.5567621589,0.5730615455,
O1/0480/3,,videos/sample_001918_O1__0480__3.pt,ok,0.5622916818,0.5989248157,0.5699015332,0.5494020271,average,0.5622916818,0.5699015332,
O1/0480/4,,videos/sample_001919_O1__0480__4.pt,ok,0.5621464252,0.5990288854,0.5699843212,0.5493448540,average,0.5621464252,0.5699843212,
O1/0481/1,,videos/sample_001920_O1__0481__1.pt,ok,0.5425688028,0.5644320250,0.5812532081,0.5686830528,average,0.5425688028,0.5812532081,
O1/0481/2,,videos/sample_001921_O1__0481__2.pt,ok,0.5440663695,0.5756582022,0.5803833941,0.5623346171,average,0.5440663695,0.5803833941,
O1/0481/3,,videos/sample_001922_O1__0481__3.pt,ok,0.5433776379,0.5636077523,0.5807832602,0.5691519959,average,0.5433776379,0.5807832602,
O1/0481/4,,videos/sample_001923_O1__0481__4.pt,ok,0.5430585146,0.5763289332,0.5809686312,0.5619575683,average,0.5430585146,0.5809686312,
O1/0482/1,,videos/sample_001924_O1__0482__1.pt,ok,0.5542978644,0.5865176320,0.5744754793,0.5562610214,average,0.5542978644,0.5744754793,
O1/0482/2,,videos/sample_001925_O1__0482__2.pt,ok,0.5493328571,0.5829071403,0.5773348468,0.5582730272,average,0.5493328571,0.5773348468,
O1/0482/3,,videos/sample_001926_O1__0482__3.pt,ok,0.5411063433,0.5615602732,0.5821038893,0.5703185166,average,0.5411063433,0.5821038893,
O1/0482/4,,videos/sample_001927_O1__0482__4.pt,ok,0.5531538725,0.5852795839,0.5751330507,0.5569501257,average,0.5531538725,0.5751330507,
O1/0483/1,,videos/sample_001928_O1__0483__1.pt,ok,0.5565363765,0.5826009512,0.5731909473,0.5584439904,average,0.5565363765,0.5731909473,
O1/0483/2,,videos/sample_001929_O1__0483__2.pt,ok,0.5567630529,0.5830522180,0.5730610331,0.5581920401,average,0.5567630529,0.5730610331,
O1/0483/3,,videos/sample_001930_O1__0483__3.pt,ok,0.5586224198,0.5848094225,0.5719964924,0.5572120438,average,0.5586224198,0.5719964924,
O1/0483/4,,videos/sample_001931_O1__0483__4.pt,ok,0.5582279563,0.5843757987,0.5722221686,0.5574537166,average,0.5582279563,0.5722221686,
O1/0484/1,,videos/sample_001932_O1__0484__1.pt,ok,0.5407340527,0.5614745021,0.5823206414,0.5703674355,average,0.5407340527,0.5823206414,
O1/0484/2,,videos/sample_001933_O1__0484__2.pt,ok,0.5420032740,0.5782741308,0.5815820165,0.5608655122,average,0.5420032740,0.5815820165,
O1/0484/3,,videos/sample_001934_O1__0484__3.pt,ok,0.5427475572,0.5732824802,0.5811493158,0.5636721560,average,0.5427475572,0.5811493158,
O1/0484/4,,videos/sample_001935_O1__0484__4.pt,ok,0.5383937359,0.5598860383,0.5836850522,0.5712741635,average,0.5383937359,0.5836850522,
O1/0485/1,,videos/sample_001936_O1__0485__1.pt,ok,0.5513495803,0.5737060905,0.5761716955,0.5634334293,average,0.5513495803,0.5761716955,
O1/0485/2,,videos/sample_001937_O1__0485__2.pt,ok,0.5512169600,0.5732251406,0.5762481126,0.5637044777,average,0.5512169600,0.5762481126,
O1/0485/3,,videos/sample_001938_O1__0485__3.pt,ok,0.5508705378,0.5732251406,0.5764477723,0.5637044777,average,0.5508705378,0.5764477723,
O1/0485/4,,videos/sample_001939_O1__0485__4.pt,ok,0.5511620641,0.5737060905,0.5762797471,0.5634334293,average,0.5511620641,0.5762797471,
O1/0486/1,,videos/sample_001940_O1__0486__1.pt,ok,0.5592742562,0.5847226381,0.5716237657,0.5572604032,average,0.5592742562,0.5716237657,
O1/0486/2,,videos/sample_001941_O1__0486__2.pt,ok,0.5600155592,0.5848541260,0.5712001764,0.5571871350,average,0.5600155592,0.5712001764,
O1/0486/3,,videos/sample_001942_O1__0486__3.pt,ok,0.5603349209,0.5848541260,0.5710177860,0.5571871350,average,0.5603349209,0.5710177860,
O1/0486/4,,videos/sample_001943_O1__0486__4.pt,ok,0.5595700741,0.5847226381,0.5714546942,0.5572604032,average,0.5595700741,0.5714546942,
O1/0487/1,,videos/sample_001944_O1__0487__1.pt,ok,0.6110266447,0.6286475658,0.5427933270,0.5333125836,average,0.6110266447,0.5427933270,
O1/0487/2,,videos/sample_001945_O1__0487__2.pt,ok,0.6110149622,0.6283003092,0.5427996683,0.5334978122,average,0.6110149622,0.5427996683,
O1/0487/3,,videos/sample_001946_O1__0487__3.pt,ok,0.6122916341,0.6282255054,0.5421071333,0.5335377213,average,0.6122916341,0.5421071333,
O1/0487/4,,videos/sample_001947_O1__0487__4.pt,ok,0.6119831800,0.6282237768,0.5422743743,0.5335386436,average,0.6119831800,0.5422743743,
O1/0488/1,,videos/sample_001948_O1__0488__1.pt,ok,0.5476038456,0.5762234330,0.5783339288,0.5620168580,average,0.5476038456,0.5783339288,
O1/0488/2,,videos/sample_001949_O1__0488__2.pt,ok,0.5475050211,0.5683069229,0.5783910852,0.5664837279,average,0.5475050211,0.5783910852,
O1/0488/3,,videos/sample_001950_O1__0488__3.pt,ok,0.5503121018,0.5771540403,0.5767697714,0.5614940843,average,0.5503121018,0.5767697714,
O1/0488/4,,videos/sample_001951_O1__0488__4.pt,ok,0.5500970483,0.5698946714,0.5768938211,0.5655850078,average,0.5500970483,0.5768938211,
O1/0489/1,,videos/sample_001952_O1__0489__1.pt,ok,0.5496093631,0.5897380114,0.5771752323,0.5544725312,average,0.5496093631,0.5771752323,
O1/0489/2,,videos/sample_001953_O1__0489__2.pt,ok,0.5510104299,0.5897380114,0.5763671375,0.5544725312,average,0.5510104299,0.5763671375,
O1/0489/3,,videos/sample_001954_O1__0489__3.pt,ok,0.5438209772,0.5807911754,0.5805258332,0.5594555640,average,0.5438209772,0.5805258332,
O1/0489/4,,videos/sample_001955_O1__0489__4.pt,ok,0.5463246703,0.5807911754,0.5790741927,0.5594555640,average,0.5463246703,0.5790741927,
O1/0490/1,,videos/sample_001956_O1__0490__1.pt,ok,0.5639953613,0.5872656107,0.5689314303,0.5558451055,average,0.5639953613,0.5689314303,
O1/0490/2,,videos/sample_001957_O1__0490__2.pt,ok,0.5623413324,0.5840154886,0.5698732380,0.5576546090,average,0.5623413324,0.5698732380,
O1/0490/3,,videos/sample_001958_O1__0490__3.pt,ok,0.5644146204,0.5898799896,0.5686929506,0.5543938138,average,0.5644146204,0.5686929506,
O1/0490/4,,videos/sample_001959_O1__0490__4.pt,ok,0.5623757839,0.5843815207,0.5698536053,0.5574505268,average,0.5623757839,0.5698536053,
O1/0491/1,,videos/sample_001960_O1__0491__1.pt,ok,0.6141567230,0.6399686337,0.5410969976,0.5273089635,average,0.6141567230,0.5410969976,
O1/0491/2,,videos/sample_001961_O1__0491__2.pt,ok,0.6147968173,0.6404635310,0.5407507553,0.5270480643,average,0.6147968173,0.5407507553,
O1/0491/3,,videos/sample_001962_O1__0491__3.pt,ok,0.6145931482,0.6404635310,0.5408609008,0.5270480643,average,0.6145931482,0.5408609008,
O1/0491/4,,videos/sample_001963_O1__0491__4.pt,ok,0.6124078631,0.6399686337,0.5420441284,0.5273089635,average,0.6124078631,0.5420441284,
O1/0492/1,,videos/sample_001964_O1__0492__1.pt,ok,0.5313992500,0.5504177213,0.5877819401,0.5767088565,average,0.5313992500,0.5877819401,
O1/0492/2,,videos/sample_001965_O1__0492__2.pt,ok,0.5360968113,0.5652740002,0.5850272736,0.5682044373,average,0.5360968113,0.5850272736,
O1/0492/3,,videos/sample_001966_O1__0492__3.pt,ok,0.5339469314,0.5520994067,0.5862863650,0.5757398286,average,0.5339469314,0.5862863650,
O1/0492/4,,videos/sample_001967_O1__0492__4.pt,ok,0.5375006795,0.5687517524,0.5842065486,0.5662317952,average,0.5375006795,0.5842065486,
O1/0493/1,,videos/sample_001968_O1__0493__1.pt,ok,0.6096715927,0.6444613338,0.5435293388,0.5249452362,average,0.6096715927,0.5435293388,
O1/0493/2,,videos/sample_001969_O1__0493__2.pt,ok,0.6125429273,0.6444613338,0.5419709226,0.5249452362,average,0.6125429273,0.5419709226,
O1/0493/3,,videos/sample_001970_O1__0493__3.pt,ok,0.6131476164,0.6457288861,0.5416432978,0.5242802622,average,0.6131476164,0.5416432978,
O1/0493/4,,videos/sample_001971_O1__0493__4.pt,ok,0.6121597290,0.6457288861,0.5421786447,0.5242802622,average,0.6121597290,0.5421786447,
O1/0494/1,,videos/sample_001972_O1__0494__1.pt,ok,0.5599001050,0.5931965709,0.5712661276,0.5525581673,average,0.5599001050,0.5712661276,
O1/0494/2,,videos/sample_001973_O1__0494__2.pt,ok,0.5662066936,0.6149601340,0.5676747238,0.5406624489,average,0.5662066936,0.5676747238,
O1/0494/3,,videos/sample_001974_O1__0494__3.pt,ok,0.5643807054,0.6000328064,0.5687122382,0.5487936319,average,0.5643807054,0.5687122382,
O1/0494/4,,videos/sample_001975_O1__0494__4.pt,ok,0.5506665111,0.5792107582,0.5765653951,0.5603404362,average,0.5506665111,0.5765653951,
O1/0495/1,,videos/sample_001976_O1__0495__1.pt,ok,0.5633437037,0.5849521160,0.5693022996,0.5571325389,average,0.5633437037,0.5693022996,
O1/0495/2,,videos/sample_001977_O1__0495__2.pt,ok,0.5648975968,0.5876398087,0.5684183516,0.5556371484,average,0.5648975968,0.5684183516,
O1/0495/3,,videos/sample_001978_O1__0495__3.pt,ok,0.5648923516,0.5874244571,0.5684213331,0.5557568186,average,0.5648923516,0.5684213331,
O1/0495/4,,videos/sample_001979_O1__0495__4.pt,ok,0.5631507635,0.5857203603,0.5694121515,0.5567046894,average,0.5631507635,0.5694121515,
O1/0496/1,,videos/sample_001980_O1__0496__1.pt,ok,0.5578230619,0.5829581022,0.5724539051,0.5582445772,average,0.5578230619,0.5724539051,
O1/0496/2,,videos/sample_001981_O1__0496__2.pt,ok,0.5562602878,0.5777717233,0.5733492207,0.5611473661,average,0.5562602878,0.5733492207,
O1/0496/3,,videos/sample_001982_O1__0496__3.pt,ok,0.5580142140,0.5830919743,0.5723444898,0.5581698489,average,0.5580142140,0.5723444898,
O1/0496/4,,videos/sample_001983_O1__0496__4.pt,ok,0.5553796887,0.5769011974,0.5738543338,0.5616360721,average,0.5553796887,0.5738543338,
O1/0497/1,,videos/sample_001984_O1__0497__1.pt,ok,0.5605474710,0.5932036042,0.5708964290,0.5525542810,average,0.5605474710,0.5708964290,
O1/0497/2,,videos/sample_001985_O1__0497__2.pt,ok,0.5579835176,0.5932036042,0.5723620590,0.5525542810,average,0.5579835176,0.5723620590,
O1/0497/3,,videos/sample_001986_O1__0497__3.pt,ok,0.5656173229,0.6028811932,0.5680093933,0.5472326795,average,0.5656173229,0.5680093933,
O1/0497/4,,videos/sample_001987_O1__0497__4.pt,ok,0.5664639473,0.6028811932,0.5675287062,0.5472326795,average,0.5664639473,0.5675287062,
O1/0498/1,,videos/sample_001988_O1__0498__1.pt,ok,0.6172121167,0.6316625476,0.5394462564,0.5317070774,average,0.6172121167,0.5394462564,
O1/0498/2,,videos/sample_001989_O1__0498__2.pt,ok,0.6166942716,0.6317375302,0.5397256783,0.5316672101,average,0.6166942716,0.5397256783,
O1/0498/3,,videos/sample_001990_O1__0498__3.pt,ok,0.6145842671,0.6317375302,0.5408657042,0.5316672101,average,0.6145842671,0.5408657042,
O1/0498/4,,videos/sample_001991_O1__0498__4.pt,ok,0.6178936958,0.6316625476,0.5390787063,0.5317070774,average,0.6178936958,0.5390787063,
O1/0499/1,,videos/sample_001992_O1__0499__1.pt,ok,0.6237259507,0.6543248296,0.5359438126,0.5197928929,average,0.6237259507,0.5359438126,
O1/0499/2,,videos/sample_001993_O1__0499__2.pt,ok,0.6242114305,0.6543248296,0.5356836858,0.5197928929,average,0.6242114305,0.5356836858,
O1/0499/3,,videos/sample_001994_O1__0499__3.pt,ok,0.6226951480,0.6533354521,0.5364965497,0.5203074188,average,0.6226951480,0.5364965497,
O1/0499/4,,videos/sample_001995_O1__0499__4.pt,ok,0.6242350936,0.6533354521,0.5356710100,0.5203074188,average,0.6242350936,0.5356710100,
O1/0500/1,,videos/sample_001996_O1__0500__1.pt,ok,0.5880821347,0.6141058207,0.5553914299,0.5411245414,average,0.5880821347,0.5553914299,
O1/0500/2,,videos/sample_001997_O1__0500__2.pt,ok,0.5874530077,0.6118803620,0.5557409516,0.5423301327,average,0.5874530077,0.5557409516,
O1/0500/3,,videos/sample_001998_O1__0500__3.pt,ok,0.5855924487,0.6111867428,0.5567759029,0.5427064338,average,0.5855924487,0.5567759029,
O1/0500/4,,videos/sample_001999_O1__0500__4.pt,ok,0.5858161449,0.6121143103,0.5566513682,0.5422032704,average,0.5858161449,0.5566513682,
O1/0501/1,,videos/sample_002000_O1__0501__1.pt,ok,0.5431746244,0.5875287652,0.5809011790,0.5556988516,average,0.5431746244,0.5809011790,
O1/0501/2,,videos/sample_002001_O1__0501__2.pt,ok,0.5439969301,0.5875287652,0.5804236970,0.5556988516,average,0.5439969301,0.5804236970,
O1/0501/3,,videos/sample_002002_O1__0501__3.pt,ok,0.5524330735,0.5948896408,0.5755477554,0.5516234392,average,0.5524330735,0.5755477554,
O1/0501/4,,videos/sample_002003_O1__0501__4.pt,ok,0.5529166460,0.5948896408,0.5752695036,0.5516234392,average,0.5529166460,0.5752695036,
O1/0502/1,,videos/sample_002004_O1__0502__1.pt,ok,0.5541998744,0.5928136706,0.5745317749,0.5527697825,average,0.5541998744,0.5745317749,
O1/0502/2,,videos/sample_002005_O1__0502__2.pt,ok,0.5609070063,0.6070720553,0.5706912085,0.5449441017,average,0.5609070063,0.5706912085,
O1/0502/3,,videos/sample_002006_O1__0502__3.pt,ok,0.5628205538,0.6035008430,0.5696002080,0.5468936919,average,0.5628205538,0.5696002080,
O1/0502/4,,videos/sample_002007_O1__0502__4.pt,ok,0.5636065602,0.6040945649,0.5691526744,0.5465690855,average,0.5636065602,0.5691526744,
O1/0503/1,,videos/sample_002008_O1__0503__1.pt,ok,0.5530387163,0.5872102976,0.5751992846,0.5558758519,average,0.5530387163,0.5751992846,
O1/0503/2,,videos/sample_002009_O1__0503__2.pt,ok,0.5514689088,0.5932136774,0.5761029459,0.5525487151,average,0.5514689088,0.5761029459,
O1/0503/3,,videos/sample_002010_O1__0503__3.pt,ok,0.5450196266,0.5840538740,0.5798304031,0.5576332036,average,0.5450196266,0.5798304031,
O1/0503/4,,videos/sample_002011_O1__0503__4.pt,ok,0.5538373590,0.5885952115,0.5747400893,0.5551065445,average,0.5538373590,0.5747400893,
O1/0504/1,,videos/sample_002012_O1__0504__1.pt,ok,0.6069795489,0.6204271317,0.5449945148,0.5377147136,average,0.6069795489,0.5449945148,
O1/0504/2,,videos/sample_002013_O1__0504__2.pt,ok,0.6056223512,0.6194696426,0.5457346823,0.5382298161,average,0.6056223512,0.5457346823,
O1/0504/3,,videos/sample_002014_O1__0504__3.pt,ok,0.6062726378,0.6198099256,0.5453799137,0.5380466968,average,0.6062726378,0.5453799137,
O1/0504/4,,videos/sample_002015_O1__0504__4.pt,ok,0.6036543846,0.6189931035,0.5468097274,0.5384863648,average,0.6036543846,0.5468097274,
O1/0505/1,,videos/sample_002016_O1__0505__1.pt,ok,0.5296037793,0.5488715768,0.5888382334,0.5776012214,average,0.5296037793,0.5888382334,
O1/0505/2,,videos/sample_002017_O1__0505__2.pt,ok,0.5422757268,0.5908923745,0.5814235844,0.5538328378,average,0.5422757268,0.5814235844,
O1/0505/3,,videos/sample_002018_O1__0505__3.pt,ok,0.5497376323,0.5912637711,0.5771012032,0.5536271844,average,0.5497376323,0.5771012032,
O1/0505/4,,videos/sample_002019_O1__0505__4.pt,ok,0.5523167849,0.5908039212,0.5756146890,0.5538818283,average,0.5523167849,0.5756146890,
O1/0506/1,,videos/sample_002020_O1__0506__1.pt,ok,0.5241625905,0.5461142659,0.5920509459,0.5791960452,average,0.5241625905,0.5920509459,
O1/0506/2,,videos/sample_002021_O1__0506__2.pt,ok,0.5398121476,0.5729596019,0.5828577333,0.5638541829,average,0.5398121476,0.5828577333,
O1/0506/3,,videos/sample_002022_O1__0506__3.pt,ok,0.5373119116,0.5747476220,0.5843168385,0.5628469011,average,0.5373119116,0.5843168385,
O1/0506/4,,videos/sample_002023_O1__0506__4.pt,ok,0.5365493894,0.5842670202,0.5847625630,0.5575143588,average,0.5365493894,0.5847625630,
O1/0507/1,,videos/sample_002024_O1__0507__1.pt,ok,0.5492149591,0.5981572270,0.5774029174,0.5498239037,average,0.5492149591,0.5774029174,
O1/0507/2,,videos/sample_002025_O1__0507__2.pt,ok,0.5492746830,0.5857356191,0.5773684337,0.5566961948,average,0.5492746830,0.5773684337,
O1/0507/3,,videos/sample_002026_O1__0507__3.pt,ok,0.5477725267,0.5867089629,0.5782363830,0.5561546016,average,0.5477725267,0.5782363830,
O1/0507/4,,videos/sample_002027_O1__0507__4.pt,ok,0.5404785275,0.5759670734,0.5824694580,0.5621609549,average,0.5404785275,0.5824694580,
O1/0508/1,,videos/sample_002028_O1__0508__1.pt,ok,0.5468264818,0.5682281256,0.5787836795,0.5665283670,average,0.5468264818,0.5787836795,
O1/0508/2,,videos/sample_002029_O1__0508__2.pt,ok,0.5450692177,0.5666825175,0.5798016494,0.5674046749,average,0.5450692177,0.5798016494,
O1/0508/3,,videos/sample_002030_O1__0508__3.pt,ok,0.5469219685,0.5746971369,0.5787284160,0.5628753172,average,0.5469219685,0.5787284160,
O1/0508/4,,videos/sample_002031_O1__0508__4.pt,ok,0.5486732721,0.5773360729,0.5777157738,0.5613918834,average,0.5486732721,0.5777157738,
O1/0509/1,,videos/sample_002032_O1__0509__1.pt,ok,0.5554615259,0.5994505286,0.5738073731,0.5491132752,average,0.5554615259,0.5738073731,
O1/0509/2,,videos/sample_002033_O1__0509__2.pt,ok,0.5526205301,0.5971453786,0.5754398753,0.5503805238,average,0.5526205301,0.5754398753,
O1/0509/3,,videos/sample_002034_O1__0509__3.pt,ok,0.5563684702,0.5994505286,0.5732871977,0.5491132752,average,0.5563684702,0.5732871977,
O1/0509/4,,videos/sample_002035_O1__0509__4.pt,ok,0.5544486642,0.5971453786,0.5743888551,0.5503805238,average,0.5544486642,0.5743888551,
O1/0510/1,,videos/sample_002036_O1__0510__1.pt,ok,0.6178637147,0.6501536965,0.5390948688,0.5219655463,average,0.6178637147,0.5390948688,
O1/0510/2,,videos/sample_002037_O1__0510__2.pt,ok,0.6171852350,0.6507098079,0.5394607578,0.5216753560,average,0.6171852350,0.5394607578,
O1/0510/3,,videos/sample_002038_O1__0510__3.pt,ok,0.6178333163,0.6507098079,0.5391112566,0.5216753560,average,0.6178333163,0.5391112566,
O1/0510/4,,videos/sample_002039_O1__0510__4.pt,ok,0.6177551150,0.6501536965,0.5391534175,0.5219655463,average,0.6177551150,0.5391534175,
O1/0511/1,,videos/sample_002040_O1__0511__1.pt,ok,0.6123090386,0.6251372695,0.5420976983,0.5351879585,average,0.6123090386,0.5420976983,
O1/0511/2,,videos/sample_002041_O1__0511__2.pt,ok,0.6120715141,0.6240103841,0.5422264751,0.5357913939,average,0.6120715141,0.5422264751,
O1/0511/3,,videos/sample_002042_O1__0511__3.pt,ok,0.6109187603,0.6244999170,0.5428518891,0.5355291706,average,0.6109187603,0.5428518891,
O1/0511/4,,videos/sample_002043_O1__0511__4.pt,ok,0.6108462811,0.6272807717,0.5428912360,0.5340420105,average,0.6108462811,0.5428912360,
O1/0512/1,,videos/sample_002044_O1__0512__1.pt,ok,0.6023720503,0.6212916970,0.5475113701,0.5372500249,average,0.6023720503,0.5475113701,
O1/0512/2,,videos/sample_002045_O1__0512__2.pt,ok,0.6014252901,0.6219601035,0.5480299775,0.5368910435,average,0.6014252901,0.5480299775,
O1/0512/3,,videos/sample_002046_O1__0512__3.pt,ok,0.5996464491,0.6197298169,0.5490057033,0.5380898007,average,0.5996464491,0.5490057033,
O1/0512/4,,videos/sample_002047_O1__0512__4.pt,ok,0.6022274494,0.6213024259,0.5475905464,0.5372442609,average,0.6022274494,0.5475905464,
O1/0513/1,,videos/sample_002048_O1__0513__1.pt,ok,0.5553653240,0.5871415138,0.5738625771,0.5559140885,average,0.5553653240,0.5738625771,
O1/0513/2,,videos/sample_002049_O1__0513__2.pt,ok,0.5566875339,0.5897926092,0.5731043118,0.5544422590,average,0.5566875339,0.5731043118,
O1/0513/3,,videos/sample_002050_O1__0513__3.pt,ok,0.5543652773,0.5911210775,0.5744367536,0.5537061891,average,0.5543652773,0.5744367536,
O1/0513/4,,videos/sample_002051_O1__0513__4.pt,ok,0.5452849269,0.5775702000,0.5796765944,0.5612604618,average,0.5452849269,0.5796765944,
O1/0514/1,,videos/sample_002052_O1__0514__1.pt,ok,0.6224716902,0.6382220984,0.5366164475,0.5282307320,average,0.6224716902,0.5366164475,
O1/0514/2,,videos/sample_002053_O1__0514__2.pt,ok,0.6221326590,0.6385099292,0.5367984081,0.5280787128,average,0.6221326590,0.5367984081,
O1/0514/3,,videos/sample_002054_O1__0514__3.pt,ok,0.6215740442,0.6382220984,0.5370983553,0.5282307320,average,0.6215740442,0.5370983553,
O1/0514/4,,videos/sample_002055_O1__0514__4.pt,ok,0.6229383349,0.6385099292,0.5363660966,0.5280787128,average,0.6229383349,0.5363660966,
O1/0515/1,,videos/sample_002056_O1__0515__1.pt,ok,0.6141820550,0.6448091269,0.5410832907,0.5247626957,average,0.6141820550,0.5410832907,
O1/0515/2,,videos/sample_002057_O1__0515__2.pt,ok,0.6111877561,0.6448091269,0.5427058839,0.5247626957,average,0.6111877561,0.5427058839,
O1/0515/3,,videos/sample_002058_O1__0515__3.pt,ok,0.6135333776,0.6439498067,0.5414343931,0.5252138286,average,0.6135333776,0.5414343931,
O1/0515/4,,videos/sample_002059_O1__0515__4.pt,ok,0.6140392423,0.6439498067,0.5411605698,0.5252138286,average,0.6140392423,0.5411605698,
O1/0516/1,,videos/sample_002060_O1__0516__1.pt,ok,0.5491415262,0.5759333372,0.5774453193,0.5621799204,average,0.5491415262,0.5774453193,
O1/0516/2,,videos/sample_002061_O1__0516__2.pt,ok,0.5440623760,0.5655534267,0.5803857119,0.5680456881,average,0.5440623760,0.5803857119,
O1/0516/3,,videos/sample_002062_O1__0516__3.pt,ok,0.5450091958,0.5786856413,0.5798364513,0.5606347577,average,0.5450091958,0.5798364513,
O1/0516/4,,videos/sample_002063_O1__0516__4.pt,ok,0.5487372279,0.5693467259,0.5776788267,0.5658950025,average,0.5487372279,0.5776788267,
O1/0517/1,,videos/sample_002064_O1__0517__1.pt,ok,0.5530115366,0.5899376869,0.5752149186,0.5543618277,average,0.5530115366,0.5752149186,
O1/0517/2,,videos/sample_002065_O1__0517__2.pt,ok,0.5559522510,0.5903016329,0.5735258605,0.5541601066,average,0.5559522510,0.5735258605,
O1/0517/3,,videos/sample_002066_O1__0517__3.pt,ok,0.5396687984,0.5612589717,0.5829412915,0.5704903803,average,0.5396687984,0.5829412915,
O1/0517/4,,videos/sample_002067_O1__0517__4.pt,ok,0.5495432615,0.5935090780,0.5772133857,0.5523855159,average,0.5495432615,0.5772133857,
O1/0518/1,,videos/sample_002068_O1__0518__1.pt,ok,0.5649293065,0.6003358960,0.5684003275,0.5486273234,average,0.5649293065,0.5684003275,
O1/0518/2,,videos/sample_002069_O1__0518__2.pt,ok,0.5633400679,0.5998331904,0.5693043695,0.5489031908,average,0.5633400679,0.5693043695,
O1/0518/3,,videos/sample_002070_O1__0518__3.pt,ok,0.5588966608,0.5935741663,0.5718396490,0.5523495633,average,0.5588966608,0.5718396490,
O1/0518/4,,videos/sample_002071_O1__0518__4.pt,ok,0.5654069185,0.6035767794,0.5681289175,0.5468521643,average,0.5654069185,0.5681289175,
O1/0519/1,,videos/sample_002072_O1__0519__1.pt,ok,0.5553489327,0.5910926461,0.5738719835,0.5537219320,average,0.5553489327,0.5738719835,
O1/0519/2,,videos/sample_002073_O1__0519__2.pt,ok,0.5445169806,0.5652505755,0.5801219258,0.5682177474,average,0.5445169806,0.5801219258,
O1/0519/3,,videos/sample_002074_O1__0519__3.pt,ok,0.5528759956,0.5935536027,0.5752928890,0.5523609217,average,0.5528759956,0.5752928890,
O1/0519/4,,videos/sample_002075_O1__0519__4.pt,ok,0.5554424524,0.5911223292,0.5738183177,0.5537054960,average,0.5554424524,0.5738183177,
O1/0520/1,,videos/sample_002076_O1__0520__1.pt,ok,0.5554772615,0.5791719556,0.5737983440,0.5603621793,average,0.5554772615,0.5737983440,
O1/0520/2,,videos/sample_002077_O1__0520__2.pt,ok,0.5566390753,0.5834976435,0.5731320843,0.5579434625,average,0.5566390753,0.5731320843,
O1/0520/3,,videos/sample_002078_O1__0520__3.pt,ok,0.5545486212,0.5777981281,0.5743314437,0.5611325493,average,0.5545486212,0.5743314437,
O1/0520/4,,videos/sample_002079_O1__0520__4.pt,ok,0.5571383834,0.5836510658,0.5728459862,0.5578578680,average,0.5571383834,0.5728459862,
O1/0521/1,,videos/sample_002080_O1__0521__1.pt,ok,0.5642221570,0.5990704298,0.5688024137,0.5493220322,average,0.5642221570,0.5688024137,
O1/0521/2,,videos/sample_002081_O1__0521__2.pt,ok,0.5645690560,0.5994516611,0.5686051309,0.5491126534,average,0.5645690560,0.5686051309,
O1/0521/3,,videos/sample_002082_O1__0521__3.pt,ok,0.5684548616,0.6037134528,0.5663999292,0.5467774293,average,0.5684548616,0.5663999292,
O1/0521/4,,videos/sample_002083_O1__0521__4.pt,ok,0.5676302314,0.6009052396,0.5668671923,0.5483150549,average,0.5676302314,0.5668671923,
O1/0522/1,,videos/sample_002084_O1__0522__1.pt,ok,0.6088524461,0.6255799532,0.5439747514,0.5349510919,average,0.6088524461,0.5439747514,
O1/0522/2,,videos/sample_002085_O1__0522__2.pt,ok,0.6105089784,0.6263019443,0.5430743856,0.5345650014,average,0.6105089784,0.5430743856,
O1/0522/3,,videos/sample_002086_O1__0522__3.pt,ok,0.6081811190,0.6263019443,0.5443400590,0.5345650014,average,0.6081811190,0.5443400590,
O1/0522/4,,videos/sample_002087_O1__0522__4.pt,ok,0.6110994220,0.6255799532,0.5427538254,0.5349510919,average,0.6110994220,0.5427538254,
O1/0523/1,,videos/sample_002088_O1__0523__1.pt,ok,0.5483809710,0.5760015249,0.5778846655,0.5621415880,average,0.5483809710,0.5778846655,
O1/0523/2,,videos/sample_002089_O1__0523__2.pt,ok,0.5503308177,0.5789819956,0.5767589767,0.5604686358,average,0.5503308177,0.5767589767,
O1/0523/3,,videos/sample_002090_O1__0523__3.pt,ok,0.5495688319,0.5769328475,0.5771986264,0.5616182965,average,0.5495688319,0.5771986264,
O1/0523/4,,videos/sample_002091_O1__0523__4.pt,ok,0.5483810306,0.5744454265,0.5778846310,0.5630170166,average,0.5483810306,0.5778846310,
O1/0524/1,,videos/sample_002092_O1__0524__1.pt,ok,0.6112866402,0.6250602007,0.5426522216,0.5352292064,average,0.6112866402,0.5426522216,
O1/0524/2,,videos/sample_002093_O1__0524__2.pt,ok,0.6124285460,0.6247274280,0.5420329175,0.5354073457,average,0.6124285460,0.5420329175,
O1/0524/3,,videos/sample_002094_O1__0524__3.pt,ok,0.6119438410,0.6258999705,0.5422957073,0.5347799257,average,0.6119438410,0.5422957073,
O1/0524/4,,videos/sample_002095_O1__0524__4.pt,ok,0.6099305749,0.6252819896,0.5433885926,0.5351105117,average,0.6099305749,0.5433885926,
O1/0525/1,,videos/sample_002096_O1__0525__1.pt,ok,0.5628161430,0.5943813324,0.5696027203,0.5519039053,average,0.5628161430,0.5696027203,
O1/0525/2,,videos/sample_002097_O1__0525__2.pt,ok,0.5618582368,0.5965862274,0.5701486077,0.5506883557,average,0.5618582368,0.5701486077,
O1/0525/3,,videos/sample_002098_O1__0525__3.pt,ok,0.5610984564,0.5916621685,0.5705819601,0.5534066647,average,0.5610984564,0.5705819601,
O1/0525/4,,videos/sample_002099_O1__0525__4.pt,ok,0.5597408414,0.5919715166,0.5713571168,0.5532354959,average,0.5597408414,0.5713571168,
O1/0526/1,,videos/sample_002100_O1__0526__1.pt,ok,0.6145264506,0.6511676908,0.5408969761,0.5214365445,average,0.6145264506,0.5408969761,
O1/0526/2,,videos/sample_002101_O1__0526__2.pt,ok,0.6128721237,0.6511676908,0.5417925371,0.5214365445,average,0.6128721237,0.5417925371,
O1/0526/3,,videos/sample_002102_O1__0526__3.pt,ok,0.6143082380,0.6493308544,0.5410150195,0.5223952183,average,0.6143082380,0.5410150195,
O1/0526/4,,videos/sample_002103_O1__0526__4.pt,ok,0.6139539480,0.6493308544,0.5412067297,0.5223952183,average,0.6139539480,0.5412067297,
O1/0527/1,,videos/sample_002104_O1__0527__1.pt,ok,0.6133736968,0.6266905069,0.5415208567,0.5343573298,average,0.6133736968,0.5415208567,
O1/0527/2,,videos/sample_002105_O1__0527__2.pt,ok,0.6111698151,0.6251484752,0.5427156207,0.5351819614,average,0.6111698151,0.5427156207,
O1/0527/3,,videos/sample_002106_O1__0527__3.pt,ok,0.6129941344,0.6250722408,0.5417264366,0.5352227622,average,0.6129941344,0.5417264366,
O1/0527/4,,videos/sample_002107_O1__0527__4.pt,ok,0.6123436689,0.6256731153,0.5420789256,0.5349012571,average,0.6123436689,0.5420789256,
O1/0528/1,,videos/sample_002108_O1__0528__1.pt,ok,0.5425729752,0.5782877207,0.5812507829,0.5608578902,average,0.5425729752,0.5812507829,
O1/0528/2,,videos/sample_002109_O1__0528__2.pt,ok,0.5403939486,0.5605321527,0.5825187248,0.5709051743,average,0.5403939486,0.5825187248,
O1/0528/3,,videos/sample_002110_O1__0528__3.pt,ok,0.5455520749,0.5779621601,0.5795217556,0.5610405132,average,0.5455520749,0.5795217556,
O1/0528/4,,videos/sample_002111_O1__0528__4.pt,ok,0.5438498259,0.5656684041,0.5805090860,0.5679803794,average,0.5438498259,0.5805090860,
O1/0529/1,,videos/sample_002112_O1__0529__1.pt,ok,0.5898355842,0.6121106744,0.5544184324,0.5422052418,average,0.5898355842,0.5544184324,
O1/0529/2,,videos/sample_002113_O1__0529__2.pt,ok,0.5907022953,0.6106199026,0.5539381200,0.5430141488,average,0.5907022953,0.5539381200,
O1/0529/3,,videos/sample_002114_O1__0529__3.pt,ok,0.5905088782,0.6130052209,0.5540452714,0.5417204308,average,0.5905088782,0.5540452714,
O1/0529/4,,videos/sample_002115_O1__0529__4.pt,ok,0.5892515182,0.6100171208,0.5547423439,0.5433415665,average,0.5892515182,0.5547423439,
O1/0530/1,,videos/sample_002116_O1__0530__1.pt,ok,0.5547548532,0.5845862031,0.5742130104,0.5573364382,average,0.5547548532,0.5742130104,
O1/0530/2,,videos/sample_002117_O1__0530__2.pt,ok,0.5560761690,0.5893129706,0.5734547947,0.5547082547,average,0.5560761690,0.5734547947,
O1/0530/3,,videos/sample_002118_O1__0530__3.pt,ok,0.5513871908,0.5695596933,0.5761500258,0.5657744981,average,0.5513871908,0.5761500258,
O1/0530/4,,videos/sample_002119_O1__0530__4.pt,ok,0.5501884222,0.5703707337,0.5768411105,0.5653158182,average,0.5501884222,0.5768411105,
O1/0531/1,,videos/sample_002120_O1__0531__1.pt,ok,0.6144312620,0.6280612350,0.5409484658,0.5336253730,average,0.6144312620,0.5409484658,
O1/0531/2,,videos/sample_002121_O1__0531__2.pt,ok,0.6149755120,0.6287750602,0.5406541347,0.5332445936,average,0.6149755120,0.5406541347,
O1/0531/3,,videos/sample_002122_O1__0531__3.pt,ok,0.6125978231,0.6275054812,0.5419411715,0.5339220197,average,0.6125978231,0.5419411715,
O1/0531/4,,videos/sample_002123_O1__0531__4.pt,ok,0.6142156124,0.6287750602,0.5410651337,0.5332445936,average,0.6142156124,0.5410651337,
O1/0532/1,,videos/sample_002124_O1__0532__1.pt,ok,0.6125102639,0.6446862221,0.5419886255,0.5248271955,average,0.6125102639,0.5419886255,
O1/0532/2,,videos/sample_002125_O1__0532__2.pt,ok,0.6105616689,0.6435719728,0.5430457715,0.5254123097,average,0.6105616689,0.5430457715,
O1/0532/3,,videos/sample_002126_O1__0532__3.pt,ok,0.6132286191,0.6446862221,0.5415994250,0.5248271955,average,0.6132286191,0.5415994250,
O1/0532/4,,videos/sample_002127_O1__0532__4.pt,ok,0.6126947403,0.6435719728,0.5418886506,0.5254123097,average,0.6126947403,0.5418886506,
O1/0533/1,,videos/sample_002128_O1__0533__1.pt,ok,0.6102357507,0.6403573751,0.5432227888,0.5271040165,average,0.6102357507,0.5432227888,
O1/0533/2,,videos/sample_002129_O1__0533__2.pt,ok,0.6077494025,0.6388053894,0.5445751103,0.5279227096,average,0.6077494025,0.5445751103,
O1/0533/3,,videos/sample_002130_O1__0533__3.pt,ok,0.6095317602,0.6388053894,0.5436053471,0.5279227096,average,0.6095317602,0.5436053471,
O1/0533/4,,videos/sample_002131_O1__0533__4.pt,ok,0.6096104980,0.6403573751,0.5435625466,0.5271040165,average,0.6096104980,0.5435625466,
O1/0534/1,,videos/sample_002132_O1__0534__1.pt,ok,0.6143329144,0.6465489268,0.5410016694,0.5238505073,average,0.6143329144,0.5410016694,
O1/0534/2,,videos/sample_002133_O1__0534__2.pt,ok,0.6154755950,0.6465489268,0.5403838303,0.5238505073,average,0.6154755950,0.5403838303,
O1/0534/3,,videos/sample_002134_O1__0534__3.pt,ok,0.6165137291,0.6471421719,0.5398231305,0.5235398277,average,0.6165137291,0.5398231305,
O1/0534/4,,videos/sample_002135_O1__0534__4.pt,ok,0.6161748767,0.6471421719,0.5400060819,0.5235398277,average,0.6161748767,0.5400060819,
O1/0535/1,,videos/sample_002136_O1__0535__1.pt,ok,0.5607384443,0.5807141662,0.5707874135,0.5594986488,average,0.5607384443,0.5707874135,
O1/0535/2,,videos/sample_002137_O1__0535__2.pt,ok,0.5596568584,0.5807781219,0.5714051030,0.5594628668,average,0.5596568584,0.5714051030,
O1/0535/3,,videos/sample_002138_O1__0535__3.pt,ok,0.5617514253,0.5847955942,0.5702095094,0.5572197491,average,0.5617514253,0.5702095094,
O1/0535/4,,videos/sample_002139_O1__0535__4.pt,ok,0.5617616773,0.5860295892,0.5702036637,0.5565325668,average,0.5617616773,0.5702036637,
O1/0536/1,,videos/sample_002140_O1__0536__1.pt,ok,0.5689541698,0.6048402786,0.5661171917,0.5461616534,average,0.5689541698,0.5661171917,
O1/0536/2,,videos/sample_002141_O1__0536__2.pt,ok,0.5693549514,0.6057161093,0.5658903478,0.5456835177,average,0.5693549514,0.5658903478,
O1/0536/3,,videos/sample_002142_O1__0536__3.pt,ok,0.5637711287,0.5958771110,0.5690590176,0.5510789964,average,0.5637711287,0.5690590176,
O1/0536/4,,videos/sample_002143_O1__0536__4.pt,ok,0.5661801100,0.6031601429,0.5676898149,0.5470800504,average,0.5661801100,0.5676898149,
O1/0537/1,,videos/sample_002144_O1__0537__1.pt,ok,0.5614972711,0.5971347094,0.5703544490,0.5503863959,average,0.5614972711,0.5703544490,
O1/0537/2,,videos/sample_002145_O1__0537__2.pt,ok,0.5591711402,0.6012893319,0.5716827123,0.5481044917,average,0.5591711402,0.5716827123,
O1/0537/3,,videos/sample_002146_O1__0537__3.pt,ok,0.5542442203,0.5894685388,0.5745062974,0.5546219665,average,0.5542442203,0.5745062974,
O1/0537/4,,videos/sample_002147_O1__0537__4.pt,ok,0.5622116923,0.5976926088,0.5699471212,0.5500794213,average,0.5622116923,0.5699471212,
O1/0538/1,,videos/sample_002148_O1__0538__1.pt,ok,0.5553340912,0.5920915604,0.5738805007,0.5531690874,average,0.5553340912,0.5738805007,
O1/0538/2,,videos/sample_002149_O1__0538__2.pt,ok,0.5414360762,0.5622615814,0.5819119821,0.5699186877,average,0.5414360762,0.5819119821,
O1/0538/3,,videos/sample_002150_O1__0538__3.pt,ok,0.5536396503,0.5954160094,0.5748537316,0.5513331584,average,0.5536396503,0.5748537316,
O1/0538/4,,videos/sample_002151_O1__0538__4.pt,ok,0.5560620427,0.5894233584,0.5734628956,0.5546470251,average,0.5560620427,0.5734628956,
O1/0539/1,,videos/sample_002152_O1__0539__1.pt,ok,0.6175540090,0.6314951181,0.5392618554,0.5317961083,average,0.6175540090,0.5392618554,
O1/0539/2,,videos/sample_002153_O1__0539__2.pt,ok,0.6168880463,0.6307952404,0.5396211033,0.5321684309,average,0.6168880463,0.5396211033,
O1/0539/3,,videos/sample_002154_O1__0539__3.pt,ok,0.6156790257,0.6305322051,0.5402739109,0.5323084283,average,0.6156790257,0.5402739109,
O1/0539/4,,videos/sample_002155_O1__0539__4.pt,ok,0.6171761751,0.6319450140,0.5394656453,0.5315569093,average,0.6171761751,0.5394656453,
O1/0540/1,,videos/sample_002156_O1__0540__1.pt,ok,0.6146375537,0.6292156577,0.5408368841,0.5330096991,average,0.6146375537,0.5408368841,
O1/0540/2,,videos/sample_002157_O1__0540__2.pt,ok,0.6147480011,0.6303343177,0.5407771534,0.5324137759,average,0.6147480011,0.5407771534,
O1/0540/3,,videos/sample_002158_O1__0540__3.pt,ok,0.6152456403,0.6285408735,0.5405081084,0.5333694870,average,0.6152456403,0.5405081084,
O1/0540/4,,videos/sample_002159_O1__0540__4.pt,ok,0.6162231565,0.6292156577,0.5399800112,0.5330096991,average,0.6162231565,0.5399800112,
O1/0541/1,,videos/sample_002160_O1__0541__1.pt,ok,0.6216474771,0.6463642120,0.5370589161,0.5239472791,average,0.6216474771,0.5370589161,
O1/0541/2,,videos/sample_002161_O1__0541__2.pt,ok,0.6213198304,0.6456397772,0.5372349105,0.5243269823,average,0.6213198304,0.5372349105,
O1/0541/3,,videos/sample_002162_O1__0541__3.pt,ok,0.6197044849,0.6456397772,0.5381034318,0.5243269823,average,0.6197044849,0.5381034318,
O1/0541/4,,videos/sample_002163_O1__0541__4.pt,ok,0.6215003729,0.6463642120,0.5371379255,0.5239472791,average,0.6215003729,0.5371379255,
O1/0542/1,,videos/sample_002164_O1__0542__1.pt,ok,0.5372938514,0.5675345659,0.5843273915,0.5669214245,average,0.5372938514,0.5843273915,
O1/0542/2,,videos/sample_002165_O1__0542__2.pt,ok,0.5318294168,0.5520225167,0.5875291502,0.5757840990,average,0.5318294168,0.5875291502,
O1/0542/3,,videos/sample_002166_O1__0542__3.pt,ok,0.5345430374,0.5554818511,0.5859369803,0.5737957105,average,0.5345430374,0.5859369803,
O1/0542/4,,videos/sample_002167_O1__0542__4.pt,ok,0.5376774669,0.5705031753,0.5841032774,0.5652409519,average,0.5376774669,0.5841032774,
O1/0543/1,,videos/sample_002168_O1__0543__1.pt,ok,0.5460956693,0.5800726414,0.5792068164,0.5598576963,average,0.5460956693,0.5792068164,
O1/0543/2,,videos/sample_002169_O1__0543__2.pt,ok,0.5320522189,0.5509663820,0.5873982621,0.5763925258,average,0.5320522189,0.5873982621,
O1/0543/3,,videos/sample_002170_O1__0543__3.pt,ok,0.5441024899,0.5793763995,0.5803624308,0.5602476283,average,0.5441024899,0.5803624308,
O1/0543/4,,videos/sample_002171_O1__0543__4.pt,ok,0.5444301963,0.5847323537,0.5801722735,0.5572549891,average,0.5444301963,0.5801722735,
O1/0544/1,,videos/sample_002172_O1__0544__1.pt,ok,0.5858458281,0.6052185893,0.5566348453,0.5459550737,average,0.5858458281,0.5566348453,
O1/0544/2,,videos/sample_002173_O1__0544__2.pt,ok,0.5869360566,0.6113260984,0.5560283168,0.5426308099,average,0.5869360566,0.5560283168,
O1/0544/3,,videos/sample_002174_O1__0544__3.pt,ok,0.5846320391,0.6040475368,0.5573108927,0.5465947902,average,0.5846320391,0.5573108927,
O1/0544/4,,videos/sample_002175_O1__0544__4.pt,ok,0.5860322714,0.6098407507,0.5565310741,0.5434374042,average,0.5860322714,0.5565310741,
O1/0545/1,,videos/sample_002176_O1__0545__1.pt,ok,0.5399442911,0.5759058595,0.5827807175,0.5621953681,average,0.5399442911,0.5827807175,
O1/0545/2,,videos/sample_002177_O1__0545__2.pt,ok,0.5492399931,0.5893511772,0.5773884629,0.5546870616,average,0.5492399931,0.5773884629,
O1/0545/3,,videos/sample_002178_O1__0545__3.pt,ok,0.5503080487,0.5939349532,0.5767721091,0.5521503187,average,0.5503080487,0.5767721091,
O1/0545/4,,videos/sample_002179_O1__0545__4.pt,ok,0.5481787324,0.5864271522,0.5780015478,0.5563113541,average,0.5481787324,0.5780015478,
O1/0546/1,,videos/sample_002180_O1__0546__1.pt,ok,0.5472482443,0.5693487525,0.5785396217,0.5658938557,average,0.5472482443,0.5785396217,
O1/0546/2,,videos/sample_002181_O1__0546__2.pt,ok,0.5460983515,0.5689243674,0.5792052629,0.5661340636,average,0.5460983515,0.5792052629,
O1/0546/3,,videos/sample_002182_O1__0546__3.pt,ok,0.5485108495,0.5779297352,0.5778096155,0.5610587051,average,0.5485108495,0.5778096155,
O1/0546/4,,videos/sample_002183_O1__0546__4.pt,ok,0.5490653515,0.5804496408,0.5774893077,0.5596466700,average,0.5490653515,0.5774893077,
O1/0547/1,,videos/sample_002184_O1__0547__1.pt,ok,0.6357575655,0.6597917676,0.5295341795,0.5169589709,average,0.6357575655,0.5295341795,
O1/0547/2,,videos/sample_002185_O1__0547__2.pt,ok,0.6363050342,0.6607700586,0.5292443555,0.5164534819,average,0.6363050342,0.5292443555,
O1/0547/3,,videos/sample_002186_O1__0547__3.pt,ok,0.6348748803,0.6597917676,0.5300017978,0.5169589709,average,0.6348748803,0.5300017978,
O1/0547/4,,videos/sample_002187_O1__0547__4.pt,ok,0.6364864707,0.6607700586,0.5291483399,0.5164534819,average,0.6364864707,0.5291483399,
O1/0548/1,,videos/sample_002188_O1__0548__1.pt,ok,0.6114323735,0.6450554729,0.5425731448,0.5246334384,average,0.6114323735,0.5425731448,
O1/0548/2,,videos/sample_002189_O1__0548__2.pt,ok,0.6096207500,0.6450554729,0.5435569740,0.5246334384,average,0.6096207500,0.5435569740,
O1/0548/3,,videos/sample_002190_O1__0548__3.pt,ok,0.6127459407,0.6435965300,0.5418609064,0.5253994072,average,0.6127459407,0.5418609064,
O1/0548/4,,videos/sample_002191_O1__0548__4.pt,ok,0.6120809913,0.6435965300,0.5422213363,0.5253994072,average,0.6120809913,0.5422213363,
O1/0549/1,,videos/sample_002192_O1__0549__1.pt,ok,0.6219219565,0.6506671309,0.5369115247,0.5216976200,average,0.6219219565,0.5369115247,
O1/0549/2,,videos/sample_002193_O1__0549__2.pt,ok,0.6209176183,0.6507084966,0.5374510364,0.5216760401,average,0.6209176183,0.5374510364,
O1/0549/3,,videos/sample_002194_O1__0549__3.pt,ok,0.6186424494,0.6507084966,0.5386752203,0.5216760401,average,0.6186424494,0.5386752203,
O1/0549/4,,videos/sample_002195_O1__0549__4.pt,ok,0.6214041114,0.6506671309,0.5371896337,0.5216976200,average,0.6214041114,0.5371896337,
O1/0550/1,,videos/sample_002196_O1__0550__1.pt,ok,0.6064027548,0.6195616126,0.5453089551,0.5381803174,average,0.6064027548,0.5453089551,
O1/0550/2,,videos/sample_002197_O1__0550__2.pt,ok,0.6060121655,0.6201401353,0.5455219885,0.5378690579,average,0.6060121655,0.5455219885,
O1/0550/3,,videos/sample_002198_O1__0550__3.pt,ok,0.6073917747,0.6201401353,0.5447699004,0.5378690579,average,0.6073917747,0.5447699004,
O1/0550/4,,videos/sample_002199_O1__0550__4.pt,ok,0.6055703759,0.6195616126,0.5457630477,0.5381803174,average,0.6055703759,0.5457630477,
O1/0551/1,,videos/sample_002200_O1__0551__1.pt,ok,0.6224135160,0.6526083350,0.5366476656,0.5206858808,average,0.6224135160,0.5366476656,
O1/0551/2,,videos/sample_002201_O1__0551__2.pt,ok,0.6211960912,0.6526083350,0.5373013916,0.5206858808,average,0.6211960912,0.5373013916,
O1/0551/3,,videos/sample_002202_O1__0551__3.pt,ok,0.6227330565,0.6516749263,0.5364762123,0.5211721204,average,0.6227330565,0.5364762123,
O1/0551/4,,videos/sample_002203_O1__0551__4.pt,ok,0.6223801374,0.6516749263,0.5366655784,0.5211721204,average,0.6223801374,0.5366655784,
O1/0552/1,,videos/sample_002204_O1__0552__1.pt,ok,0.5689578056,0.6055680513,0.5661151334,0.5457643164,average,0.5689578056,0.5661151334,
O1/0552/2,,videos/sample_002205_O1__0552__2.pt,ok,0.5640406013,0.6119554639,0.5689056924,0.5422894042,average,0.5640406013,0.5689056924,
O1/0552/3,,videos/sample_002206_O1__0552__3.pt,ok,0.5590353012,0.5975353122,0.5717603744,0.5501659538,average,0.5590353012,0.5717603744,
O1/0552/4,,videos/sample_002207_O1__0552__4.pt,ok,0.5689492822,0.6054309607,0.5661199586,0.5458391408,average,0.5689492822,0.5661199586,
O1/0553/1,,videos/sample_002208_O1__0553__1.pt,ok,0.5501694679,0.5880308747,0.5768520442,0.5554199000,average,0.5501694679,0.5768520442,
O1/0553/2,,videos/sample_002209_O1__0553__2.pt,ok,0.5318416953,0.5506498218,0.5875219363,0.5765750176,average,0.5318416953,0.5875219363,
O1/0553/3,,videos/sample_002210_O1__0553__3.pt,ok,0.5505741239,0.5889878869,0.5766186648,0.5548886107,average,0.5505741239,0.5766186648,
O1/0553/4,,videos/sample_002211_O1__0553__4.pt,ok,0.5470220447,0.5955236554,0.5786705019,0.5512738128,average,0.5470220447,0.5786705019,
O1/0554/1,,videos/sample_002212_O1__0554__1.pt,ok,0.6103162169,0.6457135081,0.5431790795,0.5242883246,average,0.6103162169,0.5431790795,
O1/0554/2,,videos/sample_002213_O1__0554__2.pt,ok,0.6088201404,0.6446997523,0.5439923252,0.5248200945,average,0.6088201404,0.5439923252,
O1/0554/3,,videos/sample_002214_O1__0554__3.pt,ok,0.6109806895,0.6446997523,0.5428182718,0.5248200945,average,0.6109806895,0.5428182718,
O1/0554/4,,videos/sample_002215_O1__0554__4.pt,ok,0.6102225184,0.6457135081,0.5432299769,0.5242883246,average,0.6102225184,0.5432299769,
O1/0555/1,,videos/sample_002216_O1__0555__1.pt,ok,0.5570166707,0.5904558301,0.5729157131,0.5540746633,average,0.5570166707,0.5729157131,
O1/0555/2,,videos/sample_002217_O1__0555__2.pt,ok,0.5627811551,0.5926201344,0.5696226499,0.5528767739,average,0.5627811551,0.5696226499,
O1/0555/3,,videos/sample_002218_O1__0555__3.pt,ok,0.5637931228,0.5960063934,0.5690465018,0.5510077561,average,0.5637931228,0.5690465018,
O1/0555/4,,videos/sample_002219_O1__0555__4.pt,ok,0.5636401176,0.5960476398,0.5691335755,0.5509850295,average,0.5636401176,0.5691335755,
O1/0556/1,,videos/sample_002220_O1__0556__1.pt,ok,0.5460463762,0.5867213607,0.5792353680,0.5561477066,average,0.5460463762,0.5792353680,
O1/0556/2,,videos/sample_002221_O1__0556__2.pt,ok,0.5395698547,0.5766152740,0.5829989727,0.5617966800,average,0.5395698547,0.5829989727,
O1/0556/3,,videos/sample_002222_O1__0556__3.pt,ok,0.5462742448,0.5864896178,0.5791033935,0.5562766048,average,0.5462742448,0.5791033935,
O1/0556/4,,videos/sample_002223_O1__0556__4.pt,ok,0.5445526242,0.5872815847,0.5801012485,0.5558362265,average,0.5445526242,0.5801012485,
O1/0557/1,,videos/sample_002224_O1__0557__1.pt,ok,0.5751206279,0.5959494114,0.5626369950,0.5510391546,average,0.5751206279,0.5626369950,
O1/0557/2,,videos/sample_002225_O1__0557__2.pt,ok,0.5741779804,0.5967214108,0.5631676134,0.5506139169,average,0.5741779804,0.5631676134,
O1/0557/3,,videos/sample_002226_O1__0557__3.pt,ok,0.5740638971,0.5927454829,0.5632318651,0.5528074759,average,0.5740638971,0.5632318651,
O1/0557/4,,videos/sample_002227_O1__0557__4.pt,ok,0.5726290345,0.5916206837,0.5640406055,0.5534296232,average,0.5726290345,0.5640406055,
O1/0558/1,,videos/sample_002228_O1__0558__1.pt,ok,0.5600791574,0.5953359008,0.5711638502,0.5513773267,average,0.5600791574,0.5711638502,
O1/0558/2,,videos/sample_002229_O1__0558__2.pt,ok,0.5609039068,0.5959202051,0.5706929774,0.5510552486,average,0.5609039068,0.5706929774,
O1/0558/3,,videos/sample_002230_O1__0558__3.pt,ok,0.5602405071,0.6000789404,0.5710717005,0.5487683144,average,0.5602405071,0.5710717005,
O1/0558/4,,videos/sample_002231_O1__0558__4.pt,ok,0.5552619100,0.5904732943,0.5739219256,0.5540649869,average,0.5552619100,0.5739219256,
O1/0559/1,,videos/sample_002232_O1__0559__1.pt,ok,0.5694571733,0.5955114961,0.5658325043,0.5512805159,average,0.5694571733,0.5658325043,
O1/0559/2,,videos/sample_002233_O1__0559__2.pt,ok,0.5658253431,0.5873258114,0.5678912481,0.5558116443,average,0.5658253431,0.5678912481,
O1/0559/3,,videos/sample_002234_O1__0559__3.pt,ok,0.5708588958,0.5964345336,0.5650399198,0.5507718981,average,0.5708588958,0.5650399198,
O1/0559/4,,videos/sample_002235_O1__0559__4.pt,ok,0.5691928267,0.5929478407,0.5659821000,0.5526956223,average,0.5691928267,0.5659821000,
O1/0560/1,,videos/sample_002236_O1__0560__1.pt,ok,0.5379619598,0.5576687455,0.5839371278,0.5725422509,average,0.5379619598,0.5839371278,
O1/0560/2,,videos/sample_002237_O1__0560__2.pt,ok,0.5560399294,0.5872940421,0.5734755769,0.5558293023,average,0.5560399294,0.5734755769,
O1/0560/3,,videos/sample_002238_O1__0560__3.pt,ok,0.5581902862,0.5903478861,0.5722437247,0.5541344755,average,0.5581902862,0.5722437247,
O1/0560/4,,videos/sample_002239_O1__0560__4.pt,ok,0.5496196151,0.5867535472,0.5771693151,0.5561298064,average,0.5496196151,0.5771693151,
O1/0561/1,,videos/sample_002240_O1__0561__1.pt,ok,0.5772323608,0.5987829566,0.5614501096,0.5494799703,average,0.5772323608,0.5614501096,
O1/0561/2,,videos/sample_002241_O1__0561__2.pt,ok,0.5766357183,0.5975865722,0.5617851945,0.5501377530,average,0.5766357183,0.5617851945,
O1/0561/3,,videos/sample_002242_O1__0561__3.pt,ok,0.5764067769,0.5975865722,0.5619138251,0.5501377530,average,0.5764067769,0.5619138251,
O1/0561/4,,videos/sample_002243_O1__0561__4.pt,ok,0.5773725510,0.5987829566,0.5613714053,0.5494799703,average,0.5773725510,0.5613714053,
O1/0562/1,,videos/sample_002244_O1__0562__1.pt,ok,0.5551188588,0.5795200467,0.5740040317,0.5601671561,average,0.5551188588,0.5740040317,
O1/0562/2,,videos/sample_002245_O1__0562__2.pt,ok,0.5527787805,0.5762798190,0.5753488190,0.5619851691,average,0.5527787805,0.5753488190,
O1/0562/3,,videos/sample_002246_O1__0562__3.pt,ok,0.5543854833,0.5788713098,0.5744251466,0.5605306752,average,0.5543854833,0.5744251466,
O1/0562/4,,videos/sample_002247_O1__0562__4.pt,ok,0.5532644987,0.5770826936,0.5750694294,0.5615341465,average,0.5532644987,0.5750694294,
O1/0563/1,,videos/sample_002248_O1__0563__1.pt,ok,0.5650619864,0.5928532481,0.5683249172,0.5527479057,average,0.5650619864,0.5683249172,
O1/0563/2,,videos/sample_002249_O1__0563__2.pt,ok,0.5626547337,0.5843054652,0.5696946670,0.5574929256,average,0.5626547337,0.5696946670,
O1/0563/3,,videos/sample_002250_O1__0563__3.pt,ok,0.5632050037,0.5849645138,0.5693812673,0.5571256317,average,0.5632050037,0.5693812673,
O1/0563/4,,videos/sample_002251_O1__0563__4.pt,ok,0.5649497509,0.5920963287,0.5683887071,0.5531664497,average,0.5649497509,0.5683887071,
O1/0564/1,,videos/sample_002252_O1__0564__1.pt,ok,0.5597186089,0.5841210485,0.5713698196,0.5575957461,average,0.5597186089,0.5713698196,
O1/0564/2,,videos/sample_002253_O1__0564__2.pt,ok,0.5591239929,0.5856496096,0.5717096663,0.5567440780,average,0.5591239929,0.5717096663,
O1/0564/3,,videos/sample_002254_O1__0564__3.pt,ok,0.5584449172,0.5793226957,0.5720980323,0.5602777166,average,0.5584449172,0.5720980323,
O1/0564/4,,videos/sample_002255_O1__0564__4.pt,ok,0.5572249889,0.5799007416,0.5727963767,0.5599539440,average,0.5572249889,0.5727963767,
O1/0565/1,,videos/sample_002256_O1__0565__1.pt,ok,0.6163950562,0.6304606199,0.5398871967,0.5323465351,average,0.6163950562,0.5398871967,
O1/0565/2,,videos/sample_002257_O1__0565__2.pt,ok,0.6149334908,0.6307314038,0.5406768541,0.5322024037,average,0.6149334908,0.5406768541,
O1/0565/3,,videos/sample_002258_O1__0565__3.pt,ok,0.6170549989,0.6304606199,0.5395310197,0.5323465351,average,0.6170549989,0.5395310197,
O1/0565/4,,videos/sample_002259_O1__0565__4.pt,ok,0.6161467433,0.6303981543,0.5400212743,0.5323797895,average,0.6161467433,0.5400212743,
O1/0566/1,,videos/sample_002260_O1__0566__1.pt,ok,0.5406742096,0.5807965398,0.5823554903,0.5594525628,average,0.5406742096,0.5823554903,
O1/0566/2,,videos/sample_002261_O1__0566__2.pt,ok,0.5423830152,0.5849317908,0.5813612078,0.5571438628,average,0.5423830152,0.5813612078,
O1/0566/3,,videos/sample_002262_O1__0566__3.pt,ok,0.5356459618,0.5741828680,0.5852910923,0.5631648609,average,0.5356459618,0.5852910923,
O1/0566/4,,videos/sample_002263_O1__0566__4.pt,ok,0.5416248441,0.5754243135,0.5818021462,0.5624661562,average,0.5416248441,0.5818021462,
O1/0567/1,,videos/sample_002264_O1__0567__1.pt,ok,0.5317966938,0.5669165254,0.5875483762,0.5672719133,average,0.5317966938,0.5875483762,
O1/0567/2,,videos/sample_002265_O1__0567__2.pt,ok,0.5254098177,0.5466040969,0.5913129842,0.5789124065,average,0.5254098177,0.5913129842,
O1/0567/3,,videos/sample_002266_O1__0567__3.pt,ok,0.5363730788,0.5710691214,0.5848656719,0.5649211465,average,0.5363730788,0.5848656719,
O1/0567/4,,videos/sample_002267_O1__0567__4.pt,ok,0.5342520475,0.5647580624,0.5861075068,0.5684976711,average,0.5342520475,0.5861075068,
O1/0568/1,,videos/sample_002268_O1__0568__1.pt,ok,0.5693772435,0.5905838609,0.5658777330,0.5540037292,average,0.5693772435,0.5658777330,
O1/0568/2,,videos/sample_002269_O1__0568__2.pt,ok,0.5683902502,0.5888869762,0.5664365263,0.5549446077,average,0.5683902502,0.5664365263,
O1/0568/3,,videos/sample_002270_O1__0568__3.pt,ok,0.5679277182,0.5902258158,0.5666985819,0.5542021230,average,0.5679277182,0.5666985819,
O1/0568/4,,videos/sample_002271_O1__0568__4.pt,ok,0.5667095184,0.5876168013,0.5673893546,0.5556499323,average,0.5667095184,0.5673893546,
O1/0569/1,,videos/sample_002272_O1__0569__1.pt,ok,0.5566877127,0.5796768069,0.5731042093,0.5600793511,average,0.5566877127,0.5731042093,
O1/0569/2,,videos/sample_002273_O1__0569__2.pt,ok,0.5558444858,0.5791233778,0.5735876700,0.5603894011,average,0.5558444858,0.5735876700,
O1/0569/3,,videos/sample_002274_O1__0569__3.pt,ok,0.5584464073,0.5866431594,0.5720971798,0.5561911998,average,0.5584464073,0.5720971798,
O1/0569/4,,videos/sample_002275_O1__0569__4.pt,ok,0.5582932234,0.5861535072,0.5721848226,0.5564636067,average,0.5582932234,0.5721848226,
O1/0570/1,,videos/sample_002276_O1__0570__1.pt,ok,0.5308755040,0.5620705485,0.5880898692,0.5700275713,average,0.5308755040,0.5880898692,
O1/0570/2,,videos/sample_002277_O1__0570__2.pt,ok,0.5436945558,0.5795825720,0.5805992288,0.5601321326,average,0.5436945558,0.5805992288,
O1/0570/3,,videos/sample_002278_O1__0570__3.pt,ok,0.5460525155,0.5859577656,0.5792318119,0.5565725404,average,0.5460525155,0.5792318119,
O1/0570/4,,videos/sample_002279_O1__0570__4.pt,ok,0.5403998494,0.5867515802,0.5825152874,0.5561309003,average,0.5403998494,0.5825152874,
O1/0571/1,,videos/sample_002280_O1__0571__1.pt,ok,0.6075310111,0.6229329109,0.5446940538,0.5363690059,average,0.6075310111,0.5446940538,
O1/0571/2,,videos/sample_002281_O1__0571__2.pt,ok,0.6100082994,0.6202791929,0.5433463596,0.5377942683,average,0.6100082994,0.5433463596,
O1/0571/3,,videos/sample_002282_O1__0571__3.pt,ok,0.6097280383,0.6221439838,0.5434986598,0.5367923289,average,0.6097280383,0.5434986598,
O1/0571/4,,videos/sample_002283_O1__0571__4.pt,ok,0.6088446379,0.6211104393,0.5439789989,0.5373474145,average,0.6088446379,0.5439789989,
O1/0572/1,,videos/sample_002284_O1__0572__1.pt,ok,0.6189331412,0.6492636800,0.5385186546,0.5224303111,average,0.6189331412,0.5385186546,
O1/0572/2,,videos/sample_002285_O1__0572__2.pt,ok,0.6197584271,0.6495847106,0.5380744061,0.5222626219,average,0.6197584271,0.5380744061,
O1/0572/3,,videos/sample_002286_O1__0572__3.pt,ok,0.6189331412,0.6492636800,0.5385186546,0.5224303111,average,0.6189331412,0.5385186546,
O1/0572/4,,videos/sample_002287_O1__0572__4.pt,ok,0.6197584271,0.6495847106,0.5380744061,0.5222626219,average,0.6197584271,0.5380744061,
O1/0573/1,,videos/sample_002288_O1__0573__1.pt,ok,0.5485958457,0.5746500492,0.5777605060,0.5629018223,average,0.5485958457,0.5777605060,
O1/0573/2,,videos/sample_002289_O1__0573__2.pt,ok,0.5475723147,0.5748933554,0.5783521645,0.5627648815,average,0.5475723147,0.5783521645,
O1/0573/3,,videos/sample_002290_O1__0573__3.pt,ok,0.5477503538,0.5746500492,0.5782492044,0.5629018223,average,0.5477503538,0.5782492044,
O1/0573/4,,videos/sample_002291_O1__0573__4.pt,ok,0.5460714698,0.5733099580,0.5792208331,0.5636566677,average,0.5460714698,0.5792208331,
O1/0574/1,,videos/sample_002292_O1__0574__1.pt,ok,0.5518056750,0.6022978425,0.5759089665,0.5475520012,average,0.5518056750,0.5759089665,
O1/0574/2,,videos/sample_002293_O1__0574__2.pt,ok,0.5539614558,0.5903134942,0.5746687703,0.5541535336,average,0.5539614558,0.5746687703,
O1/0574/3,,videos/sample_002294_O1__0574__3.pt,ok,0.5397574306,0.5606076121,0.5828896264,0.5708620957,average,0.5397574306,0.5828896264,
O1/0574/4,,videos/sample_002295_O1__0574__4.pt,ok,0.5560682416,0.5924344063,0.5734593408,0.5529794681,average,0.5560682416,0.5734593408,
O1/0575/1,,videos/sample_002296_O1__0575__1.pt,ok,0.5795309544,0.6036840677,0.5601610461,0.5467934966,average,0.5795309544,0.5601610461,
O1/0575/2,,videos/sample_002297_O1__0575__2.pt,ok,0.5786694884,0.6023285985,0.5606438136,0.5475351609,average,0.5786694884,0.5606438136,
O1/0575/3,,videos/sample_002298_O1__0575__3.pt,ok,0.5797987580,0.6037442088,0.5600110530,0.5467606129,average,0.5797987580,0.5600110530,
O1/0575/4,,videos/sample_002299_O1__0575__4.pt,ok,0.5790964365,0.6022618413,0.5604044989,0.5475717141,average,0.5790964365,0.5604044989,
O1/0576/1,,videos/sample_002300_O1__0576__1.pt,ok,0.5644150972,0.5857275128,0.5686926794,0.5567007075,average,0.5644150972,0.5686926794,
O1/0576/2,,videos/sample_002301_O1__0576__2.pt,ok,0.5650532246,0.5857705474,0.5683298968,0.5566767507,average,0.5650532246,0.5683298968,
O1/0576/3,,videos/sample_002302_O1__0576__3.pt,ok,0.5653556585,0.5857705474,0.5681580406,0.5566767507,average,0.5653556585,0.5681580406,
O1/0576/4,,videos/sample_002303_O1__0576__4.pt,ok,0.5637854338,0.5848711729,0.5690508772,0.5571776368,average,0.5637854338,0.5690508772,
O1/0577/1,,videos/sample_002304_O1__0577__1.pt,ok,0.5511964560,0.5756123662,0.5762599281,0.5623603928,average,0.5511964560,0.5762599281,
O1/0577/2,,videos/sample_002305_O1__0577__2.pt,ok,0.5495669842,0.5697098374,0.5771996929,0.5656895568,average,0.5495669842,0.5771996929,
O1/0577/3,,videos/sample_002306_O1__0577__3.pt,ok,0.5500543118,0.5728853345,0.5769184761,0.5638960604,average,0.5500543118,0.5769184761,
O1/0577/4,,videos/sample_002307_O1__0577__4.pt,ok,0.5485144854,0.5687923431,0.5778075147,0.5662088119,average,0.5485144854,0.5778075147,
O1/0578/1,,videos/sample_002308_O1__0578__1.pt,ok,0.5349756479,0.5635723472,0.5856835526,0.5691721472,average,0.5349756479,0.5856835526,
O1/0578/2,,videos/sample_002309_O1__0578__2.pt,ok,0.5372536778,0.5591539741,0.5843508665,0.5716925260,average,0.5372536778,0.5843508665,
O1/0578/3,,videos/sample_002310_O1__0578__3.pt,ok,0.5336615443,0.5549238324,0.5864537074,0.5741159886,average,0.5336615443,0.5864537074,
O1/0578/4,,videos/sample_002311_O1__0578__4.pt,ok,0.5383597016,0.5655286312,0.5837049178,0.5680597732,average,0.5383597016,0.5837049178,
O1/0579/1,,videos/sample_002312_O1__0579__1.pt,ok,0.6088351011,0.6243965626,0.5439841867,0.5355845228,average,0.6088351011,0.5439841867,
O1/0579/2,,videos/sample_002313_O1__0579__2.pt,ok,0.6100270748,0.6258445978,0.5433361582,0.5348095387,average,0.6100270748,0.5433361582,
O1/0579/3,,videos/sample_002314_O1__0579__3.pt,ok,0.6109380126,0.6266410947,0.5428414381,0.5343837342,average,0.6109380126,0.5428414381,
O1/0579/4,,videos/sample_002315_O1__0579__4.pt,ok,0.6104224920,0.6254895926,0.5431213562,0.5349994327,average,0.6104224920,0.5431213562,
O1/0580/1,,videos/sample_002316_O1__0580__1.pt,ok,0.5552975535,0.5793831348,0.5739014694,0.5602438549,average,0.5552975535,0.5739014694,
O1/0580/2,,videos/sample_002317_O1__0580__2.pt,ok,0.5572372079,0.5839988589,0.5727893778,0.5576638827,average,0.5572372079,0.5727893778,
O1/0580/3,,videos/sample_002318_O1__0580__3.pt,ok,0.5556982756,0.5796665549,0.5736715405,0.5600850930,average,0.5556982756,0.5736715405,
O1/0580/4,,videos/sample_002319_O1__0580__4.pt,ok,0.5573031902,0.5843354464,0.5727515850,0.5574762116,average,0.5573031902,0.5727515850,
O1/0581/1,,videos/sample_002320_O1__0581__1.pt,ok,0.5642637610,0.5854182243,0.5687787497,0.5568729153,average,0.5642637610,0.5687787497,
O1/0581/2,,videos/sample_002321_O1__0581__2.pt,ok,0.5638874769,0.5854182243,0.5689928124,0.5568729153,average,0.5638874769,0.5689928124,
O1/0581/3,,videos/sample_002322_O1__0581__3.pt,ok,0.5648102760,0.5859155059,0.5684679885,0.5565960615,average,0.5648102760,0.5684679885,
O1/0581/4,,videos/sample_002323_O1__0581__4.pt,ok,0.5644232631,0.5859155059,0.5686880356,0.5565960615,average,0.5644232631,0.5686880356,
O1/0582/1,,videos/sample_002324_O1__0582__1.pt,ok,0.5498637557,0.5835481882,0.5770284219,0.5579152621,average,0.5498637557,0.5770284219,
O1/0582/2,,videos/sample_002325_O1__0582__2.pt,ok,0.5429632068,0.5835481882,0.5810240047,0.5579152621,average,0.5429632068,0.5810240047,
O1/0582/3,,videos/sample_002326_O1__0582__3.pt,ok,0.5523695946,0.5865781307,0.5755842917,0.5562273693,average,0.5523695946,0.5755842917,
O1/0582/4,,videos/sample_002327_O1__0582__4.pt,ok,0.5487619042,0.5865781307,0.5776645719,0.5562273693,average,0.5487619042,0.5776645719,
O1/0583/1,,videos/sample_002328_O1__0583__1.pt,ok,0.5368210077,0.5853707790,0.5846037523,0.5568993369,average,0.5368210077,0.5846037523,
O1/0583/2,,videos/sample_002329_O1__0583__2.pt,ok,0.5397312641,0.5796126723,0.5829048788,0.5601152727,average,0.5397312641,0.5829048788,
O1/0583/3,,videos/sample_002330_O1__0583__3.pt,ok,0.5217278004,0.5450794101,0.5934942220,0.5797957399,average,0.5217278004,0.5934942220,
O1/0583/4,,videos/sample_002331_O1__0583__4.pt,ok,0.5411680937,0.5824267268,0.5820679452,0.5585412935,average,0.5411680937,0.5820679452,
O1/0584/1,,videos/sample_002332_O1__0584__1.pt,ok,0.5559902191,0.5806801319,0.5735040852,0.5595176913,average,0.5559902191,0.5735040852,
O1/0584/2,,videos/sample_002333_O1__0584__2.pt,ok,0.5557246804,0.5816927552,0.5736563930,0.5589513974,average,0.5557246804,0.5736563930,
O1/0584/3,,videos/sample_002334_O1__0584__3.pt,ok,0.5579943657,0.5851382017,0.5723558500,0.5570288741,average,0.5579943657,0.5723558500,
O1/0584/4,,videos/sample_002335_O1__0584__4.pt,ok,0.5578318238,0.5842049122,0.5724488893,0.5575489860,average,0.5578318238,0.5724488893,
O1/0585/1,,videos/sample_002336_O1__0585__1.pt,ok,0.5645378232,0.5877817273,0.5686228903,0.5555582987,average,0.5645378232,0.5686228903,
O1/0585/2,,videos/sample_002337_O1__0585__2.pt,ok,0.5649606586,0.5872768760,0.5683825073,0.5558388438,average,0.5649606586,0.5683825073,
O1/0585/3,,videos/sample_002338_O1__0585__3.pt,ok,0.5657694936,0.5872768760,0.5679229655,0.5558388438,average,0.5657694936,0.5679229655,
O1/0585/4,,videos/sample_002339_O1__0585__4.pt,ok,0.5651177168,0.5877817273,0.5682932452,0.5555582987,average,0.5651177168,0.5682932452,
O1/0586/1,,videos/sample_002340_O1__0586__1.pt,ok,0.5345038176,0.5535985231,0.5859599611,0.5748773742,average,0.5345038176,0.5859599611,
O1/0586/2,,videos/sample_002341_O1__0586__2.pt,ok,0.5371739864,0.5675798059,0.5843974361,0.5668957776,average,0.5371739864,0.5843974361,
O1/0586/3,,videos/sample_002342_O1__0586__3.pt,ok,0.5370499492,0.5692157745,0.5844699276,0.5659691121,average,0.5370499492,0.5844699276,
O1/0586/4,,videos/sample_002343_O1__0586__4.pt,ok,0.5329380631,0.5531252623,0.5868781491,0.5751495056,average,0.5329380631,0.5868781491,
O1/0587/1,,videos/sample_002344_O1__0587__1.pt,ok,0.6194217205,0.6351166964,0.5382556098,0.5298736504,average,0.6194217205,0.5382556098,
O1/0587/2,,videos/sample_002345_O1__0587__2.pt,ok,0.6204331517,0.6351724267,0.5377114765,0.5298441212,average,0.6204331517,0.5377114765,
O1/0587/3,,videos/sample_002346_O1__0587__3.pt,ok,0.6208064556,0.6351166964,0.5375107842,0.5298736504,average,0.6208064556,0.5375107842,
O1/0587/4,,videos/sample_002347_O1__0587__4.pt,ok,0.6213118434,0.6351724267,0.5372392014,0.5298441212,average,0.6213118434,0.5372392014,
O1/0588/1,,videos/sample_002348_O1__0588__1.pt,ok,0.5779085159,0.5989325643,0.5610706105,0.5493977700,average,0.5779085159,0.5610706105,
O1/0588/2,,videos/sample_002349_O1__0588__2.pt,ok,0.5794503689,0.6023012996,0.5602061887,0.5475501082,average,0.5794503689,0.5602061887,
O1/0588/3,,videos/sample_002350_O1__0588__3.pt,ok,0.5799914002,0.6024772525,0.5599031816,0.5474537737,average,0.5799914002,0.5599031816,
O1/0588/4,,videos/sample_002351_O1__0588__4.pt,ok,0.5787426829,0.6005979776,0.5606027791,0.5484835571,average,0.5787426829,0.5606027791,
O1/0589/1,,videos/sample_002352_O1__0589__1.pt,ok,0.5561832190,0.5911210179,0.5733934097,0.5537062221,average,0.5561832190,0.5733934097,
O1/0589/2,,videos/sample_002353_O1__0589__2.pt,ok,0.5642759204,0.6079612374,0.5687718338,0.5444597625,average,0.5642759204,0.5687718338,
O1/0589/3,,videos/sample_002354_O1__0589__3.pt,ok,0.5647341013,0.5989263058,0.5685112931,0.5494012084,average,0.5647341013,0.5685112931,
O1/0589/4,,videos/sample_002355_O1__0589__4.pt,ok,0.5626712441,0.5954436064,0.5696852611,0.5513179435,average,0.5626712441,0.5696852611,
O1/0590/1,,videos/sample_002356_O1__0590__1.pt,ok,0.6084836125,0.6246679425,0.5441754245,0.5354391956,average,0.6084836125,0.5441754245,
O1/0590/2,,videos/sample_002357_O1__0590__2.pt,ok,0.6095154881,0.6259964705,0.5436141928,0.5347283220,average,0.6095154881,0.5436141928,
O1/0590/3,,videos/sample_002358_O1__0590__3.pt,ok,0.6072165370,0.6235228181,0.5448653729,0.5360526913,average,0.6072165370,0.5448653729,
O1/0590/4,,videos/sample_002359_O1__0590__4.pt,ok,0.6098495722,0.6245268583,0.5434326103,0.5355147429,average,0.6098495722,0.5434326103,
O1/0591/1,,videos/sample_002360_O1__0591__1.pt,ok,0.5317616463,0.5752896070,0.5875689687,0.5625419291,average,0.5317616463,0.5875689687,
O1/0591/2,,videos/sample_002361_O1__0591__2.pt,ok,0.5310375690,0.5542706847,0.5879945681,0.5744910936,average,0.5310375690,0.5879945681,
O1/0591/3,,videos/sample_002362_O1__0591__3.pt,ok,0.5298999548,0.5530244708,0.5886638597,0.5752074787,average,0.5298999548,0.5886638597,
O1/0591/4,,videos/sample_002363_O1__0591__4.pt,ok,0.5324726701,0.5696503520,0.5871513417,0.5657232081,average,0.5324726701,0.5871513417,
O1/0592/1,,videos/sample_002364_O1__0592__1.pt,ok,0.5642875433,0.5778384209,0.5687652230,0.5611099402,average,0.5642875433,0.5687652230,
O1/0592/2,,videos/sample_002365_O1__0592__2.pt,ok,0.5674082041,0.5895473361,0.5669930663,0.5545782655,average,0.5674082041,0.5669930663,
O1/0592/3,,videos/sample_002366_O1__0592__3.pt,ok,0.5648413897,0.5794582963,0.5684503017,0.5602017477,average,0.5648413897,0.5684503017,
O1/0592/4,,videos/sample_002367_O1__0592__4.pt,ok,0.5682926774,0.5921914577,0.5664917978,0.5531138300,average,0.5682926774,0.5664917978,
O1/0593/1,,videos/sample_002368_O1__0593__1.pt,ok,0.5764210224,0.6011566520,0.5619058204,0.5481772190,average,0.5764210224,0.5619058204,
O1/0593/2,,videos/sample_002369_O1__0593__2.pt,ok,0.5773817301,0.6043180227,0.5613662524,0.5464469640,average,0.5773817301,0.5613662524,
O1/0593/3,,videos/sample_002370_O1__0593__3.pt,ok,0.5767450929,0.5999447703,0.5617237529,0.5488419476,average,0.5767450929,0.5617237529,
O1/0593/4,,videos/sample_002371_O1__0593__4.pt,ok,0.5749904513,0.5981044769,0.5627102419,0.5498529078,average,0.5749904513,0.5627102419,
O1/0594/1,,videos/sample_002372_O1__0594__1.pt,ok,0.6134821773,0.6444861889,0.5414621154,0.5249321888,average,0.6134821773,0.5414621154,
O1/0594/2,,videos/sample_002373_O1__0594__2.pt,ok,0.6137278080,0.6444861889,0.5413291320,0.5249321888,average,0.6137278080,0.5413291320,
O1/0594/3,,videos/sample_002374_O1__0594__3.pt,ok,0.6124510169,0.6451655030,0.5420207377,0.5245757161,average,0.6124510169,0.5420207377,
O1/0594/4,,videos/sample_002375_O1__0594__4.pt,ok,0.6139536500,0.6451655030,0.5412068910,0.5245757161,average,0.6139536500,0.5412068910,
O1/0595/1,,videos/sample_002376_O1__0595__1.pt,ok,0.5633629560,0.5844925642,0.5692913393,0.5573886290,average,0.5633629560,0.5692913393,
O1/0595/2,,videos/sample_002377_O1__0595__2.pt,ok,0.5657522082,0.5899012685,0.5679327823,0.5543820170,average,0.5657522082,0.5679327823,
O1/0595/3,,videos/sample_002378_O1__0595__3.pt,ok,0.5639875531,0.5844378471,0.5689358726,0.5574191285,average,0.5639875531,0.5689358726,
O1/0595/4,,videos/sample_002379_O1__0595__4.pt,ok,0.5661816597,0.5918660760,0.5676889351,0.5532938324,average,0.5661816597,0.5676889351,
O1/0596/1,,videos/sample_002380_O1__0596__1.pt,ok,0.5667220354,0.6007406116,0.5673822527,0.5484053303,average,0.5667220354,0.5673822527,
O1/0596/2,,videos/sample_002381_O1__0596__2.pt,ok,0.5694056153,0.6075262427,0.5658616783,0.5446966511,average,0.5694056153,0.5658616783,
O1/0596/3,,videos/sample_002382_O1__0596__3.pt,ok,0.5689384937,0.6075262427,0.5661260662,0.5446966511,average,0.5689384937,0.5661260662,
O1/0596/4,,videos/sample_002383_O1__0596__4.pt,ok,0.5654783249,0.6007406116,0.5680883510,0.5484053303,average,0.5654783249,0.5680883510,
O1/0597/1,,videos/sample_002384_O1__0597__1.pt,ok,0.6184797883,0.6481179595,0.5387628489,0.5230292132,average,0.6184797883,0.5387628489,
O1/0597/2,,videos/sample_002385_O1__0597__2.pt,ok,0.6196323037,0.6474495530,0.5381422741,0.5233789262,average,0.6196323037,0.5381422741,
O1/0597/3,,videos/sample_002386_O1__0597__3.pt,ok,0.6192015409,0.6481179595,0.5383741357,0.5230292132,average,0.6192015409,0.5383741357,
O1/0597/4,,videos/sample_002387_O1__0597__4.pt,ok,0.6195763350,0.6474495530,0.5381723941,0.5233789262,average,0.6195763350,0.5381723941,
O1/0598/1,,videos/sample_002388_O1__0598__1.pt,ok,0.5698276162,0.6048489213,0.5656229345,0.5461569331,average,0.5698276162,0.5656229345,
O1/0598/2,,videos/sample_002389_O1__0598__2.pt,ok,0.5687160492,0.6044522524,0.5662520119,0.5463736195,average,0.5687160492,0.5662520119,
O1/0598/3,,videos/sample_002390_O1__0598__3.pt,ok,0.5561038852,0.5958751440,0.5734389010,0.5510800803,average,0.5561038852,0.5734389010,
O1/0598/4,,videos/sample_002391_O1__0598__4.pt,ok,0.5631206632,0.6154023409,0.5694292912,0.5404234171,average,0.5631206632,0.5694292912,
O1/0599/1,,videos/sample_002392_O1__0599__1.pt,ok,0.5673829913,0.6046071053,0.5670073619,0.5462890186,average,0.5673829913,0.5670073619,
O1/0599/2,,videos/sample_002393_O1__0599__2.pt,ok,0.5626552701,0.5988612771,0.5696943614,0.5494369364,average,0.5626552701,0.5696943614,
O1/0599/3,,videos/sample_002394_O1__0599__3.pt,ok,0.5578064919,0.5941548944,0.5724633908,0.5520288915,average,0.5578064919,0.5724633908,
O1/0599/4,,videos/sample_002395_O1__0599__4.pt,ok,0.5651099682,0.5995751023,0.5682976487,0.5490448744,average,0.5651099682,0.5682976487,
O1/0600/1,,videos/sample_002396_O1__0600__1.pt,ok,0.5651431680,0.5986128449,0.5682787816,0.5495734512,average,0.5651431680,0.5682787816,
O1/0600/2,,videos/sample_002397_O1__0600__2.pt,ok,0.5642469525,0.5986128449,0.5687883101,0.5495734512,average,0.5642469525,0.5687883101,
O1/0600/3,,videos/sample_002398_O1__0600__3.pt,ok,0.5610075593,0.5974872708,0.5706338267,0.5501923851,average,0.5610075593,0.5706338267,
O1/0600/4,,videos/sample_002399_O1__0600__4.pt,ok,0.5661813021,0.5992203355,0.5676891381,0.5492396919,average,0.5661813021,0.5676891381,
O1/0601/1,,videos/sample_002400_O1__0601__1.pt,ok,0.5596613884,0.5836904645,0.5714025146,0.5578358896,average,0.5596613884,0.5714025146,
O1/0601/2,,videos/sample_002401_O1__0601__2.pt,ok,0.5602969527,0.5835757852,0.5710394669,0.5578998655,average,0.5602969527,0.5710394669,
O1/0601/3,,videos/sample_002402_O1__0601__3.pt,ok,0.5606893897,0.5835757852,0.5708154139,0.5578998655,average,0.5606893897,0.5708154139,
O1/0601/4,,videos/sample_002403_O1__0601__4.pt,ok,0.5600547194,0.5836904645,0.5711778085,0.5578358896,average,0.5600547194,0.5711778085,
O1/0602/1,,videos/sample_002404_O1__0602__1.pt,ok,0.5456516743,0.5807599425,0.5794640385,0.5594730376,average,0.5456516743,0.5794640385,
O1/0602/2,,videos/sample_002405_O1__0602__2.pt,ok,0.5424308777,0.5651357174,0.5813333830,0.5682830156,average,0.5424308777,0.5813333830,
O1/0602/3,,videos/sample_002406_O1__0602__3.pt,ok,0.5472861528,0.5777094364,0.5785176905,0.5611823193,average,0.5472861528,0.5785176905,
O1/0602/4,,videos/sample_002407_O1__0602__4.pt,ok,0.5457939506,0.5690727830,0.5793816003,0.5660500467,average,0.5457939506,0.5793816003,
O1/0603/1,,videos/sample_002408_O1__0603__1.pt,ok,0.6177103519,0.6470362544,0.5391775522,0.5235952827,average,0.6177103519,0.5391775522,
O1/0603/2,,videos/sample_002409_O1__0603__2.pt,ok,0.6157048345,0.6466197968,0.5402599672,0.5238133833,average,0.6157048345,0.5402599672,
O1/0603/3,,videos/sample_002410_O1__0603__3.pt,ok,0.6175310612,0.6466197968,0.5392742304,0.5238133833,average,0.6175310612,0.5392742304,
O1/0603/4,,videos/sample_002411_O1__0603__4.pt,ok,0.6179213524,0.6470362544,0.5390637975,0.5235952827,average,0.6179213524,0.5390637975,
O1/0604/1,,videos/sample_002412_O1__0604__1.pt,ok,0.6118197441,0.6448425055,0.5423630086,0.5247451801,average,0.6118197441,0.5423630086,
O1/0604/2,,videos/sample_002413_O1__0604__2.pt,ok,0.6136732697,0.6452362537,0.5413586560,0.5245386033,average,0.6136732697,0.5413586560,
O1/0604/3,,videos/sample_002414_O1__0604__3.pt,ok,0.6134260893,0.6452362537,0.5414924858,0.5245386033,average,0.6134260893,0.5414924858,
O1/0604/4,,videos/sample_002415_O1__0604__4.pt,ok,0.6135787368,0.6448425055,0.5414098346,0.5247451801,average,0.6135787368,0.5414098346,
O1/0605/1,,videos/sample_002416_O1__0605__1.pt,ok,0.5370675325,0.5823536515,0.5844596507,0.5585821105,average,0.5370675325,0.5844596507,
O1/0605/2,,videos/sample_002417_O1__0605__2.pt,ok,0.5212513804,0.5453906059,0.5937770419,0.5796153379,average,0.5212513804,0.5937770419,
O1/0605/3,,videos/sample_002418_O1__0605__3.pt,ok,0.5356613994,0.5792609453,0.5852820569,0.5603123150,average,0.5356613994,0.5852820569,
O1/0605/4,,videos/sample_002419_O1__0605__4.pt,ok,0.5322452188,0.5783895254,0.5872849052,0.5608007951,average,0.5322452188,0.5872849052,
O1/0606/1,,videos/sample_002420_O1__0606__1.pt,ok,0.6172291636,0.6494434476,0.5394370606,0.5223364035,average,0.6172291636,0.5394370606,
O1/0606/2,,videos/sample_002421_O1__0606__2.pt,ok,0.6169615984,0.6509873867,0.5395814145,0.5215305701,average,0.6169615984,0.5395814145,
O1/0606/3,,videos/sample_002422_O1__0606__3.pt,ok,0.6173158288,0.6494434476,0.5393903122,0.5223364035,average,0.6173158288,0.5393903122,
O1/0606/4,,videos/sample_002423_O1__0606__4.pt,ok,0.6145865321,0.6509873867,0.5408644792,0.5215305701,average,0.6145865321,0.5408644792,
O1/0607/1,,videos/sample_002424_O1__0607__1.pt,ok,0.5435407758,0.5855624676,0.5806885202,0.5567925959,average,0.5435407758,0.5806885202,
O1/0607/2,,videos/sample_002425_O1__0607__2.pt,ok,0.5445356369,0.5894029737,0.5801111030,0.5546583315,average,0.5445356369,0.5801111030,
O1/0607/3,,videos/sample_002426_O1__0607__3.pt,ok,0.5448191762,0.5882503986,0.5799466420,0.5552979854,average,0.5448191762,0.5799466420,
O1/0607/4,,videos/sample_002427_O1__0607__4.pt,ok,0.5372648239,0.5748309493,0.5843443533,0.5628000025,average,0.5372648239,0.5843443533,
O1/0608/1,,videos/sample_002428_O1__0608__1.pt,ok,0.5559876561,0.5842850804,0.5735055551,0.5575042901,average,0.5559876561,0.5735055551,
O1/0608/2,,videos/sample_002429_O1__0608__2.pt,ok,0.5540628433,0.5804094672,0.5746105090,0.5596691535,average,0.5540628433,0.5746105090,
O1/0608/3,,videos/sample_002430_O1__0608__3.pt,ok,0.5526742339,0.5795391798,0.5754089728,0.5601564385,average,0.5526742339,0.5754089728,
O1/0608/4,,videos/sample_002431_O1__0608__4.pt,ok,0.5550813675,0.5856472254,0.5740255523,0.5567454054,average,0.5550813675,0.5740255523,
O1/0609/1,,videos/sample_002432_O1__0609__1.pt,ok,0.5447000265,0.5722401738,0.5800157466,0.5642599814,average,0.5447000265,0.5800157466,
O1/0609/2,,videos/sample_002433_O1__0609__2.pt,ok,0.5433048606,0.5741518140,0.5808255296,0.5631823497,average,0.5433048606,0.5808255296,
O1/0609/3,,videos/sample_002434_O1__0609__3.pt,ok,0.5393409133,0.5593116283,0.5831324606,0.5716024033,average,0.5393409133,0.5831324606,
O1/0609/4,,videos/sample_002435_O1__0609__4.pt,ok,0.5424081087,0.5613753200,0.5813466196,0.5704240086,average,0.5424081087,0.5813466196,
O1/0610/1,,videos/sample_002436_O1__0610__1.pt,ok,0.5694893599,0.5910280347,0.5658142924,0.5537577099,average,0.5694893599,0.5658142924,
O1/0610/2,,videos/sample_002437_O1__0610__2.pt,ok,0.5706076026,0.5933973193,0.5651819283,0.5524472533,average,0.5706076026,0.5651819283,
O1/0610/3,,videos/sample_002438_O1__0610__3.pt,ok,0.5703859925,0.5917448401,0.5653071922,0.5533609156,average,0.5703859925,0.5653071922,
O1/0610/4,,videos/sample_002439_O1__0610__4.pt,ok,0.5692889094,0.5914576650,0.5659277215,0.5535198499,average,0.5692889094,0.5659277215,
O1/0611/1,,videos/sample_002440_O1__0611__1.pt,ok,0.6110671759,0.6474486589,0.5427713274,0.5233793941,average,0.6110671759,0.5427713274,
O1/0611/2,,videos/sample_002441_O1__0611__2.pt,ok,0.6090579629,0.6474486589,0.5438629669,0.5233793941,average,0.6090579629,0.5438629669,
O1/0611/3,,videos/sample_002442_O1__0611__3.pt,ok,0.6113068461,0.6461715698,0.5426412569,0.5240482232,average,0.6113068461,0.5426412569,
O1/0611/4,,videos/sample_002443_O1__0611__4.pt,ok,0.6115851402,0.6461715698,0.5424902640,0.5240482232,average,0.6115851402,0.5424902640,
O1/0612/1,,videos/sample_002444_O1__0612__1.pt,ok,0.5547209978,0.5901909471,0.5742324510,0.5542214477,average,0.5547209978,0.5742324510,
O1/0612/2,,videos/sample_002445_O1__0612__2.pt,ok,0.5541433096,0.5887852907,0.5745642741,0.5550010404,average,0.5541433096,0.5745642741,
O1/0612/3,,videos/sample_002446_O1__0612__3.pt,ok,0.5499228835,0.5907539725,0.5769943044,0.5539094947,average,0.5499228835,0.5769943044,
O1/0612/4,,videos/sample_002447_O1__0612__4.pt,ok,0.5415889025,0.5722541809,0.5818230575,0.5642520778,average,0.5415889025,0.5818230575,
O1/0613/1,,videos/sample_002448_O1__0613__1.pt,ok,0.5554476380,0.5926208496,0.5738153421,0.5528763784,average,0.5554476380,0.5738153421,
O1/0613/2,,videos/sample_002449_O1__0613__2.pt,ok,0.5554158688,0.5947191715,0.5738335721,0.5517174821,average,0.5554158688,0.5738335721,
O1/0613/3,,videos/sample_002450_O1__0613__3.pt,ok,0.5538911223,0.6052930951,0.5747091902,0.5459143983,average,0.5538911223,0.5747091902,
O1/0613/4,,videos/sample_002451_O1__0613__4.pt,ok,0.5460213423,0.5810936093,0.5792498687,0.5592863912,average,0.5460213423,0.5792498687,
O1/0614/1,,videos/sample_002452_O1__0614__1.pt,ok,0.5419259667,0.5713103414,0.5816269787,0.5647848926,average,0.5419259667,0.5816269787,
O1/0614/2,,videos/sample_002453_O1__0614__2.pt,ok,0.5387985706,0.5591365099,0.5834488040,0.5717025102,average,0.5387985706,0.5834488040,
O1/0614/3,,videos/sample_002454_O1__0614__3.pt,ok,0.5413811803,0.5716542602,0.5819439276,0.5645906859,average,0.5413811803,0.5819439276,
O1/0614/4,,videos/sample_002455_O1__0614__4.pt,ok,0.5389487743,0.5592361689,0.5833611744,0.5716455378,average,0.5389487743,0.5833611744,
O1/0615/1,,videos/sample_002456_O1__0615__1.pt,ok,0.6131041050,0.6423710585,0.5416668659,0.5260436639,average,0.6131041050,0.5416668659,
O1/0615/2,,videos/sample_002457_O1__0615__2.pt,ok,0.6130161881,0.6430026293,0.5417144897,0.5257115350,average,0.6130161881,0.5417144897,
O1/0615/3,,videos/sample_002458_O1__0615__3.pt,ok,0.6133580804,0.6423710585,0.5415293134,0.5260436639,average,0.6133580804,0.5415293134,
O1/0615/4,,videos/sample_002459_O1__0615__4.pt,ok,0.6107696891,0.6430026293,0.5429328187,0.5257115350,average,0.6107696891,0.5429328187,
O1/0616/1,,videos/sample_002460_O1__0616__1.pt,ok,0.6124585867,0.6287143826,0.5420166347,0.5332769506,average,0.6124585867,0.5420166347,
O1/0616/2,,videos/sample_002461_O1__0616__2.pt,ok,0.6120633483,0.6294476390,0.5422309028,0.5328860652,average,0.6120633483,0.5422309028,
O1/0616/3,,videos/sample_002462_O1__0616__3.pt,ok,0.6115266681,0.6287143826,0.5425219855,0.5332769506,average,0.6115266681,0.5425219855,
O1/0616/4,,videos/sample_002463_O1__0616__4.pt,ok,0.6125022173,0.6307257414,0.5419929867,0.5322054173,average,0.6125022173,0.5419929867,
O1/0617/1,,videos/sample_002464_O1__0617__1.pt,ok,0.5607824922,0.6027365923,0.5707622721,0.5473118155,average,0.5607824922,0.5707622721,
O1/0617/2,,videos/sample_002465_O1__0617__2.pt,ok,0.5626132488,0.6016021371,0.5697183011,0.5479330686,average,0.5626132488,0.5697183011,
O1/0617/3,,videos/sample_002466_O1__0617__3.pt,ok,0.5561974645,0.5923451185,0.5733852415,0.5530288446,average,0.5561974645,0.5733852415,
O1/0617/4,,videos/sample_002467_O1__0617__4.pt,ok,0.5618230104,0.5957020521,0.5701686924,0.5511754761,average,0.5618230104,0.5701686924,
O1/0618/1,,videos/sample_002468_O1__0618__1.pt,ok,0.5379364491,0.5691797733,0.5839520247,0.5659894880,average,0.5379364491,0.5839520247,
O1/0618/2,,videos/sample_002469_O1__0618__2.pt,ok,0.5413425565,0.5809268951,0.5819664049,0.5593796399,average,0.5413425565,0.5819664049,
O1/0618/3,,videos/sample_002470_O1__0618__3.pt,ok,0.5489639044,0.5838808417,0.5775478953,0.5577297005,average,0.5489639044,0.5775478953,
O1/0618/4,,videos/sample_002471_O1__0618__4.pt,ok,0.5504900217,0.5863596797,0.5766671617,0.5563488910,average,0.5504900217,0.5766671617,
O1/0619/1,,videos/sample_002472_O1__0619__1.pt,ok,0.6141525507,0.6315835118,0.5410992553,0.5317491030,average,0.6141525507,0.5410992553,
O1/0619/2,,videos/sample_002473_O1__0619__2.pt,ok,0.6140810847,0.6305225492,0.5411379268,0.5323135683,average,0.6140810847,0.5411379268,
O1/0619/3,,videos/sample_002474_O1__0619__3.pt,ok,0.6133319736,0.6310163736,0.5415434512,0.5320507637,average,0.6133319736,0.5415434512,
O1/0619/4,,videos/sample_002475_O1__0619__4.pt,ok,0.6132150292,0.6302629113,0.5416067853,0.5324517950,average,0.6132150292,0.5416067853,
O1/0620/1,,videos/sample_002476_O1__0620__1.pt,ok,0.6064696312,0.6309207082,0.5452724880,0.5321016651,average,0.6064696312,0.5452724880,
O1/0620/2,,videos/sample_002477_O1__0620__2.pt,ok,0.6062508225,0.6320465207,0.5453918114,0.5315029554,average,0.6062508225,0.5453918114,
O1/0620/3,,videos/sample_002478_O1__0620__3.pt,ok,0.6046338081,0.6320465207,0.5462744313,0.5315029554,average,0.6046338081,0.5462744313,
O1/0620/4,,videos/sample_002479_O1__0620__4.pt,ok,0.6061248779,0.6309207082,0.5454605049,0.5321016651,average,0.6061248779,0.5454605049,
O1/0621/1,,videos/sample_002480_O1__0621__1.pt,ok,0.6124756932,0.6484445930,0.5420073627,0.5228584023,average,0.6124756932,0.5420073627,
O1/0621/2,,videos/sample_002481_O1__0621__2.pt,ok,0.6148198843,0.6464612484,0.5407382820,0.5238964397,average,0.6148198843,0.5407382820,
O1/0621/3,,videos/sample_002482_O1__0621__3.pt,ok,0.6124756932,0.6484445930,0.5420073627,0.5228584023,average,0.6124756932,0.5420073627,
O1/0621/4,,videos/sample_002483_O1__0621__4.pt,ok,0.6148198843,0.6464612484,0.5407382820,0.5238964397,average,0.6148198843,0.5407382820,
O1/0622/1,,videos/sample_002484_O1__0622__1.pt,ok,0.5668085814,0.6090245247,0.5673331502,0.5438811530,average,0.5668085814,0.5673331502,
O1/0622/2,,videos/sample_002485_O1__0622__2.pt,ok,0.5590596795,0.5924155116,0.5717464360,0.5529899166,average,0.5590596795,0.5717464360,
O1/0622/3,,videos/sample_002486_O1__0622__3.pt,ok,0.5666229725,0.6000128388,0.5674384620,0.5488045900,average,0.5666229725,0.5674384620,
O1/0622/4,,videos/sample_002487_O1__0622__4.pt,ok,0.5678219795,0.6026724577,0.5667585070,0.5473469183,average,0.5678219795,0.5667585070,
O1/0623/1,,videos/sample_002488_O1__0623__1.pt,ok,0.5468977690,0.5745224953,0.5787424211,0.5629736272,average,0.5468977690,0.5787424211,
O1/0623/2,,videos/sample_002489_O1__0623__2.pt,ok,0.5450581908,0.5664229393,0.5798080429,0.5675519799,average,0.5450581908,0.5798080429,
O1/0623/3,,videos/sample_002490_O1__0623__3.pt,ok,0.5454731584,0.5764843822,0.5795674912,0.5618702194,average,0.5454731584,0.5795674912,
O1/0623/4,,videos/sample_002491_O1__0623__4.pt,ok,0.5463619232,0.5661481619,0.5790526209,0.5677079518,average,0.5463619232,0.5790526209,
O1/0624/1,,videos/sample_002492_O1__0624__1.pt,ok,0.5451217890,0.5644966960,0.5797711693,0.5686462767,average,0.5451217890,0.5797711693,
O1/0624/2,,videos/sample_002493_O1__0624__2.pt,ok,0.5576197505,0.5916486979,0.5725703033,0.5534141195,average,0.5576197505,0.5725703033,
O1/0624/3,,videos/sample_002494_O1__0624__3.pt,ok,0.5570565462,0.5896819234,0.5728928682,0.5545036313,average,0.5570565462,0.5728928682,
O1/0624/4,,videos/sample_002495_O1__0624__4.pt,ok,0.5557350516,0.5987824202,0.5736504435,0.5494802651,average,0.5557350516,0.5736504435,
O1/0625/1,,videos/sample_002496_O1__0625__1.pt,ok,0.6251542568,0.6535415649,0.5351788672,0.5202001878,average,0.6251542568,0.5351788672,
O1/0625/2,,videos/sample_002497_O1__0625__2.pt,ok,0.6234309673,0.6534442306,0.5361019304,0.5202508236,average,0.6234309673,0.5361019304,
O1/0625/3,,videos/sample_002498_O1__0625__3.pt,ok,0.6250598431,0.6535415649,0.5352293978,0.5202001878,average,0.6250598431,0.5352293978,
O1/0625/4,,videos/sample_002499_O1__0625__4.pt,ok,0.6248462796,0.6534442306,0.5353437154,0.5202508236,average,0.6248462796,0.5353437154,
O1/0626/1,,videos/sample_002500_O1__0626__1.pt,ok,0.5848402381,0.6091136336,0.5571948732,0.5438326905,average,0.5848402381,0.5571948732,
O1/0626/2,,videos/sample_002501_O1__0626__2.pt,ok,0.5853815079,0.6118130684,0.5568933621,0.5423666293,average,0.5853815079,0.5568933621,
O1/0626/3,,videos/sample_002502_O1__0626__3.pt,ok,0.5835756660,0.6084864736,0.5578999320,0.5441738676,average,0.5835756660,0.5578999320,
O1/0626/4,,videos/sample_002503_O1__0626__4.pt,ok,0.5797315240,0.6051316857,0.5600487060,0.5460025212,average,0.5797315240,0.5600487060,
O1/0627/1,,videos/sample_002504_O1__0627__1.pt,ok,0.6201933026,0.6345555186,0.5378404616,0.5301710871,average,0.6201933026,0.5378404616,
O1/0627/2,,videos/sample_002505_O1__0627__2.pt,ok,0.6188810468,0.6345555186,0.5385467092,0.5301710871,average,0.6188810468,0.5385467092,
O1/0627/3,,videos/sample_002506_O1__0627__3.pt,ok,0.6179745197,0.6333678961,0.5390351377,0.5308011043,average,0.6179745197,0.5390351377,
O1/0627/4,,videos/sample_002507_O1__0627__4.pt,ok,0.6199498177,0.6333678961,0.5379714336,0.5308011043,average,0.6199498177,0.5379714336,
O1/0628/1,,videos/sample_002508_O1__0628__1.pt,ok,0.5450021625,0.5803572536,0.5798405295,0.5596983766,average,0.5450021625,0.5798405295,
O1/0628/2,,videos/sample_002509_O1__0628__2.pt,ok,0.5378209352,0.5736467838,0.5840194831,0.5634668456,average,0.5378209352,0.5840194831,
O1/0628/3,,videos/sample_002510_O1__0628__3.pt,ok,0.5447583795,0.5789586306,0.5799819020,0.5604817313,average,0.5447583795,0.5799819020,
O1/0628/4,,videos/sample_002511_O1__0628__4.pt,ok,0.5464569330,0.5828281045,0.5789976078,0.5583171525,average,0.5464569330,0.5789976078,
O1/0629/1,,videos/sample_002512_O1__0629__1.pt,ok,0.6149470210,0.6303262115,0.5406695387,0.5324180918,average,0.6149470210,0.5406695387,
O1/0629/2,,videos/sample_002513_O1__0629__2.pt,ok,0.6160054207,0.6303306222,0.5400975969,0.5324157434,average,0.6160054207,0.5400975969,
O1/0629/3,,videos/sample_002514_O1__0629__3.pt,ok,0.6155666113,0.6311916113,0.5403346488,0.5319575366,average,0.6155666113,0.5403346488,
O1/0629/4,,videos/sample_002515_O1__0629__4.pt,ok,0.6136486530,0.6304954886,0.5413719826,0.5323279732,average,0.6136486530,0.5413719826,
O1/0630/1,,videos/sample_002516_O1__0630__1.pt,ok,0.6135565639,0.6287388802,0.5414218394,0.5332638868,average,0.6135565639,0.5414218394,
O1/0630/2,,videos/sample_002517_O1__0630__2.pt,ok,0.6145269871,0.6288745999,0.5408966859,0.5331915173,average,0.6145269871,0.5408966859,
O1/0630/3,,videos/sample_002518_O1__0630__3.pt,ok,0.6150137782,0.6284586191,0.5406334463,0.5334133608,average,0.6150137782,0.5406334463,
O1/0630/4,,videos/sample_002519_O1__0630__4.pt,ok,0.6153591871,0.6277258992,0.5404467389,0.5338043466,average,0.6153591871,0.5404467389,
O1/0631/1,,videos/sample_002520_O1__0631__1.pt,ok,0.6173909903,0.6330030560,0.5393497723,0.5309947971,average,0.6173909903,0.5393497723,
O1/0631/2,,videos/sample_002521_O1__0631__2.pt,ok,0.6171858311,0.6330411434,0.5394604363,0.5309745733,average,0.6171858311,0.5394604363,
O1/0631/3,,videos/sample_002522_O1__0631__3.pt,ok,0.6162186861,0.6330030560,0.5399824251,0.5309947971,average,0.6162186861,0.5399824251,
O1/0631/4,,videos/sample_002523_O1__0631__4.pt,ok,0.6159078479,0.6330411434,0.5401502983,0.5309745733,average,0.6159078479,0.5401502983,
O1/0632/1,,videos/sample_002524_O1__0632__1.pt,ok,0.6133760214,0.6285380125,0.5415195979,0.5333710130,average,0.6133760214,0.5415195979,
O1/0632/2,,videos/sample_002525_O1__0632__2.pt,ok,0.6138232350,0.6291813850,0.5412774771,0.5330279671,average,0.6138232350,0.5412774771,
O1/0632/3,,videos/sample_002526_O1__0632__3.pt,ok,0.6142840385,0.6290916204,0.5410281120,0.5330758163,average,0.6142840385,0.5410281120,
O1/0632/4,,videos/sample_002527_O1__0632__4.pt,ok,0.6123158932,0.6291813850,0.5420939825,0.5330279671,average,0.6123158932,0.5420939825,
O1/0633/1,,videos/sample_002528_O1__0633__1.pt,ok,0.5804391503,0.5995240211,0.5596525410,0.5490729210,average,0.5804391503,0.5596525410,
O1/0633/2,,videos/sample_002529_O1__0633__2.pt,ok,0.5815766454,0.6013391018,0.5590163009,0.5480772133,average,0.5815766454,0.5590163009,
O1/0633/3,,videos/sample_002530_O1__0633__3.pt,ok,0.5816656947,0.6010281444,0.5589665231,0.5482476685,average,0.5816656947,0.5589665231,
O1/0633/4,,videos/sample_002531_O1__0633__4.pt,ok,0.5806877613,0.6005793810,0.5595134225,0.5484937572,average,0.5806877613,0.5595134225,
O1/0634/1,,videos/sample_002532_O1__0634__1.pt,ok,0.5842393637,0.6029326916,0.5575297780,0.5472044986,average,0.5842393637,0.5575297780,
O1/0634/2,,videos/sample_002533_O1__0634__2.pt,ok,0.5851820111,0.6012849212,0.5570044716,0.5481069093,average,0.5851820111,0.5570044716,
O1/0634/3,,videos/sample_002534_O1__0634__3.pt,ok,0.5862423778,0.6045157313,0.5564141556,0.5463389374,average,0.5862423778,0.5564141556,
O1/0634/4,,videos/sample_002535_O1__0634__4.pt,ok,0.5855567455,0.6063188910,0.5567957819,0.5453546887,average,0.5855567455,0.5567957819,
O1/0635/1,,videos/sample_002536_O1__0635__1.pt,ok,0.5481036305,0.5879570842,0.5780449585,0.5554608862,average,0.5481036305,0.5780449585,
O1/0635/2,,videos/sample_002537_O1__0635__2.pt,ok,0.5487558842,0.5912111402,0.5776680495,0.5536563231,average,0.5487558842,0.5776680495,
O1/0635/3,,videos/sample_002538_O1__0635__3.pt,ok,0.5436702371,0.5813174248,0.5806133483,0.5591612283,average,0.5436702371,0.5806133483,
O1/0635/4,,videos/sample_002539_O1__0635__4.pt,ok,0.5476582050,0.5935649872,0.5783024918,0.5523546334,average,0.5476582050,0.5783024918,
O1/0636/1,,videos/sample_002540_O1__0636__1.pt,ok,0.5415142775,0.5612249970,0.5818664776,0.5705097628,average,0.5415142775,0.5818664776,
O1/0636/2,,videos/sample_002541_O1__0636__2.pt,ok,0.5454318523,0.5667616725,0.5795914314,0.5673597638,average,0.5454318523,0.5795914314,
O1/0636/3,,videos/sample_002542_O1__0636__3.pt,ok,0.5452942848,0.5776942968,0.5796711698,0.5611908154,average,0.5452942848,0.5796711698,
O1/0636/4,,videos/sample_002543_O1__0636__4.pt,ok,0.5445126891,0.5726300478,0.5801244154,0.5640400340,average,0.5445126891,0.5801244154,
O1/0637/1,,videos/sample_002544_O1__0637__1.pt,ok,0.5810545683,0.6051238179,0.5593082267,0.5460068170,average,0.5810545683,0.5593082267,
O1/0637/2,,videos/sample_002545_O1__0637__2.pt,ok,0.5809938312,0.6058909893,0.5593421985,0.5455880969,average,0.5809938312,0.5593421985,
O1/0637/3,,videos/sample_002546_O1__0637__3.pt,ok,0.5766343474,0.6014297605,0.5617859647,0.5480275276,average,0.5766343474,0.5617859647,
O1/0637/4,,videos/sample_002547_O1__0637__4.pt,ok,0.5798856616,0.6065633893,0.5599623881,0.5452213667,average,0.5798856616,0.5599623881,
O1/0638/1,,videos/sample_002548_O1__0638__1.pt,ok,0.6130163074,0.6473308802,0.5417144251,0.5234410407,average,0.6130163074,0.5417144251,
O1/0638/2,,videos/sample_002549_O1__0638__2.pt,ok,0.6106908917,0.6473308802,0.5429756021,0.5234410407,average,0.6106908917,0.5429756021,
O1/0638/3,,videos/sample_002550_O1__0638__3.pt,ok,0.6140649915,0.6468975544,0.5411466356,0.5236679104,average,0.6140649915,0.5411466356,
O1/0638/4,,videos/sample_002551_O1__0638__4.pt,ok,0.6144947410,0.6468975544,0.5409141280,0.5236679104,average,0.6144947410,0.5409141280,
O1/0639/1,,videos/sample_002552_O1__0639__1.pt,ok,0.6130616069,0.6262822747,0.5416898862,0.5345755162,average,0.6130616069,0.5416898862,
O1/0639/2,,videos/sample_002553_O1__0639__2.pt,ok,0.6123426557,0.6281579137,0.5420794749,0.5335737852,average,0.6123426557,0.5420794749,
O1/0639/3,,videos/sample_002554_O1__0639__3.pt,ok,0.6140543222,0.6260102987,0.5411524092,0.5347209277,average,0.6140543222,0.5411524092,
O1/0639/4,,videos/sample_002555_O1__0639__4.pt,ok,0.6138408184,0.6272663474,0.5412679597,0.5340497138,average,0.6138408184,0.5412679597,
O1/0640/1,,videos/sample_002556_O1__0640__1.pt,ok,0.5619782209,0.5839327574,0.5700802031,0.5577007463,average,0.5619782209,0.5700802031,
O1/0640/2,,videos/sample_002557_O1__0640__2.pt,ok,0.5637784004,0.5858874917,0.5690548795,0.5566116543,average,0.5637784004,0.5690548795,
O1/0640/3,,videos/sample_002558_O1__0640__3.pt,ok,0.5631965399,0.5850276947,0.5693860865,0.5570904331,average,0.5631965399,0.5693860865,
O1/0640/4,,videos/sample_002559_O1__0640__4.pt,ok,0.5640043616,0.5861624479,0.5689263097,0.5564586315,average,0.5640043616,0.5689263097,
O1/0641/1,,videos/sample_002560_O1__0641__1.pt,ok,0.6242061853,0.6471138597,0.5356864956,0.5235546505,average,0.6242061853,0.5356864956,
O1/0641/2,,videos/sample_002561_O1__0641__2.pt,ok,0.6248252988,0.6465197206,0.5353549475,0.5238658072,average,0.6248252988,0.5353549475,
O1/0641/3,,videos/sample_002562_O1__0641__3.pt,ok,0.6233411431,0.6471138597,0.5361500875,0.5235546505,average,0.6233411431,0.5361500875,
O1/0641/4,,videos/sample_002563_O1__0641__4.pt,ok,0.6247316003,0.6465197206,0.5354051118,0.5238658072,average,0.6247316003,0.5354051118,
O1/0642/1,,videos/sample_002564_O1__0642__1.pt,ok,0.5359922647,0.5546872616,0.5850884394,0.5742518237,average,0.5359922647,0.5850884394,
O1/0642/2,,videos/sample_002565_O1__0642__2.pt,ok,0.5316383839,0.5504364371,0.5876413984,0.5766980630,average,0.5316383839,0.5876413984,
O1/0642/3,,videos/sample_002566_O1__0642__3.pt,ok,0.5360653400,0.5662918687,0.5850456854,0.5676263742,average,0.5360653400,0.5850456854,
O1/0642/4,,videos/sample_002567_O1__0642__4.pt,ok,0.5394572616,0.5679579973,0.5830646181,0.5666814230,average,0.5394572616,0.5830646181,
O1/0643/1,,videos/sample_002568_O1__0643__1.pt,ok,0.5486149788,0.5848333836,0.5777494517,0.5571986925,average,0.5486149788,0.5777494517,
O1/0643/2,,videos/sample_002569_O1__0643__2.pt,ok,0.5491036177,0.5848333836,0.5774672099,0.5571986925,average,0.5491036177,0.5774672099,
O1/0643/3,,videos/sample_002570_O1__0643__3.pt,ok,0.5310565233,0.5489444733,0.5879834232,0.5775591178,average,0.5310565233,0.5879834232,
O1/0643/4,,videos/sample_002571_O1__0643__4.pt,ok,0.5380496979,0.5756170750,0.5838858965,0.5623577448,average,0.5380496979,0.5838858965,
O1/0644/1,,videos/sample_002572_O1__0644__1.pt,ok,0.5837754011,0.5995951295,0.5577885109,0.5490338787,average,0.5837754011,0.5577885109,
O1/0644/2,,videos/sample_002573_O1__0644__2.pt,ok,0.5811768770,0.5966155529,0.5592398226,0.5506722068,average,0.5811768770,0.5592398226,
O1/0644/3,,videos/sample_002574_O1__0644__3.pt,ok,0.5837773085,0.5996698737,0.5577874470,0.5489928431,average,0.5837773085,0.5577874470,
O1/0644/4,,videos/sample_002575_O1__0644__4.pt,ok,0.5834539533,0.6009050608,0.5579678397,0.5483151529,average,0.5834539533,0.5579678397,
O1/0645/1,,videos/sample_002576_O1__0645__1.pt,ok,0.5457199812,0.5669077039,0.5794244584,0.5672769175,average,0.5457199812,0.5794244584,
O1/0645/2,,videos/sample_002577_O1__0645__2.pt,ok,0.5501117706,0.5840733051,0.5768853279,0.5576223682,average,0.5501117706,0.5768853279,
O1/0645/3,,videos/sample_002578_O1__0645__3.pt,ok,0.5493189096,0.5820009112,0.5773428992,0.5587791797,average,0.5493189096,0.5773428992,
O1/0645/4,,videos/sample_002579_O1__0645__4.pt,ok,0.5452764034,0.5667524934,0.5796815352,0.5673649716,average,0.5452764034,0.5796815352,
O1/0646/1,,videos/sample_002580_O1__0646__1.pt,ok,0.5482323766,0.5750677586,0.5779705422,0.5626667420,average,0.5482323766,0.5779705422,
O1/0646/2,,videos/sample_002581_O1__0646__2.pt,ok,0.5466829538,0.5745216608,0.5788667571,0.5629740970,average,0.5466829538,0.5788667571,
O1/0646/3,,videos/sample_002582_O1__0646__3.pt,ok,0.5486292839,0.5770565867,0.5777411870,0.5615488066,average,0.5486292839,0.5777411870,
O1/0646/4,,videos/sample_002583_O1__0646__4.pt,ok,0.5494195223,0.5776773691,0.5772848141,0.5612003152,average,0.5494195223,0.5772848141,
O1/0647/1,,videos/sample_002584_O1__0647__1.pt,ok,0.5557174683,0.5814276338,0.5736605303,0.5590996071,average,0.5557174683,0.5736605303,
O1/0647/2,,videos/sample_002585_O1__0647__2.pt,ok,0.5543879867,0.5793173313,0.5744237086,0.5602807221,average,0.5543879867,0.5744237086,
O1/0647/3,,videos/sample_002586_O1__0647__3.pt,ok,0.5568588376,0.5810447931,0.5730061453,0.5593136941,average,0.5568588376,0.5730061453,
O1/0647/4,,videos/sample_002587_O1__0647__4.pt,ok,0.5570103526,0.5814276338,0.5729193328,0.5590996071,average,0.5570103526,0.5729193328,
O1/0648/1,,videos/sample_002588_O1__0648__1.pt,ok,0.5296317339,0.5530906916,0.5888217729,0.5751693893,average,0.5296317339,0.5888217729,
O1/0648/2,,videos/sample_002589_O1__0648__2.pt,ok,0.5334112644,0.5704646707,0.5866005033,0.5652627167,average,0.5334112644,0.5866005033,
O1/0648/3,,videos/sample_002590_O1__0648__3.pt,ok,0.5276664495,0.5510987043,0.5899801129,0.5763162612,average,0.5276664495,0.5899801129,
O1/0648/4,,videos/sample_002591_O1__0648__4.pt,ok,0.5318844318,0.5648968220,0.5874968282,0.5684187921,average,0.5318844318,0.5874968282,
O1/0649/1,,videos/sample_002592_O1__0649__1.pt,ok,0.5419051051,0.5755884647,0.5816391125,0.5623738342,average,0.5419051051,0.5816391125,
O1/0649/2,,videos/sample_002593_O1__0649__2.pt,ok,0.5395294428,0.5621814132,0.5830225333,0.5699643790,average,0.5395294428,0.5830225333,
O1/0649/3,,videos/sample_002594_O1__0649__3.pt,ok,0.5426238179,0.5801407695,0.5812212313,0.5598195555,average,0.5426238179,0.5812212313,
O1/0649/4,,videos/sample_002595_O1__0649__4.pt,ok,0.5392386317,0.5624752045,0.5831921074,0.5697969530,average,0.5392386317,0.5831921074,
O1/0650/1,,videos/sample_002596_O1__0650__1.pt,ok,0.6171373129,0.6440370679,0.5394866105,0.5251679998,average,0.6171373129,0.5394866105,
O1/0650/2,,videos/sample_002597_O1__0650__2.pt,ok,0.6176377535,0.6436679959,0.5392166971,0.5253618604,average,0.6176377535,0.5392166971,
O1/0650/3,,videos/sample_002598_O1__0650__3.pt,ok,0.6174670458,0.6440370679,0.5393087534,0.5251679998,average,0.6174670458,0.5393087534,
O1/0650/4,,videos/sample_002599_O1__0650__4.pt,ok,0.6162649989,0.6436679959,0.5399574176,0.5253618604,average,0.6162649989,0.5399574176,
O1/0651/1,,videos/sample_002600_O1__0651__1.pt,ok,0.5269767046,0.5576057434,0.5903871891,0.5725783234,average,0.5269767046,0.5903871891,
O1/0651/2,,videos/sample_002601_O1__0651__2.pt,ok,0.5253803730,0.5555853248,0.5913303955,0.5737363408,average,0.5253803730,0.5913303955,
O1/0651/3,,videos/sample_002602_O1__0651__3.pt,ok,0.5255347490,0.5480145216,0.5912391153,0.5780964697,average,0.5255347490,0.5912391153,
O1/0651/4,,videos/sample_002603_O1__0651__4.pt,ok,0.5241625905,0.5461142659,0.5920509459,0.5791960452,average,0.5241625905,0.5920509459,
O1/0652/1,,videos/sample_002604_O1__0652__1.pt,ok,0.5577309132,0.5844868422,0.5725066584,0.5573918184,average,0.5577309132,0.5725066584,
O1/0652/2,,videos/sample_002605_O1__0652__2.pt,ok,0.5583692789,0.5826067328,0.5721413064,0.5584407617,average,0.5583692789,0.5721413064,
O1/0652/3,,videos/sample_002606_O1__0652__3.pt,ok,0.5582550168,0.5844868422,0.5722066842,0.5573918184,average,0.5582550168,0.5722066842,
O1/0652/4,,videos/sample_002607_O1__0652__4.pt,ok,0.5587558150,0.5826067328,0.5719201959,0.5584407617,average,0.5587558150,0.5719201959,
O1/0653/1,,videos/sample_002608_O1__0653__1.pt,ok,0.6005281210,0.6310678720,0.5485218737,0.5320233647,average,0.6005281210,0.5485218737,
O1/0653/2,,videos/sample_002609_O1__0653__2.pt,ok,0.6007570624,0.6298902631,0.5483963087,0.5326502492,average,0.6007570624,0.5483963087,
O1/0653/3,,videos/sample_002610_O1__0653__3.pt,ok,0.6009786129,0.6310678720,0.5482748247,0.5320233647,average,0.6009786129,0.5482748247,
O1/0653/4,,videos/sample_002611_O1__0653__4.pt,ok,0.5972931981,0.6298902631,0.5502991728,0.5326502492,average,0.5972931981,0.5502991728,
O1/0654/1,,videos/sample_002612_O1__0654__1.pt,ok,0.5342147946,0.5664198995,0.5861293414,0.5675537052,average,0.5342147946,0.5861293414,
O1/0654/2,,videos/sample_002613_O1__0654__2.pt,ok,0.5347563624,0.5698140264,0.5858119986,0.5656306213,average,0.5347563624,0.5858119986,
O1/0654/3,,videos/sample_002614_O1__0654__3.pt,ok,0.5306478143,0.5534116626,0.5882237865,0.5749848062,average,0.5306478143,0.5882237865,
O1/0654/4,,videos/sample_002615_O1__0654__4.pt,ok,0.5311530828,0.5542362332,0.5879266505,0.5745108860,average,0.5311530828,0.5879266505,
O1/0655/1,,videos/sample_002616_O1__0655__1.pt,ok,0.6174487472,0.6513956785,0.5393186221,0.5213176769,average,0.6174487472,0.5393186221,
O1/0655/2,,videos/sample_002617_O1__0655__2.pt,ok,0.6176500916,0.6516427994,0.5392100442,0.5211888643,average,0.6176500916,0.5392100442,
O1/0655/3,,videos/sample_002618_O1__0655__3.pt,ok,0.6168751717,0.6513956785,0.5396280507,0.5213176769,average,0.6168751717,0.5396280507,
O1/0655/4,,videos/sample_002619_O1__0655__4.pt,ok,0.6177093387,0.6516427994,0.5391780985,0.5211888643,average,0.6177093387,0.5391780985,
O1/0656/1,,videos/sample_002620_O1__0656__1.pt,ok,0.5466220379,0.5832188129,0.5789020204,0.5580990558,average,0.5466220379,0.5789020204,
O1/0656/2,,videos/sample_002621_O1__0656__2.pt,ok,0.5428300500,0.5860510468,0.5811013772,0.5565206251,average,0.5428300500,0.5811013772,
O1/0656/3,,videos/sample_002622_O1__0656__3.pt,ok,0.5308490396,0.5501308441,0.5881054329,0.5768743248,average,0.5308490396,0.5881054329,
O1/0656/4,,videos/sample_002623_O1__0656__4.pt,ok,0.5510596037,0.5904692411,0.5763387960,0.5540672326,average,0.5510596037,0.5763387960,
O1/0657/1,,videos/sample_002624_O1__0657__1.pt,ok,0.6197519898,0.6478378177,0.5380778698,0.5231757561,average,0.6197519898,0.5380778698,
O1/0657/2,,videos/sample_002625_O1__0657__2.pt,ok,0.6198905110,0.6478378177,0.5380033398,0.5231757561,average,0.6198905110,0.5380033398,
O1/0657/3,,videos/sample_002626_O1__0657__3.pt,ok,0.6182335615,0.6492179632,0.5388955231,0.5224541954,average,0.6182335615,0.5388955231,
O1/0657/4,,videos/sample_002627_O1__0657__4.pt,ok,0.6193467975,0.6492179632,0.5382959391,0.5224541954,average,0.6193467975,0.5382959391,
O1/0658/1,,videos/sample_002628_O1__0658__1.pt,ok,0.6140099764,0.6296078563,0.5411764076,0.5328006945,average,0.6140099764,0.5411764076,
O1/0658/2,,videos/sample_002629_O1__0658__2.pt,ok,0.6143320799,0.6289435029,0.5410021209,0.5331547800,average,0.6143320799,0.5410021209,
O1/0658/3,,videos/sample_002630_O1__0658__3.pt,ok,0.6154810786,0.6291573048,0.5403808671,0.5330408027,average,0.6154810786,0.5403808671,
O1/0658/4,,videos/sample_002631_O1__0658__4.pt,ok,0.6154531837,0.6295208335,0.5403959412,0.5328470623,average,0.6154531837,0.5403959412,
O1/0659/1,,videos/sample_002632_O1__0659__1.pt,ok,0.5882489085,0.6141051054,0.5552988129,0.5411249285,average,0.5882489085,0.5552988129,
O1/0659/2,,videos/sample_002633_O1__0659__2.pt,ok,0.5858187675,0.6117327213,0.5566499083,0.5424102086,average,0.5858187675,0.5566499083,
O1/0659/3,,videos/sample_002634_O1__0659__3.pt,ok,0.5833799243,0.6063893437,0.5580091470,0.5453162683,average,0.5833799243,0.5580091470,
O1/0659/4,,videos/sample_002635_O1__0659__4.pt,ok,0.5868195295,0.6141417623,0.5560931129,0.5411050929,average,0.5868195295,0.5560931129,
O1/0660/1,,videos/sample_002636_O1__0660__1.pt,ok,0.5532547832,0.5765113831,0.5750750165,0.5618550486,average,0.5532547832,0.5750750165,
O1/0660/2,,videos/sample_002637_O1__0660__2.pt,ok,0.5533243418,0.5769038796,0.5750350165,0.5616345657,average,0.5533243418,0.5750350165,
O1/0660/3,,videos/sample_002638_O1__0660__3.pt,ok,0.5528388619,0.5769038796,0.5753142522,0.5616345657,average,0.5528388619,0.5753142522,
O1/0660/4,,videos/sample_002639_O1__0660__4.pt,ok,0.5534662008,0.5765113831,0.5749534484,0.5618550486,average,0.5534662008,0.5749534484,
O1/0661/1,,videos/sample_002640_O1__0661__1.pt,ok,0.5518055558,0.5996608734,0.5759090352,0.5489977843,average,0.5518055558,0.5759090352,
O1/0661/2,,videos/sample_002641_O1__0661__2.pt,ok,0.5594651699,0.5931146145,0.5715146454,0.5526034549,average,0.5594651699,0.5715146454,
O1/0661/3,,videos/sample_002642_O1__0661__3.pt,ok,0.5581682324,0.5945189595,0.5722563450,0.5518279536,average,0.5581682324,0.5722563450,
O1/0661/4,,videos/sample_002643_O1__0661__4.pt,ok,0.5415238142,0.5627989769,0.5818609285,0.5696124983,average,0.5415238142,0.5818609285,
O1/0662/1,,videos/sample_002644_O1__0662__1.pt,ok,0.5499015450,0.5854615569,0.5770066167,0.5568487851,average,0.5499015450,0.5770066167,
O1/0662/2,,videos/sample_002645_O1__0662__2.pt,ok,0.5474323034,0.5969090462,0.5784331460,0.5505106119,average,0.5474323034,0.5784331460,
O1/0662/3,,videos/sample_002646_O1__0662__3.pt,ok,0.5439416170,0.5836423635,0.5804558029,0.5578627227,average,0.5439416170,0.5804558029,
O1/0662/4,,videos/sample_002647_O1__0662__4.pt,ok,0.5314518213,0.5500478745,0.5877510405,0.5769221899,average,0.5314518213,0.5877510405,
O1/0663/1,,videos/sample_002648_O1__0663__1.pt,ok,0.5459072590,0.5651635528,0.5793159552,0.5682671975,average,0.5459072590,0.5793159552,
O1/0663/2,,videos/sample_002649_O1__0663__2.pt,ok,0.5472826362,0.5795561075,0.5785197250,0.5601469564,average,0.5472826362,0.5785197250,
O1/0663/3,,videos/sample_002650_O1__0663__3.pt,ok,0.5443276763,0.5722457767,0.5802317558,0.5642568199,average,0.5443276763,0.5802317558,
O1/0663/4,,videos/sample_002651_O1__0663__4.pt,ok,0.5415142775,0.5612249970,0.5818664776,0.5705097628,average,0.5415142775,0.5818664776,
O1/0664/1,,videos/sample_002652_O1__0664__1.pt,ok,0.6197419763,0.6333233714,0.5380832579,0.5308247386,average,0.6197419763,0.5380832579,
O1/0664/2,,videos/sample_002653_O1__0664__2.pt,ok,0.6183072925,0.6331578493,0.5388557913,0.5309126091,average,0.6183072925,0.5388557913,
O1/0664/3,,videos/sample_002654_O1__0664__3.pt,ok,0.6192375422,0.6336618662,0.5383547540,0.5306450876,average,0.6192375422,0.5383547540,
O1/0664/4,,videos/sample_002655_O1__0664__4.pt,ok,0.6196882129,0.6334400177,0.5381121879,0.5307628234,average,0.6196882129,0.5381121879,
O1/0665/1,,videos/sample_002656_O1__0665__1.pt,ok,0.5634940863,0.5851199031,0.5692166929,0.5570390671,average,0.5634940863,0.5692166929,
O1/0665/2,,videos/sample_002657_O1__0665__2.pt,ok,0.5624643564,0.5836180449,0.5698031342,0.5578762894,average,0.5624643564,0.5698031342,
O1/0665/3,,videos/sample_002658_O1__0665__3.pt,ok,0.5627433062,0.5827726722,0.5696442099,0.5583481021,average,0.5627433062,0.5696442099,
O1/0665/4,,videos/sample_002659_O1__0665__4.pt,ok,0.5637995601,0.5855057836,0.5690428387,0.5568241581,average,0.5637995601,0.5690428387,
O1/0666/1,,videos/sample_002660_O1__0666__1.pt,ok,0.5440133810,0.5708889961,0.5804141486,0.5650229122,average,0.5440133810,0.5804141486,
O1/0666/2,,videos/sample_002661_O1__0666__2.pt,ok,0.5390994549,0.5587742329,0.5832732798,0.5719096624,average,0.5390994549,0.5832732798,
O1/0666/3,,videos/sample_002662_O1__0666__3.pt,ok,0.5427372456,0.5621078014,0.5811553084,0.5700063366,average,0.5427372456,0.5811553084,
O1/0666/4,,videos/sample_002663_O1__0666__4.pt,ok,0.5446138978,0.5776380897,0.5800657048,0.5612223593,average,0.5446138978,0.5800657048,
O1/0667/1,,videos/sample_002664_O1__0667__1.pt,ok,0.5437481403,0.5773562789,0.5805681184,0.5613805401,average,0.5437481403,0.5805681184,
O1/0667/2,,videos/sample_002665_O1__0667__2.pt,ok,0.5366697311,0.5594211221,0.5846921959,0.5715398199,average,0.5366697311,0.5846921959,
O1/0667/3,,videos/sample_002666_O1__0667__3.pt,ok,0.5405170918,0.5626076460,0.5824469960,0.5697214932,average,0.5405170918,0.5824469960,
O1/0667/4,,videos/sample_002667_O1__0667__4.pt,ok,0.5411726236,0.5743218660,0.5820653085,0.5630865875,average,0.5411726236,0.5820653085,
O1/0668/1,,videos/sample_002668_O1__0668__1.pt,ok,0.6191754341,0.6548004150,0.5383881912,0.5195457458,average,0.6191754341,0.5383881912,
O1/0668/2,,videos/sample_002669_O1__0668__2.pt,ok,0.6208148599,0.6541152596,0.5375062668,0.5199018373,average,0.6208148599,0.5375062668,
O1/0668/3,,videos/sample_002670_O1__0668__3.pt,ok,0.6204877496,0.6541152596,0.5376821194,0.5199018373,average,0.6204877496,0.5376821194,
O1/0668/4,,videos/sample_002671_O1__0668__4.pt,ok,0.6208945513,0.6548004150,0.5374634339,0.5195457458,average,0.6208945513,0.5374634339,
O1/0669/1,,videos/sample_002672_O1__0669__1.pt,ok,0.6158586144,0.6307039857,0.5401768925,0.5322169959,average,0.6158586144,0.5401768925,
O1/0669/2,,videos/sample_002673_O1__0669__2.pt,ok,0.6169940233,0.6311265230,0.5395639189,0.5319921619,average,0.6169940233,0.5395639189,
O1/0669/3,,videos/sample_002674_O1__0669__3.pt,ok,0.6164816022,0.6293736696,0.5398404737,0.5329254839,average,0.6164816022,0.5398404737,
O1/0669/4,,videos/sample_002675_O1__0669__4.pt,ok,0.6150020957,0.6288299561,0.5406397623,0.5332153215,average,0.6150020957,0.5406397623,
O1/0670/1,,videos/sample_002676_O1__0670__1.pt,ok,0.5610896945,0.5827608705,0.5705869595,0.5583546916,average,0.5610896945,0.5705869595,
O1/0670/2,,videos/sample_002677_O1__0670__2.pt,ok,0.5624669194,0.5847682953,0.5698016738,0.5572349608,average,0.5624669194,0.5698016738,
O1/0670/3,,videos/sample_002678_O1__0670__3.pt,ok,0.5614528060,0.5827608705,0.5703798104,0.5583546916,average,0.5614528060,0.5703798104,
O1/0670/4,,videos/sample_002679_O1__0670__4.pt,ok,0.5628265738,0.5847682953,0.5695967789,0.5572349608,average,0.5628265738,0.5695967789,
O1/0671/1,,videos/sample_002680_O1__0671__1.pt,ok,0.5381478071,0.5752362609,0.5838286147,0.5625719394,average,0.5381478071,0.5838286147,
O1/0671/2,,videos/sample_002681_O1__0671__2.pt,ok,0.5360410810,0.5792338848,0.5850598783,0.5603274776,average,0.5360410810,0.5850598783,
O1/0671/3,,videos/sample_002682_O1__0671__3.pt,ok,0.5254098177,0.5466040969,0.5913129842,0.5789124065,average,0.5254098177,0.5913129842,
O1/0671/4,,videos/sample_002683_O1__0671__4.pt,ok,0.5390647650,0.5737056136,0.5832935139,0.5634336979,average,0.5390647650,0.5832935139,
O1/0672/1,,videos/sample_002684_O1__0672__1.pt,ok,0.6157554388,0.6473714113,0.5402326284,0.5234198255,average,0.6157554388,0.5402326284,
O1/0672/2,,videos/sample_002685_O1__0672__2.pt,ok,0.6154714227,0.6470869184,0.5403860850,0.5235687559,average,0.6154714227,0.5403860850,
O1/0672/3,,videos/sample_002686_O1__0672__3.pt,ok,0.6132291555,0.6470869184,0.5415991344,0.5235687559,average,0.6132291555,0.5415991344,
O1/0672/4,,videos/sample_002687_O1__0672__4.pt,ok,0.6149606109,0.6473714113,0.5406621911,0.5234198255,average,0.6149606109,0.5406621911,
O1/0673/1,,videos/sample_002688_O1__0673__1.pt,ok,0.6106551290,0.6250189543,0.5429950208,0.5352512831,average,0.6106551290,0.5429950208,
O1/0673/2,,videos/sample_002689_O1__0673__2.pt,ok,0.6109954119,0.6254813075,0.5428102803,0.5350038652,average,0.6109954119,0.5428102803,
O1/0673/3,,videos/sample_002690_O1__0673__3.pt,ok,0.6098928452,0.6233609319,0.5434090949,0.5361394779,average,0.6098928452,0.5434090949,
O1/0673/4,,videos/sample_002691_O1__0673__4.pt,ok,0.6115497351,0.6252023578,0.5425094713,0.5351531252,average,0.6115497351,0.5425094713,
O1/0674/1,,videos/sample_002692_O1__0674__1.pt,ok,0.5513268709,0.5716676116,0.5761847801,0.5645831478,average,0.5513268709,0.5761847801,
O1/0674/2,,videos/sample_002693_O1__0674__2.pt,ok,0.5472985506,0.5668319464,0.5785105182,0.5673198946,average,0.5472985506,0.5785105182,
O1/0674/3,,videos/sample_002694_O1__0674__3.pt,ok,0.5547267199,0.5862572193,0.5742291652,0.5564058977,average,0.5547267199,0.5742291652,
O1/0674/4,,videos/sample_002695_O1__0674__4.pt,ok,0.5525605083,0.5836077929,0.5754744153,0.5578820087,average,0.5525605083,0.5754744153,
O1/0675/1,,videos/sample_002696_O1__0675__1.pt,ok,0.6142866611,0.6263964176,0.5410266931,0.5345145017,average,0.6142866611,0.5410266931,
O1/0675/2,,videos/sample_002697_O1__0675__2.pt,ok,0.6124491692,0.6270557642,0.5420217392,0.5341621875,average,0.6124491692,0.5420217392,
O1/0675/3,,videos/sample_002698_O1__0675__3.pt,ok,0.6141794920,0.6261534095,0.5410846775,0.5346444088,average,0.6141794920,0.5410846775,
O1/0675/4,,videos/sample_002699_O1__0675__4.pt,ok,0.6135785580,0.6260412335,0.5414099314,0.5347043864,average,0.6135785580,0.5414099314,
O1/0676/1,,videos/sample_002700_O1__0676__1.pt,ok,0.5649505854,0.5847424269,0.5683882328,0.5572493758,average,0.5649505854,0.5683882328,
O1/0676/2,,videos/sample_002701_O1__0676__2.pt,ok,0.5632581115,0.5847424269,0.5693510295,0.5572493758,average,0.5632581115,0.5693510295,
O1/0676/3,,videos/sample_002702_O1__0676__3.pt,ok,0.5644085407,0.5836456418,0.5686964081,0.5578608939,average,0.5644085407,0.5686964081,
O1/0676/4,,videos/sample_002703_O1__0676__4.pt,ok,0.5631279945,0.5836456418,0.5694251166,0.5578608939,average,0.5631279945,0.5694251166,
O1/0677/1,,videos/sample_002704_O1__0677__1.pt,ok,0.5623541474,0.5843087435,0.5698659351,0.5574910980,average,0.5623541474,0.5698659351,
O1/0677/2,,videos/sample_002705_O1__0677__2.pt,ok,0.5628033280,0.5892738700,0.5696100198,0.5547299446,average,0.5628033280,0.5696100198,
O1/0677/3,,videos/sample_002706_O1__0677__3.pt,ok,0.5610921383,0.5835948586,0.5705855651,0.5578892245,average,0.5610921383,0.5705855651,
O1/0677/4,,videos/sample_002707_O1__0677__4.pt,ok,0.5632454157,0.5874378681,0.5693582579,0.5557493653,average,0.5632454157,0.5693582579,
O1/0678/1,,videos/sample_002708_O1__0678__1.pt,ok,0.5596545339,0.5904722810,0.5714064313,0.5540655483,average,0.5596545339,0.5714064313,
O1/0678/2,,videos/sample_002709_O1__0678__2.pt,ok,0.5652375221,0.6006142497,0.5682251647,0.5484746322,average,0.5652375221,0.5682251647,
O1/0678/3,,videos/sample_002710_O1__0678__3.pt,ok,0.5636150241,0.6083921790,0.5691478572,0.5442251827,average,0.5636150241,0.5691478572,
O1/0678/4,,videos/sample_002711_O1__0678__4.pt,ok,0.5512710810,0.5827307701,0.5762169263,0.5583714986,average,0.5512710810,0.5762169263,
O1/0679/1,,videos/sample_002712_O1__0679__1.pt,ok,0.5501345396,0.5794028044,0.5768721930,0.5602328353,average,0.5501345396,0.5768721930,
O1/0679/2,,videos/sample_002713_O1__0679__2.pt,ok,0.5499609709,0.5764913559,0.5769723287,0.5618663010,average,0.5499609709,0.5769723287,
O1/0679/3,,videos/sample_002714_O1__0679__3.pt,ok,0.5485949516,0.5691388845,0.5777610225,0.5660126311,average,0.5485949516,0.5777610225,
O1/0679/4,,videos/sample_002715_O1__0679__4.pt,ok,0.5488978028,0.5696493983,0.5775860734,0.5657237476,average,0.5488978028,0.5775860734,
O1/0680/1,,videos/sample_002716_O1__0680__1.pt,ok,0.6136560440,0.6451757550,0.5413679814,0.5245703381,average,0.6136560440,0.5413679814,
O1/0680/2,,videos/sample_002717_O1__0680__2.pt,ok,0.6147235036,0.6451757550,0.5407904012,0.5245703381,average,0.6147235036,0.5407904012,
O1/0680/3,,videos/sample_002718_O1__0680__3.pt,ok,0.6136562228,0.6462535262,0.5413678846,0.5240052759,average,0.6136562228,0.5413678846,
O1/0680/4,,videos/sample_002719_O1__0680__4.pt,ok,0.6144422293,0.6462535262,0.5409425331,0.5240052759,average,0.6144422293,0.5409425331,
O1/0681/1,,videos/sample_002720_O1__0681__1.pt,ok,0.5347231627,0.5760197639,0.5858314477,0.5621313352,average,0.5347231627,0.5858314477,
O1/0681/2,,videos/sample_002721_O1__0681__2.pt,ok,0.5425083041,0.6002425551,0.5812883742,0.5486785352,average,0.5425083041,0.5812883742,
O1/0681/3,,videos/sample_002722_O1__0681__3.pt,ok,0.5440665483,0.5856373310,0.5803832903,0.5567509141,average,0.5440665483,0.5803832903,
O1/0681/4,,videos/sample_002723_O1__0681__4.pt,ok,0.5433276296,0.5833184719,0.5808123049,0.5580434390,average,0.5433276296,0.5808123049,
O1/0682/1,,videos/sample_002724_O1__0682__1.pt,ok,0.5502442122,0.5807327032,0.5768089294,0.5594882775,average,0.5502442122,0.5768089294,
O1/0682/2,,videos/sample_002725_O1__0682__2.pt,ok,0.5517301559,0.5979043841,0.5759524603,0.5499629404,average,0.5517301559,0.5759524603,
O1/0682/3,,videos/sample_002726_O1__0682__3.pt,ok,0.5397574306,0.5606076121,0.5828896264,0.5708620957,average,0.5397574306,0.5828896264,
O1/0682/4,,videos/sample_002727_O1__0682__4.pt,ok,0.5464639068,0.5797573328,0.5789935700,0.5600342520,average,0.5464639068,0.5789935700,
O1/0683/1,,videos/sample_002728_O1__0683__1.pt,ok,0.5634198189,0.5838874578,0.5692589687,0.5577260105,average,0.5634198189,0.5692589687,
O1/0683/2,,videos/sample_002729_O1__0683__2.pt,ok,0.5647203922,0.5885773897,0.5685190869,0.5551164376,average,0.5647203922,0.5685190869,
O1/0683/3,,videos/sample_002730_O1__0683__3.pt,ok,0.5651113987,0.5890594125,0.5682968357,0.5548489233,average,0.5651113987,0.5682968357,
O1/0683/4,,videos/sample_002731_O1__0683__4.pt,ok,0.5634276271,0.5841674805,0.5692545238,0.5575698564,average,0.5634276271,0.5692545238,
O1/0684/1,,videos/sample_002732_O1__0684__1.pt,ok,0.6339740157,0.6593632698,0.5304794728,0.5171805341,average,0.6339740157,0.5304794728,
O1/0684/2,,videos/sample_002733_O1__0684__2.pt,ok,0.6345662475,0.6593632698,0.5301653990,0.5171805341,average,0.6345662475,0.5301653990,
O1/0684/3,,videos/sample_002734_O1__0684__3.pt,ok,0.6341389418,0.6582491994,0.5303919901,0.5177570307,average,0.6341389418,0.5303919901,
O1/0684/4,,videos/sample_002735_O1__0684__4.pt,ok,0.6341701150,0.6582491994,0.5303754564,0.5177570307,average,0.6341701150,0.5303754564,
O1/0685/1,,videos/sample_002736_O1__0685__1.pt,ok,0.6228806376,0.6363480687,0.5363970444,0.5292215802,average,0.6228806376,0.5363970444,
O1/0685/2,,videos/sample_002737_O1__0685__2.pt,ok,0.6218248010,0.6363480687,0.5369636912,0.5292215802,average,0.6218248010,0.5369636912,
O1/0685/3,,videos/sample_002738_O1__0685__3.pt,ok,0.6220918298,0.6365426183,0.5368203255,0.5291186304,average,0.6220918298,0.5368203255,
O1/0685/4,,videos/sample_002739_O1__0685__4.pt,ok,0.6211917400,0.6365426183,0.5373037295,0.5291186304,average,0.6211917400,0.5373037295,
O1/0686/1,,videos/sample_002740_O1__0686__1.pt,ok,0.6195958257,0.6491811275,0.5381619049,0.5224734407,average,0.6195958257,0.5381619049,
O1/0686/2,,videos/sample_002741_O1__0686__2.pt,ok,0.6183868051,0.6479848027,0.5388129472,0.5230988627,average,0.6183868051,0.5388129472,
O1/0686/3,,videos/sample_002742_O1__0686__3.pt,ok,0.6193502545,0.6491811275,0.5382940781,0.5224734407,average,0.6193502545,0.5382940781,
O1/0686/4,,videos/sample_002743_O1__0686__4.pt,ok,0.6166106462,0.6479848027,0.5397708150,0.5230988627,average,0.6166106462,0.5397708150,
O1/0687/1,,videos/sample_002744_O1__0687__1.pt,ok,0.5799164772,0.6065415740,0.5599451328,0.5452332610,average,0.5799164772,0.5599451328,
O1/0687/2,,videos/sample_002745_O1__0687__2.pt,ok,0.5871139765,0.6109902263,0.5559293971,0.5428130951,average,0.5871139765,0.5559293971,
O1/0687/3,,videos/sample_002746_O1__0687__3.pt,ok,0.5885913968,0.6142566800,0.5551086621,0.5410429139,average,0.5885913968,0.5551086621,
O1/0687/4,,videos/sample_002747_O1__0687__4.pt,ok,0.5838655233,0.6153040528,0.5577382441,0.5404765369,average,0.5838655233,0.5577382441,
O1/0688/1,,videos/sample_002748_O1__0688__1.pt,ok,0.5844344497,0.6055465937,0.5574210223,0.5457760274,average,0.5844344497,0.5574210223,
O1/0688/2,,videos/sample_002749_O1__0688__2.pt,ok,0.5842034221,0.6038805842,0.5575498168,0.5466860532,average,0.5842034221,0.5575498168,
O1/0688/3,,videos/sample_002750_O1__0688__3.pt,ok,0.5833728313,0.6035817862,0.5580131049,0.5468494264,average,0.5833728313,0.5580131049,
O1/0688/4,,videos/sample_002751_O1__0688__4.pt,ok,0.5821393728,0.6029313803,0.5587018156,0.5472052162,average,0.5821393728,0.5587018156,
O1/0689/1,,videos/sample_002752_O1__0689__1.pt,ok,0.5229918957,0.5455057621,0.5927444628,0.5795485955,average,0.5229918957,0.5927444628,
O1/0689/2,,videos/sample_002753_O1__0689__2.pt,ok,0.5363186598,0.5725940466,0.5848975006,0.5640603405,average,0.5363186598,0.5848975006,
O1/0689/3,,videos/sample_002754_O1__0689__3.pt,ok,0.5350878239,0.5678788424,0.5856178567,0.5667262804,average,0.5350878239,0.5856178567,
O1/0689/4,,videos/sample_002755_O1__0689__4.pt,ok,0.5301629901,0.5726077557,0.5885090407,0.5640526078,average,0.5301629901,0.5885090407,
O1/0690/1,,videos/sample_002756_O1__0690__1.pt,ok,0.6203767061,0.6374573112,0.5377418288,0.5286348706,average,0.6203767061,0.5377418288,
O1/0690/2,,videos/sample_002757_O1__0690__2.pt,ok,0.6213051081,0.6366814375,0.5372428199,0.5290451836,average,0.6213051081,0.5372428199,
O1/0690/3,,videos/sample_002758_O1__0690__3.pt,ok,0.6209676862,0.6374573112,0.5374241280,0.5286348706,average,0.6209676862,0.5374241280,
O1/0690/4,,videos/sample_002759_O1__0690__4.pt,ok,0.6197361350,0.6366814375,0.5380864010,0.5290451836,average,0.6197361350,0.5380864010,
O1/0691/1,,videos/sample_002760_O1__0691__1.pt,ok,0.5636648536,0.5878657103,0.5691194976,0.5555116432,average,0.5636648536,0.5691194976,
O1/0691/2,,videos/sample_002761_O1__0691__2.pt,ok,0.5645131469,0.5878657103,0.5686369220,0.5555116432,average,0.5645131469,0.5686369220,
O1/0691/3,,videos/sample_002762_O1__0691__3.pt,ok,0.5625381470,0.5889273882,0.5697610897,0.5549221817,average,0.5625381470,0.5697610897,
O1/0691/4,,videos/sample_002763_O1__0691__4.pt,ok,0.5641904473,0.5889273882,0.5688204505,0.5549221817,average,0.5641904473,0.5688204505,
O1/0692/1,,videos/sample_002764_O1__0692__1.pt,ok,0.5688914657,0.5901037455,0.5661526907,0.5542697788,average,0.5688914657,0.5661526907,
O1/0692/2,,videos/sample_002765_O1__0692__2.pt,ok,0.5678761601,0.5899707675,0.5667278005,0.5543434893,average,0.5678761601,0.5667278005,
O1/0692/3,,videos/sample_002766_O1__0692__3.pt,ok,0.5642875433,0.5778384209,0.5687652230,0.5611099402,average,0.5642875433,0.5687652230,
O1/0692/4,,videos/sample_002767_O1__0692__4.pt,ok,0.5678968430,0.5831804276,0.5667160791,0.5581204791,average,0.5678968430,0.5667160791,
O1/0693/1,,videos/sample_002768_O1__0693__1.pt,ok,0.5632813573,0.5853888988,0.5693377947,0.5568892461,average,0.5632813573,0.5693377947,
O1/0693/2,,videos/sample_002769_O1__0693__2.pt,ok,0.5649340749,0.5867822170,0.5683976172,0.5561138625,average,0.5649340749,0.5683976172,
O1/0693/3,,videos/sample_002770_O1__0693__3.pt,ok,0.5646811128,0.5867822170,0.5685414185,0.5561138625,average,0.5646811128,0.5685414185,
O1/0693/4,,videos/sample_002771_O1__0693__4.pt,ok,0.5628525615,0.5853888988,0.5695819767,0.5568892461,average,0.5628525615,0.5695819767,
O1/0694/1,,videos/sample_002772_O1__0694__1.pt,ok,0.6239928007,0.6556019783,0.5358008150,0.5191294638,average,0.6239928007,0.5358008150,
O1/0694/2,,videos/sample_002773_O1__0694__2.pt,ok,0.6242707968,0.6544729471,0.5356518852,0.5197159082,average,0.6242707968,0.5356518852,
O1/0694/3,,videos/sample_002774_O1__0694__3.pt,ok,0.6236718297,0.6544729471,0.5359728192,0.5197159082,average,0.6236718297,0.5359728192,
O1/0694/4,,videos/sample_002775_O1__0694__4.pt,ok,0.6214102507,0.6556019783,0.5371863358,0.5191294638,average,0.6214102507,0.5371863358,
O1/0695/1,,videos/sample_002776_O1__0695__1.pt,ok,0.5514029860,0.5838668346,0.5761409254,0.5577375127,average,0.5514029860,0.5761409254,
O1/0695/2,,videos/sample_002777_O1__0695__2.pt,ok,0.5637636781,0.5989903212,0.5690632574,0.5493660394,average,0.5637636781,0.5690632574,
O1/0695/3,,videos/sample_002778_O1__0695__3.pt,ok,0.5569651723,0.5934809446,0.5729452181,0.5524010566,average,0.5569651723,0.5729452181,
O1/0695/4,,videos/sample_002779_O1__0695__4.pt,ok,0.5625422597,0.5963971615,0.5697587464,0.5507924820,average,0.5625422597,0.5697587464,
O1/0696/1,,videos/sample_002780_O1__0696__1.pt,ok,0.5852169991,0.6021744609,0.5569849835,0.5476195632,average,0.5852169991,0.5569849835,
O1/0696/2,,videos/sample_002781_O1__0696__2.pt,ok,0.5838380456,0.6037792563,0.5577535697,0.5467414506,average,0.5838380456,0.5577535697,
O1/0696/3,,videos/sample_002782_O1__0696__3.pt,ok,0.5844565630,0.6037792563,0.5574086960,0.5467414506,average,0.5844565630,0.5574086960,
O1/0696/4,,videos/sample_002783_O1__0696__4.pt,ok,0.5832440257,0.6021744609,0.5580849848,0.5476195632,average,0.5832440257,0.5580849848,
O1/0697/1,,videos/sample_002784_O1__0697__1.pt,ok,0.5333491564,0.5527453423,0.5866369371,0.5753680579,average,0.5333491564,0.5866369371,
O1/0697/2,,videos/sample_002785_O1__0697__2.pt,ok,0.5413162708,0.5684134364,0.5819817025,0.5664233929,average,0.5413162708,0.5819817025,
O1/0697/3,,videos/sample_002786_O1__0697__3.pt,ok,0.5387758017,0.5733186603,0.5834620887,0.5636517627,average,0.5387758017,0.5834620887,
O1/0697/4,,videos/sample_002787_O1__0697__4.pt,ok,0.5391882658,0.5590455532,0.5832214811,0.5717545128,average,0.5391882658,0.5832214811,
O1/0698/1,,videos/sample_002788_O1__0698__1.pt,ok,0.6107015610,0.6288232803,0.5429698090,0.5332188811,average,0.6107015610,0.5429698090,
O1/0698/2,,videos/sample_002789_O1__0698__2.pt,ok,0.6113378406,0.6275160909,0.5426244383,0.5339163550,average,0.6113378406,0.5426244383,
O1/0698/3,,videos/sample_002790_O1__0698__3.pt,ok,0.6126992702,0.6281553507,0.5418861959,0.5335751528,average,0.6126992702,0.5418861959,
O1/0698/4,,videos/sample_002791_O1__0698__4.pt,ok,0.6126509905,0.6278627515,0.5419123587,0.5337312993,average,0.6126509905,0.5419123587,
O1/0699/1,,videos/sample_002792_O1__0699__1.pt,ok,0.5441874266,0.5662935376,0.5803131388,0.5676254268,average,0.5441874266,0.5803131388,
O1/0699/2,,videos/sample_002793_O1__0699__2.pt,ok,0.5437557697,0.5734206438,0.5805636891,0.5635942824,average,0.5437557697,0.5805636891,
O1/0699/3,,videos/sample_002794_O1__0699__3.pt,ok,0.5419219136,0.5644302964,0.5816293361,0.5686840358,average,0.5419219136,0.5816293361,
O1/0699/4,,videos/sample_002795_O1__0699__4.pt,ok,0.5458950996,0.5769835711,0.5793229994,0.5615898100,average,0.5458950996,0.5793229994,
O1/0700/1,,videos/sample_002796_O1__0700__1.pt,ok,0.6136685610,0.6466693282,0.5413612051,0.5237874387,average,0.6136685610,0.5413612051,
O1/0700/2,,videos/sample_002797_O1__0700__2.pt,ok,0.6140988469,0.6462915540,0.5411283151,0.5239853495,average,0.6140988469,0.5411283151,
O1/0700/3,,videos/sample_002798_O1__0700__3.pt,ok,0.6121834517,0.6466693282,0.5421657830,0.5237874387,average,0.6121834517,0.5421657830,
O1/0700/4,,videos/sample_002799_O1__0700__4.pt,ok,0.6139262915,0.6462915540,0.5412216978,0.5239853495,average,0.6139262915,0.5412216978,
O1/0701/1,,videos/sample_002800_O1__0701__1.pt,ok,0.6331677437,0.6569947004,0.5309073560,0.5184069640,average,0.6331677437,0.5309073560,
O1/0701/2,,videos/sample_002801_O1__0701__2.pt,ok,0.6333864927,0.6569947004,0.5307912333,0.5184069640,average,0.6333864927,0.5307912333,
O1/0701/3,,videos/sample_002802_O1__0701__3.pt,ok,0.6322156191,0.6564195156,0.5314130867,0.5187052296,average,0.6322156191,0.5314130867,
O1/0701/4,,videos/sample_002803_O1__0701__4.pt,ok,0.6323640943,0.6564195156,0.5313341909,0.5187052296,average,0.6323640943,0.5313341909,
O1/0702/1,,videos/sample_002804_O1__0702__1.pt,ok,0.5358647704,0.5696314573,0.5851630396,0.5657338974,average,0.5358647704,0.5851630396,
O1/0702/2,,videos/sample_002805_O1__0702__2.pt,ok,0.5386551619,0.5750197172,0.5835324817,0.5626937739,average,0.5386551619,0.5835324817,
O1/0702/3,,videos/sample_002806_O1__0702__3.pt,ok,0.5212005377,0.5452543497,0.5938072319,0.5796943195,average,0.5212005377,0.5938072319,
O1/0702/4,,videos/sample_002807_O1__0702__4.pt,ok,0.5323712230,0.5764198303,0.5872109095,0.5619064903,average,0.5323712230,0.5872109095,
O1/0703/1,,videos/sample_002808_O1__0703__1.pt,ok,0.5539495945,0.5771145821,0.5746755867,0.5615162404,average,0.5539495945,0.5746755867,
O1/0703/2,,videos/sample_002809_O1__0703__2.pt,ok,0.5539081097,0.5767184496,0.5746994275,0.5617387192,average,0.5539081097,0.5746994275,
O1/0703/3,,videos/sample_002810_O1__0703__3.pt,ok,0.5559776425,0.5843725801,0.5735112980,0.5574555108,average,0.5559776425,0.5735112980,
O1/0703/4,,videos/sample_002811_O1__0703__4.pt,ok,0.5558848381,0.5825698376,0.5735645249,0.5584613659,average,0.5558848381,0.5735645249,
O1/0704/1,,videos/sample_002812_O1__0704__1.pt,ok,0.5345981717,0.5640570521,0.5859046759,0.5688963335,average,0.5345981717,0.5859046759,
O1/0704/2,,videos/sample_002813_O1__0704__2.pt,ok,0.5343341827,0.5566669703,0.5860593687,0.5731160970,average,0.5343341827,0.5860593687,
O1/0704/3,,videos/sample_002814_O1__0704__3.pt,ok,0.5284903049,0.5506701469,0.5894942548,0.5765632988,average,0.5284903049,0.5894942548,
O1/0704/4,,videos/sample_002815_O1__0704__4.pt,ok,0.5289640427,0.5630473495,0.5892150553,0.5694710397,average,0.5289640427,0.5892150553,
O1/0705/1,,videos/sample_002816_O1__0705__1.pt,ok,0.6133868098,0.6259296536,0.5415137557,0.5347640520,average,0.6133868098,0.5415137557,
O1/0705/2,,videos/sample_002817_O1__0705__2.pt,ok,0.6138234735,0.6247133017,0.5412773480,0.5354149091,average,0.6138234735,0.5412773480,
O1/0705/3,,videos/sample_002818_O1__0705__3.pt,ok,0.6133256555,0.6265750527,0.5415468727,0.5344190271,average,0.6133256555,0.5415468727,
O1/0705/4,,videos/sample_002819_O1__0705__4.pt,ok,0.6112886071,0.6260801554,0.5426511542,0.5346835752,average,0.6112886071,0.5426511542,
O1/0706/1,,videos/sample_002820_O1__0706__1.pt,ok,0.5403939486,0.5605321527,0.5825187248,0.5709051743,average,0.5403939486,0.5825187248,
O1/0706/2,,videos/sample_002821_O1__0706__2.pt,ok,0.5469202995,0.5857046843,0.5787293818,0.5567134164,average,0.5469202995,0.5787293818,
O1/0706/3,,videos/sample_002822_O1__0706__3.pt,ok,0.5529856086,0.5807631016,0.5752298329,0.5594712702,average,0.5529856086,0.5752298329,
O1/0706/4,,videos/sample_002823_O1__0706__4.pt,ok,0.5550454259,0.5905930400,0.5740461840,0.5539986439,average,0.5550454259,0.5740461840,
O1/0707/1,,videos/sample_002824_O1__0707__1.pt,ok,0.6180268526,0.6462140679,0.5390069291,0.5240259526,average,0.6180268526,0.5390069291,
O1/0707/2,,videos/sample_002825_O1__0707__2.pt,ok,0.6177696586,0.6462140679,0.5391455763,0.5240259526,average,0.6177696586,0.5391455763,
O1/0707/3,,videos/sample_002826_O1__0707__3.pt,ok,0.6165670156,0.6455262303,0.5397943660,0.5243865214,average,0.6165670156,0.5397943660,
O1/0707/4,,videos/sample_002827_O1__0707__4.pt,ok,0.6161360741,0.6455262303,0.5400270360,0.5243865214,average,0.6161360741,0.5400270360,
O1/0708/1,,videos/sample_002828_O1__0708__1.pt,ok,0.5600789785,0.5967642665,0.5711639524,0.5505903204,average,0.5600789785,0.5711639524,
O1/0708/2,,videos/sample_002829_O1__0708__2.pt,ok,0.5550723076,0.5956124067,0.5740307529,0.5512248886,average,0.5550723076,0.5740307529,
O1/0708/3,,videos/sample_002830_O1__0708__3.pt,ok,0.5561926961,0.5958080292,0.5733879756,0.5511170672,average,0.5561926961,0.5733879756,
O1/0708/4,,videos/sample_002831_O1__0708__4.pt,ok,0.5461225510,0.5816105008,0.5791912466,0.5589973755,average,0.5461225510,0.5791912466,
O1/0709/1,,videos/sample_002832_O1__0709__1.pt,ok,0.6348050833,0.6594109535,0.5300387917,0.5171558736,average,0.6348050833,0.5300387917,
O1/0709/2,,videos/sample_002833_O1__0709__2.pt,ok,0.6352002621,0.6594109535,0.5298293730,0.5171558736,average,0.6352002621,0.5298293730,
O1/0709/3,,videos/sample_002834_O1__0709__3.pt,ok,0.6349352598,0.6587805748,0.5299697975,0.5174819805,average,0.6349352598,0.5299697975,
O1/0709/4,,videos/sample_002835_O1__0709__4.pt,ok,0.6351479888,0.6587805748,0.5298570696,0.5174819805,average,0.6351479888,0.5298570696,
O1/0710/1,,videos/sample_002836_O1__0710__1.pt,ok,0.5548694730,0.5868732333,0.5741471980,0.5560632494,average,0.5548694730,0.5741471980,
O1/0710/2,,videos/sample_002837_O1__0710__2.pt,ok,0.5608210564,0.6012158394,0.5707402615,0.5481447748,average,0.5608210564,0.5707402615,
O1/0710/3,,videos/sample_002838_O1__0710__3.pt,ok,0.5592100620,0.5962898731,0.5716604618,0.5508515788,average,0.5592100620,0.5716604618,
O1/0710/4,,videos/sample_002839_O1__0710__4.pt,ok,0.5594841242,0.5969948173,0.5715038128,0.5504633960,average,0.5594841242,0.5715038128,
O1/0711/1,,videos/sample_002840_O1__0711__1.pt,ok,0.5247946978,0.5475240350,0.5916768245,0.5783800879,average,0.5247946978,0.5916768245,
O1/0711/2,,videos/sample_002841_O1__0711__2.pt,ok,0.5426232815,0.5819919109,0.5812215430,0.5587842089,average,0.5426232815,0.5812215430,
O1/0711/3,,videos/sample_002842_O1__0711__3.pt,ok,0.5289422274,0.5635561347,0.5892279093,0.5691813750,average,0.5289422274,0.5892279093,
O1/0711/4,,videos/sample_002843_O1__0711__4.pt,ok,0.5443665981,0.5819919109,0.5802091726,0.5587842089,average,0.5443665981,0.5802091726,
O1/0712/1,,videos/sample_002844_O1__0712__1.pt,ok,0.6144416928,0.6285570264,0.5409428233,0.5333608717,average,0.6144416928,0.5409428233,
O1/0712/2,,videos/sample_002845_O1__0712__2.pt,ok,0.6142941713,0.6284949780,0.5410226299,0.5333939669,average,0.6142941713,0.5410226299,
O1/0712/3,,videos/sample_002846_O1__0712__3.pt,ok,0.6133142114,0.6266500354,0.5415530702,0.5343789565,average,0.6133142114,0.5415530702,
O1/0712/4,,videos/sample_002847_O1__0712__4.pt,ok,0.6140701175,0.6281890869,0.5411438616,0.5335571523,average,0.6140701175,0.5411438616,
O1/0713/1,,videos/sample_002848_O1__0713__1.pt,ok,0.6117990017,0.6270118952,0.5423742587,0.5341856212,average,0.6117990017,0.5423742587,
O1/0713/2,,videos/sample_002849_O1__0713__2.pt,ok,0.6103028655,0.6259019971,0.5431863318,0.5347788419,average,0.6103028655,0.5431863318,
O1/0713/3,,videos/sample_002850_O1__0713__3.pt,ok,0.6115329266,0.6286216974,0.5425185902,0.5333263798,average,0.6115329266,0.5425185902,
O1/0713/4,,videos/sample_002851_O1__0713__4.pt,ok,0.6121557355,0.6270561814,0.5421808099,0.5341619646,average,0.6121557355,0.5421808099,
O1/0714/1,,videos/sample_002852_O1__0714__1.pt,ok,0.5218193531,0.5464680791,0.5934398885,0.5789911543,average,0.5218193531,0.5934398885,
O1/0714/2,,videos/sample_002853_O1__0714__2.pt,ok,0.5301510096,0.5540491343,0.5885160914,0.5746183864,average,0.5301510096,0.5885160914,
O1/0714/3,,videos/sample_002854_O1__0714__3.pt,ok,0.5331669450,0.5671364069,0.5867438387,0.5671471944,average,0.5331669450,0.5867438387,
O1/0714/4,,videos/sample_002855_O1__0714__4.pt,ok,0.5288445950,0.5712571740,0.5892854399,0.5648149215,average,0.5288445950,0.5892854399,
O1/0715/1,,videos/sample_002856_O1__0715__1.pt,ok,0.6180313826,0.6486590505,0.5390044875,0.5227462834,average,0.6180313826,0.5390044875,
O1/0715/2,,videos/sample_002857_O1__0715__2.pt,ok,0.6202188730,0.6486590505,0.5378267090,0.5227462834,average,0.6202188730,0.5378267090,
O1/0715/3,,videos/sample_002858_O1__0715__3.pt,ok,0.6196758747,0.6491553783,0.5381188273,0.5224868942,average,0.6196758747,0.5381188273,
O1/0715/4,,videos/sample_002859_O1__0715__4.pt,ok,0.6195096970,0.6491553783,0.5382082581,0.5224868942,average,0.6195096970,0.5382082581,
O1/0716/1,,videos/sample_002860_O1__0716__1.pt,ok,0.6181731224,0.6498946548,0.5389280945,0.5221007747,average,0.6181731224,0.5389280945,
O1/0716/2,,videos/sample_002861_O1__0716__2.pt,ok,0.6193673611,0.6498946548,0.5382848699,0.5221007747,average,0.6193673611,0.5382848699,
O1/0716/3,,videos/sample_002862_O1__0716__3.pt,ok,0.6197620034,0.6487424970,0.5380724818,0.5227026638,average,0.6197620034,0.5380724818,
O1/0716/4,,videos/sample_002863_O1__0716__4.pt,ok,0.6195046306,0.6487424970,0.5382109848,0.5227026638,average,0.6195046306,0.5382109848,
O1/0717/1,,videos/sample_002864_O1__0717__1.pt,ok,0.5426100492,0.5777406693,0.5812292340,0.5611647923,average,0.5426100492,0.5812292340,
O1/0717/2,,videos/sample_002865_O1__0717__2.pt,ok,0.5357220173,0.5568190217,0.5852465794,0.5730289605,average,0.5357220173,0.5852465794,
O1/0717/3,,videos/sample_002866_O1__0717__3.pt,ok,0.5372584462,0.5573028922,0.5843480801,0.5727517557,average,0.5372584462,0.5843480801,
O1/0717/4,,videos/sample_002867_O1__0717__4.pt,ok,0.5416966677,0.5721042156,0.5817603606,0.5643367024,average,0.5416966677,0.5817603606,
O1/0718/1,,videos/sample_002868_O1__0718__1.pt,ok,0.5301625133,0.5613390803,0.5885093213,0.5704446809,average,0.5301625133,0.5885093213,
O1/0718/2,,videos/sample_002869_O1__0718__2.pt,ok,0.5216366649,0.5737647414,0.5935483129,0.5634003843,average,0.5216366649,0.5935483129,
O1/0718/3,,videos/sample_002870_O1__0718__3.pt,ok,0.5188515186,0.5421111584,0.5952037360,0.5815192763,average,0.5188515186,0.5952037360,
O1/0718/4,,videos/sample_002871_O1__0718__4.pt,ok,0.5287351012,0.5515341759,0.5893499665,0.5760653465,average,0.5287351012,0.5893499665,
O1/0719/1,,videos/sample_002872_O1__0719__1.pt,ok,0.5265057087,0.5487731099,0.5906653245,0.5776580988,average,0.5265057087,0.5906653245,
O1/0719/2,,videos/sample_002873_O1__0719__2.pt,ok,0.5312896967,0.5638756752,0.5878463371,0.5689995275,average,0.5312896967,0.5878463371,
O1/0719/3,,videos/sample_002874_O1__0719__3.pt,ok,0.5316854119,0.5674319267,0.5876137634,0.5669796159,average,0.5316854119,0.5876137634,
O1/0719/4,,videos/sample_002875_O1__0719__4.pt,ok,0.5288205147,0.5504601002,0.5892996302,0.5766844167,average,0.5288205147,0.5892996302,
O1/0720/1,,videos/sample_002876_O1__0720__1.pt,ok,0.5475220680,0.5844358206,0.5783812255,0.5574202582,average,0.5475220680,0.5783812255,
O1/0720/2,,videos/sample_002877_O1__0720__2.pt,ok,0.5445101857,0.5653899908,0.5801258677,0.5681385347,average,0.5445101857,0.5801258677,
O1/0720/3,,videos/sample_002878_O1__0720__3.pt,ok,0.5419760346,0.5647400022,0.5815978586,0.5685079384,average,0.5419760346,0.5815978586,
O1/0720/4,,videos/sample_002879_O1__0720__4.pt,ok,0.5474935770,0.5781008005,0.5783977044,0.5609627357,average,0.5474935770,0.5783977044,
O1/0721/1,,videos/sample_002880_O1__0721__1.pt,ok,0.5406653285,0.5613671541,0.5823606623,0.5704286666,average,0.5406653285,0.5823606623,
O1/0721/2,,videos/sample_002881_O1__0721__2.pt,ok,0.5412472486,0.5619403720,0.5820218735,0.5701017804,average,0.5412472486,0.5820218735,
O1/0721/3,,videos/sample_002882_O1__0721__3.pt,ok,0.5460749269,0.5831390619,0.5792188307,0.5581435666,average,0.5460749269,0.5792188307,
O1/0721/4,,videos/sample_002883_O1__0721__4.pt,ok,0.5476705432,0.5882679224,0.5782953566,0.5552882546,average,0.5476705432,0.5782953566,
O1/0722/1,,videos/sample_002884_O1__0722__1.pt,ok,0.5819985271,0.6083306670,0.5587805119,0.5442586601,average,0.5819985271,0.5587805119,
O1/0722/2,,videos/sample_002885_O1__0722__2.pt,ok,0.5836051106,0.6089708805,0.5578835051,0.5439103299,average,0.5836051106,0.5578835051,
O1/0722/3,,videos/sample_002886_O1__0722__3.pt,ok,0.5835767984,0.6091944575,0.5578993002,0.5437887376,average,0.5835767984,0.5578993002,
O1/0722/4,,videos/sample_002887_O1__0722__4.pt,ok,0.5824285150,0.6075852513,0.5585402947,0.5446645103,average,0.5824285150,0.5585402947,
O1/0723/1,,videos/sample_002888_O1__0723__1.pt,ok,0.5713932514,0.5986194611,0.5647380682,0.5495698152,average,0.5713932514,0.5647380682,
O1/0723/2,,videos/sample_002889_O1__0723__2.pt,ok,0.5695549250,0.5923933387,0.5657771960,0.5530021781,average,0.5695549250,0.5657771960,
O1/0723/3,,videos/sample_002890_O1__0723__3.pt,ok,0.5710095763,0.5976805687,0.5649547857,0.5500860444,average,0.5710095763,0.5649547857,
O1/0723/4,,videos/sample_002891_O1__0723__4.pt,ok,0.5704634786,0.5942899585,0.5652633905,0.5519543373,average,0.5704634786,0.5652633905,
O1/0724/1,,videos/sample_002892_O1__0724__1.pt,ok,0.5640304089,0.5778807998,0.5689114910,0.5610861615,average,0.5640304089,0.5689114910,
O1/0724/2,,videos/sample_002893_O1__0724__2.pt,ok,0.5663638115,0.5803464651,0.5675855390,0.5597044149,average,0.5663638115,0.5675855390,
O1/0724/3,,videos/sample_002894_O1__0724__3.pt,ok,0.5685921311,0.5903873444,0.5663221851,0.5541126108,average,0.5685921311,0.5663221851,
O1/0724/4,,videos/sample_002895_O1__0724__4.pt,ok,0.5661716461,0.5872430205,0.5676946198,0.5558576623,average,0.5661716461,0.5676946198,
O1/0725/1,,videos/sample_002896_O1__0725__1.pt,ok,0.5395426750,0.5577703118,0.5830148187,0.5724841029,average,0.5395426750,0.5830148187,
O1/0725/2,,videos/sample_002897_O1__0725__2.pt,ok,0.5394938588,0.5704810023,0.5830432799,0.5652534851,average,0.5394938588,0.5830432799,
O1/0725/3,,videos/sample_002898_O1__0725__3.pt,ok,0.5406401753,0.5694148540,0.5823753107,0.5658564505,average,0.5406401753,0.5823753107,
O1/0725/4,,videos/sample_002899_O1__0725__4.pt,ok,0.5382653475,0.5557732582,0.5837599954,0.5736285267,average,0.5382653475,0.5837599954,
O1/0726/1,,videos/sample_002900_O1__0726__1.pt,ok,0.5353834629,0.5694826245,0.5854447508,0.5658181034,average,0.5353834629,0.5854447508,
O1/0726/2,,videos/sample_002901_O1__0726__2.pt,ok,0.5340394378,0.5683921576,0.5862321322,0.5664354459,average,0.5340394378,0.5862321322,
O1/0726/3,,videos/sample_002902_O1__0726__3.pt,ok,0.5274707675,0.5493603945,0.5900955727,0.5773189487,average,0.5274707675,0.5900955727,
O1/0726/4,,videos/sample_002903_O1__0726__4.pt,ok,0.5324527621,0.5545110703,0.5871630308,0.5743530108,average,0.5324527621,0.5871630308,
O1/0727/1,,videos/sample_002904_O1__0727__1.pt,ok,0.5615464449,0.5948374867,0.5703264032,0.5516522094,average,0.5615464449,0.5703264032,
O1/0727/2,,videos/sample_002905_O1__0727__2.pt,ok,0.5643541217,0.5999997854,0.5687273568,0.5488117539,average,0.5643541217,0.5687273568,
O1/0727/3,,videos/sample_002906_O1__0727__3.pt,ok,0.5550349951,0.5895400643,0.5740521718,0.5545822983,average,0.5550349951,0.5740521718,
O1/0727/4,,videos/sample_002907_O1__0727__4.pt,ok,0.5623880029,0.6041100621,0.5698466423,0.5465606153,average,0.5623880029,0.5698466423,
O1/0728/1,,videos/sample_002908_O1__0728__1.pt,ok,0.5473399162,0.5839666724,0.5784865883,0.5576818322,average,0.5473399162,0.5784865883,
O1/0728/2,,videos/sample_002909_O1__0728__2.pt,ok,0.5492050052,0.5904846191,0.5774086649,0.5540587122,average,0.5492050052,0.5774086649,
O1/0728/3,,videos/sample_002910_O1__0728__3.pt,ok,0.5466300249,0.5824600458,0.5788973967,0.5585226837,average,0.5466300249,0.5788973967,
O1/0728/4,,videos/sample_002911_O1__0728__4.pt,ok,0.5422881842,0.5786273479,0.5814163415,0.5606674399,average,0.5422881842,0.5814163415,
O1/0729/1,,videos/sample_002912_O1__0729__1.pt,ok,0.5570011139,0.5802688003,0.5729246259,0.5597478860,average,0.5570011139,0.5729246259,
O1/0729/2,,videos/sample_002913_O1__0729__2.pt,ok,0.5589690208,0.5815339088,0.5717982722,0.5590401919,average,0.5589690208,0.5717982722,
O1/0729/3,,videos/sample_002914_O1__0729__3.pt,ok,0.5580701828,0.5814554691,0.5723124573,0.5590840445,average,0.5580701828,0.5723124573,
O1/0729/4,,videos/sample_002915_O1__0729__4.pt,ok,0.5593841672,0.5826510787,0.5715609415,0.5584159977,average,0.5593841672,0.5715609415,
O1/0730/1,,videos/sample_002916_O1__0730__1.pt,ok,0.5628328323,0.5971633792,0.5695932141,0.5503706167,average,0.5628328323,0.5695932141,
O1/0730/2,,videos/sample_002917_O1__0730__2.pt,ok,0.5514662862,0.5857419372,0.5761044568,0.5566926776,average,0.5514662862,0.5761044568,
O1/0730/3,,videos/sample_002918_O1__0730__3.pt,ok,0.5633595586,0.5971633792,0.5692932734,0.5503706167,average,0.5633595586,0.5692932734,
O1/0730/4,,videos/sample_002919_O1__0730__4.pt,ok,0.5519468784,0.5857419372,0.5758276519,0.5566926776,average,0.5519468784,0.5758276519,
O1/0731/1,,videos/sample_002920_O1__0731__1.pt,ok,0.5642514229,0.5991606116,0.5687857674,0.5492724956,average,0.5642514229,0.5687857674,
O1/0731/2,,videos/sample_002921_O1__0731__2.pt,ok,0.5602900982,0.5952396393,0.5710433812,0.5514304056,average,0.5602900982,0.5710433812,
O1/0731/3,,videos/sample_002922_O1__0731__3.pt,ok,0.5644702911,0.6049805880,0.5686612919,0.5460850272,average,0.5644702911,0.5686612919,
O1/0731/4,,videos/sample_002923_O1__0731__4.pt,ok,0.5654298663,0.6005923152,0.5681158804,0.5484866629,average,0.5654298663,0.5681158804,
O1/0732/1,,videos/sample_002924_O1__0732__1.pt,ok,0.5691940188,0.5926814675,0.5659814253,0.5528428652,average,0.5691940188,0.5659814253,
O1/0732/2,,videos/sample_002925_O1__0732__2.pt,ok,0.5693361163,0.5940613151,0.5659010065,0.5520805524,average,0.5693361163,0.5659010065,
O1/0732/3,,videos/sample_002926_O1__0732__3.pt,ok,0.5678400993,0.5883768797,0.5667482376,0.5552277552,average,0.5678400993,0.5667482376,
O1/0732/4,,videos/sample_002927_O1__0732__4.pt,ok,0.5678065419,0.5894939303,0.5667672565,0.5546078840,average,0.5678065419,0.5667672565,
O1/0733/1,,videos/sample_002928_O1__0733__1.pt,ok,0.6133456230,0.6261842251,0.5415360594,0.5346279337,average,0.6133456230,0.5415360594,
O1/0733/2,,videos/sample_002929_O1__0733__2.pt,ok,0.6114388704,0.6257953644,0.5425696198,0.5348358699,average,0.6114388704,0.5425696198,
O1/0733/3,,videos/sample_002930_O1__0733__3.pt,ok,0.6129117012,0.6266775131,0.5417710947,0.5343642732,average,0.6129117012,0.5417710947,
O1/0733/4,,videos/sample_002931_O1__0733__4.pt,ok,0.6137096882,0.6254370809,0.5413389409,0.5350275271,average,0.6137096882,0.5413389409,
O1/0734/1,,videos/sample_002932_O1__0734__1.pt,ok,0.5822114348,0.6037656665,0.5586615559,0.5467488808,average,0.5822114348,0.5586615559,
O1/0734/2,,videos/sample_002933_O1__0734__2.pt,ok,0.5831118822,0.6035459042,0.5581587370,0.5468690488,average,0.5831118822,0.5581587370,
O1/0734/3,,videos/sample_002934_O1__0734__3.pt,ok,0.5832500458,0.6053327322,0.5580816251,0.5458927603,average,0.5832500458,0.5580816251,
O1/0734/4,,videos/sample_002935_O1__0734__4.pt,ok,0.5834714174,0.6056513190,0.5579580953,0.5457188738,average,0.5834714174,0.5579580953,
O1/0735/1,,videos/sample_002936_O1__0735__1.pt,ok,0.5266423225,0.5518261790,0.5905846370,0.5758971582,average,0.5266423225,0.5905846370,
O1/0735/2,,videos/sample_002937_O1__0735__2.pt,ok,0.5284825563,0.5667032003,0.5894988226,0.5673929395,average,0.5284825563,0.5894988226,
O1/0735/3,,videos/sample_002938_O1__0735__3.pt,ok,0.5241529346,0.5489158630,0.5920566628,0.5775756422,average,0.5241529346,0.5920566628,
O1/0735/4,,videos/sample_002939_O1__0735__4.pt,ok,0.5264912248,0.5687489510,0.5906738798,0.5662333815,average,0.5264912248,0.5906738798,
O1/0736/1,,videos/sample_002940_O1__0736__1.pt,ok,0.5633547902,0.5996747613,0.5692959881,0.5489901599,average,0.5633547902,0.5692959881,
O1/0736/2,,videos/sample_002941_O1__0736__2.pt,ok,0.5576635003,0.5950687528,0.5725452540,0.5515246457,average,0.5576635003,0.5725452540,
O1/0736/3,,videos/sample_002942_O1__0736__3.pt,ok,0.5646256208,0.6016659737,0.5685729688,0.5478980915,average,0.5646256208,0.5685729688,
O1/0736/4,,videos/sample_002943_O1__0736__4.pt,ok,0.5622039437,0.6011915803,0.5699515375,0.5481580724,average,0.5622039437,0.5699515375,
O1/0737/1,,videos/sample_002944_O1__0737__1.pt,ok,0.5601942539,0.5945131779,0.5710981150,0.5518311441,average,0.5601942539,0.5710981150,
O1/0737/2,,videos/sample_002945_O1__0737__2.pt,ok,0.5531991124,0.5856687427,0.5751070323,0.5567334259,average,0.5531991124,0.5751070323,
O1/0737/3,,videos/sample_002946_O1__0737__3.pt,ok,0.5591177344,0.5927658677,0.5717132443,0.5527962072,average,0.5591177344,0.5717132443,
O1/0737/4,,videos/sample_002947_O1__0737__4.pt,ok,0.5590488911,0.5989204049,0.5717526043,0.5494044504,average,0.5590488911,0.5717526043,
O1/0738/1,,videos/sample_002948_O1__0738__1.pt,ok,0.5408713222,0.5612939000,0.5822407121,0.5704704544,average,0.5408713222,0.5822407121,
O1/0738/2,,videos/sample_002949_O1__0738__2.pt,ok,0.5431897044,0.5736019015,0.5808924191,0.5634921358,average,0.5431897044,0.5808924191,
O1/0738/3,,videos/sample_002950_O1__0738__3.pt,ok,0.5480561852,0.5687000155,0.5780723846,0.5662610910,average,0.5480561852,0.5780723846,
O1/0738/4,,videos/sample_002951_O1__0738__4.pt,ok,0.5505436659,0.5822339654,0.5766362277,0.5586489691,average,0.5505436659,0.5766362277,
O1/0739/1,,videos/sample_002952_O1__0739__1.pt,ok,0.5619760156,0.5830993056,0.5700814603,0.5581657567,average,0.5619760156,0.5700814603,
O1/0739/2,,videos/sample_002953_O1__0739__2.pt,ok,0.5615957975,0.5837991238,0.5702982568,0.5577752789,average,0.5615957975,0.5702982568,
O1/0739/3,,videos/sample_002954_O1__0739__3.pt,ok,0.5635086298,0.5874686837,0.5692084145,0.5557322399,average,0.5635086298,0.5692084145,
O1/0739/4,,videos/sample_002955_O1__0739__4.pt,ok,0.5636473298,0.5887537003,0.5691294708,0.5550185734,average,0.5636473298,0.5691294708,
O1/0740/1,,videos/sample_002956_O1__0740__1.pt,ok,0.6157845855,0.6496154070,0.5402168827,0.5222465905,average,0.6157845855,0.5402168827,
O1/0740/2,,videos/sample_002957_O1__0740__2.pt,ok,0.6186240315,0.6504953504,0.5386851416,0.5217872452,average,0.6186240315,0.5386851416,
O1/0740/3,,videos/sample_002958_O1__0740__3.pt,ok,0.6177489161,0.6496154070,0.5391567596,0.5222465905,average,0.6177489161,0.5391567596,
O1/0740/4,,videos/sample_002959_O1__0740__4.pt,ok,0.6182419658,0.6504953504,0.5388909941,0.5217872452,average,0.6182419658,0.5388909941,
O1/0741/1,,videos/sample_002960_O1__0741__1.pt,ok,0.6217515469,0.6536142230,0.5370030274,0.5201623924,average,0.6217515469,0.5370030274,
O1/0741/2,,videos/sample_002961_O1__0741__2.pt,ok,0.6218704581,0.6535527110,0.5369391755,0.5201943897,average,0.6218704581,0.5369391755,
O1/0741/3,,videos/sample_002962_O1__0741__3.pt,ok,0.6207577586,0.6536142230,0.5375369600,0.5201623924,average,0.6207577586,0.5375369600,
O1/0741/4,,videos/sample_002963_O1__0741__4.pt,ok,0.6216744184,0.6535527110,0.5370444472,0.5201943897,average,0.6216744184,0.5370444472,
O1/0742/1,,videos/sample_002964_O1__0742__1.pt,ok,0.5619537234,0.5967655182,0.5700941688,0.5505896312,average,0.5619537234,0.5700941688,
O1/0742/2,,videos/sample_002965_O1__0742__2.pt,ok,0.5532233119,0.5853493810,0.5750931152,0.5569112536,average,0.5532233119,0.5750931152,
O1/0742/3,,videos/sample_002966_O1__0742__3.pt,ok,0.5617592931,0.5967655182,0.5702050232,0.5505896312,average,0.5617592931,0.5702050232,
O1/0742/4,,videos/sample_002967_O1__0742__4.pt,ok,0.5536094904,0.5853493810,0.5748710694,0.5569112536,average,0.5536094904,0.5748710694,
O1/0743/1,,videos/sample_002968_O1__0743__1.pt,ok,0.5564118624,0.6023002267,0.5732623221,0.5475506957,average,0.5564118624,0.5732623221,
O1/0743/2,,videos/sample_002969_O1__0743__2.pt,ok,0.5513442159,0.5861616135,0.5761747863,0.5564590959,average,0.5513442159,0.5761747863,
O1/0743/3,,videos/sample_002970_O1__0743__3.pt,ok,0.5594951510,0.5942781568,0.5714975110,0.5519608513,average,0.5594951510,0.5714975110,
O1/0743/4,,videos/sample_002971_O1__0743__4.pt,ok,0.5588179827,0.5924488306,0.5718846421,0.5529714918,average,0.5588179827,0.5718846421,
O1/0744/1,,videos/sample_002972_O1__0744__1.pt,ok,0.5313262939,0.5492663980,0.5878248239,0.5773732172,average,0.5313262939,0.5878248239,
O1/0744/2,,videos/sample_002973_O1__0744__2.pt,ok,0.5512842536,0.5932554007,0.5762093361,0.5525256614,average,0.5512842536,0.5762093361,
O1/0744/3,,videos/sample_002974_O1__0744__3.pt,ok,0.5519448519,0.5930221081,0.5758288189,0.5526545766,average,0.5519448519,0.5758288189,
O1/0744/4,,videos/sample_002975_O1__0744__4.pt,ok,0.5455087423,0.5950599313,0.5795468683,0.5515295110,average,0.5455087423,0.5795468683,
O1/0745/1,,videos/sample_002976_O1__0745__1.pt,ok,0.5388983488,0.5763834715,0.5833905914,0.5619269209,average,0.5388983488,0.5833905914,
O1/0745/2,,videos/sample_002977_O1__0745__2.pt,ok,0.5352330804,0.5839182734,0.5855327980,0.5577088241,average,0.5352330804,0.5855327980,
O1/0745/3,,videos/sample_002978_O1__0745__3.pt,ok,0.5230495930,0.5456744432,0.5927102640,0.5794508448,average,0.5230495930,0.5927102640,
O1/0745/4,,videos/sample_002979_O1__0745__4.pt,ok,0.5355645418,0.5699535608,0.5853387487,0.5655517018,average,0.5355645418,0.5853387487,
O1/0746/1,,videos/sample_002980_O1__0746__1.pt,ok,0.5669195652,0.5915237665,0.5672701889,0.5534832626,average,0.5669195652,0.5672701889,
O1/0746/2,,videos/sample_002981_O1__0746__2.pt,ok,0.5662675500,0.5896866322,0.5676401783,0.5545010203,average,0.5662675500,0.5676401783,
O1/0746/3,,videos/sample_002982_O1__0746__3.pt,ok,0.5641589165,0.5855139494,0.5688383862,0.5568196112,average,0.5641589165,0.5688383862,
O1/0746/4,,videos/sample_002983_O1__0746__4.pt,ok,0.5657132864,0.5870505571,0.5679548877,0.5559646549,average,0.5657132864,0.5679548877,
O1/0747/1,,videos/sample_002984_O1__0747__1.pt,ok,0.6214842200,0.6535775065,0.5371466019,0.5201814913,average,0.6214842200,0.5371466019,
O1/0747/2,,videos/sample_002985_O1__0747__2.pt,ok,0.6225104928,0.6535845995,0.5365956258,0.5201778017,average,0.6225104928,0.5365956258,
O1/0747/3,,videos/sample_002986_O1__0747__3.pt,ok,0.6216538548,0.6535845995,0.5370554909,0.5201778017,average,0.6216538548,0.5370554909,
O1/0747/4,,videos/sample_002987_O1__0747__4.pt,ok,0.6212309599,0.6535775065,0.5372826570,0.5201814913,average,0.6212309599,0.5372826570,
O1/0748/1,,videos/sample_002988_O1__0748__1.pt,ok,0.6137651205,0.6455541849,0.5413089341,0.5243718626,average,0.6137651205,0.5413089341,
O1/0748/2,,videos/sample_002989_O1__0748__2.pt,ok,0.6142560244,0.6455541849,0.5410432686,0.5243718626,average,0.6142560244,0.5410432686,
O1/0748/3,,videos/sample_002990_O1__0748__3.pt,ok,0.6140361428,0.6470655799,0.5411622471,0.5235799282,average,0.6140361428,0.5411622471,
O1/0748/4,,videos/sample_002991_O1__0748__4.pt,ok,0.6116511822,0.6470655799,0.5424544381,0.5235799282,average,0.6116511822,0.5424544381,
O1/0749/1,,videos/sample_002992_O1__0749__1.pt,ok,0.5492246151,0.5867407918,0.5773973420,0.5561369001,average,0.5492246151,0.5773973420,
O1/0749/2,,videos/sample_002993_O1__0749__2.pt,ok,0.5505351424,0.5870860815,0.5766411427,0.5559449049,average,0.5505351424,0.5766411427,
O1/0749/3,,videos/sample_002994_O1__0749__3.pt,ok,0.5448377728,0.5912933350,0.5799358571,0.5536108173,average,0.5448377728,0.5799358571,
O1/0749/4,,videos/sample_002995_O1__0749__4.pt,ok,0.5311256647,0.5494616628,0.5879427706,0.5772604876,average,0.5311256647,0.5879427706,
O1/0750/1,,videos/sample_002996_O1__0750__1.pt,ok,0.6195665598,0.6307906508,0.5381776549,0.5321708733,average,0.6195665598,0.5381776549,
O1/0750/2,,videos/sample_002997_O1__0750__2.pt,ok,0.6192456484,0.6307527423,0.5383503899,0.5321910475,average,0.6192456484,0.5383503899,
O1/0750/3,,videos/sample_002998_O1__0750__3.pt,ok,0.6204571724,0.6307906508,0.5376985605,0.5321708733,average,0.6204571724,0.5376985605,
O1/0750/4,,videos/sample_002999_O1__0750__4.pt,ok,0.6203726530,0.6307527423,0.5377440083,0.5321910475,average,0.6203726530,0.5377440083,
O1/0751/1,,videos/sample_003000_O1__0751__1.pt,ok,0.5219135284,0.5463274717,0.5933840037,0.5790725704,average,0.5219135284,0.5933840037,
O1/0751/2,,videos/sample_003001_O1__0751__2.pt,ok,0.5316939354,0.5683811307,0.5876087549,0.5664416919,average,0.5316939354,0.5876087549,
O1/0751/3,,videos/sample_003002_O1__0751__3.pt,ok,0.5283595920,0.5517803431,0.5895713144,0.5759235556,average,0.5283595920,0.5895713144,
O1/0751/4,,videos/sample_003003_O1__0751__4.pt,ok,0.5278481245,0.5629358292,0.5898729381,0.5695345509,average,0.5278481245,0.5898729381,
O1/0752/1,,videos/sample_003004_O1__0752__1.pt,ok,0.6262317300,0.6378138661,0.5346025368,0.5284464168,average,0.6262317300,0.5346025368,
O1/0752/2,,videos/sample_003005_O1__0752__2.pt,ok,0.6270208955,0.6377279758,0.5341808134,0.5284918072,average,0.6270208955,0.5341808134,
O1/0752/3,,videos/sample_003006_O1__0752__3.pt,ok,0.6262257695,0.6371402144,0.5346057233,0.5288025256,average,0.6262257695,0.5346057233,
O1/0752/4,,videos/sample_003007_O1__0752__4.pt,ok,0.6260423064,0.6379894018,0.5347038127,0.5283536637,average,0.6260423064,0.5347038127,
O1/0753/1,,videos/sample_003008_O1__0753__1.pt,ok,0.5397601128,0.5727475286,0.5828880630,0.5639737740,average,0.5397601128,0.5828880630,
O1/0753/2,,videos/sample_003009_O1__0753__2.pt,ok,0.5469222069,0.5786620378,0.5787282780,0.5606479908,average,0.5469222069,0.5787282780,
O1/0753/3,,videos/sample_003010_O1__0753__3.pt,ok,0.5462203026,0.5806589127,0.5791346325,0.5595295640,average,0.5462203026,0.5791346325,
O1/0753/4,,videos/sample_003011_O1__0753__4.pt,ok,0.5309027433,0.5504626632,0.5880738502,0.5766829387,average,0.5309027433,0.5880738502,
O1/0754/1,,videos/sample_003012_O1__0754__1.pt,ok,0.6088641882,0.6246749759,0.5439683640,0.5354354297,average,0.6088641882,0.5439683640,
O1/0754/2,,videos/sample_003013_O1__0754__2.pt,ok,0.6076077819,0.6247161031,0.5446522388,0.5354134092,average,0.6076077819,0.5446522388,
O1/0754/3,,videos/sample_003014_O1__0754__3.pt,ok,0.6106631160,0.6234278083,0.5429906839,0.5361036240,average,0.6106631160,0.5429906839,
O1/0754/4,,videos/sample_003015_O1__0754__4.pt,ok,0.6103349924,0.6238962412,0.5431688811,0.5358525542,average,0.6103349924,0.5431688811,
O1/0755/1,,videos/sample_003016_O1__0755__1.pt,ok,0.6148337722,0.6485495567,0.5407307723,0.5228035239,average,0.6148337722,0.5407307723,
O1/0755/2,,videos/sample_003017_O1__0755__2.pt,ok,0.6130155325,0.6485495567,0.5417148449,0.5228035239,average,0.6130155325,0.5417148449,
O1/0755/3,,videos/sample_003018_O1__0755__3.pt,ok,0.6150438190,0.6482689381,0.5406172055,0.5229502530,average,0.6150438190,0.5406172055,
O1/0755/4,,videos/sample_003019_O1__0755__4.pt,ok,0.6147957444,0.6482689381,0.5407513355,0.5229502530,average,0.6147957444,0.5407513355,
O1/0756/1,,videos/sample_003020_O1__0756__1.pt,ok,0.5497034788,0.5919824839,0.5771209136,0.5532294284,average,0.5497034788,0.5771209136,
O1/0756/2,,videos/sample_003021_O1__0756__2.pt,ok,0.5464387536,0.5821449757,0.5790081337,0.5586986853,average,0.5464387536,0.5790081337,
O1/0756/3,,videos/sample_003022_O1__0756__3.pt,ok,0.5551938415,0.5895203948,0.5739609930,0.5545932067,average,0.5551938415,0.5739609930,
O1/0756/4,,videos/sample_003023_O1__0756__4.pt,ok,0.5557217598,0.5907013416,0.5736580684,0.5539386482,average,0.5557217598,0.5736580684,
O1/0757/1,,videos/sample_003024_O1__0757__1.pt,ok,0.5612531900,0.5828703642,0.5704936787,0.5582935586,average,0.5612531900,0.5704936787,
O1/0757/2,,videos/sample_003025_O1__0757__2.pt,ok,0.5604612827,0.5818890333,0.5709456357,0.5588416983,average,0.5604612827,0.5709456357,
O1/0757/3,,videos/sample_003026_O1__0757__3.pt,ok,0.5596592426,0.5808544159,0.5714037407,0.5594201848,average,0.5596592426,0.5714037407,
O1/0757/4,,videos/sample_003027_O1__0757__4.pt,ok,0.5617437363,0.5828703642,0.5702138938,0.5582935586,average,0.5617437363,0.5702138938,
O1/0758/1,,videos/sample_003028_O1__0758__1.pt,ok,0.6201898456,0.6342452765,0.5378423209,0.5303355941,average,0.6201898456,0.5378423209,
O1/0758/2,,videos/sample_003029_O1__0758__2.pt,ok,0.6192135811,0.6339931488,0.5383676537,0.5304693232,average,0.6192135811,0.5383676537,
O1/0758/3,,videos/sample_003030_O1__0758__3.pt,ok,0.6208298206,0.6339931488,0.5374982254,0.5304693232,average,0.6208298206,0.5374982254,
O1/0758/4,,videos/sample_003031_O1__0758__4.pt,ok,0.6192562580,0.6343903542,0.5383446783,0.5302586598,average,0.6192562580,0.5383446783,
O1/0759/1,,videos/sample_003032_O1__0759__1.pt,ok,0.6162141562,0.6313920617,0.5399848712,0.5318509162,average,0.6162141562,0.5399848712,
O1/0759/2,,videos/sample_003033_O1__0759__2.pt,ok,0.6179327369,0.6323287487,0.5390576606,0.5313529716,average,0.6179327369,0.5390576606,
O1/0759/3,,videos/sample_003034_O1__0759__3.pt,ok,0.6180914640,0.6297210455,0.5389721043,0.5327403906,average,0.6180914640,0.5389721043,
O1/0759/4,,videos/sample_003035_O1__0759__4.pt,ok,0.6171484590,0.6302784085,0.5394805974,0.5324435435,average,0.6171484590,0.5394805974,
O1/0760/1,,videos/sample_003036_O1__0760__1.pt,ok,0.5317843556,0.5558401942,0.5875556256,0.5735901316,average,0.5317843556,0.5875556256,
O1/0760/2,,videos/sample_003037_O1__0760__2.pt,ok,0.5278106928,0.5497946739,0.5898950184,0.5770682854,average,0.5278106928,0.5898950184,
O1/0760/3,,videos/sample_003038_O1__0760__3.pt,ok,0.5354195833,0.5717316270,0.5854236046,0.5645470070,average,0.5354195833,0.5854236046,
O1/0760/4,,videos/sample_003039_O1__0760__4.pt,ok,0.5330698490,0.5746185780,0.5868008120,0.5629195378,average,0.5330698490,0.5868008120,
O1/0761/1,,videos/sample_003040_O1__0761__1.pt,ok,0.5335315466,0.5691798329,0.5865299500,0.5659894543,average,0.5335315466,0.5865299500,
O1/0761/2,,videos/sample_003041_O1__0761__2.pt,ok,0.5335631967,0.5665945411,0.5865113866,0.5674545953,average,0.5335631967,0.5865113866,
O1/0761/3,,videos/sample_003042_O1__0761__3.pt,ok,0.5290646553,0.5519685149,0.5891557758,0.5758151932,average,0.5290646553,0.5891557758,
O1/0761/4,,videos/sample_003043_O1__0761__4.pt,ok,0.5293287635,0.5526033640,0.5890001955,0.5754497535,average,0.5293287635,0.5890001955,
O1/0762/1,,videos/sample_003044_O1__0762__1.pt,ok,0.5399578214,0.5781551600,0.5827728324,0.5609322429,average,0.5399578214,0.5827728324,
O1/0762/2,,videos/sample_003045_O1__0762__2.pt,ok,0.5448735952,0.5951469541,0.5799150827,0.5514815175,average,0.5448735952,0.5799150827,
O1/0762/3,,videos/sample_003046_O1__0762__3.pt,ok,0.5527250767,0.5953152180,0.5753797182,0.5513887308,average,0.5527250767,0.5753797182,
O1/0762/4,,videos/sample_003047_O1__0762__4.pt,ok,0.5505021214,0.5881027579,0.5766601842,0.5553799761,average,0.5505021214,0.5766601842,
O1/0763/1,,videos/sample_003048_O1__0763__1.pt,ok,0.5493362546,0.5757866502,0.5773328853,0.5622623910,average,0.5493362546,0.5773328853,
O1/0763/2,,videos/sample_003049_O1__0763__2.pt,ok,0.5481397510,0.5760785937,0.5780240796,0.5620982661,average,0.5481397510,0.5780240796,
O1/0763/3,,videos/sample_003050_O1__0763__3.pt,ok,0.5505567789,0.5795627236,0.5766286663,0.5601432504,average,0.5505567789,0.5766286663,
O1/0763/4,,videos/sample_003051_O1__0763__4.pt,ok,0.5501813293,0.5808062553,0.5768452020,0.5594471274,average,0.5501813293,0.5768452020,
O1/0764/1,,videos/sample_003052_O1__0764__1.pt,ok,0.5624569058,0.6031776071,0.5698073796,0.5470704962,average,0.5624569058,0.5698073796,
O1/0764/2,,videos/sample_003053_O1__0764__2.pt,ok,0.5701045990,0.6081592441,0.5654662884,0.5443519665,average,0.5701045990,0.5654662884,
O1/0764/3,,videos/sample_003054_O1__0764__3.pt,ok,0.5673446655,0.6099091768,0.5670290934,0.5434002202,average,0.5673446655,0.5670290934,
O1/0764/4,,videos/sample_003055_O1__0764__4.pt,ok,0.5696960092,0.6099560261,0.5656973794,0.5433747629,average,0.5696960092,0.5656973794,
O1/0765/1,,videos/sample_003056_O1__0765__1.pt,ok,0.6193532944,0.6325113177,0.5382924418,0.5312559718,average,0.6193532944,0.5382924418,
O1/0765/2,,videos/sample_003057_O1__0765__2.pt,ok,0.6183028221,0.6319878101,0.5388582002,0.5315341612,average,0.6183028221,0.5388582002,
O1/0765/3,,videos/sample_003058_O1__0765__3.pt,ok,0.6191695929,0.6314650774,0.5383913360,0.5318120841,average,0.6191695929,0.5383913360,
O1/0765/4,,videos/sample_003059_O1__0765__4.pt,ok,0.6203627586,0.6325113177,0.5377493290,0.5312559718,average,0.6203627586,0.5377493290,
O1/0766/1,,videos/sample_003060_O1__0766__1.pt,ok,0.6208477020,0.6500391364,0.5374886142,0.5220253462,average,0.6208477020,0.5374886142,
O1/0766/2,,videos/sample_003061_O1__0766__2.pt,ok,0.6207861304,0.6500391364,0.5375217093,0.5220253462,average,0.6207861304,0.5375217093,
O1/0766/3,,videos/sample_003062_O1__0766__3.pt,ok,0.6210821867,0.6499471664,0.5373625962,0.5220733590,average,0.6210821867,0.5373625962,
O1/0766/4,,videos/sample_003063_O1__0766__4.pt,ok,0.6200213432,0.6499471664,0.5379329562,0.5220733590,average,0.6200213432,0.5379329562,
O1/0767/1,,videos/sample_003064_O1__0767__1.pt,ok,0.6146259308,0.6448665261,0.5408431703,0.5247325755,average,0.6146259308,0.5408431703,
O1/0767/2,,videos/sample_003065_O1__0767__2.pt,ok,0.6144909859,0.6448665261,0.5409161592,0.5247325755,average,0.6144909859,0.5409161592,
O1/0767/3,,videos/sample_003066_O1__0767__3.pt,ok,0.6147087812,0.6436223984,0.5407983630,0.5253858162,average,0.6147087812,0.5407983630,
O1/0767/4,,videos/sample_003067_O1__0767__4.pt,ok,0.6139554977,0.6436223984,0.5412058910,0.5253858162,average,0.6139554977,0.5412058910,
O1/0768/1,,videos/sample_003068_O1__0768__1.pt,ok,0.5576157570,0.5960913301,0.5725725899,0.5509609574,average,0.5576157570,0.5725725899,
O1/0768/2,,videos/sample_003069_O1__0768__2.pt,ok,0.5643500090,0.5994847417,0.5687296958,0.5490944887,average,0.5643500090,0.5687296958,
O1/0768/3,,videos/sample_003070_O1__0768__3.pt,ok,0.5650457740,0.6038128734,0.5683341312,0.5467230711,average,0.5650457740,0.5683341312,
O1/0768/4,,videos/sample_003071_O1__0768__4.pt,ok,0.5606390834,0.6049904227,0.5708441303,0.5460796566,average,0.5606390834,0.5708441303,
O1/0769/1,,videos/sample_003072_O1__0769__1.pt,ok,0.5582830310,0.5825275183,0.5721906546,0.5584850001,average,0.5582830310,0.5721906546,
O1/0769/2,,videos/sample_003073_O1__0769__2.pt,ok,0.5589325428,0.5827250481,0.5718191306,0.5583746936,average,0.5589325428,0.5718191306,
O1/0769/3,,videos/sample_003074_O1__0769__3.pt,ok,0.5570033193,0.5785761476,0.5729233624,0.5606961470,average,0.5570033193,0.5729233624,
O1/0769/4,,videos/sample_003075_O1__0769__4.pt,ok,0.5571426153,0.5785757899,0.5728435620,0.5606963476,average,0.5571426153,0.5728435620,
O1/0770/1,,videos/sample_003076_O1__0770__1.pt,ok,0.5404838324,0.5585941672,0.5824663681,0.5720126530,average,0.5404838324,0.5824663681,
O1/0770/2,,videos/sample_003077_O1__0770__2.pt,ok,0.5412631035,0.5709265471,0.5820126457,0.5650016954,average,0.5412631035,0.5820126457,
O1/0770/3,,videos/sample_003078_O1__0770__3.pt,ok,0.5356107950,0.5548684001,0.5853116755,0.5741478140,average,0.5356107950,0.5853116755,
O1/0770/4,,videos/sample_003079_O1__0770__4.pt,ok,0.5429527164,0.5716539025,0.5810300999,0.5645908878,average,0.5429527164,0.5810300999,
O1/0771/1,,videos/sample_003080_O1__0771__1.pt,ok,0.5627336502,0.5866904259,0.5696497104,0.5561649112,average,0.5627336502,0.5696497104,
O1/0771/2,,videos/sample_003081_O1__0771__2.pt,ok,0.5630924702,0.5892364979,0.5694453454,0.5547506764,average,0.5630924702,0.5694453454,
O1/0771/3,,videos/sample_003082_O1__0771__3.pt,ok,0.5609139204,0.5811210275,0.5706872627,0.5592710568,average,0.5609139204,0.5706872627,
O1/0771/4,,videos/sample_003083_O1__0771__4.pt,ok,0.5612967014,0.5819997787,0.5704688563,0.5587798125,average,0.5612967014,0.5704688563,
O1/0772/1,,videos/sample_003084_O1__0772__1.pt,ok,0.6143248081,0.6266694069,0.5410060549,0.5343686049,average,0.6143248081,0.5410060549,
O1/0772/2,,videos/sample_003085_O1__0772__2.pt,ok,0.6161161065,0.6299208999,0.5400378191,0.5326339308,average,0.6161161065,0.5400378191,
O1/0772/3,,videos/sample_003086_O1__0772__3.pt,ok,0.6150611639,0.6297618747,0.5406078286,0.5327186397,average,0.6150611639,0.5406078286,
O1/0772/4,,videos/sample_003087_O1__0772__4.pt,ok,0.6159259677,0.6272408366,0.5401405110,0.5340633380,average,0.6159259677,0.5401405110,
O1/0773/1,,videos/sample_003088_O1__0773__1.pt,ok,0.6184186339,0.6497029066,0.5387957977,0.5222008962,average,0.6184186339,0.5387957977,
O1/0773/2,,videos/sample_003089_O1__0773__2.pt,ok,0.6161023378,0.6501584053,0.5400452548,0.5219630885,average,0.6161023378,0.5400452548,
O1/0773/3,,videos/sample_003090_O1__0773__3.pt,ok,0.6190099716,0.6497029066,0.5384772816,0.5222008962,average,0.6190099716,0.5384772816,
O1/0773/4,,videos/sample_003091_O1__0773__4.pt,ok,0.6188439131,0.6501584053,0.5385667078,0.5219630885,average,0.6188439131,0.5385667078,
O1/0774/1,,videos/sample_003092_O1__0774__1.pt,ok,0.5449593067,0.5758575797,0.5798653795,0.5622225114,average,0.5449593067,0.5798653795,
O1/0774/2,,videos/sample_003093_O1__0774__2.pt,ok,0.5435143709,0.5619559884,0.5807038534,0.5700928775,average,0.5435143709,0.5807038534,
O1/0774/3,,videos/sample_003094_O1__0774__3.pt,ok,0.5406630635,0.5773780346,0.5823619813,0.5613683270,average,0.5406630635,0.5823619813,
O1/0774/4,,videos/sample_003095_O1__0774__4.pt,ok,0.5384901166,0.5568252802,0.5836287989,0.5730253742,average,0.5384901166,0.5836287989,
O1/0775/1,,videos/sample_003096_O1__0775__1.pt,ok,0.6080524921,0.6250084043,0.5444100802,0.5352569301,average,0.6080524921,0.5444100802,
O1/0775/2,,videos/sample_003097_O1__0775__2.pt,ok,0.6068295836,0.6244919896,0.5450762512,0.5355334160,average,0.6068295836,0.5450762512,
O1/0775/3,,videos/sample_003098_O1__0775__3.pt,ok,0.6060261726,0.6271687150,0.5455143474,0.5341018569,average,0.6060261726,0.5455143474,
O1/0775/4,,videos/sample_003099_O1__0775__4.pt,ok,0.6076365113,0.6264819503,0.5446365915,0.5344687852,average,0.6076365113,0.5446365915,
O1/0776/1,,videos/sample_003100_O1__0776__1.pt,ok,0.6144989729,0.6274952888,0.5409118389,0.5339274617,average,0.6144989729,0.5409118389,
O1/0776/2,,videos/sample_003101_O1__0776__2.pt,ok,0.6155759692,0.6264739633,0.5403295925,0.5344730540,average,0.6155759692,0.5403295925,
O1/0776/3,,videos/sample_003102_O1__0776__3.pt,ok,0.6149262190,0.6268765926,0.5406807858,0.5342579028,average,0.6149262190,0.5406807858,
O1/0776/4,,videos/sample_003103_O1__0776__4.pt,ok,0.6144364476,0.6279836893,0.5409456606,0.5336667549,average,0.6144364476,0.5409456606,
O1/0777/1,,videos/sample_003104_O1__0777__1.pt,ok,0.5499787331,0.5836063027,0.5769620805,0.5578828400,average,0.5499787331,0.5769620805,
O1/0777/2,,videos/sample_003105_O1__0777__2.pt,ok,0.5521632433,0.5854405165,0.5757030766,0.5568605016,average,0.5521632433,0.5757030766,
O1/0777/3,,videos/sample_003106_O1__0777__3.pt,ok,0.5444894433,0.5638769269,0.5801379010,0.5689988153,average,0.5444894433,0.5801379010,
O1/0777/4,,videos/sample_003107_O1__0777__4.pt,ok,0.5530437827,0.5875228643,0.5751963704,0.5557021308,average,0.5530437827,0.5751963704,
O1/0778/1,,videos/sample_003108_O1__0778__1.pt,ok,0.5537820458,0.5894457102,0.5747718809,0.5546346279,average,0.5537820458,0.5747718809,
O1/0778/2,,videos/sample_003109_O1__0778__2.pt,ok,0.5547198057,0.5904710889,0.5742331355,0.5540662088,average,0.5547198057,0.5742331355,
O1/0778/3,,videos/sample_003110_O1__0778__3.pt,ok,0.5425520539,0.5623079538,0.5812629435,0.5698922598,average,0.5425520539,0.5812629435,
O1/0778/4,,videos/sample_003111_O1__0778__4.pt,ok,0.5454322696,0.5807955265,0.5795911895,0.5594531297,average,0.5454322696,0.5795911895,
O1/0779/1,,videos/sample_003112_O1__0779__1.pt,ok,0.6139451265,0.6473308802,0.5412115040,0.5234410407,average,0.6139451265,0.5412115040,
O1/0779/2,,videos/sample_003113_O1__0779__2.pt,ok,0.6151840687,0.6468975544,0.5405413894,0.5236679104,average,0.6151840687,0.5405413894,
O1/0779/3,,videos/sample_003114_O1__0779__3.pt,ok,0.6150913239,0.6468975544,0.5405915242,0.5236679104,average,0.6150913239,0.5405915242,
O1/0779/4,,videos/sample_003115_O1__0779__4.pt,ok,0.6150491834,0.6473308802,0.5406143054,0.5234410407,average,0.6150491834,0.5406143054,
O1/0780/1,,videos/sample_003116_O1__0780__1.pt,ok,0.6122254133,0.6271266937,0.5421430333,0.5341243010,average,0.6122254133,0.5421430333,
O1/0780/2,,videos/sample_003117_O1__0780__2.pt,ok,0.6136412621,0.6271266937,0.5413759839,0.5341243010,average,0.6136412621,0.5413759839,
O1/0780/3,,videos/sample_003118_O1__0780__3.pt,ok,0.6134845614,0.6268568635,0.5414608245,0.5342684433,average,0.6134845614,0.5414608245,
O1/0780/4,,videos/sample_003119_O1__0780__4.pt,ok,0.6113244295,0.6271752119,0.5426317155,0.5340983869,average,0.6113244295,0.5426317155,
O1/0781/1,,videos/sample_003120_O1__0781__1.pt,ok,0.5588412285,0.5930917859,0.5718713483,0.5526160702,average,0.5588412285,0.5718713483,
O1/0781/2,,videos/sample_003121_O1__0781__2.pt,ok,0.5587888360,0.5937529802,0.5719013108,0.5522508043,average,0.5587888360,0.5719013108,
O1/0781/3,,videos/sample_003122_O1__0781__3.pt,ok,0.5542313457,0.5902222395,0.5745136940,0.5542041050,average,0.5542313457,0.5745136940,
O1/0781/4,,videos/sample_003123_O1__0781__4.pt,ok,0.5591205955,0.5930917859,0.5717116086,0.5526160702,average,0.5591205955,0.5717116086,
O1/0782/1,,videos/sample_003124_O1__0782__1.pt,ok,0.5511001348,0.5739539266,0.5763154368,0.5632938074,average,0.5511001348,0.5763154368,
O1/0782/2,,videos/sample_003125_O1__0782__2.pt,ok,0.5525991917,0.5774589181,0.5754521544,0.5613229234,average,0.5525991917,0.5754521544,
O1/0782/3,,videos/sample_003126_O1__0782__3.pt,ok,0.5511448383,0.5739088655,0.5762896741,0.5633191906,average,0.5511448383,0.5762896741,
O1/0782/4,,videos/sample_003127_O1__0782__4.pt,ok,0.5531234741,0.5796888471,0.5751505340,0.5600726077,average,0.5531234741,0.5751505340,
O1/0783/1,,videos/sample_003128_O1__0783__1.pt,ok,0.5566340685,0.5920858383,0.5731349538,0.5531722527,average,0.5566340685,0.5731349538,
O1/0783/2,,videos/sample_003129_O1__0783__2.pt,ok,0.5524323583,0.5831799507,0.5755481671,0.5581207452,average,0.5524323583,0.5755481671,
O1/0783/3,,videos/sample_003130_O1__0783__3.pt,ok,0.5580818057,0.5954442620,0.5723058054,0.5513175820,average,0.5580818057,0.5723058054,
O1/0783/4,,videos/sample_003131_O1__0783__4.pt,ok,0.5575628877,0.5988218188,0.5726028622,0.5494586167,average,0.5575628877,0.5726028622,
O1/0784/1,,videos/sample_003132_O1__0784__1.pt,ok,0.5471059084,0.5683398247,0.5786219745,0.5664650899,average,0.5471059084,0.5786219745,
O1/0784/2,,videos/sample_003133_O1__0784__2.pt,ok,0.5481410623,0.5752004981,0.5780233216,0.5625920589,average,0.5481410623,0.5780233216,
O1/0784/3,,videos/sample_003134_O1__0784__3.pt,ok,0.5436973572,0.5649438500,0.5805976023,0.5683920611,average,0.5436973572,0.5805976023,
O1/0784/4,,videos/sample_003135_O1__0784__4.pt,ok,0.5459523201,0.5776843429,0.5792898512,0.5611964015,average,0.5459523201,0.5792898512,
O1/0785/1,,videos/sample_003136_O1__0785__1.pt,ok,0.5660676956,0.5999982357,0.5677536350,0.5488126044,average,0.5660676956,0.5677536350,
O1/0785/2,,videos/sample_003137_O1__0785__2.pt,ok,0.5584703088,0.5933734179,0.5720835060,0.5524604577,average,0.5584703088,0.5720835060,
O1/0785/3,,videos/sample_003138_O1__0785__3.pt,ok,0.5555657744,0.5844730735,0.5737475576,0.5573994930,average,0.5555657744,0.5737475576,
O1/0785/4,,videos/sample_003139_O1__0785__4.pt,ok,0.5659004450,0.6007440090,0.5678486001,0.5484034671,average,0.5659004450,0.5678486001,
O1/0786/1,,videos/sample_003140_O1__0786__1.pt,ok,0.5418357253,0.5629503727,0.5816794680,0.5695262679,average,0.5418357253,0.5816794680,
O1/0786/2,,videos/sample_003141_O1__0786__2.pt,ok,0.5516042113,0.5838131905,0.5760250029,0.5577674329,average,0.5516042113,0.5760250029,
O1/0786/3,,videos/sample_003142_O1__0786__3.pt,ok,0.5529204607,0.5846727490,0.5752673092,0.5572882051,average,0.5529204607,0.5752673092,
O1/0786/4,,videos/sample_003143_O1__0786__4.pt,ok,0.5530050993,0.5953464508,0.5752186214,0.5513715097,average,0.5530050993,0.5752186214,
O1/0787/1,,videos/sample_003144_O1__0787__1.pt,ok,0.5850409269,0.6085098982,0.5570830616,0.5441611207,average,0.5850409269,0.5570830616,
O1/0787/2,,videos/sample_003145_O1__0787__2.pt,ok,0.5857809782,0.6056692600,0.5566709441,0.5457090831,average,0.5857809782,0.5566709441,
O1/0787/3,,videos/sample_003146_O1__0787__3.pt,ok,0.5859833360,0.6085098982,0.5565583088,0.5441611207,average,0.5859833360,0.5565583088,
O1/0787/4,,videos/sample_003147_O1__0787__4.pt,ok,0.5836596489,0.6056692600,0.5578530799,0.5457090831,average,0.5836596489,0.5578530799,
O1/0788/1,,videos/sample_003148_O1__0788__1.pt,ok,0.6170644760,0.6514685750,0.5395259065,0.5212796761,average,0.6170644760,0.5395259065,
O1/0788/2,,videos/sample_003149_O1__0788__2.pt,ok,0.6163125038,0.6499474049,0.5399317675,0.5220732346,average,0.6163125038,0.5399317675,
O1/0788/3,,videos/sample_003150_O1__0788__3.pt,ok,0.6162958741,0.6499474049,0.5399407465,0.5220732346,average,0.6162958741,0.5399407465,
O1/0788/4,,videos/sample_003151_O1__0788__4.pt,ok,0.6155657768,0.6514685750,0.5403350997,0.5212796761,average,0.6155657768,0.5403350997,
O1/0789/1,,videos/sample_003152_O1__0789__1.pt,ok,0.5726634860,0.5949899554,0.5640211738,0.5515681061,average,0.5726634860,0.5640211738,
O1/0789/2,,videos/sample_003153_O1__0789__2.pt,ok,0.5830893517,0.6034244299,0.5581713127,0.5469354833,average,0.5830893517,0.5581713127,
O1/0789/3,,videos/sample_003154_O1__0789__3.pt,ok,0.5782158971,0.6059247255,0.5608981745,0.5455696911,average,0.5782158971,0.5608981745,
O1/0789/4,,videos/sample_003155_O1__0789__4.pt,ok,0.5833085179,0.6033668518,0.5580489938,0.5469669757,average,0.5833085179,0.5580489938,
O1/0790/1,,videos/sample_003156_O1__0790__1.pt,ok,0.5479478836,0.5942829847,0.5781349942,0.5519581865,average,0.5479478836,0.5781349942,
O1/0790/2,,videos/sample_003157_O1__0790__2.pt,ok,0.5477448702,0.5906341076,0.5782523753,0.5539758930,average,0.5477448702,0.5782523753,
O1/0790/3,,videos/sample_003158_O1__0790__3.pt,ok,0.5492594242,0.5917323232,0.5773772437,0.5533678420,average,0.5492594242,0.5773772437,
O1/0790/4,,videos/sample_003159_O1__0790__4.pt,ok,0.5406190157,0.5830044746,0.5823876337,0.5582186907,average,0.5406190157,0.5823876337,
O1/0791/1,,videos/sample_003160_O1__0791__1.pt,ok,0.5592221618,0.5972644091,0.5716535449,0.5503150156,average,0.5592221618,0.5716535449,
O1/0791/2,,videos/sample_003161_O1__0791__2.pt,ok,0.5603858829,0.5972032547,0.5709886866,0.5503486708,average,0.5603858829,0.5709886866,
O1/0791/3,,videos/sample_003162_O1__0791__3.pt,ok,0.5514885783,0.5837523937,0.5760916143,0.5578013443,average,0.5514885783,0.5760916143,
O1/0791/4,,videos/sample_003163_O1__0791__4.pt,ok,0.5599405766,0.5995641947,0.5712430081,0.5490508632,average,0.5599405766,0.5712430081,
O1/0792/1,,videos/sample_003164_O1__0792__1.pt,ok,0.6271352172,0.6400421858,0.5341197484,0.5272701803,average,0.6271352172,0.5341197484,
O1/0792/2,,videos/sample_003165_O1__0792__2.pt,ok,0.6263683438,0.6384670138,0.5345295077,0.5281013759,average,0.6263683438,0.5345295077,
O1/0792/3,,videos/sample_003166_O1__0792__3.pt,ok,0.6263121367,0.6400421858,0.5345595530,0.5272701803,average,0.6263121367,0.5345595530,
O1/0792/4,,videos/sample_003167_O1__0792__4.pt,ok,0.6268062592,0.6384670138,0.5342954803,0.5281013759,average,0.6268062592,0.5342954803,
O1/0793/1,,videos/sample_003168_O1__0793__1.pt,ok,0.6101433635,0.6245658398,0.5432729780,0.5354938682,average,0.6101433635,0.5432729780,
O1/0793/2,,videos/sample_003169_O1__0793__2.pt,ok,0.6108764410,0.6253729463,0.5428748627,0.5350618420,average,0.6108764410,0.5428748627,
O1/0793/3,,videos/sample_003170_O1__0793__3.pt,ok,0.6125305295,0.6252977848,0.5419776419,0.5351020595,average,0.6125305295,0.5419776419,
O1/0793/4,,videos/sample_003171_O1__0793__4.pt,ok,0.6119503975,0.6239678860,0.5422921517,0.5358141645,average,0.6119503975,0.5422921517,
O1/0794/1,,videos/sample_003172_O1__0794__1.pt,ok,0.5636724830,0.5877761245,0.5691151556,0.5555614114,average,0.5636724830,0.5691151556,
O1/0794/2,,videos/sample_003173_O1__0794__2.pt,ok,0.5618899465,0.5862780213,0.5701305288,0.5563943234,average,0.5618899465,0.5701305288,
O1/0794/3,,videos/sample_003174_O1__0794__3.pt,ok,0.5639630556,0.5874756575,0.5689498103,0.5557283643,average,0.5639630556,0.5689498103,
O1/0794/4,,videos/sample_003175_O1__0794__4.pt,ok,0.5627117157,0.5873176455,0.5696622055,0.5558161830,average,0.5627117157,0.5696622055,
O1/0795/1,,videos/sample_003176_O1__0795__1.pt,ok,0.6265826225,0.6396285892,0.5344149817,0.5274883025,average,0.6265826225,0.5344149817,
O1/0795/2,,videos/sample_003177_O1__0795__2.pt,ok,0.6262850165,0.6409351230,0.5345740505,0.5267995713,average,0.6262850165,0.5345740505,
O1/0795/3,,videos/sample_003178_O1__0795__3.pt,ok,0.6272233129,0.6396285892,0.5340726969,0.5274883025,average,0.6272233129,0.5340726969,
O1/0795/4,,videos/sample_003179_O1__0795__4.pt,ok,0.6268851757,0.6409351230,0.5342533172,0.5267995713,average,0.6268851757,0.5342533172,
O1/0796/1,,videos/sample_003180_O1__0796__1.pt,ok,0.6251314282,0.6331719756,0.5351910847,0.5309051093,average,0.6251314282,0.5351910847,
O1/0796/2,,videos/sample_003181_O1__0796__2.pt,ok,0.6248793006,0.6331719756,0.5353260382,0.5309051093,average,0.6248793006,0.5353260382,
O1/0796/3,,videos/sample_003182_O1__0796__3.pt,ok,0.6247376800,0.6348513365,0.5354018567,0.5300142762,average,0.6247376800,0.5354018567,
O1/0796/4,,videos/sample_003183_O1__0796__4.pt,ok,0.6255666614,0.6336554289,0.5349582025,0.5306485035,average,0.6255666614,0.5349582025,
O1/0797/1,,videos/sample_003184_O1__0797__1.pt,ok,0.5827437043,0.6052839756,0.5583642765,0.5459193768,average,0.5827437043,0.5583642765,
O1/0797/2,,videos/sample_003185_O1__0797__2.pt,ok,0.5798920393,0.6068810821,0.5599588168,0.5450481814,average,0.5798920393,0.5599588168,
O1/0797/3,,videos/sample_003186_O1__0797__3.pt,ok,0.5841511488,0.6091209054,0.5575789626,0.5438287359,average,0.5841511488,0.5575789626,
O1/0797/4,,videos/sample_003187_O1__0797__4.pt,ok,0.5837509632,0.6097928882,0.5578021423,0.5434634151,average,0.5837509632,0.5578021423,
O1/0798/1,,videos/sample_003188_O1__0798__1.pt,ok,0.5339576006,0.5670678616,0.5862801098,0.5671860710,average,0.5339576006,0.5862801098,
O1/0798/2,,videos/sample_003189_O1__0798__2.pt,ok,0.5465573072,0.5828985572,0.5789394943,0.5582778189,average,0.5465573072,0.5789394943,
O1/0798/3,,videos/sample_003190_O1__0798__3.pt,ok,0.5429628491,0.5877706409,0.5810242125,0.5555644579,average,0.5429628491,0.5810242125,
O1/0798/4,,videos/sample_003191_O1__0798__4.pt,ok,0.5449318886,0.5854581594,0.5798812785,0.5568506770,average,0.5449318886,0.5798812785,
O1/0799/1,,videos/sample_003192_O1__0799__1.pt,ok,0.5329380631,0.5531252623,0.5868781491,0.5751495056,average,0.5329380631,0.5868781491,
O1/0799/2,,videos/sample_003193_O1__0799__2.pt,ok,0.5465698838,0.5841587782,0.5789322133,0.5575747086,average,0.5465698838,0.5789322133,
O1/0799/3,,videos/sample_003194_O1__0799__3.pt,ok,0.5472542048,0.5830823183,0.5785361733,0.5581752386,average,0.5472542048,0.5785361733,
O1/0799/4,,videos/sample_003195_O1__0799__4.pt,ok,0.5475784540,0.5808516741,0.5783486138,0.5594217186,average,0.5475784540,0.5783486138,
O1/0800/1,,videos/sample_003196_O1__0800__1.pt,ok,0.6061440706,0.6234611273,0.5454500362,0.5360857618,average,0.6061440706,0.5454500362,
O1/0800/2,,videos/sample_003197_O1__0800__2.pt,ok,0.6045674682,0.6221830249,0.5463106723,0.5367713724,average,0.6045674682,0.5463106723,
O1/0800/3,,videos/sample_003198_O1__0800__3.pt,ok,0.6060840487,0.6224044561,0.5454827761,0.5366525276,average,0.6060840487,0.5454827761,
O1/0800/4,,videos/sample_003199_O1__0800__4.pt,ok,0.6041073799,0.6218252778,0.5465620813,0.5369634351,average,0.6041073799,0.5465620813,
O1/0801/1,,videos/sample_003200_O1__0801__1.pt,ok,0.5540108085,0.5897384286,0.5746404096,0.5544722999,average,0.5540108085,0.5746404096,
O1/0801/2,,videos/sample_003201_O1__0801__2.pt,ok,0.5606878996,0.5973441005,0.5708162645,0.5502711620,average,0.5606878996,0.5708162645,
O1/0801/3,,videos/sample_003202_O1__0801__3.pt,ok,0.5509164333,0.5841643810,0.5764213165,0.5575715846,average,0.5509164333,0.5764213165,
O1/0801/4,,videos/sample_003203_O1__0801__4.pt,ok,0.5572689772,0.5973441005,0.5727711810,0.5502711620,average,0.5572689772,0.5727711810,
O1/0802/1,,videos/sample_003204_O1__0802__1.pt,ok,0.6233430505,0.6523964405,0.5361490649,0.5207962230,average,0.6233430505,0.5361490649,
O1/0802/2,,videos/sample_003205_O1__0802__2.pt,ok,0.6201505065,0.6527242661,0.5378634796,0.5206255206,average,0.6201505065,0.5378634796,
O1/0802/3,,videos/sample_003206_O1__0802__3.pt,ok,0.6239937544,0.6523964405,0.5358003041,0.5207962230,average,0.6239937544,0.5358003041,
O1/0802/4,,videos/sample_003207_O1__0802__4.pt,ok,0.6229986548,0.6527242661,0.5363337441,0.5206255206,average,0.6229986548,0.5363337441,
O1/0803/1,,videos/sample_003208_O1__0803__1.pt,ok,0.5546984673,0.5832048059,0.5742453889,0.5581068732,average,0.5546984673,0.5742453889,
O1/0803/2,,videos/sample_003209_O1__0803__2.pt,ok,0.5595722198,0.5931380987,0.5714534680,0.5525904776,average,0.5595722198,0.5714534680,
O1/0803/3,,videos/sample_003210_O1__0803__3.pt,ok,0.5609419346,0.5931380987,0.5706712756,0.5525904776,average,0.5609419346,0.5706712756,
O1/0803/4,,videos/sample_003211_O1__0803__4.pt,ok,0.5532832146,0.5832048059,0.5750586666,0.5581068732,average,0.5532832146,0.5750586666,
O1/0804/1,,videos/sample_003212_O1__0804__1.pt,ok,0.5457473397,0.5656757951,0.5794086064,0.5679761815,average,0.5457473397,0.5794086064,
O1/0804/2,,videos/sample_003213_O1__0804__2.pt,ok,0.5524256825,0.5873352885,0.5755520093,0.5558063768,average,0.5524256825,0.5755520093,
O1/0804/3,,videos/sample_003214_O1__0804__3.pt,ok,0.5542103648,0.5898616314,0.5745257479,0.5544039915,average,0.5542103648,0.5745257479,
O1/0804/4,,videos/sample_003215_O1__0804__4.pt,ok,0.5537020564,0.5870904326,0.5748178584,0.5559424859,average,0.5537020564,0.5748178584,
O1/0805/1,,videos/sample_003216_O1__0805__1.pt,ok,0.5616859794,0.5867663622,0.5702468285,0.5561226797,average,0.5616859794,0.5702468285,
O1/0805/2,,videos/sample_003217_O1__0805__2.pt,ok,0.5638906360,0.5913650393,0.5689910149,0.5535711224,average,0.5638906360,0.5689910149,
O1/0805/3,,videos/sample_003218_O1__0805__3.pt,ok,0.5637049675,0.5901010036,0.5690966684,0.5542712985,average,0.5637049675,0.5690966684,
O1/0805/4,,videos/sample_003219_O1__0805__4.pt,ok,0.5620613694,0.5852273107,0.5700328037,0.5569792401,average,0.5620613694,0.5700328037,
O1/0806/1,,videos/sample_003220_O1__0806__1.pt,ok,0.5362110138,0.5682849884,0.5849604658,0.5664961535,average,0.5362110138,0.5849604658,
O1/0806/2,,videos/sample_003221_O1__0806__2.pt,ok,0.5244064927,0.5468166471,0.5919065610,0.5787893717,average,0.5244064927,0.5919065610,
O1/0806/3,,videos/sample_003222_O1__0806__3.pt,ok,0.5387547612,0.5750429034,0.5834743651,0.5626807274,average,0.5387547612,0.5834743651,
O1/0806/4,,videos/sample_003223_O1__0806__4.pt,ok,0.5374259949,0.5744890571,0.5842501815,0.5629924523,average,0.5374259949,0.5842501815,
O1/0807/1,,videos/sample_003224_O1__0807__1.pt,ok,0.6185019016,0.6462045908,0.5387509352,0.5240309189,average,0.6185019016,0.5387509352,
O1/0807/2,,videos/sample_003225_O1__0807__2.pt,ok,0.6180369258,0.6468079090,0.5390014997,0.5237148569,average,0.6180369258,0.5390014997,
O1/0807/3,,videos/sample_003226_O1__0807__3.pt,ok,0.6160058379,0.6462045908,0.5400973716,0.5240309189,average,0.6160058379,0.5400973716,
O1/0807/4,,videos/sample_003227_O1__0807__4.pt,ok,0.6189101934,0.6468079090,0.5385310125,0.5237148569,average,0.6189101934,0.5385310125,
O1/0808/1,,videos/sample_003228_O1__0808__1.pt,ok,0.5244252086,0.5489939451,0.5918954831,0.5775305456,average,0.5244252086,0.5918954831,
O1/0808/2,,videos/sample_003229_O1__0808__2.pt,ok,0.5206178427,0.5448421240,0.5941533413,0.5799333337,average,0.5206178427,0.5941533413,
O1/0808/3,,videos/sample_003230_O1__0808__3.pt,ok,0.5262052417,0.5572924018,0.5908428267,0.5727577642,average,0.5262052417,0.5908428267,
O1/0808/4,,videos/sample_003231_O1__0808__4.pt,ok,0.5244705081,0.5624642968,0.5918686711,0.5698031682,average,0.5244705081,0.5918686711,
O1/0809/1,,videos/sample_003232_O1__0809__1.pt,ok,0.6146838665,0.6299624443,0.5408118370,0.5326118032,average,0.6146838665,0.5408118370,
O1/0809/2,,videos/sample_003233_O1__0809__2.pt,ok,0.6131579876,0.6296073794,0.5416376803,0.5328009486,average,0.6131579876,0.5416376803,
O1/0809/3,,videos/sample_003234_O1__0809__3.pt,ok,0.6150719523,0.6297706366,0.5406019963,0.5327139721,average,0.6150719523,0.5406019963,
O1/0809/4,,videos/sample_003235_O1__0809__4.pt,ok,0.6159510612,0.6295000911,0.5401269571,0.5328581150,average,0.6159510612,0.5401269571,
O1/0810/1,,videos/sample_003236_O1__0810__1.pt,ok,0.6116103530,0.6440885663,0.5424765865,0.5251409552,average,0.6116103530,0.5424765865,
O1/0810/2,,videos/sample_003237_O1__0810__2.pt,ok,0.6122530699,0.6440885663,0.5421280397,0.5251409552,average,0.6122530699,0.5421280397,
O1/0810/3,,videos/sample_003238_O1__0810__3.pt,ok,0.6116623282,0.6442328691,0.5424483919,0.5250651813,average,0.6116623282,0.5424483919,
O1/0810/4,,videos/sample_003239_O1__0810__4.pt,ok,0.6120502949,0.6442328691,0.5422379808,0.5250651813,average,0.6120502949,0.5422379808,
O1/0811/1,,videos/sample_003240_O1__0811__1.pt,ok,0.5506897569,0.5777458549,0.5765519925,0.5611618823,average,0.5506897569,0.5765519925,
O1/0811/2,,videos/sample_003241_O1__0811__2.pt,ok,0.5491720438,0.5690732598,0.5774276974,0.5660497768,average,0.5491720438,0.5774276974,
O1/0811/3,,videos/sample_003242_O1__0811__3.pt,ok,0.5517488122,0.5847785473,0.5759417153,0.5572292481,average,0.5517488122,0.5759417153,
O1/0811/4,,videos/sample_003243_O1__0811__4.pt,ok,0.5501231551,0.5703204870,0.5768787604,0.5653442242,average,0.5501231551,0.5768787604,
O1/0812/1,,videos/sample_003244_O1__0812__1.pt,ok,0.5393878818,0.5600678325,0.5831050724,0.5711703186,average,0.5393878818,0.5831050724,
O1/0812/2,,videos/sample_003245_O1__0812__2.pt,ok,0.5434799790,0.5760242939,0.5807238252,0.5621287887,average,0.5434799790,0.5807238252,
O1/0812/3,,videos/sample_003246_O1__0812__3.pt,ok,0.5439425111,0.5752770305,0.5804552839,0.5625490040,average,0.5439425111,0.5804552839,
O1/0812/4,,videos/sample_003247_O1__0812__4.pt,ok,0.5406653285,0.5613671541,0.5823606623,0.5704286666,average,0.5406653285,0.5823606623,
O1/0813/1,,videos/sample_003248_O1__0813__1.pt,ok,0.6173296571,0.6502789259,0.5393828534,0.5219001850,average,0.6173296571,0.5393828534,
O1/0813/2,,videos/sample_003249_O1__0813__2.pt,ok,0.6153616309,0.6508013010,0.5404454182,0.5216276285,average,0.6153616309,0.5404454182,
O1/0813/3,,videos/sample_003250_O1__0813__3.pt,ok,0.6164547801,0.6508013010,0.5398549535,0.5216276285,average,0.6164547801,0.5398549535,
O1/0813/4,,videos/sample_003251_O1__0813__4.pt,ok,0.6162806749,0.6502789259,0.5399489532,0.5219001850,average,0.6162806749,0.5399489532,
O1/0814/1,,videos/sample_003252_O1__0814__1.pt,ok,0.5811311007,0.6035405993,0.5592654232,0.5468719498,average,0.5811311007,0.5592654232,
O1/0814/2,,videos/sample_003253_O1__0814__2.pt,ok,0.5827466846,0.6055418849,0.5583626125,0.5457785973,average,0.5827466846,0.5583626125,
O1/0814/3,,videos/sample_003254_O1__0814__3.pt,ok,0.5810154080,0.6035405993,0.5593301298,0.5468719498,average,0.5810154080,0.5593301298,
O1/0814/4,,videos/sample_003255_O1__0814__4.pt,ok,0.5785710812,0.6055418849,0.5606989878,0.5457785973,average,0.5785710812,0.5606989878,
O1/0815/1,,videos/sample_003256_O1__0815__1.pt,ok,0.6116499901,0.6292801499,0.5424550848,0.5329753253,average,0.6116499901,0.5424550848,
O1/0815/2,,videos/sample_003257_O1__0815__2.pt,ok,0.6091957688,0.6271921396,0.5437880245,0.5340893459,average,0.6091957688,0.5437880245,
O1/0815/3,,videos/sample_003258_O1__0815__3.pt,ok,0.6121892929,0.6274625063,0.5421626161,0.5339449654,average,0.6121892929,0.5421626161,
O1/0815/4,,videos/sample_003259_O1__0815__4.pt,ok,0.6105044484,0.6270958781,0.5430768457,0.5341407606,average,0.6105044484,0.5430768457,
O1/0816/1,,videos/sample_003260_O1__0816__1.pt,ok,0.6191635132,0.6357489824,0.5383946093,0.5295387246,average,0.6191635132,0.5383946093,
O1/0816/2,,videos/sample_003261_O1__0816__2.pt,ok,0.6181704402,0.6357949972,0.5389295400,0.5295143585,average,0.6181704402,0.5389295400,
O1/0816/3,,videos/sample_003262_O1__0816__3.pt,ok,0.6192373633,0.6357489824,0.5383548502,0.5295387246,average,0.6192373633,0.5383548502,
O1/0816/4,,videos/sample_003263_O1__0816__4.pt,ok,0.6193619370,0.6357949972,0.5382877895,0.5295143585,average,0.6193619370,0.5382877895,
O1/0817/1,,videos/sample_003264_O1__0817__1.pt,ok,0.5491641164,0.5699827075,0.5774322749,0.5655352181,average,0.5491641164,0.5774322749,
O1/0817/2,,videos/sample_003265_O1__0817__2.pt,ok,0.5526816249,0.5730923414,0.5754047200,0.5637793421,average,0.5526816249,0.5754047200,
O1/0817/3,,videos/sample_003266_O1__0817__3.pt,ok,0.5527212024,0.5852465034,0.5753819474,0.5569685503,average,0.5527212024,0.5753819474,
O1/0817/4,,videos/sample_003267_O1__0817__4.pt,ok,0.5539059639,0.5824356675,0.5747006607,0.5585362997,average,0.5539059639,0.5747006607,
O1/0818/1,,videos/sample_003268_O1__0818__1.pt,ok,0.5531980991,0.5950974226,0.5751076150,0.5515088338,average,0.5531980991,0.5751076150,
O1/0818/2,,videos/sample_003269_O1__0818__2.pt,ok,0.5502499938,0.5834593773,0.5768055945,0.5579648132,average,0.5502499938,0.5768055945,
O1/0818/3,,videos/sample_003270_O1__0818__3.pt,ok,0.5437151790,0.5783177018,0.5805872551,0.5608410753,average,0.5437151790,0.5805872551,
O1/0818/4,,videos/sample_003271_O1__0818__4.pt,ok,0.5535470843,0.5887457132,0.5749069460,0.5550230063,average,0.5535470843,0.5749069460,
O1/0819/1,,videos/sample_003272_O1__0819__1.pt,ok,0.6015756726,0.6198551059,0.5479475695,0.5380223882,average,0.6015756726,0.5479475695,
O1/0819/2,,videos/sample_003273_O1__0819__2.pt,ok,0.6047056913,0.6241196394,0.5462351647,0.5357328591,average,0.6047056913,0.5462351647,
O1/0819/3,,videos/sample_003274_O1__0819__3.pt,ok,0.6040927172,0.6216045618,0.5465700954,0.5370819646,average,0.6040927172,0.5465700954,
O1/0819/4,,videos/sample_003275_O1__0819__4.pt,ok,0.6031186581,0.6226131320,0.5471027464,0.5365405528,average,0.6031186581,0.5471027464,
O1/0820/1,,videos/sample_003276_O1__0820__1.pt,ok,0.5472113490,0.5680894256,0.5785609675,0.5666069500,average,0.5472113490,0.5785609675,
O1/0820/2,,videos/sample_003277_O1__0820__2.pt,ok,0.5431170464,0.5630286932,0.5809346271,0.5694816640,average,0.5431170464,0.5809346271,
O1/0820/3,,videos/sample_003278_O1__0820__3.pt,ok,0.5473828316,0.5779596567,0.5784617629,0.5610419177,average,0.5473828316,0.5784617629,
O1/0820/4,,videos/sample_003279_O1__0820__4.pt,ok,0.5454906225,0.5739421844,0.5795573697,0.5633004217,average,0.5454906225,0.5795573697,
O1/0821/1,,videos/sample_003280_O1__0821__1.pt,ok,0.6209234595,0.6507910490,0.5374478970,0.5216329763,average,0.6209234595,0.5374478970,
O1/0821/2,,videos/sample_003281_O1__0821__2.pt,ok,0.6190846562,0.6510478854,0.5384370671,0.5214990191,average,0.6190846562,0.5384370671,
O1/0821/3,,videos/sample_003282_O1__0821__3.pt,ok,0.6201848388,0.6507910490,0.5378450138,0.5216329763,average,0.6201848388,0.5378450138,
O1/0821/4,,videos/sample_003283_O1__0821__4.pt,ok,0.6165512800,0.6510478854,0.5398028601,0.5214990191,average,0.6165512800,0.5398028601,
O1/0822/1,,videos/sample_003284_O1__0822__1.pt,ok,0.6189850569,0.6512336731,0.5384906978,0.5214021400,average,0.6189850569,0.5384906978,
O1/0822/2,,videos/sample_003285_O1__0822__2.pt,ok,0.6187025309,0.6519637108,0.5386428569,0.5210216357,average,0.6187025309,0.5386428569,
O1/0822/3,,videos/sample_003286_O1__0822__3.pt,ok,0.6169161201,0.6519637108,0.5396059543,0.5210216357,average,0.6169161201,0.5396059543,
O1/0822/4,,videos/sample_003287_O1__0822__4.pt,ok,0.6187428832,0.6512336731,0.5386211218,0.5214021400,average,0.6187428832,0.5386211218,
O1/0823/1,,videos/sample_003288_O1__0823__1.pt,ok,0.5427127481,0.5615696311,0.5811695455,0.5703131796,average,0.5427127481,0.5811695455,
O1/0823/2,,videos/sample_003289_O1__0823__2.pt,ok,0.5471889377,0.5791386366,0.5785739339,0.5603808503,average,0.5471889377,0.5785739339,
O1/0823/3,,videos/sample_003290_O1__0823__3.pt,ok,0.5474725366,0.5653535128,0.5784098743,0.5681592597,average,0.5474725366,0.5784098743,
O1/0823/4,,videos/sample_003291_O1__0823__4.pt,ok,0.5497294664,0.5749391317,0.5771059158,0.5627391207,average,0.5497294664,0.5771059158,
O1/0824/1,,videos/sample_003292_O1__0824__1.pt,ok,0.6249850392,0.6543664932,0.5352694365,0.5197712369,average,0.6249850392,0.5352694365,
O1/0824/2,,videos/sample_003293_O1__0824__2.pt,ok,0.6262493730,0.6543664932,0.5345931049,0.5197712369,average,0.6262493730,0.5345931049,
O1/0824/3,,videos/sample_003294_O1__0824__3.pt,ok,0.6263440251,0.6544936895,0.5345425069,0.5197051281,average,0.6263440251,0.5345425069,
O1/0824/4,,videos/sample_003295_O1__0824__4.pt,ok,0.6260422468,0.6544936895,0.5347038446,0.5197051281,average,0.6260422468,0.5347038446,
O1/0825/1,,videos/sample_003296_O1__0825__1.pt,ok,0.5614053607,0.5921325684,0.5704068729,0.5531464035,average,0.5614053607,0.5704068729,
O1/0825/2,,videos/sample_003297_O1__0825__2.pt,ok,0.5499984622,0.5823987722,0.5769506976,0.5585569075,average,0.5499984622,0.5769506976,
O1/0825/3,,videos/sample_003298_O1__0825__3.pt,ok,0.5441893935,0.5731686950,0.5803119974,0.5637362972,average,0.5441893935,0.5803119974,
O1/0825/4,,videos/sample_003299_O1__0825__4.pt,ok,0.5595815778,0.5921325684,0.5714481204,0.5531464035,average,0.5595815778,0.5714481204,
O1/0826/1,,videos/sample_003300_O1__0826__1.pt,ok,0.5438865423,0.5657530427,0.5804877722,0.5679323084,average,0.5438865423,0.5804877722,
O1/0826/2,,videos/sample_003301_O1__0826__2.pt,ok,0.5455764532,0.5670668483,0.5795076280,0.5671866457,average,0.5455764532,0.5795076280,
O1/0826/3,,videos/sample_003302_O1__0826__3.pt,ok,0.5458076000,0.5772629976,0.5793736921,0.5614329088,average,0.5458076000,0.5793736921,
O1/0826/4,,videos/sample_003303_O1__0826__4.pt,ok,0.5474657416,0.5816284418,0.5784138046,0.5589873466,average,0.5474657416,0.5784138046,
O1/0827/1,,videos/sample_003304_O1__0827__1.pt,ok,0.5827813745,0.6028451324,0.5583432432,0.5472524135,average,0.5827813745,0.5583432432,
O1/0827/2,,videos/sample_003305_O1__0827__2.pt,ok,0.5817033052,0.6017833948,0.5589455005,0.5478337605,average,0.5817033052,0.5589455005,
O1/0827/3,,videos/sample_003306_O1__0827__3.pt,ok,0.5812302828,0.6009768844,0.5592099568,0.5482757724,average,0.5812302828,0.5592099568,
O1/0827/4,,videos/sample_003307_O1__0827__4.pt,ok,0.5825955272,0.6023103595,0.5584470195,0.5475451475,average,0.5825955272,0.5584470195,
O1/0828/1,,videos/sample_003308_O1__0828__1.pt,ok,0.5258923769,0.5637339354,0.5910277095,0.5690801832,average,0.5258923769,0.5910277095,
O1/0828/2,,videos/sample_003309_O1__0828__2.pt,ok,0.5224905610,0.5455182195,0.5930417006,0.5795413759,average,0.5224905610,0.5930417006,
O1/0828/3,,videos/sample_003310_O1__0828__3.pt,ok,0.5416064858,0.5820386410,0.5818128271,0.5587580975,average,0.5416064858,0.5818128271,
O1/0828/4,,videos/sample_003311_O1__0828__4.pt,ok,0.5428568125,0.5820386410,0.5810858256,0.5587580975,average,0.5428568125,0.5810858256,
O1/0829/1,,videos/sample_003312_O1__0829__1.pt,ok,0.5565701127,0.5951238275,0.5731716103,0.5514942715,average,0.5565701127,0.5731716103,
O1/0829/2,,videos/sample_003313_O1__0829__2.pt,ok,0.5595026016,0.5974693894,0.5714932530,0.5502022234,average,0.5595026016,0.5714932530,
O1/0829/3,,videos/sample_003314_O1__0829__3.pt,ok,0.5481886268,0.5858031511,0.5779958289,0.5566586012,average,0.5481886268,0.5779958289,
O1/0829/4,,videos/sample_003315_O1__0829__4.pt,ok,0.5609122515,0.5970411301,0.5706882151,0.5504379031,average,0.5609122515,0.5706882151,
O1/0830/1,,videos/sample_003316_O1__0830__1.pt,ok,0.5401997566,0.5857104659,0.5826318562,0.5567101977,average,0.5401997566,0.5826318562,
O1/0830/2,,videos/sample_003317_O1__0830__2.pt,ok,0.5462925434,0.5875699520,0.5790927968,0.5556759647,average,0.5462925434,0.5790927968,
O1/0830/3,,videos/sample_003318_O1__0830__3.pt,ok,0.5465960503,0.5863972902,0.5789170649,0.5563279668,average,0.5465960503,0.5789170649,
O1/0830/4,,videos/sample_003319_O1__0830__4.pt,ok,0.5351459980,0.5742969513,0.5855837898,0.5631006168,average,0.5351459980,0.5855837898,
O1/0831/1,,videos/sample_003320_O1__0831__1.pt,ok,0.5586543083,0.5844517946,0.5719782526,0.5574113540,average,0.5586543083,0.5719782526,
O1/0831/2,,videos/sample_003321_O1__0831__2.pt,ok,0.5564808846,0.5817703605,0.5732227556,0.5589080215,average,0.5564808846,0.5732227556,
O1/0831/3,,videos/sample_003322_O1__0831__3.pt,ok,0.5565723181,0.5807352662,0.5731703462,0.5594868435,average,0.5565723181,0.5731703462,
O1/0831/4,,videos/sample_003323_O1__0831__4.pt,ok,0.5585173368,0.5846865773,0.5720566026,0.5572804988,average,0.5585173368,0.5720566026,
O1/0832/1,,videos/sample_003324_O1__0832__1.pt,ok,0.5429718494,0.5853495598,0.5810189831,0.5569111540,average,0.5429718494,0.5810189831,
O1/0832/2,,videos/sample_003325_O1__0832__2.pt,ok,0.5491335392,0.5909976959,0.5774499314,0.5537745105,average,0.5491335392,0.5774499314,
O1/0832/3,,videos/sample_003326_O1__0832__3.pt,ok,0.5519329906,0.5912814140,0.5758356490,0.5536174169,average,0.5519329906,0.5758356490,
O1/0832/4,,videos/sample_003327_O1__0832__4.pt,ok,0.5519615412,0.5903024673,0.5758192088,0.5541596442,average,0.5519615412,0.5758192088,
O1/0833/1,,videos/sample_003328_O1__0833__1.pt,ok,0.6260924339,0.6517450213,0.5346770101,0.5211355901,average,0.6260924339,0.5346770101,
O1/0833/2,,videos/sample_003329_O1__0833__2.pt,ok,0.6239369512,0.6535678506,0.5358307401,0.5201865142,average,0.6239369512,0.5358307401,
O1/0833/3,,videos/sample_003330_O1__0833__3.pt,ok,0.6254751682,0.6535678506,0.5350071497,0.5201865142,average,0.6254751682,0.5350071497,
O1/0833/4,,videos/sample_003331_O1__0833__4.pt,ok,0.6256961226,0.6517450213,0.5348889506,0.5211355901,average,0.6256961226,0.5348889506,
O1/0834/1,,videos/sample_003332_O1__0834__1.pt,ok,0.6200945973,0.6519224644,0.5378935519,0.5210431264,average,0.6200945973,0.5378935519,
O1/0834/2,,videos/sample_003333_O1__0834__2.pt,ok,0.6202568412,0.6519224644,0.5378062891,0.5210431264,average,0.6202568412,0.5378062891,
O1/0834/3,,videos/sample_003334_O1__0834__3.pt,ok,0.6176943183,0.6511282325,0.5391861972,0.5214571199,average,0.6176943183,0.5391861972,
O1/0834/4,,videos/sample_003335_O1__0834__4.pt,ok,0.6194736958,0.6511282325,0.5382276346,0.5214571199,average,0.6194736958,0.5382276346,
O1/0835/1,,videos/sample_003336_O1__0835__1.pt,ok,0.5254772305,0.5482317805,0.5912731234,0.5779708867,average,0.5254772305,0.5912731234,
O1/0835/2,,videos/sample_003337_O1__0835__2.pt,ok,0.5273378491,0.5614392757,0.5901740125,0.5703875279,average,0.5273378491,0.5901740125,
O1/0835/3,,videos/sample_003338_O1__0835__3.pt,ok,0.5224905610,0.5455182195,0.5930417006,0.5795413759,average,0.5224905610,0.5930417006,
O1/0835/4,,videos/sample_003339_O1__0835__4.pt,ok,0.5298655629,0.5670430660,0.5886841053,0.5672001348,average,0.5298655629,0.5886841053,
O1/0836/1,,videos/sample_003340_O1__0836__1.pt,ok,0.6148151159,0.6302368045,0.5407408604,0.5324656958,average,0.6148151159,0.5407408604,
O1/0836/2,,videos/sample_003341_O1__0836__2.pt,ok,0.6156460643,0.6304295063,0.5402917193,0.5323630986,average,0.6156460643,0.5402917193,
O1/0836/3,,videos/sample_003342_O1__0836__3.pt,ok,0.6152711511,0.6302368045,0.5404943198,0.5324656958,average,0.6152711511,0.5404943198,
O1/0836/4,,videos/sample_003343_O1__0836__4.pt,ok,0.6142522693,0.6313627958,0.5410453003,0.5318664815,average,0.6142522693,0.5410453003,
O1/0837/1,,videos/sample_003344_O1__0837__1.pt,ok,0.5649027824,0.6069887877,0.5684154040,0.5449894798,average,0.5649027824,0.5684154040,
O1/0837/2,,videos/sample_003345_O1__0837__2.pt,ok,0.5637460947,0.6043556929,0.5690732636,0.5464263797,average,0.5637460947,0.5690732636,
O1/0837/3,,videos/sample_003346_O1__0837__3.pt,ok,0.5574610829,0.5924691558,0.5726611589,0.5529602527,average,0.5574610829,0.5726611589,
O1/0837/4,,videos/sample_003347_O1__0837__4.pt,ok,0.5670543313,0.6043379307,0.5671937452,0.5464360855,average,0.5670543313,0.5671937452,
O1/0838/1,,videos/sample_003348_O1__0838__1.pt,ok,0.5588052869,0.5819581747,0.5718919026,0.5588030605,average,0.5588052869,0.5718919026,
O1/0838/2,,videos/sample_003349_O1__0838__2.pt,ok,0.5574056506,0.5818943381,0.5726929037,0.5588387337,average,0.5574056506,0.5726929037,
O1/0838/3,,videos/sample_003350_O1__0838__3.pt,ok,0.5602421165,0.5865887403,0.5710707815,0.5562214680,average,0.5602421165,0.5710707815,
O1/0838/4,,videos/sample_003351_O1__0838__4.pt,ok,0.5598307252,0.5860208273,0.5713057633,0.5565374431,average,0.5598307252,0.5713057633,
O1/0839/1,,videos/sample_003352_O1__0839__1.pt,ok,0.5318807364,0.5548344254,0.5874989993,0.5741673208,average,0.5318807364,0.5874989993,
O1/0839/2,,videos/sample_003353_O1__0839__2.pt,ok,0.5291041732,0.5694720745,0.5891324940,0.5658240728,average,0.5291041732,0.5891324940,
O1/0839/3,,videos/sample_003354_O1__0839__3.pt,ok,0.5346962214,0.5676522851,0.5858472310,0.5668546909,average,0.5346962214,0.5858472310,
O1/0839/4,,videos/sample_003355_O1__0839__4.pt,ok,0.5244064927,0.5468166471,0.5919065610,0.5787893717,average,0.5244064927,0.5919065610,
O1/0840/1,,videos/sample_003356_O1__0840__1.pt,ok,0.6172616482,0.6312579513,0.5394195375,0.5319222477,average,0.6172616482,0.5394195375,
O1/0840/2,,videos/sample_003357_O1__0840__2.pt,ok,0.6157006621,0.6282295585,0.5402622214,0.5335355588,average,0.6157006621,0.5402622214,
O1/0840/3,,videos/sample_003358_O1__0840__3.pt,ok,0.6166915298,0.6315975189,0.5397271582,0.5317416548,average,0.6166915298,0.5397271582,
O1/0840/4,,videos/sample_003359_O1__0840__4.pt,ok,0.6163631678,0.6296172142,0.5399044132,0.5327957086,average,0.6163631678,0.5399044132,
O1/0841/1,,videos/sample_003360_O1__0841__1.pt,ok,0.6251169443,0.6534191966,0.5351988364,0.5202638477,average,0.6251169443,0.5351988364,
O1/0841/2,,videos/sample_003361_O1__0841__2.pt,ok,0.6244754791,0.6552191973,0.5355422580,0.5193282148,average,0.6244754791,0.5355422580,
O1/0841/3,,videos/sample_003362_O1__0841__3.pt,ok,0.6239343286,0.6534191966,0.5358321454,0.5202638477,average,0.6239343286,0.5358321454,
O1/0841/4,,videos/sample_003363_O1__0841__4.pt,ok,0.6247755289,0.6552191973,0.5353815927,0.5193282148,average,0.6247755289,0.5353815927,
O1/0842/1,,videos/sample_003364_O1__0842__1.pt,ok,0.5444138646,0.5638127327,0.5801817488,0.5690353429,average,0.5444138646,0.5801817488,
O1/0842/2,,videos/sample_003365_O1__0842__2.pt,ok,0.5543930531,0.5949513316,0.5744207984,0.5515894102,average,0.5543930531,0.5744207984,
O1/0842/3,,videos/sample_003366_O1__0842__3.pt,ok,0.5544480085,0.5863891840,0.5743892317,0.5563324766,average,0.5544480085,0.5743892317,
O1/0842/4,,videos/sample_003367_O1__0842__4.pt,ok,0.5539847016,0.5913671851,0.5746554118,0.5535699346,average,0.5539847016,0.5746554118,
O1/0843/1,,videos/sample_003368_O1__0843__1.pt,ok,0.6148546338,0.6462517381,0.5407194919,0.5240062129,average,0.6148546338,0.5407194919,
O1/0843/2,,videos/sample_003369_O1__0843__2.pt,ok,0.6150181293,0.6467988491,0.5406310939,0.5237196017,average,0.6150181293,0.5406310939,
O1/0843/3,,videos/sample_003370_O1__0843__3.pt,ok,0.6131130457,0.6467988491,0.5416620231,0.5237196017,average,0.6131130457,0.5416620231,
O1/0843/4,,videos/sample_003371_O1__0843__4.pt,ok,0.6151939631,0.6462517381,0.5405360411,0.5240062129,average,0.6151939631,0.5405360411,
O1/0844/1,,videos/sample_003372_O1__0844__1.pt,ok,0.5592201948,0.5867550373,0.5716546694,0.5561289777,average,0.5592201948,0.5716546694,
O1/0844/2,,videos/sample_003373_O1__0844__2.pt,ok,0.5592200756,0.5840939879,0.5716547375,0.5576108352,average,0.5592200756,0.5716547375,
O1/0844/3,,videos/sample_003374_O1__0844__3.pt,ok,0.5573086739,0.5795553923,0.5727484443,0.5601473571,average,0.5573086739,0.5727484443,
O1/0844/4,,videos/sample_003375_O1__0844__4.pt,ok,0.5571178198,0.5801891685,0.5728577661,0.5597924615,average,0.5571178198,0.5728577661,
O1/0845/1,,videos/sample_003376_O1__0845__1.pt,ok,0.5718762279,0.6108180285,0.5644653789,0.5429065744,average,0.5718762279,0.5644653789,
O1/0845/2,,videos/sample_003377_O1__0845__2.pt,ok,0.5692744255,0.6101535559,0.5659359184,0.5432674408,average,0.5692744255,0.5659359184,
O1/0845/3,,videos/sample_003378_O1__0845__3.pt,ok,0.5726753473,0.6124698520,0.5640144838,0.5420105288,average,0.5726753473,0.5640144838,
O1/0845/4,,videos/sample_003379_O1__0845__4.pt,ok,0.5648011565,0.5989312530,0.5684731727,0.5493984905,average,0.5648011565,0.5684731727,
O1/0846/1,,videos/sample_003380_O1__0846__1.pt,ok,0.5462781787,0.5843501687,0.5791011154,0.5574680043,average,0.5462781787,0.5791011154,
O1/0846/2,,videos/sample_003381_O1__0846__2.pt,ok,0.5496049523,0.5843501687,0.5771777781,0.5574680043,average,0.5496049523,0.5771777781,
O1/0846/3,,videos/sample_003382_O1__0846__3.pt,ok,0.5455452204,0.5803508162,0.5795257280,0.5597019796,average,0.5455452204,0.5795257280,
O1/0846/4,,videos/sample_003383_O1__0846__4.pt,ok,0.5395157933,0.5748038292,0.5830304913,0.5628152659,average,0.5395157933,0.5830304913,
O1/0847/1,,videos/sample_003384_O1__0847__1.pt,ok,0.5459584594,0.5657222867,0.5792862948,0.5679497760,average,0.5459584594,0.5792862948,
O1/0847/2,,videos/sample_003385_O1__0847__2.pt,ok,0.5420650840,0.5623174310,0.5815460700,0.5698868589,average,0.5420650840,0.5815460700,
O1/0847/3,,videos/sample_003386_O1__0847__3.pt,ok,0.5479442477,0.5848928690,0.5781370962,0.5571655483,average,0.5479442477,0.5781370962,
O1/0847/4,,videos/sample_003387_O1__0847__4.pt,ok,0.5487855077,0.5809310079,0.5776509372,0.5593773394,average,0.5487855077,0.5776509372,
O1/0848/1,,videos/sample_003388_O1__0848__1.pt,ok,0.5693185925,0.5924877524,0.5659109233,0.5529499696,average,0.5693185925,0.5659109233,
O1/0848/2,,videos/sample_003389_O1__0848__2.pt,ok,0.5701080561,0.5925520062,0.5654643335,0.5529144416,average,0.5701080561,0.5654643335,
O1/0848/3,,videos/sample_003390_O1__0848__3.pt,ok,0.5706917048,0.5924877524,0.5651343973,0.5529499696,average,0.5706917048,0.5651343973,
O1/0848/4,,videos/sample_003391_O1__0848__4.pt,ok,0.5709186196,0.5941298008,0.5650061745,0.5520427441,average,0.5709186196,0.5650061745,
O1/0849/1,,videos/sample_003392_O1__0849__1.pt,ok,0.5217278004,0.5450794101,0.5934942220,0.5797957399,average,0.5217278004,0.5934942220,
O1/0849/2,,videos/sample_003393_O1__0849__2.pt,ok,0.5321024060,0.5787517428,0.5873687830,0.5605977001,average,0.5321024060,0.5873687830,
O1/0849/3,,videos/sample_003394_O1__0849__3.pt,ok,0.5422240496,0.5825781226,0.5814536316,0.5584567391,average,0.5422240496,0.5814536316,
O1/0849/4,,videos/sample_003395_O1__0849__4.pt,ok,0.5417504907,0.5833691359,0.5817290493,0.5580151671,average,0.5417504907,0.5817290493,
O1/0850/1,,videos/sample_003396_O1__0850__1.pt,ok,0.5703510642,0.5935431123,0.5653269378,0.5523667162,average,0.5703510642,0.5653269378,
O1/0850/2,,videos/sample_003397_O1__0850__2.pt,ok,0.5699883699,0.5936276317,0.5655320158,0.5523200325,average,0.5699883699,0.5655320158,
O1/0850/3,,videos/sample_003398_O1__0850__3.pt,ok,0.5680361390,0.5909019709,0.5666371433,0.5538275231,average,0.5680361390,0.5666371433,
O1/0850/4,,videos/sample_003399_O1__0850__4.pt,ok,0.5695285797,0.5915916562,0.5657921017,0.5534456881,average,0.5695285797,0.5657921017,
O1/0851/1,,videos/sample_003400_O1__0851__1.pt,ok,0.5540920496,0.5864194632,0.5745937270,0.5563156316,average,0.5540920496,0.5745937270,
O1/0851/2,,videos/sample_003401_O1__0851__2.pt,ok,0.5518942475,0.5790781975,0.5758579591,0.5604147202,average,0.5518942475,0.5758579591,
O1/0851/3,,videos/sample_003402_O1__0851__3.pt,ok,0.5543332100,0.5876870155,0.5744551745,0.5556109191,average,0.5543332100,0.5744551745,
O1/0851/4,,videos/sample_003403_O1__0851__4.pt,ok,0.5525383949,0.5786027908,0.5754871411,0.5606812085,average,0.5525383949,0.5754871411,
O1/0852/1,,videos/sample_003404_O1__0852__1.pt,ok,0.6149885654,0.6302395463,0.5406470773,0.5324642359,average,0.6149885654,0.5406470773,
O1/0852/2,,videos/sample_003405_O1__0852__2.pt,ok,0.6170386076,0.6312738061,0.5395398633,0.5319138142,average,0.6170386076,0.5395398633,
O1/0852/3,,videos/sample_003406_O1__0852__3.pt,ok,0.6164410114,0.6321111917,0.5398623867,0.5314685837,average,0.6164410114,0.5398623867,
O1/0852/4,,videos/sample_003407_O1__0852__4.pt,ok,0.6167604923,0.6313143373,0.5396899385,0.5318922556,average,0.6167604923,0.5396899385,
O1/0853/1,,videos/sample_003408_O1__0853__1.pt,ok,0.5311187506,0.5767354369,0.5879468357,0.5617291769,average,0.5311187506,0.5879468357,
O1/0853/2,,videos/sample_003409_O1__0853__2.pt,ok,0.5328361988,0.5677953959,0.5869379341,0.5667735737,average,0.5328361988,0.5869379341,
O1/0853/3,,videos/sample_003410_O1__0853__3.pt,ok,0.5210954547,0.5452980995,0.5938696342,0.5796689585,average,0.5210954547,0.5938696342,
O1/0853/4,,videos/sample_003411_O1__0853__4.pt,ok,0.5355032682,0.5703997612,0.5853746155,0.5652994088,average,0.5355032682,0.5853746155,
O1/0854/1,,videos/sample_003412_O1__0854__1.pt,ok,0.5468515754,0.5788319707,0.5787691559,0.5605527263,average,0.5468515754,0.5787691559,
O1/0854/2,,videos/sample_003413_O1__0854__2.pt,ok,0.5464020371,0.5650802851,0.5790293933,0.5683145178,average,0.5464020371,0.5790293933,
O1/0854/3,,videos/sample_003414_O1__0854__3.pt,ok,0.5446062684,0.5654295683,0.5800701303,0.5681160497,average,0.5446062684,0.5800701303,
O1/0854/4,,videos/sample_003415_O1__0854__4.pt,ok,0.5470658541,0.5741708875,0.5786451513,0.5631716079,average,0.5470658541,0.5786451513,
O1/0855/1,,videos/sample_003416_O1__0855__1.pt,ok,0.6229384542,0.6507729292,0.5363660327,0.5216424282,average,0.6229384542,0.5363660327,
O1/0855/2,,videos/sample_003417_O1__0855__2.pt,ok,0.6231389642,0.6507729292,0.5362584967,0.5216424282,average,0.6231389642,0.5362584967,
O1/0855/3,,videos/sample_003418_O1__0855__3.pt,ok,0.6222184896,0.6525546312,0.5367523363,0.5207138443,average,0.6222184896,0.5367523363,
O1/0855/4,,videos/sample_003419_O1__0855__4.pt,ok,0.6226977110,0.6525546312,0.5364951747,0.5207138443,average,0.6226977110,0.5364951747,
O1/0856/1,,videos/sample_003420_O1__0856__1.pt,ok,0.6109135747,0.6452634931,0.5428547041,0.5245243154,average,0.6109135747,0.5428547041,
O1/0856/2,,videos/sample_003421_O1__0856__2.pt,ok,0.6092645526,0.6439561248,0.5437506220,0.5252105103,average,0.6092645526,0.5437506220,
O1/0856/3,,videos/sample_003422_O1__0856__3.pt,ok,0.6110035777,0.6439561248,0.5428058478,0.5252105103,average,0.6110035777,0.5428058478,
O1/0856/4,,videos/sample_003423_O1__0856__4.pt,ok,0.6117053032,0.6452634931,0.5424250807,0.5245243154,average,0.6117053032,0.5424250807,
O1/0857/1,,videos/sample_003424_O1__0857__1.pt,ok,0.6110859513,0.6275455952,0.5427611367,0.5339006024,average,0.6110859513,0.5427611367,
O1/0857/2,,videos/sample_003425_O1__0857__2.pt,ok,0.6131236553,0.6291311383,0.5416562763,0.5330547507,average,0.6131236553,0.5416562763,
O1/0857/3,,videos/sample_003426_O1__0857__3.pt,ok,0.6126294732,0.6275618672,0.5419240193,0.5338919148,average,0.6126294732,0.5419240193,
O1/0857/4,,videos/sample_003427_O1__0857__4.pt,ok,0.6125131249,0.6291868091,0.5419870749,0.5330250760,average,0.6125131249,0.5419870749,
O1/0858/1,,videos/sample_003428_O1__0858__1.pt,ok,0.6133149266,0.6269981861,0.5415526829,0.5341929444,average,0.6133149266,0.5415526829,
O1/0858/2,,videos/sample_003429_O1__0858__2.pt,ok,0.6116361618,0.6272379160,0.5424625860,0.5340648978,average,0.6116361618,0.5424625860,
O1/0858/3,,videos/sample_003430_O1__0858__3.pt,ok,0.6123859882,0.6267447472,0.5420559857,0.5343283469,average,0.6123859882,0.5420559857,
O1/0858/4,,videos/sample_003431_O1__0858__4.pt,ok,0.6136339307,0.6267447472,0.5413799529,0.5343283469,average,0.6136339307,0.5413799529,
O1/0859/1,,videos/sample_003432_O1__0859__1.pt,ok,0.6184860468,0.6479055882,0.5387594771,0.5231403014,average,0.6184860468,0.5387594771,
O1/0859/2,,videos/sample_003433_O1__0859__2.pt,ok,0.6177983880,0.6479055882,0.5391300872,0.5231403014,average,0.6177983880,0.5391300872,
O1/0859/3,,videos/sample_003434_O1__0859__3.pt,ok,0.6178381443,0.6486213207,0.5391086538,0.5227660068,average,0.6178381443,0.5391086538,
O1/0859/4,,videos/sample_003435_O1__0859__4.pt,ok,0.6155421138,0.6486213207,0.5403478859,0.5227660068,average,0.6155421138,0.5403478859,
O1/0860/1,,videos/sample_003436_O1__0860__1.pt,ok,0.5630368590,0.5987760425,0.5694770138,0.5494837695,average,0.5630368590,0.5694770138,
O1/0860/2,,videos/sample_003437_O1__0860__2.pt,ok,0.5638819933,0.5987760425,0.5689959326,0.5494837695,average,0.5638819933,0.5689959326,
O1/0860/3,,videos/sample_003438_O1__0860__3.pt,ok,0.5619019270,0.5940230489,0.5701236984,0.5521016788,average,0.5619019270,0.5701236984,
O1/0860/4,,videos/sample_003439_O1__0860__4.pt,ok,0.5586068034,0.5940230489,0.5720054250,0.5521016788,average,0.5586068034,0.5720054250,
O1/0861/1,,videos/sample_003440_O1__0861__1.pt,ok,0.5846899152,0.5980604291,0.5572786387,0.5498771281,average,0.5846899152,0.5572786387,
O1/0861/2,,videos/sample_003441_O1__0861__2.pt,ok,0.5864133239,0.6004285812,0.5563190469,0.5485764761,average,0.5864133239,0.5563190469,
O1/0861/3,,videos/sample_003442_O1__0861__3.pt,ok,0.5864027739,0.6000543833,0.5563249161,0.5487817907,average,0.5864027739,0.5563249161,
O1/0861/4,,videos/sample_003443_O1__0861__4.pt,ok,0.5855710506,0.5991907716,0.5567878170,0.5492559298,average,0.5855710506,0.5567878170,
O1/0862/1,,videos/sample_003444_O1__0862__1.pt,ok,0.5677598119,0.5901927948,0.5667937422,0.5542204236,average,0.5677598119,0.5667937422,
O1/0862/2,,videos/sample_003445_O1__0862__2.pt,ok,0.5679029822,0.5907875896,0.5667125999,0.5538908742,average,0.5679029822,0.5667125999,
O1/0862/3,,videos/sample_003446_O1__0862__3.pt,ok,0.5685591698,0.5910090208,0.5663408521,0.5537682391,average,0.5685591698,0.5663408521,
O1/0862/4,,videos/sample_003447_O1__0862__4.pt,ok,0.5663540363,0.5893207192,0.5675910873,0.5547039565,average,0.5663540363,0.5675910873,
O1/0863/1,,videos/sample_003448_O1__0863__1.pt,ok,0.5468412042,0.5811589956,0.5787751585,0.5592498227,average,0.5468412042,0.5787751585,
O1/0863/2,,videos/sample_003449_O1__0863__2.pt,ok,0.5523969531,0.5895798802,0.5755685448,0.5545602175,average,0.5523969531,0.5755685448,
O1/0863/3,,videos/sample_003450_O1__0863__3.pt,ok,0.5510040522,0.5895798802,0.5763708134,0.5545602175,average,0.5510040522,0.5763708134,
O1/0863/4,,videos/sample_003451_O1__0863__4.pt,ok,0.5414345264,0.5811589956,0.5819128839,0.5592498227,average,0.5414345264,0.5819128839,
O1/0864/1,,videos/sample_003452_O1__0864__1.pt,ok,0.6079354882,0.6267544627,0.5444737821,0.5343231556,average,0.6079354882,0.5444737821,
O1/0864/2,,videos/sample_003453_O1__0864__2.pt,ok,0.6087273359,0.6243306398,0.5440428124,0.5356198311,average,0.6087273359,0.5440428124,
O1/0864/3,,videos/sample_003454_O1__0864__3.pt,ok,0.6068721414,0.6237235665,0.5450530545,0.5359450904,average,0.6068721414,0.5450530545,
O1/0864/4,,videos/sample_003455_O1__0864__4.pt,ok,0.6095303893,0.6268792152,0.5436060924,0.5342565016,average,0.6095303893,0.5436060924,
O1/0865/1,,videos/sample_003456_O1__0865__1.pt,ok,0.6213462949,0.6540827751,0.5372206930,0.5199187263,average,0.6213462949,0.5372206930,
O1/0865/2,,videos/sample_003457_O1__0865__2.pt,ok,0.6192514300,0.6534990072,0.5383472774,0.5202223268,average,0.6192514300,0.5383472774,
O1/0865/3,,videos/sample_003458_O1__0865__3.pt,ok,0.6202107072,0.6534990072,0.5378311008,0.5202223268,average,0.6202107072,0.5378311008,
O1/0865/4,,videos/sample_003459_O1__0865__4.pt,ok,0.6219325066,0.6540827751,0.5369058603,0.5199187263,average,0.6219325066,0.5369058603,
O1/0866/1,,videos/sample_003460_O1__0866__1.pt,ok,0.5525814891,0.5856100917,0.5754623415,0.5567660798,average,0.5525814891,0.5754623415,
O1/0866/2,,videos/sample_003461_O1__0866__2.pt,ok,0.5497332811,0.5829825997,0.5771037143,0.5582309018,average,0.5497332811,0.5771037143,
O1/0866/3,,videos/sample_003462_O1__0866__3.pt,ok,0.5531951189,0.5883913040,0.5751093290,0.5552197465,average,0.5531951189,0.5751093290,
O1/0866/4,,videos/sample_003463_O1__0866__4.pt,ok,0.5420650840,0.5623174310,0.5815460700,0.5698868589,average,0.5420650840,0.5815460700,
O1/0867/1,,videos/sample_003464_O1__0867__1.pt,ok,0.6223818064,0.6361917853,0.5366646828,0.5293042952,average,0.6223818064,0.5366646828,
O1/0867/2,,videos/sample_003465_O1__0867__2.pt,ok,0.6233893037,0.6345956922,0.5361242668,0.5301497887,average,0.6233893037,0.5361242668,
O1/0867/3,,videos/sample_003466_O1__0867__3.pt,ok,0.6232012510,0.6346020103,0.5362250959,0.5301464392,average,0.6232012510,0.5362250959,
O1/0867/4,,videos/sample_003467_O1__0867__4.pt,ok,0.6234418154,0.6329937577,0.5360961148,0.5309997345,average,0.6234418154,0.5360961148,
O1/0868/1,,videos/sample_003468_O1__0868__1.pt,ok,0.6125580668,0.6280019879,0.5419627175,0.5336569896,average,0.6125580668,0.5419627175,
O1/0868/2,,videos/sample_003469_O1__0868__2.pt,ok,0.6143804193,0.6274045706,0.5409759698,0.5339759008,average,0.6143804193,0.5409759698,
O1/0868/3,,videos/sample_003470_O1__0868__3.pt,ok,0.6140353084,0.6288973093,0.5411626987,0.5331794089,average,0.6140353084,0.5411626987,
O1/0868/4,,videos/sample_003471_O1__0868__4.pt,ok,0.6135879755,0.6278902292,0.5414048327,0.5337166338,average,0.6135879755,0.5414048327,
O1/0869/1,,videos/sample_003472_O1__0869__1.pt,ok,0.5526878834,0.5855131745,0.5754011189,0.5568200426,average,0.5526878834,0.5754011189,
O1/0869/2,,videos/sample_003473_O1__0869__2.pt,ok,0.5472290516,0.5849047899,0.5785507255,0.5571589064,average,0.5472290516,0.5785507255,
O1/0869/3,,videos/sample_003474_O1__0869__3.pt,ok,0.5517511964,0.5836201310,0.5759403421,0.5578751255,average,0.5517511964,0.5759403421,
O1/0869/4,,videos/sample_003475_O1__0869__4.pt,ok,0.5403238535,0.5616194606,0.5825595579,0.5702847619,average,0.5403238535,0.5825595579,
O1/0870/1,,videos/sample_003476_O1__0870__1.pt,ok,0.5454810858,0.5790562034,0.5795628968,0.5604270462,average,0.5454810858,0.5795628968,
O1/0870/2,,videos/sample_003477_O1__0870__2.pt,ok,0.5381146073,0.5580219030,0.5838479981,0.5723400890,average,0.5381146073,0.5838479981,
O1/0870/3,,videos/sample_003478_O1__0870__3.pt,ok,0.5482604504,0.5675688386,0.5779543167,0.5669019950,average,0.5482604504,0.5779543167,
O1/0870/4,,videos/sample_003479_O1__0870__4.pt,ok,0.5498282909,0.5764416456,0.5770488864,0.5618942323,average,0.5498282909,0.5770488864,
O1/0871/1,,videos/sample_003480_O1__0871__1.pt,ok,0.5369623303,0.5765625834,0.5845211404,0.5618262821,average,0.5369623303,0.5845211404,
O1/0871/2,,videos/sample_003481_O1__0871__2.pt,ok,0.5349158645,0.5735734105,0.5857185678,0.5635081905,average,0.5349158645,0.5857185678,
O1/0871/3,,videos/sample_003482_O1__0871__3.pt,ok,0.5280362368,0.5526637435,0.5897619862,0.5754150091,average,0.5280362368,0.5897619862,
O1/0871/4,,videos/sample_003483_O1__0871__4.pt,ok,0.5338524580,0.5580063462,0.5863417560,0.5723489929,average,0.5338524580,0.5863417560,
O1/0872/1,,videos/sample_003484_O1__0872__1.pt,ok,0.5587183237,0.5964801908,0.5719416383,0.5507467520,average,0.5587183237,0.5719416383,
O1/0872/2,,videos/sample_003485_O1__0872__2.pt,ok,0.5597745180,0.6018146873,0.5713378757,0.5478166177,average,0.5597745180,0.5713378757,
O1/0872/3,,videos/sample_003486_O1__0872__3.pt,ok,0.5594930649,0.5900604725,0.5714987032,0.5542937642,average,0.5594930649,0.5714987032,
O1/0872/4,,videos/sample_003487_O1__0872__4.pt,ok,0.5522636771,0.5857756734,0.5756452594,0.5566738972,average,0.5522636771,0.5756452594,
O1/0873/1,,videos/sample_003488_O1__0873__1.pt,ok,0.5502312183,0.5928272009,0.5768164244,0.5527623034,average,0.5502312183,0.5768164244,
O1/0873/2,,videos/sample_003489_O1__0873__2.pt,ok,0.5403939486,0.5605321527,0.5825187248,0.5709051743,average,0.5403939486,0.5825187248,
O1/0873/3,,videos/sample_003490_O1__0873__3.pt,ok,0.5561095476,0.5911687613,0.5734356539,0.5536797869,average,0.5561095476,0.5734356539,
O1/0873/4,,videos/sample_003491_O1__0873__4.pt,ok,0.5560460091,0.5917510390,0.5734720904,0.5533574854,average,0.5560460091,0.5734720904,
O1/0874/1,,videos/sample_003492_O1__0874__1.pt,ok,0.5259460807,0.5497887731,0.5909959699,0.5770716906,average,0.5259460807,0.5909959699,
O1/0874/2,,videos/sample_003493_O1__0874__2.pt,ok,0.5274828076,0.5575067401,0.5900884680,0.5726350134,average,0.5274828076,0.5900884680,
O1/0874/3,,videos/sample_003494_O1__0874__3.pt,ok,0.5245022774,0.5557476878,0.5918498681,0.5736431948,average,0.5245022774,0.5918498681,
O1/0874/4,,videos/sample_003495_O1__0874__4.pt,ok,0.5229918957,0.5455057621,0.5927444628,0.5795485955,average,0.5229918957,0.5927444628,
O1/0875/1,,videos/sample_003496_O1__0875__1.pt,ok,0.5529463887,0.5993288755,0.5752523938,0.5491800806,average,0.5529463887,0.5752523938,
O1/0875/2,,videos/sample_003497_O1__0875__2.pt,ok,0.5577402711,0.5930761099,0.5725013010,0.5526247331,average,0.5577402711,0.5725013010,
O1/0875/3,,videos/sample_003498_O1__0875__3.pt,ok,0.5378069878,0.5574070215,0.5840276288,0.5726921186,average,0.5378069878,0.5840276288,
O1/0875/4,,videos/sample_003499_O1__0875__4.pt,ok,0.5579465032,0.5937736630,0.5723832450,0.5522393823,average,0.5579465032,0.5723832450,
O1/0876/1,,videos/sample_003500_O1__0876__1.pt,ok,0.5449359417,0.5666124225,0.5798789282,0.5674444485,average,0.5449359417,0.5798789282,
O1/0876/2,,videos/sample_003501_O1__0876__2.pt,ok,0.5479369760,0.5815442801,0.5781413003,0.5590343940,average,0.5479369760,0.5781413003,
O1/0876/3,,videos/sample_003502_O1__0876__3.pt,ok,0.5458114743,0.5844659209,0.5793714475,0.5574034799,average,0.5458114743,0.5793714475,
O1/0876/4,,videos/sample_003503_O1__0876__4.pt,ok,0.5406653285,0.5613671541,0.5823606623,0.5704286666,average,0.5406653285,0.5823606623,
O1/0877/1,,videos/sample_003504_O1__0877__1.pt,ok,0.5525260568,0.5832805634,0.5754942416,0.5580645940,average,0.5525260568,0.5754942416,
O1/0877/2,,videos/sample_003505_O1__0877__2.pt,ok,0.5523331761,0.5814105868,0.5756052540,0.5591091381,average,0.5523331761,0.5756052540,
O1/0877/3,,videos/sample_003506_O1__0877__3.pt,ok,0.5502507091,0.5716790557,0.5768051820,0.5645766867,average,0.5502507091,0.5768051820,
O1/0877/4,,videos/sample_003507_O1__0877__4.pt,ok,0.5499740839,0.5718598366,0.5769647629,0.5644746313,average,0.5499740839,0.5769647629,
O1/0878/1,,videos/sample_003508_O1__0878__1.pt,ok,0.5445553064,0.5876936913,0.5800996926,0.5556072100,average,0.5445553064,0.5800996926,
O1/0878/2,,videos/sample_003509_O1__0878__2.pt,ok,0.5415019989,0.5786682963,0.5818736222,0.5606444820,average,0.5415019989,0.5818736222,
O1/0878/3,,videos/sample_003510_O1__0878__3.pt,ok,0.5426939130,0.5883738995,0.5811804919,0.5552294099,average,0.5426939130,0.5811804919,
O1/0878/4,,videos/sample_003511_O1__0878__4.pt,ok,0.5360085964,0.5717186928,0.5850788840,0.5645543090,average,0.5360085964,0.5850788840,
O1/0879/1,,videos/sample_003512_O1__0879__1.pt,ok,0.6241586804,0.6553549767,0.5357119439,0.5192577055,average,0.6241586804,0.5357119439,
O1/0879/2,,videos/sample_003513_O1__0879__2.pt,ok,0.6232913733,0.6553549767,0.5361767723,0.5192577055,average,0.6232913733,0.5361767723,
O1/0879/3,,videos/sample_003514_O1__0879__3.pt,ok,0.6229643822,0.6554828882,0.5363521260,0.5191912907,average,0.6229643822,0.5363521260,
O1/0879/4,,videos/sample_003515_O1__0879__4.pt,ok,0.6238602400,0.6554828882,0.5358718459,0.5191912907,average,0.6238602400,0.5358718459,
O1/0880/1,,videos/sample_003516_O1__0880__1.pt,ok,0.5431016684,0.5850850940,0.5809435608,0.5570584575,average,0.5431016684,0.5809435608,
O1/0880/2,,videos/sample_003517_O1__0880__2.pt,ok,0.5362050533,0.5715316534,0.5849639525,0.5646599127,average,0.5362050533,0.5849639525,
O1/0880/3,,videos/sample_003518_O1__0880__3.pt,ok,0.5429694057,0.5946624875,0.5810204030,0.5517487565,average,0.5429694057,0.5810204030,
O1/0880/4,,videos/sample_003519_O1__0880__4.pt,ok,0.5422803164,0.5829750299,0.5814209160,0.5582351275,average,0.5422803164,0.5814209160,
O1/0881/1,,videos/sample_003520_O1__0881__1.pt,ok,0.5417056084,0.5843698978,0.5817551592,0.5574570060,average,0.5417056084,0.5817551592,
O1/0881/2,,videos/sample_003521_O1__0881__2.pt,ok,0.5210575461,0.5449479222,0.5938921474,0.5798719810,average,0.5210575461,0.5938921474,
O1/0881/3,,videos/sample_003522_O1__0881__3.pt,ok,0.5392215848,0.5940471292,0.5832020491,0.5520883842,average,0.5392215848,0.5832020491,
O1/0881/4,,videos/sample_003523_O1__0881__4.pt,ok,0.5321521759,0.5765476227,0.5873395504,0.5618346875,average,0.5321521759,0.5873395504,
O1/0882/1,,videos/sample_003524_O1__0882__1.pt,ok,0.6130831838,0.6483826637,0.5416781984,0.5228907835,average,0.6130831838,0.5416781984,
O1/0882/2,,videos/sample_003525_O1__0882__2.pt,ok,0.6104885936,0.6486741304,0.5430854562,0.5227384004,average,0.6104885936,0.5430854562,
O1/0882/3,,videos/sample_003526_O1__0882__3.pt,ok,0.6122840643,0.6486741304,0.5421112370,0.5227384004,average,0.6122840643,0.5421112370,
O1/0882/4,,videos/sample_003527_O1__0882__4.pt,ok,0.6131220460,0.6483826637,0.5416571480,0.5228907835,average,0.6131220460,0.5416571480,
O1/0883/1,,videos/sample_003528_O1__0883__1.pt,ok,0.5737114549,0.5867097974,0.5634304068,0.5561541375,average,0.5737114549,0.5634304068,
O1/0883/2,,videos/sample_003529_O1__0883__2.pt,ok,0.5744108558,0.5973327756,0.5630364808,0.5502773938,average,0.5744108558,0.5630364808,
O1/0883/3,,videos/sample_003530_O1__0883__3.pt,ok,0.5744901896,0.6006224751,0.5629918148,0.5484701208,average,0.5744901896,0.5629918148,
O1/0883/4,,videos/sample_003531_O1__0883__4.pt,ok,0.5684947371,0.5834103227,0.5663773441,0.5579921847,average,0.5684947371,0.5663773441,
O1/0884/1,,videos/sample_003532_O1__0884__1.pt,ok,0.6114277244,0.6249366999,0.5425756673,0.5352953117,average,0.6114277244,0.5425756673,
O1/0884/2,,videos/sample_003533_O1__0884__2.pt,ok,0.6136351824,0.6261960864,0.5413792753,0.5346215923,average,0.6136351824,0.5413792753,
O1/0884/3,,videos/sample_003534_O1__0884__3.pt,ok,0.6132141352,0.6245477200,0.5416072695,0.5355035713,average,0.6132141352,0.5416072695,
O1/0884/4,,videos/sample_003535_O1__0884__4.pt,ok,0.6127326488,0.6261960864,0.5418681088,0.5346215923,average,0.6127326488,0.5418681088,
O1/0885/1,,videos/sample_003536_O1__0885__1.pt,ok,0.6114770174,0.6497287750,0.5425489228,0.5221873878,average,0.6114770174,0.5425489228,
O1/0885/2,,videos/sample_003537_O1__0885__2.pt,ok,0.6114770174,0.6497287750,0.5425489228,0.5221873878,average,0.6114770174,0.5425489228,
O1/0885/3,,videos/sample_003538_O1__0885__3.pt,ok,0.6137652397,0.6514406800,0.5413088695,0.5212942173,average,0.6137652397,0.5413088695,
O1/0885/4,,videos/sample_003539_O1__0885__4.pt,ok,0.6137652397,0.6514406800,0.5413088695,0.5212942173,average,0.6137652397,0.5413088695,
O1/0886/1,,videos/sample_003540_O1__0886__1.pt,ok,0.5662420988,0.5890268683,0.5676546256,0.5548669807,average,0.5662420988,0.5676546256,
O1/0886/2,,videos/sample_003541_O1__0886__2.pt,ok,0.5659546256,0.5893961191,0.5678178345,0.5546621335,average,0.5659546256,0.5678178345,
O1/0886/3,,videos/sample_003542_O1__0886__3.pt,ok,0.5673047304,0.5917679071,0.5670517382,0.5533481513,average,0.5673047304,0.5670517382,
O1/0886/4,,videos/sample_003543_O1__0886__4.pt,ok,0.5671754479,0.5911678076,0.5671250528,0.5536803150,average,0.5671754479,0.5671250528,
O1/0887/1,,videos/sample_003544_O1__0887__1.pt,ok,0.5384778380,0.5796287656,0.5836359650,0.5601062587,average,0.5384778380,0.5836359650,
O1/0887/2,,videos/sample_003545_O1__0887__2.pt,ok,0.5509923697,0.6006690860,0.5763775469,0.5484445567,average,0.5509923697,0.5763775469,
O1/0887/3,,videos/sample_003546_O1__0887__3.pt,ok,0.5463524461,0.5877398252,0.5790581087,0.5555815782,average,0.5463524461,0.5790581087,
O1/0887/4,,videos/sample_003547_O1__0887__4.pt,ok,0.5489335656,0.6038264632,0.5775654177,0.5467156412,average,0.5489335656,0.5775654177,
O1/0888/1,,videos/sample_003548_O1__0888__1.pt,ok,0.5606117845,0.5959771276,0.5708597139,0.5510238821,average,0.5606117845,0.5708597139,
O1/0888/2,,videos/sample_003549_O1__0888__2.pt,ok,0.5622292757,0.5959771276,0.5699370997,0.5510238821,average,0.5622292757,0.5699370997,
O1/0888/3,,videos/sample_003550_O1__0888__3.pt,ok,0.5601639152,0.5938476920,0.5711154417,0.5521985021,average,0.5601639152,0.5711154417,
O1/0888/4,,videos/sample_003551_O1__0888__4.pt,ok,0.5597152710,0.5894591808,0.5713717268,0.5546271566,average,0.5597152710,0.5713717268,
O1/0889/1,,videos/sample_003552_O1__0889__1.pt,ok,0.5592648387,0.5922223926,0.5716291490,0.5530967198,average,0.5592648387,0.5716291490,
O1/0889/2,,videos/sample_003553_O1__0889__2.pt,ok,0.5635106564,0.5956850648,0.5692072610,0.5511848392,average,0.5635106564,0.5692072610,
O1/0889/3,,videos/sample_003554_O1__0889__3.pt,ok,0.5641322136,0.5959754586,0.5688535760,0.5510248017,average,0.5641322136,0.5688535760,
O1/0889/4,,videos/sample_003555_O1__0889__4.pt,ok,0.5656875372,0.5959000587,0.5679695123,0.5510663505,average,0.5656875372,0.5679695123,
O1/0890/1,,videos/sample_003556_O1__0890__1.pt,ok,0.6123212576,0.6256092191,0.5420910745,0.5349354364,average,0.6123212576,0.5420910745,
O1/0890/2,,videos/sample_003557_O1__0890__2.pt,ok,0.6134101152,0.6270524859,0.5415011357,0.5341639386,average,0.6134101152,0.5415011357,
O1/0890/3,,videos/sample_003558_O1__0890__3.pt,ok,0.6131261587,0.6261042356,0.5416549203,0.5346707000,average,0.6131261587,0.5416549203,
O1/0890/4,,videos/sample_003559_O1__0890__4.pt,ok,0.6123105884,0.6262931228,0.5420968582,0.5345697171,average,0.6123105884,0.5420968582,
O1/0891/1,,videos/sample_003560_O1__0891__1.pt,ok,0.5283023715,0.5615890026,0.5896050509,0.5703021319,average,0.5283023715,0.5896050509,
O1/0891/2,,videos/sample_003561_O1__0891__2.pt,ok,0.5255104303,0.5479586720,0.5912534936,0.5781287571,average,0.5255104303,0.5912534936,
O1/0891/3,,videos/sample_003562_O1__0891__3.pt,ok,0.5254098177,0.5466040969,0.5913129842,0.5789124065,average,0.5254098177,0.5913129842,
O1/0891/4,,videos/sample_003563_O1__0891__4.pt,ok,0.5288641453,0.5640181899,0.5892739193,0.5689184425,average,0.5288641453,0.5892739193,
O1/0892/1,,videos/sample_003564_O1__0892__1.pt,ok,0.5446411371,0.5653474927,0.5800499044,0.5681626801,average,0.5446411371,0.5800499044,
O1/0892/2,,videos/sample_003565_O1__0892__2.pt,ok,0.5528345108,0.5865162611,0.5753167555,0.5562617839,average,0.5528345108,0.5753167555,
O1/0892/3,,videos/sample_003566_O1__0892__3.pt,ok,0.5522580147,0.5955538154,0.5756485190,0.5512571866,average,0.5522580147,0.5756485190,
O1/0892/4,,videos/sample_003567_O1__0892__4.pt,ok,0.5547633767,0.5884648561,0.5742081161,0.5551789104,average,0.5547633767,0.5742081161,
O1/0893/1,,videos/sample_003568_O1__0893__1.pt,ok,0.5561081171,0.5798475742,0.5734364742,0.5599837160,average,0.5561081171,0.5734364742,
O1/0893/2,,videos/sample_003569_O1__0893__2.pt,ok,0.5573317409,0.5850375295,0.5727352329,0.5570849543,average,0.5573317409,0.5727352329,
O1/0893/3,,videos/sample_003570_O1__0893__3.pt,ok,0.5551228523,0.5800254941,0.5740017394,0.5598840926,average,0.5551228523,0.5740017394,
O1/0893/4,,videos/sample_003571_O1__0893__4.pt,ok,0.5573561788,0.5825461149,0.5727212366,0.5584746143,average,0.5573561788,0.5727212366,
O1/0894/1,,videos/sample_003572_O1__0894__1.pt,ok,0.5521829724,0.5800854564,0.5756917185,0.5598505217,average,0.5521829724,0.5756917185,
O1/0894/2,,videos/sample_003573_O1__0894__2.pt,ok,0.5510060787,0.5872064829,0.5763696453,0.5558779724,average,0.5510060787,0.5763696453,
O1/0894/3,,videos/sample_003574_O1__0894__3.pt,ok,0.5403238535,0.5616194606,0.5825595579,0.5702847619,average,0.5403238535,0.5825595579,
O1/0894/4,,videos/sample_003575_O1__0894__4.pt,ok,0.5533562899,0.5869786143,0.5750166455,0.5560046540,average,0.5533562899,0.5750166455,
O1/0895/1,,videos/sample_003576_O1__0895__1.pt,ok,0.6347473860,0.6579393744,0.5300693744,0.5179174696,average,0.6347473860,0.5300693744,
O1/0895/2,,videos/sample_003577_O1__0895__2.pt,ok,0.6352081299,0.6593632698,0.5298252044,0.5171805341,average,0.6352081299,0.5298252044,
O1/0895/3,,videos/sample_003578_O1__0895__3.pt,ok,0.6343417168,0.6579393744,0.5302844508,0.5179174696,average,0.6343417168,0.5302844508,
O1/0895/4,,videos/sample_003579_O1__0895__4.pt,ok,0.6354119182,0.6593632698,0.5297172432,0.5171805341,average,0.6354119182,0.5297172432,
O1/0896/1,,videos/sample_003580_O1__0896__1.pt,ok,0.5358111858,0.5595510602,0.5851943962,0.5714655599,average,0.5358111858,0.5851943962,
O1/0896/2,,videos/sample_003581_O1__0896__2.pt,ok,0.5328997374,0.5572586060,0.5869006421,0.5727771213,average,0.5328997374,0.5869006421,
O1/0896/3,,videos/sample_003582_O1__0896__3.pt,ok,0.5376455188,0.5735522509,0.5841219387,0.5635201143,average,0.5376455188,0.5841219387,
O1/0896/4,,videos/sample_003583_O1__0896__4.pt,ok,0.5389997363,0.5726554394,0.5833314459,0.5640257123,average,0.5389997363,0.5833314459,
O1/0897/1,,videos/sample_003584_O1__0897__1.pt,ok,0.6341413856,0.6587809324,0.5303906940,0.5174817954,average,0.6341413856,0.5303906940,
O1/0897/2,,videos/sample_003585_O1__0897__2.pt,ok,0.6346486807,0.6587809324,0.5301216976,0.5174817954,average,0.6346486807,0.5301216976,
O1/0897/3,,videos/sample_003586_O1__0897__3.pt,ok,0.6352312565,0.6582267880,0.5298129515,0.5177686345,average,0.6352312565,0.5298129515,
O1/0897/4,,videos/sample_003587_O1__0897__4.pt,ok,0.6349911690,0.6582267880,0.5299401682,0.5177686345,average,0.6349911690,0.5299401682,
O1/0898/1,,videos/sample_003588_O1__0898__1.pt,ok,0.5503386259,0.5823137760,0.5767544733,0.5586043847,average,0.5503386259,0.5767544733,
O1/0898/2,,videos/sample_003589_O1__0898__2.pt,ok,0.5445395112,0.5654392838,0.5801088555,0.5681105302,average,0.5445395112,0.5801088555,
O1/0898/3,,videos/sample_003590_O1__0898__3.pt,ok,0.5523487926,0.5826320648,0.5755962652,0.5584266155,average,0.5523487926,0.5755962652,
O1/0898/4,,videos/sample_003591_O1__0898__4.pt,ok,0.5499274731,0.5870223641,0.5769916563,0.5559803294,average,0.5499274731,0.5769916563,
O1/0899/1,,videos/sample_003592_O1__0899__1.pt,ok,0.6191109419,0.6338278055,0.5384229141,0.5305570400,average,0.6191109419,0.5384229141,
O1/0899/2,,videos/sample_003593_O1__0899__2.pt,ok,0.6199578643,0.6345037222,0.5379671047,0.5301985488,average,0.6199578643,0.5379671047,
O1/0899/3,,videos/sample_003594_O1__0899__3.pt,ok,0.6187115312,0.6341164112,0.5386380090,0.5304039403,average,0.6187115312,0.5386380090,
O1/0899/4,,videos/sample_003595_O1__0899__4.pt,ok,0.6202473640,0.6339116096,0.5378113859,0.5305125790,average,0.6202473640,0.5378113859,
O1/0900/1,,videos/sample_003596_O1__0900__1.pt,ok,0.5583978891,0.5828999281,0.5721249376,0.5582770535,average,0.5583978891,0.5721249376,
O1/0900/2,,videos/sample_003597_O1__0900__2.pt,ok,0.5585082769,0.5822260976,0.5720617854,0.5586533644,average,0.5585082769,0.5720617854,
O1/0900/3,,videos/sample_003598_O1__0900__3.pt,ok,0.5563688874,0.5804101825,0.5732869585,0.5596687532,average,0.5563688874,0.5732869585,
O1/0900/4,,videos/sample_003599_O1__0900__4.pt,ok,0.5572953820,0.5799520612,0.5727560572,0.5599252081,average,0.5572953820,0.5727560572,
O1/0901/1,,videos/sample_003600_O1__0901__1.pt,ok,0.6219132543,0.6535527110,0.5369161971,0.5201943897,average,0.6219132543,0.5369161971,
O1/0901/2,,videos/sample_003601_O1__0901__2.pt,ok,0.6197480559,0.6536142230,0.5380799866,0.5201623924,average,0.6197480559,0.5380799866,
O1/0901/3,,videos/sample_003602_O1__0901__3.pt,ok,0.6212249994,0.6535527110,0.5372858594,0.5201943897,average,0.6212249994,0.5372858594,
O1/0901/4,,videos/sample_003603_O1__0901__4.pt,ok,0.6212834716,0.6536142230,0.5372544441,0.5201623924,average,0.6212834716,0.5372544441,
O1/0902/1,,videos/sample_003604_O1__0902__1.pt,ok,0.5790814757,0.6023963690,0.5604128831,0.5474980555,average,0.5790814757,0.5604128831,
O1/0902/2,,videos/sample_003605_O1__0902__2.pt,ok,0.5791427493,0.6025378108,0.5603785456,0.5474206218,average,0.5791427493,0.5603785456,
O1/0902/3,,videos/sample_003606_O1__0902__3.pt,ok,0.5780348778,0.5998089314,0.5609997171,0.5489165068,average,0.5780348778,0.5609997171,
O1/0902/4,,videos/sample_003607_O1__0902__4.pt,ok,0.5775678158,0.5986710191,0.5612617999,0.5495414812,average,0.5775678158,0.5612617999,
O1/0903/1,,videos/sample_003608_O1__0903__1.pt,ok,0.5259865522,0.5483125448,0.5909720519,0.5779242092,average,0.5259865522,0.5909720519,
O1/0903/2,,videos/sample_003609_O1__0903__2.pt,ok,0.5295370817,0.5687779784,0.5888775088,0.5662169454,average,0.5295370817,0.5888775088,
O1/0903/3,,videos/sample_003610_O1__0903__3.pt,ok,0.5247946978,0.5475240350,0.5916768245,0.5783800879,average,0.5247946978,0.5916768245,
O1/0903/4,,videos/sample_003611_O1__0903__4.pt,ok,0.5289983749,0.5630528331,0.5891948265,0.5694679170,average,0.5289983749,0.5891948265,
O1/0904/1,,videos/sample_003612_O1__0904__1.pt,ok,0.5481474996,0.5751948953,0.5780196007,0.5625952110,average,0.5481474996,0.5780196007,
O1/0904/2,,videos/sample_003613_O1__0904__2.pt,ok,0.5455306768,0.5740401745,0.5795341564,0.5632452266,average,0.5455306768,0.5795341564,
O1/0904/3,,videos/sample_003614_O1__0904__3.pt,ok,0.5449032187,0.5662652850,0.5798979039,0.5676414639,average,0.5449032187,0.5798979039,
O1/0904/4,,videos/sample_003615_O1__0904__4.pt,ok,0.5478816032,0.5694513917,0.5781733145,0.5658357758,average,0.5478816032,0.5781733145,
O1/0905/1,,videos/sample_003616_O1__0905__1.pt,ok,0.6177858114,0.6296843886,0.5391368677,0.5327599196,average,0.6177858114,0.5391368677,
O1/0905/2,,videos/sample_003617_O1__0905__2.pt,ok,0.6170477271,0.6290386915,0.5395349430,0.5331040322,average,0.6170477271,0.5395349430,
O1/0905/3,,videos/sample_003618_O1__0905__3.pt,ok,0.6180957556,0.6290386915,0.5389697912,0.5331040322,average,0.6180957556,0.5389697912,
O1/0905/4,,videos/sample_003619_O1__0905__4.pt,ok,0.6169567108,0.6280996203,0.5395840517,0.5336048900,average,0.6169567108,0.5395840517,
O1/0906/1,,videos/sample_003620_O1__0906__1.pt,ok,0.5495862961,0.5686064363,0.5771885462,0.5663140838,average,0.5495862961,0.5771885462,
O1/0906/2,,videos/sample_003621_O1__0906__2.pt,ok,0.5494294167,0.5746545196,0.5772791023,0.5628993059,average,0.5494294167,0.5772791023,
O1/0906/3,,videos/sample_003622_O1__0906__3.pt,ok,0.5442689657,0.5635948181,0.5802658225,0.5691593575,average,0.5442689657,0.5802658225,
O1/0906/4,,videos/sample_003623_O1__0906__4.pt,ok,0.5444350243,0.5745320916,0.5801694724,0.5629682247,average,0.5444350243,0.5801694724,
O1/0907/1,,videos/sample_003624_O1__0907__1.pt,ok,0.5679506063,0.5903677940,0.5666856114,0.5541234440,average,0.5679506063,0.5666856114,
O1/0907/2,,videos/sample_003625_O1__0907__2.pt,ok,0.5683012009,0.5904778838,0.5664869693,0.5540624440,average,0.5683012009,0.5664869693,
O1/0907/3,,videos/sample_003626_O1__0907__3.pt,ok,0.5694974661,0.5940042734,0.5658097058,0.5521120449,average,0.5694974661,0.5658097058,
O1/0907/4,,videos/sample_003627_O1__0907__4.pt,ok,0.5700395107,0.5949380994,0.5655030948,0.5515967090,average,0.5700395107,0.5655030948,
O1/0908/1,,videos/sample_003628_O1__0908__1.pt,ok,0.6075684428,0.6404812336,0.5446736654,0.5270387343,average,0.6075684428,0.5446736654,
O1/0908/2,,videos/sample_003629_O1__0908__2.pt,ok,0.6085187793,0.6410707235,0.5441562880,0.5267281418,average,0.6085187793,0.5441562880,
O1/0908/3,,videos/sample_003630_O1__0908__3.pt,ok,0.6079940796,0.6410707235,0.5444418815,0.5267281418,average,0.6079940796,0.5444418815,
O1/0908/4,,videos/sample_003631_O1__0908__4.pt,ok,0.6081240773,0.6404812336,0.5443711099,0.5270387343,average,0.6081240773,0.5443711099,
O1/0909/1,,videos/sample_003632_O1__0909__1.pt,ok,0.6170390844,0.6483836770,0.5395396061,0.5228902536,average,0.6170390844,0.5395396061,
O1/0909/2,,videos/sample_003633_O1__0909__2.pt,ok,0.6163518429,0.6483836770,0.5399105275,0.5228902536,average,0.6163518429,0.5399105275,
O1/0909/3,,videos/sample_003634_O1__0909__3.pt,ok,0.6166884899,0.6487219930,0.5397287989,0.5227133814,average,0.6166884899,0.5397287989,
O1/0909/4,,videos/sample_003635_O1__0909__4.pt,ok,0.6157926917,0.6487219930,0.5402125036,0.5227133814,average,0.6157926917,0.5402125036,
O1/0910/1,,videos/sample_003636_O1__0910__1.pt,ok,0.5857237577,0.6061580777,0.5567027980,0.5454423961,average,0.5857237577,0.5567027980,
O1/0910/2,,videos/sample_003637_O1__0910__2.pt,ok,0.5870063305,0.6061580777,0.5559892439,0.5454423961,average,0.5870063305,0.5559892439,
O1/0910/3,,videos/sample_003638_O1__0910__3.pt,ok,0.5864515305,0.6057924032,0.5562977923,0.5456418869,average,0.5864515305,0.5562977923,
O1/0910/4,,videos/sample_003639_O1__0910__4.pt,ok,0.5870819688,0.6057924032,0.5559471914,0.5456418869,average,0.5870819688,0.5559471914,
O1/0911/1,,videos/sample_003640_O1__0911__1.pt,ok,0.6176887751,0.6323673129,0.5391891861,0.5313324808,average,0.6176887751,0.5391891861,
O1/0911/2,,videos/sample_003641_O1__0911__2.pt,ok,0.6179020405,0.6322104335,0.5390742079,0.5314158424,average,0.6179020405,0.5390742079,
O1/0911/3,,videos/sample_003642_O1__0911__3.pt,ok,0.6157279015,0.6306358576,0.5402475052,0.5322532561,average,0.6157279015,0.5402475052,
O1/0911/4,,videos/sample_003643_O1__0911__4.pt,ok,0.6168408394,0.6330019236,0.5396465777,0.5309953985,average,0.6168408394,0.5396465777,
O1/0912/1,,videos/sample_003644_O1__0912__1.pt,ok,0.6131405830,0.6489970088,0.5416471074,0.5225696468,average,0.6131405830,0.5416471074,
O1/0912/2,,videos/sample_003645_O1__0912__2.pt,ok,0.6157016158,0.6491950750,0.5402617061,0.5224661536,average,0.6157016158,0.5402617061,
O1/0912/3,,videos/sample_003646_O1__0912__3.pt,ok,0.6131405830,0.6489970088,0.5416471074,0.5225696468,average,0.6131405830,0.5416471074,
O1/0912/4,,videos/sample_003647_O1__0912__4.pt,ok,0.6157016158,0.6491950750,0.5402617061,0.5224661536,average,0.6157016158,0.5402617061,
O1/0913/1,,videos/sample_003648_O1__0913__1.pt,ok,0.6089733243,0.6256842613,0.5439090007,0.5348952951,average,0.6089733243,0.5439090007,
O1/0913/2,,videos/sample_003649_O1__0913__2.pt,ok,0.6089057326,0.6238543987,0.5439457656,0.5358749761,average,0.6089057326,0.5439457656,
O1/0913/3,,videos/sample_003650_O1__0913__3.pt,ok,0.6105961800,0.6248285174,0.5430270307,0.5353532244,average,0.6105961800,0.5430270307,
O1/0913/4,,videos/sample_003651_O1__0913__4.pt,ok,0.6105817556,0.6238543987,0.5430348636,0.5358749761,average,0.6105817556,0.5430348636,
O1/0914/1,,videos/sample_003652_O1__0914__1.pt,ok,0.5442689657,0.5635948181,0.5802658225,0.5691593575,average,0.5442689657,0.5802658225,
O1/0914/2,,videos/sample_003653_O1__0914__2.pt,ok,0.5459884405,0.5706431866,0.5792689274,0.5651618173,average,0.5459884405,0.5792689274,
O1/0914/3,,videos/sample_003654_O1__0914__3.pt,ok,0.5441213846,0.5716177225,0.5803514651,0.5646113151,average,0.5441213846,0.5803514651,
O1/0914/4,,videos/sample_003655_O1__0914__4.pt,ok,0.5460395813,0.5664848089,0.5792393039,0.5675168668,average,0.5460395813,0.5792393039,
O1/0915/1,,videos/sample_003656_O1__0915__1.pt,ok,0.5421187282,0.5635955334,0.5815148743,0.5691589504,average,0.5421187282,0.5815148743,
O1/0915/2,,videos/sample_003657_O1__0915__2.pt,ok,0.5426734090,0.5750107169,0.5811924086,0.5626988384,average,0.5426734090,0.5811924086,
O1/0915/3,,videos/sample_003658_O1__0915__3.pt,ok,0.5439651012,0.5661173463,0.5804421715,0.5677254463,average,0.5439651012,0.5804421715,
O1/0915/4,,videos/sample_003659_O1__0915__4.pt,ok,0.5443623662,0.5736299753,0.5802116280,0.5634763167,average,0.5443623662,0.5802116280,
O1/0916/1,,videos/sample_003660_O1__0916__1.pt,ok,0.5687050223,0.6069587469,0.5662582559,0.5450058519,average,0.5687050223,0.5662582559,
O1/0916/2,,videos/sample_003661_O1__0916__2.pt,ok,0.5668897033,0.6115118265,0.5672871289,0.5425300375,average,0.5668897033,0.5672871289,
O1/0916/3,,videos/sample_003662_O1__0916__3.pt,ok,0.5609616637,0.5985980034,0.5706600169,0.5495816078,average,0.5609616637,0.5706600169,
O1/0916/4,,videos/sample_003663_O1__0916__4.pt,ok,0.5686631799,0.6064857244,0.5662819500,0.5452637129,average,0.5686631799,0.5662819500,
O1/0917/1,,videos/sample_003664_O1__0917__1.pt,ok,0.5582604408,0.5829600096,0.5722035806,0.5582435124,average,0.5582604408,0.5722035806,
O1/0917/2,,videos/sample_003665_O1__0917__2.pt,ok,0.5568190813,0.5829600096,0.5730289263,0.5582435124,average,0.5568190813,0.5730289263,
O1/0917/3,,videos/sample_003666_O1__0917__3.pt,ok,0.5580459833,0.5842882991,0.5723263071,0.5575024957,average,0.5580459833,0.5723263071,
O1/0917/4,,videos/sample_003667_O1__0917__4.pt,ok,0.5592990518,0.5842882991,0.5716095922,0.5575024957,average,0.5592990518,0.5716095922,
O1/0918/1,,videos/sample_003668_O1__0918__1.pt,ok,0.5675879717,0.6040809155,0.5668911485,0.5465765459,average,0.5675879717,0.5668911485,
O1/0918/2,,videos/sample_003669_O1__0918__2.pt,ok,0.5589838624,0.5903698206,0.5717897859,0.5541223210,average,0.5589838624,0.5717897859,
O1/0918/3,,videos/sample_003670_O1__0918__3.pt,ok,0.5674192905,0.6040809155,0.5669867804,0.5465765459,average,0.5674192905,0.5669867804,
O1/0918/4,,videos/sample_003671_O1__0918__4.pt,ok,0.5588366985,0.5903698206,0.5718739388,0.5541223210,average,0.5588366985,0.5718739388,
O1/0919/1,,videos/sample_003672_O1__0919__1.pt,ok,0.6113461852,0.6467836499,0.5426199103,0.5237275619,average,0.6113461852,0.5426199103,
O1/0919/2,,videos/sample_003673_O1__0919__2.pt,ok,0.6102449894,0.6467836499,0.5432177702,0.5237275619,average,0.6102449894,0.5432177702,
O1/0919/3,,videos/sample_003674_O1__0919__3.pt,ok,0.6109679937,0.6457790732,0.5428251633,0.5242539507,average,0.6109679937,0.5428251633,
O1/0919/4,,videos/sample_003675_O1__0919__4.pt,ok,0.6101548076,0.6457790732,0.5432667608,0.5242539507,average,0.6101548076,0.5432667608,
O1/0920/1,,videos/sample_003676_O1__0920__1.pt,ok,0.6130281687,0.6286860704,0.5417079997,0.5332920491,average,0.6130281687,0.5417079997,
O1/0920/2,,videos/sample_003677_O1__0920__2.pt,ok,0.6159003377,0.6285493970,0.5401543550,0.5333649409,average,0.6159003377,0.5401543550,
O1/0920/3,,videos/sample_003678_O1__0920__3.pt,ok,0.6153167486,0.6302379370,0.5404696752,0.5324650928,average,0.6153167486,0.5404696752,
O1/0920/4,,videos/sample_003679_O1__0920__4.pt,ok,0.6146847010,0.6289038658,0.5408113857,0.5331759132,average,0.6146847010,0.5408113857,
O1/0921/1,,videos/sample_003680_O1__0921__1.pt,ok,0.5618750453,0.5987739563,0.5701390245,0.5494849158,average,0.5618750453,0.5701390245,
O1/0921/2,,videos/sample_003681_O1__0921__2.pt,ok,0.5590675473,0.5941290855,0.5717419377,0.5520431389,average,0.5590675473,0.5717419377,
O1/0921/3,,videos/sample_003682_O1__0921__3.pt,ok,0.5603401661,0.5984690785,0.5710147909,0.5496524671,average,0.5603401661,0.5710147909,
O1/0921/4,,videos/sample_003683_O1__0921__4.pt,ok,0.5532962680,0.5893232226,0.5750511601,0.5547025679,average,0.5532962680,0.5750511601,
O1/0922/1,,videos/sample_003684_O1__0922__1.pt,ok,0.6133049726,0.6470869184,0.5415580735,0.5235687559,average,0.6133049726,0.5415580735,
O1/0922/2,,videos/sample_003685_O1__0922__2.pt,ok,0.6151356697,0.6470869184,0.5405675517,0.5235687559,average,0.6151356697,0.5405675517,
O1/0922/3,,videos/sample_003686_O1__0922__3.pt,ok,0.6152618527,0.6473714113,0.5404993455,0.5234198255,average,0.6152618527,0.5404993455,
O1/0922/4,,videos/sample_003687_O1__0922__4.pt,ok,0.6158458591,0.6473714113,0.5401837827,0.5234198255,average,0.6158458591,0.5401837827,
O1/0923/1,,videos/sample_003688_O1__0923__1.pt,ok,0.5629976392,0.5839814544,0.5694993490,0.5576735886,average,0.5629976392,0.5694993490,
O1/0923/2,,videos/sample_003689_O1__0923__2.pt,ok,0.5630602241,0.5844150186,0.5694637081,0.5574318537,average,0.5630602241,0.5694637081,
O1/0923/3,,videos/sample_003690_O1__0923__3.pt,ok,0.5628061891,0.5844150186,0.5696083902,0.5574318537,average,0.5628061891,0.5696083902,
O1/0923/4,,videos/sample_003691_O1__0923__4.pt,ok,0.5628866553,0.5839814544,0.5695625578,0.5576735886,average,0.5628866553,0.5695625578,
O1/0924/1,,videos/sample_003692_O1__0924__1.pt,ok,0.6159941554,0.6309936047,0.5401036813,0.5320628781,average,0.6159941554,0.5401036813,
O1/0924/2,,videos/sample_003693_O1__0924__2.pt,ok,0.6158530116,0.6309445500,0.5401799190,0.5320889789,average,0.6158530116,0.5401799190,
O1/0924/3,,videos/sample_003694_O1__0924__3.pt,ok,0.6152346730,0.6283436418,0.5405140364,0.5334746948,average,0.6152346730,0.5405140364,
O1/0924/4,,videos/sample_003695_O1__0924__4.pt,ok,0.6151775718,0.6287856698,0.5405449013,0.5332389362,average,0.6151775718,0.5405449013,
O1/0925/1,,videos/sample_003696_O1__0925__1.pt,ok,0.5230495930,0.5456744432,0.5927102640,0.5794508448,average,0.5230495930,0.5927102640,
O1/0925/2,,videos/sample_003697_O1__0925__2.pt,ok,0.5375437140,0.5730211139,0.5841814081,0.5638195002,average,0.5375437140,0.5841814081,
O1/0925/3,,videos/sample_003698_O1__0925__3.pt,ok,0.5326400399,0.5686143041,0.5870530785,0.5663096282,average,0.5326400399,0.5870530785,
O1/0925/4,,videos/sample_003699_O1__0925__4.pt,ok,0.5380395055,0.5873584151,0.5838918478,0.5557935230,average,0.5380395055,0.5838918478,
O1/0926/1,,videos/sample_003700_O1__0926__1.pt,ok,0.5707204938,0.5958950520,0.5651181279,0.5510691096,average,0.5707204938,0.5651181279,
O1/0926/2,,videos/sample_003701_O1__0926__2.pt,ok,0.5642875433,0.5778384209,0.5687652230,0.5611099402,average,0.5642875433,0.5687652230,
O1/0926/3,,videos/sample_003702_O1__0926__3.pt,ok,0.5729739666,0.6017521620,0.5638460833,0.5478508712,average,0.5729739666,0.5638460833,
O1/0926/4,,videos/sample_003703_O1__0926__4.pt,ok,0.5751107931,0.6022143960,0.5626425284,0.5475976944,average,0.5751107931,0.5626425284,
O1/0927/1,,videos/sample_003704_O1__0927__1.pt,ok,0.5647735596,0.5953602791,0.5684888610,0.5513638852,average,0.5647735596,0.5684888610,
O1/0927/2,,videos/sample_003705_O1__0927__2.pt,ok,0.5662316084,0.6029188633,0.5676605805,0.5472120656,average,0.5662316084,0.5676605805,
O1/0927/3,,videos/sample_003706_O1__0927__3.pt,ok,0.5654021502,0.6012687683,0.5681316266,0.5481157628,average,0.5654021502,0.5681316266,
O1/0927/4,,videos/sample_003707_O1__0927__4.pt,ok,0.5604484677,0.5928298831,0.5709529524,0.5527608208,average,0.5604484677,0.5709529524,
O1/0928/1,,videos/sample_003708_O1__0928__1.pt,ok,0.6161460280,0.6477257013,0.5400216606,0.5232344159,average,0.6161460280,0.5400216606,
O1/0928/2,,videos/sample_003709_O1__0928__2.pt,ok,0.6141340137,0.6477257013,0.5411092857,0.5232344159,average,0.6141340137,0.5411092857,
O1/0928/3,,videos/sample_003710_O1__0928__3.pt,ok,0.6162369847,0.6489474177,0.5399725442,0.5225955622,average,0.6162369847,0.5399725442,
O1/0928/4,,videos/sample_003711_O1__0928__4.pt,ok,0.6167123914,0.6489474177,0.5397158987,0.5225955622,average,0.6167123914,0.5397158987,
O1/0929/1,,videos/sample_003712_O1__0929__1.pt,ok,0.5676776171,0.5889895558,0.5668403316,0.5548876846,average,0.5676776171,0.5668403316,
O1/0929/2,,videos/sample_003713_O1__0929__2.pt,ok,0.5667759776,0.5892165899,0.5673516477,0.5547617205,average,0.5667759776,0.5673516477,
O1/0929/3,,videos/sample_003714_O1__0929__3.pt,ok,0.5665371418,0.5889895558,0.5674871677,0.5548876846,average,0.5665371418,0.5674871677,
O1/0929/4,,videos/sample_003715_O1__0929__4.pt,ok,0.5649231672,0.5879747272,0.5684038171,0.5554510864,average,0.5649231672,0.5684038171,
O1/0930/1,,videos/sample_003716_O1__0930__1.pt,ok,0.5530125499,0.5863203406,0.5752143357,0.5563707777,average,0.5530125499,0.5752143357,
O1/0930/2,,videos/sample_003717_O1__0930__2.pt,ok,0.5633720160,0.5999023318,0.5692861816,0.5488652401,average,0.5633720160,0.5692861816,
O1/0930/3,,videos/sample_003718_O1__0930__3.pt,ok,0.5613989234,0.6071370244,0.5704105448,0.5449086983,average,0.5613989234,0.5704105448,
O1/0930/4,,videos/sample_003719_O1__0930__4.pt,ok,0.5603677034,0.5948536992,0.5709990669,0.5516432658,average,0.5603677034,0.5709990669,
O1/0931/1,,videos/sample_003720_O1__0931__1.pt,ok,0.5480822921,0.5720114708,0.5780572932,0.5643890441,average,0.5480822921,0.5780572932,
O1/0931/2,,videos/sample_003721_O1__0931__2.pt,ok,0.5493006706,0.5733703971,0.5773534294,0.5636226019,average,0.5493006706,0.5773534294,
O1/0931/3,,videos/sample_003722_O1__0931__3.pt,ok,0.5474742651,0.5666519403,0.5784088745,0.5674220248,average,0.5474742651,0.5784088745,
O1/0931/4,,videos/sample_003723_O1__0931__4.pt,ok,0.5466578603,0.5662826896,0.5788812831,0.5676315845,average,0.5466578603,0.5788812831,
O1/0932/1,,videos/sample_003724_O1__0932__1.pt,ok,0.5414108038,0.5628481507,0.5819266886,0.5695844890,average,0.5414108038,0.5819266886,
O1/0932/2,,videos/sample_003725_O1__0932__2.pt,ok,0.5415699482,0.5634618402,0.5818340856,0.5692350482,average,0.5415699482,0.5818340856,
O1/0932/3,,videos/sample_003726_O1__0932__3.pt,ok,0.5457644463,0.5826187730,0.5793986948,0.5584340381,average,0.5457644463,0.5793986948,
O1/0932/4,,videos/sample_003727_O1__0932__4.pt,ok,0.5450801849,0.5772895217,0.5797952906,0.5614180175,average,0.5450801849,0.5797952906,
O1/0933/1,,videos/sample_003728_O1__0933__1.pt,ok,0.5529509187,0.5769630075,0.5752497880,0.5616013584,average,0.5529509187,0.5752497880,
O1/0933/2,,videos/sample_003729_O1__0933__2.pt,ok,0.5551509857,0.5795189142,0.5739855910,0.5601677905,average,0.5551509857,0.5739855910,
O1/0933/3,,videos/sample_003730_O1__0933__3.pt,ok,0.5543335676,0.5803626776,0.5744549691,0.5596953408,average,0.5543335676,0.5744549691,
O1/0933/4,,videos/sample_003731_O1__0933__4.pt,ok,0.5542227626,0.5765518546,0.5745186251,0.5618323099,average,0.5542227626,0.5745186251,
O1/0934/1,,videos/sample_003732_O1__0934__1.pt,ok,0.5265369415,0.5487376451,0.5906468767,0.5776785857,average,0.5265369415,0.5906468767,
O1/0934/2,,videos/sample_003733_O1__0934__2.pt,ok,0.5281220675,0.5505126715,0.5897113687,0.5766541005,average,0.5281220675,0.5897113687,
O1/0934/3,,videos/sample_003734_O1__0934__3.pt,ok,0.5316369534,0.5640059710,0.5876422390,0.5689253941,average,0.5316369534,0.5876422390,
O1/0934/4,,videos/sample_003735_O1__0934__4.pt,ok,0.5320030451,0.5672460198,0.5874271474,0.5670850311,average,0.5320030451,0.5874271474,
O1/0935/1,,videos/sample_003736_O1__0935__1.pt,ok,0.5497487187,0.5957401395,0.5770948053,0.5511544837,average,0.5497487187,0.5770948053,
O1/0935/2,,videos/sample_003737_O1__0935__2.pt,ok,0.5545445085,0.5835453272,0.5743338058,0.5579168583,average,0.5545445085,0.5743338058,
O1/0935/3,,videos/sample_003738_O1__0935__3.pt,ok,0.5583182573,0.5951737761,0.5721704987,0.5514667258,average,0.5583182573,0.5721704987,
O1/0935/4,,videos/sample_003739_O1__0935__4.pt,ok,0.5415238142,0.5627989769,0.5818609285,0.5696124983,average,0.5415238142,0.5818609285,
O1/0936/1,,videos/sample_003740_O1__0936__1.pt,ok,0.5570805073,0.5871461034,0.5728791413,0.5559115371,average,0.5570805073,0.5728791413,
O1/0936/2,,videos/sample_003741_O1__0936__2.pt,ok,0.5565589666,0.5894790888,0.5731779989,0.5546161153,average,0.5565589666,0.5731779989,
O1/0936/3,,videos/sample_003742_O1__0936__3.pt,ok,0.5558997393,0.5894428492,0.5735559781,0.5546362147,average,0.5558997393,0.5735559781,
O1/0936/4,,videos/sample_003743_O1__0936__4.pt,ok,0.5508639216,0.5839207172,0.5764515862,0.5577074612,average,0.5508639216,0.5764515862,
O1/0937/1,,videos/sample_003744_O1__0937__1.pt,ok,0.5800926089,0.5960116386,0.5598465174,0.5510048660,average,0.5800926089,0.5598465174,
O1/0937/2,,videos/sample_003745_O1__0937__2.pt,ok,0.5815516114,0.5989421606,0.5590302955,0.5493924978,average,0.5815516114,0.5590302955,
O1/0937/3,,videos/sample_003746_O1__0937__3.pt,ok,0.5806344151,0.5960952044,0.5595432712,0.5509588228,average,0.5806344151,0.5595432712,
O1/0937/4,,videos/sample_003747_O1__0937__4.pt,ok,0.5819116235,0.5992941260,0.5588290741,0.5491991647,average,0.5819116235,0.5588290741,
O1/0938/1,,videos/sample_003748_O1__0938__1.pt,ok,0.5503562689,0.5915389061,0.5767442977,0.5534748831,average,0.5503562689,0.5767442977,
O1/0938/2,,videos/sample_003749_O1__0938__2.pt,ok,0.5507388711,0.5901120901,0.5765236763,0.5542651536,average,0.5507388711,0.5765236763,
O1/0938/3,,videos/sample_003750_O1__0938__3.pt,ok,0.5521326065,0.5974665284,0.5757207145,0.5502037975,average,0.5521326065,0.5757207145,
O1/0938/4,,videos/sample_003751_O1__0938__4.pt,ok,0.5446570516,0.5838500857,0.5800406733,0.5577468543,average,0.5446570516,0.5800406733,
O1/0939/1,,videos/sample_003752_O1__0939__1.pt,ok,0.5610520840,0.5925998688,0.5706084200,0.5528879784,average,0.5610520840,0.5706084200,
O1/0939/2,,videos/sample_003753_O1__0939__2.pt,ok,0.5665816069,0.5995782018,0.5674619349,0.5490431727,average,0.5665816069,0.5674619349,
O1/0939/3,,videos/sample_003754_O1__0939__3.pt,ok,0.5637485385,0.5960727334,0.5690718729,0.5509712035,average,0.5637485385,0.5690718729,
O1/0939/4,,videos/sample_003755_O1__0939__4.pt,ok,0.5659020543,0.6047283411,0.5678476862,0.5462227928,average,0.5659020543,0.5678476862,
O1/0940/1,,videos/sample_003756_O1__0940__1.pt,ok,0.5726355314,0.6080423594,0.5640369410,0.5444155967,average,0.5726355314,0.5640369410,
O1/0940/2,,videos/sample_003757_O1__0940__2.pt,ok,0.5711160302,0.6055999994,0.5648946473,0.5457468806,average,0.5711160302,0.5648946473,
O1/0940/3,,videos/sample_003758_O1__0940__3.pt,ok,0.5717327595,0.6093124151,0.5645463676,0.5437245974,average,0.5717327595,0.5645463676,
O1/0940/4,,videos/sample_003759_O1__0940__4.pt,ok,0.5675876737,0.6021504998,0.5668913174,0.5476326849,average,0.5675876737,0.5668913174,
O1/0941/1,,videos/sample_003760_O1__0941__1.pt,ok,0.5411723256,0.5769271255,0.5820654820,0.5616215102,average,0.5411723256,0.5820654820,
O1/0941/2,,videos/sample_003761_O1__0941__2.pt,ok,0.5491048098,0.5848013163,0.5774665215,0.5572165607,average,0.5491048098,0.5774665215,
O1/0941/3,,videos/sample_003762_O1__0941__3.pt,ok,0.5468809009,0.5957111716,0.5787521835,0.5511704497,average,0.5468809009,0.5787521835,
O1/0941/4,,videos/sample_003763_O1__0941__4.pt,ok,0.5518632531,0.5901097059,0.5758758077,0.5542664751,average,0.5518632531,0.5758758077,
O1/0942/1,,videos/sample_003764_O1__0942__1.pt,ok,0.6189419031,0.6487179399,0.5385139362,0.5227155001,average,0.6189419031,0.5385139362,
O1/0942/2,,videos/sample_003765_O1__0942__2.pt,ok,0.6191605330,0.6486234665,0.5383962138,0.5227648851,average,0.6191605330,0.5383962138,
O1/0942/3,,videos/sample_003766_O1__0942__3.pt,ok,0.6194149852,0.6486234665,0.5382592351,0.5227648851,average,0.6194149852,0.5382592351,
O1/0942/4,,videos/sample_003767_O1__0942__4.pt,ok,0.6190700531,0.6487179399,0.5384449300,0.5227155001,average,0.6190700531,0.5384449300,
O1/0943/1,,videos/sample_003768_O1__0943__1.pt,ok,0.5472609997,0.5668098927,0.5785322422,0.5673324062,average,0.5472609997,0.5785322422,
O1/0943/2,,videos/sample_003769_O1__0943__2.pt,ok,0.5518698096,0.5748469830,0.5758720320,0.5627909788,average,0.5518698096,0.5758720320,
O1/0943/3,,videos/sample_003770_O1__0943__3.pt,ok,0.5516833663,0.5693596005,0.5759794095,0.5658877169,average,0.5516833663,0.5759794095,
O1/0943/4,,videos/sample_003771_O1__0943__4.pt,ok,0.5475449562,0.5750442743,0.5783679876,0.5626799560,average,0.5475449562,0.5783679876,
O1/0944/1,,videos/sample_003772_O1__0944__1.pt,ok,0.6127128005,0.6292573810,0.5418788641,0.5329874607,average,0.6127128005,0.5418788641,
O1/0944/2,,videos/sample_003773_O1__0944__2.pt,ok,0.6128296256,0.6300993562,0.5418155627,0.5325388874,average,0.6128296256,0.5418155627,
O1/0944/3,,videos/sample_003774_O1__0944__3.pt,ok,0.6107266545,0.6300993562,0.5429561841,0.5325388874,average,0.6107266545,0.5429561841,
O1/0944/4,,videos/sample_003775_O1__0944__4.pt,ok,0.6119152308,0.6292573810,0.5423112227,0.5329874607,average,0.6119152308,0.5423112227,
O1/0945/1,,videos/sample_003776_O1__0945__1.pt,ok,0.5438520908,0.5840133429,0.5805077712,0.5576558055,average,0.5438520908,0.5805077712,
O1/0945/2,,videos/sample_003777_O1__0945__2.pt,ok,0.5517582893,0.5905113816,0.5759362570,0.5540438844,average,0.5517582893,0.5759362570,
O1/0945/3,,videos/sample_003778_O1__0945__3.pt,ok,0.5502912998,0.5873414278,0.5767817695,0.5558029646,average,0.5502912998,0.5767817695,
O1/0945/4,,videos/sample_003779_O1__0945__4.pt,ok,0.5503150225,0.5917627811,0.5767680869,0.5533509878,average,0.5503150225,0.5767680869,
O1/0946/1,,videos/sample_003780_O1__0946__1.pt,ok,0.5440849066,0.5738744140,0.5803726356,0.5633385981,average,0.5440849066,0.5803726356,
O1/0946/2,,videos/sample_003781_O1__0946__2.pt,ok,0.5485385060,0.5762806535,0.5777936355,0.5619847001,average,0.5485385060,0.5777936355,
O1/0946/3,,videos/sample_003782_O1__0946__3.pt,ok,0.5437887907,0.5644422770,0.5805445186,0.5686772227,average,0.5437887907,0.5805445186,
O1/0946/4,,videos/sample_003783_O1__0946__4.pt,ok,0.5483154058,0.5696689487,0.5779225558,0.5657126877,average,0.5483154058,0.5779225558,
O1/0947/1,,videos/sample_003784_O1__0947__1.pt,ok,0.5586454868,0.5935699940,0.5719832983,0.5523518679,average,0.5586454868,0.5719832983,
O1/0947/2,,videos/sample_003785_O1__0947__2.pt,ok,0.5501675606,0.5910851955,0.5768531444,0.5537260575,average,0.5501675606,0.5768531444,
O1/0947/3,,videos/sample_003786_O1__0947__3.pt,ok,0.5570767522,0.5935770273,0.5728812925,0.5523479830,average,0.5570767522,0.5728812925,
O1/0947/4,,videos/sample_003787_O1__0947__4.pt,ok,0.5382159948,0.5582299232,0.5837888062,0.5722210431,average,0.5382159948,0.5837888062,
O1/0948/1,,videos/sample_003788_O1__0948__1.pt,ok,0.6240122318,0.6529944539,0.5357904039,0.5204848729,average,0.6240122318,0.5357904039,
O1/0948/2,,videos/sample_003789_O1__0948__2.pt,ok,0.6224682927,0.6529944539,0.5366182706,0.5204848729,average,0.6224682927,0.5366182706,
O1/0948/3,,videos/sample_003790_O1__0948__3.pt,ok,0.6238650084,0.6526458859,0.5358692907,0.5206663289,average,0.6238650084,0.5358692907,
O1/0948/4,,videos/sample_003791_O1__0948__4.pt,ok,0.6231183410,0.6526458859,0.5362695562,0.5206663289,average,0.6231183410,0.5362695562,
O1/0949/1,,videos/sample_003792_O1__0949__1.pt,ok,0.6053184271,0.6219918132,0.5459005694,0.5368740192,average,0.6053184271,0.5459005694,
O1/0949/2,,videos/sample_003793_O1__0949__2.pt,ok,0.6080518961,0.6200245619,0.5444104047,0.5379312248,average,0.6080518961,0.5444104047,
O1/0949/3,,videos/sample_003794_O1__0949__3.pt,ok,0.6075839996,0.6200158596,0.5446651920,0.5379359061,average,0.6075839996,0.5446651920,
O1/0949/4,,videos/sample_003795_O1__0949__4.pt,ok,0.6068270206,0.6203343272,0.5450776482,0.5377646182,average,0.6068270206,0.5450776482,
O1/0950/1,,videos/sample_003796_O1__0950__1.pt,ok,0.6073665023,0.6394692659,0.5447836682,0.5275723504,average,0.6073665023,0.5447836682,
O1/0950/2,,videos/sample_003797_O1__0950__2.pt,ok,0.6051212549,0.6391035914,0.5460082164,0.5277653054,average,0.6051212549,0.5460082164,
O1/0950/3,,videos/sample_003798_O1__0950__3.pt,ok,0.6057955027,0.6394692659,0.5456401957,0.5275723504,average,0.6057955027,0.5456401957,
O1/0950/4,,videos/sample_003799_O1__0950__4.pt,ok,0.6061921120,0.6391035914,0.5454238326,0.5277653054,average,0.6061921120,0.5454238326,
O1/0951/1,,videos/sample_003800_O1__0951__1.pt,ok,0.6061337590,0.6240177751,0.5454556607,0.5357874339,average,0.6061337590,0.5454556607,
O1/0951/2,,videos/sample_003801_O1__0951__2.pt,ok,0.6045228243,0.6224225760,0.5463350623,0.5366428036,average,0.6045228243,0.5463350623,
O1/0951/3,,videos/sample_003802_O1__0951__3.pt,ok,0.6061403751,0.6254650354,0.5454520519,0.5350125709,average,0.6061403751,0.5454520519,
O1/0951/4,,videos/sample_003803_O1__0951__4.pt,ok,0.6047991514,0.6232798696,0.5461841159,0.5361829403,average,0.6047991514,0.5461841159,
O1/0952/1,,videos/sample_003804_O1__0952__1.pt,ok,0.5789316297,0.6042423248,0.5604968650,0.5464883305,average,0.5789316297,0.5604968650,
O1/0952/2,,videos/sample_003805_O1__0952__2.pt,ok,0.5701601505,0.6000158191,0.5654348768,0.5488029545,average,0.5701601505,0.5654348768,
O1/0952/3,,videos/sample_003806_O1__0952__3.pt,ok,0.5788255334,0.6037349701,0.5605563348,0.5467656642,average,0.5788255334,0.5605563348,
O1/0952/4,,videos/sample_003807_O1__0952__4.pt,ok,0.5650203824,0.5788326859,0.5683485623,0.5605523254,average,0.5650203824,0.5683485623,
O1/0953/1,,videos/sample_003808_O1__0953__1.pt,ok,0.5618889928,0.5997780561,0.5701310725,0.5489334550,average,0.5618889928,0.5701310725,
O1/0953/2,,videos/sample_003809_O1__0953__2.pt,ok,0.5575868487,0.5908029675,0.5725891422,0.5538823566,average,0.5575868487,0.5725891422,
O1/0953/3,,videos/sample_003810_O1__0953__3.pt,ok,0.5631595254,0.6004961133,0.5694071624,0.5485394309,average,0.5631595254,0.5694071624,
O1/0953/4,,videos/sample_003811_O1__0953__4.pt,ok,0.5621035099,0.6013115644,0.5700087828,0.5480923061,average,0.5621035099,0.5700087828,
O1/0954/1,,videos/sample_003812_O1__0954__1.pt,ok,0.6164838672,0.6303181648,0.5398392509,0.5324223760,average,0.6164838672,0.5398392509,
O1/0954/2,,videos/sample_003813_O1__0954__2.pt,ok,0.6154531837,0.6296567917,0.5403959412,0.5327746223,average,0.6154531837,0.5403959412,
O1/0954/3,,videos/sample_003814_O1__0954__3.pt,ok,0.6150186062,0.6309271455,0.5406308361,0.5320982398,average,0.6150186062,0.5406308361,
O1/0954/4,,videos/sample_003815_O1__0954__4.pt,ok,0.6171483994,0.6295918226,0.5394806296,0.5328092373,average,0.6171483994,0.5394806296,
O1/0955/1,,videos/sample_003816_O1__0955__1.pt,ok,0.5496399999,0.5926576853,0.5771575498,0.5528560132,average,0.5496399999,0.5771575498,
O1/0955/2,,videos/sample_003817_O1__0955__2.pt,ok,0.5540969968,0.5956630707,0.5745908844,0.5511969621,average,0.5540969968,0.5745908844,
O1/0955/3,,videos/sample_003818_O1__0955__3.pt,ok,0.5530910492,0.5924631357,0.5751691836,0.5529635816,average,0.5530910492,0.5751691836,
O1/0955/4,,videos/sample_003819_O1__0955__4.pt,ok,0.5474774241,0.5888816118,0.5784070473,0.5549475846,average,0.5474774241,0.5784070473,
O1/0956/1,,videos/sample_003820_O1__0956__1.pt,ok,0.6191312075,0.6494788527,0.5384120028,0.5223179104,average,0.6191312075,0.5384120028,
O1/0956/2,,videos/sample_003821_O1__0956__2.pt,ok,0.6200444698,0.6494788527,0.5379205158,0.5223179104,average,0.6200444698,0.5379205158,
O1/0956/3,,videos/sample_003822_O1__0956__3.pt,ok,0.6191532016,0.6498242617,0.5384001610,0.5221375283,average,0.6191532016,0.5384001610,
O1/0956/4,,videos/sample_003823_O1__0956__4.pt,ok,0.6199482679,0.6498242617,0.5379722673,0.5221375283,average,0.6199482679,0.5379722673,
O1/0957/1,,videos/sample_003824_O1__0957__1.pt,ok,0.5652448535,0.5991868377,0.5682209988,0.5492580905,average,0.5652448535,0.5682209988,
O1/0957/2,,videos/sample_003825_O1__0957__2.pt,ok,0.5586201549,0.5991868377,0.5719977879,0.5492580905,average,0.5586201549,0.5719977879,
O1/0957/3,,videos/sample_003826_O1__0957__3.pt,ok,0.5692787766,0.6022909284,0.5659334560,0.5475557870,average,0.5692787766,0.5659334560,
O1/0957/4,,videos/sample_003827_O1__0957__4.pt,ok,0.5669089556,0.6041235924,0.5672762074,0.5465532202,average,0.5669089556,0.5672762074,
O1/0958/1,,videos/sample_003828_O1__0958__1.pt,ok,0.5458850265,0.5725803375,0.5793288350,0.5640680732,average,0.5458850265,0.5793288350,
O1/0958/2,,videos/sample_003829_O1__0958__2.pt,ok,0.5455166101,0.5768141747,0.5795423086,0.5616849493,average,0.5455166101,0.5795423086,
O1/0958/3,,videos/sample_003830_O1__0958__3.pt,ok,0.5445072651,0.5658425689,0.5801275620,0.5678814659,average,0.5445072651,0.5801275620,
O1/0958/4,,videos/sample_003831_O1__0958__4.pt,ok,0.5424297452,0.5626179576,0.5813340414,0.5697156185,average,0.5424297452,0.5813340414,
O1/0959/1,,videos/sample_003832_O1__0959__1.pt,ok,0.6204102635,0.6483931541,0.5377237839,0.5228852982,average,0.6204102635,0.5377237839,
O1/0959/2,,videos/sample_003833_O1__0959__2.pt,ok,0.6194545031,0.6483038068,0.5382379647,0.5229320187,average,0.6194545031,0.5382379647,
O1/0959/3,,videos/sample_003834_O1__0959__3.pt,ok,0.6180640459,0.6483038068,0.5389868821,0.5229320187,average,0.6180640459,0.5389868821,
O1/0959/4,,videos/sample_003835_O1__0959__4.pt,ok,0.6207516193,0.6483931541,0.5375402601,0.5228852982,average,0.6207516193,0.5375402601,
O1/0960/1,,videos/sample_003836_O1__0960__1.pt,ok,0.5581712723,0.5937119722,0.5722546054,0.5522734515,average,0.5581712723,0.5722546054,
O1/0960/2,,videos/sample_003837_O1__0960__2.pt,ok,0.5528490543,0.5870242119,0.5753083884,0.5559793021,average,0.5528490543,0.5753083884,
O1/0960/3,,videos/sample_003838_O1__0960__3.pt,ok,0.5589067936,0.5944780111,0.5718338547,0.5518505505,average,0.5589067936,0.5718338547,
O1/0960/4,,videos/sample_003839_O1__0960__4.pt,ok,0.5586928725,0.5968939662,0.5719561951,0.5505189136,average,0.5586928725,0.5719561951,
O1/0961/1,,videos/sample_003840_O1__0961__1.pt,ok,0.5592645407,0.5976070166,0.5716293194,0.5501265059,average,0.5592645407,0.5716293194,
O1/0961/2,,videos/sample_003841_O1__0961__2.pt,ok,0.5549328923,0.5921496749,0.5741107871,0.5531369412,average,0.5549328923,0.5741107871,
O1/0961/3,,videos/sample_003842_O1__0961__3.pt,ok,0.5391132236,0.5586823821,0.5832652490,0.5719621952,average,0.5391132236,0.5832652490,
O1/0961/4,,videos/sample_003843_O1__0961__4.pt,ok,0.5518776774,0.5987344384,0.5758675012,0.5495066307,average,0.5518776774,0.5758675012,
O1/0962/1,,videos/sample_003844_O1__0962__1.pt,ok,0.5753542781,0.5965338349,0.5625055501,0.5507172084,average,0.5753542781,0.5625055501,
O1/0962/2,,videos/sample_003845_O1__0962__2.pt,ok,0.5768340826,0.5965338349,0.5616737674,0.5507172084,average,0.5768340826,0.5616737674,
O1/0962/3,,videos/sample_003846_O1__0962__3.pt,ok,0.5755038261,0.5959924459,0.5624214348,0.5510154414,average,0.5755038261,0.5624214348,
O1/0962/4,,videos/sample_003847_O1__0962__4.pt,ok,0.5771034956,0.5980549455,0.5615224656,0.5498801435,average,0.5771034956,0.5615224656,
O1/0963/1,,videos/sample_003848_O1__0963__1.pt,ok,0.5372467637,0.5751120448,0.5843549067,0.5626418242,average,0.5372467637,0.5843549067,
O1/0963/2,,videos/sample_003849_O1__0963__2.pt,ok,0.5487683415,0.5973102450,0.5776608533,0.5502897920,average,0.5487683415,0.5776608533,
O1/0963/3,,videos/sample_003850_O1__0963__3.pt,ok,0.5510449409,0.5891371369,0.5763472468,0.5548057997,average,0.5510449409,0.5763472468,
O1/0963/4,,videos/sample_003851_O1__0963__4.pt,ok,0.5464071035,0.5851624608,0.5790264597,0.5570153613,average,0.5464071035,0.5790264597,
O1/0964/1,,videos/sample_003852_O1__0964__1.pt,ok,0.5348066688,0.5749164820,0.5857825293,0.5627518668,average,0.5348066688,0.5857825293,
O1/0964/2,,videos/sample_003853_O1__0964__2.pt,ok,0.5400694609,0.5767834783,0.5827077756,0.5617021913,average,0.5400694609,0.5827077756,
O1/0964/3,,videos/sample_003854_O1__0964__3.pt,ok,0.5244064927,0.5468166471,0.5919065610,0.5787893717,average,0.5244064927,0.5919065610,
O1/0964/4,,videos/sample_003855_O1__0964__4.pt,ok,0.5370951295,0.5709661245,0.5844435217,0.5649793345,average,0.5370951295,0.5844435217,
O1/0965/1,,videos/sample_003856_O1__0965__1.pt,ok,0.5447240472,0.5766069889,0.5800018144,0.5618013345,average,0.5447240472,0.5800018144,
O1/0965/2,,videos/sample_003857_O1__0965__2.pt,ok,0.5435913801,0.5759152770,0.5806591355,0.5621900736,average,0.5435913801,0.5806591355,
O1/0965/3,,videos/sample_003858_O1__0965__3.pt,ok,0.5423429608,0.5642551780,0.5813844943,0.5687836316,average,0.5423429608,0.5813844943,
O1/0965/4,,videos/sample_003859_O1__0965__4.pt,ok,0.5397408605,0.5609840155,0.5828992851,0.5706472618,average,0.5397408605,0.5828992851,
O1/0966/1,,videos/sample_003860_O1__0966__1.pt,ok,0.6276338696,0.6381535530,0.5338534747,0.5282669410,average,0.6276338696,0.5338534747,
O1/0966/2,,videos/sample_003861_O1__0966__2.pt,ok,0.6281374097,0.6383398771,0.5335847258,0.5281685213,average,0.6281374097,0.5335847258,
O1/0966/3,,videos/sample_003862_O1__0966__3.pt,ok,0.6284560561,0.6381535530,0.5334147280,0.5282669410,average,0.6284560561,0.5334147280,
O1/0966/4,,videos/sample_003863_O1__0966__4.pt,ok,0.6283324957,0.6387045383,0.5334806410,0.5279759538,average,0.6283324957,0.5334806410,
O1/0967/1,,videos/sample_003864_O1__0967__1.pt,ok,0.6103965044,0.6342754364,0.5431354708,0.5303195994,average,0.6103965044,0.5431354708,
O1/0967/2,,videos/sample_003865_O1__0967__2.pt,ok,0.6109273434,0.6342754364,0.5428472298,0.5303195994,average,0.6109273434,0.5428472298,
O1/0967/3,,videos/sample_003866_O1__0967__3.pt,ok,0.6099959016,0.6347150207,0.5433530960,0.5300865305,average,0.6099959016,0.5433530960,
O1/0967/4,,videos/sample_003867_O1__0967__4.pt,ok,0.6078710556,0.6347150207,0.5445088651,0.5300865305,average,0.6078710556,0.5445088651,
O1/0968/1,,videos/sample_003868_O1__0968__1.pt,ok,0.5423595309,0.5761911869,0.5813748608,0.5620349812,average,0.5423595309,0.5813748608,
O1/0968/2,,videos/sample_003869_O1__0968__2.pt,ok,0.5317017436,0.5506469607,0.5876041667,0.5765766672,average,0.5317017436,0.5876041667,
O1/0968/3,,videos/sample_003870_O1__0968__3.pt,ok,0.5482751727,0.5752705336,0.5779458079,0.5625526588,average,0.5482751727,0.5779458079,
O1/0968/4,,videos/sample_003871_O1__0968__4.pt,ok,0.5470674634,0.5841050148,0.5786442201,0.5576046865,average,0.5470674634,0.5786442201,
O1/0969/1,,videos/sample_003872_O1__0969__1.pt,ok,0.6200848818,0.6500908732,0.5378987778,0.5219983389,average,0.6200848818,0.5378987778,
O1/0969/2,,videos/sample_003873_O1__0969__2.pt,ok,0.6200655699,0.6510717273,0.5379091658,0.5214865858,average,0.6200655699,0.5379091658,
O1/0969/3,,videos/sample_003874_O1__0969__3.pt,ok,0.6183763742,0.6500908732,0.5388185675,0.5219983389,average,0.6183763742,0.5388185675,
O1/0969/4,,videos/sample_003875_O1__0969__4.pt,ok,0.6203879118,0.6510717273,0.5377358031,0.5214865858,average,0.6203879118,0.5377358031,
O1/0970/1,,videos/sample_003876_O1__0970__1.pt,ok,0.5532779694,0.6003996730,0.5750616829,0.5485923347,average,0.5532779694,0.5750616829,
O1/0970/2,,videos/sample_003877_O1__0970__2.pt,ok,0.5550210476,0.5944721103,0.5740601785,0.5518538069,average,0.5550210476,0.5740601785,
O1/0970/3,,videos/sample_003878_O1__0970__3.pt,ok,0.5438265204,0.5850803256,0.5805226152,0.5570611137,average,0.5438265204,0.5805226152,
O1/0970/4,,videos/sample_003879_O1__0970__4.pt,ok,0.5552050471,0.5940162539,0.5739545614,0.5521054303,average,0.5552050471,0.5739545614,
O1/0971/1,,videos/sample_003880_O1__0971__1.pt,ok,0.6081969142,0.6256515384,0.5443314611,0.5349127987,average,0.6081969142,0.5443314611,
O1/0971/2,,videos/sample_003881_O1__0971__2.pt,ok,0.6102936268,0.6271216869,0.5431913501,0.5341269752,average,0.6102936268,0.5431913501,
O1/0971/3,,videos/sample_003882_O1__0971__3.pt,ok,0.6108549833,0.6272237301,0.5428865117,0.5340724740,average,0.6108549833,0.5428865117,
O1/0971/4,,videos/sample_003883_O1__0971__4.pt,ok,0.6102910042,0.6268269420,0.5431927747,0.5342844297,average,0.6102910042,0.5431927747,
O1/0972/1,,videos/sample_003884_O1__0972__1.pt,ok,0.5529620051,0.5883135200,0.5752434105,0.5552629354,average,0.5529620051,0.5752434105,
O1/0972/2,,videos/sample_003885_O1__0972__2.pt,ok,0.5520126224,0.5889662504,0.5757897960,0.5549006166,average,0.5520126224,0.5757897960,
O1/0972/3,,videos/sample_003886_O1__0972__3.pt,ok,0.5465694070,0.5901830196,0.5789324893,0.5542258412,average,0.5465694070,0.5789324893,
O1/0972/4,,videos/sample_003887_O1__0972__4.pt,ok,0.5397408605,0.5609840155,0.5828992851,0.5706472618,average,0.5397408605,0.5828992851,
O1/0973/1,,videos/sample_003888_O1__0973__1.pt,ok,0.5646130443,0.5995092988,0.5685801195,0.5490810047,average,0.5646130443,0.5685801195,
O1/0973/2,,videos/sample_003889_O1__0973__2.pt,ok,0.5511930585,0.5814358592,0.5762618860,0.5590950082,average,0.5511930585,0.5762618860,
O1/0973/3,,videos/sample_003890_O1__0973__3.pt,ok,0.5621903539,0.5981121063,0.5699592831,0.5498487127,average,0.5621903539,0.5699592831,
O1/0973/4,,videos/sample_003891_O1__0973__4.pt,ok,0.5549913049,0.5913547873,0.5740772528,0.5535767976,average,0.5549913049,0.5740772528,
O1/0974/1,,videos/sample_003892_O1__0974__1.pt,ok,0.6127769947,0.6280755997,0.5418440797,0.5336177077,average,0.6127769947,0.5418440797,
O1/0974/2,,videos/sample_003893_O1__0974__2.pt,ok,0.6125019193,0.6290383935,0.5419931482,0.5331041911,average,0.6125019193,0.5419931482,
O1/0974/3,,videos/sample_003894_O1__0974__3.pt,ok,0.6110130548,0.6261108518,0.5428007036,0.5346671625,average,0.6110130548,0.5428007036,
O1/0974/4,,videos/sample_003895_O1__0974__4.pt,ok,0.6113999486,0.6272664070,0.5425907380,0.5340496819,average,0.6113999486,0.5425907380,
O1/0975/1,,videos/sample_003896_O1__0975__1.pt,ok,0.5395421386,0.5765469074,0.5830151314,0.5618350894,average,0.5395421386,0.5830151314,
O1/0975/2,,videos/sample_003897_O1__0975__2.pt,ok,0.5356954336,0.5775576830,0.5852621376,0.5612674871,average,0.5356954336,0.5852621376,
O1/0975/3,,videos/sample_003898_O1__0975__3.pt,ok,0.5224905610,0.5455182195,0.5930417006,0.5795413759,average,0.5224905610,0.5930417006,
O1/0975/4,,videos/sample_003899_O1__0975__4.pt,ok,0.5370225310,0.5692679286,0.5844859529,0.5659395953,average,0.5370225310,0.5844859529,
O1/0976/1,,videos/sample_003900_O1__0976__1.pt,ok,0.5337904096,0.5652568340,0.5863781387,0.5682141913,average,0.5337904096,0.5863781387,
O1/0976/2,,videos/sample_003901_O1__0976__2.pt,ok,0.5328313708,0.5630739331,0.5869407678,0.5694559013,average,0.5328313708,0.5869407678,
O1/0976/3,,videos/sample_003902_O1__0976__3.pt,ok,0.5203605294,0.5441916585,0.5943062445,0.5803106830,average,0.5203605294,0.5943062445,
O1/0976/4,,videos/sample_003903_O1__0976__4.pt,ok,0.5277817249,0.5677320361,0.5899121067,0.5668094855,average,0.5277817249,0.5899121067,
O1/0977/1,,videos/sample_003904_O1__0977__1.pt,ok,0.5474619269,0.5787077546,0.5784160110,0.5606223603,average,0.5474619269,0.5784160110,
O1/0977/2,,videos/sample_003905_O1__0977__2.pt,ok,0.5457535982,0.5647978187,0.5794049802,0.5684750702,average,0.5457535982,0.5794049802,
O1/0977/3,,videos/sample_003906_O1__0977__3.pt,ok,0.5495798588,0.5836236477,0.5771922617,0.5578731637,average,0.5495798588,0.5771922617,
O1/0977/4,,videos/sample_003907_O1__0977__4.pt,ok,0.5391256809,0.5586898327,0.5832579831,0.5719579338,average,0.5391256809,0.5832579831,
O1/0978/1,,videos/sample_003908_O1__0978__1.pt,ok,0.5501159430,0.5933253169,0.5768829210,0.5524870323,average,0.5501159430,0.5768829210,
O1/0978/2,,videos/sample_003909_O1__0978__2.pt,ok,0.5528225303,0.5962902308,0.5753236481,0.5508513818,average,0.5528225303,0.5753236481,
O1/0978/3,,videos/sample_003910_O1__0978__3.pt,ok,0.5476674438,0.5880206823,0.5782971490,0.5554255611,average,0.5476674438,0.5782971490,
O1/0978/4,,videos/sample_003911_O1__0978__4.pt,ok,0.5524005294,0.5926152468,0.5755664864,0.5528794761,average,0.5524005294,0.5755664864,
O1/0979/1,,videos/sample_003912_O1__0979__1.pt,ok,0.5698375702,0.5891602039,0.5656173043,0.5547930021,average,0.5698375702,0.5656173043,
O1/0979/2,,videos/sample_003913_O1__0979__2.pt,ok,0.5693556666,0.5880906582,0.5658899430,0.5553866961,average,0.5693556666,0.5658899430,
O1/0979/3,,videos/sample_003914_O1__0979__3.pt,ok,0.5700197816,0.5893372893,0.5655142518,0.5546947651,average,0.5700197816,0.5655142518,
O1/0979/4,,videos/sample_003915_O1__0979__4.pt,ok,0.5693256855,0.5886400342,0.5659069093,0.5550816637,average,0.5693256855,0.5659069093,
O1/0980/1,,videos/sample_003916_O1__0980__1.pt,ok,0.5381833911,0.5904466510,0.5838078402,0.5540797492,average,0.5381833911,0.5838078402,
O1/0980/2,,videos/sample_003917_O1__0980__2.pt,ok,0.5402000546,0.5835128427,0.5826316825,0.5579349822,average,0.5402000546,0.5826316825,
O1/0980/3,,videos/sample_003918_O1__0980__3.pt,ok,0.5223639607,0.5458837748,0.5931167846,0.5793295602,average,0.5223639607,0.5931167846,
O1/0980/4,,videos/sample_003919_O1__0980__4.pt,ok,0.5397175550,0.5791900158,0.5829128699,0.5603520591,average,0.5397175550,0.5829128699,
O1/0981/1,,videos/sample_003920_O1__0981__1.pt,ok,0.5483582616,0.5878315568,0.5778977890,0.5555306162,average,0.5483582616,0.5778977890,
O1/0981/2,,videos/sample_003921_O1__0981__2.pt,ok,0.5488172770,0.5880004168,0.5776325859,0.5554368172,average,0.5488172770,0.5776325859,
O1/0981/3,,videos/sample_003922_O1__0981__3.pt,ok,0.5404219627,0.5795518160,0.5825024062,0.5601493603,average,0.5404219627,0.5825024062,
O1/0981/4,,videos/sample_003923_O1__0981__4.pt,ok,0.5434287786,0.5867507458,0.5807535592,0.5561313644,average,0.5434287786,0.5807535592,
O1/0982/1,,videos/sample_003924_O1__0982__1.pt,ok,0.6114635468,0.6294629574,0.5425562313,0.5328779023,average,0.6114635468,0.5425562313,
O1/0982/2,,videos/sample_003925_O1__0982__2.pt,ok,0.6128222942,0.6294629574,0.5418195350,0.5328779023,average,0.6128222942,0.5418195350,
O1/0982/3,,videos/sample_003926_O1__0982__3.pt,ok,0.6131961942,0.6301791668,0.5416169866,0.5324963868,average,0.6131961942,0.5416169866,
O1/0982/4,,videos/sample_003927_O1__0982__4.pt,ok,0.6122322679,0.6301791668,0.5421393172,0.5324963868,average,0.6122322679,0.5421393172,
O1/0983/1,,videos/sample_003928_O1__0983__1.pt,ok,0.5690411925,0.5904246569,0.5660679287,0.5540919358,average,0.5690411925,0.5660679287,
O1/0983/2,,videos/sample_003929_O1__0983__2.pt,ok,0.5661004186,0.5889999270,0.5677350567,0.5548819298,average,0.5661004186,0.5677350567,
O1/0983/3,,videos/sample_003930_O1__0983__3.pt,ok,0.5677901506,0.5885143280,0.5667765466,0.5551514453,average,0.5677901506,0.5667765466,
O1/0983/4,,videos/sample_003931_O1__0983__4.pt,ok,0.5680038929,0.5899634957,0.5666554154,0.5543475204,average,0.5680038929,0.5666554154,
O1/0984/1,,videos/sample_003932_O1__0984__1.pt,ok,0.5467742682,0.5821531415,0.5788139007,0.5586941231,average,0.5467742682,0.5788139007,
O1/0984/2,,videos/sample_003933_O1__0984__2.pt,ok,0.5499888062,0.5861738324,0.5769562686,0.5564522966,average,0.5499888062,0.5769562686,
O1/0984/3,,videos/sample_003934_O1__0984__3.pt,ok,0.5490869880,0.5975651741,0.5774768130,0.5501495250,average,0.5490869880,0.5774768130,
O1/0984/4,,videos/sample_003935_O1__0984__4.pt,ok,0.5393666625,0.5741518140,0.5831174456,0.5631823497,average,0.5393666625,0.5831174456,
O1/0985/1,,videos/sample_003936_O1__0985__1.pt,ok,0.5481632948,0.5830798745,0.5780104709,0.5581766026,average,0.5481632948,0.5780104709,
O1/0985/2,,videos/sample_003937_O1__0985__2.pt,ok,0.5311306715,0.5495554209,0.5879398269,0.5772063672,average,0.5311306715,0.5879398269,
O1/0985/3,,videos/sample_003938_O1__0985__3.pt,ok,0.5435755253,0.5622695088,0.5806683419,0.5699141698,average,0.5435755253,0.5806683419,
O1/0985/4,,videos/sample_003939_O1__0985__4.pt,ok,0.5410470366,0.5783585906,0.5821384129,0.5608181437,average,0.5410470366,0.5821384129,
O1/0986/1,,videos/sample_003940_O1__0986__1.pt,ok,0.5252029300,0.5470288396,0.5914353322,0.5786665699,average,0.5252029300,0.5914353322,
O1/0986/2,,videos/sample_003941_O1__0986__2.pt,ok,0.5415310860,0.5779580474,0.5818566974,0.5610428206,average,0.5415310860,0.5818566974,
O1/0986/3,,videos/sample_003942_O1__0986__3.pt,ok,0.5323859453,0.5722088218,0.5872022645,0.5642776724,average,0.5323859453,0.5872022645,
O1/0986/4,,videos/sample_003943_O1__0986__4.pt,ok,0.5415018797,0.5771483183,0.5818736915,0.5614972972,average,0.5415018797,0.5818736915,
O1/0987/1,,videos/sample_003944_O1__0987__1.pt,ok,0.6112096310,0.6441719532,0.5426940124,0.5250971672,average,0.6112096310,0.5426940124,
O1/0987/2,,videos/sample_003945_O1__0987__2.pt,ok,0.6084864140,0.6435908079,0.5441739001,0.5254024136,average,0.6084864140,0.5441739001,
O1/0987/3,,videos/sample_003946_O1__0987__3.pt,ok,0.6108108759,0.6441719532,0.5429104575,0.5250971672,average,0.6108108759,0.5429104575,
O1/0987/4,,videos/sample_003947_O1__0987__4.pt,ok,0.6113203764,0.6435908079,0.5426339148,0.5254024136,average,0.6113203764,0.5426339148,
O1/0988/1,,videos/sample_003948_O1__0988__1.pt,ok,0.6088747382,0.6227060556,0.5439626252,0.5364906979,average,0.6088747382,0.5439626252,
O1/0988/2,,videos/sample_003949_O1__0988__2.pt,ok,0.6102898717,0.6272420883,0.5431933899,0.5340626695,average,0.6102898717,0.5431933899,
O1/0988/3,,videos/sample_003950_O1__0988__3.pt,ok,0.6115138531,0.6272476912,0.5425289380,0.5340596772,average,0.6115138531,0.5425289380,
O1/0988/4,,videos/sample_003951_O1__0988__4.pt,ok,0.6107615829,0.6242960095,0.5429372199,0.5356383801,average,0.6107615829,0.5429372199,
O1/0989/1,,videos/sample_003952_O1__0989__1.pt,ok,0.6173558831,0.6501582265,0.5393687077,0.5219631818,average,0.6173558831,0.5393687077,
O1/0989/2,,videos/sample_003953_O1__0989__2.pt,ok,0.6156365871,0.6500507593,0.5402968398,0.5220192787,average,0.6156365871,0.5402968398,
O1/0989/3,,videos/sample_003954_O1__0989__3.pt,ok,0.6176792979,0.6501582265,0.5391942961,0.5219631818,average,0.6176792979,0.5391942961,
O1/0989/4,,videos/sample_003955_O1__0989__4.pt,ok,0.6142350435,0.6500507593,0.5410546203,0.5220192787,average,0.6142350435,0.5410546203,
O1/0990/1,,videos/sample_003956_O1__0990__1.pt,ok,0.5394958854,0.5738799572,0.5830420984,0.5633354754,average,0.5394958854,0.5830420984,
O1/0990/2,,videos/sample_003957_O1__0990__2.pt,ok,0.5254098177,0.5466040969,0.5913129842,0.5789124065,average,0.5254098177,0.5913129842,
O1/0990/3,,videos/sample_003958_O1__0990__3.pt,ok,0.5424868464,0.5768400431,0.5813008474,0.5616704196,average,0.5424868464,0.5813008474,
O1/0990/4,,videos/sample_003959_O1__0990__4.pt,ok,0.5361162424,0.5691616535,0.5850159060,0.5659997437,average,0.5361162424,0.5850159060,
O1/0991/1,,videos/sample_003960_O1__0991__1.pt,ok,0.5417505503,0.5611956120,0.5817290146,0.5705265276,average,0.5417505503,0.5817290146,
O1/0991/2,,videos/sample_003961_O1__0991__2.pt,ok,0.5463294387,0.5782083273,0.5790714314,0.5609024204,average,0.5463294387,0.5790714314,
O1/0991/3,,videos/sample_003962_O1__0991__3.pt,ok,0.5407787561,0.5610497594,0.5822946103,0.5706097464,average,0.5407787561,0.5822946103,
O1/0991/4,,videos/sample_003963_O1__0991__4.pt,ok,0.5438038707,0.5727797151,0.5805357641,0.5639556220,average,0.5438038707,0.5805357641,
O1/0992/1,,videos/sample_003964_O1__0992__1.pt,ok,0.6061657071,0.6424412131,0.5454382347,0.5260067608,average,0.6061657071,0.5454382347,
O1/0992/2,,videos/sample_003965_O1__0992__2.pt,ok,0.6095180511,0.6419478059,0.5436127995,0.5262663604,average,0.6095180511,0.5436127995,
O1/0992/3,,videos/sample_003966_O1__0992__3.pt,ok,0.6088050604,0.6419478059,0.5440005286,0.5262663604,average,0.6088050604,0.5440005286,
O1/0992/4,,videos/sample_003967_O1__0992__4.pt,ok,0.6098041534,0.6424412131,0.5434572929,0.5260067608,average,0.6098041534,0.5434572929,
O1/0993/1,,videos/sample_003968_O1__0993__1.pt,ok,0.5341578126,0.5527004600,0.5861627412,0.5753938823,average,0.5341578126,0.5861627412,
O1/0993/2,,videos/sample_003969_O1__0993__2.pt,ok,0.5356986523,0.5661497712,0.5852602539,0.5677070382,average,0.5356986523,0.5852602539,
O1/0993/3,,videos/sample_003970_O1__0993__3.pt,ok,0.5359578729,0.5705520511,0.5851085620,0.5652133259,average,0.5359578729,0.5851085620,
O1/0993/4,,videos/sample_003971_O1__0993__4.pt,ok,0.5343078971,0.5525975823,0.5860747739,0.5754530805,average,0.5343078971,0.5860747739,
O1/0994/1,,videos/sample_003972_O1__0994__1.pt,ok,0.5290244818,0.5520085096,0.5891794447,0.5757921641,average,0.5290244818,0.5891794447,
O1/0994/2,,videos/sample_003973_O1__0994__2.pt,ok,0.5370652676,0.5769044757,0.5844609745,0.5616342309,average,0.5370652676,0.5844609745,
O1/0994/3,,videos/sample_003974_O1__0994__3.pt,ok,0.5323998928,0.5546851754,0.5871940745,0.5742530217,average,0.5323998928,0.5871940745,
O1/0994/4,,videos/sample_003975_O1__0994__4.pt,ok,0.5355964899,0.5700517893,0.5853200485,0.5654961513,average,0.5355964899,0.5853200485,
O1/0995/1,,videos/sample_003976_O1__0995__1.pt,ok,0.6344373822,0.6596570015,0.5302337233,0.5170286441,average,0.6344373822,0.5302337233,
O1/0995/2,,videos/sample_003977_O1__0995__2.pt,ok,0.6358530521,0.6598689556,0.5294836185,0.5169190694,average,0.6358530521,0.5294836185,
O1/0995/3,,videos/sample_003978_O1__0995__3.pt,ok,0.6358530521,0.6598689556,0.5294836185,0.5169190694,average,0.6358530521,0.5294836185,
O1/0995/4,,videos/sample_003979_O1__0995__4.pt,ok,0.6344373822,0.6596570015,0.5302337233,0.5170286441,average,0.6344373822,0.5302337233,
O1/0996/1,,videos/sample_003980_O1__0996__1.pt,ok,0.5350865722,0.5534635782,0.5856185897,0.5749549562,average,0.5350865722,0.5856185897,
O1/0996/2,,videos/sample_003981_O1__0996__2.pt,ok,0.5373919606,0.5662598014,0.5842700664,0.5676445767,average,0.5373919606,0.5842700664,
O1/0996/3,,videos/sample_003982_O1__0996__3.pt,ok,0.5367587805,0.5690166354,0.5846401317,0.5660818299,average,0.5367587805,0.5846401317,
O1/0996/4,,videos/sample_003983_O1__0996__4.pt,ok,0.5315961838,0.5510605574,0.5876661974,0.5763382464,average,0.5315961838,0.5876661974,
O1/0997/1,,videos/sample_003984_O1__0997__1.pt,ok,0.5588154197,0.5945736766,0.5718861078,0.5517977600,average,0.5588154197,0.5718861078,
O1/0997/2,,videos/sample_003985_O1__0997__2.pt,ok,0.5578895807,0.6022309661,0.5724158274,0.5475886207,average,0.5578895807,0.5724158274,
O1/0997/3,,videos/sample_003986_O1__0997__3.pt,ok,0.5535380244,0.5869579315,0.5749121546,0.5560161538,average,0.5535380244,0.5749121546,
O1/0997/4,,videos/sample_003987_O1__0997__4.pt,ok,0.5583598614,0.5930237174,0.5721466946,0.5526536872,average,0.5583598614,0.5721466946,
O1/0998/1,,videos/sample_003988_O1__0998__1.pt,ok,0.5326556563,0.5719782710,0.5870439109,0.5644077820,average,0.5326556563,0.5870439109,
O1/0998/2,,videos/sample_003989_O1__0998__2.pt,ok,0.5435485840,0.5826246142,0.5806839860,0.5584307761,average,0.5435485840,0.5806839860,
O1/0998/3,,videos/sample_003990_O1__0998__3.pt,ok,0.5408367515,0.5916007161,0.5822608409,0.5534406739,average,0.5408367515,0.5822608409,
O1/0998/4,,videos/sample_003991_O1__0998__4.pt,ok,0.5458082557,0.5858827829,0.5793733123,0.5566142753,average,0.5458082557,0.5793733123,
O1/0999/1,,videos/sample_003992_O1__0999__1.pt,ok,0.5468444228,0.5847828388,0.5787732956,0.5572268567,average,0.5468444228,0.5787732956,
O1/0999/2,,videos/sample_003993_O1__0999__2.pt,ok,0.5495203137,0.5900055766,0.5772266317,0.5543241935,average,0.5495203137,0.5772266317,
O1/0999/3,,videos/sample_003994_O1__0999__3.pt,ok,0.5427196026,0.5920809507,0.5811655618,0.5531749563,average,0.5427196026,0.5811655618,
O1/0999/4,,videos/sample_003995_O1__0999__4.pt,ok,0.5347789526,0.5711219311,0.5857987651,0.5648913139,average,0.5347789526,0.5857987651,
O1/1000/1,,videos/sample_003996_O1__1000__1.pt,ok,0.6138960719,0.6297309995,0.5412380535,0.5327350878,average,0.6138960719,0.5412380535,
O1/1000/2,,videos/sample_003997_O1__1000__2.pt,ok,0.6139072776,0.6286724806,0.5412319886,0.5332992965,average,0.6139072776,0.5412319886,
O1/1000/3,,videos/sample_003998_O1__1000__3.pt,ok,0.6118084192,0.6286724806,0.5423691509,0.5332992965,average,0.6118084192,0.5423691509,
O1/1000/4,,videos/sample_003999_O1__1000__4.pt,ok,0.6129229665,0.6297309995,0.5417649916,0.5327350878,average,0.6129229665,0.5417649916,
O1/1001/1,,videos/sample_004000_O1__1001__1.pt,ok,0.5573059916,0.5822597146,0.5727499805,0.5586345845,average,0.5573059916,0.5727499805,
O1/1001/2,,videos/sample_004001_O1__1001__2.pt,ok,0.5593079925,0.5827102065,0.5716044816,0.5583829808,average,0.5593079925,0.5716044816,
O1/1001/3,,videos/sample_004002_O1__1001__3.pt,ok,0.5595479012,0.5849699378,0.5714673652,0.5571226099,average,0.5595479012,0.5714673652,
O1/1001/4,,videos/sample_004003_O1__1001__4.pt,ok,0.5581878424,0.5817798376,0.5722451232,0.5589027247,average,0.5581878424,0.5722451232,
O1/1002/1,,videos/sample_004004_O1__1002__1.pt,ok,0.5351098776,0.5671837330,0.5856049418,0.5671203541,average,0.5351098776,0.5856049418,
O1/1002/2,,videos/sample_004005_O1__1002__2.pt,ok,0.5344375372,0.5570816994,0.5859988000,0.5728784583,average,0.5344375372,0.5859988000,
O1/1002/3,,videos/sample_004006_O1__1002__3.pt,ok,0.5333192348,0.5670513511,0.5866544904,0.5671954356,average,0.5333192348,0.5866544904,
O1/1002/4,,videos/sample_004007_O1__1002__4.pt,ok,0.5325848460,0.5561581850,0.5870854811,0.5734077642,average,0.5325848460,0.5870854811,
O1/1003/1,,videos/sample_004008_O1__1003__1.pt,ok,0.5497075915,0.5892983675,0.5771185401,0.5547163552,average,0.5497075915,0.5771185401,
O1/1003/2,,videos/sample_004009_O1__1003__2.pt,ok,0.5515832305,0.5892983675,0.5760370886,0.5547163552,average,0.5515832305,0.5760370886,
O1/1003/3,,videos/sample_004010_O1__1003__3.pt,ok,0.5446079373,0.5843115449,0.5800691622,0.5574895362,average,0.5446079373,0.5800691622,
O1/1003/4,,videos/sample_004011_O1__1003__4.pt,ok,0.5518450141,0.5905032158,0.5758863112,0.5540484087,average,0.5518450141,0.5758863112,
O1/1004/1,,videos/sample_004012_O1__1004__1.pt,ok,0.5309883356,0.5537861586,0.5880235178,0.5747695170,average,0.5309883356,0.5880235178,
O1/1004/2,,videos/sample_004013_O1__1004__2.pt,ok,0.5356528163,0.5692172050,0.5852870805,0.5659683025,average,0.5356528163,0.5852870805,
O1/1004/3,,videos/sample_004014_O1__1004__3.pt,ok,0.5314751863,0.5539119244,0.5877373078,0.5746972352,average,0.5314751863,0.5877373078,
O1/1004/4,,videos/sample_004015_O1__1004__4.pt,ok,0.5362612605,0.5710284114,0.5849310742,0.5649441449,average,0.5362612605,0.5849310742,
O1/1005/1,,videos/sample_004016_O1__1005__1.pt,ok,0.5644971728,0.5987071991,0.5686460055,0.5495215991,average,0.5644971728,0.5686460055,
O1/1005/2,,videos/sample_004017_O1__1005__2.pt,ok,0.5638859272,0.6000191569,0.5689936942,0.5488011226,average,0.5638859272,0.5689936942,
O1/1005/3,,videos/sample_004018_O1__1005__3.pt,ok,0.5562750697,0.5962901711,0.5733407455,0.5508514146,average,0.5562750697,0.5733407455,
O1/1005/4,,videos/sample_004019_O1__1005__4.pt,ok,0.5649541020,0.6000191569,0.5683862339,0.5488011226,average,0.5649541020,0.5683862339,
O1/1006/1,,videos/sample_004020_O1__1006__1.pt,ok,0.5607751608,0.5851774812,0.5707664565,0.5570069948,average,0.5607751608,0.5707664565,
O1/1006/2,,videos/sample_004021_O1__1006__2.pt,ok,0.5588528514,0.5828958154,0.5718647015,0.5582793496,average,0.5588528514,0.5718647015,
O1/1006/3,,videos/sample_004022_O1__1006__3.pt,ok,0.5597423911,0.5841267109,0.5713562313,0.5575925888,average,0.5597423911,0.5713562313,
O1/1006/4,,videos/sample_004023_O1__1006__4.pt,ok,0.5604361296,0.5852785707,0.5709599970,0.5569506901,average,0.5604361296,0.5709599970,
O1/1007/1,,videos/sample_004024_O1__1007__1.pt,ok,0.5497081876,0.5829415321,0.5771181961,0.5582538274,average,0.5497081876,0.5771181961,
O1/1007/2,,videos/sample_004025_O1__1007__2.pt,ok,0.5491213202,0.5816673636,0.5774569873,0.5589655902,average,0.5491213202,0.5774569873,
O1/1007/3,,videos/sample_004026_O1__1007__3.pt,ok,0.5458971262,0.5682065487,0.5793218254,0.5665405911,average,0.5458971262,0.5793218254,
O1/1007/4,,videos/sample_004027_O1__1007__4.pt,ok,0.5451821089,0.5671796203,0.5797361986,0.5671226865,average,0.5451821089,0.5797361986,
O1/1008/1,,videos/sample_004028_O1__1008__1.pt,ok,0.6098482013,0.6264757514,0.5434333553,0.5344720983,average,0.6098482013,0.5434333553,
O1/1008/2,,videos/sample_004029_O1__1008__2.pt,ok,0.6103673577,0.6268731952,0.5431513016,0.5342597179,average,0.6103673577,0.5431513016,
O1/1008/3,,videos/sample_004030_O1__1008__3.pt,ok,0.6110320091,0.6287013888,0.5427904153,0.5332838799,average,0.6110320091,0.5427904153,
O1/1008/4,,videos/sample_004031_O1__1008__4.pt,ok,0.6112491488,0.6277495623,0.5426725667,0.5337917154,average,0.6112491488,0.5426725667,
O1/1009/1,,videos/sample_004032_O1__1009__1.pt,ok,0.5637078881,0.5868330598,0.5690950063,0.5560855889,average,0.5637078881,0.5690950063,
O1/1009/2,,videos/sample_004033_O1__1009__2.pt,ok,0.5626797676,0.5839503407,0.5696804054,0.5576909401,average,0.5626797676,0.5696804054,
O1/1009/3,,videos/sample_004034_O1__1009__3.pt,ok,0.5624516010,0.5835833549,0.5698104023,0.5578956424,average,0.5624516010,0.5698104023,
O1/1009/4,,videos/sample_004035_O1__1009__4.pt,ok,0.5640494823,0.5876890421,0.5689006399,0.5556097931,average,0.5640494823,0.5689006399,
O1/1010/1,,videos/sample_004036_O1__1010__1.pt,ok,0.6172701120,0.6309157014,0.5394149719,0.5321043292,average,0.6172701120,0.5394149719,
O1/1010/2,,videos/sample_004037_O1__1010__2.pt,ok,0.6185944676,0.6317477226,0.5387010675,0.5316617912,average,0.6185944676,0.5387010675,
O1/1010/3,,videos/sample_004038_O1__1010__3.pt,ok,0.6179840565,0.6320095062,0.5390299970,0.5315226291,average,0.6179840565,0.5390299970,
O1/1010/4,,videos/sample_004039_O1__1010__4.pt,ok,0.6166094542,0.6333658099,0.5397714584,0.5308022116,average,0.6166094542,0.5397714584,
O1/1011/1,,videos/sample_004040_O1__1011__1.pt,ok,0.5315275192,0.5546951890,0.5877065506,0.5742472714,average,0.5315275192,0.5877065506,
O1/1011/2,,videos/sample_004041_O1__1011__2.pt,ok,0.5337573886,0.5637315512,0.5863975018,0.5690815399,average,0.5337573886,0.5863975018,
O1/1011/3,,videos/sample_004042_O1__1011__3.pt,ok,0.5283622742,0.5596093535,0.5895697330,0.5714322482,average,0.5283622742,0.5895697330,
O1/1011/4,,videos/sample_004043_O1__1011__4.pt,ok,0.5258145332,0.5492304564,0.5910737190,0.5773939693,average,0.5258145332,0.5910737190,
O1/1012/1,,videos/sample_004044_O1__1012__1.pt,ok,0.5775362849,0.5970789194,0.5612794973,0.5504171028,average,0.5775362849,0.5612794973,
O1/1012/2,,videos/sample_004045_O1__1012__2.pt,ok,0.5783916712,0.5957800746,0.5607995918,0.5511324737,average,0.5783916712,0.5607995918,
O1/1012/3,,videos/sample_004046_O1__1012__3.pt,ok,0.5760298967,0.5981373787,0.5621256392,0.5498348169,average,0.5760298967,0.5621256392,
O1/1012/4,,videos/sample_004047_O1__1012__4.pt,ok,0.5738291740,0.5909456611,0.5633640841,0.5538033268,average,0.5738291740,0.5633640841,
O1/1013/1,,videos/sample_004048_O1__1013__1.pt,ok,0.5745185614,0.6000255346,0.5629758419,0.5487976226,average,0.5745185614,0.5629758419,
O1/1013/2,,videos/sample_004049_O1__1013__2.pt,ok,0.5693688393,0.5935404897,0.5658824888,0.5523681649,average,0.5693688393,0.5658824888,
O1/1013/3,,videos/sample_004050_O1__1013__3.pt,ok,0.5747837424,0.6006495357,0.5628265712,0.5484552791,average,0.5747837424,0.5628265712,
O1/1013/4,,videos/sample_004051_O1__1013__4.pt,ok,0.5642875433,0.5778384209,0.5687652230,0.5611099402,average,0.5642875433,0.5687652230,
O1/1014/1,,videos/sample_004052_O1__1014__1.pt,ok,0.5188515186,0.5421111584,0.5952037360,0.5815192763,average,0.5188515186,0.5952037360,
O1/1014/2,,videos/sample_004053_O1__1014__2.pt,ok,0.5424606204,0.5795456171,0.5813160929,0.5601528326,average,0.5424606204,0.5813160929,
O1/1014/3,,videos/sample_004054_O1__1014__3.pt,ok,0.5408582091,0.5795456171,0.5822483470,0.5601528326,average,0.5408582091,0.5822483470,
O1/1014/4,,videos/sample_004055_O1__1014__4.pt,ok,0.5252434611,0.5684095025,0.5914113612,0.5664256212,average,0.5252434611,0.5914113612,
O1/1015/1,,videos/sample_004056_O1__1015__1.pt,ok,0.5907730460,0.6087405682,0.5538989298,0.5440356136,average,0.5907730460,0.5538989298,
O1/1015/2,,videos/sample_004057_O1__1015__2.pt,ok,0.5906752348,0.6087405682,0.5539531100,0.5440356136,average,0.5906752348,0.5539531100,
O1/1015/3,,videos/sample_004058_O1__1015__3.pt,ok,0.5899034739,0.6079723239,0.5543807944,0.5444537264,average,0.5899034739,0.5543807944,
O1/1015/4,,videos/sample_004059_O1__1015__4.pt,ok,0.5915653706,0.6083658338,0.5534602359,0.5442395206,average,0.5915653706,0.5534602359,
O1/1016/1,,videos/sample_004060_O1__1016__1.pt,ok,0.5515868068,0.5901510715,0.5760350285,0.5542435480,average,0.5515868068,0.5760350285,
O1/1016/2,,videos/sample_004061_O1__1016__2.pt,ok,0.5448809862,0.5802264810,0.5799107966,0.5597715746,average,0.5448809862,0.5799107966,
O1/1016/3,,videos/sample_004062_O1__1016__3.pt,ok,0.5566173196,0.5911478996,0.5731445533,0.5536913377,average,0.5566173196,0.5731445533,
O1/1016/4,,videos/sample_004063_O1__1016__4.pt,ok,0.5548114777,0.5915422440,0.5741804968,0.5534730357,average,0.5548114777,0.5741804968,
O1/1017/1,,videos/sample_004064_O1__1017__1.pt,ok,0.6117767692,0.6278102994,0.5423863172,0.5337592954,average,0.6117767692,0.5423863172,
O1/1017/2,,videos/sample_004065_O1__1017__2.pt,ok,0.6143136621,0.6253345013,0.5410120850,0.5350824128,average,0.6143136621,0.5410120850,
O1/1017/3,,videos/sample_004066_O1__1017__3.pt,ok,0.6134461761,0.6269896626,0.5414816091,0.5341974976,average,0.6134461761,0.5414816091,
O1/1017/4,,videos/sample_004067_O1__1017__4.pt,ok,0.6134886146,0.6272975206,0.5414586299,0.5340330660,average,0.6134886146,0.5414586299,
O1/1018/1,,videos/sample_004068_O1__1018__1.pt,ok,0.6103299260,0.6456663609,0.5431716331,0.5243130440,average,0.6103299260,0.5431716331,
O1/1018/2,,videos/sample_004069_O1__1018__2.pt,ok,0.6128515601,0.6463211775,0.5418036784,0.5239698275,average,0.6128515601,0.5418036784,
O1/1018/3,,videos/sample_004070_O1__1018__3.pt,ok,0.6124540567,0.6456663609,0.5420190900,0.5243130440,average,0.6124540567,0.5420190900,
O1/1018/4,,videos/sample_004071_O1__1018__4.pt,ok,0.6127639413,0.6463211775,0.5418511527,0.5239698275,average,0.6127639413,0.5418511527,
O1/1019/1,,videos/sample_004072_O1__1019__1.pt,ok,0.5549216866,0.5781042576,0.5741172205,0.5609607964,average,0.5549216866,0.5741172205,
O1/1019/2,,videos/sample_004073_O1__1019__2.pt,ok,0.5581775904,0.5833251476,0.5722509899,0.5580397137,average,0.5581775904,0.5722509899,
O1/1019/3,,videos/sample_004074_O1__1019__3.pt,ok,0.5568448901,0.5830165148,0.5730141373,0.5582119697,average,0.5568448901,0.5730141373,
O1/1019/4,,videos/sample_004075_O1__1019__4.pt,ok,0.5564915538,0.5788662434,0.5732166398,0.5605335150,average,0.5564915538,0.5732166398,
O1/1020/1,,videos/sample_004076_O1__1020__1.pt,ok,0.5724424124,0.5942930579,0.5641458778,0.5519526265,average,0.5724424124,0.5641458778,
O1/1020/2,,videos/sample_004077_O1__1020__2.pt,ok,0.5719287395,0.6022161841,0.5644357386,0.5475967152,average,0.5719287395,0.5644357386,
O1/1020/3,,videos/sample_004078_O1__1020__3.pt,ok,0.5632592440,0.5766676068,0.5693503847,0.5617672803,average,0.5632592440,0.5693503847,
O1/1020/4,,videos/sample_004079_O1__1020__4.pt,ok,0.5730271935,0.5967274308,0.5638160723,0.5506106022,average,0.5730271935,0.5638160723,
O1/1021/1,,videos/sample_004080_O1__1021__1.pt,ok,0.6209269166,0.6512336731,0.5374460390,0.5214021400,average,0.6209269166,0.5374460390,
O1/1021/2,,videos/sample_004081_O1__1021__2.pt,ok,0.6202109456,0.6519637108,0.5378309725,0.5210216357,average,0.6202109456,0.5378309725,
O1/1021/3,,videos/sample_004082_O1__1021__3.pt,ok,0.6197425723,0.6519637108,0.5380829372,0.5210216357,average,0.6197425723,0.5380829372,
O1/1021/4,,videos/sample_004083_O1__1021__4.pt,ok,0.6201952696,0.6512336731,0.5378394037,0.5214021400,average,0.6201952696,0.5378394037,
O1/1022/1,,videos/sample_004084_O1__1022__1.pt,ok,0.6308897138,0.6543099880,0.5321181575,0.5198006075,average,0.6308897138,0.5321181575,
O1/1022/2,,videos/sample_004085_O1__1022__2.pt,ok,0.6305072308,0.6536474824,0.5323217226,0.5201450924,average,0.6305072308,0.5323217226,
O1/1022/3,,videos/sample_004086_O1__1022__3.pt,ok,0.6309114695,0.6543099880,0.5321065810,0.5198006075,average,0.6309114695,0.5321065810,
O1/1022/4,,videos/sample_004087_O1__1022__4.pt,ok,0.6300373077,0.6536474824,0.5325719316,0.5201450924,average,0.6300373077,0.5325719316,
O1/1023/1,,videos/sample_004088_O1__1023__1.pt,ok,0.5584037304,0.5851984024,0.5721215956,0.5569953416,average,0.5584037304,0.5721215956,
O1/1023/2,,videos/sample_004089_O1__1023__2.pt,ok,0.5565981865,0.5798578262,0.5731555194,0.5599779751,average,0.5565981865,0.5731555194,
O1/1023/3,,videos/sample_004090_O1__1023__3.pt,ok,0.5564193726,0.5803004503,0.5732580168,0.5597301702,average,0.5564193726,0.5732580168,
O1/1023/4,,videos/sample_004091_O1__1023__4.pt,ok,0.5586537719,0.5861302614,0.5719785594,0.5564765423,average,0.5586537719,0.5719785594,
O1/1024/1,,videos/sample_004092_O1__1024__1.pt,ok,0.5867990255,0.6191969514,0.5561045151,0.5383766066,average,0.5867990255,0.5561045151,
O1/1024/2,,videos/sample_004093_O1__1024__2.pt,ok,0.5884026289,0.6121014357,0.5552134587,0.5422102511,average,0.5884026289,0.5552134587,
O1/1024/3,,videos/sample_004094_O1__1024__3.pt,ok,0.5861130953,0.6074749827,0.5564860949,0.5447245730,average,0.5861130953,0.5564860949,
O1/1024/4,,videos/sample_004095_O1__1024__4.pt,ok,0.5800828934,0.6049454808,0.5598519566,0.5461041990,average,0.5800828934,0.5598519566,
O1/1025/1,,videos/sample_004096_O1__1025__1.pt,ok,0.5321946144,0.5544019341,0.5873146252,0.5744156969,average,0.5321946144,0.5873146252,
O1/1025/2,,videos/sample_004097_O1__1025__2.pt,ok,0.5281268954,0.5514109731,0.5897085215,0.5761363238,average,0.5281268954,0.5897085215,
O1/1025/3,,videos/sample_004098_O1__1025__3.pt,ok,0.5357717872,0.5779277682,0.5852174525,0.5610598087,average,0.5357717872,0.5852174525,
O1/1025/4,,videos/sample_004099_O1__1025__4.pt,ok,0.5358080268,0.5728828907,0.5851962448,0.5638974385,average,0.5358080268,0.5851962448,
O1/1026/1,,videos/sample_004100_O1__1026__1.pt,ok,0.5610448718,0.5937895179,0.5706125353,0.5522306267,average,0.5610448718,0.5706125353,
O1/1026/2,,videos/sample_004101_O1__1026__2.pt,ok,0.5543946028,0.5906880498,0.5744199082,0.5539460111,average,0.5543946028,0.5744199082,
O1/1026/3,,videos/sample_004102_O1__1026__3.pt,ok,0.5572429299,0.5968275666,0.5727861003,0.5505554691,average,0.5572429299,0.5727861003,
O1/1026/4,,videos/sample_004103_O1__1026__4.pt,ok,0.5609034300,0.5987764597,0.5706932495,0.5494835402,average,0.5609034300,0.5706932495,
O1/1027/1,,videos/sample_004104_O1__1027__1.pt,ok,0.5455854535,0.5865079165,0.5795024123,0.5562664258,average,0.5455854535,0.5795024123,
O1/1027/2,,videos/sample_004105_O1__1027__2.pt,ok,0.5540719628,0.6052051783,0.5746052689,0.5459623955,average,0.5540719628,0.5746052689,
O1/1027/3,,videos/sample_004106_O1__1027__3.pt,ok,0.5529873967,0.5959658623,0.5752288044,0.5510300896,average,0.5529873967,0.5752288044,
O1/1027/4,,videos/sample_004107_O1__1027__4.pt,ok,0.5544535518,0.5984831452,0.5743860477,0.5496447353,average,0.5544535518,0.5743860477,
O1/1028/1,,videos/sample_004108_O1__1028__1.pt,ok,0.6255456805,0.6342394352,0.5349694265,0.5303386919,average,0.6255456805,0.5349694265,
O1/1028/2,,videos/sample_004109_O1__1028__2.pt,ok,0.6248701811,0.6358501315,0.5353309201,0.5294851649,average,0.6248701811,0.5353309201,
O1/1028/3,,videos/sample_004110_O1__1028__3.pt,ok,0.6260601282,0.6349211335,0.5346942835,0.5299772841,average,0.6260601282,0.5346942835,
O1/1028/4,,videos/sample_004111_O1__1028__4.pt,ok,0.6249323487,0.6337842345,0.5352976409,0.5305801574,average,0.6249323487,0.5352976409,
O1/1029/1,,videos/sample_004112_O1__1029__1.pt,ok,0.5675893426,0.5867617726,0.5668903713,0.5561252320,average,0.5675893426,0.5668903713,
O1/1029/2,,videos/sample_004113_O1__1029__2.pt,ok,0.5669422150,0.5815117359,0.5672573405,0.5590525876,average,0.5669422150,0.5672573405,
O1/1029/3,,videos/sample_004114_O1__1029__3.pt,ok,0.5636693239,0.5829105377,0.5691169534,0.5582711305,average,0.5636693239,0.5691169534,
O1/1029/4,,videos/sample_004115_O1__1029__4.pt,ok,0.5630387068,0.5768265128,0.5694759615,0.5616780192,average,0.5630387068,0.5694759615,
O1/1030/1,,videos/sample_004116_O1__1030__1.pt,ok,0.5621353984,0.5945088863,0.5699906063,0.5518335123,average,0.5621353984,0.5699906063,
O1/1030/2,,videos/sample_004117_O1__1030__2.pt,ok,0.5609644651,0.6053524613,0.5706584182,0.5458819904,average,0.5609644651,0.5706584182,
O1/1030/3,,videos/sample_004118_O1__1030__3.pt,ok,0.5498872399,0.5841393471,0.5770148709,0.5575855430,average,0.5498872399,0.5770148709,
O1/1030/4,,videos/sample_004119_O1__1030__4.pt,ok,0.5614046454,0.5957623720,0.5704072809,0.5511422302,average,0.5614046454,0.5704072809,
O1/1031/1,,videos/sample_004120_O1__1031__1.pt,ok,0.6096249223,0.6281621456,0.5435547061,0.5335715272,average,0.6096249223,0.5435547061,
O1/1031/2,,videos/sample_004121_O1__1031__2.pt,ok,0.6081115007,0.6271223426,0.5443779563,0.5341266250,average,0.6081115007,0.5443779563,
O1/1031/3,,videos/sample_004122_O1__1031__3.pt,ok,0.6076772809,0.6285052299,0.5446143873,0.5333884986,average,0.6076772809,0.5446143873,
O1/1031/4,,videos/sample_004123_O1__1031__4.pt,ok,0.6094855070,0.6288256645,0.5436304912,0.5332176098,average,0.6094855070,0.5436304912,
O1/1032/1,,videos/sample_004124_O1__1032__1.pt,ok,0.6076454520,0.6246538162,0.5446317221,0.5354467594,average,0.6076454520,0.5446317221,
O1/1032/2,,videos/sample_004125_O1__1032__2.pt,ok,0.6106119156,0.6233932376,0.5430184859,0.5361221578,average,0.6106119156,0.5430184859,
O1/1032/3,,videos/sample_004126_O1__1032__3.pt,ok,0.6100219488,0.6242080331,0.5433389433,0.5356855058,average,0.6100219488,0.5433389433,
O1/1032/4,,videos/sample_004127_O1__1032__4.pt,ok,0.6092853546,0.6245818734,0.5437393110,0.5354852823,average,0.6092853546,0.5437393110,
O1/1033/1,,videos/sample_004128_O1__1033__1.pt,ok,0.6120257378,0.6290494800,0.5422512968,0.5330982809,average,0.6120257378,0.5422512968,
O1/1033/2,,videos/sample_004129_O1__1033__2.pt,ok,0.6101385951,0.6255316138,0.5432755685,0.5349769518,average,0.6101385951,0.5432755685,
O1/1033/3,,videos/sample_004130_O1__1033__3.pt,ok,0.6104726791,0.6273465157,0.5430940991,0.5340069017,average,0.6104726791,0.5430940991,
O1/1033/4,,videos/sample_004131_O1__1033__4.pt,ok,0.6115590930,0.6254233718,0.5425043946,0.5350348619,average,0.6115590930,0.5425043946,
O1/1034/1,,videos/sample_004132_O1__1034__1.pt,ok,0.5328614116,0.5772171617,0.5869231360,0.5614586432,average,0.5328614116,0.5869231360,
O1/1034/2,,videos/sample_004133_O1__1034__2.pt,ok,0.5378355384,0.5751700401,0.5840109546,0.5626091945,average,0.5378355384,0.5840109546,
O1/1034/3,,videos/sample_004134_O1__1034__3.pt,ok,0.5252895951,0.5476471782,0.5913840776,0.5783088687,average,0.5252895951,0.5913840776,
O1/1034/4,,videos/sample_004135_O1__1034__4.pt,ok,0.5392222404,0.5801775455,0.5832016667,0.5597989679,average,0.5392222404,0.5832016667,
O1/1035/1,,videos/sample_004136_O1__1035__1.pt,ok,0.6103370786,0.6453847885,0.5431677480,0.5244606968,average,0.6103370786,0.5431677480,
O1/1035/2,,videos/sample_004137_O1__1035__2.pt,ok,0.6122313738,0.6453847885,0.5421398019,0.5244606968,average,0.6122313738,0.5421398019,
O1/1035/3,,videos/sample_004138_O1__1035__3.pt,ok,0.6126295328,0.6451459527,0.5419239870,0.5245859718,average,0.6126295328,0.5419239870,
O1/1035/4,,videos/sample_004139_O1__1035__4.pt,ok,0.6121258736,0.6451459527,0.5421970007,0.5245859718,average,0.6121258736,0.5421970007,
O1/1036/1,,videos/sample_004140_O1__1036__1.pt,ok,0.6139467955,0.6467358470,0.5412106007,0.5237525982,average,0.6139467955,0.5412106007,
O1/1036/2,,videos/sample_004141_O1__1036__2.pt,ok,0.6145499945,0.6467358470,0.5408842415,0.5237525982,average,0.6145499945,0.5408842415,
O1/1036/3,,videos/sample_004142_O1__1036__3.pt,ok,0.6120319366,0.6461352110,0.5422479355,0.5240672774,average,0.6120319366,0.5422479355,
O1/1036/4,,videos/sample_004143_O1__1036__4.pt,ok,0.6147425175,0.6461352110,0.5407801188,0.5240672774,average,0.6147425175,0.5407801188,
O1/1037/1,,videos/sample_004144_O1__1037__1.pt,ok,0.5832797885,0.6074315310,0.5580650265,0.5447482428,average,0.5832797885,0.5580650265,
O1/1037/2,,videos/sample_004145_O1__1037__2.pt,ok,0.5841345191,0.6113260984,0.5575882350,0.5426308099,average,0.5841345191,0.5575882350,
O1/1037/3,,videos/sample_004146_O1__1037__3.pt,ok,0.5840354562,0.6087642312,0.5576434741,0.5440227402,average,0.5840354562,0.5576434741,
O1/1037/4,,videos/sample_004147_O1__1037__4.pt,ok,0.5828582048,0.6061505675,0.5583003472,0.5454464924,average,0.5828582048,0.5583003472,
O1/1038/1,,videos/sample_004148_O1__1038__1.pt,ok,0.5250203013,0.5481373072,0.5915433551,0.5780254922,average,0.5250203013,0.5915433551,
O1/1038/2,,videos/sample_004149_O1__1038__2.pt,ok,0.5289552808,0.5638924837,0.5892202179,0.5689899636,average,0.5289552808,0.5892202179,
O1/1038/3,,videos/sample_004150_O1__1038__3.pt,ok,0.5264500976,0.5483859181,0.5906981730,0.5778818066,average,0.5264500976,0.5906981730,
O1/1038/4,,videos/sample_004151_O1__1038__4.pt,ok,0.5309203863,0.5664299130,0.5880634750,0.5675480219,average,0.5309203863,0.5880634750,
O1/1039/1,,videos/sample_004152_O1__1039__1.pt,ok,0.5460965037,0.5739874840,0.5792063331,0.5632749050,average,0.5460965037,0.5792063331,
O1/1039/2,,videos/sample_004153_O1__1039__2.pt,ok,0.5452771187,0.5681545734,0.5796811206,0.5665700379,average,0.5452771187,0.5796811206,
O1/1039/3,,videos/sample_004154_O1__1039__3.pt,ok,0.5490921140,0.5769413114,0.5774738529,0.5616135431,average,0.5490921140,0.5774738529,
O1/1039/4,,videos/sample_004155_O1__1039__4.pt,ok,0.5479637384,0.5697621703,0.5781258280,0.5656599534,average,0.5479637384,0.5781258280,
O1/1040/1,,videos/sample_004156_O1__1040__1.pt,ok,0.5681910515,0.6015222073,0.5665493709,0.5479768665,average,0.5681910515,0.5665493709,
O1/1040/2,,videos/sample_004157_O1__1040__2.pt,ok,0.5592971444,0.5960277915,0.5716106825,0.5509959658,average,0.5592971444,0.5716106825,
O1/1040/3,,videos/sample_004158_O1__1040__3.pt,ok,0.5640978217,0.6031661034,0.5688731403,0.5470767895,average,0.5640978217,0.5688731403,
O1/1040/4,,videos/sample_004159_O1__1040__4.pt,ok,0.5700533986,0.6050490737,0.5654952412,0.5460476294,average,0.5700533986,0.5654952412,
O1/1041/1,,videos/sample_004160_O1__1041__1.pt,ok,0.5504103899,0.5887854695,0.5767130846,0.5550009411,average,0.5504103899,0.5767130846,
O1/1041/2,,videos/sample_004161_O1__1041__2.pt,ok,0.5322294235,0.5517215133,0.5872941816,0.5759574381,average,0.5322294235,0.5872941816,
O1/1041/3,,videos/sample_004162_O1__1041__3.pt,ok,0.5498080254,0.6038476825,0.5770605807,0.5467040405,average,0.5498080254,0.5770605807,
O1/1041/4,,videos/sample_004163_O1__1041__4.pt,ok,0.5520499349,0.5906767249,0.5757683123,0.5539522846,average,0.5520499349,0.5757683123,
O1/1042/1,,videos/sample_004164_O1__1042__1.pt,ok,0.5584968925,0.5828432441,0.5720682981,0.5583086998,average,0.5584968925,0.5720682981,
O1/1042/2,,videos/sample_004165_O1__1042__2.pt,ok,0.5577077866,0.5859328508,0.5725198987,0.5565864075,average,0.5577077866,0.5725198987,
O1/1042/3,,videos/sample_004166_O1__1042__3.pt,ok,0.5565503240,0.5824382901,0.5731829527,0.5585348349,average,0.5565503240,0.5731829527,
O1/1042/4,,videos/sample_004167_O1__1042__4.pt,ok,0.5587063432,0.5859328508,0.5719484905,0.5565864075,average,0.5587063432,0.5719484905,
O1/1043/1,,videos/sample_004168_O1__1043__1.pt,ok,0.5310431719,0.5671989918,0.5879912737,0.5671117006,average,0.5310431719,0.5879912737,
O1/1043/2,,videos/sample_004169_O1__1043__2.pt,ok,0.5252029300,0.5470288396,0.5914353322,0.5786665699,average,0.5252029300,0.5914353322,
O1/1043/3,,videos/sample_004170_O1__1043__3.pt,ok,0.5255191326,0.5477400422,0.5912483484,0.5782551671,average,0.5255191326,0.5912483484,
O1/1043/4,,videos/sample_004171_O1__1043__4.pt,ok,0.5295162201,0.5625873208,0.5888897938,0.5697330730,average,0.5295162201,0.5888897938,
O1/1044/1,,videos/sample_004172_O1__1044__1.pt,ok,0.5588660240,0.5876851082,0.5718571686,0.5556119788,average,0.5588660240,0.5718571686,
O1/1044/2,,videos/sample_004173_O1__1044__2.pt,ok,0.5604232550,0.5909362435,0.5709673479,0.5538085423,average,0.5604232550,0.5709673479,
O1/1044/3,,videos/sample_004174_O1__1044__3.pt,ok,0.5519872904,0.5800049901,0.5758043821,0.5598955726,average,0.5519872904,0.5758043821,
O1/1044/4,,videos/sample_004175_O1__1044__4.pt,ok,0.5626076460,0.5948375463,0.5697214932,0.5516521765,average,0.5626076460,0.5697214932,
O1/1045/1,,videos/sample_004176_O1__1045__1.pt,ok,0.5571951866,0.5993397832,0.5728134476,0.5491740904,average,0.5571951866,0.5728134476,
O1/1045/2,,videos/sample_004177_O1__1045__2.pt,ok,0.5567942858,0.5898091197,0.5730431351,0.5544331050,average,0.5567942858,0.5730431351,
O1/1045/3,,videos/sample_004178_O1__1045__3.pt,ok,0.5471491814,0.5811925530,0.5785969364,0.5592310560,average,0.5471491814,0.5785969364,
O1/1045/4,,videos/sample_004179_O1__1045__4.pt,ok,0.5537571907,0.5898822546,0.5747861671,0.5543925581,average,0.5537571907,0.5747861671,
O1/1046/1,,videos/sample_004180_O1__1046__1.pt,ok,0.6134066582,0.6276528239,0.5415030077,0.5338433560,average,0.6134066582,0.5415030077,
O1/1046/2,,videos/sample_004181_O1__1046__2.pt,ok,0.6124240756,0.6280976534,0.5420353406,0.5336059395,average,0.6124240756,0.5420353406,
O1/1046/3,,videos/sample_004182_O1__1046__3.pt,ok,0.6136202812,0.6278663278,0.5413873425,0.5337293905,average,0.6136202812,0.5413873425,
O1/1046/4,,videos/sample_004183_O1__1046__4.pt,ok,0.6121513247,0.6274139881,0.5421832014,0.5339708721,average,0.6121513247,0.5421832014,
O1/1047/1,,videos/sample_004184_O1__1047__1.pt,ok,0.5254098177,0.5466040969,0.5913129842,0.5789124065,average,0.5254098177,0.5913129842,
O1/1047/2,,videos/sample_004185_O1__1047__2.pt,ok,0.5403194427,0.5924174190,0.5825621274,0.5529888619,average,0.5403194427,0.5825621274,
O1/1047/3,,videos/sample_004186_O1__1047__3.pt,ok,0.5399331450,0.5789118409,0.5827872133,0.5605079567,average,0.5399331450,0.5827872133,
O1/1047/4,,videos/sample_004187_O1__1047__4.pt,ok,0.5414764285,0.5807873607,0.5818885011,0.5594576981,average,0.5414764285,0.5818885011,
O1/1048/1,,videos/sample_004188_O1__1048__1.pt,ok,0.6149131060,0.6309643984,0.5406878758,0.5320784179,average,0.6149131060,0.5406878758,
O1/1048/2,,videos/sample_004189_O1__1048__2.pt,ok,0.6131556630,0.6291437149,0.5416389394,0.5330480467,average,0.6131556630,0.5416389394,
O1/1048/3,,videos/sample_004190_O1__1048__3.pt,ok,0.6137403846,0.6306040883,0.5413223240,0.5322701657,average,0.6137403846,0.5413223240,
O1/1048/4,,videos/sample_004191_O1__1048__4.pt,ok,0.6144671440,0.6299297810,0.5409290558,0.5326292004,average,0.6144671440,0.5409290558,
O1/1049/1,,videos/sample_004192_O1__1049__1.pt,ok,0.5496194959,0.5865487456,0.5771693839,0.5562437143,average,0.5496194959,0.5771693839,
O1/1049/2,,videos/sample_004193_O1__1049__2.pt,ok,0.5427293181,0.5790690184,0.5811599155,0.5604198644,average,0.5427293181,0.5811599155,
O1/1049/3,,videos/sample_004194_O1__1049__3.pt,ok,0.5485038161,0.5857762098,0.5778136795,0.5566735986,average,0.5485038161,0.5778136795,
O1/1049/4,,videos/sample_004195_O1__1049__4.pt,ok,0.5510384440,0.5916949511,0.5763509913,0.5533885229,average,0.5510384440,0.5763509913,
O1/1050/1,,videos/sample_004196_O1__1050__1.pt,ok,0.5821651816,0.6053428054,0.5586873964,0.5458872615,average,0.5821651816,0.5586873964,
O1/1050/2,,videos/sample_004197_O1__1050__2.pt,ok,0.5825840831,0.6063264608,0.5584534104,0.5453505605,average,0.5825840831,0.5584534104,
O1/1050/3,,videos/sample_004198_O1__1050__3.pt,ok,0.5828456283,0.6070441008,0.5583073687,0.5449593356,average,0.5828456283,0.5583073687,
O1/1050/4,,videos/sample_004199_O1__1050__4.pt,ok,0.5813084841,0.6044467092,0.5591662276,0.5463766482,average,0.5813084841,0.5591662276,
O1/1051/1,,videos/sample_004200_O1__1051__1.pt,ok,0.5444953442,0.5796996355,0.5801344777,0.5600665654,average,0.5444953442,0.5801344777,
O1/1051/2,,videos/sample_004201_O1__1051__2.pt,ok,0.5389329195,0.5845876336,0.5833704236,0.5573356409,average,0.5389329195,0.5833704236,
O1/1051/3,,videos/sample_004202_O1__1051__3.pt,ok,0.5445222855,0.5818131566,0.5801188484,0.5588841029,average,0.5445222855,0.5801188484,
O1/1051/4,,videos/sample_004203_O1__1051__4.pt,ok,0.5345589519,0.5716980696,0.5859276555,0.5645659520,average,0.5345589519,0.5859276555,
O1/1052/1,,videos/sample_004204_O1__1052__1.pt,ok,0.5738518238,0.6090688705,0.5633513242,0.5438570347,average,0.5738518238,0.5633513242,
O1/1052/2,,videos/sample_004205_O1__1052__2.pt,ok,0.5632592440,0.5766676068,0.5693503847,0.5617672803,average,0.5632592440,0.5693503847,
O1/1052/3,,videos/sample_004206_O1__1052__3.pt,ok,0.5763406754,0.5998917222,0.5619509697,0.5488710634,average,0.5763406754,0.5619509697,
O1/1052/4,,videos/sample_004207_O1__1052__4.pt,ok,0.5770762563,0.6015741229,0.5615377613,0.5479484187,average,0.5770762563,0.5615377613,
O1/1053/1,,videos/sample_004208_O1__1053__1.pt,ok,0.6339573860,0.6616103053,0.5304882946,0.5160197158,average,0.6339573860,0.5304882946,
O1/1053/2,,videos/sample_004209_O1__1053__2.pt,ok,0.6331303120,0.6599682570,0.5309272292,0.5168677412,average,0.6331303120,0.5309272292,
O1/1053/3,,videos/sample_004210_O1__1053__3.pt,ok,0.6324051023,0.6616103053,0.5313124024,0.5160197158,average,0.6324051023,0.5313124024,
O1/1053/4,,videos/sample_004211_O1__1053__4.pt,ok,0.6335911751,0.6599682570,0.5306826008,0.5168677412,average,0.6335911751,0.5306826008,
O1/1054/1,,videos/sample_004212_O1__1054__1.pt,ok,0.5407482386,0.5816033483,0.5823123807,0.5590013738,average,0.5407482386,0.5823123807,
O1/1054/2,,videos/sample_004213_O1__1054__2.pt,ok,0.5380984545,0.5910061002,0.5838574289,0.5537698564,average,0.5380984545,0.5838574289,
O1/1054/3,,videos/sample_004214_O1__1054__3.pt,ok,0.5412736535,0.5808596015,0.5820065055,0.5594172839,average,0.5412736535,0.5820065055,
O1/1054/4,,videos/sample_004215_O1__1054__4.pt,ok,0.5203605294,0.5441916585,0.5943062445,0.5803106830,average,0.5203605294,0.5943062445,
O1/1055/1,,videos/sample_004216_O1__1055__1.pt,ok,0.5276967287,0.5508254766,0.5899622491,0.5764737483,average,0.5276967287,0.5899622491,
O1/1055/2,,videos/sample_004217_O1__1055__2.pt,ok,0.5315662622,0.5643759370,0.5876837815,0.5687149500,average,0.5315662622,0.5876837815,
O1/1055/3,,videos/sample_004218_O1__1055__3.pt,ok,0.5321019292,0.5695843697,0.5873690631,0.5657605371,average,0.5321019292,0.5873690631,
O1/1055/4,,videos/sample_004219_O1__1055__4.pt,ok,0.5278106928,0.5497946739,0.5898950184,0.5770682854,average,0.5278106928,0.5898950184,
O1/1056/1,,videos/sample_004220_O1__1056__1.pt,ok,0.5517446399,0.5872773528,0.5759441183,0.5558385788,average,0.5517446399,0.5759441183,
O1/1056/2,,videos/sample_004221_O1__1056__2.pt,ok,0.5527468324,0.5872773528,0.5753672005,0.5558385788,average,0.5527468324,0.5753672005,
O1/1056/3,,videos/sample_004222_O1__1056__3.pt,ok,0.5476123691,0.5831906796,0.5783289994,0.5581147573,average,0.5476123691,0.5783289994,
O1/1056/4,,videos/sample_004223_O1__1056__4.pt,ok,0.5510823131,0.5860615373,0.5763257079,0.5565147870,average,0.5510823131,0.5763257079,
O1/1057/1,,videos/sample_004224_O1__1057__1.pt,ok,0.5246126652,0.5489985347,0.5917845387,0.5775278950,average,0.5246126652,0.5917845387,
O1/1057/2,,videos/sample_004225_O1__1057__2.pt,ok,0.5220141411,0.5456390977,0.5933243048,0.5794713262,average,0.5220141411,0.5933243048,
O1/1057/3,,videos/sample_004226_O1__1057__3.pt,ok,0.5267939568,0.5630940199,0.5904950910,0.5694444629,average,0.5267939568,0.5904950910,
O1/1057/4,,videos/sample_004227_O1__1057__4.pt,ok,0.5245155692,0.5651752353,0.5918420014,0.5682605587,average,0.5245155692,0.5918420014,
O1/1058/1,,videos/sample_004228_O1__1058__1.pt,ok,0.5501700044,0.5673323274,0.5768517347,0.5670360895,average,0.5501700044,0.5768517347,
O1/1058/2,,videos/sample_004229_O1__1058__2.pt,ok,0.5474852324,0.5807873607,0.5784025310,0.5594576981,average,0.5474852324,0.5784025310,
O1/1058/3,,videos/sample_004230_O1__1058__3.pt,ok,0.5360950828,0.5558701754,0.5850282848,0.5735729349,average,0.5360950828,0.5850282848,
O1/1058/4,,videos/sample_004231_O1__1058__4.pt,ok,0.5511215329,0.5843011141,0.5763031049,0.5574953513,average,0.5511215329,0.5763031049,
O1/1059/1,,videos/sample_004232_O1__1059__1.pt,ok,0.6176398396,0.6294323802,0.5392155722,0.5328941965,average,0.6176398396,0.5392155722,
O1/1059/2,,videos/sample_004233_O1__1059__2.pt,ok,0.6186730862,0.6309236288,0.5386587173,0.5321001110,average,0.6186730862,0.5386587173,
O1/1059/3,,videos/sample_004234_O1__1059__3.pt,ok,0.6177892089,0.6292107105,0.5391350360,0.5330123360,average,0.6177892089,0.5391350360,
O1/1059/4,,videos/sample_004235_O1__1059__4.pt,ok,0.6187365055,0.6327383518,0.5386245570,0.5311353723,average,0.6187365055,0.5386245570,
O1/1060/1,,videos/sample_004236_O1__1060__1.pt,ok,0.6192232966,0.6516230106,0.5383624231,0.5211991781,average,0.6192232966,0.5383624231,
O1/1060/2,,videos/sample_004237_O1__1060__2.pt,ok,0.6177930236,0.6516500711,0.5391329793,0.5211850744,average,0.6177930236,0.5391329793,
O1/1060/3,,videos/sample_004238_O1__1060__3.pt,ok,0.6194550991,0.6516230106,0.5382376439,0.5211991781,average,0.6194550991,0.5382376439,
O1/1060/4,,videos/sample_004239_O1__1060__4.pt,ok,0.6192271709,0.6516500711,0.5383603374,0.5211850744,average,0.6192271709,0.5383603374,
O1/1061/1,,videos/sample_004240_O1__1061__1.pt,ok,0.5561324358,0.5793550611,0.5734225292,0.5602595833,average,0.5561324358,0.5734225292,
O1/1061/2,,videos/sample_004241_O1__1061__2.pt,ok,0.5567436814,0.5830881596,0.5730721343,0.5581719781,average,0.5567436814,0.5730721343,
O1/1061/3,,videos/sample_004242_O1__1061__3.pt,ok,0.5573188066,0.5822699666,0.5727426408,0.5586288574,average,0.5573188066,0.5727426408,
O1/1061/4,,videos/sample_004243_O1__1061__4.pt,ok,0.5551604629,0.5790241957,0.5739801513,0.5604449845,average,0.5551604629,0.5739801513,
O1/1062/1,,videos/sample_004244_O1__1062__1.pt,ok,0.5762836933,0.5969142914,0.5619829918,0.5505077244,average,0.5762836933,0.5619829918,
O1/1062/2,,videos/sample_004245_O1__1062__2.pt,ok,0.5732586384,0.5969142914,0.5636855951,0.5505077244,average,0.5732586384,0.5636855951,
O1/1062/3,,videos/sample_004246_O1__1062__3.pt,ok,0.5823053718,0.6071087718,0.5586090794,0.5449240936,average,0.5823053718,0.5586090794,
O1/1062/4,,videos/sample_004247_O1__1062__4.pt,ok,0.5829699636,0.6071087718,0.5582379557,0.5449240936,average,0.5829699636,0.5582379557,
O1/1063/1,,videos/sample_004248_O1__1063__1.pt,ok,0.5688765049,0.6052965522,0.5661611608,0.5459125111,average,0.5688765049,0.5661611608,
O1/1063/2,,videos/sample_004249_O1__1063__2.pt,ok,0.5676948428,0.6081572771,0.5668305674,0.5443530372,average,0.5676948428,0.5668305674,
O1/1063/3,,videos/sample_004250_O1__1063__3.pt,ok,0.5691879392,0.6067524552,0.5659848663,0.5451182937,average,0.5691879392,0.5659848663,
O1/1063/4,,videos/sample_004251_O1__1063__4.pt,ok,0.5624336004,0.5976424813,0.5698206593,0.5501069961,average,0.5624336004,0.5698206593,
O1/1064/1,,videos/sample_004252_O1__1064__1.pt,ok,0.5652844310,0.5878368020,0.5681985105,0.5555277023,average,0.5652844310,0.5681985105,
O1/1064/2,,videos/sample_004253_O1__1064__2.pt,ok,0.5667377114,0.5881729126,0.5673733585,0.5553410149,average,0.5667377114,0.5673733585,
O1/1064/3,,videos/sample_004254_O1__1064__3.pt,ok,0.5656490922,0.5875843167,0.5679913483,0.5556679826,average,0.5656490922,0.5679913483,
O1/1064/4,,videos/sample_004255_O1__1064__4.pt,ok,0.5668998957,0.5883233547,0.5672813469,0.5552574745,average,0.5668998957,0.5672813469,
O1/1065/1,,videos/sample_004256_O1__1065__1.pt,ok,0.5871264935,0.6054267883,0.5559224386,0.5458414182,average,0.5871264935,0.5559224386,
O1/1065/2,,videos/sample_004257_O1__1065__2.pt,ok,0.5885660648,0.6090878844,0.5551227243,0.5438466940,average,0.5885660648,0.5551227243,
O1/1065/3,,videos/sample_004258_O1__1065__3.pt,ok,0.5874818563,0.6073513627,0.5557249195,0.5447919160,average,0.5874818563,0.5557249195,
O1/1065/4,,videos/sample_004259_O1__1065__4.pt,ok,0.5882539153,0.6091737151,0.5552960326,0.5438000172,average,0.5882539153,0.5552960326,
O1/1066/1,,videos/sample_004260_O1__1066__1.pt,ok,0.5489674807,0.5717647672,0.5775458299,0.5645282981,average,0.5489674807,0.5775458299,
O1/1066/2,,videos/sample_004261_O1__1066__2.pt,ok,0.5511096716,0.5726745129,0.5763099407,0.5640149544,average,0.5511096716,0.5763099407,
O1/1066/3,,videos/sample_004262_O1__1066__3.pt,ok,0.5479694009,0.5688489676,0.5781225544,0.5661767516,average,0.5479694009,0.5781225544,
O1/1066/4,,videos/sample_004263_O1__1066__4.pt,ok,0.5504713058,0.5709879994,0.5766779546,0.5649669758,average,0.5504713058,0.5766779546,
O1/1067/1,,videos/sample_004264_O1__1067__1.pt,ok,0.5591723323,0.5847357512,0.5716820309,0.5572530958,average,0.5591723323,0.5716820309,
O1/1067/2,,videos/sample_004265_O1__1067__2.pt,ok,0.5570656061,0.5813139677,0.5728876779,0.5591631613,average,0.5570656061,0.5728876779,
O1/1067/3,,videos/sample_004266_O1__1067__3.pt,ok,0.5574533939,0.5822024941,0.5726655621,0.5586665507,average,0.5574533939,0.5726655621,
O1/1067/4,,videos/sample_004267_O1__1067__4.pt,ok,0.5589051843,0.5861186981,0.5718347750,0.5564829770,average,0.5589051843,0.5718347750,
O1/1068/1,,videos/sample_004268_O1__1068__1.pt,ok,0.6105632782,0.6258481741,0.5430448976,0.5348076261,average,0.6105632782,0.5430448976,
O1/1068/2,,videos/sample_004269_O1__1068__2.pt,ok,0.6109227538,0.6252392530,0.5428497212,0.5351333809,average,0.6109227538,0.5428497212,
O1/1068/3,,videos/sample_004270_O1__1068__3.pt,ok,0.6097558141,0.6252392530,0.5434835639,0.5351333809,average,0.6097558141,0.5434835639,
O1/1068/4,,videos/sample_004271_O1__1068__4.pt,ok,0.6115786433,0.6258481741,0.5424937885,0.5348076261,average,0.6115786433,0.5424937885,
O1/1069/1,,videos/sample_004272_O1__1069__1.pt,ok,0.6284143925,0.6547759771,0.5334369524,0.5195584425,average,0.6284143925,0.5334369524,
O1/1069/2,,videos/sample_004273_O1__1069__2.pt,ok,0.6276137233,0.6547759771,0.5338642300,0.5195584425,average,0.6276137233,0.5338642300,
O1/1069/3,,videos/sample_004274_O1__1069__3.pt,ok,0.6289516687,0.6550930142,0.5331504264,0.5193937493,average,0.6289516687,0.5331504264,
O1/1069/4,,videos/sample_004275_O1__1069__4.pt,ok,0.6288429499,0.6550930142,0.5332083931,0.5193937493,average,0.6288429499,0.5332083931,
O1/1070/1,,videos/sample_004276_O1__1070__1.pt,ok,0.6182048321,0.6315429211,0.5389110055,0.5317706875,average,0.6182048321,0.5389110055,
O1/1070/2,,videos/sample_004277_O1__1070__2.pt,ok,0.6185972095,0.6323571205,0.5386995905,0.5313378963,average,0.6185972095,0.5386995905,
O1/1070/3,,videos/sample_004278_O1__1070__3.pt,ok,0.6166138053,0.6315429211,0.5397691098,0.5317706875,average,0.6166138053,0.5397691098,
O1/1070/4,,videos/sample_004279_O1__1070__4.pt,ok,0.6176555753,0.6315389276,0.5392070873,0.5317728112,average,0.6176555753,0.5392070873,
O1/1071/1,,videos/sample_004280_O1__1071__1.pt,ok,0.5597870350,0.5899387002,0.5713307243,0.5543612659,average,0.5597870350,0.5713307243,
O1/1071/2,,videos/sample_004281_O1__1071__2.pt,ok,0.5612159967,0.5920206308,0.5705148976,0.5532083248,average,0.5612159967,0.5705148976,
O1/1071/3,,videos/sample_004282_O1__1071__3.pt,ok,0.5531106591,0.5844732523,0.5751579046,0.5573993933,average,0.5531106591,0.5751579046,
O1/1071/4,,videos/sample_004283_O1__1071__4.pt,ok,0.5566205382,0.5952648520,0.5731427085,0.5514165027,average,0.5566205382,0.5731427085,
O1/1072/1,,videos/sample_004284_O1__1072__1.pt,ok,0.5594886541,0.6003370881,0.5715012239,0.5486266694,average,0.5594886541,0.5715012239,
O1/1072/2,,videos/sample_004285_O1__1072__2.pt,ok,0.5600330234,0.5927777290,0.5711902009,0.5527896503,average,0.5600330234,0.5711902009,
O1/1072/3,,videos/sample_004286_O1__1072__3.pt,ok,0.5522052646,0.5873687863,0.5756788853,0.5557877588,average,0.5522052646,0.5756788853,
O1/1072/4,,videos/sample_004287_O1__1072__4.pt,ok,0.5604081750,0.5940364003,0.5709759582,0.5520943075,average,0.5604081750,0.5709759582,
O1/1073/1,,videos/sample_004288_O1__1073__1.pt,ok,0.5616933703,0.5847995281,0.5702426139,0.5572175571,average,0.5616933703,0.5702426139,
O1/1073/2,,videos/sample_004289_O1__1073__2.pt,ok,0.5628885031,0.5872244239,0.5695615053,0.5558679995,average,0.5628885031,0.5695615053,
O1/1073/3,,videos/sample_004290_O1__1073__3.pt,ok,0.5607842207,0.5839079022,0.5707612855,0.5577146082,average,0.5607842207,0.5707612855,
O1/1073/4,,videos/sample_004291_O1__1073__4.pt,ok,0.5625858903,0.5883098841,0.5697338880,0.5552649543,average,0.5625858903,0.5697338880,
O1/1074/1,,videos/sample_004292_O1__1074__1.pt,ok,0.6186935306,0.6459634304,0.5386477049,0.5241573097,average,0.6186935306,0.5386477049,
O1/1074/2,,videos/sample_004293_O1__1074__2.pt,ok,0.6187409163,0.6459634304,0.5386221813,0.5241573097,average,0.6187409163,0.5386221813,
O1/1074/3,,videos/sample_004294_O1__1074__3.pt,ok,0.6153486967,0.6466172934,0.5404524085,0.5238146947,average,0.6153486967,0.5404524085,
O1/1074/4,,videos/sample_004295_O1__1074__4.pt,ok,0.6175585389,0.6466172934,0.5392594126,0.5238146947,average,0.6175585389,0.5392594126,
O1/1075/1,,videos/sample_004296_O1__1075__1.pt,ok,0.5432770252,0.5721701980,0.5808416973,0.5642994673,average,0.5432770252,0.5808416973,
O1/1075/2,,videos/sample_004297_O1__1075__2.pt,ok,0.5428683162,0.5606340766,0.5810791411,0.5708469884,average,0.5428683162,0.5810791411,
O1/1075/3,,videos/sample_004298_O1__1075__3.pt,ok,0.5386849642,0.5690475106,0.5835150913,0.5660643523,average,0.5386849642,0.5835150913,
O1/1075/4,,videos/sample_004299_O1__1075__4.pt,ok,0.5382437110,0.5566135049,0.5837726260,0.5731467397,average,0.5382437110,0.5837726260,
O1/1076/1,,videos/sample_004300_O1__1076__1.pt,ok,0.5548588634,0.5788847208,0.5741532895,0.5605231579,average,0.5548588634,0.5741532895,
O1/1076/2,,videos/sample_004301_O1__1076__2.pt,ok,0.5552082062,0.5787178874,0.5739527482,0.5606166797,average,0.5552082062,0.5739527482,
O1/1076/3,,videos/sample_004302_O1__1076__3.pt,ok,0.5543457866,0.5782416463,0.5744479499,0.5608837320,average,0.5543457866,0.5744479499,
O1/1076/4,,videos/sample_004303_O1__1076__4.pt,ok,0.5539481044,0.5786354542,0.5746764430,0.5606628950,average,0.5539481044,0.5746764430,
O1/1077/1,,videos/sample_004304_O1__1077__1.pt,ok,0.6131277680,0.6280981302,0.5416540486,0.5336056851,average,0.6131277680,0.5416540486,
O1/1077/2,,videos/sample_004305_O1__1077__2.pt,ok,0.6129251122,0.6283457279,0.5417638291,0.5334735819,average,0.6129251122,0.5417638291,
O1/1077/3,,videos/sample_004306_O1__1077__3.pt,ok,0.6116003394,0.6280952692,0.5424820187,0.5336072117,average,0.6116003394,0.5424820187,
O1/1077/4,,videos/sample_004307_O1__1077__4.pt,ok,0.6114464998,0.6289794445,0.5425654803,0.5331356179,average,0.6114464998,0.5425654803,
O1/1078/1,,videos/sample_004308_O1__1078__1.pt,ok,0.5363438129,0.5634034276,0.5848827887,0.5692682997,average,0.5363438129,0.5848827887,
O1/1078/2,,videos/sample_004309_O1__1078__2.pt,ok,0.5343848467,0.5609050989,0.5860296774,0.5706922970,average,0.5343848467,0.5860296774,
O1/1078/3,,videos/sample_004310_O1__1078__3.pt,ok,0.5319362879,0.5511041880,0.5874663637,0.5763131009,average,0.5319362879,0.5874663637,
O1/1078/4,,videos/sample_004311_O1__1078__4.pt,ok,0.5334453583,0.5514376163,0.5865805042,0.5761209738,average,0.5334453583,0.5865805042,
O1/1079/1,,videos/sample_004312_O1__1079__1.pt,ok,0.6164873838,0.6325007677,0.5398373525,0.5312615766,average,0.6164873838,0.5398373525,
O1/1079/2,,videos/sample_004313_O1__1079__2.pt,ok,0.6168946028,0.6314082146,0.5396175653,0.5318423253,average,0.6168946028,0.5396175653,
O1/1079/3,,videos/sample_004314_O1__1079__3.pt,ok,0.6152811646,0.6324561238,0.5404889076,0.5312852947,average,0.6152811646,0.5404889076,
O1/1079/4,,videos/sample_004315_O1__1079__4.pt,ok,0.6164870858,0.6317420006,0.5398375134,0.5316648334,average,0.6164870858,0.5398375134,
O1/1080/1,,videos/sample_004316_O1__1080__1.pt,ok,0.6346267462,0.6607700586,0.5301333257,0.5164534819,average,0.6346267462,0.5301333257,
O1/1080/2,,videos/sample_004317_O1__1080__2.pt,ok,0.6344169378,0.6597917676,0.5302445638,0.5169589709,average,0.6344169378,0.5302445638,
O1/1080/3,,videos/sample_004318_O1__1080__3.pt,ok,0.6339368820,0.6607700586,0.5304991718,0.5164534819,average,0.6339368820,0.5304991718,
O1/1080/4,,videos/sample_004319_O1__1080__4.pt,ok,0.6344546080,0.6597917676,0.5302245897,0.5169589709,average,0.6344546080,0.5302245897,
