sample_id,official_movie_path,relative_path,status,surprise_average,surprise_maximum,plausibility_average,plausibility_maximum,selected_aggregation,selected_surprise,selected_plausibility,error
O1/0001/1,,videos/sample_000000_O1__0001__1.pt,ok,0.5679435134,0.5987859368,0.5666896309,0.5494783327,average,0.5679435134,0.5666896309,
O1/0001/2,,videos/sample_000001_O1__0001__2.pt,ok,0.5679605007,0.6053773165,0.5666800044,0.5458684226,average,0.5679605007,0.5666800044,
O1/0001/3,,videos/sample_000002_O1__0001__3.pt,ok,0.5614805818,0.5916115046,0.5703639679,0.5534347032,average,0.5614805818,0.5703639679,
O1/0001/4,,videos/sample_000003_O1__0001__4.pt,ok,0.5661799312,0.5977559686,0.5676899164,0.5500445695,average,0.5661799312,0.5676899164,
O1/0002/1,,videos/sample_000004_O1__0002__1.pt,ok,0.5351598263,0.5665469170,0.5855756923,0.5674816205,average,0.5351598263,0.5855756923,
O1/0002/2,,videos/sample_000005_O1__0002__2.pt,ok,0.5412592888,0.5705811381,0.5820148659,0.5651968858,average,0.5412592888,0.5820148659,
O1/0002/3,,videos/sample_000006_O1__0002__3.pt,ok,0.5399682522,0.5612000227,0.5827667537,0.5705240111,average,0.5399682522,0.5827667537,
O1/0002/4,,videos/sample_000007_O1__0002__4.pt,ok,0.5338438749,0.5553089380,0.5863467887,0.5738949358,average,0.5338438749,0.5863467887,
O1/0003/1,,videos/sample_000008_O1__0003__1.pt,ok,0.6158117652,0.6415174603,0.5402021999,0.5264928855,average,0.6158117652,0.5402021999,
O1/0003/2,,videos/sample_000009_O1__0003__2.pt,ok,0.6141300797,0.6415174603,0.5411114144,0.5264928855,average,0.6141300797,0.5411114144,
O1/0003/3,,videos/sample_000010_O1__0003__3.pt,ok,0.6155517101,0.6422179341,0.5403427005,0.5261242202,average,0.6155517101,0.5403427005,
O1/0003/4,,videos/sample_000011_O1__0003__4.pt,ok,0.6155205369,0.6422179341,0.5403595450,0.5261242202,average,0.6155205369,0.5403595450,
O1/0004/1,,videos/sample_000012_O1__0004__1.pt,ok,0.5631224513,0.5853148103,0.5694282730,0.5569305068,average,0.5631224513,0.5694282730,
O1/0004/2,,videos/sample_000013_O1__0004__2.pt,ok,0.5634329915,0.5841438174,0.5692514701,0.5575830504,average,0.5634329915,0.5692514701,
O1/0004/3,,videos/sample_000014_O1__0004__3.pt,ok,0.5619881749,0.5841438174,0.5700745285,0.5575830504,average,0.5619881749,0.5700745285,
O1/0004/4,,videos/sample_000015_O1__0004__4.pt,ok,0.5639669895,0.5853148103,0.5689475721,0.5569305068,average,0.5639669895,0.5689475721,
O1/0005/1,,videos/sample_000016_O1__0005__1.pt,ok,0.5546849966,0.5864344835,0.5742531244,0.5563072755,average,0.5546849966,0.5742531244,
O1/0005/2,,videos/sample_000017_O1__0005__2.pt,ok,0.5567392111,0.5912051797,0.5730746961,0.5536596232,average,0.5567392111,0.5730746961,
O1/0005/3,,videos/sample_000018_O1__0005__3.pt,ok,0.5557118058,0.5935187936,0.5736637786,0.5523801492,average,0.5557118058,0.5736637786,
O1/0005/4,,videos/sample_000019_O1__0005__4.pt,ok,0.5523923039,0.5823019743,0.5755712207,0.5586109773,average,0.5523923039,0.5755712207,
O1/0006/1,,videos/sample_000020_O1__0006__1.pt,ok,0.5567915440,0.5828229189,0.5730447062,0.5583200477,average,0.5567915440,0.5730447062,
O1/0006/2,,videos/sample_000021_O1__0006__2.pt,ok,0.5535415411,0.5711338520,0.5749101328,0.5648845799,average,0.5535415411,0.5749101328,
O1/0006/3,,videos/sample_000022_O1__0006__3.pt,ok,0.5531368852,0.5838967562,0.5751428207,0.5577208246,average,0.5531368852,0.5751428207,
O1/0006/4,,videos/sample_000023_O1__0006__4.pt,ok,0.5480147600,0.5657306910,0.5780963319,0.5679450028,average,0.5480147600,0.5780963319,
O1/0007/1,,videos/sample_000024_O1__0007__1.pt,ok,0.5630279779,0.5941581130,0.5694820714,0.5520271147,average,0.5630279779,0.5694820714,
O1/0007/2,,videos/sample_000025_O1__0007__2.pt,ok,0.5593644977,0.5962191820,0.5715721839,0.5508905205,average,0.5593644977,0.5715721839,
O1/0007/3,,videos/sample_000026_O1__0007__3.pt,ok,0.5633103848,0.5966079831,0.5693212685,0.5506763753,average,0.5633103848,0.5693212685,
O1/0007/4,,videos/sample_000027_O1__0007__4.pt,ok,0.5555987954,0.5761079788,0.5737286123,0.5620817490,average,0.5555987954,0.5737286123,
O1/0008/1,,videos/sample_000028_O1__0008__1.pt,ok,0.5510765314,0.5819998980,0.5763290400,0.5587797459,average,0.5510765314,0.5763290400,
O1/0008/2,,videos/sample_000029_O1__0008__2.pt,ok,0.5436804891,0.5606951714,0.5806073959,0.5708121137,average,0.5436804891,0.5806073959,
O1/0008/3,,videos/sample_000030_O1__0008__3.pt,ok,0.5488401651,0.5783346891,0.5776193651,0.5608315482,average,0.5488401651,0.5776193651,
O1/0008/4,,videos/sample_000031_O1__0008__4.pt,ok,0.5472642183,0.5645436645,0.5785303802,0.5686195689,average,0.5472642183,0.5785303802,
O1/0009/1,,videos/sample_000032_O1__0009__1.pt,ok,0.6147814393,0.6439171433,0.5407590711,0.5252309841,average,0.6147814393,0.5407590711,
O1/0009/2,,videos/sample_000033_O1__0009__2.pt,ok,0.6131804585,0.6439171433,0.5416255093,0.5252309841,average,0.6131804585,0.5416255093,
O1/0009/3,,videos/sample_000034_O1__0009__3.pt,ok,0.6143530607,0.6452600360,0.5409907703,0.5245261287,average,0.6143530607,0.5409907703,
O1/0009/4,,videos/sample_000035_O1__0009__4.pt,ok,0.6148515940,0.6452600360,0.5407211356,0.5245261287,average,0.6148515940,0.5407211356,
O1/0010/1,,videos/sample_000036_O1__0010__1.pt,ok,0.5586173534,0.5975535512,0.5719993903,0.5501559194,average,0.5586173534,0.5719993903,
O1/0010/2,,videos/sample_000037_O1__0010__2.pt,ok,0.5463944674,0.5796198249,0.5790337764,0.5601112665,average,0.5463944674,0.5790337764,
O1/0010/3,,videos/sample_000038_O1__0010__3.pt,ok,0.5607908368,0.5997589827,0.5707575093,0.5489439252,average,0.5607908368,0.5707575093,
O1/0010/4,,videos/sample_000039_O1__0010__4.pt,ok,0.5559439063,0.6019685268,0.5735306464,0.5477323483,average,0.5559439063,0.5735306464,
O1/0011/1,,videos/sample_000040_O1__0011__1.pt,ok,0.6207127571,0.6323343515,0.5375611505,0.5313499945,average,0.6207127571,0.5375611505,
O1/0011/2,,videos/sample_000041_O1__0011__2.pt,ok,0.6186339259,0.6309281588,0.5386798117,0.5320977006,average,0.6186339259,0.5386798117,
O1/0011/3,,videos/sample_000042_O1__0011__3.pt,ok,0.6204513311,0.6319015026,0.5377017013,0.5315800385,average,0.6204513311,0.5377017013,
O1/0011/4,,videos/sample_000043_O1__0011__4.pt,ok,0.6199302673,0.6323343515,0.5379819512,0.5313499945,average,0.6199302673,0.5379819512,
O1/0012/1,,videos/sample_000044_O1__0012__1.pt,ok,0.6172407866,0.6494319439,0.5394307908,0.5223424123,average,0.6172407866,0.5394307908,
O1/0012/2,,videos/sample_000045_O1__0012__2.pt,ok,0.6172153354,0.6492841244,0.5394445201,0.5224196304,average,0.6172153354,0.5394445201,
O1/0012/3,,videos/sample_000046_O1__0012__3.pt,ok,0.6174387336,0.6494319439,0.5393240226,0.5223424123,average,0.6174387336,0.5393240226,
O1/0012/4,,videos/sample_000047_O1__0012__4.pt,ok,0.6160551906,0.6492841244,0.5400707170,0.5224196304,average,0.6160551906,0.5400707170,
O1/0013/1,,videos/sample_000048_O1__0013__1.pt,ok,0.6227184534,0.6500528455,0.5364840466,0.5220181897,average,0.6227184534,0.5364840466,
O1/0013/2,,videos/sample_000049_O1__0013__2.pt,ok,0.6229169965,0.6496264935,0.5363775420,0.5222408007,average,0.6229169965,0.5363775420,
O1/0013/3,,videos/sample_000050_O1__0013__3.pt,ok,0.6212120652,0.6500528455,0.5372928088,0.5220181897,average,0.6212120652,0.5372928088,
O1/0013/4,,videos/sample_000051_O1__0013__4.pt,ok,0.6223694682,0.6496264935,0.5366713043,0.5222408007,average,0.6223694682,0.5366713043,
O1/0014/1,,videos/sample_000052_O1__0014__1.pt,ok,0.5460044742,0.5848251581,0.5792596397,0.5572032758,average,0.5460044742,0.5792596397,
O1/0014/2,,videos/sample_000053_O1__0014__2.pt,ok,0.5305248499,0.5499556065,0.5882961215,0.5769754238,average,0.5305248499,0.5882961215,
O1/0014/3,,videos/sample_000054_O1__0014__3.pt,ok,0.5431613922,0.5914541483,0.5809088656,0.5535217965,average,0.5431613922,0.5809088656,
O1/0014/4,,videos/sample_000055_O1__0014__4.pt,ok,0.5481355786,0.5861255527,0.5780264913,0.5564791626,average,0.5481355786,0.5780264913,
O1/0015/1,,videos/sample_000056_O1__0015__1.pt,ok,0.6167189479,0.6279553175,0.5397123601,0.5336818962,average,0.6167189479,0.5397123601,
O1/0015/2,,videos/sample_000057_O1__0015__2.pt,ok,0.6150423884,0.6282668710,0.5406179789,0.5335156517,average,0.6150423884,0.5406179789,
O1/0015/3,,videos/sample_000058_O1__0015__3.pt,ok,0.6167740822,0.6285986900,0.5396826042,0.5333386504,average,0.6167740822,0.5396826042,
O1/0015/4,,videos/sample_000059_O1__0015__4.pt,ok,0.6157617569,0.6279868484,0.5402292152,0.5336650690,average,0.6157617569,0.5402292152,
O1/0016/1,,videos/sample_000060_O1__0016__1.pt,ok,0.5697014928,0.6016557813,0.5656942773,0.5479036760,average,0.5697014928,0.5656942773,
O1/0016/2,,videos/sample_000061_O1__0016__2.pt,ok,0.5687561035,0.6013706923,0.5662293315,0.5480598996,average,0.5687561035,0.5662293315,
O1/0016/3,,videos/sample_000062_O1__0016__3.pt,ok,0.5697651505,0.5998634100,0.5656582676,0.5488866034,average,0.5697651505,0.5656582676,
O1/0016/4,,videos/sample_000063_O1__0016__4.pt,ok,0.5637500286,0.5820021033,0.5690710249,0.5587785136,average,0.5637500286,0.5690710249,
O1/0017/1,,videos/sample_000064_O1__0017__1.pt,ok,0.6159350872,0.6289281845,0.5401355852,0.5331629472,average,0.6159350872,0.5401355852,
O1/0017/2,,videos/sample_000065_O1__0017__2.pt,ok,0.6173223853,0.6296893358,0.5393867757,0.5327572839,average,0.6173223853,0.5393867757,
O1/0017/3,,videos/sample_000066_O1__0017__3.pt,ok,0.6179130077,0.6296901107,0.5390682958,0.5327568711,average,0.6179130077,0.5390682958,
O1/0017/4,,videos/sample_000067_O1__0017__4.pt,ok,0.6178027987,0.6300765872,0.5391277093,0.5325510129,average,0.6178027987,0.5391277093,
O1/0018/1,,videos/sample_000068_O1__0018__1.pt,ok,0.5556747317,0.5875303149,0.5736850471,0.5556979905,average,0.5556747317,0.5736850471,
O1/0018/2,,videos/sample_000069_O1__0018__2.pt,ok,0.5403354168,0.5590681434,0.5825528216,0.5717415969,average,0.5403354168,0.5825528216,
O1/0018/3,,videos/sample_000070_O1__0018__3.pt,ok,0.5537544489,0.5872617960,0.5747877430,0.5558472259,average,0.5537544489,0.5747877430,
O1/0018/4,,videos/sample_000071_O1__0018__4.pt,ok,0.5516363978,0.5881145597,0.5760064630,0.5553734217,average,0.5516363978,0.5760064630,
O1/0019/1,,videos/sample_000072_O1__0019__1.pt,ok,0.6160616279,0.6410414577,0.5400672404,0.5267435572,average,0.6160616279,0.5400672404,
O1/0019/2,,videos/sample_000073_O1__0019__2.pt,ok,0.6161429882,0.6418204904,0.5400233022,0.5263333665,average,0.6161429882,0.5400233022,
O1/0019/3,,videos/sample_000074_O1__0019__3.pt,ok,0.6143784523,0.6410414577,0.5409770339,0.5267435572,average,0.6143784523,0.5409770339,
O1/0019/4,,videos/sample_000075_O1__0019__4.pt,ok,0.6156890988,0.6418204904,0.5402684686,0.5263333665,average,0.6156890988,0.5402684686,
O1/0020/1,,videos/sample_000076_O1__0020__1.pt,ok,0.5607178807,0.5933620334,0.5707991510,0.5524667473,average,0.5607178807,0.5707991510,
O1/0020/2,,videos/sample_000077_O1__0020__2.pt,ok,0.5604025722,0.5897583961,0.5709791573,0.5544612285,average,0.5604025722,0.5709791573,
O1/0020/3,,videos/sample_000078_O1__0020__3.pt,ok,0.5624162555,0.5936899781,0.5698305429,0.5522855984,average,0.5624162555,0.5698305429,
O1/0020/4,,videos/sample_000079_O1__0020__4.pt,ok,0.5526287556,0.5725080967,0.5754351421,0.5641088235,average,0.5526287556,0.5754351421,
O1/0021/1,,videos/sample_000080_O1__0021__1.pt,ok,0.5514050126,0.5938131213,0.5761397578,0.5522175924,average,0.5514050126,0.5761397578,
O1/0021/2,,videos/sample_000081_O1__0021__2.pt,ok,0.5385524631,0.5568671823,0.5835924128,0.5730013637,average,0.5385524631,0.5835924128,
O1/0021/3,,videos/sample_000082_O1__0021__3.pt,ok,0.5540969372,0.5864496231,0.5745909187,0.5562988534,average,0.5540969372,0.5745909187,
O1/0021/4,,videos/sample_000083_O1__0021__4.pt,ok,0.5521695614,0.5831403732,0.5756994392,0.5581428347,average,0.5521695614,0.5756994392,
O1/0022/1,,videos/sample_000084_O1__0022__1.pt,ok,0.5513060093,0.5793539882,0.5761968004,0.5602601844,average,0.5513060093,0.5761968004,
O1/0022/2,,videos/sample_000085_O1__0022__2.pt,ok,0.5518695712,0.5840250850,0.5758721693,0.5576492575,average,0.5518695712,0.5758721693,
O1/0022/3,,videos/sample_000086_O1__0022__3.pt,ok,0.5483704805,0.5885658264,0.5778907277,0.5551228566,average,0.5483704805,0.5778907277,
O1/0022/4,,videos/sample_000087_O1__0022__4.pt,ok,0.5403354168,0.5590681434,0.5825528216,0.5717415969,average,0.5403354168,0.5825528216,
O1/0023/1,,videos/sample_000088_O1__0023__1.pt,ok,0.5635743737,0.5897603631,0.5691709938,0.5544601379,average,0.5635743737,0.5691709938,
O1/0023/2,,videos/sample_000089_O1__0023__2.pt,ok,0.5622032881,0.5810612440,0.5699519112,0.5593044930,average,0.5622032881,0.5699519112,
O1/0023/3,,videos/sample_000090_O1__0023__3.pt,ok,0.5630586743,0.5808830261,0.5694645906,0.5594041799,average,0.5630586743,0.5694645906,
O1/0023/4,,videos/sample_000091_O1__0023__4.pt,ok,0.5637208223,0.5899847746,0.5690876456,0.5543357247,average,0.5637208223,0.5690876456,
O1/0024/1,,videos/sample_000092_O1__0024__1.pt,ok,0.5505040884,0.5919802785,0.5766590500,0.5532306485,average,0.5505040884,0.5766590500,
O1/0024/2,,videos/sample_000093_O1__0024__2.pt,ok,0.5313587785,0.5527068973,0.5878057290,0.5753901784,average,0.5313587785,0.5878057290,
O1/0024/3,,videos/sample_000094_O1__0024__3.pt,ok,0.5485183001,0.5883967280,0.5778053105,0.5552167350,average,0.5485183001,0.5778053105,
O1/0024/4,,videos/sample_000095_O1__0024__4.pt,ok,0.5410517454,0.5764582157,0.5821356718,0.5618849217,average,0.5410517454,0.5821356718,
O1/0025/1,,videos/sample_000096_O1__0025__1.pt,ok,0.5697150826,0.6005687714,0.5656865897,0.5484995765,average,0.5697150826,0.5656865897,
O1/0025/2,,videos/sample_000097_O1__0025__2.pt,ok,0.5666545033,0.5971691608,0.5674205705,0.5503674346,average,0.5666545033,0.5674205705,
O1/0025/3,,videos/sample_000098_O1__0025__3.pt,ok,0.5712254047,0.6027694345,0.5648328656,0.5472938409,average,0.5712254047,0.5648328656,
O1/0025/4,,videos/sample_000099_O1__0025__4.pt,ok,0.5720443130,0.6045123339,0.5643705086,0.5463407936,average,0.5720443130,0.5643705086,
O1/0026/1,,videos/sample_000100_O1__0026__1.pt,ok,0.5639670491,0.5944222808,0.5689475382,0.5518813062,average,0.5639670491,0.5689475382,
O1/0026/2,,videos/sample_000101_O1__0026__2.pt,ok,0.5696226954,0.6039991379,0.5657388543,0.5466212454,average,0.5696226954,0.5657388543,
O1/0026/3,,videos/sample_000102_O1__0026__3.pt,ok,0.5699423552,0.6081187725,0.5655580393,0.5443739977,average,0.5699423552,0.5655580393,
O1/0026/4,,videos/sample_000103_O1__0026__4.pt,ok,0.5711076856,0.6041581631,0.5648993611,0.5465343258,average,0.5711076856,0.5648993611,
O1/0027/1,,videos/sample_000104_O1__0027__1.pt,ok,0.5405699611,0.5697002411,0.5824162032,0.5656949854,average,0.5405699611,0.5824162032,
O1/0027/2,,videos/sample_000105_O1__0027__2.pt,ok,0.5390751362,0.5700488687,0.5832874645,0.5654978029,average,0.5390751362,0.5832874645,
O1/0027/3,,videos/sample_000106_O1__0027__3.pt,ok,0.5371388197,0.5577328205,0.5844179878,0.5725055665,average,0.5371388197,0.5844179878,
O1/0027/4,,videos/sample_000107_O1__0027__4.pt,ok,0.5388062596,0.5591412783,0.5834443179,0.5716997842,average,0.5388062596,0.5834443179,
O1/0028/1,,videos/sample_000108_O1__0028__1.pt,ok,0.5602005124,0.5990247726,0.5710945408,0.5493471133,average,0.5602005124,0.5710945408,
O1/0028/2,,videos/sample_000109_O1__0028__2.pt,ok,0.5552906990,0.5864357352,0.5739054032,0.5563065792,average,0.5552906990,0.5739054032,
O1/0028/3,,videos/sample_000110_O1__0028__3.pt,ok,0.5583260655,0.5956524611,0.5721660311,0.5512028102,average,0.5583260655,0.5721660311,
O1/0028/4,,videos/sample_000111_O1__0028__4.pt,ok,0.5583070517,0.5891400576,0.5721769103,0.5548041793,average,0.5583070517,0.5721769103,
O1/0029/1,,videos/sample_000112_O1__0029__1.pt,ok,0.6166990995,0.6426733732,0.5397230726,0.5258846572,average,0.6166990995,0.5397230726,
O1/0029/2,,videos/sample_000113_O1__0029__2.pt,ok,0.6138346195,0.6426641941,0.5412713149,0.5258894844,average,0.6138346195,0.5412713149,
O1/0029/3,,videos/sample_000114_O1__0029__3.pt,ok,0.6167680025,0.6426641941,0.5396858853,0.5258894844,average,0.6167680025,0.5396858853,
O1/0029/4,,videos/sample_000115_O1__0029__4.pt,ok,0.6173508763,0.6426733732,0.5393714082,0.5258846572,average,0.6173508763,0.5393714082,
O1/0030/1,,videos/sample_000116_O1__0030__1.pt,ok,0.5555987954,0.5761079788,0.5737286123,0.5620817490,average,0.5555987954,0.5737286123,
O1/0030/2,,videos/sample_000117_O1__0030__2.pt,ok,0.5566773415,0.5776332617,0.5731101531,0.5612250688,average,0.5566773415,0.5731101531,
O1/0030/3,,videos/sample_000118_O1__0030__3.pt,ok,0.5582171082,0.5872166753,0.5722283762,0.5558723067,average,0.5582171082,0.5722283762,
O1/0030/4,,videos/sample_000119_O1__0030__4.pt,ok,0.5581305027,0.5890479088,0.5722779365,0.5548553062,average,0.5581305027,0.5722779365,
O1/0031/1,,videos/sample_000120_O1__0031__1.pt,ok,0.6270052791,0.6541739106,0.5341891554,0.5198713454,average,0.6270052791,0.5341891554,
O1/0031/2,,videos/sample_000121_O1__0031__2.pt,ok,0.6261609197,0.6533195972,0.5346403936,0.5203156683,average,0.6261609197,0.5346403936,
O1/0031/3,,videos/sample_000122_O1__0031__3.pt,ok,0.6264937520,0.6533195972,0.5344624776,0.5203156683,average,0.6264937520,0.5344624776,
O1/0031/4,,videos/sample_000123_O1__0031__4.pt,ok,0.6260142326,0.6541739106,0.5347188241,0.5198713454,average,0.6260142326,0.5347188241,
O1/0032/1,,videos/sample_000124_O1__0032__1.pt,ok,0.5424179435,0.5766441822,0.5813409022,0.5617804396,average,0.5424179435,0.5813409022,
O1/0032/2,,videos/sample_000125_O1__0032__2.pt,ok,0.5321539640,0.5540691614,0.5873385002,0.5746068786,average,0.5321539640,0.5873385002,
O1/0032/3,,videos/sample_000126_O1__0032__3.pt,ok,0.5383231640,0.5580683947,0.5837262454,0.5723134806,average,0.5383231640,0.5837262454,
O1/0032/4,,videos/sample_000127_O1__0032__4.pt,ok,0.5404449701,0.5802038908,0.5824890045,0.5597842201,average,0.5404449701,0.5824890045,
O1/0033/1,,videos/sample_000128_O1__0033__1.pt,ok,0.5876052976,0.6091500521,0.5556563243,0.5438128853,average,0.5876052976,0.5556563243,
O1/0033/2,,videos/sample_000129_O1__0033__2.pt,ok,0.5856589079,0.6021971107,0.5567389013,0.5476071599,average,0.5856589079,0.5567389013,
O1/0033/3,,videos/sample_000130_O1__0033__3.pt,ok,0.5866530538,0.6045923233,0.5561856966,0.5462970938,average,0.5866530538,0.5561856966,
O1/0033/4,,videos/sample_000131_O1__0033__4.pt,ok,0.5875024199,0.6053134799,0.5557134919,0.5459032701,average,0.5875024199,0.5557134919,
O1/0034/1,,videos/sample_000132_O1__0034__1.pt,ok,0.6168335080,0.6444677711,0.5396505341,0.5249418570,average,0.6168335080,0.5396505341,
O1/0034/2,,videos/sample_000133_O1__0034__2.pt,ok,0.6148917079,0.6444677711,0.5406994456,0.5249418570,average,0.6148917079,0.5406994456,
O1/0034/3,,videos/sample_000134_O1__0034__3.pt,ok,0.6173434258,0.6434633732,0.5393754269,0.5254693724,average,0.6173434258,0.5393754269,
O1/0034/4,,videos/sample_000135_O1__0034__4.pt,ok,0.6179082394,0.6434633732,0.5390708663,0.5254693724,average,0.6179082394,0.5390708663,
O1/0035/1,,videos/sample_000136_O1__0035__1.pt,ok,0.6265890002,0.6498827338,0.5344115734,0.5221069987,average,0.6265890002,0.5344115734,
O1/0035/2,,videos/sample_000137_O1__0035__2.pt,ok,0.6261119843,0.6507038474,0.5346665570,0.5216784655,average,0.6261119843,0.5346665570,
O1/0035/3,,videos/sample_000138_O1__0035__3.pt,ok,0.6249488592,0.6507038474,0.5352888029,0.5216784655,average,0.6249488592,0.5352888029,
O1/0035/4,,videos/sample_000139_O1__0035__4.pt,ok,0.6263823509,0.6498827338,0.5345220206,0.5221069987,average,0.6263823509,0.5345220206,
O1/0036/1,,videos/sample_000140_O1__0036__1.pt,ok,0.5621100664,0.5873501897,0.5700050455,0.5557980947,average,0.5621100664,0.5700050455,
O1/0036/2,,videos/sample_000141_O1__0036__2.pt,ok,0.5608165264,0.5860750079,0.5707428469,0.5565072904,average,0.5608165264,0.5707428469,
O1/0036/3,,videos/sample_000142_O1__0036__3.pt,ok,0.5619975328,0.5871344209,0.5700691938,0.5559180315,average,0.5619975328,0.5700691938,
O1/0036/4,,videos/sample_000143_O1__0036__4.pt,ok,0.5627516508,0.5885763168,0.5696394565,0.5551170332,average,0.5627516508,0.5696394565,
O1/0037/1,,videos/sample_000144_O1__0037__1.pt,ok,0.5545411706,0.5877012014,0.5743357229,0.5556030373,average,0.5545411706,0.5743357229,
O1/0037/2,,videos/sample_000145_O1__0037__2.pt,ok,0.5555998683,0.5901265144,0.5737279967,0.5542571588,average,0.5555998683,0.5737279967,
O1/0037/3,,videos/sample_000146_O1__0037__3.pt,ok,0.5539268255,0.5991730094,0.5746886716,0.5492656859,average,0.5539268255,0.5746886716,
O1/0037/4,,videos/sample_000147_O1__0037__4.pt,ok,0.5408684611,0.5571422577,0.5822423779,0.5728437668,average,0.5408684611,0.5822423779,
O1/0038/1,,videos/sample_000148_O1__0038__1.pt,ok,0.5667945147,0.5889827013,0.5673411307,0.5548914881,average,0.5667945147,0.5673411307,
O1/0038/2,,videos/sample_000149_O1__0038__2.pt,ok,0.5668874383,0.5881616473,0.5672884138,0.5553472710,average,0.5668874383,0.5672884138,
O1/0038/3,,videos/sample_000150_O1__0038__3.pt,ok,0.5651340485,0.5865641832,0.5682839641,0.5562351273,average,0.5651340485,0.5682839641,
O1/0038/4,,videos/sample_000151_O1__0038__4.pt,ok,0.5653038025,0.5860661864,0.5681875038,0.5565121996,average,0.5653038025,0.5681875038,
O1/0039/1,,videos/sample_000152_O1__0039__1.pt,ok,0.5614345670,0.5936804414,0.5703902137,0.5522908654,average,0.5614345670,0.5703902137,
O1/0039/2,,videos/sample_000153_O1__0039__2.pt,ok,0.5552068949,0.5857531428,0.5739535009,0.5566864395,average,0.5552068949,0.5739535009,
O1/0039/3,,videos/sample_000154_O1__0039__3.pt,ok,0.5646016598,0.5972580314,0.5685865926,0.5503185254,average,0.5646016598,0.5685865926,
O1/0039/4,,videos/sample_000155_O1__0039__4.pt,ok,0.5638656616,0.6016465425,0.5690052253,0.5479087379,average,0.5638656616,0.5690052253,
O1/0040/1,,videos/sample_000156_O1__0040__1.pt,ok,0.6277500987,0.6510794163,0.5337914290,0.5214825761,average,0.6277500987,0.5337914290,
O1/0040/2,,videos/sample_000157_O1__0040__2.pt,ok,0.6263450980,0.6510794163,0.5345419334,0.5214825761,average,0.6263450980,0.5345419334,
O1/0040/3,,videos/sample_000158_O1__0040__3.pt,ok,0.6279169321,0.6526289582,0.5337023822,0.5206751427,average,0.6279169321,0.5337023822,
O1/0040/4,,videos/sample_000159_O1__0040__4.pt,ok,0.6277463436,0.6526289582,0.5337934334,0.5206751427,average,0.6277463436,0.5337934334,
O1/0041/1,,videos/sample_000160_O1__0041__1.pt,ok,0.6203783751,0.6444313526,0.5377409313,0.5249609749,average,0.6203783751,0.5377409313,
O1/0041/2,,videos/sample_000161_O1__0041__2.pt,ok,0.6216191649,0.6444131136,0.5370741216,0.5249705498,average,0.6216191649,0.5370741216,
O1/0041/3,,videos/sample_000162_O1__0041__3.pt,ok,0.6211698651,0.6444313526,0.5373154831,0.5249609749,average,0.6211698651,0.5373154831,
O1/0041/4,,videos/sample_000163_O1__0041__4.pt,ok,0.6215394735,0.6444131136,0.5371169235,0.5249705498,average,0.6215394735,0.5371169235,
O1/0042/1,,videos/sample_000164_O1__0042__1.pt,ok,0.6274150610,0.6522786021,0.5339702992,0.5208575964,average,0.6274150610,0.5339702992,
O1/0042/2,,videos/sample_000165_O1__0042__2.pt,ok,0.6239741445,0.6504371762,0.5358108112,0.5218176006,average,0.6239741445,0.5358108112,
O1/0042/3,,videos/sample_000166_O1__0042__3.pt,ok,0.6265953779,0.6522786021,0.5344081651,0.5208575964,average,0.6265953779,0.5344081651,
O1/0042/4,,videos/sample_000167_O1__0042__4.pt,ok,0.6267887950,0.6504371762,0.5343048114,0.5218176006,average,0.6267887950,0.5343048114,
O1/0043/1,,videos/sample_000168_O1__0043__1.pt,ok,0.5581799746,0.5959512591,0.5722496255,0.5510381364,average,0.5581799746,0.5722496255,
O1/0043/2,,videos/sample_000169_O1__0043__2.pt,ok,0.5520399213,0.5832338929,0.5757740778,0.5580906398,average,0.5520399213,0.5757740778,
O1/0043/3,,videos/sample_000170_O1__0043__3.pt,ok,0.5595912933,0.5982984304,0.5714425685,0.5497462722,average,0.5595912933,0.5714425685,
O1/0043/4,,videos/sample_000171_O1__0043__4.pt,ok,0.5575471520,0.5939051509,0.5726118726,0.5521667744,average,0.5575471520,0.5726118726,
O1/0044/1,,videos/sample_000172_O1__0044__1.pt,ok,0.6225265861,0.6353380680,0.5365869903,0.5297563644,average,0.6225265861,0.5365869903,
O1/0044/2,,videos/sample_000173_O1__0044__2.pt,ok,0.6232151389,0.6351469159,0.5362176489,0.5298576381,average,0.6232151389,0.5362176489,
O1/0044/3,,videos/sample_000174_O1__0044__3.pt,ok,0.6240177155,0.6356362700,0.5357874659,0.5295984135,average,0.6240177155,0.5357874659,
O1/0044/4,,videos/sample_000175_O1__0044__4.pt,ok,0.6231164336,0.6356362700,0.5362705791,0.5295984135,average,0.6231164336,0.5362705791,
O1/0045/1,,videos/sample_000176_O1__0045__1.pt,ok,0.5569397211,0.6075263619,0.5729598004,0.5446965862,average,0.5569397211,0.5729598004,
O1/0045/2,,videos/sample_000177_O1__0045__2.pt,ok,0.5587807298,0.5937274694,0.5719059468,0.5522648929,average,0.5587807298,0.5719059468,
O1/0045/3,,videos/sample_000178_O1__0045__3.pt,ok,0.5511256456,0.5875666142,0.5763007347,0.5556778194,average,0.5511256456,0.5763007347,
O1/0045/4,,videos/sample_000179_O1__0045__4.pt,ok,0.5403292775,0.5580934286,0.5825563981,0.5722991535,average,0.5403292775,0.5825563981,
O1/0046/1,,videos/sample_000180_O1__0046__1.pt,ok,0.5538802147,0.5721043944,0.5747154589,0.5643366014,average,0.5538802147,0.5747154589,
O1/0046/2,,videos/sample_000181_O1__0046__2.pt,ok,0.5545002222,0.5768244863,0.5743592415,0.5616791575,average,0.5545002222,0.5743592415,
O1/0046/3,,videos/sample_000182_O1__0046__3.pt,ok,0.5524806380,0.5716873407,0.5755203804,0.5645720092,average,0.5524806380,0.5755203804,
O1/0046/4,,videos/sample_000183_O1__0046__4.pt,ok,0.5537258983,0.5822674632,0.5748041538,0.5586302559,average,0.5537258983,0.5748041538,
O1/0047/1,,videos/sample_000184_O1__0047__1.pt,ok,0.5602852106,0.6025312543,0.5710461722,0.5474242110,average,0.5602852106,0.5710461722,
O1/0047/2,,videos/sample_000185_O1__0047__2.pt,ok,0.5485976934,0.5876884460,0.5777594384,0.5556101243,average,0.5485976934,0.5777594384,
O1/0047/3,,videos/sample_000186_O1__0047__3.pt,ok,0.5563575625,0.6065841913,0.5732934510,0.5452100251,average,0.5563575625,0.5732934510,
O1/0047/4,,videos/sample_000187_O1__0047__4.pt,ok,0.5588383079,0.5993237495,0.5718730185,0.5491828957,average,0.5588383079,0.5718730185,
O1/0048/1,,videos/sample_000188_O1__0048__1.pt,ok,0.5565502048,0.5864318013,0.5731830211,0.5563087677,average,0.5565502048,0.5731830211,
O1/0048/2,,videos/sample_000189_O1__0048__2.pt,ok,0.5649215579,0.5991129875,0.5684047319,0.5492986548,average,0.5649215579,0.5684047319,
O1/0048/3,,videos/sample_000190_O1__0048__3.pt,ok,0.5662357211,0.5999150872,0.5676582459,0.5488582392,average,0.5662357211,0.5676582459,
O1/0048/4,,videos/sample_000191_O1__0048__4.pt,ok,0.5643296838,0.5950254798,0.5687412555,0.5515485123,average,0.5643296838,0.5687412555,
O1/0049/1,,videos/sample_000192_O1__0049__1.pt,ok,0.5738309026,0.6099936962,0.5633631103,0.5433542943,average,0.5738309026,0.5633631103,
O1/0049/2,,videos/sample_000193_O1__0049__2.pt,ok,0.5712368488,0.6048655510,0.5648264016,0.5461478507,average,0.5712368488,0.5648264016,
O1/0049/3,,videos/sample_000194_O1__0049__3.pt,ok,0.5653172135,0.6015456319,0.5681798838,0.5479640305,average,0.5653172135,0.5681798838,
O1/0049/4,,videos/sample_000195_O1__0049__4.pt,ok,0.5727344155,0.6157934070,0.5639811695,0.5402121172,average,0.5727344155,0.5639811695,
O1/0050/1,,videos/sample_000196_O1__0050__1.pt,ok,0.5438387394,0.5795983672,0.5805155219,0.5601232853,average,0.5438387394,0.5805155219,
O1/0050/2,,videos/sample_000197_O1__0050__2.pt,ok,0.5318375230,0.5555381775,0.5875243876,0.5737633915,average,0.5318375230,0.5875243876,
O1/0050/3,,videos/sample_000198_O1__0050__3.pt,ok,0.5460648537,0.5807895660,0.5792246653,0.5594564643,average,0.5460648537,0.5792246653,
O1/0050/4,,videos/sample_000199_O1__0050__4.pt,ok,0.5425580144,0.5875483751,0.5812594789,0.5556879545,average,0.5425580144,0.5812594789,
O1/0051/1,,videos/sample_000200_O1__0051__1.pt,ok,0.5477452278,0.5878550410,0.5782521685,0.5555175701,average,0.5477452278,0.5782521685,
O1/0051/2,,videos/sample_000201_O1__0051__2.pt,ok,0.5454739928,0.5939419270,0.5795670076,0.5521464682,average,0.5454739928,0.5795670076,
O1/0051/3,,videos/sample_000202_O1__0051__3.pt,ok,0.5327283144,0.5525974631,0.5870012590,0.5754531491,average,0.5327283144,0.5870012590,
O1/0051/4,,videos/sample_000203_O1__0051__4.pt,ok,0.5480653048,0.5902292728,0.5780671129,0.5542002071,average,0.5480653048,0.5780671129,
O1/0052/1,,videos/sample_000204_O1__0052__1.pt,ok,0.5738169551,0.5943323374,0.5633709679,0.5519309465,average,0.5738169551,0.5633709679,
O1/0052/2,,videos/sample_000205_O1__0052__2.pt,ok,0.5749373436,0.5958594084,0.5627401270,0.5510887520,average,0.5749373436,0.5627401270,
O1/0052/3,,videos/sample_000206_O1__0052__3.pt,ok,0.5735163093,0.5943323374,0.5635403685,0.5519309465,average,0.5735163093,0.5635403685,
O1/0052/4,,videos/sample_000207_O1__0052__4.pt,ok,0.5749871731,0.5958594084,0.5627120866,0.5510887520,average,0.5749871731,0.5627120866,
O1/0053/1,,videos/sample_000208_O1__0053__1.pt,ok,0.6290565133,0.6371027827,0.5330945314,0.5288223199,average,0.6290565133,0.5330945314,
O1/0053/2,,videos/sample_000209_O1__0053__2.pt,ok,0.6284992695,0.6373129487,0.5333916778,0.5287111911,average,0.6284992695,0.5333916778,
O1/0053/3,,videos/sample_000210_O1__0053__3.pt,ok,0.6286081672,0.6357937455,0.5333335959,0.5295150213,average,0.6286081672,0.5333335959,
O1/0053/4,,videos/sample_000211_O1__0053__4.pt,ok,0.6295769811,0.6364055872,0.5328171451,0.5291911410,average,0.6295769811,0.5328171451,
O1/0054/1,,videos/sample_000212_O1__0054__1.pt,ok,0.5653553009,0.6036596298,0.5681582438,0.5468068593,average,0.5653553009,0.5681582438,
O1/0054/2,,videos/sample_000213_O1__0054__2.pt,ok,0.5650383830,0.5921424031,0.5683383318,0.5531409635,average,0.5650383830,0.5683383318,
O1/0054/3,,videos/sample_000214_O1__0054__3.pt,ok,0.5654814839,0.5931643248,0.5680865563,0.5525759855,average,0.5654814839,0.5680865563,
O1/0054/4,,videos/sample_000215_O1__0054__4.pt,ok,0.5624779463,0.5812124014,0.5697953907,0.5592199563,average,0.5624779463,0.5697953907,
O1/0055/1,,videos/sample_000216_O1__0055__1.pt,ok,0.6131995320,0.6269153357,0.5416151787,0.5342372044,average,0.6131995320,0.5416151787,
O1/0055/2,,videos/sample_000217_O1__0055__2.pt,ok,0.6127661467,0.6265331507,0.5418499577,0.5344414209,average,0.6127661467,0.5418499577,
O1/0055/3,,videos/sample_000218_O1__0055__3.pt,ok,0.6117662191,0.6260047555,0.5423920394,0.5347238917,average,0.6117662191,0.5423920394,
O1/0055/4,,videos/sample_000219_O1__0055__4.pt,ok,0.6105154157,0.6255952716,0.5430708897,0.5349428974,average,0.6105154157,0.5430708897,
O1/0056/1,,videos/sample_000220_O1__0056__1.pt,ok,0.5390213728,0.5590206981,0.5833188248,0.5717687240,average,0.5390213728,0.5833188248,
O1/0056/2,,videos/sample_000221_O1__0056__2.pt,ok,0.5357341766,0.5545117855,0.5852394632,0.5743526000,average,0.5357341766,0.5852394632,
O1/0056/3,,videos/sample_000222_O1__0056__3.pt,ok,0.5365474224,0.5683081746,0.5847637132,0.5664830188,average,0.5365474224,0.5847637132,
O1/0056/4,,videos/sample_000223_O1__0056__4.pt,ok,0.5395865440,0.5690779090,0.5829892429,0.5660471451,average,0.5395865440,0.5829892429,
O1/0057/1,,videos/sample_000224_O1__0057__1.pt,ok,0.6215777993,0.6343168020,0.5370963385,0.5302976629,average,0.6215777993,0.5370963385,
O1/0057/2,,videos/sample_000225_O1__0057__2.pt,ok,0.6202690601,0.6323267221,0.5377997177,0.5313540484,average,0.6202690601,0.5377997177,
O1/0057/3,,videos/sample_000226_O1__0057__3.pt,ok,0.6213107109,0.6327475309,0.5372398098,0.5311304970,average,0.6213107109,0.5372398098,
O1/0057/4,,videos/sample_000227_O1__0057__4.pt,ok,0.6193265915,0.6344169974,0.5383068160,0.5302445321,average,0.6193265915,0.5383068160,
O1/0058/1,,videos/sample_000228_O1__0058__1.pt,ok,0.5720921159,0.5925498605,0.5643435307,0.5529156280,average,0.5720921159,0.5643435307,
O1/0058/2,,videos/sample_000229_O1__0058__2.pt,ok,0.5724903941,0.5924752951,0.5641188097,0.5529568579,average,0.5724903941,0.5641188097,
O1/0058/3,,videos/sample_000230_O1__0058__3.pt,ok,0.5736842155,0.5951575041,0.5634457544,0.5514756994,average,0.5736842155,0.5634457544,
O1/0058/4,,videos/sample_000231_O1__0058__4.pt,ok,0.5737453103,0.5951338410,0.5634113319,0.5514887491,average,0.5737453103,0.5634113319,
O1/0059/1,,videos/sample_000232_O1__0059__1.pt,ok,0.5474687219,0.5649824739,0.5784120807,0.5683701080,average,0.5474687219,0.5784120807,
O1/0059/2,,videos/sample_000233_O1__0059__2.pt,ok,0.5486202836,0.5788899660,0.5777463869,0.5605202179,average,0.5486202836,0.5777463869,
O1/0059/3,,videos/sample_000234_O1__0059__3.pt,ok,0.5418248177,0.5597586036,0.5816858127,0.5713469683,average,0.5418248177,0.5816858127,
O1/0059/4,,videos/sample_000235_O1__0059__4.pt,ok,0.5436484814,0.5805829167,0.5806259801,0.5595720875,average,0.5436484814,0.5806259801,
O1/0060/1,,videos/sample_000236_O1__0060__1.pt,ok,0.6309843063,0.6538606882,0.5320678254,0.5200342063,average,0.6309843063,0.5320678254,
O1/0060/2,,videos/sample_000237_O1__0060__2.pt,ok,0.6311433911,0.6538606882,0.5319831883,0.5200342063,average,0.6311433911,0.5319831883,
O1/0060/3,,videos/sample_000238_O1__0060__3.pt,ok,0.6298950315,0.6546486020,0.5326477093,0.5196246256,average,0.6298950315,0.5326477093,
O1/0060/4,,videos/sample_000239_O1__0060__4.pt,ok,0.6286150813,0.6546486020,0.5333299083,0.5196246256,average,0.6286150813,0.5333299083,
O1/0061/1,,videos/sample_000240_O1__0061__1.pt,ok,0.5730988979,0.6046679020,0.5637756457,0.5462558070,average,0.5730988979,0.5637756457,
O1/0061/2,,videos/sample_000241_O1__0061__2.pt,ok,0.5719148517,0.5988179445,0.5644435775,0.5494607455,average,0.5719148517,0.5644435775,
O1/0061/3,,videos/sample_000242_O1__0061__3.pt,ok,0.5703151226,0.5990829468,0.5653472569,0.5493151564,average,0.5703151226,0.5653472569,
O1/0061/4,,videos/sample_000243_O1__0061__4.pt,ok,0.5738046169,0.6025135517,0.5633779189,0.5474339019,average,0.5738046169,0.5633779189,
O1/0062/1,,videos/sample_000244_O1__0062__1.pt,ok,0.6297869086,0.6515480280,0.5327053038,0.5212382605,average,0.6297869086,0.5327053038,
O1/0062/2,,videos/sample_000245_O1__0062__2.pt,ok,0.6295219660,0.6515480280,0.5328464589,0.5212382605,average,0.6295219660,0.5328464589,
O1/0062/3,,videos/sample_000246_O1__0062__3.pt,ok,0.6294143796,0.6527694464,0.5329037890,0.5206019991,average,0.6294143796,0.5329037890,
O1/0062/4,,videos/sample_000247_O1__0062__4.pt,ok,0.6286229491,0.6527694464,0.5333257122,0.5206019991,average,0.6286229491,0.5333257122,
O1/0063/1,,videos/sample_000248_O1__0063__1.pt,ok,0.5348349810,0.5547847748,0.5857659447,0.5741958293,average,0.5348349810,0.5857659447,
O1/0063/2,,videos/sample_000249_O1__0063__2.pt,ok,0.5369522572,0.5692288280,0.5845270284,0.5659617243,average,0.5369522572,0.5845270284,
O1/0063/3,,videos/sample_000250_O1__0063__3.pt,ok,0.5366315842,0.5670289397,0.5847145005,0.5672081473,average,0.5366315842,0.5847145005,
O1/0063/4,,videos/sample_000251_O1__0063__4.pt,ok,0.5328282118,0.5519512892,0.5869426220,0.5758251121,average,0.5328282118,0.5869426220,
O1/0064/1,,videos/sample_000252_O1__0064__1.pt,ok,0.6217198372,0.6314855218,0.5370200559,0.5318012116,average,0.6217198372,0.5370200559,
O1/0064/2,,videos/sample_000253_O1__0064__2.pt,ok,0.6203741431,0.6314334869,0.5377432070,0.5318288846,average,0.6203741431,0.5377432070,
O1/0064/3,,videos/sample_000254_O1__0064__3.pt,ok,0.6209962964,0.6325428486,0.5374087524,0.5312392211,average,0.6209962964,0.5374087524,
O1/0064/4,,videos/sample_000255_O1__0064__4.pt,ok,0.6218068004,0.6314334869,0.5369733569,0.5318288846,average,0.6218068004,0.5369733569,
O1/0065/1,,videos/sample_000256_O1__0065__1.pt,ok,0.5573411584,0.5934500098,0.5727298391,0.5524181453,average,0.5573411584,0.5727298391,
O1/0065/2,,videos/sample_000257_O1__0065__2.pt,ok,0.5542238951,0.5963543653,0.5745179744,0.5508160543,average,0.5542238951,0.5745179744,
O1/0065/3,,videos/sample_000258_O1__0065__3.pt,ok,0.5502468944,0.5838425159,0.5768073823,0.5577510763,average,0.5502468944,0.5768073823,
O1/0065/4,,videos/sample_000259_O1__0065__4.pt,ok,0.5385524631,0.5568671823,0.5835924128,0.5730013637,average,0.5385524631,0.5835924128,
O1/0066/1,,videos/sample_000260_O1__0066__1.pt,ok,0.5575465560,0.5886523128,0.5726122139,0.5550748482,average,0.5575465560,0.5726122139,
O1/0066/2,,videos/sample_000261_O1__0066__2.pt,ok,0.5538854003,0.5878739953,0.5747124787,0.5555070408,average,0.5538854003,0.5747124787,
O1/0066/3,,videos/sample_000262_O1__0066__3.pt,ok,0.5602536798,0.5958922505,0.5710641781,0.5510706534,average,0.5602536798,0.5710641781,
O1/0066/4,,videos/sample_000263_O1__0066__4.pt,ok,0.5606675744,0.5958922505,0.5708278666,0.5510706534,average,0.5606675744,0.5708278666,
O1/0067/1,,videos/sample_000264_O1__0067__1.pt,ok,0.5484750271,0.5682335496,0.5778303144,0.5665252942,average,0.5484750271,0.5778303144,
O1/0067/2,,videos/sample_000265_O1__0067__2.pt,ok,0.5536472797,0.5822317004,0.5748493458,0.5586502344,average,0.5536472797,0.5748493458,
O1/0067/3,,videos/sample_000266_O1__0067__3.pt,ok,0.5512844324,0.5699320436,0.5762092331,0.5655638711,average,0.5512844324,0.5762092331,
O1/0067/4,,videos/sample_000267_O1__0067__4.pt,ok,0.5521079302,0.5810418129,0.5757349214,0.5593153610,average,0.5521079302,0.5757349214,
O1/0068/1,,videos/sample_000268_O1__0068__1.pt,ok,0.5692450404,0.6008245349,0.5659525488,0.5483593083,average,0.5692450404,0.5659525488,
O1/0068/2,,videos/sample_000269_O1__0068__2.pt,ok,0.5682828426,0.6001645923,0.5664973691,0.5487213134,average,0.5682828426,0.5664973691,
O1/0068/3,,videos/sample_000270_O1__0068__3.pt,ok,0.5583773255,0.5909823179,0.5721367026,0.5537830265,average,0.5583773255,0.5721367026,
O1/0068/4,,videos/sample_000271_O1__0068__4.pt,ok,0.5649628043,0.6019231677,0.5683812877,0.5477571935,average,0.5649628043,0.5683812877,
O1/0069/1,,videos/sample_000272_O1__0069__1.pt,ok,0.6136228442,0.6301240325,0.5413859550,0.5325257464,average,0.6136228442,0.5413859550,
O1/0069/2,,videos/sample_000273_O1__0069__2.pt,ok,0.6129437685,0.6292918921,0.5417537219,0.5329690671,average,0.6129437685,0.5417537219,
O1/0069/3,,videos/sample_000274_O1__0069__3.pt,ok,0.6122378111,0.6287420988,0.5421363120,0.5332621704,average,0.6122378111,0.5421363120,
O1/0069/4,,videos/sample_000275_O1__0069__4.pt,ok,0.6112736464,0.6278719902,0.5426592727,0.5337263683,average,0.6112736464,0.5426592727,
O1/0070/1,,videos/sample_000276_O1__0070__1.pt,ok,0.6154273152,0.6391775012,0.5404099206,0.5277262998,average,0.6154273152,0.5404099206,
O1/0070/2,,videos/sample_000277_O1__0070__2.pt,ok,0.6147090793,0.6386934519,0.5407982018,0.5279818072,average,0.6147090793,0.5407982018,
O1/0070/3,,videos/sample_000278_O1__0070__3.pt,ok,0.6151525378,0.6391775012,0.5405584334,0.5277262998,average,0.6151525378,0.5405584334,
O1/0070/4,,videos/sample_000279_O1__0070__4.pt,ok,0.6133964062,0.6386654973,0.5415085592,0.5279965669,average,0.6133964062,0.5415085592,
O1/0071/1,,videos/sample_000280_O1__0071__1.pt,ok,0.6185458302,0.6284822226,0.5387272692,0.5334007706,average,0.6185458302,0.5387272692,
O1/0071/2,,videos/sample_000281_O1__0071__2.pt,ok,0.6174588203,0.6288529634,0.5393131894,0.5332030538,average,0.6174588203,0.5393131894,
O1/0071/3,,videos/sample_000282_O1__0071__3.pt,ok,0.6173365712,0.6295760274,0.5393791240,0.5328176532,average,0.6173365712,0.5393791240,
O1/0071/4,,videos/sample_000283_O1__0071__4.pt,ok,0.6183795929,0.6292868853,0.5388168332,0.5329717355,average,0.6183795929,0.5388168332,
O1/0072/1,,videos/sample_000284_O1__0072__1.pt,ok,0.5301883221,0.5496264696,0.5884941328,0.5771653589,average,0.5301883221,0.5884941328,
O1/0072/2,,videos/sample_000285_O1__0072__2.pt,ok,0.5383650661,0.5706739426,0.5837017865,0.5651444354,average,0.5383650661,0.5837017865,
O1/0072/3,,videos/sample_000286_O1__0072__3.pt,ok,0.5348910093,0.5722443461,0.5857331261,0.5642576271,average,0.5348910093,0.5857331261,
O1/0072/4,,videos/sample_000287_O1__0072__4.pt,ok,0.5341536999,0.5537323356,0.5861651519,0.5748004536,average,0.5341536999,0.5861651519,
O1/0073/1,,videos/sample_000288_O1__0073__1.pt,ok,0.5577250123,0.5753950477,0.5725100367,0.5624826175,average,0.5577250123,0.5725100367,
O1/0073/2,,videos/sample_000289_O1__0073__2.pt,ok,0.5583522320,0.5800266266,0.5721510598,0.5598834586,average,0.5583522320,0.5721510598,
O1/0073/3,,videos/sample_000290_O1__0073__3.pt,ok,0.5541822314,0.5758634806,0.5745419115,0.5622191938,average,0.5541822314,0.5745419115,
O1/0073/4,,videos/sample_000291_O1__0073__4.pt,ok,0.5540484786,0.5719471574,0.5746187632,0.5644253430,average,0.5540484786,0.5746187632,
O1/0074/1,,videos/sample_000292_O1__0074__1.pt,ok,0.6221972704,0.6510041952,0.5367637259,0.5215218040,average,0.6221972704,0.5367637259,
O1/0074/2,,videos/sample_000293_O1__0074__2.pt,ok,0.6224171519,0.6514305472,0.5366457144,0.5212994995,average,0.6224171519,0.5366457144,
O1/0074/3,,videos/sample_000294_O1__0074__3.pt,ok,0.6201478839,0.6514305472,0.5378648902,0.5212994995,average,0.6201478839,0.5378648902,
O1/0074/4,,videos/sample_000295_O1__0074__4.pt,ok,0.6225935817,0.6510041952,0.5365510425,0.5215218040,average,0.6225935817,0.5365510425,
O1/0075/1,,videos/sample_000296_O1__0075__1.pt,ok,0.5322539210,0.5548322797,0.5872797945,0.5741685529,average,0.5322539210,0.5872797945,
O1/0075/2,,videos/sample_000297_O1__0075__2.pt,ok,0.5412307382,0.5625693202,0.5820314830,0.5697433286,average,0.5412307382,0.5820314830,
O1/0075/3,,videos/sample_000298_O1__0075__3.pt,ok,0.5396978259,0.5792444348,0.5829243704,0.5603215661,average,0.5396978259,0.5829243704,
O1/0075/4,,videos/sample_000299_O1__0075__4.pt,ok,0.5463132262,0.5840302110,0.5790808197,0.5576463990,average,0.5463132262,0.5790808197,
O1/0076/1,,videos/sample_000300_O1__0076__1.pt,ok,0.5445719361,0.5762730837,0.5800900458,0.5619889542,average,0.5445719361,0.5800900458,
O1/0076/2,,videos/sample_000301_O1__0076__2.pt,ok,0.5390585661,0.5591797233,0.5832971297,0.5716778056,average,0.5390585661,0.5832971297,
O1/0076/3,,videos/sample_000302_O1__0076__3.pt,ok,0.5410605669,0.5608291030,0.5821305365,0.5707356690,average,0.5410605669,0.5821305365,
O1/0076/4,,videos/sample_000303_O1__0076__4.pt,ok,0.5445265174,0.5756103396,0.5801163933,0.5623615325,average,0.5445265174,0.5801163933,
O1/0077/1,,videos/sample_000304_O1__0077__1.pt,ok,0.6126732230,0.6272215843,0.5419003107,0.5340736200,average,0.6126732230,0.5419003107,
O1/0077/2,,videos/sample_000305_O1__0077__2.pt,ok,0.6127810478,0.6281709075,0.5418418836,0.5335668521,average,0.6127810478,0.5418418836,
O1/0077/3,,videos/sample_000306_O1__0077__3.pt,ok,0.6140524745,0.6320502162,0.5411534091,0.5315009912,average,0.6140524745,0.5411534091,
O1/0077/4,,videos/sample_000307_O1__0077__4.pt,ok,0.6142241359,0.6311587095,0.5410605219,0.5319750392,average,0.6142241359,0.5410605219,
O1/0078/1,,videos/sample_000308_O1__0078__1.pt,ok,0.5563058257,0.5819418430,0.5733231121,0.5588121868,average,0.5563058257,0.5733231121,
O1/0078/2,,videos/sample_000309_O1__0078__2.pt,ok,0.5551599860,0.5760704279,0.5739804250,0.5621028561,average,0.5551599860,0.5739804250,
O1/0078/3,,videos/sample_000310_O1__0078__3.pt,ok,0.5566300750,0.5877324939,0.5731372427,0.5555856514,average,0.5566300750,0.5731372427,
O1/0078/4,,videos/sample_000311_O1__0078__4.pt,ok,0.5545490384,0.5746132135,0.5743312041,0.5629225575,average,0.5545490384,0.5743312041,
O1/0079/1,,videos/sample_000312_O1__0079__1.pt,ok,0.5408591032,0.5586963296,0.5822478265,0.5719542178,average,0.5408591032,0.5822478265,
O1/0079/2,,videos/sample_000313_O1__0079__2.pt,ok,0.5480263829,0.5729399920,0.5780896128,0.5638652401,average,0.5480263829,0.5780896128,
O1/0079/3,,videos/sample_000314_O1__0079__3.pt,ok,0.5461207032,0.5632262826,0.5791923168,0.5693691516,average,0.5461207032,0.5791923168,
O1/0079/4,,videos/sample_000315_O1__0079__4.pt,ok,0.5452334881,0.5800626278,0.5797064130,0.5598633025,average,0.5452334881,0.5797064130,
O1/0080/1,,videos/sample_000316_O1__0080__1.pt,ok,0.5401183963,0.5577688813,0.5826792612,0.5724849218,average,0.5401183963,0.5826792612,
O1/0080/2,,videos/sample_000317_O1__0080__2.pt,ok,0.5637608767,0.5992585421,0.5690648516,0.5492187077,average,0.5637608767,0.5690648516,
O1/0080/3,,videos/sample_000318_O1__0080__3.pt,ok,0.5547727346,0.6069616079,0.5742027428,0.5450042926,average,0.5547727346,0.5742027428,
O1/0080/4,,videos/sample_000319_O1__0080__4.pt,ok,0.5593759418,0.5973862410,0.5715656428,0.5502479738,average,0.5593759418,0.5715656428,
O1/0081/1,,videos/sample_000320_O1__0081__1.pt,ok,0.5850999355,0.5987571478,0.5570501899,0.5494941519,average,0.5850999355,0.5570501899,
O1/0081/2,,videos/sample_000321_O1__0081__2.pt,ok,0.5838329792,0.5990225673,0.5577563955,0.5493483248,average,0.5838329792,0.5577563955,
O1/0081/3,,videos/sample_000322_O1__0081__3.pt,ok,0.5845338702,0.5990225673,0.5573656060,0.5493483248,average,0.5845338702,0.5573656060,
O1/0081/4,,videos/sample_000323_O1__0081__4.pt,ok,0.5855525136,0.5987571478,0.5567981383,0.5494941519,average,0.5855525136,0.5567981383,
O1/0082/1,,videos/sample_000324_O1__0082__1.pt,ok,0.5786740184,0.6029458046,0.5606412739,0.5471973231,average,0.5786740184,0.5606412739,
O1/0082/2,,videos/sample_000325_O1__0082__2.pt,ok,0.5696533918,0.5826489925,0.5657214884,0.5584171627,average,0.5696533918,0.5657214884,
O1/0082/3,,videos/sample_000326_O1__0082__3.pt,ok,0.5797259808,0.6013451219,0.5600518105,0.5480739138,average,0.5797259808,0.5600518105,
O1/0082/4,,videos/sample_000327_O1__0082__4.pt,ok,0.5753720403,0.6002997160,0.5624955589,0.5486471731,average,0.5753720403,0.5624955589,
O1/0083/1,,videos/sample_000328_O1__0083__1.pt,ok,0.5667473078,0.6011629105,0.5673679138,0.5481737883,average,0.5667473078,0.5673679138,
O1/0083/2,,videos/sample_000329_O1__0083__2.pt,ok,0.5663405061,0.6002604961,0.5675987670,0.5486686914,average,0.5663405061,0.5675987670,
O1/0083/3,,videos/sample_000330_O1__0083__3.pt,ok,0.5603001714,0.5907134414,0.5710376290,0.5539319458,average,0.5603001714,0.5710376290,
O1/0083/4,,videos/sample_000331_O1__0083__4.pt,ok,0.5649976730,0.6093096733,0.5683614693,0.5437260882,average,0.5649976730,0.5683614693,
O1/0084/1,,videos/sample_000332_O1__0084__1.pt,ok,0.5526983142,0.5837540030,0.5753951170,0.5578004467,average,0.5526983142,0.5753951170,
O1/0084/2,,videos/sample_000333_O1__0084__2.pt,ok,0.5503453016,0.5687373281,0.5767506231,0.5662399628,average,0.5503453016,0.5767506231,
O1/0084/3,,videos/sample_000334_O1__0084__3.pt,ok,0.5515373945,0.5692714453,0.5760634924,0.5659376051,average,0.5515373945,0.5760634924,
O1/0084/4,,videos/sample_000335_O1__0084__4.pt,ok,0.5533072948,0.5804882050,0.5750448192,0.5596250881,average,0.5533072948,0.5750448192,
O1/0085/1,,videos/sample_000336_O1__0085__1.pt,ok,0.5581471920,0.5851741433,0.5722683856,0.5570088540,average,0.5581471920,0.5722683856,
O1/0085/2,,videos/sample_000337_O1__0085__2.pt,ok,0.5556861162,0.5787406564,0.5736785160,0.5606039152,average,0.5556861162,0.5736785160,
O1/0085/3,,videos/sample_000338_O1__0085__3.pt,ok,0.5560483932,0.5792088509,0.5734707231,0.5603415049,average,0.5560483932,0.5734707231,
O1/0085/4,,videos/sample_000339_O1__0085__4.pt,ok,0.5578185320,0.5843564868,0.5724564983,0.5574644822,average,0.5578185320,0.5724564983,
O1/0086/1,,videos/sample_000340_O1__0086__1.pt,ok,0.6123232841,0.6265407801,0.5420899759,0.5344373434,average,0.6123232841,0.5420899759,
O1/0086/2,,videos/sample_000341_O1__0086__2.pt,ok,0.6098650694,0.6255041957,0.5434241887,0.5349916200,average,0.6098650694,0.5434241887,
O1/0086/3,,videos/sample_000342_O1__0086__3.pt,ok,0.6124015450,0.6274394393,0.5420475531,0.5339572821,average,0.6124015450,0.5420475531,
O1/0086/4,,videos/sample_000343_O1__0086__4.pt,ok,0.6112119555,0.6272919178,0.5426927509,0.5340360581,average,0.6112119555,0.5426927509,
O1/0087/1,,videos/sample_000344_O1__0087__1.pt,ok,0.5596396327,0.5876433849,0.5714149460,0.5556351612,average,0.5596396327,0.5714149460,
O1/0087/2,,videos/sample_000345_O1__0087__2.pt,ok,0.5585902333,0.5879336596,0.5720149032,0.5554738979,average,0.5585902333,0.5720149032,
O1/0087/3,,videos/sample_000346_O1__0087__3.pt,ok,0.5576499701,0.5791592598,0.5725530008,0.5603692936,average,0.5576499701,0.5725530008,
O1/0087/4,,videos/sample_000347_O1__0087__4.pt,ok,0.5567540526,0.5802326202,0.5730661908,0.5597681380,average,0.5567540526,0.5730661908,
O1/0088/1,,videos/sample_000348_O1__0088__1.pt,ok,0.5502184629,0.5845301747,0.5768237820,0.5573676657,average,0.5502184629,0.5768237820,
O1/0088/2,,videos/sample_000349_O1__0088__2.pt,ok,0.5390994549,0.5568510890,0.5832732798,0.5730105853,average,0.5390994549,0.5832732798,
O1/0088/3,,videos/sample_000350_O1__0088__3.pt,ok,0.5497338772,0.5820560455,0.5771033703,0.5587483727,average,0.5497338772,0.5771033703,
O1/0088/4,,videos/sample_000351_O1__0088__4.pt,ok,0.5525717735,0.5812482238,0.5754679325,0.5591999241,average,0.5525717735,0.5754679325,
O1/0089/1,,videos/sample_000352_O1__0089__1.pt,ok,0.5478546023,0.5760177970,0.5781889259,0.5621324408,average,0.5478546023,0.5781889259,
O1/0089/2,,videos/sample_000353_O1__0089__2.pt,ok,0.5540199876,0.5866072178,0.5746351349,0.5562111905,average,0.5540199876,0.5746351349,
O1/0089/3,,videos/sample_000354_O1__0089__3.pt,ok,0.5550516844,0.5909934640,0.5740425914,0.5537768540,average,0.5550516844,0.5740425914,
O1/0089/4,,videos/sample_000355_O1__0089__4.pt,ok,0.5536521673,0.5850892067,0.5748465362,0.5570561665,average,0.5536521673,0.5748465362,
O1/0090/1,,videos/sample_000356_O1__0090__1.pt,ok,0.5731918812,0.5948235393,0.5637232264,0.5516599036,average,0.5731918812,0.5637232264,
O1/0090/2,,videos/sample_000357_O1__0090__2.pt,ok,0.5712982416,0.5936261415,0.5647917264,0.5523208555,average,0.5712982416,0.5647917264,
O1/0090/3,,videos/sample_000358_O1__0090__3.pt,ok,0.5714333653,0.5942905545,0.5647154148,0.5519540083,average,0.5714333653,0.5647154148,
O1/0090/4,,videos/sample_000359_O1__0090__4.pt,ok,0.5733600855,0.5957776308,0.5636284137,0.5511338205,average,0.5733600855,0.5636284137,
O1/0091/1,,videos/sample_000360_O1__0091__1.pt,ok,0.5701285601,0.5902201533,0.5654527394,0.5542052612,average,0.5701285601,0.5654527394,
O1/0091/2,,videos/sample_000361_O1__0091__2.pt,ok,0.5727879405,0.5949145555,0.5639509832,0.5516096958,average,0.5727879405,0.5639509832,
O1/0091/3,,videos/sample_000362_O1__0091__3.pt,ok,0.5724435449,0.5987492800,0.5641452389,0.5494984752,average,0.5724435449,0.5641452389,
O1/0091/4,,videos/sample_000363_O1__0091__4.pt,ok,0.5710873008,0.5902377963,0.5649108766,0.5541954834,average,0.5710873008,0.5649108766,
O1/0092/1,,videos/sample_000364_O1__0092__1.pt,ok,0.6204398870,0.6459009051,0.5377078548,0.5241900838,average,0.6204398870,0.5377078548,
O1/0092/2,,videos/sample_000365_O1__0092__2.pt,ok,0.6208137274,0.6459009051,0.5375068755,0.5241900838,average,0.6208137274,0.5375068755,
O1/0092/3,,videos/sample_000366_O1__0092__3.pt,ok,0.6200077534,0.6443073750,0.5379402667,0.5250260624,average,0.6200077534,0.5379402667,
O1/0092/4,,videos/sample_000367_O1__0092__4.pt,ok,0.6192919016,0.6443073750,0.5383254901,0.5250260624,average,0.6192919016,0.5383254901,
O1/0093/1,,videos/sample_000368_O1__0093__1.pt,ok,0.5567405224,0.5775958896,0.5730739446,0.5612460434,average,0.5567405224,0.5730739446,
O1/0093/2,,videos/sample_000369_O1__0093__2.pt,ok,0.5577954054,0.5775958896,0.5724697374,0.5612460434,average,0.5577954054,0.5724697374,
O1/0093/3,,videos/sample_000370_O1__0093__3.pt,ok,0.5564364791,0.5781935453,0.5732482104,0.5609107117,average,0.5564364791,0.5732482104,
O1/0093/4,,videos/sample_000371_O1__0093__4.pt,ok,0.5579833984,0.5781935453,0.5723621272,0.5609107117,average,0.5579833984,0.5723621272,
O1/0094/1,,videos/sample_000372_O1__0094__1.pt,ok,0.5529035926,0.5842968225,0.5752770129,0.5574977439,average,0.5529035926,0.5752770129,
O1/0094/2,,videos/sample_000373_O1__0094__2.pt,ok,0.5466139913,0.5770170093,0.5789066786,0.5615710317,average,0.5466139913,0.5789066786,
O1/0094/3,,videos/sample_000374_O1__0094__3.pt,ok,0.5550397038,0.5921714306,0.5740494688,0.5531249074,average,0.5550397038,0.5740494688,
O1/0094/4,,videos/sample_000375_O1__0094__4.pt,ok,0.5547297597,0.5892640352,0.5742274196,0.5547354003,average,0.5547297597,0.5742274196,
O1/0095/1,,videos/sample_000376_O1__0095__1.pt,ok,0.5568352938,0.5868979096,0.5730196362,0.5560495280,average,0.5568352938,0.5730196362,
O1/0095/2,,videos/sample_000377_O1__0095__2.pt,ok,0.5643504262,0.5951712728,0.5687294586,0.5514681063,average,0.5643504262,0.5687294586,
O1/0095/3,,videos/sample_000378_O1__0095__3.pt,ok,0.5648517013,0.5951712728,0.5684444401,0.5514681063,average,0.5648517013,0.5684444401,
O1/0095/4,,videos/sample_000379_O1__0095__4.pt,ok,0.5564140677,0.5779256225,0.5732610578,0.5610610126,average,0.5564140677,0.5732610578,
O1/0096/1,,videos/sample_000380_O1__0096__1.pt,ok,0.5449673533,0.5630772114,0.5798607135,0.5694540345,average,0.5449673533,0.5798607135,
O1/0096/2,,videos/sample_000381_O1__0096__2.pt,ok,0.5489645004,0.5821700096,0.5775475511,0.5586846990,average,0.5489645004,0.5775475511,
O1/0096/3,,videos/sample_000382_O1__0096__3.pt,ok,0.5408055186,0.5588763952,0.5822790268,0.5718512378,average,0.5408055186,0.5822790268,
O1/0096/4,,videos/sample_000383_O1__0096__4.pt,ok,0.5449025631,0.5769966245,0.5798982841,0.5615824794,average,0.5449025631,0.5798982841,
O1/0097/1,,videos/sample_000384_O1__0097__1.pt,ok,0.6208813190,0.6478920579,0.5374705458,0.5231473797,average,0.6208813190,0.5374705458,
O1/0097/2,,videos/sample_000385_O1__0097__2.pt,ok,0.6200652122,0.6478034258,0.5379093582,0.5231937494,average,0.6200652122,0.5379093582,
O1/0097/3,,videos/sample_000386_O1__0097__3.pt,ok,0.6196395755,0.6478034258,0.5381383609,0.5231937494,average,0.6196395755,0.5381383609,
O1/0097/4,,videos/sample_000387_O1__0097__4.pt,ok,0.6203445196,0.6478920579,0.5377591371,0.5231473797,average,0.6203445196,0.5377591371,
O1/0098/1,,videos/sample_000388_O1__0098__1.pt,ok,0.5678424835,0.5907269716,0.5667468863,0.5539244510,average,0.5678424835,0.5667468863,
O1/0098/2,,videos/sample_000389_O1__0098__2.pt,ok,0.5696478486,0.5932865143,0.5657246243,0.5525084706,average,0.5696478486,0.5657246243,
O1/0098/3,,videos/sample_000390_O1__0098__3.pt,ok,0.5695326328,0.5941898227,0.5657898085,0.5520096104,average,0.5695326328,0.5657898085,
O1/0098/4,,videos/sample_000391_O1__0098__4.pt,ok,0.5680275559,0.5911415815,0.5666420068,0.5536948360,average,0.5680275559,0.5666420068,
O1/0099/1,,videos/sample_000392_O1__0099__1.pt,ok,0.6266674995,0.6377717257,0.5343696241,0.5284686863,average,0.6266674995,0.5343696241,
O1/0099/2,,videos/sample_000393_O1__0099__2.pt,ok,0.6250224113,0.6371865869,0.5352494327,0.5287780043,average,0.6250224113,0.5352494327,
O1/0099/3,,videos/sample_000394_O1__0099__3.pt,ok,0.6267030239,0.6370790601,0.5343506413,0.5288348651,average,0.6267030239,0.5343506413,
O1/0099/4,,videos/sample_000395_O1__0099__4.pt,ok,0.6258949041,0.6377717257,0.5347826351,0.5284686863,average,0.6258949041,0.5347826351,
O1/0100/1,,videos/sample_000396_O1__0100__1.pt,ok,0.5656996965,0.5844490528,0.5679626062,0.5574128823,average,0.5656996965,0.5679626062,
O1/0100/2,,videos/sample_000397_O1__0100__2.pt,ok,0.5672971010,0.5862018466,0.5670560645,0.5564367082,average,0.5672971010,0.5670560645,
O1/0100/3,,videos/sample_000398_O1__0100__3.pt,ok,0.5677498579,0.5919405222,0.5667993840,0.5532526434,average,0.5677498579,0.5667993840,
O1/0100/4,,videos/sample_000399_O1__0100__4.pt,ok,0.5681276321,0.5884875655,0.5665853023,0.5551663028,average,0.5681276321,0.5665853023,
O1/0101/1,,videos/sample_000400_O1__0101__1.pt,ok,0.5293105841,0.5490853190,0.5890109032,0.5774777768,average,0.5293105841,0.5890109032,
O1/0101/2,,videos/sample_000401_O1__0101__2.pt,ok,0.5463138819,0.5829677582,0.5790804400,0.5582391868,average,0.5463138819,0.5790804400,
O1/0101/3,,videos/sample_000402_O1__0101__3.pt,ok,0.5428742170,0.5773262382,0.5810757122,0.5613974046,average,0.5428742170,0.5810757122,
O1/0101/4,,videos/sample_000403_O1__0101__4.pt,ok,0.5400514603,0.5821878314,0.5827182648,0.5586747424,average,0.5400514603,0.5827182648,
O1/0102/1,,videos/sample_000404_O1__0102__1.pt,ok,0.6211558580,0.6355471611,0.5373230094,0.5296456075,average,0.6211558580,0.5373230094,
O1/0102/2,,videos/sample_000405_O1__0102__2.pt,ok,0.6220963597,0.6365153790,0.5368178938,0.5291330434,average,0.6220963597,0.5368178938,
O1/0102/3,,videos/sample_000406_O1__0102__3.pt,ok,0.6219686270,0.6355471611,0.5368864674,0.5296456075,average,0.6219686270,0.5368864674,
O1/0102/4,,videos/sample_000407_O1__0102__4.pt,ok,0.6230977774,0.6365153790,0.5362805839,0.5291330434,average,0.6230977774,0.5362805839,
O1/0103/1,,videos/sample_000408_O1__0103__1.pt,ok,0.5696774721,0.5891897678,0.5657078658,0.5547766005,average,0.5696774721,0.5657078658,
O1/0103/2,,videos/sample_000409_O1__0103__2.pt,ok,0.5718244910,0.5933814645,0.5644945833,0.5524560123,average,0.5718244910,0.5644945833,
O1/0103/3,,videos/sample_000410_O1__0103__3.pt,ok,0.5704865456,0.5903317332,0.5652503517,0.5541434265,average,0.5704865456,0.5652503517,
O1/0103/4,,videos/sample_000411_O1__0103__4.pt,ok,0.5720478892,0.5948588848,0.5643684903,0.5516404052,average,0.5720478892,0.5643684903,
O1/0104/1,,videos/sample_000412_O1__0104__1.pt,ok,0.5728496313,0.6113123298,0.5639161937,0.5426382812,average,0.5728496313,0.5639161937,
O1/0104/2,,videos/sample_000413_O1__0104__2.pt,ok,0.5732265711,0.6113123298,0.5637036713,0.5426382812,average,0.5732265711,0.5637036713,
O1/0104/3,,videos/sample_000414_O1__0104__3.pt,ok,0.5636475682,0.6000024676,0.5691293351,0.5488102818,average,0.5636475682,0.5691293351,
O1/0104/4,,videos/sample_000415_O1__0104__4.pt,ok,0.5629851818,0.6000024676,0.5695064435,0.5488102818,average,0.5629851818,0.5695064435,
O1/0105/1,,videos/sample_000416_O1__0105__1.pt,ok,0.6165812016,0.6318330169,0.5397867086,0.5316164454,average,0.6165812016,0.5397867086,
O1/0105/2,,videos/sample_000417_O1__0105__2.pt,ok,0.6159083843,0.6323364377,0.5401500086,0.5313488860,average,0.6159083843,0.5401500086,
O1/0105/3,,videos/sample_000418_O1__0105__3.pt,ok,0.6179404259,0.6318330169,0.5390535158,0.5316164454,average,0.6179404259,0.5390535158,
O1/0105/4,,videos/sample_000419_O1__0105__4.pt,ok,0.6177538633,0.6323364377,0.5391540923,0.5313488860,average,0.6177538633,0.5391540923,
O1/0106/1,,videos/sample_000420_O1__0106__1.pt,ok,0.5525764227,0.5717394352,0.5754652570,0.5645425989,average,0.5525764227,0.5754652570,
O1/0106/2,,videos/sample_000421_O1__0106__2.pt,ok,0.5503958464,0.5696504712,0.5767214721,0.5657231407,average,0.5503958464,0.5767214721,
O1/0106/3,,videos/sample_000422_O1__0106__3.pt,ok,0.5555104613,0.5859898329,0.5737792943,0.5565546929,average,0.5555104613,0.5737792943,
O1/0106/4,,videos/sample_000423_O1__0106__4.pt,ok,0.5542807579,0.5817358494,0.5744853067,0.5589273104,average,0.5542807579,0.5744853067,
O1/0107/1,,videos/sample_000424_O1__0107__1.pt,ok,0.5764567256,0.6133154035,0.5618857590,0.5415524247,average,0.5764567256,0.5618857590,
O1/0107/2,,videos/sample_000425_O1__0107__2.pt,ok,0.5790250301,0.6124662757,0.5604445168,0.5420124671,average,0.5790250301,0.5604445168,
O1/0107/3,,videos/sample_000426_O1__0107__3.pt,ok,0.5733820200,0.6050451398,0.5636160510,0.5460497775,average,0.5733820200,0.5636160510,
O1/0107/4,,videos/sample_000427_O1__0107__4.pt,ok,0.5779758692,0.6134321690,0.5610328219,0.5414891937,average,0.5779758692,0.5610328219,
O1/0108/1,,videos/sample_000428_O1__0108__1.pt,ok,0.6291854978,0.6374797225,0.5330257749,0.5286230233,average,0.6291854978,0.5330257749,
O1/0108/2,,videos/sample_000429_O1__0108__2.pt,ok,0.6286358237,0.6374797225,0.5333188459,0.5286230233,average,0.6286358237,0.5333188459,
O1/0108/3,,videos/sample_000430_O1__0108__3.pt,ok,0.6296350956,0.6385425329,0.5327861816,0.5280614957,average,0.6296350956,0.5327861816,
O1/0108/4,,videos/sample_000431_O1__0108__4.pt,ok,0.6290318370,0.6392607093,0.5331076864,0.5276823906,average,0.6290318370,0.5331076864,
O1/0109/1,,videos/sample_000432_O1__0109__1.pt,ok,0.5694196820,0.5994976759,0.5658537185,0.5490873867,average,0.5694196820,0.5658537185,
O1/0109/2,,videos/sample_000433_O1__0109__2.pt,ok,0.5613930821,0.5919343233,0.5704138767,0.5532560729,average,0.5613930821,0.5704138767,
O1/0109/3,,videos/sample_000434_O1__0109__3.pt,ok,0.5684219599,0.5988349319,0.5664185650,0.5494514117,average,0.5684219599,0.5664185650,
O1/0109/4,,videos/sample_000435_O1__0109__4.pt,ok,0.5660317540,0.6063482761,0.5677740413,0.5453386636,average,0.5660317540,0.5677740413,
O1/0110/1,,videos/sample_000436_O1__0110__1.pt,ok,0.5710057020,0.6055559516,0.5649569745,0.5457709201,average,0.5710057020,0.5649569745,
O1/0110/2,,videos/sample_000437_O1__0110__2.pt,ok,0.5731592774,0.6081362367,0.5637416062,0.5443644908,average,0.5731592774,0.5637416062,
O1/0110/3,,videos/sample_000438_O1__0110__3.pt,ok,0.5682036281,0.6107152700,0.5665422457,0.5429623654,average,0.5682036281,0.5665422457,
O1/0110/4,,videos/sample_000439_O1__0110__4.pt,ok,0.5608699322,0.5944197178,0.5707123668,0.5518827207,average,0.5608699322,0.5707123668,
O1/0111/1,,videos/sample_000440_O1__0111__1.pt,ok,0.5580801964,0.5862572193,0.5723067264,0.5564058977,average,0.5580801964,0.5723067264,
O1/0111/2,,videos/sample_000441_O1__0111__2.pt,ok,0.5546303988,0.5888659954,0.5742844782,0.5549562510,average,0.5546303988,0.5742844782,
O1/0111/3,,videos/sample_000442_O1__0111__3.pt,ok,0.5552017689,0.5733077526,0.5739564430,0.5636579108,average,0.5552017689,0.5739564430,
O1/0111/4,,videos/sample_000443_O1__0111__4.pt,ok,0.5477175713,0.5648172498,0.5782681612,0.5684640242,average,0.5477175713,0.5782681612,
O1/0112/1,,videos/sample_000444_O1__0112__1.pt,ok,0.6160109043,0.6292397380,0.5400946353,0.5329968643,average,0.6160109043,0.5400946353,
O1/0112/2,,videos/sample_000445_O1__0112__2.pt,ok,0.6144818664,0.6285236478,0.5409210921,0.5333786748,average,0.6144818664,0.5409210921,
O1/0112/3,,videos/sample_000446_O1__0112__3.pt,ok,0.6165505648,0.6312112212,0.5398032462,0.5319471050,average,0.6165505648,0.5398032462,
O1/0112/4,,videos/sample_000447_O1__0112__4.pt,ok,0.6168722510,0.6292117238,0.5396296268,0.5330117960,average,0.6168722510,0.5396296268,
O1/0113/1,,videos/sample_000448_O1__0113__1.pt,ok,0.5587813258,0.5773817301,0.5719056059,0.5613662524,average,0.5587813258,0.5719056059,
O1/0113/2,,videos/sample_000449_O1__0113__2.pt,ok,0.5565752983,0.5808444619,0.5731686381,0.5594257533,average,0.5565752983,0.5731686381,
O1/0113/3,,videos/sample_000450_O1__0113__3.pt,ok,0.5583171844,0.5844884515,0.5721711126,0.5573909214,average,0.5583171844,0.5721711126,
O1/0113/4,,videos/sample_000451_O1__0113__4.pt,ok,0.5535191894,0.5726218820,0.5749229832,0.5640446398,average,0.5535191894,0.5749229832,
O1/0114/1,,videos/sample_000452_O1__0114__1.pt,ok,0.5760011673,0.5949338675,0.5621417890,0.5515990433,average,0.5760011673,0.5621417890,
O1/0114/2,,videos/sample_000453_O1__0114__2.pt,ok,0.5769589543,0.5961240530,0.5616036347,0.5509429286,average,0.5769589543,0.5616036347,
O1/0114/3,,videos/sample_000454_O1__0114__3.pt,ok,0.5754922628,0.5953122973,0.5624279383,0.5513903412,average,0.5754922628,0.5624279383,
O1/0114/4,,videos/sample_000455_O1__0114__4.pt,ok,0.5771110058,0.5949338675,0.5615182485,0.5515990433,average,0.5771110058,0.5615182485,
O1/0115/1,,videos/sample_000456_O1__0115__1.pt,ok,0.6134992838,0.6442746520,0.5414528530,0.5250432431,average,0.6134992838,0.5414528530,
O1/0115/2,,videos/sample_000457_O1__0115__2.pt,ok,0.6150199175,0.6440460086,0.5406301272,0.5251633045,average,0.6150199175,0.5406301272,
O1/0115/3,,videos/sample_000458_O1__0115__3.pt,ok,0.6151583195,0.6440460086,0.5405553081,0.5251633045,average,0.6151583195,0.5405553081,
O1/0115/4,,videos/sample_000459_O1__0115__4.pt,ok,0.6153013110,0.6442746520,0.5404780188,0.5250432431,average,0.6153013110,0.5404780188,
O1/0116/1,,videos/sample_000460_O1__0116__1.pt,ok,0.6205724478,0.6349675059,0.5376365806,0.5299527084,average,0.6205724478,0.5376365806,
O1/0116/2,,videos/sample_000461_O1__0116__2.pt,ok,0.6187229156,0.6349675059,0.5386318769,0.5299527084,average,0.6187229156,0.5386318769,
O1/0116/3,,videos/sample_000462_O1__0116__3.pt,ok,0.6203321815,0.6354867220,0.5377657721,0.5296776198,average,0.6203321815,0.5377657721,
O1/0116/4,,videos/sample_000463_O1__0116__4.pt,ok,0.6208502650,0.6354867220,0.5374872367,0.5296776198,average,0.6208502650,0.5374872367,
O1/0117/1,,videos/sample_000464_O1__0117__1.pt,ok,0.5531193614,0.5721784234,0.5751528995,0.5642948257,average,0.5531193614,0.5751528995,
O1/0117/2,,videos/sample_000465_O1__0117__2.pt,ok,0.5644394159,0.5958786607,0.5686788497,0.5510781424,average,0.5644394159,0.5686788497,
O1/0117/3,,videos/sample_000466_O1__0117__3.pt,ok,0.5642523170,0.5957465768,0.5687852589,0.5511509357,average,0.5642523170,0.5687852589,
O1/0117/4,,videos/sample_000467_O1__0117__4.pt,ok,0.5612374544,0.6010228992,0.5705026558,0.5482505442,average,0.5612374544,0.5705026558,
O1/0118/1,,videos/sample_000468_O1__0118__1.pt,ok,0.5684008598,0.5858004689,0.5664305166,0.5566600943,average,0.5684008598,0.5664305166,
O1/0118/2,,videos/sample_000469_O1__0118__2.pt,ok,0.5692862868,0.5900802016,0.5659292057,0.5542828286,average,0.5692862868,0.5659292057,
O1/0118/3,,videos/sample_000470_O1__0118__3.pt,ok,0.5685443878,0.5885758400,0.5663492238,0.5551172979,average,0.5685443878,0.5663492238,
O1/0118/4,,videos/sample_000471_O1__0118__4.pt,ok,0.5674319267,0.5858665109,0.5669796159,0.5566233326,average,0.5674319267,0.5669796159,
O1/0119/1,,videos/sample_000472_O1__0119__1.pt,ok,0.5684025288,0.6037409902,0.5664295713,0.5467623727,average,0.5684025288,0.5664295713,
O1/0119/2,,videos/sample_000473_O1__0119__2.pt,ok,0.5544808507,0.5901041627,0.5743703678,0.5542695475,average,0.5544808507,0.5743703678,
O1/0119/3,,videos/sample_000474_O1__0119__3.pt,ok,0.5597336888,0.5901041627,0.5713612035,0.5542695475,average,0.5597336888,0.5713612035,
O1/0119/4,,videos/sample_000475_O1__0119__4.pt,ok,0.5698548555,0.6037409902,0.5656075275,0.5467623727,average,0.5698548555,0.5656075275,
O1/0120/1,,videos/sample_000476_O1__0120__1.pt,ok,0.6181136966,0.6458451152,0.5389601217,0.5242193291,average,0.6181136966,0.5389601217,
O1/0120/2,,videos/sample_000477_O1__0120__2.pt,ok,0.6184284091,0.6452013850,0.5387905309,0.5245568936,average,0.6184284091,0.5387905309,
O1/0120/3,,videos/sample_000478_O1__0120__3.pt,ok,0.6170942783,0.6458451152,0.5395098276,0.5242193291,average,0.6170942783,0.5395098276,
O1/0120/4,,videos/sample_000479_O1__0120__4.pt,ok,0.6183511019,0.6452013850,0.5388321849,0.5245568936,average,0.6183511019,0.5388321849,
O1/0121/1,,videos/sample_000480_O1__0121__1.pt,ok,0.6230841875,0.6481217146,0.5362878720,0.5230272492,average,0.6230841875,0.5362878720,
O1/0121/2,,videos/sample_000481_O1__0121__2.pt,ok,0.6227043867,0.6483318210,0.5364915932,0.5229173694,average,0.6227043867,0.5364915932,
O1/0121/3,,videos/sample_000482_O1__0121__3.pt,ok,0.6221203804,0.6483318210,0.5368049992,0.5229173694,average,0.6221203804,0.5368049992,
O1/0121/4,,videos/sample_000483_O1__0121__4.pt,ok,0.6226880550,0.6481217146,0.5365003551,0.5230272492,average,0.6226880550,0.5365003551,
O1/0122/1,,videos/sample_000484_O1__0122__1.pt,ok,0.5541816354,0.6053650379,0.5745422539,0.5458751251,average,0.5541816354,0.5745422539,
O1/0122/2,,videos/sample_000485_O1__0122__2.pt,ok,0.5569250584,0.6033434868,0.5729682016,0.5469797558,average,0.5569250584,0.5729682016,
O1/0122/3,,videos/sample_000486_O1__0122__3.pt,ok,0.5575272441,0.6034607291,0.5726232722,0.5469156304,average,0.5575272441,0.5726232722,
O1/0122/4,,videos/sample_000487_O1__0122__4.pt,ok,0.5454499125,0.5859854817,0.5795809639,0.5565571146,average,0.5454499125,0.5795809639,
O1/0123/1,,videos/sample_000488_O1__0123__1.pt,ok,0.5622495413,0.5867117643,0.5699255497,0.5561530436,average,0.5622495413,0.5699255497,
O1/0123/2,,videos/sample_000489_O1__0123__2.pt,ok,0.5598868132,0.5795992017,0.5712737209,0.5601228179,average,0.5598868132,0.5712737209,
O1/0123/3,,videos/sample_000490_O1__0123__3.pt,ok,0.5592957735,0.5794911981,0.5716114661,0.5601833164,average,0.5592957735,0.5716114661,
O1/0123/4,,videos/sample_000491_O1__0123__4.pt,ok,0.5616759062,0.5867502093,0.5702525728,0.5561316627,average,0.5616759062,0.5702525728,
O1/0124/1,,videos/sample_000492_O1__0124__1.pt,ok,0.6266473532,0.6342409253,0.5343803898,0.5303379016,average,0.6266473532,0.5343803898,
O1/0124/2,,videos/sample_000493_O1__0124__2.pt,ok,0.6261206269,0.6342409253,0.5346619361,0.5303379016,average,0.6261206269,0.5346619361,
O1/0124/3,,videos/sample_000494_O1__0124__3.pt,ok,0.6264658570,0.6369414926,0.5344773866,0.5289076206,average,0.6264658570,0.5344773866,
O1/0124/4,,videos/sample_000495_O1__0124__4.pt,ok,0.6270847321,0.6357496381,0.5341467142,0.5295383774,average,0.6270847321,0.5341467142,
O1/0125/1,,videos/sample_000496_O1__0125__1.pt,ok,0.5860661864,0.6104230881,0.5565121996,0.5431210324,average,0.5860661864,0.5565121996,
O1/0125/2,,videos/sample_000497_O1__0125__2.pt,ok,0.5822713971,0.6073808670,0.5586280583,0.5447758425,average,0.5822713971,0.5586280583,
O1/0125/3,,videos/sample_000498_O1__0125__3.pt,ok,0.5862793326,0.6151980758,0.5563935938,0.5405338181,average,0.5862793326,0.5563935938,
O1/0125/4,,videos/sample_000499_O1__0125__4.pt,ok,0.5860632658,0.6117177606,0.5565138250,0.5424183236,average,0.5860632658,0.5565138250,
O1/0126/1,,videos/sample_000500_O1__0126__1.pt,ok,0.5541971922,0.5741142035,0.5745333159,0.5632035317,average,0.5541971922,0.5745333159,
O1/0126/2,,videos/sample_000501_O1__0126__2.pt,ok,0.5615704060,0.5918215513,0.5703127377,0.5533184682,average,0.5615704060,0.5703127377,
O1/0126/3,,videos/sample_000502_O1__0126__3.pt,ok,0.5629668236,0.5955080986,0.5695168987,0.5512823889,average,0.5629668236,0.5695168987,
O1/0126/4,,videos/sample_000503_O1__0126__4.pt,ok,0.5586858392,0.5965495706,0.5719602179,0.5507085426,average,0.5586858392,0.5719602179,
O1/0127/1,,videos/sample_000504_O1__0127__1.pt,ok,0.6126376390,0.6252551079,0.5419195940,0.5351248965,average,0.6126376390,0.5419195940,
O1/0127/2,,videos/sample_000505_O1__0127__2.pt,ok,0.6126810312,0.6247888207,0.5418960795,0.5353744766,average,0.6126810312,0.5418960795,
O1/0127/3,,videos/sample_000506_O1__0127__3.pt,ok,0.6107740998,0.6248337030,0.5429304240,0.5353504483,average,0.6107740998,0.5429304240,
O1/0127/4,,videos/sample_000507_O1__0127__4.pt,ok,0.6113066077,0.6252551079,0.5426413862,0.5351248965,average,0.6113066077,0.5426413862,
O1/0128/1,,videos/sample_000508_O1__0128__1.pt,ok,0.5699928403,0.5894010067,0.5655294877,0.5546594225,average,0.5699928403,0.5655294877,
O1/0128/2,,videos/sample_000509_O1__0128__2.pt,ok,0.5716259480,0.5945754051,0.5646066709,0.5517968062,average,0.5716259480,0.5646066709,
O1/0128/3,,videos/sample_000510_O1__0128__3.pt,ok,0.5708414316,0.5931249261,0.5650497879,0.5525977567,average,0.5708414316,0.5650497879,
O1/0128/4,,videos/sample_000511_O1__0128__4.pt,ok,0.5686172843,0.5882577896,0.5663079405,0.5552938813,average,0.5686172843,0.5663079405,
O1/0129/1,,videos/sample_000512_O1__0129__1.pt,ok,0.5783970356,0.6071966290,0.5607965834,0.5448762202,average,0.5783970356,0.5607965834,
O1/0129/2,,videos/sample_000513_O1__0129__2.pt,ok,0.5696533918,0.5826489925,0.5657214884,0.5584171627,average,0.5696533918,0.5657214884,
O1/0129/3,,videos/sample_000514_O1__0129__3.pt,ok,0.5804665089,0.6050227880,0.5596372299,0.5460619828,average,0.5804665089,0.5596372299,
O1/0129/4,,videos/sample_000515_O1__0129__4.pt,ok,0.5803612471,0.6041080952,0.5596961415,0.5465616903,average,0.5803612471,0.5596961415,
O1/0130/1,,videos/sample_000516_O1__0130__1.pt,ok,0.5617595315,0.5866743922,0.5702048872,0.5561738286,average,0.5617595315,0.5702048872,
O1/0130/2,,videos/sample_000517_O1__0130__2.pt,ok,0.5592585802,0.5818787813,0.5716327266,0.5588474275,average,0.5592585802,0.5716327266,
O1/0130/3,,videos/sample_000518_O1__0130__3.pt,ok,0.5596358776,0.5811933875,0.5714170917,0.5592305894,average,0.5596358776,0.5714170917,
O1/0130/4,,videos/sample_000519_O1__0130__4.pt,ok,0.5619769692,0.5872573853,0.5700809166,0.5558496776,average,0.5619769692,0.5700809166,
O1/0131/1,,videos/sample_000520_O1__0131__1.pt,ok,0.5483809710,0.5850220919,0.5778846655,0.5570935544,average,0.5483809710,0.5778846655,
O1/0131/2,,videos/sample_000521_O1__0131__2.pt,ok,0.5439023972,0.5909099579,0.5804785687,0.5538230997,average,0.5439023972,0.5804785687,
O1/0131/3,,videos/sample_000522_O1__0131__3.pt,ok,0.5477411151,0.5841196179,0.5782545467,0.5575965438,average,0.5477411151,0.5782545467,
O1/0131/4,,videos/sample_000523_O1__0131__4.pt,ok,0.5301883221,0.5496264696,0.5884941328,0.5771653589,average,0.5301883221,0.5884941328,
O1/0132/1,,videos/sample_000524_O1__0132__1.pt,ok,0.5363879800,0.5559530854,0.5848569568,0.5735253819,average,0.5363879800,0.5848569568,
O1/0132/2,,videos/sample_000525_O1__0132__2.pt,ok,0.5401141644,0.5705580711,0.5826817271,0.5652099233,average,0.5401141644,0.5826817271,
O1/0132/3,,videos/sample_000526_O1__0132__3.pt,ok,0.5388500690,0.5726404190,0.5834187581,0.5640341842,average,0.5388500690,0.5834187581,
O1/0132/4,,videos/sample_000527_O1__0132__4.pt,ok,0.5338222980,0.5528749228,0.5863594403,0.5752935063,average,0.5338222980,0.5863594403,
O1/0133/1,,videos/sample_000528_O1__0133__1.pt,ok,0.5811057687,0.6080696583,0.5592795907,0.5444007349,average,0.5811057687,0.5592795907,
O1/0133/2,,videos/sample_000529_O1__0133__2.pt,ok,0.5852519274,0.6122317910,0.5569655293,0.5421395757,average,0.5852519274,0.5569655293,
O1/0133/3,,videos/sample_000530_O1__0133__3.pt,ok,0.5880550146,0.6163896918,0.5554064924,0.5398900929,average,0.5880550146,0.5554064924,
O1/0133/4,,videos/sample_000531_O1__0133__4.pt,ok,0.5894399285,0.6172413826,0.5546378346,0.5394304692,average,0.5894399285,0.5546378346,
O1/0134/1,,videos/sample_000532_O1__0134__1.pt,ok,0.6210320592,0.6334277391,0.5373895335,0.5307693405,average,0.6210320592,0.5373895335,
O1/0134/2,,videos/sample_000533_O1__0134__2.pt,ok,0.6206206083,0.6324923635,0.5376106884,0.5312660415,average,0.6206206083,0.5376106884,
O1/0134/3,,videos/sample_000534_O1__0134__3.pt,ok,0.6196274161,0.6324923635,0.5381449044,0.5312660415,average,0.6196274161,0.5381449044,
O1/0134/4,,videos/sample_000535_O1__0134__4.pt,ok,0.6194391847,0.6334277391,0.5382462097,0.5307693405,average,0.6194391847,0.5382462097,
O1/0135/1,,videos/sample_000536_O1__0135__1.pt,ok,0.5643804073,0.6058239341,0.5687124077,0.5456246826,average,0.5643804073,0.5687124077,
O1/0135/2,,videos/sample_000537_O1__0135__2.pt,ok,0.5642840862,0.5965505242,0.5687671893,0.5507080174,average,0.5642840862,0.5687671893,
O1/0135/3,,videos/sample_000538_O1__0135__3.pt,ok,0.5665118694,0.6005887389,0.5675015097,0.5484886244,average,0.5665118694,0.5675015097,
O1/0135/4,,videos/sample_000539_O1__0135__4.pt,ok,0.5576878786,0.5885743499,0.5725312965,0.5551181251,average,0.5576878786,0.5725312965,
O1/0136/1,,videos/sample_000540_O1__0136__1.pt,ok,0.5773999691,0.5983535647,0.5613560138,0.5497159632,average,0.5773999691,0.5613560138,
O1/0136/2,,videos/sample_000541_O1__0136__2.pt,ok,0.5713682175,0.5849975348,0.5647522060,0.5571072352,average,0.5713682175,0.5647522060,
O1/0136/3,,videos/sample_000542_O1__0136__3.pt,ok,0.5757861733,0.5887734294,0.5622626591,0.5550076234,average,0.5757861733,0.5622626591,
O1/0136/4,,videos/sample_000543_O1__0136__4.pt,ok,0.5742707849,0.5966851711,0.5631153514,0.5506338713,average,0.5742707849,0.5631153514,
O1/0137/1,,videos/sample_000544_O1__0137__1.pt,ok,0.6265890002,0.6506243348,0.5344115734,0.5217199471,average,0.6265890002,0.5344115734,
O1/0137/2,,videos/sample_000545_O1__0137__2.pt,ok,0.6265349984,0.6503328681,0.5344404333,0.5218720333,average,0.6265349984,0.5344404333,
O1/0137/3,,videos/sample_000546_O1__0137__3.pt,ok,0.6269770861,0.6503328681,0.5342042161,0.5218720333,average,0.6269770861,0.5342042161,
O1/0137/4,,videos/sample_000547_O1__0137__4.pt,ok,0.6248797774,0.6506243348,0.5353257829,0.5217199471,average,0.6248797774,0.5353257829,
O1/0138/1,,videos/sample_000548_O1__0138__1.pt,ok,0.5725327730,0.5939618945,0.5640949035,0.5521354433,average,0.5725327730,0.5640949035,
O1/0138/2,,videos/sample_000549_O1__0138__2.pt,ok,0.5724820495,0.5956218839,0.5641235171,0.5512196646,average,0.5724820495,0.5641235171,
O1/0138/3,,videos/sample_000550_O1__0138__3.pt,ok,0.5710456967,0.5911650658,0.5649343797,0.5536818331,average,0.5710456967,0.5649343797,
O1/0138/4,,videos/sample_000551_O1__0138__4.pt,ok,0.5705981255,0.5900555849,0.5651872847,0.5542964734,average,0.5705981255,0.5651872847,
O1/0139/1,,videos/sample_000552_O1__0139__1.pt,ok,0.6151431799,0.6308805943,0.5405634919,0.5321230102,average,0.6151431799,0.5405634919,
O1/0139/2,,videos/sample_000553_O1__0139__2.pt,ok,0.6174743772,0.6316089034,0.5393047995,0.5317356012,average,0.6174743772,0.5393047995,
O1/0139/3,,videos/sample_000554_O1__0139__3.pt,ok,0.6161273122,0.6316089034,0.5400317676,0.5317356012,average,0.6161273122,0.5400317676,
O1/0139/4,,videos/sample_000555_O1__0139__4.pt,ok,0.6171760559,0.6308805943,0.5394657096,0.5321230102,average,0.6171760559,0.5394657096,
O1/0140/1,,videos/sample_000556_O1__0140__1.pt,ok,0.5449004173,0.5833235383,0.5798995284,0.5580406118,average,0.5449004173,0.5798995284,
O1/0140/2,,videos/sample_000557_O1__0140__2.pt,ok,0.5449857116,0.5829741359,0.5798500684,0.5582356266,average,0.5449857116,0.5798500684,
O1/0140/3,,videos/sample_000558_O1__0140__3.pt,ok,0.5305248499,0.5499556065,0.5882961215,0.5769754238,average,0.5305248499,0.5882961215,
O1/0140/4,,videos/sample_000559_O1__0140__4.pt,ok,0.5454096794,0.5881405473,0.5796042828,0.5553589890,average,0.5454096794,0.5796042828,
O1/0141/1,,videos/sample_000560_O1__0141__1.pt,ok,0.6247807145,0.6333374381,0.5353788165,0.5308172717,average,0.6247807145,0.5353788165,
O1/0141/2,,videos/sample_000561_O1__0141__2.pt,ok,0.6238282323,0.6320822239,0.5358889982,0.5314839794,average,0.6238282323,0.5358889982,
O1/0141/3,,videos/sample_000562_O1__0141__3.pt,ok,0.6239471436,0.6337676644,0.5358252787,0.5305889492,average,0.6239471436,0.5358252787,
O1/0141/4,,videos/sample_000563_O1__0141__4.pt,ok,0.6244785786,0.6322988272,0.5355405981,0.5313688707,average,0.6244785786,0.5355405981,
O1/0142/1,,videos/sample_000564_O1__0142__1.pt,ok,0.6359544396,0.6593303680,0.5294299382,0.5171975506,average,0.6359544396,0.5294299382,
O1/0142/2,,videos/sample_000565_O1__0142__2.pt,ok,0.6347035766,0.6594329476,0.5300925969,0.5171444994,average,0.6347035766,0.5300925969,
O1/0142/3,,videos/sample_000566_O1__0142__3.pt,ok,0.6360597610,0.6594329476,0.5293741808,0.5171444994,average,0.6360597610,0.5293741808,
O1/0142/4,,videos/sample_000567_O1__0142__4.pt,ok,0.6363929510,0.6593303680,0.5291978280,0.5171975506,average,0.6363929510,0.5291978280,
O1/0143/1,,videos/sample_000568_O1__0143__1.pt,ok,0.5570489764,0.5925000310,0.5728972049,0.5529431802,average,0.5570489764,0.5728972049,
O1/0143/2,,videos/sample_000569_O1__0143__2.pt,ok,0.5622742772,0.5927569270,0.5699114522,0.5528011496,average,0.5622742772,0.5699114522,
O1/0143/3,,videos/sample_000570_O1__0143__3.pt,ok,0.5618893504,0.5880459547,0.5701308686,0.5554115243,average,0.5618893504,0.5701308686,
O1/0143/4,,videos/sample_000571_O1__0143__4.pt,ok,0.5531650782,0.5734262466,0.5751266059,0.5635911247,average,0.5531650782,0.5751266059,
O1/0144/1,,videos/sample_000572_O1__0144__1.pt,ok,0.6109957099,0.6384552121,0.5428101185,0.5281076085,average,0.6109957099,0.5428101185,
O1/0144/2,,videos/sample_000573_O1__0144__2.pt,ok,0.6079558134,0.6387779117,0.5444627157,0.5279372159,average,0.6079558134,0.5444627157,
O1/0144/3,,videos/sample_000574_O1__0144__3.pt,ok,0.6102508307,0.6387779117,0.5432145971,0.5279372159,average,0.6102508307,0.5432145971,
O1/0144/4,,videos/sample_000575_O1__0144__4.pt,ok,0.6107699871,0.6384552121,0.5429326569,0.5281076085,average,0.6107699871,0.5429326569,
O1/0145/1,,videos/sample_000576_O1__0145__1.pt,ok,0.6162602305,0.6300965548,0.5399599923,0.5325403792,average,0.6162602305,0.5399599923,
O1/0145/2,,videos/sample_000577_O1__0145__2.pt,ok,0.6165022254,0.6288391948,0.5398293405,0.5332103953,average,0.6165022254,0.5398293405,
O1/0145/3,,videos/sample_000578_O1__0145__3.pt,ok,0.6159182191,0.6291074157,0.5401446964,0.5330673963,average,0.6159182191,0.5401446964,
O1/0145/4,,videos/sample_000579_O1__0145__4.pt,ok,0.6146367192,0.6279009581,0.5408373354,0.5337109076,average,0.6146367192,0.5408373354,
O1/0146/1,,videos/sample_000580_O1__0146__1.pt,ok,0.5428200960,0.5620005727,0.5811071615,0.5700674609,average,0.5428200960,0.5811071615,
O1/0146/2,,videos/sample_000581_O1__0146__2.pt,ok,0.5449423194,0.5770759583,0.5798752299,0.5615379287,average,0.5449423194,0.5798752299,
O1/0146/3,,videos/sample_000582_O1__0146__3.pt,ok,0.5375213623,0.5571252704,0.5841944657,0.5728534980,average,0.5375213623,0.5841944657,
O1/0146/4,,videos/sample_000583_O1__0146__4.pt,ok,0.5408053398,0.5787854791,0.5822791309,0.5605787880,average,0.5408053398,0.5822791309,
O1/0147/1,,videos/sample_000584_O1__0147__1.pt,ok,0.5398779511,0.5583642125,0.5828193805,0.5721442051,average,0.5398779511,0.5828193805,
O1/0147/2,,videos/sample_000585_O1__0147__2.pt,ok,0.5394069552,0.5574654937,0.5830939507,0.5726586330,average,0.5394069552,0.5830939507,
O1/0147/3,,videos/sample_000586_O1__0147__3.pt,ok,0.5424453020,0.5735818148,0.5813249978,0.5635034547,average,0.5424453020,0.5813249978,
O1/0147/4,,videos/sample_000587_O1__0147__4.pt,ok,0.5420429707,0.5707912445,0.5815589301,0.5650781468,average,0.5420429707,0.5815589301,
O1/0148/1,,videos/sample_000588_O1__0148__1.pt,ok,0.6182026267,0.6491146684,0.5389121940,0.5225081651,average,0.6182026267,0.5389121940,
O1/0148/2,,videos/sample_000589_O1__0148__2.pt,ok,0.6164374948,0.6493094563,0.5398642852,0.5224063967,average,0.6164374948,0.5398642852,
O1/0148/3,,videos/sample_000590_O1__0148__3.pt,ok,0.6185660958,0.6491146684,0.5387163517,0.5225081651,average,0.6185660958,0.5387163517,
O1/0148/4,,videos/sample_000591_O1__0148__4.pt,ok,0.6186385155,0.6493094563,0.5386773394,0.5224063967,average,0.6186385155,0.5386773394,
O1/0149/1,,videos/sample_000592_O1__0149__1.pt,ok,0.6211924553,0.6345292330,0.5373033452,0.5301850232,average,0.6211924553,0.5373033452,
O1/0149/2,,videos/sample_000593_O1__0149__2.pt,ok,0.6214540601,0.6324318647,0.5371628025,0.5312981834,average,0.6214540601,0.5371628025,
O1/0149/3,,videos/sample_000594_O1__0149__3.pt,ok,0.6203261614,0.6324318647,0.5377690095,0.5312981834,average,0.6203261614,0.5377690095,
O1/0149/4,,videos/sample_000595_O1__0149__4.pt,ok,0.6199574471,0.6354210377,0.5379673292,0.5297124125,average,0.6199574471,0.5379673292,
O1/0150/1,,videos/sample_000596_O1__0150__1.pt,ok,0.6221232414,0.6342987418,0.5368034634,0.5303072402,average,0.6221232414,0.5368034634,
O1/0150/2,,videos/sample_000597_O1__0150__2.pt,ok,0.6230893731,0.6360916495,0.5362850910,0.5293573001,average,0.6230893731,0.5362850910,
O1/0150/3,,videos/sample_000598_O1__0150__3.pt,ok,0.6232965589,0.6341898441,0.5361739919,0.5303649926,average,0.6232965589,0.5361739919,
O1/0150/4,,videos/sample_000599_O1__0150__4.pt,ok,0.6224828362,0.6356258988,0.5366104663,0.5296039061,average,0.6224828362,0.5366104663,
O1/0151/1,,videos/sample_000600_O1__0151__1.pt,ok,0.5424019098,0.5775640011,0.5813502233,0.5612639410,average,0.5424019098,0.5813502233,
O1/0151/2,,videos/sample_000601_O1__0151__2.pt,ok,0.5463721156,0.5772469640,0.5790467190,0.5614419107,average,0.5463721156,0.5790467190,
O1/0151/3,,videos/sample_000602_O1__0151__3.pt,ok,0.5395095944,0.5581392050,0.5830341054,0.5722729564,average,0.5395095944,0.5830341054,
O1/0151/4,,videos/sample_000603_O1__0151__4.pt,ok,0.5445539355,0.5636069179,0.5801004879,0.5691524709,average,0.5445539355,0.5801004879,
O1/0152/1,,videos/sample_000604_O1__0152__1.pt,ok,0.5516509414,0.5834419727,0.5759980859,0.5579745245,average,0.5516509414,0.5759980859,
O1/0152/2,,videos/sample_000605_O1__0152__2.pt,ok,0.5519124866,0.5757882595,0.5758474561,0.5622614861,average,0.5519124866,0.5758474561,
O1/0152/3,,videos/sample_000606_O1__0152__3.pt,ok,0.5471321344,0.5644391179,0.5786067997,0.5686790192,average,0.5471321344,0.5786067997,
O1/0152/4,,videos/sample_000607_O1__0152__4.pt,ok,0.5495642424,0.5668599606,0.5772012755,0.5673040018,average,0.5495642424,0.5772012755,
O1/0153/1,,videos/sample_000608_O1__0153__1.pt,ok,0.5657271147,0.5886151195,0.5679470340,0.5550954936,average,0.5657271147,0.5679470340,
O1/0153/2,,videos/sample_000609_O1__0153__2.pt,ok,0.5676431060,0.5913767815,0.5668598942,0.5535646223,average,0.5676431060,0.5668598942,
O1/0153/3,,videos/sample_000610_O1__0153__3.pt,ok,0.5674596429,0.5905713439,0.5669639016,0.5540106637,average,0.5674596429,0.5669639016,
O1/0153/4,,videos/sample_000611_O1__0153__4.pt,ok,0.5660977364,0.5884509087,0.5677365795,0.5551866538,average,0.5660977364,0.5677365795,
O1/0154/1,,videos/sample_000612_O1__0154__1.pt,ok,0.6215106249,0.6489973664,0.5371324188,0.5225694599,average,0.6215106249,0.5371324188,
O1/0154/2,,videos/sample_000613_O1__0154__2.pt,ok,0.6226723790,0.6489973664,0.5365087654,0.5225694599,average,0.6226723790,0.5365087654,
O1/0154/3,,videos/sample_000614_O1__0154__3.pt,ok,0.6228021383,0.6480357647,0.5364391529,0.5230722053,average,0.6228021383,0.5364391529,
O1/0154/4,,videos/sample_000615_O1__0154__4.pt,ok,0.6228958368,0.6480357647,0.5363888917,0.5230722053,average,0.6228958368,0.5363888917,
O1/0155/1,,videos/sample_000616_O1__0155__1.pt,ok,0.5424981117,0.5704960823,0.5812942990,0.5652449611,average,0.5424981117,0.5812942990,
O1/0155/2,,videos/sample_000617_O1__0155__2.pt,ok,0.5446265936,0.5744834542,0.5800583404,0.5629956067,average,0.5446265936,0.5800583404,
O1/0155/3,,videos/sample_000618_O1__0155__3.pt,ok,0.5462582707,0.5768172741,0.5791126442,0.5616832084,average,0.5462582707,0.5791126442,
O1/0155/4,,videos/sample_000619_O1__0155__4.pt,ok,0.5352674723,0.5543173552,0.5855126608,0.5744642825,average,0.5352674723,0.5855126608,
O1/0156/1,,videos/sample_000620_O1__0156__1.pt,ok,0.5712368488,0.5860753655,0.5648264016,0.5565070914,average,0.5712368488,0.5648264016,
O1/0156/2,,videos/sample_000621_O1__0156__2.pt,ok,0.5717189312,0.5875844955,0.5645541744,0.5556678832,average,0.5717189312,0.5645541744,
O1/0156/3,,videos/sample_000622_O1__0156__3.pt,ok,0.5704666972,0.5841589570,0.5652615711,0.5575746089,average,0.5704666972,0.5652615711,
O1/0156/4,,videos/sample_000623_O1__0156__4.pt,ok,0.5708556175,0.5868069530,0.5650417722,0.5561001067,average,0.5708556175,0.5650417722,
O1/0157/1,,videos/sample_000624_O1__0157__1.pt,ok,0.5731001496,0.6031118035,0.5637749400,0.5471064965,average,0.5731001496,0.5637749400,
O1/0157/2,,videos/sample_000625_O1__0157__2.pt,ok,0.5713824034,0.6001836658,0.5647441945,0.5487108474,average,0.5713824034,0.5647441945,
O1/0157/3,,videos/sample_000626_O1__0157__3.pt,ok,0.5710166097,0.6019167900,0.5649508122,0.5477606870,average,0.5710166097,0.5649508122,
O1/0157/4,,videos/sample_000627_O1__0157__4.pt,ok,0.5678639412,0.5994037390,0.5667347254,0.5491389687,average,0.5678639412,0.5667347254,
O1/0158/1,,videos/sample_000628_O1__0158__1.pt,ok,0.5696744323,0.5912823677,0.5657095855,0.5536168889,average,0.5696744323,0.5657095855,
O1/0158/2,,videos/sample_000629_O1__0158__2.pt,ok,0.5733674169,0.5976641178,0.5636242816,0.5500950938,average,0.5733674169,0.5636242816,
O1/0158/3,,videos/sample_000630_O1__0158__3.pt,ok,0.5714030266,0.5957499743,0.5647325478,0.5511490632,average,0.5714030266,0.5647325478,
O1/0158/4,,videos/sample_000631_O1__0158__4.pt,ok,0.5716462731,0.5921241641,0.5645951953,0.5531510523,average,0.5716462731,0.5645951953,
O1/0159/1,,videos/sample_000632_O1__0159__1.pt,ok,0.6187509894,0.6322262287,0.5386167557,0.5314074487,average,0.6187509894,0.5386167557,
O1/0159/2,,videos/sample_000633_O1__0159__2.pt,ok,0.6182252765,0.6333145499,0.5388999879,0.5308294213,average,0.6182252765,0.5388999879,
O1/0159/3,,videos/sample_000634_O1__0159__3.pt,ok,0.6168944240,0.6307042241,0.5396176618,0.5322168691,average,0.6168944240,0.5396176618,
O1/0159/4,,videos/sample_000635_O1__0159__4.pt,ok,0.6177625060,0.6333014965,0.5391494326,0.5308363504,average,0.6177625060,0.5391494326,
O1/0160/1,,videos/sample_000636_O1__0160__1.pt,ok,0.5408107638,0.5574209690,0.5822759726,0.5726841310,average,0.5408107638,0.5822759726,
O1/0160/2,,videos/sample_000637_O1__0160__2.pt,ok,0.5518639088,0.5920130610,0.5758754302,0.5532125125,average,0.5518639088,0.5758754302,
O1/0160/3,,videos/sample_000638_O1__0160__3.pt,ok,0.5570155978,0.5899814367,0.5729163277,0.5543375750,average,0.5570155978,0.5729163277,
O1/0160/4,,videos/sample_000639_O1__0160__4.pt,ok,0.5557439327,0.5903264880,0.5736453489,0.5541463331,average,0.5557439327,0.5736453489,
O1/0161/1,,videos/sample_000640_O1__0161__1.pt,ok,0.5849403143,0.6054828167,0.5571391141,0.5458108364,average,0.5849403143,0.5571391141,
O1/0161/2,,videos/sample_000641_O1__0161__2.pt,ok,0.5835130811,0.6031956077,0.5579348492,0.5470606486,average,0.5835130811,0.5579348492,
O1/0161/3,,videos/sample_000642_O1__0161__3.pt,ok,0.5837655663,0.6045323610,0.5577939967,0.5463298520,average,0.5837655663,0.5577939967,
O1/0161/4,,videos/sample_000643_O1__0161__4.pt,ok,0.5853018761,0.6071017385,0.5569377103,0.5449279263,average,0.5853018761,0.5569377103,
O1/0162/1,,videos/sample_000644_O1__0162__1.pt,ok,0.6147658825,0.6302276254,0.5407674836,0.5324705834,average,0.6147658825,0.5407674836,
O1/0162/2,,videos/sample_000645_O1__0162__2.pt,ok,0.6177865267,0.6306983829,0.5391364820,0.5322199779,average,0.6177865267,0.5391364820,
O1/0162/3,,videos/sample_000646_O1__0162__3.pt,ok,0.6170349121,0.6310910583,0.5395418572,0.5320110292,average,0.6170349121,0.5395418572,
O1/0162/4,,videos/sample_000647_O1__0162__4.pt,ok,0.6173035502,0.6318474412,0.5393969352,0.5316087773,average,0.6173035502,0.5393969352,
O1/0163/1,,videos/sample_000648_O1__0163__1.pt,ok,0.6310323477,0.6409876943,0.5320422648,0.5267718775,average,0.6310323477,0.5320422648,
O1/0163/2,,videos/sample_000649_O1__0163__2.pt,ok,0.6305674314,0.6409876943,0.5322896774,0.5267718775,average,0.6305674314,0.5322896774,
O1/0163/3,,videos/sample_000650_O1__0163__3.pt,ok,0.6314042807,0.6408916712,0.5318444175,0.5268224621,average,0.6314042807,0.5318444175,
O1/0163/4,,videos/sample_000651_O1__0163__4.pt,ok,0.6306882501,0.6416159272,0.5322253708,0.5264410459,average,0.6306882501,0.5322253708,
O1/0164/1,,videos/sample_000652_O1__0164__1.pt,ok,0.5568248630,0.5824165940,0.5730256133,0.5585469531,average,0.5568248630,0.5730256133,
O1/0164/2,,videos/sample_000653_O1__0164__2.pt,ok,0.5547313690,0.5733360648,0.5742264955,0.5636419526,average,0.5547313690,0.5742264955,
O1/0164/3,,videos/sample_000654_O1__0164__3.pt,ok,0.5556411147,0.5763165355,0.5737043330,0.5619645353,average,0.5556411147,0.5737043330,
O1/0164/4,,videos/sample_000655_O1__0164__4.pt,ok,0.5577417016,0.5870212913,0.5725004820,0.5559809259,average,0.5577417016,0.5725004820,
O1/0165/1,,videos/sample_000656_O1__0165__1.pt,ok,0.5740023255,0.5952024460,0.5632665452,0.5514509155,average,0.5740023255,0.5632665452,
O1/0165/2,,videos/sample_000657_O1__0165__2.pt,ok,0.5743310452,0.5957176685,0.5630814189,0.5511668688,average,0.5743310452,0.5630814189,
O1/0165/3,,videos/sample_000658_O1__0165__3.pt,ok,0.5749450922,0.5958724022,0.5627357665,0.5510815913,average,0.5749450922,0.5627357665,
O1/0165/4,,videos/sample_000659_O1__0165__4.pt,ok,0.5734588504,0.5940032601,0.5635727498,0.5521126043,average,0.5734588504,0.5635727498,
O1/0166/1,,videos/sample_000660_O1__0166__1.pt,ok,0.5574029088,0.5855199695,0.5726944739,0.5568162591,average,0.5574029088,0.5726944739,
O1/0166/2,,videos/sample_000661_O1__0166__2.pt,ok,0.5617438555,0.5947574377,0.5702138258,0.5516963704,average,0.5617438555,0.5702138258,
O1/0166/3,,videos/sample_000662_O1__0166__3.pt,ok,0.5607983470,0.6031891704,0.5707532228,0.5470641703,average,0.5607983470,0.5707532228,
O1/0166/4,,videos/sample_000663_O1__0166__4.pt,ok,0.5496523976,0.5792428851,0.5771503944,0.5603224345,average,0.5496523976,0.5771503944,
O1/0167/1,,videos/sample_000664_O1__0167__1.pt,ok,0.6258421540,0.6490530968,0.5348108457,0.5225403377,average,0.6258421540,0.5348108457,
O1/0167/2,,videos/sample_000665_O1__0167__2.pt,ok,0.6247087717,0.6490530968,0.5354173345,0.5225403377,average,0.6247087717,0.5354173345,
O1/0167/3,,videos/sample_000666_O1__0167__3.pt,ok,0.6269829869,0.6503028870,0.5342010638,0.5218876798,average,0.6269829869,0.5342010638,
O1/0167/4,,videos/sample_000667_O1__0167__4.pt,ok,0.6270830631,0.6503028870,0.5341476057,0.5218876798,average,0.6270830631,0.5341476057,
O1/0168/1,,videos/sample_000668_O1__0168__1.pt,ok,0.5627372265,0.5916240215,0.5696476732,0.5534277759,average,0.5627372265,0.5696476732,
O1/0168/2,,videos/sample_000669_O1__0168__2.pt,ok,0.5695493817,0.5966103077,0.5657803322,0.5506750952,average,0.5695493817,0.5657803322,
O1/0168/3,,videos/sample_000670_O1__0168__3.pt,ok,0.5679386258,0.5965932012,0.5666924006,0.5506845154,average,0.5679386258,0.5666924006,
O1/0168/4,,videos/sample_000671_O1__0168__4.pt,ok,0.5697820187,0.6083648801,0.5656487261,0.5442400397,average,0.5697820187,0.5656487261,
O1/0169/1,,videos/sample_000672_O1__0169__1.pt,ok,0.5338222980,0.5528749228,0.5863594403,0.5752935063,average,0.5338222980,0.5863594403,
O1/0169/2,,videos/sample_000673_O1__0169__2.pt,ok,0.5424838662,0.5778010488,0.5813025799,0.5611309104,average,0.5424838662,0.5813025799,
O1/0169/3,,videos/sample_000674_O1__0169__3.pt,ok,0.5450204015,0.5780146718,0.5798299538,0.5610110527,average,0.5450204015,0.5798299538,
O1/0169/4,,videos/sample_000675_O1__0169__4.pt,ok,0.5455907583,0.5737097263,0.5794993381,0.5634313807,average,0.5455907583,0.5794993381,
O1/0170/1,,videos/sample_000676_O1__0170__1.pt,ok,0.5690850616,0.5924376845,0.5660430964,0.5529776553,average,0.5690850616,0.5660430964,
O1/0170/2,,videos/sample_000677_O1__0170__2.pt,ok,0.5674833059,0.5877728462,0.5669504857,0.5555632327,average,0.5674833059,0.5669504857,
O1/0170/3,,videos/sample_000678_O1__0170__3.pt,ok,0.5692707300,0.5912199616,0.5659380098,0.5536514390,average,0.5692707300,0.5659380098,
O1/0170/4,,videos/sample_000679_O1__0170__4.pt,ok,0.5676892996,0.5872821212,0.5668337095,0.5558359283,average,0.5676892996,0.5668337095,
O1/0171/1,,videos/sample_000680_O1__0171__1.pt,ok,0.6151150465,0.6420012712,0.5405787000,0.5262382241,average,0.6151150465,0.5405787000,
O1/0171/2,,videos/sample_000681_O1__0171__2.pt,ok,0.6151134968,0.6421004534,0.5405795378,0.5261860333,average,0.6151134968,0.5405795378,
O1/0171/3,,videos/sample_000682_O1__0171__3.pt,ok,0.6133802533,0.6421004534,0.5415173062,0.5261860333,average,0.6133802533,0.5415173062,
O1/0171/4,,videos/sample_000683_O1__0171__4.pt,ok,0.6156448126,0.6420012712,0.5402923956,0.5262382241,average,0.6156448126,0.5402923956,
O1/0172/1,,videos/sample_000684_O1__0172__1.pt,ok,0.5547420979,0.5843994021,0.5742203348,0.5574405589,average,0.5547420979,0.5742203348,
O1/0172/2,,videos/sample_000685_O1__0172__2.pt,ok,0.5506935716,0.5854852796,0.5765497931,0.5568355753,average,0.5506935716,0.5765497931,
O1/0172/3,,videos/sample_000686_O1__0172__3.pt,ok,0.5548522472,0.5850502849,0.5741570882,0.5570778485,average,0.5548522472,0.5741570882,
O1/0172/4,,videos/sample_000687_O1__0172__4.pt,ok,0.5475642681,0.5784085989,0.5783568183,0.5607900988,average,0.5475642681,0.5783568183,
O1/0173/1,,videos/sample_000688_O1__0173__1.pt,ok,0.5525958538,0.5866147280,0.5754540752,0.5562070133,average,0.5525958538,0.5754540752,
O1/0173/2,,videos/sample_000689_O1__0173__2.pt,ok,0.5425750613,0.5724804401,0.5812495703,0.5641244250,average,0.5425750613,0.5812495703,
O1/0173/3,,videos/sample_000690_O1__0173__3.pt,ok,0.5546353459,0.5902568698,0.5742816372,0.5541849131,average,0.5546353459,0.5742816372,
O1/0173/4,,videos/sample_000691_O1__0173__4.pt,ok,0.5508244038,0.5914756060,0.5764743668,0.5535099193,average,0.5508244038,0.5764743668,
O1/0174/1,,videos/sample_000692_O1__0174__1.pt,ok,0.6235499978,0.6353286505,0.5360381217,0.5297613534,average,0.6235499978,0.5360381217,
O1/0174/2,,videos/sample_000693_O1__0174__2.pt,ok,0.6221731901,0.6353286505,0.5367766514,0.5297613534,average,0.6221731901,0.5367766514,
O1/0174/3,,videos/sample_000694_O1__0174__3.pt,ok,0.6237789392,0.6382302046,0.5359154144,0.5282264500,average,0.6237789392,0.5359154144,
O1/0174/4,,videos/sample_000695_O1__0174__4.pt,ok,0.6243731380,0.6382302046,0.5355970688,0.5282264500,average,0.6243731380,0.5355970688,
O1/0175/1,,videos/sample_000696_O1__0175__1.pt,ok,0.6164067984,0.6405479312,0.5398808573,0.5270035832,average,0.6164067984,0.5398808573,
O1/0175/2,,videos/sample_000697_O1__0175__2.pt,ok,0.6164067984,0.6405479312,0.5398808573,0.5270035832,average,0.6164067984,0.5398808573,
O1/0175/3,,videos/sample_000698_O1__0175__3.pt,ok,0.6171728969,0.6399953961,0.5394674138,0.5272948516,average,0.6171728969,0.5394674138,
O1/0175/4,,videos/sample_000699_O1__0175__4.pt,ok,0.6171728969,0.6399953961,0.5394674138,0.5272948516,average,0.6171728969,0.5394674138,
O1/0176/1,,videos/sample_000700_O1__0176__1.pt,ok,0.5361577868,0.5748776793,0.5849916023,0.5627737034,average,0.5361577868,0.5849916023,
O1/0176/2,,videos/sample_000701_O1__0176__2.pt,ok,0.5396669507,0.5779715776,0.5829423686,0.5610352296,average,0.5396669507,0.5829423686,
O1/0176/3,,videos/sample_000702_O1__0176__3.pt,ok,0.5354983807,0.5569129586,0.5853774766,0.5729751344,average,0.5354983807,0.5853774766,
O1/0176/4,,videos/sample_000703_O1__0176__4.pt,ok,0.5313935876,0.5539583564,0.5877852684,0.5746705515,average,0.5313935876,0.5877852684,
O1/0177/1,,videos/sample_000704_O1__0177__1.pt,ok,0.6043761373,0.6165419221,0.5464152084,0.5398079115,average,0.6043761373,0.5464152084,
O1/0177/2,,videos/sample_000705_O1__0177__2.pt,ok,0.6055483818,0.6166751385,0.5457750515,0.5397360051,average,0.6055483818,0.5457750515,
O1/0177/3,,videos/sample_000706_O1__0177__3.pt,ok,0.6053432226,0.6179915667,0.5458870337,0.5390259488,average,0.6053432226,0.5458870337,
O1/0177/4,,videos/sample_000707_O1__0177__4.pt,ok,0.6048978567,0.6179915667,0.5461302073,0.5390259488,average,0.6048978567,0.5461302073,
O1/0178/1,,videos/sample_000708_O1__0178__1.pt,ok,0.5714259148,0.5891936421,0.5647196223,0.5547744512,average,0.5714259148,0.5647196223,
O1/0178/2,,videos/sample_000709_O1__0178__2.pt,ok,0.5714088678,0.5894150138,0.5647292491,0.5546516534,average,0.5714088678,0.5647292491,
O1/0178/3,,videos/sample_000710_O1__0178__3.pt,ok,0.5718342662,0.5901536345,0.5644890653,0.5542421275,average,0.5718342662,0.5644890653,
O1/0178/4,,videos/sample_000711_O1__0178__4.pt,ok,0.5718071461,0.5905891061,0.5645043745,0.5540008233,average,0.5718071461,0.5645043745,
O1/0179/1,,videos/sample_000712_O1__0179__1.pt,ok,0.5382063985,0.5679858327,0.5837944084,0.5666656495,average,0.5382063985,0.5837944084,
O1/0179/2,,videos/sample_000713_O1__0179__2.pt,ok,0.5382429361,0.5715246201,0.5837730783,0.5646638842,average,0.5382429361,0.5837730783,
O1/0179/3,,videos/sample_000714_O1__0179__3.pt,ok,0.5345283747,0.5544097424,0.5859455718,0.5744112118,average,0.5345283747,0.5859455718,
O1/0179/4,,videos/sample_000715_O1__0179__4.pt,ok,0.5352674723,0.5543173552,0.5855126608,0.5744642825,average,0.5352674723,0.5855126608,
O1/0180/1,,videos/sample_000716_O1__0180__1.pt,ok,0.5691854954,0.5899862051,0.5659862494,0.5543349317,average,0.5691854954,0.5659862494,
O1/0180/2,,videos/sample_000717_O1__0180__2.pt,ok,0.5678822398,0.5868081450,0.5667243550,0.5560994438,average,0.5678822398,0.5667243550,
O1/0180/3,,videos/sample_000718_O1__0180__3.pt,ok,0.5670961738,0.5870390534,0.5671700129,0.5559710506,average,0.5670961738,0.5671700129,
O1/0180/4,,videos/sample_000719_O1__0180__4.pt,ok,0.5690033436,0.5895267129,0.5660893542,0.5545897028,average,0.5690033436,0.5660893542,
O1/0181/1,,videos/sample_000720_O1__0181__1.pt,ok,0.5403031707,0.5717094541,0.5825716070,0.5645595248,average,0.5403031707,0.5825716070,
O1/0181/2,,videos/sample_000721_O1__0181__2.pt,ok,0.5352993608,0.5549117923,0.5854939900,0.5741229010,average,0.5352993608,0.5854939900,
O1/0181/3,,videos/sample_000722_O1__0181__3.pt,ok,0.5401535034,0.5737688541,0.5826588054,0.5633980672,average,0.5401535034,0.5826588054,
O1/0181/4,,videos/sample_000723_O1__0181__4.pt,ok,0.5369045734,0.5576635003,0.5845549015,0.5725452540,average,0.5369045734,0.5845549015,
O1/0182/1,,videos/sample_000724_O1__0182__1.pt,ok,0.6206492186,0.6345816255,0.5375953074,0.5301572462,average,0.6206492186,0.5375953074,
O1/0182/2,,videos/sample_000725_O1__0182__2.pt,ok,0.6222584248,0.6345424652,0.5367309014,0.5301780077,average,0.6222584248,0.5367309014,
O1/0182/3,,videos/sample_000726_O1__0182__3.pt,ok,0.6219198108,0.6334747672,0.5369126768,0.5307443800,average,0.6219198108,0.5369126768,
O1/0182/4,,videos/sample_000727_O1__0182__4.pt,ok,0.6227167249,0.6335079074,0.5364849739,0.5307267913,average,0.6227167249,0.5364849739,
O1/0183/1,,videos/sample_000728_O1__0183__1.pt,ok,0.5909253359,0.6121141911,0.5538145831,0.5422033350,average,0.5909253359,0.5538145831,
O1/0183/2,,videos/sample_000729_O1__0183__2.pt,ok,0.5902658105,0.6108607054,0.5541799583,0.5428834053,average,0.5902658105,0.5541799583,
O1/0183/3,,videos/sample_000730_O1__0183__3.pt,ok,0.5919598937,0.6132891178,0.5532419261,0.5415666599,average,0.5919598937,0.5532419261,
O1/0183/4,,videos/sample_000731_O1__0183__4.pt,ok,0.5916316509,0.6129152179,0.5534235536,0.5417691895,average,0.5916316509,0.5534235536,
O1/0184/1,,videos/sample_000732_O1__0184__1.pt,ok,0.5592651367,0.5755577683,0.5716289787,0.5623910974,average,0.5592651367,0.5716289787,
O1/0184/2,,videos/sample_000733_O1__0184__2.pt,ok,0.5589022636,0.5831276774,0.5718364451,0.5581499208,average,0.5589022636,0.5718364451,
O1/0184/3,,videos/sample_000734_O1__0184__3.pt,ok,0.5576663017,0.5743594170,0.5725436501,0.5630654435,average,0.5576663017,0.5725436501,
O1/0184/4,,videos/sample_000735_O1__0184__4.pt,ok,0.5602167249,0.5837724805,0.5710852821,0.5577901400,average,0.5602167249,0.5710852821,
O1/0185/1,,videos/sample_000736_O1__0185__1.pt,ok,0.5631818175,0.5928883553,0.5693944692,0.5527285006,average,0.5631818175,0.5693944692,
O1/0185/2,,videos/sample_000737_O1__0185__2.pt,ok,0.5615381598,0.5829724073,0.5703311284,0.5582365915,average,0.5615381598,0.5703311284,
O1/0185/3,,videos/sample_000738_O1__0185__3.pt,ok,0.5606051683,0.5817810893,0.5708634908,0.5589020251,average,0.5606051683,0.5708634908,
O1/0185/4,,videos/sample_000739_O1__0185__4.pt,ok,0.5638253689,0.5930746794,0.5690281525,0.5526255236,average,0.5638253689,0.5690281525,
O1/0186/1,,videos/sample_000740_O1__0186__1.pt,ok,0.5623646379,0.5869555473,0.5698599570,0.5560174795,average,0.5623646379,0.5698599570,
O1/0186/2,,videos/sample_000741_O1__0186__2.pt,ok,0.5606689453,0.5838021636,0.5708270840,0.5577735833,average,0.5606689453,0.5708270840,
O1/0186/3,,videos/sample_000742_O1__0186__3.pt,ok,0.5620826483,0.5865385532,0.5700206742,0.5562493838,average,0.5620826483,0.5700206742,
O1/0186/4,,videos/sample_000743_O1__0186__4.pt,ok,0.5605680943,0.5850623250,0.5708846554,0.5570711413,average,0.5605680943,0.5708846554,
O1/0187/1,,videos/sample_000744_O1__0187__1.pt,ok,0.5392533541,0.5594193935,0.5831835215,0.5715408078,average,0.5392533541,0.5831835215,
O1/0187/2,,videos/sample_000745_O1__0187__2.pt,ok,0.5409711003,0.5714982748,0.5821826200,0.5646787606,average,0.5409711003,0.5821826200,
O1/0187/3,,videos/sample_000746_O1__0187__3.pt,ok,0.5361631513,0.5560276508,0.5849884642,0.5734826184,average,0.5361631513,0.5849884642,
O1/0187/4,,videos/sample_000747_O1__0187__4.pt,ok,0.5394454002,0.5738341212,0.5830715341,0.5633612971,average,0.5394454002,0.5830715341,
O1/0188/1,,videos/sample_000748_O1__0188__1.pt,ok,0.6067489386,0.6399249434,0.5451202107,0.5273320023,average,0.6067489386,0.5451202107,
O1/0188/2,,videos/sample_000749_O1__0188__2.pt,ok,0.6082609296,0.6409233809,0.5442966166,0.5268057570,average,0.6082609296,0.5442966166,
O1/0188/3,,videos/sample_000750_O1__0188__3.pt,ok,0.6087294817,0.6399249434,0.5440416450,0.5273320023,average,0.6087294817,0.5440416450,
O1/0188/4,,videos/sample_000751_O1__0188__4.pt,ok,0.6076629162,0.6409233809,0.5446222106,0.5268057570,average,0.6076629162,0.5446222106,
O1/0189/1,,videos/sample_000752_O1__0189__1.pt,ok,0.5375601649,0.5670398474,0.5841717979,0.5672019605,average,0.5375601649,0.5841717979,
O1/0189/2,,videos/sample_000753_O1__0189__2.pt,ok,0.5381053090,0.5572060943,0.5838534269,0.5728071996,average,0.5381053090,0.5838534269,
O1/0189/3,,videos/sample_000754_O1__0189__3.pt,ok,0.5392986536,0.5687136650,0.5831571041,0.5662533619,average,0.5392986536,0.5831571041,
O1/0189/4,,videos/sample_000755_O1__0189__4.pt,ok,0.5334113836,0.5532845855,0.5866004334,0.5750578782,average,0.5334113836,0.5866004334,
O1/0190/1,,videos/sample_000756_O1__0190__1.pt,ok,0.6199885011,0.6332080960,0.5379506234,0.5308859331,average,0.6199885011,0.5379506234,
O1/0190/2,,videos/sample_000757_O1__0190__2.pt,ok,0.6191734076,0.6298815608,0.5383892822,0.5326548845,average,0.6191734076,0.5383892822,
O1/0190/3,,videos/sample_000758_O1__0190__3.pt,ok,0.6189299226,0.6303759813,0.5385203879,0.5323915941,average,0.6189299226,0.5385203879,
O1/0190/4,,videos/sample_000759_O1__0190__4.pt,ok,0.6200659275,0.6338239312,0.5379089734,0.5305590955,average,0.6200659275,0.5379089734,
O1/0191/1,,videos/sample_000760_O1__0191__1.pt,ok,0.5556501150,0.5835038424,0.5736991695,0.5579400039,average,0.5556501150,0.5736991695,
O1/0191/2,,videos/sample_000761_O1__0191__2.pt,ok,0.5482553840,0.5878907442,0.5779572448,0.5554977367,average,0.5482553840,0.5779572448,
O1/0191/3,,videos/sample_000762_O1__0191__3.pt,ok,0.5403125286,0.5582239628,0.5825661553,0.5722244538,average,0.5403125286,0.5825661553,
O1/0191/4,,videos/sample_000763_O1__0191__4.pt,ok,0.5553280711,0.5807384849,0.5738839556,0.5594850427,average,0.5553280711,0.5738839556,
O1/0192/1,,videos/sample_000764_O1__0192__1.pt,ok,0.5600454211,0.6000172496,0.5711831195,0.5488021694,average,0.5600454211,0.5711831195,
O1/0192/2,,videos/sample_000765_O1__0192__2.pt,ok,0.5629899502,0.5953068733,0.5695037279,0.5513933320,average,0.5629899502,0.5695037279,
O1/0192/3,,videos/sample_000766_O1__0192__3.pt,ok,0.5526287556,0.5725080967,0.5754351421,0.5641088235,average,0.5526287556,0.5754351421,
O1/0192/4,,videos/sample_000767_O1__0192__4.pt,ok,0.5636078119,0.5938680172,0.5691519620,0.5521872787,average,0.5636078119,0.5691519620,
O1/0193/1,,videos/sample_000768_O1__0193__1.pt,ok,0.6225188375,0.6472845674,0.5365911481,0.5234652833,average,0.6225188375,0.5365911481,
O1/0193/2,,videos/sample_000769_O1__0193__2.pt,ok,0.6207233071,0.6480757594,0.5375554792,0.5230512855,average,0.6207233071,0.5375554792,
O1/0193/3,,videos/sample_000770_O1__0193__3.pt,ok,0.6219930649,0.6480757594,0.5368733472,0.5230512855,average,0.6219930649,0.5368733472,
O1/0193/4,,videos/sample_000771_O1__0193__4.pt,ok,0.6221551299,0.6472845674,0.5367863458,0.5234652833,average,0.6221551299,0.5367863458,
O1/0194/1,,videos/sample_000772_O1__0194__1.pt,ok,0.5403723717,0.5709229708,0.5825312938,0.5650037161,average,0.5403723717,0.5825312938,
O1/0194/2,,videos/sample_000773_O1__0194__2.pt,ok,0.5397265553,0.5764050484,0.5829076236,0.5619147964,average,0.5397265553,0.5829076236,
O1/0194/3,,videos/sample_000774_O1__0194__3.pt,ok,0.5376998186,0.5585296154,0.5840902219,0.5720495786,average,0.5376998186,0.5840902219,
O1/0194/4,,videos/sample_000775_O1__0194__4.pt,ok,0.5364211798,0.5582167506,0.5848375400,0.5722285808,average,0.5364211798,0.5848375400,
O1/0195/1,,videos/sample_000776_O1__0195__1.pt,ok,0.6058085561,0.6184341311,0.5456330733,0.5387874479,average,0.6058085561,0.5456330733,
O1/0195/2,,videos/sample_000777_O1__0195__2.pt,ok,0.6073530316,0.6190289259,0.5447910068,0.5384670752,average,0.6073530316,0.5447910068,
O1/0195/3,,videos/sample_000778_O1__0195__3.pt,ok,0.6069971919,0.6205271482,0.5449848996,0.5376609359,average,0.6069971919,0.5449848996,
O1/0195/4,,videos/sample_000779_O1__0195__4.pt,ok,0.6036063433,0.6194362044,0.5468359975,0.5382478138,average,0.6036063433,0.5468359975,
O1/0196/1,,videos/sample_000780_O1__0196__1.pt,ok,0.6224360466,0.6474009156,0.5366355747,0.5234043826,average,0.6224360466,0.5366355747,
O1/0196/2,,videos/sample_000781_O1__0196__2.pt,ok,0.6224663854,0.6464210153,0.5366192941,0.5239175181,average,0.6224663854,0.5366192941,
O1/0196/3,,videos/sample_000782_O1__0196__3.pt,ok,0.6231260300,0.6474009156,0.5362654328,0.5234043826,average,0.6231260300,0.5362654328,
O1/0196/4,,videos/sample_000783_O1__0196__4.pt,ok,0.6224796772,0.6464210153,0.5366121615,0.5239175181,average,0.6224796772,0.5366121615,
O1/0197/1,,videos/sample_000784_O1__0197__1.pt,ok,0.5692742467,0.5876603127,0.5659360196,0.5556257557,average,0.5692742467,0.5659360196,
O1/0197/2,,videos/sample_000785_O1__0197__2.pt,ok,0.5686619282,0.5862856507,0.5662826588,0.5563900785,average,0.5686619282,0.5662826588,
O1/0197/3,,videos/sample_000786_O1__0197__3.pt,ok,0.5690789819,0.5862856507,0.5660465378,0.5563900785,average,0.5690789819,0.5660465378,
O1/0197/4,,videos/sample_000787_O1__0197__4.pt,ok,0.5698531270,0.5876603127,0.5656085052,0.5556257557,average,0.5698531270,0.5656085052,
O1/0198/1,,videos/sample_000788_O1__0198__1.pt,ok,0.6211826801,0.6337351799,0.5373085975,0.5306061854,average,0.6211826801,0.5373085975,
O1/0198/2,,videos/sample_000789_O1__0198__2.pt,ok,0.6190753579,0.6333324909,0.5384420737,0.5308198977,average,0.6190753579,0.5384420737,
O1/0198/3,,videos/sample_000790_O1__0198__3.pt,ok,0.6208901405,0.6335703731,0.5374658045,0.5306936402,average,0.6208901405,0.5374658045,
O1/0198/4,,videos/sample_000791_O1__0198__4.pt,ok,0.6201857924,0.6337351799,0.5378445009,0.5306061854,average,0.6201857924,0.5378445009,
O1/0199/1,,videos/sample_000792_O1__0199__1.pt,ok,0.5597612858,0.5831171870,0.5713454359,0.5581557760,average,0.5597612858,0.5713454359,
O1/0199/2,,videos/sample_000793_O1__0199__2.pt,ok,0.5600794554,0.5831171870,0.5711636800,0.5581557760,average,0.5600794554,0.5711636800,
O1/0199/3,,videos/sample_000794_O1__0199__3.pt,ok,0.5591083169,0.5825011730,0.5717186285,0.5584997137,average,0.5591083169,0.5717186285,
O1/0199/4,,videos/sample_000795_O1__0199__4.pt,ok,0.5596401691,0.5833999515,0.5714146395,0.5579979718,average,0.5596401691,0.5714146395,
O1/0200/1,,videos/sample_000796_O1__0200__1.pt,ok,0.5517742634,0.5699530840,0.5759270570,0.5655519715,average,0.5517742634,0.5759270570,
O1/0200/2,,videos/sample_000797_O1__0200__2.pt,ok,0.5467537642,0.5648358464,0.5788257688,0.5684534528,average,0.5467537642,0.5788257688,
O1/0200/3,,videos/sample_000798_O1__0200__3.pt,ok,0.5494914055,0.5765358806,0.5772433185,0.5618412847,average,0.5494914055,0.5772433185,
O1/0200/4,,videos/sample_000799_O1__0200__4.pt,ok,0.5536361933,0.5771088004,0.5748557189,0.5615194869,average,0.5536361933,0.5748557189,
O1/0201/1,,videos/sample_000800_O1__0201__1.pt,ok,0.5555987954,0.5761079788,0.5737286123,0.5620817490,average,0.5555987954,0.5737286123,
O1/0201/2,,videos/sample_000801_O1__0201__2.pt,ok,0.5678849816,0.6001213193,0.5667228012,0.5487450587,average,0.5678849816,0.5667228012,
O1/0201/3,,videos/sample_000802_O1__0201__3.pt,ok,0.5652158856,0.5969809890,0.5682374592,0.5504710080,average,0.5652158856,0.5682374592,
O1/0201/4,,videos/sample_000803_O1__0201__4.pt,ok,0.5659052134,0.6032457352,0.5678458924,0.5470332266,average,0.5659052134,0.5678458924,
O1/0202/1,,videos/sample_000804_O1__0202__1.pt,ok,0.5765334368,0.5950945020,0.5618426577,0.5515104446,average,0.5765334368,0.5618426577,
O1/0202/2,,videos/sample_000805_O1__0202__2.pt,ok,0.5765340328,0.5965797901,0.5618423228,0.5506919007,average,0.5765340328,0.5618423228,
O1/0202/3,,videos/sample_000806_O1__0202__3.pt,ok,0.5749368072,0.5939911008,0.5627404289,0.5521193177,average,0.5749368072,0.5627404289,
O1/0202/4,,videos/sample_000807_O1__0202__4.pt,ok,0.5772728324,0.5982061028,0.5614273873,0.5497970313,average,0.5772728324,0.5614273873,
O1/0203/1,,videos/sample_000808_O1__0203__1.pt,ok,0.5743988752,0.5945739746,0.5630432263,0.5517975956,average,0.5743988752,0.5630432263,
O1/0203/2,,videos/sample_000809_O1__0203__2.pt,ok,0.5762027502,0.6002395153,0.5620284823,0.5486802030,average,0.5762027502,0.5620284823,
O1/0203/3,,videos/sample_000810_O1__0203__3.pt,ok,0.5756968856,0.5959491134,0.5623128645,0.5510393188,average,0.5756968856,0.5623128645,
O1/0203/4,,videos/sample_000811_O1__0203__4.pt,ok,0.5757930875,0.5978365541,0.5622587715,0.5500002457,average,0.5757930875,0.5622587715,
O1/0204/1,,videos/sample_000812_O1__0204__1.pt,ok,0.5614607930,0.6010383368,0.5703752548,0.5482420805,average,0.5614607930,0.5703752548,
O1/0204/2,,videos/sample_000813_O1__0204__2.pt,ok,0.5558654070,0.5861746669,0.5735756700,0.5564518322,average,0.5558654070,0.5735756700,
O1/0204/3,,videos/sample_000814_O1__0204__3.pt,ok,0.5601817966,0.5926317573,0.5711052294,0.5528703479,average,0.5601817966,0.5711052294,
O1/0204/4,,videos/sample_000815_O1__0204__4.pt,ok,0.5621331334,0.5948335528,0.5699918974,0.5516543795,average,0.5621331334,0.5699918974,
O1/0205/1,,videos/sample_000816_O1__0205__1.pt,ok,0.6157304645,0.6421791315,0.5402461206,0.5261446356,average,0.6157304645,0.5402461206,
O1/0205/2,,videos/sample_000817_O1__0205__2.pt,ok,0.6158829927,0.6420235634,0.5401637240,0.5262264933,average,0.6158829927,0.5401637240,
O1/0205/3,,videos/sample_000818_O1__0205__3.pt,ok,0.6148713827,0.6420235634,0.5407104355,0.5262264933,average,0.6148713827,0.5407104355,
O1/0205/4,,videos/sample_000819_O1__0205__4.pt,ok,0.6161554456,0.6421791315,0.5400165749,0.5261446356,average,0.6161554456,0.5400165749,
O1/0206/1,,videos/sample_000820_O1__0206__1.pt,ok,0.5732803941,0.5947729349,0.5636733319,0.5516878207,average,0.5732803941,0.5636733319,
O1/0206/2,,videos/sample_000821_O1__0206__2.pt,ok,0.5749095082,0.6004498601,0.5627557913,0.5485648032,average,0.5749095082,0.5627557913,
O1/0206/3,,videos/sample_000822_O1__0206__3.pt,ok,0.5745202303,0.5998810530,0.5629749023,0.5488769195,average,0.5745202303,0.5629749023,
O1/0206/4,,videos/sample_000823_O1__0206__4.pt,ok,0.5735680461,0.5940829515,0.5635112134,0.5520686075,average,0.5735680461,0.5635112134,
O1/0207/1,,videos/sample_000824_O1__0207__1.pt,ok,0.5469779968,0.5641893148,0.5786959917,0.5688210947,average,0.5469779968,0.5786959917,
O1/0207/2,,videos/sample_000825_O1__0207__2.pt,ok,0.5598595738,0.5864900351,0.5712892822,0.5562763727,average,0.5598595738,0.5712892822,
O1/0207/3,,videos/sample_000826_O1__0207__3.pt,ok,0.5558574200,0.5842466950,0.5735802511,0.5575256905,average,0.5558574200,0.5735802511,
O1/0207/4,,videos/sample_000827_O1__0207__4.pt,ok,0.5585495234,0.5966340899,0.5720381904,0.5506619990,average,0.5585495234,0.5720381904,
O1/0208/1,,videos/sample_000828_O1__0208__1.pt,ok,0.6233363748,0.6351425052,0.5361526441,0.5298599752,average,0.6233363748,0.5361526441,
O1/0208/2,,videos/sample_000829_O1__0208__2.pt,ok,0.6233240366,0.6359005570,0.5361592592,0.5294584660,average,0.6233240366,0.5361592592,
O1/0208/3,,videos/sample_000830_O1__0208__3.pt,ok,0.6216204762,0.6345365047,0.5370734173,0.5301811678,average,0.6216204762,0.5370734173,
O1/0208/4,,videos/sample_000831_O1__0208__4.pt,ok,0.6227697730,0.6360801458,0.5364565152,0.5293633897,average,0.6227697730,0.5364565152,
O1/0209/1,,videos/sample_000832_O1__0209__1.pt,ok,0.6157373190,0.6264116764,0.5402424174,0.5345063457,average,0.6157373190,0.5402424174,
O1/0209/2,,videos/sample_000833_O1__0209__2.pt,ok,0.6144785285,0.6265910268,0.5409228976,0.5344104904,average,0.6144785285,0.5409228976,
O1/0209/3,,videos/sample_000834_O1__0209__3.pt,ok,0.6172065735,0.6278169751,0.5394492467,0.5337557321,average,0.6172065735,0.5394492467,
O1/0209/4,,videos/sample_000835_O1__0209__4.pt,ok,0.6164625883,0.6265910268,0.5398507382,0.5344104904,average,0.6164625883,0.5398507382,
O1/0210/1,,videos/sample_000836_O1__0210__1.pt,ok,0.5859317780,0.6047048569,0.5565870046,0.5462356205,average,0.5859317780,0.5565870046,
O1/0210/2,,videos/sample_000837_O1__0210__2.pt,ok,0.5871822834,0.6097143888,0.5558914245,0.5435060783,average,0.5871822834,0.5558914245,
O1/0210/3,,videos/sample_000838_O1__0210__3.pt,ok,0.5861802697,0.6047316194,0.5564487145,0.5462210021,average,0.5861802697,0.5564487145,
O1/0210/4,,videos/sample_000839_O1__0210__4.pt,ok,0.5870965719,0.6079487801,0.5559390729,0.5444665451,average,0.5870965719,0.5559390729,
O1/0211/1,,videos/sample_000840_O1__0211__1.pt,ok,0.5817835331,0.6021882296,0.5589006593,0.5476120232,average,0.5817835331,0.5589006593,
O1/0211/2,,videos/sample_000841_O1__0211__2.pt,ok,0.5815250874,0.6024119854,0.5590451234,0.5474895056,average,0.5815250874,0.5590451234,
O1/0211/3,,videos/sample_000842_O1__0211__3.pt,ok,0.5831118822,0.6043269038,0.5581587370,0.5464421110,average,0.5831118822,0.5581587370,
O1/0211/4,,videos/sample_000843_O1__0211__4.pt,ok,0.5830286145,0.6043481827,0.5582052155,0.5464304834,average,0.5830286145,0.5582052155,
O1/0212/1,,videos/sample_000844_O1__0212__1.pt,ok,0.5538018346,0.5826646686,0.5747605070,0.5584084090,average,0.5538018346,0.5747605070,
O1/0212/2,,videos/sample_000845_O1__0212__2.pt,ok,0.5536281466,0.5754390359,0.5748603446,0.5624578754,average,0.5536281466,0.5748603446,
O1/0212/3,,videos/sample_000846_O1__0212__3.pt,ok,0.5552366972,0.5814694762,0.5739363960,0.5590762134,average,0.5552366972,0.5739363960,
O1/0212/4,,videos/sample_000847_O1__0212__4.pt,ok,0.5549995303,0.5753031373,0.5740725308,0.5625343178,average,0.5549995303,0.5740725308,
O1/0213/1,,videos/sample_000848_O1__0213__1.pt,ok,0.5689843297,0.5905576944,0.5661001179,0.5540182257,average,0.5689843297,0.5661001179,
O1/0213/2,,videos/sample_000849_O1__0213__2.pt,ok,0.5700443983,0.5924460888,0.5655003309,0.5529730080,average,0.5700443983,0.5655003309,
O1/0213/3,,videos/sample_000850_O1__0213__3.pt,ok,0.5678629279,0.5905576944,0.5667352996,0.5540182257,average,0.5678629279,0.5667352996,
O1/0213/4,,videos/sample_000851_O1__0213__4.pt,ok,0.5690348744,0.5906707048,0.5660715052,0.5539556194,average,0.5690348744,0.5660715052,
O1/0214/1,,videos/sample_000852_O1__0214__1.pt,ok,0.6212136745,0.6349588633,0.5372919442,0.5299572886,average,0.6212136745,0.5372919442,
O1/0214/2,,videos/sample_000853_O1__0214__2.pt,ok,0.6196050048,0.6341197491,0.5381569650,0.5304021699,average,0.6196050048,0.5381569650,
O1/0214/3,,videos/sample_000854_O1__0214__3.pt,ok,0.6216208339,0.6349588633,0.5370732253,0.5299572886,average,0.6216208339,0.5370732253,
O1/0214/4,,videos/sample_000855_O1__0214__4.pt,ok,0.6219384074,0.6351391673,0.5369026921,0.5298617438,average,0.6219384074,0.5369026921,
O1/0215/1,,videos/sample_000856_O1__0215__1.pt,ok,0.6190127730,0.6314886808,0.5384757731,0.5317995317,average,0.6190127730,0.5384757731,
O1/0215/2,,videos/sample_000857_O1__0215__2.pt,ok,0.6184881926,0.6304476857,0.5387583211,0.5323534206,average,0.6184881926,0.5387583211,
O1/0215/3,,videos/sample_000858_O1__0215__3.pt,ok,0.6179147959,0.6308670044,0.5390673319,0.5321302417,average,0.6179147959,0.5390673319,
O1/0215/4,,videos/sample_000859_O1__0215__4.pt,ok,0.6190856695,0.6310541034,0.5384365215,0.5320306900,average,0.6190856695,0.5384365215,
O1/0216/1,,videos/sample_000860_O1__0216__1.pt,ok,0.5785572529,0.6009328365,0.5607067413,0.5482999233,average,0.5785572529,0.5607067413,
O1/0216/2,,videos/sample_000861_O1__0216__2.pt,ok,0.5709783435,0.5833625793,0.5649724311,0.5580188257,average,0.5709783435,0.5649724311,
O1/0216/3,,videos/sample_000862_O1__0216__3.pt,ok,0.5785480142,0.6055885553,0.5607119216,0.5457531262,average,0.5785480142,0.5607119216,
O1/0216/4,,videos/sample_000863_O1__0216__4.pt,ok,0.5744022727,0.5972223282,0.5630413134,0.5503381738,average,0.5744022727,0.5630413134,
O1/0217/1,,videos/sample_000864_O1__0217__1.pt,ok,0.5540848970,0.5750083923,0.5745978369,0.5627001464,average,0.5540848970,0.5745978369,
O1/0217/2,,videos/sample_000865_O1__0217__2.pt,ok,0.5530496836,0.5748928189,0.5751929763,0.5627651834,average,0.5530496836,0.5751929763,
O1/0217/3,,videos/sample_000866_O1__0217__3.pt,ok,0.5551695228,0.5783500075,0.5739749511,0.5608229572,average,0.5551695228,0.5739749511,
O1/0217/4,,videos/sample_000867_O1__0217__4.pt,ok,0.5549934506,0.5786447525,0.5740760210,0.5606576818,average,0.5549934506,0.5740760210,
O1/0218/1,,videos/sample_000868_O1__0218__1.pt,ok,0.5493305326,0.5811046362,0.5773361888,0.5592802240,average,0.5493305326,0.5773361888,
O1/0218/2,,videos/sample_000869_O1__0218__2.pt,ok,0.5448894501,0.5830533504,0.5799058883,0.5581914079,average,0.5448894501,0.5799058883,
O1/0218/3,,videos/sample_000870_O1__0218__3.pt,ok,0.5454641581,0.5715162754,0.5795727076,0.5646685962,average,0.5454641581,0.5795727076,
O1/0218/4,,videos/sample_000871_O1__0218__4.pt,ok,0.5340636969,0.5523014069,0.5862179109,0.5756235409,average,0.5340636969,0.5862179109,
O1/0219/1,,videos/sample_000872_O1__0219__1.pt,ok,0.5696397424,0.6067174077,0.5657292103,0.5451373991,average,0.5696397424,0.5657292103,
O1/0219/2,,videos/sample_000873_O1__0219__2.pt,ok,0.5709830523,0.6004683375,0.5649697708,0.5485546672,average,0.5709830523,0.5649697708,
O1/0219/3,,videos/sample_000874_O1__0219__3.pt,ok,0.5641354918,0.5937231183,0.5688517112,0.5522672958,average,0.5641354918,0.5688517112,
O1/0219/4,,videos/sample_000875_O1__0219__4.pt,ok,0.5717622042,0.6020757556,0.5645297450,0.5476736188,average,0.5717622042,0.5645297450,
O1/0220/1,,videos/sample_000876_O1__0220__1.pt,ok,0.5627696514,0.5833173990,0.5696292027,0.5580440377,average,0.5627696514,0.5696292027,
O1/0220/2,,videos/sample_000877_O1__0220__2.pt,ok,0.5623938441,0.5819110274,0.5698433137,0.5588294072,average,0.5623938441,0.5698433137,
O1/0220/3,,videos/sample_000878_O1__0220__3.pt,ok,0.5620998740,0.5833173990,0.5700108553,0.5580440377,average,0.5620998740,0.5700108553,
O1/0220/4,,videos/sample_000879_O1__0220__4.pt,ok,0.5616394281,0.5819110274,0.5702733748,0.5588294072,average,0.5616394281,0.5702733748,
O1/0221/1,,videos/sample_000880_O1__0221__1.pt,ok,0.5666384101,0.5928595066,0.5674297022,0.5527444463,average,0.5666384101,0.5674297022,
O1/0221/2,,videos/sample_000881_O1__0221__2.pt,ok,0.5642866492,0.5953939557,0.5687657316,0.5513453174,average,0.5642866492,0.5687657316,
O1/0221/3,,videos/sample_000882_O1__0221__3.pt,ok,0.5648475289,0.5929643512,0.5684468118,0.5526864971,average,0.5648475289,0.5684468118,
O1/0221/4,,videos/sample_000883_O1__0221__4.pt,ok,0.5632885098,0.5813378692,0.5693337224,0.5591497967,average,0.5632885098,0.5693337224,
O1/0222/1,,videos/sample_000884_O1__0222__1.pt,ok,0.5541490912,0.5778250098,0.5745609522,0.5611174653,average,0.5541490912,0.5745609522,
O1/0222/2,,videos/sample_000885_O1__0222__2.pt,ok,0.5522354245,0.5688607097,0.5756615231,0.5661701035,average,0.5522354245,0.5756615231,
O1/0222/3,,videos/sample_000886_O1__0222__3.pt,ok,0.5548030138,0.5815305710,0.5741853566,0.5590420579,average,0.5548030138,0.5741853566,
O1/0222/4,,videos/sample_000887_O1__0222__4.pt,ok,0.5522669554,0.5690322518,0.5756433723,0.5660729898,average,0.5522669554,0.5756433723,
O1/0223/1,,videos/sample_000888_O1__0223__1.pt,ok,0.6109568477,0.6248463392,0.5428312137,0.5353436835,average,0.6109568477,0.5428312137,
O1/0223/2,,videos/sample_000889_O1__0223__2.pt,ok,0.6093324423,0.6264830232,0.5437137082,0.5344682117,average,0.6093324423,0.5437137082,
O1/0223/3,,videos/sample_000890_O1__0223__3.pt,ok,0.6114767790,0.6264018416,0.5425490521,0.5345116025,average,0.6114767790,0.5425490521,
O1/0223/4,,videos/sample_000891_O1__0223__4.pt,ok,0.6120561361,0.6248270273,0.5422348135,0.5353540221,average,0.6120561361,0.5422348135,
O1/0224/1,,videos/sample_000892_O1__0224__1.pt,ok,0.5632052422,0.5978717208,0.5693811315,0.5499809043,average,0.5632052422,0.5693811315,
O1/0224/2,,videos/sample_000893_O1__0224__2.pt,ok,0.5627599955,0.5989573598,0.5696347030,0.5493841476,average,0.5627599955,0.5696347030,
O1/0224/3,,videos/sample_000894_O1__0224__3.pt,ok,0.5556728840,0.5909298658,0.5736861071,0.5538120743,average,0.5556728840,0.5736861071,
O1/0224/4,,videos/sample_000895_O1__0224__4.pt,ok,0.5646985173,0.6013120413,0.5685315233,0.5480920447,average,0.5646985173,0.5685315233,
O1/0225/1,,videos/sample_000896_O1__0225__1.pt,ok,0.5732159615,0.6046868563,0.5637096520,0.5462454532,average,0.5732159615,0.5637096520,
O1/0225/2,,videos/sample_000897_O1__0225__2.pt,ok,0.5724386573,0.6044179797,0.5641479962,0.5463923455,average,0.5724386573,0.5641479962,
O1/0225/3,,videos/sample_000898_O1__0225__3.pt,ok,0.5704923868,0.6009624004,0.5652470500,0.5482837136,average,0.5704923868,0.5652470500,
O1/0225/4,,videos/sample_000899_O1__0225__4.pt,ok,0.5688193440,0.5992715955,0.5661935240,0.5492115386,average,0.5688193440,0.5661935240,
O1/0226/1,,videos/sample_000900_O1__0226__1.pt,ok,0.6268423796,0.6502893567,0.5342761817,0.5218947412,average,0.6268423796,0.5342761817,
O1/0226/2,,videos/sample_000901_O1__0226__2.pt,ok,0.6248236895,0.6502893567,0.5353558091,0.5218947412,average,0.6248236895,0.5353558091,
O1/0226/3,,videos/sample_000902_O1__0226__3.pt,ok,0.6272910833,0.6497422457,0.5340365037,0.5221803537,average,0.6272910833,0.5340365037,
O1/0226/4,,videos/sample_000903_O1__0226__4.pt,ok,0.6281176805,0.6497422457,0.5335952530,0.5221803537,average,0.6281176805,0.5335952530,
O1/0227/1,,videos/sample_000904_O1__0227__1.pt,ok,0.6121618748,0.6234471798,0.5421774814,0.5360932389,average,0.6121618748,0.5421774814,
O1/0227/2,,videos/sample_000905_O1__0227__2.pt,ok,0.6121551991,0.6249283552,0.5421811008,0.5352997786,average,0.6121551991,0.5421811008,
O1/0227/3,,videos/sample_000906_O1__0227__3.pt,ok,0.6110792756,0.6229378581,0.5427647601,0.5363663524,average,0.6110792756,0.5427647601,
O1/0227/4,,videos/sample_000907_O1__0227__4.pt,ok,0.6106095910,0.6226947904,0.5430197482,0.5364967416,average,0.6106095910,0.5430197482,
O1/0228/1,,videos/sample_000908_O1__0228__1.pt,ok,0.5461063981,0.5746802092,0.5792006023,0.5628848454,average,0.5461063981,0.5792006023,
O1/0228/2,,videos/sample_000909_O1__0228__2.pt,ok,0.5437499285,0.5796489120,0.5805670803,0.5600949747,average,0.5437499285,0.5805670803,
O1/0228/3,,videos/sample_000910_O1__0228__3.pt,ok,0.5403974056,0.5570521951,0.5825167110,0.5728953610,average,0.5403974056,0.5825167110,
O1/0228/4,,videos/sample_000911_O1__0228__4.pt,ok,0.5439875722,0.5609052777,0.5804291286,0.5706921950,average,0.5439875722,0.5804291286,
O1/0229/1,,videos/sample_000912_O1__0229__1.pt,ok,0.5566193461,0.5785270333,0.5731433918,0.5607236859,average,0.5566193461,0.5731433918,
O1/0229/2,,videos/sample_000913_O1__0229__2.pt,ok,0.5564860106,0.5798436999,0.5732198173,0.5599858856,average,0.5564860106,0.5732198173,
O1/0229/3,,videos/sample_000914_O1__0229__3.pt,ok,0.5545904040,0.5756110549,0.5743074470,0.5623611303,average,0.5545904040,0.5743074470,
O1/0229/4,,videos/sample_000915_O1__0229__4.pt,ok,0.5552612543,0.5766372085,0.5739223019,0.5617843574,average,0.5552612543,0.5739223019,
O1/0230/1,,videos/sample_000916_O1__0230__1.pt,ok,0.5631987453,0.5904744864,0.5693848308,0.5540643264,average,0.5631987453,0.5693848308,
O1/0230/2,,videos/sample_000917_O1__0230__2.pt,ok,0.5634742379,0.5876046419,0.5692279910,0.5556566886,average,0.5634742379,0.5692279910,
O1/0230/3,,videos/sample_000918_O1__0230__3.pt,ok,0.5635482073,0.5832632780,0.5691858871,0.5580742405,average,0.5635482073,0.5691858871,
O1/0230/4,,videos/sample_000919_O1__0230__4.pt,ok,0.5622091293,0.5797532797,0.5699485819,0.5600365219,average,0.5622091293,0.5699485819,
O1/0231/1,,videos/sample_000920_O1__0231__1.pt,ok,0.5846085548,0.6090229750,0.5573239809,0.5438819959,average,0.5846085548,0.5573239809,
O1/0231/2,,videos/sample_000921_O1__0231__2.pt,ok,0.5886361599,0.6098617911,0.5550838143,0.5434259702,average,0.5886361599,0.5550838143,
O1/0231/3,,videos/sample_000922_O1__0231__3.pt,ok,0.5893123746,0.6181160212,0.5547085853,0.5389588688,average,0.5893123746,0.5547085853,
O1/0231/4,,videos/sample_000923_O1__0231__4.pt,ok,0.5896660089,0.6107431650,0.5545124560,0.5429472197,average,0.5896660089,0.5545124560,
O1/0232/1,,videos/sample_000924_O1__0232__1.pt,ok,0.5541971922,0.5741142035,0.5745333159,0.5632035317,average,0.5541971922,0.5745333159,
O1/0232/2,,videos/sample_000925_O1__0232__2.pt,ok,0.5513603687,0.5723637342,0.5761654795,0.5641902655,average,0.5513603687,0.5761654795,
O1/0232/3,,videos/sample_000926_O1__0232__3.pt,ok,0.5553165078,0.5845439434,0.5738905916,0.5573599916,average,0.5553165078,0.5738905916,
O1/0232/4,,videos/sample_000927_O1__0232__4.pt,ok,0.5544195771,0.5886434913,0.5744055626,0.5550797448,average,0.5544195771,0.5744055626,
O1/0233/1,,videos/sample_000928_O1__0233__1.pt,ok,0.6199901104,0.6335540414,0.5379497577,0.5307023074,average,0.6199901104,0.5379497577,
O1/0233/2,,videos/sample_000929_O1__0233__2.pt,ok,0.6192677021,0.6335540414,0.5383385174,0.5307023074,average,0.6192677021,0.5383385174,
O1/0233/3,,videos/sample_000930_O1__0233__3.pt,ok,0.6188059449,0.6322882771,0.5385871565,0.5313744767,average,0.6188059449,0.5385871565,
O1/0233/4,,videos/sample_000931_O1__0233__4.pt,ok,0.6201693416,0.6335252523,0.5378533490,0.5307175860,average,0.6201693416,0.5378533490,
O1/0234/1,,videos/sample_000932_O1__0234__1.pt,ok,0.6370098591,0.6593987346,0.5288714623,0.5171621928,average,0.6370098591,0.5288714623,
O1/0234/2,,videos/sample_000933_O1__0234__2.pt,ok,0.6367502809,0.6593987346,0.5290087636,0.5171621928,average,0.6367502809,0.5290087636,
O1/0234/3,,videos/sample_000934_O1__0234__3.pt,ok,0.6376698017,0.6594817042,0.5285225526,0.5171192858,average,0.6376698017,0.5285225526,
O1/0234/4,,videos/sample_000935_O1__0234__4.pt,ok,0.6371418834,0.6594817042,0.5288016430,0.5171192858,average,0.6371418834,0.5288016430,
O1/0235/1,,videos/sample_000936_O1__0235__1.pt,ok,0.5446655750,0.5738778114,0.5800357293,0.5633366842,average,0.5446655750,0.5800357293,
O1/0235/2,,videos/sample_000937_O1__0235__2.pt,ok,0.5454074144,0.5826644301,0.5796055955,0.5584085421,average,0.5454074144,0.5796055955,
O1/0235/3,,videos/sample_000938_O1__0235__3.pt,ok,0.5470196009,0.5809686780,0.5786719161,0.5593562679,average,0.5470196009,0.5786719161,
O1/0235/4,,videos/sample_000939_O1__0235__4.pt,ok,0.5331683755,0.5567312837,0.5867429994,0.5730792391,average,0.5331683755,0.5867429994,
O1/0236/1,,videos/sample_000940_O1__0236__1.pt,ok,0.5710785985,0.5930996537,0.5649157927,0.5526117223,average,0.5710785985,0.5649157927,
O1/0236/2,,videos/sample_000941_O1__0236__2.pt,ok,0.5725734830,0.5928772092,0.5640719397,0.5527346614,average,0.5725734830,0.5640719397,
O1/0236/3,,videos/sample_000942_O1__0236__3.pt,ok,0.5717173219,0.5930996537,0.5645550829,0.5526117223,average,0.5717173219,0.5645550829,
O1/0236/4,,videos/sample_000943_O1__0236__4.pt,ok,0.5720058680,0.5928772092,0.5643922063,0.5527346614,average,0.5720058680,0.5643922063,
O1/0237/1,,videos/sample_000944_O1__0237__1.pt,ok,0.5588939190,0.5837965012,0.5718412169,0.5577767417,average,0.5588939190,0.5718412169,
O1/0237/2,,videos/sample_000945_O1__0237__2.pt,ok,0.5572724342,0.5818035007,0.5727692009,0.5588894995,average,0.5572724342,0.5727692009,
O1/0237/3,,videos/sample_000946_O1__0237__3.pt,ok,0.5591945052,0.5763888359,0.5716693551,0.5619239065,average,0.5591945052,0.5716693551,
O1/0237/4,,videos/sample_000947_O1__0237__4.pt,ok,0.5559902191,0.5743060112,0.5735040852,0.5630955152,average,0.5559902191,0.5735040852,
O1/0238/1,,videos/sample_000948_O1__0238__1.pt,ok,0.5494672060,0.5804136992,0.5772572877,0.5596667850,average,0.5494672060,0.5772572877,
O1/0238/2,,videos/sample_000949_O1__0238__2.pt,ok,0.5589259267,0.5948910713,0.5718229139,0.5516226501,average,0.5589259267,0.5718229139,
O1/0238/3,,videos/sample_000950_O1__0238__3.pt,ok,0.5562619567,0.5907433033,0.5733482638,0.5539154045,average,0.5562619567,0.5733482638,
O1/0238/4,,videos/sample_000951_O1__0238__4.pt,ok,0.5580716133,0.6015015841,0.5723116386,0.5479881677,average,0.5580716133,0.5723116386,
O1/0239/1,,videos/sample_000952_O1__0239__1.pt,ok,0.6254676580,0.6525801420,0.5350111677,0.5207005607,average,0.6254676580,0.5350111677,
O1/0239/2,,videos/sample_000953_O1__0239__2.pt,ok,0.6236129999,0.6519152522,0.5360043513,0.5210468843,average,0.6236129999,0.5360043513,
O1/0239/3,,videos/sample_000954_O1__0239__3.pt,ok,0.6254028678,0.6525801420,0.5350458324,0.5207005607,average,0.6254028678,0.5350458324,
O1/0239/4,,videos/sample_000955_O1__0239__4.pt,ok,0.6246816516,0.6519152522,0.5354318553,0.5210468843,average,0.6246816516,0.5354318553,
O1/0240/1,,videos/sample_000956_O1__0240__1.pt,ok,0.5613842607,0.6006503105,0.5704189086,0.5484548541,average,0.5613842607,0.5704189086,
O1/0240/2,,videos/sample_000957_O1__0240__2.pt,ok,0.5602895021,0.6047731042,0.5710437215,0.5461983427,average,0.5602895021,0.5710437215,
O1/0240/3,,videos/sample_000958_O1__0240__3.pt,ok,0.5538168550,0.5901978016,0.5747518739,0.5542176488,average,0.5538168550,0.5747518739,
O1/0240/4,,videos/sample_000959_O1__0240__4.pt,ok,0.5630285144,0.6000821590,0.5694817659,0.5487665481,average,0.5630285144,0.5694817659,
O1/0241/1,,videos/sample_000960_O1__0241__1.pt,ok,0.5758682489,0.6027655602,0.5622165129,0.5472959613,average,0.5758682489,0.5622165129,
O1/0241/2,,videos/sample_000961_O1__0241__2.pt,ok,0.5780066848,0.6037867665,0.5610155336,0.5467373445,average,0.5780066848,0.5610155336,
O1/0241/3,,videos/sample_000962_O1__0241__3.pt,ok,0.5696533918,0.5826489925,0.5657214884,0.5584171627,average,0.5696533918,0.5657214884,
O1/0241/4,,videos/sample_000963_O1__0241__4.pt,ok,0.5797875524,0.6039609313,0.5600173283,0.5466421304,average,0.5797875524,0.5600173283,
O1/0242/1,,videos/sample_000964_O1__0242__1.pt,ok,0.6199253201,0.6347978711,0.5379846127,0.5300426144,average,0.6199253201,0.5379846127,
O1/0242/2,,videos/sample_000965_O1__0242__2.pt,ok,0.6197105646,0.6337590814,0.5381001603,0.5305935033,average,0.6197105646,0.5381001603,
O1/0242/3,,videos/sample_000966_O1__0242__3.pt,ok,0.6208716631,0.6335512400,0.5374757356,0.5307037941,average,0.6208716631,0.5374757356,
O1/0242/4,,videos/sample_000967_O1__0242__4.pt,ok,0.6206948757,0.6329064369,0.5375707629,0.5310461039,average,0.6206948757,0.5375707629,
O1/0243/1,,videos/sample_000968_O1__0243__1.pt,ok,0.5572919250,0.5780648589,0.5727580373,0.5609828979,average,0.5572919250,0.5727580373,
O1/0243/2,,videos/sample_000969_O1__0243__2.pt,ok,0.5563215613,0.5772958994,0.5733140906,0.5614144370,average,0.5563215613,0.5733140906,
O1/0243/3,,videos/sample_000970_O1__0243__3.pt,ok,0.5582254529,0.5831245780,0.5722236011,0.5581516507,average,0.5582254529,0.5722236011,
O1/0243/4,,videos/sample_000971_O1__0243__4.pt,ok,0.5582355857,0.5810620189,0.5722178030,0.5593040596,average,0.5582355857,0.5722178030,
O1/0244/1,,videos/sample_000972_O1__0244__1.pt,ok,0.5514218807,0.5851487517,0.5761300395,0.5570229975,average,0.5514218807,0.5761300395,
O1/0244/2,,videos/sample_000973_O1__0244__2.pt,ok,0.5579778552,0.5951697826,0.5723652999,0.5514689281,average,0.5579778552,0.5723652999,
O1/0244/3,,videos/sample_000974_O1__0244__3.pt,ok,0.5599324107,0.5987167954,0.5712476728,0.5495163257,average,0.5599324107,0.5712476728,
O1/0244/4,,videos/sample_000975_O1__0244__4.pt,ok,0.5578881502,0.5945500135,0.5724166463,0.5518108174,average,0.5578881502,0.5724166463,
O1/0245/1,,videos/sample_000976_O1__0245__1.pt,ok,0.5556696653,0.5924744010,0.5736879536,0.5529573523,average,0.5556696653,0.5736879536,
O1/0245/2,,videos/sample_000977_O1__0245__2.pt,ok,0.5597219467,0.5981454253,0.5713679125,0.5498303926,average,0.5597219467,0.5713679125,
O1/0245/3,,videos/sample_000978_O1__0245__3.pt,ok,0.5605751276,0.5981454253,0.5708806402,0.5498303926,average,0.5605751276,0.5708806402,
O1/0245/4,,videos/sample_000979_O1__0245__4.pt,ok,0.5542180538,0.5924744010,0.5745213304,0.5529573523,average,0.5542180538,0.5745213304,
O1/0246/1,,videos/sample_000980_O1__0246__1.pt,ok,0.5440050960,0.5725424290,0.5804189573,0.5640894567,average,0.5440050960,0.5804189573,
O1/0246/2,,videos/sample_000981_O1__0246__2.pt,ok,0.5420758128,0.5597495437,0.5815398307,0.5713521447,average,0.5420758128,0.5815398307,
O1/0246/3,,videos/sample_000982_O1__0246__3.pt,ok,0.5453130603,0.5755398273,0.5796602863,0.5624011873,average,0.5453130603,0.5796602863,
O1/0246/4,,videos/sample_000983_O1__0246__4.pt,ok,0.5402045846,0.5569514036,0.5826290433,0.5729531068,average,0.5402045846,0.5826290433,
O1/0247/1,,videos/sample_000984_O1__0247__1.pt,ok,0.5595005155,0.5887495875,0.5714944452,0.5550208560,average,0.5595005155,0.5714944452,
O1/0247/2,,videos/sample_000985_O1__0247__2.pt,ok,0.5649487972,0.5968674421,0.5683892491,0.5505335158,average,0.5649487972,0.5683892491,
O1/0247/3,,videos/sample_000986_O1__0247__3.pt,ok,0.5658694506,0.5926113725,0.5678662005,0.5528816181,average,0.5658694506,0.5678662005,
O1/0247/4,,videos/sample_000987_O1__0247__4.pt,ok,0.5677148104,0.5958846807,0.5668192493,0.5510748249,average,0.5677148104,0.5668192493,
O1/0248/1,,videos/sample_000988_O1__0248__1.pt,ok,0.6154547930,0.6303805113,0.5403950715,0.5323891824,average,0.6154547930,0.5403950715,
O1/0248/2,,videos/sample_000989_O1__0248__2.pt,ok,0.6146464348,0.6289625764,0.5408320809,0.5331446110,average,0.6146464348,0.5408320809,
O1/0248/3,,videos/sample_000990_O1__0248__3.pt,ok,0.6162421703,0.6305905581,0.5399697442,0.5322773675,average,0.6162421703,0.5399697442,
O1/0248/4,,videos/sample_000991_O1__0248__4.pt,ok,0.6165314317,0.6313953400,0.5398135744,0.5318491726,average,0.6165314317,0.5398135744,
O1/0249/1,,videos/sample_000992_O1__0249__1.pt,ok,0.6117843986,0.6279566288,0.5423821791,0.5336811964,average,0.6117843986,0.5423821791,
O1/0249/2,,videos/sample_000993_O1__0249__2.pt,ok,0.6137652397,0.6284945607,0.5413088695,0.5333941894,average,0.6137652397,0.5413088695,
O1/0249/3,,videos/sample_000994_O1__0249__3.pt,ok,0.6134603620,0.6290690899,0.5414739277,0.5330878269,average,0.6134603620,0.5414739277,
O1/0249/4,,videos/sample_000995_O1__0249__4.pt,ok,0.6128103137,0.6282537580,0.5418260263,0.5335226477,average,0.6128103137,0.5418260263,
O1/0250/1,,videos/sample_000996_O1__0250__1.pt,ok,0.5393018723,0.5725350976,0.5831552271,0.5640935922,average,0.5393018723,0.5831552271,
O1/0250/2,,videos/sample_000997_O1__0250__2.pt,ok,0.5351765156,0.5538153648,0.5855659195,0.5747527304,average,0.5351765156,0.5855659195,
O1/0250/3,,videos/sample_000998_O1__0250__3.pt,ok,0.5384180546,0.5686970353,0.5836708579,0.5662627786,average,0.5384180546,0.5836708579,
O1/0250/4,,videos/sample_000999_O1__0250__4.pt,ok,0.5353016257,0.5544533730,0.5854926639,0.5743861504,average,0.5353016257,0.5854926639,
O1/0251/1,,videos/sample_001000_O1__0251__1.pt,ok,0.5566622019,0.5795950294,0.5731188298,0.5601251549,average,0.5566622019,0.5731188298,
O1/0251/2,,videos/sample_001001_O1__0251__2.pt,ok,0.5573590994,0.5807241797,0.5727195639,0.5594930463,average,0.5573590994,0.5727195639,
O1/0251/3,,videos/sample_001002_O1__0251__3.pt,ok,0.5563492179,0.5795950294,0.5732982349,0.5601251549,average,0.5563492179,0.5732982349,
O1/0251/4,,videos/sample_001003_O1__0251__4.pt,ok,0.5570982099,0.5807241797,0.5728689999,0.5594930463,average,0.5570982099,0.5728689999,
O1/0252/1,,videos/sample_001004_O1__0252__1.pt,ok,0.6097631454,0.6236602664,0.5434795794,0.5359790168,average,0.6097631454,0.5434795794,
O1/0252/2,,videos/sample_001005_O1__0252__2.pt,ok,0.6107301116,0.6245210767,0.5429543071,0.5355178391,average,0.6107301116,0.5429543071,
O1/0252/3,,videos/sample_001006_O1__0252__3.pt,ok,0.6118527651,0.6239032149,0.5423450996,0.5358488173,average,0.6118527651,0.5423450996,
O1/0252/4,,videos/sample_001007_O1__0252__4.pt,ok,0.6115118861,0.6239188313,0.5425300051,0.5358404493,average,0.6115118861,0.5425300051,
O1/0253/1,,videos/sample_001008_O1__0253__1.pt,ok,0.5573523045,0.5826953650,0.5727234555,0.5583912681,average,0.5573523045,0.5727234555,
O1/0253/2,,videos/sample_001009_O1__0253__2.pt,ok,0.5575454831,0.5816829205,0.5726128282,0.5589568946,average,0.5575454831,0.5726128282,
O1/0253/3,,videos/sample_001010_O1__0253__3.pt,ok,0.5589598417,0.5879400969,0.5718035208,0.5554703221,average,0.5589598417,0.5718035208,
O1/0253/4,,videos/sample_001011_O1__0253__4.pt,ok,0.5472136736,0.5646178722,0.5785596226,0.5685773745,average,0.5472136736,0.5785596226,
O1/0254/1,,videos/sample_001012_O1__0254__1.pt,ok,0.5733164549,0.5931490660,0.5636530057,0.5525844172,average,0.5733164549,0.5636530057,
O1/0254/2,,videos/sample_001013_O1__0254__2.pt,ok,0.5744522214,0.5986258388,0.5630131909,0.5495663102,average,0.5744522214,0.5630131909,
O1/0254/3,,videos/sample_001014_O1__0254__3.pt,ok,0.5732417703,0.5922708511,0.5636951035,0.5530699182,average,0.5732417703,0.5636951035,
O1/0254/4,,videos/sample_001015_O1__0254__4.pt,ok,0.5743149519,0.5987015963,0.5630904808,0.5495246780,average,0.5743149519,0.5630904808,
O1/0255/1,,videos/sample_001016_O1__0255__1.pt,ok,0.5749064088,0.6041836143,0.5627575355,0.5465204160,average,0.5749064088,0.5627575355,
O1/0255/2,,videos/sample_001017_O1__0255__2.pt,ok,0.5738608837,0.6062217355,0.5633462203,0.5454076755,average,0.5738608837,0.5633462203,
O1/0255/3,,videos/sample_001018_O1__0255__3.pt,ok,0.5692115426,0.5960434675,0.5659715072,0.5509873284,average,0.5692115426,0.5659715072,
O1/0255/4,,videos/sample_001019_O1__0255__4.pt,ok,0.5734907985,0.6005480289,0.5635547450,0.5485109538,average,0.5734907985,0.5635547450,
O1/0256/1,,videos/sample_001020_O1__0256__1.pt,ok,0.5462003350,0.5635482669,0.5791461965,0.5691858532,average,0.5462003350,0.5791461965,
O1/0256/2,,videos/sample_001021_O1__0256__2.pt,ok,0.5483041406,0.5769258738,0.5779290663,0.5616222131,average,0.5483041406,0.5779290663,
O1/0256/3,,videos/sample_001022_O1__0256__3.pt,ok,0.5444525480,0.5623673201,0.5801593058,0.5698584285,average,0.5444525480,0.5801593058,
O1/0256/4,,videos/sample_001023_O1__0256__4.pt,ok,0.5501311421,0.5799485445,0.5768741529,0.5599271772,average,0.5501311421,0.5768741529,
O1/0257/1,,videos/sample_001024_O1__0257__1.pt,ok,0.5620559454,0.5966690779,0.5700358956,0.5506427328,average,0.5620559454,0.5700358956,
O1/0257/2,,videos/sample_001025_O1__0257__2.pt,ok,0.5638916492,0.5966690779,0.5689904384,0.5506427328,average,0.5638916492,0.5689904384,
O1/0257/3,,videos/sample_001026_O1__0257__3.pt,ok,0.5587781072,0.5910536051,0.5719074467,0.5537435503,average,0.5587781072,0.5719074467,
O1/0257/4,,videos/sample_001027_O1__0257__4.pt,ok,0.5553497672,0.5910536051,0.5738715047,0.5537435503,average,0.5553497672,0.5738715047,
O1/0258/1,,videos/sample_001028_O1__0258__1.pt,ok,0.5458626747,0.5799930096,0.5793417842,0.5599022805,average,0.5458626747,0.5793417842,
O1/0258/2,,videos/sample_001029_O1__0258__2.pt,ok,0.5417504907,0.5623674393,0.5817290493,0.5698583606,average,0.5417504907,0.5817290493,
O1/0258/3,,videos/sample_001030_O1__0258__3.pt,ok,0.5444756150,0.5790247321,0.5801459234,0.5604446838,average,0.5444756150,0.5801459234,
O1/0258/4,,videos/sample_001031_O1__0258__4.pt,ok,0.5385016203,0.5599517226,0.5836220850,0.5712366410,average,0.5385016203,0.5836220850,
O1/0259/1,,videos/sample_001032_O1__0259__1.pt,ok,0.6212654710,0.6355352998,0.5372641151,0.5296518899,average,0.6212654710,0.5372641151,
O1/0259/2,,videos/sample_001033_O1__0259__2.pt,ok,0.6225818992,0.6353067160,0.5365573108,0.5297729736,average,0.6225818992,0.5365573108,
O1/0259/3,,videos/sample_001034_O1__0259__3.pt,ok,0.6233987808,0.6359031200,0.5361191859,0.5294571090,average,0.6233987808,0.5361191859,
O1/0259/4,,videos/sample_001035_O1__0259__4.pt,ok,0.6232054234,0.6358460188,0.5362228586,0.5294873425,average,0.6232054234,0.5362228586,
O1/0260/1,,videos/sample_001036_O1__0260__1.pt,ok,0.5577691793,0.5784385800,0.5724847512,0.5607732859,average,0.5577691793,0.5724847512,
O1/0260/2,,videos/sample_001037_O1__0260__2.pt,ok,0.5597969294,0.5820811391,0.5713250714,0.5587343518,average,0.5597969294,0.5713250714,
O1/0260/3,,videos/sample_001038_O1__0260__3.pt,ok,0.5600951910,0.5814256668,0.5711546925,0.5591007068,average,0.5600951910,0.5711546925,
O1/0260/4,,videos/sample_001039_O1__0260__4.pt,ok,0.5588095188,0.5789542198,0.5718894824,0.5604842035,average,0.5588095188,0.5718894824,
O1/0261/1,,videos/sample_001040_O1__0261__1.pt,ok,0.5349457264,0.5544819832,0.5857010774,0.5743697173,average,0.5349457264,0.5857010774,
O1/0261/2,,videos/sample_001041_O1__0261__2.pt,ok,0.5393414497,0.5719181895,0.5831321478,0.5644416935,average,0.5393414497,0.5831321478,
O1/0261/3,,videos/sample_001042_O1__0261__3.pt,ok,0.5396073461,0.5724293590,0.5829771157,0.5641532419,average,0.5396073461,0.5829771157,
O1/0261/4,,videos/sample_001043_O1__0261__4.pt,ok,0.5352674723,0.5543173552,0.5855126608,0.5744642825,average,0.5352674723,0.5855126608,
O1/0262/1,,videos/sample_001044_O1__0262__1.pt,ok,0.6229906082,0.6519600749,0.5363380598,0.5210235301,average,0.6229906082,0.5363380598,
O1/0262/2,,videos/sample_001045_O1__0262__2.pt,ok,0.6239855289,0.6522542834,0.5358047113,0.5208702631,average,0.6239855289,0.5358047113,
O1/0262/3,,videos/sample_001046_O1__0262__3.pt,ok,0.6236701608,0.6519600749,0.5359737137,0.5210235301,average,0.6236701608,0.5359737137,
O1/0262/4,,videos/sample_001047_O1__0262__4.pt,ok,0.6238880157,0.6522542834,0.5358569618,0.5208702631,average,0.6238880157,0.5358569618,
O1/0263/1,,videos/sample_001048_O1__0263__1.pt,ok,0.6062146425,0.6309391856,0.5454115441,0.5320918333,average,0.6062146425,0.5454115441,
O1/0263/2,,videos/sample_001049_O1__0263__2.pt,ok,0.6071518660,0.6314751506,0.5449006111,0.5318067271,average,0.6071518660,0.5449006111,
O1/0263/3,,videos/sample_001050_O1__0263__3.pt,ok,0.6069160104,0.6314751506,0.5450291441,0.5318067271,average,0.6069160104,0.5450291441,
O1/0263/4,,videos/sample_001051_O1__0263__4.pt,ok,0.6042081714,0.6310006380,0.5465069952,0.5320591360,average,0.6042081714,0.5465069952,
O1/0264/1,,videos/sample_001052_O1__0264__1.pt,ok,0.5364139080,0.5560167432,0.5848417928,0.5734888738,average,0.5364139080,0.5848417928,
O1/0264/2,,videos/sample_001053_O1__0264__2.pt,ok,0.5406607389,0.5693403482,0.5823633351,0.5658986116,average,0.5406607389,0.5823633351,
O1/0264/3,,videos/sample_001054_O1__0264__3.pt,ok,0.5386682749,0.5583083630,0.5835248298,0.5721761600,average,0.5386682749,0.5835248298,
O1/0264/4,,videos/sample_001055_O1__0264__4.pt,ok,0.5409537554,0.5741311312,0.5821927181,0.5631939980,average,0.5409537554,0.5821927181,
O1/0265/1,,videos/sample_001056_O1__0265__1.pt,ok,0.5566723347,0.6121031642,0.5731130226,0.5422093138,average,0.5566723347,0.5731130226,
O1/0265/2,,videos/sample_001057_O1__0265__2.pt,ok,0.5641379952,0.6032599211,0.5688502871,0.5470254664,average,0.5641379952,0.5688502871,
O1/0265/3,,videos/sample_001058_O1__0265__3.pt,ok,0.5391476750,0.5570514202,0.5832451550,0.5728958049,average,0.5391476750,0.5832451550,
O1/0265/4,,videos/sample_001059_O1__0265__4.pt,ok,0.5636447072,0.6009771824,0.5691309634,0.5482756090,average,0.5636447072,0.5691309634,
O1/0266/1,,videos/sample_001060_O1__0266__1.pt,ok,0.5642127395,0.5837267637,0.5688077704,0.5578156410,average,0.5642127395,0.5688077704,
O1/0266/2,,videos/sample_001061_O1__0266__2.pt,ok,0.5640588403,0.5841476321,0.5688953162,0.5575809234,average,0.5640588403,0.5688953162,
O1/0266/3,,videos/sample_001062_O1__0266__3.pt,ok,0.5652714372,0.5854949951,0.5682058936,0.5568301654,average,0.5652714372,0.5682058936,
O1/0266/4,,videos/sample_001063_O1__0266__4.pt,ok,0.5628670454,0.5835307837,0.5695737269,0.5579249724,average,0.5628670454,0.5695737269,
O1/0267/1,,videos/sample_001064_O1__0267__1.pt,ok,0.6240175366,0.6507349610,0.5357875617,0.5216622344,average,0.6240175366,0.5357875617,
O1/0267/2,,videos/sample_001065_O1__0267__2.pt,ok,0.6243093014,0.6507349610,0.5356312606,0.5216622344,average,0.6243093014,0.5356312606,
O1/0267/3,,videos/sample_001066_O1__0267__3.pt,ok,0.6231687665,0.6519547701,0.5362425152,0.5210262940,average,0.6231687665,0.5362425152,
O1/0267/4,,videos/sample_001067_O1__0267__4.pt,ok,0.6237261891,0.6519547701,0.5359436848,0.5210262940,average,0.6237261891,0.5359436848,
O1/0268/1,,videos/sample_001068_O1__0268__1.pt,ok,0.6081309915,0.6324748397,0.5443673461,0.5312753514,average,0.6081309915,0.5443673461,
O1/0268/2,,videos/sample_001069_O1__0268__2.pt,ok,0.6066505313,0.6324748397,0.5451738571,0.5312753514,average,0.6066505313,0.5451738571,
O1/0268/3,,videos/sample_001070_O1__0268__3.pt,ok,0.6075323820,0.6318658590,0.5446933071,0.5315989863,average,0.6075323820,0.5446933071,
O1/0268/4,,videos/sample_001071_O1__0268__4.pt,ok,0.6085894704,0.6318658590,0.5441178223,0.5315989863,average,0.6085894704,0.5441178223,
O1/0269/1,,videos/sample_001072_O1__0269__1.pt,ok,0.5635382533,0.6074461937,0.5691915528,0.5447402553,average,0.5635382533,0.5691915528,
O1/0269/2,,videos/sample_001073_O1__0269__2.pt,ok,0.5623455048,0.5938779712,0.5698708603,0.5521817823,average,0.5623455048,0.5698708603,
O1/0269/3,,videos/sample_001074_O1__0269__3.pt,ok,0.5531650782,0.5734262466,0.5751266059,0.5635911247,average,0.5531650782,0.5751266059,
O1/0269/4,,videos/sample_001075_O1__0269__4.pt,ok,0.5652903318,0.5975410938,0.5681951577,0.5501627729,average,0.5652903318,0.5681951577,
O1/0270/1,,videos/sample_001076_O1__0270__1.pt,ok,0.6180555820,0.6295507550,0.5389914440,0.5328311189,average,0.6180555820,0.5389914440,
O1/0270/2,,videos/sample_001077_O1__0270__2.pt,ok,0.6184101105,0.6296281815,0.5388003901,0.5327898653,average,0.6184101105,0.5388003901,
O1/0270/3,,videos/sample_001078_O1__0270__3.pt,ok,0.6174902320,0.6296281815,0.5392962490,0.5327898653,average,0.6174902320,0.5392962490,
O1/0270/4,,videos/sample_001079_O1__0270__4.pt,ok,0.6168863773,0.6295507550,0.5396220039,0.5328311189,average,0.6168863773,0.5396220039,
O1/0271/1,,videos/sample_001080_O1__0271__1.pt,ok,0.6113902926,0.6432352066,0.5425959772,0.5255892806,average,0.6113902926,0.5425959772,
O1/0271/2,,videos/sample_001081_O1__0271__2.pt,ok,0.6131119728,0.6420922875,0.5416626042,0.5261903300,average,0.6131119728,0.5416626042,
O1/0271/3,,videos/sample_001082_O1__0271__3.pt,ok,0.6133794785,0.6420922875,0.5415177258,0.5261903300,average,0.6133794785,0.5415177258,
O1/0271/4,,videos/sample_001083_O1__0271__4.pt,ok,0.6128727794,0.6432352066,0.5417921819,0.5255892806,average,0.6128727794,0.5417921819,
O1/0272/1,,videos/sample_001084_O1__0272__1.pt,ok,0.6145310998,0.6308699250,0.5408944614,0.5321286875,average,0.6145310998,0.5408944614,
O1/0272/2,,videos/sample_001085_O1__0272__2.pt,ok,0.6131736636,0.6308699250,0.5416291897,0.5321286875,average,0.6131736636,0.5416291897,
O1/0272/3,,videos/sample_001086_O1__0272__3.pt,ok,0.6136742830,0.6310626268,0.5413581074,0.5320261553,average,0.6136742830,0.5413581074,
O1/0272/4,,videos/sample_001087_O1__0272__4.pt,ok,0.6145802736,0.6310626268,0.5408678642,0.5320261553,average,0.6145802736,0.5408678642,
O1/0273/1,,videos/sample_001088_O1__0273__1.pt,ok,0.6199383736,0.6420952678,0.5379775902,0.5261887619,average,0.6199383736,0.5379775902,
O1/0273/2,,videos/sample_001089_O1__0273__2.pt,ok,0.6191712022,0.6435688138,0.5383904696,0.5254139695,average,0.6191712022,0.5383904696,
O1/0273/3,,videos/sample_001090_O1__0273__3.pt,ok,0.6199396849,0.6420952678,0.5379768848,0.5261887619,average,0.6199396849,0.5379768848,
O1/0273/4,,videos/sample_001091_O1__0273__4.pt,ok,0.6181530952,0.6435688138,0.5389388878,0.5254139695,average,0.6181530952,0.5389388878,
O1/0274/1,,videos/sample_001092_O1__0274__1.pt,ok,0.5574216247,0.5930526257,0.5726837556,0.5526377112,average,0.5574216247,0.5726837556,
O1/0274/2,,videos/sample_001093_O1__0274__2.pt,ok,0.5569607615,0.5928205252,0.5729477452,0.5527659935,average,0.5569607615,0.5729477452,
O1/0274/3,,videos/sample_001094_O1__0274__3.pt,ok,0.5558482409,0.5951128006,0.5735855161,0.5515003528,average,0.5558482409,0.5735855161,
O1/0274/4,,videos/sample_001095_O1__0274__4.pt,ok,0.5525874496,0.5838739276,0.5754589115,0.5577335567,average,0.5525874496,0.5754589115,
O1/0275/1,,videos/sample_001096_O1__0275__1.pt,ok,0.5716950893,0.6024597287,0.5645676346,0.5474633672,average,0.5716950893,0.5645676346,
O1/0275/2,,videos/sample_001097_O1__0275__2.pt,ok,0.5670385957,0.5944445133,0.5672026704,0.5518690366,average,0.5670385957,0.5672026704,
O1/0275/3,,videos/sample_001098_O1__0275__3.pt,ok,0.5707850456,0.6057225466,0.5650816496,0.5456800049,average,0.5707850456,0.5650816496,
O1/0275/4,,videos/sample_001099_O1__0275__4.pt,ok,0.5722466707,0.6024610400,0.5642563154,0.5474626493,average,0.5722466707,0.5642563154,
O1/0276/1,,videos/sample_001100_O1__0276__1.pt,ok,0.5609838367,0.5829735398,0.5706473638,0.5582359593,average,0.5609838367,0.5706473638,
O1/0276/2,,videos/sample_001101_O1__0276__2.pt,ok,0.5618675947,0.5893049240,0.5701432724,0.5547127183,average,0.5618675947,0.5701432724,
O1/0276/3,,videos/sample_001102_O1__0276__3.pt,ok,0.5625016093,0.5897396207,0.5697819078,0.5544716389,average,0.5625016093,0.5697819078,
O1/0276/4,,videos/sample_001103_O1__0276__4.pt,ok,0.5590590835,0.5824019313,0.5717467768,0.5585551430,average,0.5590590835,0.5717467768,
O1/0277/1,,videos/sample_001104_O1__0277__1.pt,ok,0.5743600130,0.6020978689,0.5630651079,0.5476615081,average,0.5743600130,0.5630651079,
O1/0277/2,,videos/sample_001105_O1__0277__2.pt,ok,0.5745641589,0.6027556658,0.5629501722,0.5473013765,average,0.5745641589,0.5629501722,
O1/0277/3,,videos/sample_001106_O1__0277__3.pt,ok,0.5724912882,0.5981623530,0.5641183054,0.5498210854,average,0.5724912882,0.5641183054,
O1/0277/4,,videos/sample_001107_O1__0277__4.pt,ok,0.5752019882,0.6023836136,0.5625912205,0.5475050391,average,0.5752019882,0.5625912205,
O1/0278/1,,videos/sample_001108_O1__0278__1.pt,ok,0.5633784533,0.5925524235,0.5692825169,0.5529142109,average,0.5633784533,0.5692825169,
O1/0278/2,,videos/sample_001109_O1__0278__2.pt,ok,0.5541971922,0.5741142035,0.5745333159,0.5632035317,average,0.5541971922,0.5745333159,
O1/0278/3,,videos/sample_001110_O1__0278__3.pt,ok,0.5630207062,0.5914598703,0.5694862125,0.5535186292,average,0.5630207062,0.5694862125,
O1/0278/4,,videos/sample_001111_O1__0278__4.pt,ok,0.5653881431,0.6036750078,0.5681395845,0.5467984505,average,0.5653881431,0.5681395845,
O1/0279/1,,videos/sample_001112_O1__0279__1.pt,ok,0.6053240895,0.6213450432,0.5458974783,0.5372213655,average,0.6053240895,0.5458974783,
O1/0279/2,,videos/sample_001113_O1__0279__2.pt,ok,0.6081094146,0.6253494024,0.5443790920,0.5350744395,average,0.6081094146,0.5443790920,
O1/0279/3,,videos/sample_001114_O1__0279__3.pt,ok,0.6076855063,0.6238358617,0.5446099077,0.5358849097,average,0.6076855063,0.5446099077,
O1/0279/4,,videos/sample_001115_O1__0279__4.pt,ok,0.6066212654,0.6241362095,0.5451898124,0.5357239820,average,0.6066212654,0.5451898124,
O1/0280/1,,videos/sample_001116_O1__0280__1.pt,ok,0.5586971641,0.5882488489,0.5719537405,0.5552988460,average,0.5586971641,0.5719537405,
O1/0280/2,,videos/sample_001117_O1__0280__2.pt,ok,0.5625153184,0.5890165567,0.5697740966,0.5548727023,average,0.5625153184,0.5697740966,
O1/0280/3,,videos/sample_001118_O1__0280__3.pt,ok,0.5651876926,0.5948812962,0.5682534798,0.5516280423,average,0.5651876926,0.5682534798,
O1/0280/4,,videos/sample_001119_O1__0280__4.pt,ok,0.5636939406,0.5960224867,0.5691029438,0.5509988887,average,0.5636939406,0.5691029438,
O1/0281/1,,videos/sample_001120_O1__0281__1.pt,ok,0.6222926378,0.6354812980,0.5367125385,0.5296804928,average,0.6222926378,0.5367125385,
O1/0281/2,,videos/sample_001121_O1__0281__2.pt,ok,0.6205803156,0.6323407292,0.5376323506,0.5313466057,average,0.6205803156,0.5376323506,
O1/0281/3,,videos/sample_001122_O1__0281__3.pt,ok,0.6218301058,0.6344717741,0.5369608427,0.5302154879,average,0.6218301058,0.5369608427,
O1/0281/4,,videos/sample_001123_O1__0281__4.pt,ok,0.6214129329,0.6338421702,0.5371848949,0.5305494187,average,0.6214129329,0.5371848949,
O1/0282/1,,videos/sample_001124_O1__0282__1.pt,ok,0.5404841900,0.5571631193,0.5824661598,0.5728318165,average,0.5404841900,0.5824661598,
O1/0282/2,,videos/sample_001125_O1__0282__2.pt,ok,0.5456854701,0.5775671601,0.5794444553,0.5612621679,average,0.5456854701,0.5794444553,
O1/0282/3,,videos/sample_001126_O1__0282__3.pt,ok,0.5443248153,0.5791093111,0.5802334159,0.5603972840,average,0.5443248153,0.5802334159,
O1/0282/4,,videos/sample_001127_O1__0282__4.pt,ok,0.5425149202,0.5609128475,0.5812845283,0.5706878750,average,0.5425149202,0.5812845283,
O1/0283/1,,videos/sample_001128_O1__0283__1.pt,ok,0.5736133456,0.5995868444,0.5634856872,0.5490384275,average,0.5736133456,0.5634856872,
O1/0283/2,,videos/sample_001129_O1__0283__2.pt,ok,0.5742321014,0.6074405909,0.5631371350,0.5447433074,average,0.5742321014,0.5631371350,
O1/0283/3,,videos/sample_001130_O1__0283__3.pt,ok,0.5751605630,0.6066156030,0.5626145265,0.5451928995,average,0.5751605630,0.5626145265,
O1/0283/4,,videos/sample_001131_O1__0283__4.pt,ok,0.5685806274,0.5939493775,0.5663286999,0.5521423544,average,0.5685806274,0.5663286999,
O1/0284/1,,videos/sample_001132_O1__0284__1.pt,ok,0.5448735952,0.5764181018,0.5799150827,0.5619074616,average,0.5448735952,0.5799150827,
O1/0284/2,,videos/sample_001133_O1__0284__2.pt,ok,0.5338222980,0.5528749228,0.5863594403,0.5752935063,average,0.5338222980,0.5863594403,
O1/0284/3,,videos/sample_001134_O1__0284__3.pt,ok,0.5439499617,0.5797919035,0.5804509592,0.5600148916,average,0.5439499617,0.5804509592,
O1/0284/4,,videos/sample_001135_O1__0284__4.pt,ok,0.5483192801,0.5819033980,0.5779203167,0.5588336707,average,0.5483192801,0.5779203167,
O1/0285/1,,videos/sample_001136_O1__0285__1.pt,ok,0.5671674609,0.5879735351,0.5671295824,0.5554517485,average,0.5671674609,0.5671295824,
O1/0285/2,,videos/sample_001137_O1__0285__2.pt,ok,0.5696368217,0.5908524990,0.5657308625,0.5538549226,average,0.5696368217,0.5657308625,
O1/0285/3,,videos/sample_001138_O1__0285__3.pt,ok,0.5679606199,0.5870766044,0.5666799368,0.5559501737,average,0.5679606199,0.5666799368,
O1/0285/4,,videos/sample_001139_O1__0285__4.pt,ok,0.5699813366,0.5947853923,0.5655359934,0.5516809482,average,0.5699813366,0.5655359934,
O1/0286/1,,videos/sample_001140_O1__0286__1.pt,ok,0.6229064465,0.6527698040,0.5363832008,0.5206018130,average,0.6229064465,0.5363832008,
O1/0286/2,,videos/sample_001141_O1__0286__2.pt,ok,0.6219399571,0.6528240442,0.5369018600,0.5205735762,average,0.6219399571,0.5369018600,
O1/0286/3,,videos/sample_001142_O1__0286__3.pt,ok,0.6231246591,0.6528240442,0.5362661680,0.5205735762,average,0.6231246591,0.5362661680,
O1/0286/4,,videos/sample_001143_O1__0286__4.pt,ok,0.6233261228,0.6527698040,0.5361581407,0.5206018130,average,0.6233261228,0.5361581407,
O1/0287/1,,videos/sample_001144_O1__0287__1.pt,ok,0.5496009588,0.5828465819,0.5771800831,0.5583068363,average,0.5496009588,0.5771800831,
O1/0287/2,,videos/sample_001145_O1__0287__2.pt,ok,0.5500953197,0.5804174542,0.5768948183,0.5596646834,average,0.5500953197,0.5768948183,
O1/0287/3,,videos/sample_001146_O1__0287__3.pt,ok,0.5390994549,0.5568510890,0.5832732798,0.5730105853,average,0.5390994549,0.5832732798,
O1/0287/4,,videos/sample_001147_O1__0287__4.pt,ok,0.5478767157,0.5903524756,0.5781761403,0.5541319323,average,0.5478767157,0.5781761403,
O1/0288/1,,videos/sample_001148_O1__0288__1.pt,ok,0.5648646355,0.5864626765,0.5684370878,0.5562915918,average,0.5648646355,0.5684370878,
O1/0288/2,,videos/sample_001149_O1__0288__2.pt,ok,0.5661744475,0.5877950191,0.5676930294,0.5555509143,average,0.5661744475,0.5676930294,
O1/0288/3,,videos/sample_001150_O1__0288__3.pt,ok,0.5668730736,0.5903814435,0.5672965628,0.5541158805,average,0.5668730736,0.5672965628,
O1/0288/4,,videos/sample_001151_O1__0288__4.pt,ok,0.5671502352,0.5916622281,0.5671393517,0.5534066317,average,0.5671502352,0.5671393517,
O1/0289/1,,videos/sample_001152_O1__0289__1.pt,ok,0.6242991090,0.6502890587,0.5356367200,0.5218948967,average,0.6242991090,0.5356367200,
O1/0289/2,,videos/sample_001153_O1__0289__2.pt,ok,0.6244243979,0.6502890587,0.5355696148,0.5218948967,average,0.6244243979,0.5355696148,
O1/0289/3,,videos/sample_001154_O1__0289__3.pt,ok,0.6244872212,0.6510582566,0.5355359696,0.5214936106,average,0.6244872212,0.5355359696,
O1/0289/4,,videos/sample_001155_O1__0289__4.pt,ok,0.6230717301,0.6510582566,0.5362945528,0.5214936106,average,0.6230717301,0.5362945528,
O1/0290/1,,videos/sample_001156_O1__0290__1.pt,ok,0.5537132621,0.5920323730,0.5748114172,0.5532018290,average,0.5537132621,0.5748114172,
O1/0290/2,,videos/sample_001157_O1__0290__2.pt,ok,0.5544898510,0.5861274600,0.5743651983,0.5564781012,average,0.5544898510,0.5743651983,
O1/0290/3,,videos/sample_001158_O1__0290__3.pt,ok,0.5522198081,0.5834957957,0.5756705129,0.5579444934,average,0.5522198081,0.5756705129,
O1/0290/4,,videos/sample_001159_O1__0290__4.pt,ok,0.5445897579,0.5749223828,0.5800797076,0.5627485461,average,0.5445897579,0.5800797076,
O1/0291/1,,videos/sample_001160_O1__0291__1.pt,ok,0.5376591682,0.5681813359,0.5841139658,0.5665548753,average,0.5376591682,0.5841139658,
O1/0291/2,,videos/sample_001161_O1__0291__2.pt,ok,0.5341998339,0.5545441508,0.5861381104,0.5743340112,average,0.5341998339,0.5861381104,
O1/0291/3,,videos/sample_001162_O1__0291__3.pt,ok,0.5383281708,0.5699846745,0.5837233228,0.5655341058,average,0.5383281708,0.5837233228,
O1/0291/4,,videos/sample_001163_O1__0291__4.pt,ok,0.5351440907,0.5562925339,0.5855849068,0.5733307327,average,0.5351440907,0.5855849068,
O1/0292/1,,videos/sample_001164_O1__0292__1.pt,ok,0.5744752288,0.6055842638,0.5630002376,0.5457554683,average,0.5744752288,0.5630002376,
O1/0292/2,,videos/sample_001165_O1__0292__2.pt,ok,0.5719435215,0.6028599739,0.5644273952,0.5472442915,average,0.5719435215,0.5644273952,
O1/0292/3,,videos/sample_001166_O1__0292__3.pt,ok,0.5729898810,0.6028599739,0.5638371101,0.5472442915,average,0.5729898810,0.5638371101,
O1/0292/4,,videos/sample_001167_O1__0292__4.pt,ok,0.5758680105,0.6055842638,0.5622166470,0.5457554683,average,0.5758680105,0.5622166470,
O1/0293/1,,videos/sample_001168_O1__0293__1.pt,ok,0.5629853606,0.5917162299,0.5695063417,0.5533767476,average,0.5629853606,0.5695063417,
O1/0293/2,,videos/sample_001169_O1__0293__2.pt,ok,0.5688704252,0.6004876494,0.5661646029,0.5485440737,average,0.5688704252,0.5661646029,
O1/0293/3,,videos/sample_001170_O1__0293__3.pt,ok,0.5659127831,0.5936707258,0.5678415939,0.5522962313,average,0.5659127831,0.5678415939,
O1/0293/4,,videos/sample_001171_O1__0293__4.pt,ok,0.5708174706,0.6004876494,0.5650633272,0.5485440737,average,0.5708174706,0.5650633272,
O1/0294/1,,videos/sample_001172_O1__0294__1.pt,ok,0.6273311973,0.6369232535,0.5340150818,0.5289172675,average,0.6273311973,0.5340150818,
O1/0294/2,,videos/sample_001173_O1__0294__2.pt,ok,0.6271048784,0.6355166435,0.5341359532,0.5296617713,average,0.6271048784,0.5341359532,
O1/0294/3,,videos/sample_001174_O1__0294__3.pt,ok,0.6266029477,0.6363907456,0.5344041197,0.5291989951,average,0.6266029477,0.5344041197,
O1/0294/4,,videos/sample_001175_O1__0294__4.pt,ok,0.6264279485,0.6375592351,0.5344976482,0.5285809928,average,0.6264279485,0.5344976482,
O1/0295/1,,videos/sample_001176_O1__0295__1.pt,ok,0.5816332102,0.6137986779,0.5589846812,0.5412907694,average,0.5816332102,0.5589846812,
O1/0295/2,,videos/sample_001177_O1__0295__2.pt,ok,0.5709783435,0.5833625793,0.5649724311,0.5580188257,average,0.5709783435,0.5649724311,
O1/0295/3,,videos/sample_001178_O1__0295__3.pt,ok,0.5813271403,0.6056504846,0.5591557957,0.5457193292,average,0.5813271403,0.5591557957,
O1/0295/4,,videos/sample_001179_O1__0295__4.pt,ok,0.5794409513,0.6050319672,0.5602114645,0.5460569705,average,0.5794409513,0.5602114645,
O1/0296/1,,videos/sample_001180_O1__0296__1.pt,ok,0.5614644289,0.5803099275,0.5703731810,0.5597248656,average,0.5614644289,0.5703731810,
O1/0296/2,,videos/sample_001181_O1__0296__2.pt,ok,0.5628414750,0.5819244385,0.5695882914,0.5588219127,average,0.5628414750,0.5695882914,
O1/0296/3,,videos/sample_001182_O1__0296__3.pt,ok,0.5637343526,0.5938650966,0.5690799457,0.5521888915,average,0.5637343526,0.5690799457,
O1/0296/4,,videos/sample_001183_O1__0296__4.pt,ok,0.5617651343,0.5862176418,0.5702016925,0.5564279192,average,0.5617651343,0.5702016925,
O1/0297/1,,videos/sample_001184_O1__0297__1.pt,ok,0.5822321773,0.6025732756,0.5586499680,0.5474012080,average,0.5822321773,0.5586499680,
O1/0297/2,,videos/sample_001185_O1__0297__2.pt,ok,0.5800071359,0.5995521545,0.5598943712,0.5490574739,average,0.5800071359,0.5598943712,
O1/0297/3,,videos/sample_001186_O1__0297__3.pt,ok,0.5807514191,0.6025732756,0.5594778063,0.5474012080,average,0.5807514191,0.5594778063,
O1/0297/4,,videos/sample_001187_O1__0297__4.pt,ok,0.5817456245,0.5995521545,0.5589218468,0.5490574739,average,0.5817456245,0.5589218468,
O1/0298/1,,videos/sample_001188_O1__0298__1.pt,ok,0.5882741809,0.6148599982,0.5552847793,0.5407165913,average,0.5882741809,0.5552847793,
O1/0298/2,,videos/sample_001189_O1__0298__2.pt,ok,0.5883918405,0.6148599982,0.5552194486,0.5407165913,average,0.5883918405,0.5552194486,
O1/0298/3,,videos/sample_001190_O1__0298__3.pt,ok,0.5867294669,0.6146549582,0.5561431983,0.5408274712,average,0.5867294669,0.5561431983,
O1/0298/4,,videos/sample_001191_O1__0298__4.pt,ok,0.5885421038,0.6146549582,0.5551360258,0.5408274712,average,0.5885421038,0.5551360258,
O1/0299/1,,videos/sample_001192_O1__0299__1.pt,ok,0.5613278747,0.5929744840,0.5704510732,0.5526808969,average,0.5613278747,0.5704510732,
O1/0299/2,,videos/sample_001193_O1__0299__2.pt,ok,0.5616368055,0.5958614349,0.5702748704,0.5510876352,average,0.5616368055,0.5702748704,
O1/0299/3,,videos/sample_001194_O1__0299__3.pt,ok,0.5629466176,0.5940749049,0.5695284065,0.5520730498,average,0.5629466176,0.5695284065,
O1/0299/4,,videos/sample_001195_O1__0299__4.pt,ok,0.5531193614,0.5721784234,0.5751528995,0.5642948257,average,0.5531193614,0.5751528995,
O1/0300/1,,videos/sample_001196_O1__0300__1.pt,ok,0.5815364122,0.6016659737,0.5590387924,0.5478980915,average,0.5815364122,0.5590387924,
O1/0300/2,,videos/sample_001197_O1__0300__2.pt,ok,0.5832214355,0.6058337092,0.5580975922,0.5456193491,average,0.5832214355,0.5580975922,
O1/0300/3,,videos/sample_001198_O1__0300__3.pt,ok,0.5814467669,0.6017092466,0.5590889099,0.5478743829,average,0.5814467669,0.5590889099,
O1/0300/4,,videos/sample_001199_O1__0300__4.pt,ok,0.5826031566,0.6033537984,0.5584427589,0.5469741156,average,0.5826031566,0.5584427589,
O1/0301/1,,videos/sample_001200_O1__0301__1.pt,ok,0.5552791953,0.5767050982,0.5739120053,0.5617462193,average,0.5552791953,0.5739120053,
O1/0301/2,,videos/sample_001201_O1__0301__2.pt,ok,0.5545023084,0.5763699412,0.5743580433,0.5619345240,average,0.5545023084,0.5743580433,
O1/0301/3,,videos/sample_001202_O1__0301__3.pt,ok,0.5570397973,0.5814530849,0.5729024636,0.5590853775,average,0.5570397973,0.5729024636,
O1/0301/4,,videos/sample_001203_O1__0301__4.pt,ok,0.5568443537,0.5827969313,0.5730144447,0.5583345573,average,0.5568443537,0.5730144447,
O1/0302/1,,videos/sample_001204_O1__0302__1.pt,ok,0.5909125209,0.6115704775,0.5538216802,0.5424982185,average,0.5909125209,0.5538216802,
O1/0302/2,,videos/sample_001205_O1__0302__2.pt,ok,0.5904461145,0.6111273766,0.5540800464,0.5427386532,average,0.5904461145,0.5540800464,
O1/0302/3,,videos/sample_001206_O1__0302__3.pt,ok,0.5918967724,0.6134487987,0.5532768486,0.5414801890,average,0.5918967724,0.5532768486,
O1/0302/4,,videos/sample_001207_O1__0302__4.pt,ok,0.5921580791,0.6128472686,0.5531322925,0.5418060036,average,0.5921580791,0.5531322925,
O1/0303/1,,videos/sample_001208_O1__0303__1.pt,ok,0.5480112433,0.5779704452,0.5780983649,0.5610358649,average,0.5480112433,0.5780983649,
O1/0303/2,,videos/sample_001209_O1__0303__2.pt,ok,0.5496981740,0.5763042569,0.5771239751,0.5619714355,average,0.5496981740,0.5771239751,
O1/0303/3,,videos/sample_001210_O1__0303__3.pt,ok,0.5442324877,0.5617614388,0.5802869899,0.5702037996,average,0.5442324877,0.5802869899,
O1/0303/4,,videos/sample_001211_O1__0303__4.pt,ok,0.5476810932,0.5647657514,0.5782892556,0.5684932999,average,0.5476810932,0.5782892556,
O1/0304/1,,videos/sample_001212_O1__0304__1.pt,ok,0.5657067299,0.6019735932,0.5679586116,0.5477295733,average,0.5657067299,0.5679586116,
O1/0304/2,,videos/sample_001213_O1__0304__2.pt,ok,0.5605673790,0.5962854624,0.5708850637,0.5508540084,average,0.5605673790,0.5708850637,
O1/0304/3,,videos/sample_001214_O1__0304__3.pt,ok,0.5610944033,0.5962854624,0.5705842727,0.5508540084,average,0.5610944033,0.5705842727,
O1/0304/4,,videos/sample_001215_O1__0304__4.pt,ok,0.5652790070,0.6019735932,0.5682015924,0.5477295733,average,0.5652790070,0.5682015924,
O1/0305/1,,videos/sample_001216_O1__0305__1.pt,ok,0.5521416068,0.5993653536,0.5757155329,0.5491600480,average,0.5521416068,0.5757155329,
O1/0305/2,,videos/sample_001217_O1__0305__2.pt,ok,0.5558733940,0.5909810066,0.5735710888,0.5537837526,average,0.5558733940,0.5735710888,
O1/0305/3,,videos/sample_001218_O1__0305__3.pt,ok,0.5554048419,0.5907713771,0.5738398997,0.5538998542,average,0.5554048419,0.5738398997,
O1/0305/4,,videos/sample_001219_O1__0305__4.pt,ok,0.5386559963,0.5559316874,0.5835319947,0.5735376544,average,0.5386559963,0.5835319947,
O1/0306/1,,videos/sample_001220_O1__0306__1.pt,ok,0.5438743830,0.5786379576,0.5804948306,0.5606614915,average,0.5438743830,0.5804948306,
O1/0306/2,,videos/sample_001221_O1__0306__2.pt,ok,0.5333625078,0.5527153611,0.5866291047,0.5753853084,average,0.5333625078,0.5866291047,
O1/0306/3,,videos/sample_001222_O1__0306__3.pt,ok,0.5459077954,0.5750297308,0.5793156445,0.5626881394,average,0.5459077954,0.5793156445,
O1/0306/4,,videos/sample_001223_O1__0306__4.pt,ok,0.5429318547,0.5713943243,0.5810422213,0.5647374623,average,0.5429318547,0.5810422213,
O1/0307/1,,videos/sample_001224_O1__0307__1.pt,ok,0.5347021818,0.5667389631,0.5858437391,0.5673726483,average,0.5347021818,0.5858437391,
O1/0307/2,,videos/sample_001225_O1__0307__2.pt,ok,0.5338621140,0.5556373596,0.5863360944,0.5737064873,average,0.5338621140,0.5863360944,
O1/0307/3,,videos/sample_001226_O1__0307__3.pt,ok,0.5334570408,0.5561890006,0.5865736515,0.5733900946,average,0.5334570408,0.5865736515,
O1/0307/4,,videos/sample_001227_O1__0307__4.pt,ok,0.5341471434,0.5671723485,0.5861689951,0.5671268105,average,0.5341471434,0.5861689951,
O1/0308/1,,videos/sample_001228_O1__0308__1.pt,ok,0.5675086975,0.5935934782,0.5669360901,0.5523388965,average,0.5675086975,0.5669360901,
O1/0308/2,,videos/sample_001229_O1__0308__2.pt,ok,0.5738821626,0.6038956046,0.5633342331,0.5466778419,average,0.5738821626,0.5633342331,
O1/0308/3,,videos/sample_001230_O1__0308__3.pt,ok,0.5670019984,0.5935934782,0.5672234289,0.5523388965,average,0.5670019984,0.5672234289,
O1/0308/4,,videos/sample_001231_O1__0308__4.pt,ok,0.5741656423,0.6038956046,0.5631745619,0.5466778419,average,0.5741656423,0.5631745619,
O1/0309/1,,videos/sample_001232_O1__0309__1.pt,ok,0.5959831476,0.6134823561,0.5510205649,0.5414620186,average,0.5959831476,0.5510205649,
O1/0309/2,,videos/sample_001233_O1__0309__2.pt,ok,0.5952461958,0.6129437685,0.5514267902,0.5417537219,average,0.5952461958,0.5514267902,
O1/0309/3,,videos/sample_001234_O1__0309__3.pt,ok,0.5960225463,0.6138059497,0.5509988559,0.5412868333,average,0.5960225463,0.5509988559,
O1/0309/4,,videos/sample_001235_O1__0309__4.pt,ok,0.5954040885,0.6128330827,0.5513397308,0.5418136896,average,0.5954040885,0.5513397308,
O1/0310/1,,videos/sample_001236_O1__0310__1.pt,ok,0.5682849884,0.5928570032,0.5664961535,0.5527458301,average,0.5682849884,0.5664961535,
O1/0310/2,,videos/sample_001237_O1__0310__2.pt,ok,0.5680629015,0.5918468237,0.5666219789,0.5533044847,average,0.5680629015,0.5666219789,
O1/0310/3,,videos/sample_001238_O1__0310__3.pt,ok,0.5662733316,0.5882321596,0.5676368964,0.5553081136,average,0.5662733316,0.5676368964,
O1/0310/4,,videos/sample_001239_O1__0310__4.pt,ok,0.5671812892,0.5890221596,0.5671217401,0.5548695935,average,0.5671812892,0.5671217401,
O1/0311/1,,videos/sample_001240_O1__0311__1.pt,ok,0.5575031042,0.5919198394,0.5726370954,0.5532640863,average,0.5575031042,0.5726370954,
O1/0311/2,,videos/sample_001241_O1__0311__2.pt,ok,0.5654139519,0.6045272350,0.5681249217,0.5463326525,average,0.5654139519,0.5681249217,
O1/0311/3,,videos/sample_001242_O1__0311__3.pt,ok,0.5609933734,0.6044443250,0.5706419217,0.5463779509,average,0.5609933734,0.5706419217,
O1/0311/4,,videos/sample_001243_O1__0311__4.pt,ok,0.5640299916,0.6011434197,0.5689117283,0.5481844727,average,0.5640299916,0.5689117283,
O1/0312/1,,videos/sample_001244_O1__0312__1.pt,ok,0.6186072826,0.6307516098,0.5386941641,0.5321916502,average,0.6186072826,0.5386941641,
O1/0312/2,,videos/sample_001245_O1__0312__2.pt,ok,0.6178072095,0.6316772103,0.5391253313,0.5316992812,average,0.6178072095,0.5391253313,
O1/0312/3,,videos/sample_001246_O1__0312__3.pt,ok,0.6176726222,0.6307516098,0.5391978956,0.5321916502,average,0.6176726222,0.5391978956,
O1/0312/4,,videos/sample_001247_O1__0312__4.pt,ok,0.6162276268,0.6316772103,0.5399775973,0.5316992812,average,0.6162276268,0.5399775973,
O1/0313/1,,videos/sample_001248_O1__0313__1.pt,ok,0.5899353027,0.6065925956,0.5543631494,0.5452054431,average,0.5899353027,0.5543631494,
O1/0313/2,,videos/sample_001249_O1__0313__2.pt,ok,0.5902160406,0.6058615446,0.5542075405,0.5456041618,average,0.5902160406,0.5542075405,
O1/0313/3,,videos/sample_001250_O1__0313__3.pt,ok,0.5907409787,0.6065925956,0.5539166922,0.5452054431,average,0.5907409787,0.5539166922,
O1/0313/4,,videos/sample_001251_O1__0313__4.pt,ok,0.5892232656,0.6058615446,0.5547580170,0.5456041618,average,0.5892232656,0.5547580170,
O1/0314/1,,videos/sample_001252_O1__0314__1.pt,ok,0.6142931581,0.6378532052,0.5410231781,0.5284256286,average,0.6142931581,0.5410231781,
O1/0314/2,,videos/sample_001253_O1__0314__2.pt,ok,0.6134982109,0.6379141212,0.5414534339,0.5283934401,average,0.6134982109,0.5414534339,
O1/0314/3,,videos/sample_001254_O1__0314__3.pt,ok,0.6125459075,0.6381798387,0.5419693074,0.5282530553,average,0.6125459075,0.5419693074,
O1/0314/4,,videos/sample_001255_O1__0314__4.pt,ok,0.6132497191,0.6381798387,0.5415879973,0.5282530553,average,0.6132497191,0.5415879973,
O1/0315/1,,videos/sample_001256_O1__0315__1.pt,ok,0.5554510951,0.5725593567,0.5738133584,0.5640799080,average,0.5554510951,0.5738133584,
O1/0315/2,,videos/sample_001257_O1__0315__2.pt,ok,0.5566413999,0.5741881728,0.5731307520,0.5631618734,average,0.5566413999,0.5731307520,
O1/0315/3,,videos/sample_001258_O1__0315__3.pt,ok,0.5594643354,0.5875480771,0.5715151223,0.5556881201,average,0.5594643354,0.5715151223,
O1/0315/4,,videos/sample_001259_O1__0315__4.pt,ok,0.5599938631,0.5887147784,0.5712125693,0.5550401761,average,0.5599938631,0.5712125693,
O1/0316/1,,videos/sample_001260_O1__0316__1.pt,ok,0.5702252388,0.5894508362,0.5653980748,0.5546317848,average,0.5702252388,0.5653980748,
O1/0316/2,,videos/sample_001261_O1__0316__2.pt,ok,0.5690133572,0.5877091885,0.5660836857,0.5555985997,average,0.5690133572,0.5660836857,
O1/0316/3,,videos/sample_001262_O1__0316__3.pt,ok,0.5710847378,0.5907152295,0.5649123245,0.5539309553,average,0.5710847378,0.5649123245,
O1/0316/4,,videos/sample_001263_O1__0316__4.pt,ok,0.5699203014,0.5881215930,0.5655705121,0.5553695155,average,0.5699203014,0.5655705121,
O1/0317/1,,videos/sample_001264_O1__0317__1.pt,ok,0.5470360518,0.5642483830,0.5786623965,0.5687874965,average,0.5470360518,0.5786623965,
O1/0317/2,,videos/sample_001265_O1__0317__2.pt,ok,0.5548331141,0.5893108845,0.5741680737,0.5547094119,average,0.5548331141,0.5741680737,
O1/0317/3,,videos/sample_001266_O1__0317__3.pt,ok,0.5523585677,0.5701788664,0.5755906387,0.5654242943,average,0.5523585677,0.5755906387,
O1/0317/4,,videos/sample_001267_O1__0317__4.pt,ok,0.5531464815,0.5827928185,0.5751373015,0.5583368535,average,0.5531464815,0.5751373015,
O1/0318/1,,videos/sample_001268_O1__0318__1.pt,ok,0.5530053377,0.5694845319,0.5752184843,0.5658170242,average,0.5530053377,0.5752184843,
O1/0318/2,,videos/sample_001269_O1__0318__2.pt,ok,0.5439330339,0.5614978671,0.5804607850,0.5703541090,average,0.5439330339,0.5804607850,
O1/0318/3,,videos/sample_001270_O1__0318__3.pt,ok,0.5506369472,0.5856140852,0.5765824409,0.5567638564,average,0.5506369472,0.5765824409,
O1/0318/4,,videos/sample_001271_O1__0318__4.pt,ok,0.5544632673,0.5824825764,0.5743804672,0.5585101001,average,0.5544632673,0.5743804672,
O1/0319/1,,videos/sample_001272_O1__0319__1.pt,ok,0.5525203943,0.5705592036,0.5754975003,0.5652092832,average,0.5525203943,0.5754975003,
O1/0319/2,,videos/sample_001273_O1__0319__2.pt,ok,0.5549789071,0.5822452307,0.5740843702,0.5586426758,average,0.5549789071,0.5740843702,
O1/0319/3,,videos/sample_001274_O1__0319__3.pt,ok,0.5554893017,0.5857930779,0.5737914354,0.5566642086,average,0.5554893017,0.5737914354,
O1/0319/4,,videos/sample_001275_O1__0319__4.pt,ok,0.5512405634,0.5692725182,0.5762345113,0.5659369979,average,0.5512405634,0.5762345113,
O1/0320/1,,videos/sample_001276_O1__0320__1.pt,ok,0.5841867924,0.6083410978,0.5575590888,0.5442529831,average,0.5841867924,0.5575590888,
O1/0320/2,,videos/sample_001277_O1__0320__2.pt,ok,0.5869688392,0.6152406931,0.5560100890,0.5405107824,average,0.5869688392,0.5560100890,
O1/0320/3,,videos/sample_001278_O1__0320__3.pt,ok,0.5875621438,0.6152406931,0.5556803035,0.5405107824,average,0.5875621438,0.5556803035,
O1/0320/4,,videos/sample_001279_O1__0320__4.pt,ok,0.5823715925,0.6083410978,0.5585720891,0.5442529831,average,0.5823715925,0.5585720891,
O1/0321/1,,videos/sample_001280_O1__0321__1.pt,ok,0.5802918673,0.6018143892,0.5597349744,0.5478167810,average,0.5802918673,0.5597349744,
O1/0321/2,,videos/sample_001281_O1__0321__2.pt,ok,0.5809881091,0.5997493863,0.5593453991,0.5489491930,average,0.5809881091,0.5593453991,
O1/0321/3,,videos/sample_001282_O1__0321__3.pt,ok,0.5816696882,0.6018143892,0.5589642909,0.5478167810,average,0.5816696882,0.5589642909,
O1/0321/4,,videos/sample_001283_O1__0321__4.pt,ok,0.5798454285,0.5984537601,0.5599849176,0.5496608869,average,0.5798454285,0.5599849176,
O1/0322/1,,videos/sample_001284_O1__0322__1.pt,ok,0.5716564059,0.5922595859,0.5645894744,0.5530761487,average,0.5716564059,0.5645894744,
O1/0322/2,,videos/sample_001285_O1__0322__2.pt,ok,0.5732052326,0.5989158750,0.5637157000,0.5494069392,average,0.5732052326,0.5637157000,
O1/0322/3,,videos/sample_001286_O1__0322__3.pt,ok,0.5739067793,0.5973720551,0.5633203658,0.5502557796,average,0.5739067793,0.5633203658,
O1/0322/4,,videos/sample_001287_O1__0322__4.pt,ok,0.5717730522,0.5928787589,0.5645236210,0.5527338048,average,0.5717730522,0.5645236210,
O1/0323/1,,videos/sample_001288_O1__0323__1.pt,ok,0.6191679239,0.6484265327,0.5383922346,0.5228678453,average,0.6191679239,0.5383922346,
O1/0323/2,,videos/sample_001289_O1__0323__2.pt,ok,0.6191567183,0.6493180394,0.5383982676,0.5224019128,average,0.6191567183,0.5383982676,
O1/0323/3,,videos/sample_001290_O1__0323__3.pt,ok,0.6192625761,0.6484265327,0.5383412770,0.5228678453,average,0.6192625761,0.5383412770,
O1/0323/4,,videos/sample_001291_O1__0323__4.pt,ok,0.6173668504,0.6493180394,0.5393627923,0.5224019128,average,0.6173668504,0.5393627923,
O1/0324/1,,videos/sample_001292_O1__0324__1.pt,ok,0.5540638566,0.5892227888,0.5746099268,0.5547582816,average,0.5540638566,0.5746099268,
O1/0324/2,,videos/sample_001293_O1__0324__2.pt,ok,0.5583173037,0.5978770852,0.5721710444,0.5499779540,average,0.5583173037,0.5721710444,
O1/0324/3,,videos/sample_001294_O1__0324__3.pt,ok,0.5599122643,0.5968151093,0.5712591814,0.5505623276,average,0.5599122643,0.5712591814,
O1/0324/4,,videos/sample_001295_O1__0324__4.pt,ok,0.5583922863,0.5954108834,0.5721281431,0.5513359845,average,0.5583922863,0.5721281431,
O1/0325/1,,videos/sample_001296_O1__0325__1.pt,ok,0.5626714230,0.5971396565,0.5696851592,0.5503836731,average,0.5626714230,0.5696851592,
O1/0325/2,,videos/sample_001297_O1__0325__2.pt,ok,0.5507268906,0.5837334991,0.5765305834,0.5578118839,average,0.5507268906,0.5765305834,
O1/0325/3,,videos/sample_001298_O1__0325__3.pt,ok,0.5601704121,0.5933528543,0.5711117312,0.5524718184,average,0.5601704121,0.5711117312,
O1/0325/4,,videos/sample_001299_O1__0325__4.pt,ok,0.5568575859,0.5976859927,0.5730068625,0.5500830607,average,0.5568575859,0.5730068625,
O1/0326/1,,videos/sample_001300_O1__0326__1.pt,ok,0.5583072305,0.6014843583,0.5721768080,0.5479976073,average,0.5583072305,0.5721768080,
O1/0326/2,,videos/sample_001301_O1__0326__2.pt,ok,0.5574674010,0.5975456238,0.5726575408,0.5501602807,average,0.5574674010,0.5726575408,
O1/0326/3,,videos/sample_001302_O1__0326__3.pt,ok,0.5599469543,0.6002210379,0.5712393649,0.5486903413,average,0.5599469543,0.5712393649,
O1/0326/4,,videos/sample_001303_O1__0326__4.pt,ok,0.5507328510,0.5939409733,0.5765271470,0.5521469948,average,0.5507328510,0.5765271470,
O1/0327/1,,videos/sample_001304_O1__0327__1.pt,ok,0.5541898012,0.5982066989,0.5745375623,0.5497967036,average,0.5541898012,0.5745375623,
O1/0327/2,,videos/sample_001305_O1__0327__2.pt,ok,0.5411000252,0.5589290261,0.5821075671,0.5718211415,average,0.5411000252,0.5821075671,
O1/0327/3,,videos/sample_001306_O1__0327__3.pt,ok,0.5587420464,0.5908468962,0.5719280705,0.5538580258,average,0.5587420464,0.5719280705,
O1/0327/4,,videos/sample_001307_O1__0327__4.pt,ok,0.5556809902,0.5888546705,0.5736814567,0.5549625358,average,0.5556809902,0.5736814567,
O1/0328/1,,videos/sample_001308_O1__0328__1.pt,ok,0.5608091354,0.5934952497,0.5707470653,0.5523931545,average,0.5608091354,0.5707470653,
O1/0328/2,,videos/sample_001309_O1__0328__2.pt,ok,0.5550301671,0.5854280591,0.5740549434,0.5568674386,average,0.5550301671,0.5740549434,
O1/0328/3,,videos/sample_001310_O1__0328__3.pt,ok,0.5600401759,0.6002556086,0.5711861155,0.5486713731,average,0.5600401759,0.5711861155,
O1/0328/4,,videos/sample_001311_O1__0328__4.pt,ok,0.5616003871,0.5940368176,0.5702956393,0.5520940772,average,0.5616003871,0.5702956393,
O1/0329/1,,videos/sample_001312_O1__0329__1.pt,ok,0.6169036627,0.6311501265,0.5396126764,0.5319796052,average,0.6169036627,0.5396126764,
O1/0329/2,,videos/sample_001313_O1__0329__2.pt,ok,0.6149921417,0.6322752237,0.5406451438,0.5313814130,average,0.6149921417,0.5406451438,
O1/0329/3,,videos/sample_001314_O1__0329__3.pt,ok,0.6173239946,0.6298684478,0.5393859076,0.5326618692,average,0.6173239946,0.5393859076,
O1/0329/4,,videos/sample_001315_O1__0329__4.pt,ok,0.6163389683,0.6305583715,0.5399174787,0.5322944999,average,0.6163389683,0.5399174787,
O1/0330/1,,videos/sample_001316_O1__0330__1.pt,ok,0.6151975393,0.6310281157,0.5405341080,0.5320445164,average,0.6151975393,0.5405341080,
O1/0330/2,,videos/sample_001317_O1__0330__2.pt,ok,0.6179205775,0.6313618422,0.5390642152,0.5318669887,average,0.6179205775,0.5390642152,
O1/0330/3,,videos/sample_001318_O1__0330__3.pt,ok,0.6167048216,0.6313618422,0.5397199843,0.5318669887,average,0.6167048216,0.5397199843,
O1/0330/4,,videos/sample_001319_O1__0330__4.pt,ok,0.6175011396,0.6319625378,0.5392903666,0.5315475945,average,0.6175011396,0.5392903666,
O1/0331/1,,videos/sample_001320_O1__0331__1.pt,ok,0.5564140677,0.5779256225,0.5732610578,0.5610610126,average,0.5564140677,0.5732610578,
O1/0331/2,,videos/sample_001321_O1__0331__2.pt,ok,0.5549348593,0.5754888654,0.5741096579,0.5624298491,average,0.5549348593,0.5741096579,
O1/0331/3,,videos/sample_001322_O1__0331__3.pt,ok,0.5569869876,0.5852959156,0.5729327192,0.5569410299,average,0.5569869876,0.5729327192,
O1/0331/4,,videos/sample_001323_O1__0331__4.pt,ok,0.5584649444,0.5921848416,0.5720865749,0.5531174895,average,0.5584649444,0.5720865749,
O1/0332/1,,videos/sample_001324_O1__0332__1.pt,ok,0.5552623272,0.5946447849,0.5739216862,0.5517585240,average,0.5552623272,0.5739216862,
O1/0332/2,,videos/sample_001325_O1__0332__2.pt,ok,0.5452834964,0.5812165141,0.5796774236,0.5592176564,average,0.5452834964,0.5796774236,
O1/0332/3,,videos/sample_001326_O1__0332__3.pt,ok,0.5556812882,0.5999209881,0.5736812857,0.5488550005,average,0.5556812882,0.5736812857,
O1/0332/4,,videos/sample_001327_O1__0332__4.pt,ok,0.5540650487,0.5959557891,0.5746092418,0.5510356402,average,0.5540650487,0.5746092418,
O1/0333/1,,videos/sample_001328_O1__0333__1.pt,ok,0.6155701876,0.6306546926,0.5403327165,0.5322432312,average,0.6155701876,0.5403327165,
O1/0333/2,,videos/sample_001329_O1__0333__2.pt,ok,0.6140453219,0.6290188432,0.5411572798,0.5331146135,average,0.6140453219,0.5411572798,
O1/0333/3,,videos/sample_001330_O1__0333__3.pt,ok,0.6145738363,0.6293056607,0.5408713459,0.5329617288,average,0.6145738363,0.5408713459,
O1/0333/4,,videos/sample_001331_O1__0333__4.pt,ok,0.6154280901,0.6301633716,0.5404095018,0.5325047978,average,0.6154280901,0.5404095018,
O1/0334/1,,videos/sample_001332_O1__0334__1.pt,ok,0.6207189560,0.6350907087,0.5375578182,0.5298874207,average,0.6207189560,0.5375578182,
O1/0334/2,,videos/sample_001333_O1__0334__2.pt,ok,0.6217653751,0.6350907087,0.5369956016,0.5298874207,average,0.6217653751,0.5369956016,
O1/0334/3,,videos/sample_001334_O1__0334__3.pt,ok,0.6221852303,0.6349210143,0.5367701886,0.5299773473,average,0.6221852303,0.5367701886,
O1/0334/4,,videos/sample_001335_O1__0334__4.pt,ok,0.6216962934,0.6349210143,0.5370326995,0.5299773473,average,0.6216962934,0.5370326995,
O1/0335/1,,videos/sample_001336_O1__0335__1.pt,ok,0.6140438318,0.6298618317,0.5411580861,0.5326653934,average,0.6140438318,0.5411580861,
O1/0335/2,,videos/sample_001337_O1__0335__2.pt,ok,0.6139843464,0.6293166876,0.5411902781,0.5329558520,average,0.6139843464,0.5411902781,
O1/0335/3,,videos/sample_001338_O1__0335__3.pt,ok,0.6150815487,0.6293166876,0.5405968085,0.5329558520,average,0.6150815487,0.5405968085,
O1/0335/4,,videos/sample_001339_O1__0335__4.pt,ok,0.6152195334,0.6298618317,0.5405222196,0.5326653934,average,0.6152195334,0.5405222196,
O1/0336/1,,videos/sample_001340_O1__0336__1.pt,ok,0.6175347567,0.6322152615,0.5392722375,0.5314132768,average,0.6175347567,0.5392722375,
O1/0336/2,,videos/sample_001341_O1__0336__2.pt,ok,0.6161106825,0.6322152615,0.5400407483,0.5314132768,average,0.6161106825,0.5400407483,
O1/0336/3,,videos/sample_001342_O1__0336__3.pt,ok,0.6164854765,0.6317473054,0.5398383822,0.5316620130,average,0.6164854765,0.5398383822,
O1/0336/4,,videos/sample_001343_O1__0336__4.pt,ok,0.6149376631,0.6317473054,0.5406745982,0.5316620130,average,0.6149376631,0.5406745982,
O1/0337/1,,videos/sample_001344_O1__0337__1.pt,ok,0.5717299581,0.5999943614,0.5645479492,0.5488147306,average,0.5717299581,0.5645479492,
O1/0337/2,,videos/sample_001345_O1__0337__2.pt,ok,0.5660713911,0.5937123299,0.5677515368,0.5522732540,average,0.5660713911,0.5677515368,
O1/0337/3,,videos/sample_001346_O1__0337__3.pt,ok,0.5702618361,0.6044609547,0.5653773831,0.5463688649,average,0.5702618361,0.5653773831,
O1/0337/4,,videos/sample_001347_O1__0337__4.pt,ok,0.5710829496,0.6034979820,0.5649133346,0.5468952565,average,0.5710829496,0.5649133346,
O1/0338/1,,videos/sample_001348_O1__0338__1.pt,ok,0.5470353961,0.5644046664,0.5786627759,0.5686986114,average,0.5470353961,0.5786627759,
O1/0338/2,,videos/sample_001349_O1__0338__2.pt,ok,0.5458829403,0.5808717012,0.5793300436,0.5594105151,average,0.5458829403,0.5793300436,
O1/0338/3,,videos/sample_001350_O1__0338__3.pt,ok,0.5475075841,0.5729933977,0.5783896028,0.5638351273,average,0.5475075841,0.5783896028,
O1/0338/4,,videos/sample_001351_O1__0338__4.pt,ok,0.5387730598,0.5562670827,0.5834636884,0.5733453248,average,0.5387730598,0.5834636884,
O1/0339/1,,videos/sample_001352_O1__0339__1.pt,ok,0.5661362410,0.5965968966,0.5677147194,0.5506824803,average,0.5661362410,0.5677147194,
O1/0339/2,,videos/sample_001353_O1__0339__2.pt,ok,0.5628831983,0.5951497555,0.5695645268,0.5514799725,average,0.5628831983,0.5695645268,
O1/0339/3,,videos/sample_001354_O1__0339__3.pt,ok,0.5673243999,0.5980049968,0.5670405847,0.5499076099,average,0.5673243999,0.5670405847,
O1/0339/4,,videos/sample_001355_O1__0339__4.pt,ok,0.5674278736,0.6016505361,0.5669819139,0.5479065498,average,0.5674278736,0.5669819139,
O1/0340/1,,videos/sample_001356_O1__0340__1.pt,ok,0.6196062565,0.6488766074,0.5381562914,0.5226325687,average,0.6196062565,0.5381562914,
O1/0340/2,,videos/sample_001357_O1__0340__2.pt,ok,0.6212391257,0.6488766074,0.5372782696,0.5226325687,average,0.6212391257,0.5372782696,
O1/0340/3,,videos/sample_001358_O1__0340__3.pt,ok,0.6213588119,0.6483175159,0.5372139687,0.5229248498,average,0.6213588119,0.5372139687,
O1/0340/4,,videos/sample_001359_O1__0340__4.pt,ok,0.6216816902,0.6483175159,0.5370405419,0.5229248498,average,0.6216816902,0.5370405419,
O1/0341/1,,videos/sample_001360_O1__0341__1.pt,ok,0.6177276373,0.6299887896,0.5391682324,0.5325977716,average,0.6177276373,0.5391682324,
O1/0341/2,,videos/sample_001361_O1__0341__2.pt,ok,0.6168006659,0.6299887896,0.5396682577,0.5325977716,average,0.6168006659,0.5396682577,
O1/0341/3,,videos/sample_001362_O1__0341__3.pt,ok,0.6177337170,0.6302099824,0.5391649544,0.5324799778,average,0.6177337170,0.5391649544,
O1/0341/4,,videos/sample_001363_O1__0341__4.pt,ok,0.6170771718,0.6302099824,0.5395190568,0.5324799778,average,0.6170771718,0.5395190568,
O1/0342/1,,videos/sample_001364_O1__0342__1.pt,ok,0.5412750840,0.5610241890,0.5820056729,0.5706243373,average,0.5412750840,0.5820056729,
O1/0342/2,,videos/sample_001365_O1__0342__2.pt,ok,0.5459586382,0.5796052217,0.5792861912,0.5601194459,average,0.5459586382,0.5792861912,
O1/0342/3,,videos/sample_001366_O1__0342__3.pt,ok,0.5434509516,0.5627875924,0.5807406824,0.5696189831,average,0.5434509516,0.5807406824,
O1/0342/4,,videos/sample_001367_O1__0342__4.pt,ok,0.5462726355,0.5761041045,0.5791043255,0.5620839267,average,0.5462726355,0.5791043255,
O1/0343/1,,videos/sample_001368_O1__0343__1.pt,ok,0.5579114556,0.5897452235,0.5724033060,0.5544685323,average,0.5579114556,0.5724033060,
O1/0343/2,,videos/sample_001369_O1__0343__2.pt,ok,0.5641542077,0.5982365012,0.5688410647,0.5497803186,average,0.5641542077,0.5688410647,
O1/0343/3,,videos/sample_001370_O1__0343__3.pt,ok,0.5619623065,0.5924065113,0.5700892756,0.5529948937,average,0.5619623065,0.5700892756,
O1/0343/4,,videos/sample_001371_O1__0343__4.pt,ok,0.5650546551,0.5982365012,0.5683290838,0.5497803186,average,0.5650546551,0.5683290838,
O1/0344/1,,videos/sample_001372_O1__0344__1.pt,ok,0.6198073626,0.6341547370,0.5380480758,0.5303836125,average,0.6198073626,0.5380480758,
O1/0344/2,,videos/sample_001373_O1__0344__2.pt,ok,0.6200096011,0.6343955398,0.5379392728,0.5302559101,average,0.6200096011,0.5379392728,
O1/0344/3,,videos/sample_001374_O1__0344__3.pt,ok,0.6211098433,0.6341547370,0.5373477348,0.5303836125,average,0.6211098433,0.5373477348,
O1/0344/4,,videos/sample_001375_O1__0344__4.pt,ok,0.6209666133,0.6343955398,0.5374247046,0.5302559101,average,0.6209666133,0.5374247046,
O1/0345/1,,videos/sample_001376_O1__0345__1.pt,ok,0.6174895763,0.6450067759,0.5392966026,0.5246589871,average,0.6174895763,0.5392966026,
O1/0345/2,,videos/sample_001377_O1__0345__2.pt,ok,0.6185809374,0.6443220973,0.5387083563,0.5250183328,average,0.6185809374,0.5387083563,
O1/0345/3,,videos/sample_001378_O1__0345__3.pt,ok,0.6183668375,0.6443220973,0.5388237061,0.5250183328,average,0.6183668375,0.5388237061,
O1/0345/4,,videos/sample_001379_O1__0345__4.pt,ok,0.6156408787,0.6450067759,0.5402945211,0.5246589871,average,0.6156408787,0.5402945211,
O1/0346/1,,videos/sample_001380_O1__0346__1.pt,ok,0.5640524626,0.5960338712,0.5688989445,0.5509926159,average,0.5640524626,0.5688989445,
O1/0346/2,,videos/sample_001381_O1__0346__2.pt,ok,0.5711285472,0.6036739349,0.5648875766,0.5467990372,average,0.5711285472,0.5648875766,
O1/0346/3,,videos/sample_001382_O1__0346__3.pt,ok,0.5693729520,0.6040077209,0.5658801615,0.5466165538,average,0.5693729520,0.5658801615,
O1/0346/4,,videos/sample_001383_O1__0346__4.pt,ok,0.5688546300,0.6003683805,0.5661735457,0.5486095018,average,0.5688546300,0.5661735457,
O1/0347/1,,videos/sample_001384_O1__0347__1.pt,ok,0.6395175457,0.6605629325,0.5275468799,0.5165604640,average,0.6395175457,0.5275468799,
O1/0347/2,,videos/sample_001385_O1__0347__2.pt,ok,0.6385267973,0.6610882878,0.5280698051,0.5162891574,average,0.6385267973,0.5280698051,
O1/0347/3,,videos/sample_001386_O1__0347__3.pt,ok,0.6381266713,0.6610882878,0.5282811419,0.5162891574,average,0.6381266713,0.5282811419,
O1/0347/4,,videos/sample_001387_O1__0347__4.pt,ok,0.6393268108,0.6605629325,0.5276475111,0.5165604640,average,0.6393268108,0.5276475111,
O1/0348/1,,videos/sample_001388_O1__0348__1.pt,ok,0.5620310307,0.5957480669,0.5700500981,0.5511501145,average,0.5620310307,0.5700500981,
O1/0348/2,,videos/sample_001389_O1__0348__2.pt,ok,0.5479481220,0.5786543489,0.5781348564,0.5606523016,average,0.5479481220,0.5781348564,
O1/0348/3,,videos/sample_001390_O1__0348__3.pt,ok,0.5535518527,0.5909076333,0.5749042046,0.5538243871,average,0.5535518527,0.5749042046,
O1/0348/4,,videos/sample_001391_O1__0348__4.pt,ok,0.5623777509,0.5948901176,0.5698524844,0.5516231762,average,0.5623777509,0.5698524844,
O1/0349/1,,videos/sample_001392_O1__0349__1.pt,ok,0.5677970052,0.5883367062,0.5667726616,0.5552500611,average,0.5677970052,0.5667726616,
O1/0349/2,,videos/sample_001393_O1__0349__2.pt,ok,0.5656837225,0.5848778486,0.5679716790,0.5571739172,average,0.5656837225,0.5679716790,
O1/0349/3,,videos/sample_001394_O1__0349__3.pt,ok,0.5666407347,0.5860424042,0.5674283832,0.5565254349,average,0.5666407347,0.5674283832,
O1/0349/4,,videos/sample_001395_O1__0349__4.pt,ok,0.5681312680,0.5896334648,0.5665832422,0.5545305024,average,0.5681312680,0.5665832422,
O1/0350/1,,videos/sample_001396_O1__0350__1.pt,ok,0.6220290661,0.6361404061,0.5368540194,0.5293314911,average,0.6220290661,0.5368540194,
O1/0350/2,,videos/sample_001397_O1__0350__2.pt,ok,0.6227656007,0.6361404061,0.5364587534,0.5293314911,average,0.6227656007,0.5364587534,
O1/0350/3,,videos/sample_001398_O1__0350__3.pt,ok,0.6214661598,0.6365866065,0.5371563030,0.5290953559,average,0.6214661598,0.5371563030,
O1/0350/4,,videos/sample_001399_O1__0350__4.pt,ok,0.6225567460,0.6355955005,0.5365708071,0.5296200054,average,0.6225567460,0.5365708071,
O1/0351/1,,videos/sample_001400_O1__0351__1.pt,ok,0.5623161793,0.5992814302,0.5698875722,0.5492061373,average,0.5623161793,0.5698875722,
O1/0351/2,,videos/sample_001401_O1__0351__2.pt,ok,0.5647525787,0.6001704931,0.5685007885,0.5487180755,average,0.5647525787,0.5685007885,
O1/0351/3,,videos/sample_001402_O1__0351__3.pt,ok,0.5571057200,0.5890030265,0.5728646976,0.5548802099,average,0.5571057200,0.5728646976,
O1/0351/4,,videos/sample_001403_O1__0351__4.pt,ok,0.5636997819,0.5986967087,0.5690996195,0.5495273638,average,0.5636997819,0.5690996195,
O1/0352/1,,videos/sample_001404_O1__0352__1.pt,ok,0.5870147943,0.6141554117,0.5559845381,0.5410977072,average,0.5870147943,0.5559845381,
O1/0352/2,,videos/sample_001405_O1__0352__2.pt,ok,0.5866791010,0.6098725200,0.5561712097,0.5434201399,average,0.5866791010,0.5561712097,
O1/0352/3,,videos/sample_001406_O1__0352__3.pt,ok,0.5863431692,0.6095824838,0.5563580767,0.5435777742,average,0.5863431692,0.5563580767,
O1/0352/4,,videos/sample_001407_O1__0352__4.pt,ok,0.5848970413,0.6035839915,0.5571632236,0.5468482204,average,0.5848970413,0.5571632236,
O1/0353/1,,videos/sample_001408_O1__0353__1.pt,ok,0.6144074202,0.6291155219,0.5409613631,0.5330630752,average,0.6144074202,0.5409613631,
O1/0353/2,,videos/sample_001409_O1__0353__2.pt,ok,0.6125815511,0.6291155219,0.5419499901,0.5330630752,average,0.6125815511,0.5419499901,
O1/0353/3,,videos/sample_001410_O1__0353__3.pt,ok,0.6139196754,0.6287001967,0.5412252786,0.5332845157,average,0.6139196754,0.5412252786,
O1/0353/4,,videos/sample_001411_O1__0353__4.pt,ok,0.6149876714,0.6287001967,0.5406475607,0.5332845157,average,0.6149876714,0.5406475607,
O1/0354/1,,videos/sample_001412_O1__0354__1.pt,ok,0.6115133166,0.6251778007,0.5425292290,0.5351662671,average,0.6115133166,0.5425292290,
O1/0354/2,,videos/sample_001413_O1__0354__2.pt,ok,0.6083527803,0.6249576807,0.5442466249,0.5352840809,average,0.6083527803,0.5442466249,
O1/0354/3,,videos/sample_001414_O1__0354__3.pt,ok,0.6100906134,0.6251541376,0.5433016365,0.5351789310,average,0.6100906134,0.5433016365,
O1/0354/4,,videos/sample_001415_O1__0354__4.pt,ok,0.6103787422,0.6248630881,0.5431451181,0.5353347172,average,0.6103787422,0.5431451181,
O1/0355/1,,videos/sample_001416_O1__0355__1.pt,ok,0.5602080226,0.5951270461,0.5710902518,0.5514924964,average,0.5602080226,0.5710902518,
O1/0355/2,,videos/sample_001417_O1__0355__2.pt,ok,0.5502892733,0.5867320299,0.5767829384,0.5561417730,average,0.5502892733,0.5767829384,
O1/0355/3,,videos/sample_001418_O1__0355__3.pt,ok,0.5599730015,0.6011675000,0.5712244859,0.5481712724,average,0.5599730015,0.5712244859,
O1/0355/4,,videos/sample_001419_O1__0355__4.pt,ok,0.5622762442,0.5990616083,0.5699103312,0.5493268781,average,0.5622762442,0.5699103312,
O1/0356/1,,videos/sample_001420_O1__0356__1.pt,ok,0.5689882040,0.5924492478,0.5660979246,0.5529712611,average,0.5689882040,0.5660979246,
O1/0356/2,,videos/sample_001421_O1__0356__2.pt,ok,0.5669227839,0.5876997113,0.5672683630,0.5556038652,average,0.5669227839,0.5672683630,
O1/0356/3,,videos/sample_001422_O1__0356__3.pt,ok,0.5693005919,0.5931239724,0.5659211101,0.5525982837,average,0.5693005919,0.5659211101,
O1/0356/4,,videos/sample_001423_O1__0356__4.pt,ok,0.5676674247,0.5874896049,0.5668461091,0.5557206134,average,0.5676674247,0.5668461091,
O1/0357/1,,videos/sample_001424_O1__0357__1.pt,ok,0.6210300326,0.6507858038,0.5373906225,0.5216357123,average,0.6210300326,0.5373906225,
O1/0357/2,,videos/sample_001425_O1__0357__2.pt,ok,0.6208562255,0.6507858038,0.5374840330,0.5216357123,average,0.6208562255,0.5374840330,
O1/0357/3,,videos/sample_001426_O1__0357__3.pt,ok,0.6204820275,0.6516968012,0.5376851961,0.5211607200,average,0.6204820275,0.5376851961,
O1/0357/4,,videos/sample_001427_O1__0357__4.pt,ok,0.6212862134,0.6516968012,0.5372529710,0.5211607200,average,0.6212862134,0.5372529710,
O1/0358/1,,videos/sample_001428_O1__0358__1.pt,ok,0.5611302257,0.5955958962,0.5705638334,0.5512339897,average,0.5611302257,0.5705638334,
O1/0358/2,,videos/sample_001429_O1__0358__2.pt,ok,0.5609175563,0.5955715179,0.5706851878,0.5512474280,average,0.5609175563,0.5706851878,
O1/0358/3,,videos/sample_001430_O1__0358__3.pt,ok,0.5605366826,0.5941725373,0.5709025881,0.5520191522,average,0.5605366826,0.5709025881,
O1/0358/4,,videos/sample_001431_O1__0358__4.pt,ok,0.5563591123,0.5908389688,0.5732925625,0.5538624165,average,0.5563591123,0.5732925625,
O1/0359/1,,videos/sample_001432_O1__0359__1.pt,ok,0.5677585006,0.5927565694,0.5667944854,0.5528013473,average,0.5677585006,0.5667944854,
O1/0359/2,,videos/sample_001433_O1__0359__2.pt,ok,0.5677965283,0.5949587822,0.5667729319,0.5515853005,average,0.5677965283,0.5667729319,
O1/0359/3,,videos/sample_001434_O1__0359__3.pt,ok,0.5678833723,0.5928233266,0.5667237132,0.5527644450,average,0.5678833723,0.5667237132,
O1/0359/4,,videos/sample_001435_O1__0359__4.pt,ok,0.5661112070,0.5918970704,0.5677289317,0.5532766837,average,0.5661112070,0.5677289317,
O1/0360/1,,videos/sample_001436_O1__0360__1.pt,ok,0.6143047214,0.6413713098,0.5410169221,0.5265698384,average,0.6143047214,0.5410169221,
O1/0360/2,,videos/sample_001437_O1__0360__2.pt,ok,0.6147574186,0.6408458948,0.5407720606,0.5268465787,average,0.6147574186,0.5407720606,
O1/0360/3,,videos/sample_001438_O1__0360__3.pt,ok,0.6128321290,0.6408458948,0.5418142064,0.5268465787,average,0.6128321290,0.5418142064,
O1/0360/4,,videos/sample_001439_O1__0360__4.pt,ok,0.6147889495,0.6413713098,0.5407550099,0.5265698384,average,0.6147889495,0.5407550099,
O1/0361/1,,videos/sample_001440_O1__0361__1.pt,ok,0.5660488605,0.5970361829,0.5677643287,0.5504406262,average,0.5660488605,0.5677643287,
O1/0361/2,,videos/sample_001441_O1__0361__2.pt,ok,0.5656580329,0.5980569124,0.5679862701,0.5498790619,average,0.5656580329,0.5679862701,
O1/0361/3,,videos/sample_001442_O1__0361__3.pt,ok,0.5681841969,0.5979458690,0.5665532544,0.5499401257,average,0.5681841969,0.5665532544,
O1/0361/4,,videos/sample_001443_O1__0361__4.pt,ok,0.5610162020,0.5910131335,0.5706288949,0.5537659616,average,0.5610162020,0.5706288949,
O1/0362/1,,videos/sample_001444_O1__0362__1.pt,ok,0.5714380145,0.6010425687,0.5647127894,0.5482397604,average,0.5714380145,0.5647127894,
O1/0362/2,,videos/sample_001445_O1__0362__2.pt,ok,0.5726510286,0.6142994761,0.5640282001,0.5410197598,average,0.5726510286,0.5640282001,
O1/0362/3,,videos/sample_001446_O1__0362__3.pt,ok,0.5741421580,0.6088386178,0.5631877878,0.5439822737,average,0.5741421580,0.5631877878,
O1/0362/4,,videos/sample_001447_O1__0362__4.pt,ok,0.5637355447,0.5966566801,0.5690792673,0.5506495596,average,0.5637355447,0.5690792673,
O1/0363/1,,videos/sample_001448_O1__0363__1.pt,ok,0.6102200747,0.6405988336,0.5432313045,0.5269767582,average,0.6102200747,0.5432313045,
O1/0363/2,,videos/sample_001449_O1__0363__2.pt,ok,0.6098719239,0.6405988336,0.5434204638,0.5269767582,average,0.6098719239,0.5434204638,
O1/0363/3,,videos/sample_001450_O1__0363__3.pt,ok,0.6100504994,0.6417218447,0.5433234309,0.5263852896,average,0.6100504994,0.5433234309,
O1/0363/4,,videos/sample_001451_O1__0363__4.pt,ok,0.6082044244,0.6417218447,0.5443273731,0.5263852896,average,0.6082044244,0.5443273731,
O1/0364/1,,videos/sample_001452_O1__0364__1.pt,ok,0.5770152807,0.6074340343,0.5615720024,0.5447468790,average,0.5770152807,0.5615720024,
O1/0364/2,,videos/sample_001453_O1__0364__2.pt,ok,0.5771296620,0.6076649427,0.5615077728,0.5446211069,average,0.5771296620,0.5615077728,
O1/0364/3,,videos/sample_001454_O1__0364__3.pt,ok,0.5772060752,0.6167669296,0.5614648678,0.5396864643,average,0.5772060752,0.5614648678,
O1/0364/4,,videos/sample_001455_O1__0364__4.pt,ok,0.5695610046,0.6005945206,0.5657737562,0.5484854533,average,0.5695610046,0.5657737562,
O1/0365/1,,videos/sample_001456_O1__0365__1.pt,ok,0.6194432974,0.6337674260,0.5382439960,0.5305890757,average,0.6194432974,0.5382439960,
O1/0365/2,,videos/sample_001457_O1__0365__2.pt,ok,0.6188237071,0.6319264174,0.5385775901,0.5315667945,average,0.6188237071,0.5385775901,
O1/0365/3,,videos/sample_001458_O1__0365__3.pt,ok,0.6181497574,0.6324273944,0.5389406867,0.5313005585,average,0.6181497574,0.5389406867,
O1/0365/4,,videos/sample_001459_O1__0365__4.pt,ok,0.6173470616,0.6319052577,0.5393734658,0.5315780424,average,0.6173470616,0.5393734658,
O1/0366/1,,videos/sample_001460_O1__0366__1.pt,ok,0.5459745526,0.5868041515,0.5792769723,0.5561016646,average,0.5459745526,0.5792769723,
O1/0366/2,,videos/sample_001461_O1__0366__2.pt,ok,0.5537884235,0.5956770778,0.5747682152,0.5511892415,average,0.5537884235,0.5747682152,
O1/0366/3,,videos/sample_001462_O1__0366__3.pt,ok,0.5541020036,0.5963752866,0.5745880076,0.5508045307,average,0.5541020036,0.5745880076,
O1/0366/4,,videos/sample_001463_O1__0366__4.pt,ok,0.5525618792,0.6001458168,0.5754736264,0.5487316160,average,0.5525618792,0.5754736264,
O1/0367/1,,videos/sample_001464_O1__0367__1.pt,ok,0.5985253453,0.6156802773,0.5496215408,0.5402732346,average,0.5985253453,0.5496215408,
O1/0367/2,,videos/sample_001465_O1__0367__2.pt,ok,0.6000402570,0.6165294051,0.5487895430,0.5398146683,average,0.6000402570,0.5487895430,
O1/0367/3,,videos/sample_001466_O1__0367__3.pt,ok,0.5986462831,0.6165294051,0.5495550747,0.5398146683,average,0.5986462831,0.5495550747,
O1/0367/4,,videos/sample_001467_O1__0367__4.pt,ok,0.5996083617,0.6167334318,0.5490266138,0.5397045430,average,0.5996083617,0.5490266138,
O1/0368/1,,videos/sample_001468_O1__0368__1.pt,ok,0.6281791925,0.6500523090,0.5335624315,0.5220184698,average,0.6281791925,0.5335624315,
O1/0368/2,,videos/sample_001469_O1__0368__2.pt,ok,0.6275629401,0.6484632492,0.5338913420,0.5228486478,average,0.6275629401,0.5338913420,
O1/0368/3,,videos/sample_001470_O1__0368__3.pt,ok,0.6267954707,0.6484632492,0.5343012445,0.5228486478,average,0.6267954707,0.5343012445,
O1/0368/4,,videos/sample_001471_O1__0368__4.pt,ok,0.6280772686,0.6500523090,0.5336168171,0.5220184698,average,0.6280772686,0.5336168171,
O1/0369/1,,videos/sample_001472_O1__0369__1.pt,ok,0.5799021721,0.6032296419,0.5599531429,0.5470420302,average,0.5799021721,0.5599531429,
O1/0369/2,,videos/sample_001473_O1__0369__2.pt,ok,0.5885072351,0.6120566130,0.5551553830,0.5422345549,average,0.5885072351,0.5551553830,
O1/0369/3,,videos/sample_001474_O1__0369__3.pt,ok,0.5857117772,0.6171538830,0.5567094676,0.5394776713,average,0.5857117772,0.5567094676,
O1/0369/4,,videos/sample_001475_O1__0369__4.pt,ok,0.5884870887,0.6146127582,0.5551665675,0.5408502946,average,0.5884870887,0.5551665675,
O1/0370/1,,videos/sample_001476_O1__0370__1.pt,ok,0.5554001927,0.6026612520,0.5738425676,0.5473530517,average,0.5554001927,0.5738425676,
O1/0370/2,,videos/sample_001477_O1__0370__2.pt,ok,0.5555581450,0.5882169604,0.5737519350,0.5553165539,average,0.5555581450,0.5737519350,
O1/0370/3,,videos/sample_001478_O1__0370__3.pt,ok,0.5527852774,0.5834549665,0.5753450810,0.5579672743,average,0.5527852774,0.5753450810,
O1/0370/4,,videos/sample_001479_O1__0370__4.pt,ok,0.5393800735,0.5569504499,0.5831096254,0.5729536532,average,0.5393800735,0.5831096254,
O1/0371/1,,videos/sample_001480_O1__0371__1.pt,ok,0.5661002994,0.6027251482,0.5677351244,0.5473180791,average,0.5661002994,0.5677351244,
O1/0371/2,,videos/sample_001481_O1__0371__2.pt,ok,0.5627573133,0.6009176970,0.5696362309,0.5483082244,average,0.5627573133,0.5696362309,
O1/0371/3,,videos/sample_001482_O1__0371__3.pt,ok,0.5670529604,0.6036021709,0.5671945228,0.5468382791,average,0.5670529604,0.5671945228,
O1/0371/4,,videos/sample_001483_O1__0371__4.pt,ok,0.5667428374,0.6036522985,0.5673704501,0.5468108681,average,0.5667428374,0.5673704501,
O1/0372/1,,videos/sample_001484_O1__0372__1.pt,ok,0.5450710654,0.5616669655,0.5798005781,0.5702576712,average,0.5450710654,0.5798005781,
O1/0372/2,,videos/sample_001485_O1__0372__2.pt,ok,0.5504265428,0.5815948248,0.5767037691,0.5590061384,average,0.5504265428,0.5767037691,
O1/0372/3,,videos/sample_001486_O1__0372__3.pt,ok,0.5534565449,0.5863878131,0.5749590001,0.5563332393,average,0.5534565449,0.5749590001,
O1/0372/4,,videos/sample_001487_O1__0372__4.pt,ok,0.5494731665,0.5674940944,0.5772538470,0.5669443692,average,0.5494731665,0.5772538470,
O1/0373/1,,videos/sample_001488_O1__0373__1.pt,ok,0.5551863909,0.5859022141,0.5739652693,0.5566034597,average,0.5551863909,0.5739652693,
O1/0373/2,,videos/sample_001489_O1__0373__2.pt,ok,0.5538626909,0.5940107107,0.5747255302,0.5521084908,average,0.5538626909,0.5747255302,
O1/0373/3,,videos/sample_001490_O1__0373__3.pt,ok,0.5383512378,0.5562124252,0.5837098582,0.5733766633,average,0.5383512378,0.5837098582,
O1/0373/4,,videos/sample_001491_O1__0373__4.pt,ok,0.5557898879,0.5908825994,0.5736189875,0.5538382517,average,0.5557898879,0.5736189875,
O1/0374/1,,videos/sample_001492_O1__0374__1.pt,ok,0.6159247160,0.6426233649,0.5401411871,0.5259109564,average,0.6159247160,0.5401411871,
O1/0374/2,,videos/sample_001493_O1__0374__2.pt,ok,0.6154221892,0.6429073215,0.5404126907,0.5257616418,average,0.6154221892,0.5404126907,
O1/0374/3,,videos/sample_001494_O1__0374__3.pt,ok,0.6140965223,0.6429073215,0.5411295730,0.5257616418,average,0.6140965223,0.5411295730,
O1/0374/4,,videos/sample_001495_O1__0374__4.pt,ok,0.6153649688,0.6426233649,0.5404436143,0.5259109564,average,0.6153649688,0.5404436143,
O1/0375/1,,videos/sample_001496_O1__0375__1.pt,ok,0.6094206572,0.6271232367,0.5436657467,0.5341261475,average,0.6094206572,0.5436657467,
O1/0375/2,,videos/sample_001497_O1__0375__2.pt,ok,0.6100799441,0.6286240816,0.5433074331,0.5333251082,average,0.6100799441,0.5433074331,
O1/0375/3,,videos/sample_001498_O1__0375__3.pt,ok,0.6114787459,0.6286306381,0.5425479850,0.5333216115,average,0.6114787459,0.5425479850,
O1/0375/4,,videos/sample_001499_O1__0375__4.pt,ok,0.6114843488,0.6276623011,0.5425449452,0.5338382967,average,0.6114843488,0.5425449452,
O1/0376/1,,videos/sample_001500_O1__0376__1.pt,ok,0.6213783622,0.6328867674,0.5372034661,0.5310565494,average,0.6213783622,0.5372034661,
O1/0376/2,,videos/sample_001501_O1__0376__2.pt,ok,0.6198611259,0.6319991350,0.5380191493,0.5315281416,average,0.6198611259,0.5380191493,
O1/0376/3,,videos/sample_001502_O1__0376__3.pt,ok,0.6219292879,0.6328867674,0.5369075884,0.5310565494,average,0.6219292879,0.5369075884,
O1/0376/4,,videos/sample_001503_O1__0376__4.pt,ok,0.6211671829,0.6321275830,0.5373169243,0.5314598723,average,0.6211671829,0.5373169243,
O1/0377/1,,videos/sample_001504_O1__0377__1.pt,ok,0.5565531850,0.5973277688,0.5731813129,0.5502801489,average,0.5565531850,0.5731813129,
O1/0377/2,,videos/sample_001505_O1__0377__2.pt,ok,0.5543439984,0.5994737148,0.5744489770,0.5491005435,average,0.5543439984,0.5744489770,
O1/0377/3,,videos/sample_001506_O1__0377__3.pt,ok,0.5570322871,0.5981387496,0.5729067662,0.5498340632,average,0.5570322871,0.5729067662,
O1/0377/4,,videos/sample_001507_O1__0377__4.pt,ok,0.5502406955,0.5936039686,0.5768109579,0.5523331022,average,0.5502406955,0.5768109579,
O1/0378/1,,videos/sample_001508_O1__0378__1.pt,ok,0.6133528948,0.6294685006,0.5415321215,0.5328749485,average,0.6133528948,0.5415321215,
O1/0378/2,,videos/sample_001509_O1__0378__2.pt,ok,0.6120690703,0.6278419495,0.5422278002,0.5337424021,average,0.6120690703,0.5422278002,
O1/0378/3,,videos/sample_001510_O1__0378__3.pt,ok,0.6119179130,0.6276367307,0.5423097681,0.5338519473,average,0.6119179130,0.5423097681,
O1/0378/4,,videos/sample_001511_O1__0378__4.pt,ok,0.6104378104,0.6270430088,0.5431130365,0.5341690010,average,0.6104378104,0.5431130365,
O1/0379/1,,videos/sample_001512_O1__0379__1.pt,ok,0.5880522132,0.6082805991,0.5554080483,0.5442859107,average,0.5880522132,0.5554080483,
O1/0379/2,,videos/sample_001513_O1__0379__2.pt,ok,0.5863217711,0.6040307879,0.5563699818,0.5466039451,average,0.5863217711,0.5563699818,
O1/0379/3,,videos/sample_001514_O1__0379__3.pt,ok,0.5874322653,0.6063645482,0.5557524791,0.5453297899,average,0.5874322653,0.5557524791,
O1/0379/4,,videos/sample_001515_O1__0379__4.pt,ok,0.5874550939,0.6047813892,0.5557397922,0.5461938174,average,0.5874550939,0.5557397922,
O1/0380/1,,videos/sample_001516_O1__0380__1.pt,ok,0.6146963239,0.6291587949,0.5408051000,0.5330400084,average,0.6146963239,0.5408051000,
O1/0380/2,,videos/sample_001517_O1__0380__2.pt,ok,0.6163561940,0.6305543184,0.5399081783,0.5322966574,average,0.6163561940,0.5399081783,
O1/0380/3,,videos/sample_001518_O1__0380__3.pt,ok,0.6168324351,0.6327278018,0.5396511131,0.5311409758,average,0.6168324351,0.5396511131,
O1/0380/4,,videos/sample_001519_O1__0380__4.pt,ok,0.6157659888,0.6326481104,0.5402269290,0.5311833049,average,0.6157659888,0.5402269290,
O1/0381/1,,videos/sample_001520_O1__0381__1.pt,ok,0.5620977879,0.5887917876,0.5700120444,0.5549974346,average,0.5620977879,0.5700120444,
O1/0381/2,,videos/sample_001521_O1__0381__2.pt,ok,0.5605498552,0.5789158344,0.5708950679,0.5605057183,average,0.5605498552,0.5708950679,
O1/0381/3,,videos/sample_001522_O1__0381__3.pt,ok,0.5610939264,0.5786587596,0.5705845448,0.5606498287,average,0.5610939264,0.5705845448,
O1/0381/4,,videos/sample_001523_O1__0381__4.pt,ok,0.5613215566,0.5870543122,0.5704546774,0.5559625672,average,0.5613215566,0.5704546774,
O1/0382/1,,videos/sample_001524_O1__0382__1.pt,ok,0.5764836073,0.5971407890,0.5618706547,0.5503830498,average,0.5764836073,0.5618706547,
O1/0382/2,,videos/sample_001525_O1__0382__2.pt,ok,0.5754519105,0.5971407890,0.5624506340,0.5503830498,average,0.5754519105,0.5624506340,
O1/0382/3,,videos/sample_001526_O1__0382__3.pt,ok,0.5764850974,0.5978987813,0.5618698175,0.5499660218,average,0.5764850974,0.5618698175,
O1/0382/4,,videos/sample_001527_O1__0382__4.pt,ok,0.5773495436,0.5981081128,0.5613843211,0.5498509086,average,0.5773495436,0.5613843211,
O1/0383/1,,videos/sample_001528_O1__0383__1.pt,ok,0.5618827343,0.5942510366,0.5701346407,0.5519758208,average,0.5618827343,0.5701346407,
O1/0383/2,,videos/sample_001529_O1__0383__2.pt,ok,0.5652091503,0.5994819403,0.5682412865,0.5490960270,average,0.5652091503,0.5682412865,
O1/0383/3,,videos/sample_001530_O1__0383__3.pt,ok,0.5641129613,0.5975187421,0.5688645279,0.5501750701,average,0.5641129613,0.5688645279,
O1/0383/4,,videos/sample_001531_O1__0383__4.pt,ok,0.5657545924,0.5996002555,0.5679314283,0.5490310644,average,0.5657545924,0.5679314283,
O1/0384/1,,videos/sample_001532_O1__0384__1.pt,ok,0.5347688794,0.5549128652,0.5858046660,0.5741222851,average,0.5347688794,0.5858046660,
O1/0384/2,,videos/sample_001533_O1__0384__2.pt,ok,0.5447594523,0.5832563043,0.5799812797,0.5580781324,average,0.5447594523,0.5799812797,
O1/0384/3,,videos/sample_001534_O1__0384__3.pt,ok,0.5429474115,0.5766090751,0.5810331822,0.5618001625,average,0.5429474115,0.5810331822,
O1/0384/4,,videos/sample_001535_O1__0384__4.pt,ok,0.5446518660,0.5743437409,0.5800436811,0.5630742702,average,0.5446518660,0.5800436811,
O1/0385/1,,videos/sample_001536_O1__0385__1.pt,ok,0.5588176250,0.5841187835,0.5718848466,0.5575970091,average,0.5588176250,0.5718848466,
O1/0385/2,,videos/sample_001537_O1__0385__2.pt,ok,0.5515643358,0.5703566670,0.5760479727,0.5653237704,average,0.5515643358,0.5760479727,
O1/0385/3,,videos/sample_001538_O1__0385__3.pt,ok,0.5574706197,0.5818735361,0.5726556976,0.5588503588,average,0.5574706197,0.5726556976,
O1/0385/4,,videos/sample_001539_O1__0385__4.pt,ok,0.5560456514,0.5876007676,0.5734722954,0.5556588414,average,0.5560456514,0.5734722954,
O1/0386/1,,videos/sample_001540_O1__0386__1.pt,ok,0.6237487793,0.6503609419,0.5359315779,0.5218573826,average,0.6237487793,0.5359315779,
O1/0386/2,,videos/sample_001541_O1__0386__2.pt,ok,0.6230903268,0.6503609419,0.5362845796,0.5218573826,average,0.6230903268,0.5362845796,
O1/0386/3,,videos/sample_001542_O1__0386__3.pt,ok,0.6214700341,0.6499696374,0.5371542219,0.5220616277,average,0.6214700341,0.5371542219,
O1/0386/4,,videos/sample_001543_O1__0386__4.pt,ok,0.6233646274,0.6499696374,0.5361374966,0.5220616277,average,0.6233646274,0.5361374966,
O1/0387/1,,videos/sample_001544_O1__0387__1.pt,ok,0.5802322626,0.6003989577,0.5597683382,0.5485927271,average,0.5802322626,0.5597683382,
O1/0387/2,,videos/sample_001545_O1__0387__2.pt,ok,0.5809875131,0.6022248268,0.5593457325,0.5475919825,average,0.5809875131,0.5593457325,
O1/0387/3,,videos/sample_001546_O1__0387__3.pt,ok,0.5818346143,0.6010040641,0.5588721107,0.5482608706,average,0.5818346143,0.5588721107,
O1/0387/4,,videos/sample_001547_O1__0387__4.pt,ok,0.5820605755,0.6044923663,0.5587458416,0.5463517028,average,0.5820605755,0.5587458416,
O1/0388/1,,videos/sample_001548_O1__0388__1.pt,ok,0.5600054264,0.5957959294,0.5712059642,0.5511237357,average,0.5600054264,0.5712059642,
O1/0388/2,,videos/sample_001549_O1__0388__2.pt,ok,0.5591818690,0.5904734731,0.5716765789,0.5540648878,average,0.5591818690,0.5716765789,
O1/0388/3,,videos/sample_001550_O1__0388__3.pt,ok,0.5515643358,0.5703566670,0.5760479727,0.5653237704,average,0.5515643358,0.5760479727,
O1/0388/4,,videos/sample_001551_O1__0388__4.pt,ok,0.5624424815,0.5928801298,0.5698155987,0.5527330471,average,0.5624424815,0.5698155987,
O1/0389/1,,videos/sample_001552_O1__0389__1.pt,ok,0.5568051338,0.5748834014,0.5730369187,0.5627704832,average,0.5568051338,0.5730369187,
O1/0389/2,,videos/sample_001553_O1__0389__2.pt,ok,0.5531193614,0.5721784234,0.5751528995,0.5642948257,average,0.5531193614,0.5751528995,
O1/0389/3,,videos/sample_001554_O1__0389__3.pt,ok,0.5539047718,0.5756221414,0.5747013458,0.5623548957,average,0.5539047718,0.5747013458,
O1/0389/4,,videos/sample_001555_O1__0389__4.pt,ok,0.5576684475,0.5797152519,0.5725424216,0.5600578192,average,0.5576684475,0.5725424216,
O1/0390/1,,videos/sample_001556_O1__0390__1.pt,ok,0.5543512702,0.5887317061,0.5744447998,0.5550307807,average,0.5543512702,0.5744447998,
O1/0390/2,,videos/sample_001557_O1__0390__2.pt,ok,0.5602393150,0.6027582884,0.5710723813,0.5472999411,average,0.5602393150,0.5710723813,
O1/0390/3,,videos/sample_001558_O1__0390__3.pt,ok,0.5583630800,0.5962541699,0.5721448531,0.5508712463,average,0.5583630800,0.5721448531,
O1/0390/4,,videos/sample_001559_O1__0390__4.pt,ok,0.5604938865,0.5983859897,0.5709270211,0.5496981390,average,0.5604938865,0.5709270211,
O1/0391/1,,videos/sample_001560_O1__0391__1.pt,ok,0.5473877788,0.5891630650,0.5784589011,0.5547914149,average,0.5473877788,0.5784589011,
O1/0391/2,,videos/sample_001561_O1__0391__2.pt,ok,0.5508674979,0.5874778032,0.5764495246,0.5557271719,average,0.5508674979,0.5764495246,
O1/0391/3,,videos/sample_001562_O1__0391__3.pt,ok,0.5497862697,0.5900373459,0.5770731352,0.5543065833,average,0.5497862697,0.5770731352,
O1/0391/4,,videos/sample_001563_O1__0391__4.pt,ok,0.5426896214,0.5792291164,0.5811829861,0.5603301494,average,0.5426896214,0.5811829861,
O1/0392/1,,videos/sample_001564_O1__0392__1.pt,ok,0.5570178032,0.5816668868,0.5729150642,0.5589658568,average,0.5570178032,0.5729150642,
O1/0392/2,,videos/sample_001565_O1__0392__2.pt,ok,0.5666350722,0.6009367704,0.5674315962,0.5482977663,average,0.5666350722,0.5674315962,
O1/0392/3,,videos/sample_001566_O1__0392__3.pt,ok,0.5666722655,0.5951755047,0.5674104919,0.5514657725,average,0.5666722655,0.5674104919,
O1/0392/4,,videos/sample_001567_O1__0392__4.pt,ok,0.5657426119,0.5889642239,0.5679382324,0.5549017412,average,0.5657426119,0.5679382324,
O1/0393/1,,videos/sample_001568_O1__0393__1.pt,ok,0.5756838918,0.6041886806,0.5623201711,0.5465176472,average,0.5756838918,0.5623201711,
O1/0393/2,,videos/sample_001569_O1__0393__2.pt,ok,0.5756757259,0.6045675278,0.5623247630,0.5463106397,average,0.5756757259,0.5623247630,
O1/0393/3,,videos/sample_001570_O1__0393__3.pt,ok,0.5707439184,0.5979638100,0.5651048904,0.5499302594,average,0.5707439184,0.5651048904,
O1/0393/4,,videos/sample_001571_O1__0393__4.pt,ok,0.5752295256,0.6080653071,0.5625757285,0.5444031037,average,0.5752295256,0.5625757285,
O1/0394/1,,videos/sample_001572_O1__0394__1.pt,ok,0.6173285246,0.6329321861,0.5393834642,0.5310324300,average,0.6173285246,0.5393834642,
O1/0394/2,,videos/sample_001573_O1__0394__2.pt,ok,0.6165082455,0.6325072050,0.5398260907,0.5312581567,average,0.6165082455,0.5398260907,
O1/0394/3,,videos/sample_001574_O1__0394__3.pt,ok,0.6185389757,0.6325072050,0.5387309619,0.5312581567,average,0.6185389757,0.5387309619,
O1/0394/4,,videos/sample_001575_O1__0394__4.pt,ok,0.6184828281,0.6329321861,0.5387612112,0.5310324300,average,0.6184828281,0.5387612112,
O1/0395/1,,videos/sample_001576_O1__0395__1.pt,ok,0.5630467534,0.5920628905,0.5694713792,0.5531849469,average,0.5630467534,0.5694713792,
O1/0395/2,,videos/sample_001577_O1__0395__2.pt,ok,0.5613510609,0.5920628905,0.5704378467,0.5531849469,average,0.5613510609,0.5704378467,
O1/0395/3,,videos/sample_001578_O1__0395__3.pt,ok,0.5668164492,0.5998178720,0.5673286865,0.5489115991,average,0.5668164492,0.5673286865,
O1/0395/4,,videos/sample_001579_O1__0395__4.pt,ok,0.5664123297,0.5998178720,0.5675580014,0.5489115991,average,0.5664123297,0.5675580014,
O1/0396/1,,videos/sample_001580_O1__0396__1.pt,ok,0.5449967384,0.5620346665,0.5798436745,0.5700480254,average,0.5449967384,0.5798436745,
O1/0396/2,,videos/sample_001581_O1__0396__2.pt,ok,0.5442324877,0.5617614388,0.5802869899,0.5702037996,average,0.5442324877,0.5802869899,
O1/0396/3,,videos/sample_001582_O1__0396__3.pt,ok,0.5473628640,0.5748990774,0.5784733134,0.5627616613,average,0.5473628640,0.5784733134,
O1/0396/4,,videos/sample_001583_O1__0396__4.pt,ok,0.5477080941,0.5778210759,0.5782736415,0.5611196727,average,0.5477080941,0.5782736415,
O1/0397/1,,videos/sample_001584_O1__0397__1.pt,ok,0.5536228418,0.5755299330,0.5748633941,0.5624067519,average,0.5536228418,0.5748633941,
O1/0397/2,,videos/sample_001585_O1__0397__2.pt,ok,0.5521726608,0.5744768977,0.5756976549,0.5629992980,average,0.5521726608,0.5756976549,
O1/0397/3,,videos/sample_001586_O1__0397__3.pt,ok,0.5524818897,0.5746139884,0.5755196600,0.5629221213,average,0.5524818897,0.5755196600,
O1/0397/4,,videos/sample_001587_O1__0397__4.pt,ok,0.5537616611,0.5784482360,0.5747835976,0.5607678712,average,0.5537616611,0.5747835976,
O1/0398/1,,videos/sample_001588_O1__0398__1.pt,ok,0.5900462270,0.6064744592,0.5543016605,0.5452698555,average,0.5900462270,0.5543016605,
O1/0398/2,,videos/sample_001589_O1__0398__2.pt,ok,0.5902361870,0.6071260571,0.5541963753,0.5449146745,average,0.5902361870,0.5541963753,
O1/0398/3,,videos/sample_001590_O1__0398__3.pt,ok,0.5892716646,0.6063386798,0.5547311680,0.5453438969,average,0.5892716646,0.5547311680,
O1/0398/4,,videos/sample_001591_O1__0398__4.pt,ok,0.5892515182,0.6071260571,0.5547423439,0.5449146745,average,0.5892515182,0.5547423439,
O1/0399/1,,videos/sample_001592_O1__0399__1.pt,ok,0.5562430024,0.5920503139,0.5733591313,0.5531919041,average,0.5562430024,0.5733591313,
O1/0399/2,,videos/sample_001593_O1__0399__2.pt,ok,0.5527027845,0.5897477269,0.5753925448,0.5544671442,average,0.5527027845,0.5753925448,
O1/0399/3,,videos/sample_001594_O1__0399__3.pt,ok,0.5548514128,0.5872393847,0.5741575673,0.5558596834,average,0.5548514128,0.5741575673,
O1/0399/4,,videos/sample_001595_O1__0399__4.pt,ok,0.5390994549,0.5568510890,0.5832732798,0.5730105853,average,0.5390994549,0.5832732798,
O1/0400/1,,videos/sample_001596_O1__0400__1.pt,ok,0.5464885831,0.5815939307,0.5789792828,0.5590066382,average,0.5464885831,0.5789792828,
O1/0400/2,,videos/sample_001597_O1__0400__2.pt,ok,0.5313935876,0.5539583564,0.5877852684,0.5746705515,average,0.5313935876,0.5877852684,
O1/0400/3,,videos/sample_001598_O1__0400__3.pt,ok,0.5469295979,0.5827519298,0.5787240007,0.5583596837,average,0.5469295979,0.5787240007,
O1/0400/4,,videos/sample_001599_O1__0400__4.pt,ok,0.5458533168,0.5896914005,0.5793472057,0.5544983762,average,0.5458533168,0.5793472057,
O1/0401/1,,videos/sample_001600_O1__0401__1.pt,ok,0.6328432560,0.6578218341,0.5310796569,0.5179783494,average,0.6328432560,0.5310796569,
O1/0401/2,,videos/sample_001601_O1__0401__2.pt,ok,0.6332082152,0.6564310193,0.5308858698,0.5186992626,average,0.6332082152,0.5308858698,
O1/0401/3,,videos/sample_001602_O1__0401__3.pt,ok,0.6314963102,0.6578218341,0.5317954744,0.5179783494,average,0.6314963102,0.5317954744,
O1/0401/4,,videos/sample_001603_O1__0401__4.pt,ok,0.6332239509,0.6564310193,0.5308775161,0.5186992626,average,0.6332239509,0.5308775161,
O1/0402/1,,videos/sample_001604_O1__0402__1.pt,ok,0.5910522342,0.6109166145,0.5537443094,0.5428530540,average,0.5910522342,0.5537443094,
O1/0402/2,,videos/sample_001605_O1__0402__2.pt,ok,0.5912494659,0.6119823456,0.5536351042,0.5422748268,average,0.5912494659,0.5536351042,
O1/0402/3,,videos/sample_001606_O1__0402__3.pt,ok,0.5905076265,0.6116077304,0.5540459649,0.5424780092,average,0.5905076265,0.5540459649,
O1/0402/4,,videos/sample_001607_O1__0402__4.pt,ok,0.5916166902,0.6106407642,0.5534318333,0.5430028208,average,0.5916166902,0.5534318333,
O1/0403/1,,videos/sample_001608_O1__0403__1.pt,ok,0.5502661467,0.5820228457,0.5767962775,0.5587669233,average,0.5502661467,0.5767962775,
O1/0403/2,,videos/sample_001609_O1__0403__2.pt,ok,0.5476372838,0.5775458813,0.5783145907,0.5612741111,average,0.5476372838,0.5783145907,
O1/0403/3,,videos/sample_001610_O1__0403__3.pt,ok,0.5457225442,0.5646687746,0.5794229733,0.5685484333,average,0.5457225442,0.5794229733,
O1/0403/4,,videos/sample_001611_O1__0403__4.pt,ok,0.5432488322,0.5616919994,0.5808580732,0.5702433956,average,0.5432488322,0.5808580732,
O1/0404/1,,videos/sample_001612_O1__0404__1.pt,ok,0.6172032356,0.6443907022,0.5394510473,0.5249823152,average,0.6172032356,0.5394510473,
O1/0404/2,,videos/sample_001613_O1__0404__2.pt,ok,0.6188061833,0.6440675855,0.5385870281,0.5251519732,average,0.6188061833,0.5385870281,
O1/0404/3,,videos/sample_001614_O1__0404__3.pt,ok,0.6179276705,0.6440675855,0.5390603916,0.5251519732,average,0.6179276705,0.5390603916,
O1/0404/4,,videos/sample_001615_O1__0404__4.pt,ok,0.6179122925,0.6443907022,0.5390686814,0.5249823152,average,0.6179122925,0.5390686814,
O1/0405/1,,videos/sample_001616_O1__0405__1.pt,ok,0.5716512203,0.6123804450,0.5645924021,0.5420589904,average,0.5716512203,0.5645924021,
O1/0405/2,,videos/sample_001617_O1__0405__2.pt,ok,0.5724747777,0.6083808541,0.5641276193,0.5442313460,average,0.5724747777,0.5641276193,
O1/0405/3,,videos/sample_001618_O1__0405__3.pt,ok,0.5662302375,0.6037090421,0.5676613587,0.5467798410,average,0.5662302375,0.5676613587,
O1/0405/4,,videos/sample_001619_O1__0405__4.pt,ok,0.5737353563,0.6107006669,0.5634169401,0.5429702944,average,0.5737353563,0.5634169401,
O1/0406/1,,videos/sample_001620_O1__0406__1.pt,ok,0.6197243333,0.6323255897,0.5380927514,0.5313546501,average,0.6197243333,0.5380927514,
O1/0406/2,,videos/sample_001621_O1__0406__2.pt,ok,0.6187725663,0.6330749989,0.5386051341,0.5309565972,average,0.6187725663,0.5386051341,
O1/0406/3,,videos/sample_001622_O1__0406__3.pt,ok,0.6195046306,0.6310673952,0.5382109848,0.5320236184,average,0.6195046306,0.5382109848,
O1/0406/4,,videos/sample_001623_O1__0406__4.pt,ok,0.6182849407,0.6313154101,0.5388678358,0.5318916849,average,0.6182849407,0.5388678358,
O1/0407/1,,videos/sample_001624_O1__0407__1.pt,ok,0.5587587953,0.5913719535,0.5719184914,0.5535672949,average,0.5587587953,0.5719184914,
O1/0407/2,,videos/sample_001625_O1__0407__2.pt,ok,0.5557776093,0.5865361094,0.5736260308,0.5562507432,average,0.5557776093,0.5736260308,
O1/0407/3,,videos/sample_001626_O1__0407__3.pt,ok,0.5534190536,0.5751771331,0.5749805565,0.5626052040,average,0.5534190536,0.5749805565,
O1/0407/4,,videos/sample_001627_O1__0407__4.pt,ok,0.5564140677,0.5779256225,0.5732610578,0.5610610126,average,0.5564140677,0.5732610578,
O1/0408/1,,videos/sample_001628_O1__0408__1.pt,ok,0.6165987849,0.6282396913,0.5397772174,0.5335301527,average,0.6165987849,0.5397772174,
O1/0408/2,,videos/sample_001629_O1__0408__2.pt,ok,0.6167826056,0.6285976171,0.5396780043,0.5333392226,average,0.6167826056,0.5396780043,
O1/0408/3,,videos/sample_001630_O1__0408__3.pt,ok,0.6156399250,0.6285976171,0.5402950364,0.5333392226,average,0.6156399250,0.5402950364,
O1/0408/4,,videos/sample_001631_O1__0408__4.pt,ok,0.6153398752,0.6282396913,0.5404571761,0.5335301527,average,0.6153398752,0.5404571761,
O1/0409/1,,videos/sample_001632_O1__0409__1.pt,ok,0.5780237317,0.6163666248,0.5610059701,0.5399025467,average,0.5780237317,0.5610059701,
O1/0409/2,,videos/sample_001633_O1__0409__2.pt,ok,0.5780321360,0.6157685518,0.5610012552,0.5402255444,average,0.5780321360,0.5610012552,
O1/0409/3,,videos/sample_001634_O1__0409__3.pt,ok,0.5736277699,0.6165806651,0.5634775594,0.5397869981,average,0.5736277699,0.5634775594,
O1/0409/4,,videos/sample_001635_O1__0409__4.pt,ok,0.5649127364,0.6023331285,0.5684097461,0.5475326806,average,0.5649127364,0.5684097461,
O1/0410/1,,videos/sample_001636_O1__0410__1.pt,ok,0.5451852679,0.5797562003,0.5797343672,0.5600348863,average,0.5451852679,0.5797343672,
O1/0410/2,,videos/sample_001637_O1__0410__2.pt,ok,0.5331683755,0.5567312837,0.5867429994,0.5730792391,average,0.5331683755,0.5867429994,
O1/0410/3,,videos/sample_001638_O1__0410__3.pt,ok,0.5460879803,0.5863083601,0.5792112700,0.5563774434,average,0.5460879803,0.5792112700,
O1/0410/4,,videos/sample_001639_O1__0410__4.pt,ok,0.5399872065,0.5758039355,0.5827557078,0.5622526722,average,0.5399872065,0.5827557078,
O1/0411/1,,videos/sample_001640_O1__0411__1.pt,ok,0.6178081036,0.6439767480,0.5391248493,0.5251996789,average,0.6178081036,0.5391248493,
O1/0411/2,,videos/sample_001641_O1__0411__2.pt,ok,0.6193271875,0.6437829137,0.5383064951,0.5253014905,average,0.6193271875,0.5383064951,
O1/0411/3,,videos/sample_001642_O1__0411__3.pt,ok,0.6162588000,0.6439767480,0.5399607647,0.5251996789,average,0.6162588000,0.5399607647,
O1/0411/4,,videos/sample_001643_O1__0411__4.pt,ok,0.6194177270,0.6437829137,0.5382577593,0.5253014905,average,0.6194177270,0.5382577593,
O1/0412/1,,videos/sample_001644_O1__0412__1.pt,ok,0.5660830736,0.5892820954,0.5677449041,0.5547253817,average,0.5660830736,0.5677449041,
O1/0412/2,,videos/sample_001645_O1__0412__2.pt,ok,0.5665445328,0.5892820954,0.5674829735,0.5547253817,average,0.5665445328,0.5674829735,
O1/0412/3,,videos/sample_001646_O1__0412__3.pt,ok,0.5667738318,0.5901714563,0.5673528651,0.5542322500,average,0.5667738318,0.5673528651,
O1/0412/4,,videos/sample_001647_O1__0412__4.pt,ok,0.5672613978,0.5901714563,0.5670763105,0.5542322500,average,0.5672613978,0.5670763105,
O1/0413/1,,videos/sample_001648_O1__0413__1.pt,ok,0.6201800704,0.6326899529,0.5378475784,0.5311610793,average,0.6201800704,0.5378475784,
O1/0413/2,,videos/sample_001649_O1__0413__2.pt,ok,0.6197345257,0.6322690248,0.5380872670,0.5313847070,average,0.6197345257,0.5380872670,
O1/0413/3,,videos/sample_001650_O1__0413__3.pt,ok,0.6193764806,0.6322221160,0.5382799610,0.5314096342,average,0.6193764806,0.5382799610,
O1/0413/4,,videos/sample_001651_O1__0413__4.pt,ok,0.6208579540,0.6323062181,0.5374831039,0.5313649434,average,0.6208579540,0.5374831039,
O1/0414/1,,videos/sample_001652_O1__0414__1.pt,ok,0.5596762896,0.5777199268,0.5713940001,0.5611764323,average,0.5596762896,0.5713940001,
O1/0414/2,,videos/sample_001653_O1__0414__2.pt,ok,0.5568125844,0.5814017057,0.5730326492,0.5591141036,average,0.5568125844,0.5730326492,
O1/0414/3,,videos/sample_001654_O1__0414__3.pt,ok,0.5594689250,0.5803270340,0.5715124993,0.5597152907,average,0.5594689250,0.5715124993,
O1/0414/4,,videos/sample_001655_O1__0414__4.pt,ok,0.5567473769,0.5753843784,0.5730700165,0.5624886188,average,0.5567473769,0.5730700165,
O1/0415/1,,videos/sample_001656_O1__0415__1.pt,ok,0.5703147650,0.5900521874,0.5653474591,0.5542983566,average,0.5703147650,0.5653474591,
O1/0415/2,,videos/sample_001657_O1__0415__2.pt,ok,0.5703560710,0.5898481011,0.5653241073,0.5544114928,average,0.5703560710,0.5653241073,
O1/0415/3,,videos/sample_001658_O1__0415__3.pt,ok,0.5720031857,0.5942422152,0.5643937201,0.5519806900,average,0.5720031857,0.5643937201,
O1/0415/4,,videos/sample_001659_O1__0415__4.pt,ok,0.5712181330,0.5918930173,0.5648369729,0.5532789262,average,0.5712181330,0.5648369729,
O1/0416/1,,videos/sample_001660_O1__0416__1.pt,ok,0.5656353235,0.5988566875,0.5679991689,0.5494394581,average,0.5656353235,0.5679991689,
O1/0416/2,,videos/sample_001661_O1__0416__2.pt,ok,0.5658301115,0.6008484364,0.5678885402,0.5483462018,average,0.5658301115,0.5678885402,
O1/0416/3,,videos/sample_001662_O1__0416__3.pt,ok,0.5635560155,0.5997017026,0.5691814428,0.5489753696,average,0.5635560155,0.5691814428,
O1/0416/4,,videos/sample_001663_O1__0416__4.pt,ok,0.5609783530,0.5930712223,0.5706504930,0.5526274341,average,0.5609783530,0.5706504930,
O1/0417/1,,videos/sample_001664_O1__0417__1.pt,ok,0.5773665309,0.6105783582,0.5613747848,0.5430367085,average,0.5773665309,0.5613747848,
O1/0417/2,,videos/sample_001665_O1__0417__2.pt,ok,0.5725369453,0.6011576653,0.5640925499,0.5481766635,average,0.5725369453,0.5640925499,
O1/0417/3,,videos/sample_001666_O1__0417__3.pt,ok,0.5757053494,0.6035806537,0.5623081052,0.5468500457,average,0.5757053494,0.5623081052,
O1/0417/4,,videos/sample_001667_O1__0417__4.pt,ok,0.5758383870,0.6071422100,0.5622333021,0.5449058726,average,0.5758383870,0.5622333021,
O1/0418/1,,videos/sample_001668_O1__0418__1.pt,ok,0.6237270236,0.6470159888,0.5359432376,0.5236058937,average,0.6237270236,0.5359432376,
O1/0418/2,,videos/sample_001669_O1__0418__2.pt,ok,0.6229160428,0.6457580328,0.5363780535,0.5242649814,average,0.6229160428,0.5363780535,
O1/0418/3,,videos/sample_001670_O1__0418__3.pt,ok,0.6229792237,0.6470159888,0.5363441657,0.5236058937,average,0.6229792237,0.5363441657,
O1/0418/4,,videos/sample_001671_O1__0418__4.pt,ok,0.6237901449,0.6457580328,0.5359094092,0.5242649814,average,0.6237901449,0.5359094092,
O1/0419/1,,videos/sample_001672_O1__0419__1.pt,ok,0.6191399693,0.6430497766,0.5384072853,0.5256867497,average,0.6191399693,0.5384072853,
O1/0419/2,,videos/sample_001673_O1__0419__2.pt,ok,0.6196587682,0.6443872452,0.5381280327,0.5249841301,average,0.6196587682,0.5381280327,
O1/0419/3,,videos/sample_001674_O1__0419__3.pt,ok,0.6197884679,0.6443872452,0.5380582422,0.5249841301,average,0.6197884679,0.5380582422,
O1/0419/4,,videos/sample_001675_O1__0419__4.pt,ok,0.6171678901,0.6430497766,0.5394701148,0.5256867497,average,0.6171678901,0.5394701148,
O1/0420/1,,videos/sample_001676_O1__0420__1.pt,ok,0.5566025972,0.5916802883,0.5731529914,0.5533966372,average,0.5566025972,0.5731529914,
O1/0420/2,,videos/sample_001677_O1__0420__2.pt,ok,0.5561634898,0.5926540494,0.5734047224,0.5528580233,average,0.5561634898,0.5734047224,
O1/0420/3,,videos/sample_001678_O1__0420__3.pt,ok,0.5479814410,0.5826212168,0.5781155938,0.5584326734,average,0.5479814410,0.5781155938,
O1/0420/4,,videos/sample_001679_O1__0420__4.pt,ok,0.5536566973,0.5866997838,0.5748439322,0.5561597066,average,0.5536566973,0.5748439322,
O1/0421/1,,videos/sample_001680_O1__0421__1.pt,ok,0.5562238693,0.5838502645,0.5733701015,0.5577467545,average,0.5562238693,0.5733701015,
O1/0421/2,,videos/sample_001681_O1__0421__2.pt,ok,0.5549026728,0.5770228505,0.5741281368,0.5615677515,average,0.5549026728,0.5741281368,
O1/0421/3,,videos/sample_001682_O1__0421__3.pt,ok,0.5564457178,0.5807721019,0.5732429143,0.5594662348,average,0.5564457178,0.5732429143,
O1/0421/4,,videos/sample_001683_O1__0421__4.pt,ok,0.5543183088,0.5762777925,0.5744637346,0.5619863080,average,0.5543183088,0.5744637346,
O1/0422/1,,videos/sample_001684_O1__0422__1.pt,ok,0.5303130150,0.5501391292,0.5884207563,0.5768695454,average,0.5303130150,0.5884207563,
O1/0422/2,,videos/sample_001685_O1__0422__2.pt,ok,0.5408613682,0.5765904188,0.5822465077,0.5618106437,average,0.5408613682,0.5822465077,
O1/0422/3,,videos/sample_001686_O1__0422__3.pt,ok,0.5370317101,0.5769939423,0.5844805879,0.5615839856,average,0.5370317101,0.5844805879,
O1/0422/4,,videos/sample_001687_O1__0422__4.pt,ok,0.5366744399,0.5570061803,0.5846894427,0.5729217232,average,0.5366744399,0.5846894427,
O1/0423/1,,videos/sample_001688_O1__0423__1.pt,ok,0.6204915047,0.6485431194,0.5376801004,0.5228068894,average,0.6204915047,0.5376801004,
O1/0423/2,,videos/sample_001689_O1__0423__2.pt,ok,0.6211794019,0.6480829716,0.5373103589,0.5230475132,average,0.6211794019,0.5373103589,
O1/0423/3,,videos/sample_001690_O1__0423__3.pt,ok,0.6203794479,0.6480829716,0.5377403544,0.5230475132,average,0.6203794479,0.5377403544,
O1/0423/4,,videos/sample_001691_O1__0423__4.pt,ok,0.6194596887,0.6485431194,0.5382351736,0.5228068894,average,0.6194596887,0.5382351736,
O1/0424/1,,videos/sample_001692_O1__0424__1.pt,ok,0.5555987954,0.5761079788,0.5737286123,0.5620817490,average,0.5555987954,0.5737286123,
O1/0424/2,,videos/sample_001693_O1__0424__2.pt,ok,0.5613957047,0.5923644304,0.5704123807,0.5530181647,average,0.5613957047,0.5704123807,
O1/0424/3,,videos/sample_001694_O1__0424__3.pt,ok,0.5627568960,0.5913042426,0.5696364686,0.5536047787,average,0.5627568960,0.5696364686,
O1/0424/4,,videos/sample_001695_O1__0424__4.pt,ok,0.5618624091,0.5882590413,0.5701462289,0.5552931862,average,0.5618624091,0.5701462289,
O1/0425/1,,videos/sample_001696_O1__0425__1.pt,ok,0.6212747693,0.6467182040,0.5372591194,0.5237618388,average,0.6212747693,0.5372591194,
O1/0425/2,,videos/sample_001697_O1__0425__2.pt,ok,0.6194660664,0.6463327408,0.5382317409,0.5239637687,average,0.6194660664,0.5382317409,
O1/0425/3,,videos/sample_001698_O1__0425__3.pt,ok,0.6215801239,0.6463327408,0.5370950899,0.5239637687,average,0.6215801239,0.5370950899,
O1/0425/4,,videos/sample_001699_O1__0425__4.pt,ok,0.6207651496,0.6467182040,0.5375329871,0.5237618388,average,0.6207651496,0.5375329871,
O1/0426/1,,videos/sample_001700_O1__0426__1.pt,ok,0.5754041076,0.5964138508,0.5624775214,0.5507832897,average,0.5754041076,0.5624775214,
O1/0426/2,,videos/sample_001701_O1__0426__2.pt,ok,0.5758312941,0.5955680609,0.5622372900,0.5512493337,average,0.5758312941,0.5622372900,
O1/0426/3,,videos/sample_001702_O1__0426__3.pt,ok,0.5749309063,0.5955680609,0.5627437495,0.5512493337,average,0.5749309063,0.5627437495,
O1/0426/4,,videos/sample_001703_O1__0426__4.pt,ok,0.5763287544,0.5964138508,0.5619576688,0.5507832897,average,0.5763287544,0.5619576688,
O1/0427/1,,videos/sample_001704_O1__0427__1.pt,ok,0.5640903711,0.5991440415,0.5688773788,0.5492815972,average,0.5640903711,0.5688773788,
O1/0427/2,,videos/sample_001705_O1__0427__2.pt,ok,0.5559737086,0.5925759077,0.5735135541,0.5529012263,average,0.5559737086,0.5735135541,
O1/0427/3,,videos/sample_001706_O1__0427__3.pt,ok,0.5656117797,0.6026046872,0.5680125419,0.5473840135,average,0.5656117797,0.5680125419,
O1/0427/4,,videos/sample_001707_O1__0427__4.pt,ok,0.5629544854,0.6023926735,0.5695239256,0.5475000787,average,0.5629544854,0.5695239256,
O1/0428/1,,videos/sample_001708_O1__0428__1.pt,ok,0.6173617244,0.6311302185,0.5393655571,0.5319901959,average,0.6173617244,0.5393655571,
O1/0428/2,,videos/sample_001709_O1__0428__2.pt,ok,0.6188504696,0.6312766075,0.5385631766,0.5319123241,average,0.6188504696,0.5385631766,
O1/0428/3,,videos/sample_001710_O1__0428__3.pt,ok,0.6166655421,0.6307145357,0.5397411846,0.5322113811,average,0.6166655421,0.5397411846,
O1/0428/4,,videos/sample_001711_O1__0428__4.pt,ok,0.6182699203,0.6311302185,0.5388759299,0.5319901959,average,0.6182699203,0.5388759299,
O1/0429/1,,videos/sample_001712_O1__0429__1.pt,ok,0.6193407178,0.6320365071,0.5382992117,0.5315082777,average,0.6193407178,0.5382992117,
O1/0429/2,,videos/sample_001713_O1__0429__2.pt,ok,0.6184985638,0.6311252713,0.5387527335,0.5319928278,average,0.6184985638,0.5387527335,
O1/0429/3,,videos/sample_001714_O1__0429__3.pt,ok,0.6174493432,0.6316040754,0.5393183006,0.5317381684,average,0.6174493432,0.5393183006,
O1/0429/4,,videos/sample_001715_O1__0429__4.pt,ok,0.6191096306,0.6314811110,0.5384236202,0.5318035573,average,0.6191096306,0.5384236202,
O1/0430/1,,videos/sample_001716_O1__0430__1.pt,ok,0.6150681376,0.6294276118,0.5406040586,0.5328967375,average,0.6150681376,0.5406040586,
O1/0430/2,,videos/sample_001717_O1__0430__2.pt,ok,0.6127886176,0.6292740107,0.5418377820,0.5329785974,average,0.6127886176,0.5418377820,
O1/0430/3,,videos/sample_001718_O1__0430__3.pt,ok,0.6135213375,0.6287449598,0.5414409121,0.5332606447,average,0.6135213375,0.5414409121,
O1/0430/4,,videos/sample_001719_O1__0430__4.pt,ok,0.6146537066,0.6307562590,0.5408281481,0.5321891759,average,0.6146537066,0.5408281481,
O1/0431/1,,videos/sample_001720_O1__0431__1.pt,ok,0.6123345494,0.6380507350,0.5420838691,0.5283212591,average,0.6123345494,0.5420838691,
O1/0431/2,,videos/sample_001721_O1__0431__2.pt,ok,0.6127377152,0.6389939785,0.5418653635,0.5278231585,average,0.6127377152,0.5418653635,
O1/0431/3,,videos/sample_001722_O1__0431__3.pt,ok,0.6115752459,0.6390200257,0.5424956317,0.5278094103,average,0.6115752459,0.5424956317,
O1/0431/4,,videos/sample_001723_O1__0431__4.pt,ok,0.6126223207,0.6390200257,0.5419278954,0.5278094103,average,0.6126223207,0.5419278954,
O1/0432/1,,videos/sample_001724_O1__0432__1.pt,ok,0.6149158478,0.6272419095,0.5406863934,0.5340627650,average,0.6149158478,0.5406863934,
O1/0432/2,,videos/sample_001725_O1__0432__2.pt,ok,0.6159352660,0.6272419095,0.5401354886,0.5340627650,average,0.6159352660,0.5401354886,
O1/0432/3,,videos/sample_001726_O1__0432__3.pt,ok,0.6163640618,0.6281920075,0.5399039304,0.5335555940,average,0.6163640618,0.5399039304,
O1/0432/4,,videos/sample_001727_O1__0432__4.pt,ok,0.6155710220,0.6281920075,0.5403322656,0.5335555940,average,0.6155710220,0.5403322656,
O1/0433/1,,videos/sample_001728_O1__0433__1.pt,ok,0.6234427691,0.6388197541,0.5360956035,0.5279151262,average,0.6234427691,0.5360956035,
O1/0433/2,,videos/sample_001729_O1__0433__2.pt,ok,0.6249844432,0.6388197541,0.5352697555,0.5279151262,average,0.6249844432,0.5352697555,
O1/0433/3,,videos/sample_001730_O1__0433__3.pt,ok,0.6237181425,0.6391860843,0.5359479973,0.5277217703,average,0.6237181425,0.5359479973,
O1/0433/4,,videos/sample_001731_O1__0433__4.pt,ok,0.6249646544,0.6391860843,0.5352803480,0.5277217703,average,0.6249646544,0.5352803480,
O1/0434/1,,videos/sample_001732_O1__0434__1.pt,ok,0.5845324993,0.6016008258,0.5573663701,0.5479337871,average,0.5845324993,0.5573663701,
O1/0434/2,,videos/sample_001733_O1__0434__2.pt,ok,0.5847155452,0.6016008258,0.5572643558,0.5479337871,average,0.5847155452,0.5572643558,
O1/0434/3,,videos/sample_001734_O1__0434__3.pt,ok,0.5837485790,0.6009247303,0.5578034722,0.5483043679,average,0.5837485790,0.5578034722,
O1/0434/4,,videos/sample_001735_O1__0434__4.pt,ok,0.5838649273,0.6009247303,0.5577385765,0.5483043679,average,0.5838649273,0.5577385765,
O1/0435/1,,videos/sample_001736_O1__0435__1.pt,ok,0.6230651140,0.6507376432,0.5362981010,0.5216608352,average,0.6230651140,0.5362981010,
O1/0435/2,,videos/sample_001737_O1__0435__2.pt,ok,0.6230155230,0.6516145468,0.5363246972,0.5212035895,average,0.6230155230,0.5363246972,
O1/0435/3,,videos/sample_001738_O1__0435__3.pt,ok,0.6226106286,0.6507376432,0.5365418960,0.5216608352,average,0.6226106286,0.5365418960,
O1/0435/4,,videos/sample_001739_O1__0435__4.pt,ok,0.6224774718,0.6516145468,0.5366133450,0.5212035895,average,0.6224774718,0.5366133450,
O1/0436/1,,videos/sample_001740_O1__0436__1.pt,ok,0.5718513727,0.5851653218,0.5644794089,0.5570137677,average,0.5718513727,0.5644794089,
O1/0436/2,,videos/sample_001741_O1__0436__2.pt,ok,0.5720623136,0.5902084708,0.5643603497,0.5542117357,average,0.5720623136,0.5643603497,
O1/0436/3,,videos/sample_001742_O1__0436__3.pt,ok,0.5691590905,0.5825049877,0.5660011944,0.5584975832,average,0.5691590905,0.5660011944,
O1/0436/4,,videos/sample_001743_O1__0436__4.pt,ok,0.5724024773,0.5944029689,0.5641684075,0.5518919642,average,0.5724024773,0.5641684075,
O1/0437/1,,videos/sample_001744_O1__0437__1.pt,ok,0.5637823343,0.5913065672,0.5690526409,0.5536034918,average,0.5637823343,0.5690526409,
O1/0437/2,,videos/sample_001745_O1__0437__2.pt,ok,0.5639945269,0.6054183245,0.5689319050,0.5458460381,average,0.5639945269,0.5689319050,
O1/0437/3,,videos/sample_001746_O1__0437__3.pt,ok,0.5568437576,0.5843068957,0.5730147862,0.5574921281,average,0.5568437576,0.5730147862,
O1/0437/4,,videos/sample_001747_O1__0437__4.pt,ok,0.5658590198,0.5954397321,0.5678721238,0.5513200794,average,0.5658590198,0.5678721238,
O1/0438/1,,videos/sample_001748_O1__0438__1.pt,ok,0.5608121157,0.5936855674,0.5707453643,0.5522880344,average,0.5608121157,0.5707453643,
O1/0438/2,,videos/sample_001749_O1__0438__2.pt,ok,0.5530995727,0.5822022557,0.5751642811,0.5586666839,average,0.5530995727,0.5751642811,
O1/0438/3,,videos/sample_001750_O1__0438__3.pt,ok,0.5584986210,0.5977651477,0.5720673093,0.5500395206,average,0.5584986210,0.5720673093,
O1/0438/4,,videos/sample_001751_O1__0438__4.pt,ok,0.5592931509,0.5906987190,0.5716129652,0.5539401010,average,0.5592931509,0.5716129652,
O1/0439/1,,videos/sample_001752_O1__0439__1.pt,ok,0.5668958426,0.6029855013,0.5672836462,0.5471756017,average,0.5668958426,0.5672836462,
O1/0439/2,,videos/sample_001753_O1__0439__2.pt,ok,0.5632231236,0.6027187109,0.5693709503,0.5473216023,average,0.5632231236,0.5693709503,
O1/0439/3,,videos/sample_001754_O1__0439__3.pt,ok,0.5582842231,0.5943650007,0.5721899724,0.5519129189,average,0.5582842231,0.5721899724,
O1/0439/4,,videos/sample_001755_O1__0439__4.pt,ok,0.5653266311,0.6050260067,0.5681745330,0.5460602252,average,0.5653266311,0.5681745330,
O1/0440/1,,videos/sample_001756_O1__0440__1.pt,ok,0.5637869835,0.5805677772,0.5690499953,0.5595805593,average,0.5637869835,0.5690499953,
O1/0440/2,,videos/sample_001757_O1__0440__2.pt,ok,0.5611172318,0.5814494491,0.5705712473,0.5590874103,average,0.5611172318,0.5705712473,
O1/0440/3,,videos/sample_001758_O1__0440__3.pt,ok,0.5633463860,0.5810374022,0.5693007726,0.5593178280,average,0.5633463860,0.5693007726,
O1/0440/4,,videos/sample_001759_O1__0440__4.pt,ok,0.5614160895,0.5783615112,0.5704007531,0.5608165057,average,0.5614160895,0.5704007531,
O1/0441/1,,videos/sample_001760_O1__0441__1.pt,ok,0.6177511215,0.6445538998,0.5391555706,0.5248966464,average,0.6177511215,0.5391555706,
O1/0441/2,,videos/sample_001761_O1__0441__2.pt,ok,0.6164864302,0.6446662545,0.5398378673,0.5248376751,average,0.6164864302,0.5398378673,
O1/0441/3,,videos/sample_001762_O1__0441__3.pt,ok,0.6140686274,0.6446662545,0.5411446680,0.5248376751,average,0.6140686274,0.5411446680,
O1/0441/4,,videos/sample_001763_O1__0441__4.pt,ok,0.6180337071,0.6445538998,0.5390032345,0.5248966464,average,0.6180337071,0.5390032345,
O1/0442/1,,videos/sample_001764_O1__0442__1.pt,ok,0.6246903539,0.6509927511,0.5354271958,0.5215277724,average,0.6246903539,0.5354271958,
O1/0442/2,,videos/sample_001765_O1__0442__2.pt,ok,0.6247833967,0.6506631374,0.5353773805,0.5216997034,average,0.6247833967,0.5353773805,
O1/0442/3,,videos/sample_001766_O1__0442__3.pt,ok,0.6240946054,0.6509927511,0.5357462708,0.5215277724,average,0.6240946054,0.5357462708,
O1/0442/4,,videos/sample_001767_O1__0442__4.pt,ok,0.6249020696,0.6506631374,0.5353138495,0.5216997034,average,0.6249020696,0.5353138495,
O1/0443/1,,videos/sample_001768_O1__0443__1.pt,ok,0.6191034913,0.6418725848,0.5384269257,0.5263059482,average,0.6191034913,0.5384269257,
O1/0443/2,,videos/sample_001769_O1__0443__2.pt,ok,0.6176688075,0.6406881213,0.5391999525,0.5269297077,average,0.6176688075,0.5391999525,
O1/0443/3,,videos/sample_001770_O1__0443__3.pt,ok,0.6184327602,0.6406792998,0.5387881865,0.5269343560,average,0.6184327602,0.5387881865,
O1/0443/4,,videos/sample_001771_O1__0443__4.pt,ok,0.6189857125,0.6418725848,0.5384903447,0.5263059482,average,0.6189857125,0.5384903447,
O1/0444/1,,videos/sample_001772_O1__0444__1.pt,ok,0.6216417551,0.6493924856,0.5370619891,0.5223630234,average,0.6216417551,0.5370619891,
O1/0444/2,,videos/sample_001773_O1__0444__2.pt,ok,0.6217870116,0.6494532228,0.5369839831,0.5223312976,average,0.6217870116,0.5369839831,
O1/0444/3,,videos/sample_001774_O1__0444__3.pt,ok,0.6213189960,0.6493924856,0.5372353588,0.5223630234,average,0.6213189960,0.5372353588,
O1/0444/4,,videos/sample_001775_O1__0444__4.pt,ok,0.6198805571,0.6494532228,0.5380086951,0.5223312976,average,0.6198805571,0.5380086951,
O1/0445/1,,videos/sample_001776_O1__0445__1.pt,ok,0.6212042570,0.6344552636,0.5372970042,0.5302242421,average,0.6212042570,0.5372970042,
O1/0445/2,,videos/sample_001777_O1__0445__2.pt,ok,0.6204742789,0.6334443092,0.5376893624,0.5307605457,average,0.6204742789,0.5376893624,
O1/0445/3,,videos/sample_001778_O1__0445__3.pt,ok,0.6190176606,0.6329361200,0.5384731412,0.5310303410,average,0.6190176606,0.5384731412,
O1/0445/4,,videos/sample_001779_O1__0445__4.pt,ok,0.6212877035,0.6338260174,0.5372521705,0.5305579887,average,0.6212877035,0.5372521705,
O1/0446/1,,videos/sample_001780_O1__0446__1.pt,ok,0.6230412722,0.6365590096,0.5363108874,0.5291099575,average,0.6230412722,0.5363108874,
O1/0446/2,,videos/sample_001781_O1__0446__2.pt,ok,0.6222996712,0.6362279654,0.5367087636,0.5292851453,average,0.6222996712,0.5367087636,
O1/0446/3,,videos/sample_001782_O1__0446__3.pt,ok,0.6221132874,0.6365590096,0.5368088067,0.5291099575,average,0.6221132874,0.5368088067,
O1/0446/4,,videos/sample_001783_O1__0446__4.pt,ok,0.6233941317,0.6360185742,0.5361216784,0.5293959845,average,0.6233941317,0.5361216784,
O1/0447/1,,videos/sample_001784_O1__0447__1.pt,ok,0.5487130284,0.5847331882,0.5776928064,0.5572545241,average,0.5487130284,0.5776928064,
O1/0447/2,,videos/sample_001785_O1__0447__2.pt,ok,0.5474107862,0.5887733102,0.5784455924,0.5550076896,average,0.5474107862,0.5784455924,
O1/0447/3,,videos/sample_001786_O1__0447__3.pt,ok,0.5440002680,0.5780450702,0.5804217596,0.5609939992,average,0.5440002680,0.5804217596,
O1/0447/4,,videos/sample_001787_O1__0447__4.pt,ok,0.5501319170,0.5873736739,0.5768737059,0.5557850424,average,0.5501319170,0.5768737059,
O1/0448/1,,videos/sample_001788_O1__0448__1.pt,ok,0.6168227792,0.6287171841,0.5396563239,0.5332754567,average,0.6168227792,0.5396563239,
O1/0448/2,,videos/sample_001789_O1__0448__2.pt,ok,0.6167493463,0.6285108328,0.5396959539,0.5333855101,average,0.6167493463,0.5396959539,
O1/0448/3,,videos/sample_001790_O1__0448__3.pt,ok,0.6153492332,0.6287171841,0.5404521186,0.5332754567,average,0.6153492332,0.5404521186,
O1/0448/4,,videos/sample_001791_O1__0448__4.pt,ok,0.6150706410,0.6285108328,0.5406027052,0.5333855101,average,0.6150706410,0.5406027052,
O1/0449/1,,videos/sample_001792_O1__0449__1.pt,ok,0.5640352964,0.5874897838,0.5689087104,0.5557205140,average,0.5640352964,0.5689087104,
O1/0449/2,,videos/sample_001793_O1__0449__2.pt,ok,0.5628412366,0.5859541297,0.5695884272,0.5565745641,average,0.5628412366,0.5695884272,
O1/0449/3,,videos/sample_001794_O1__0449__3.pt,ok,0.5640774369,0.5883066058,0.5688847368,0.5552667746,average,0.5640774369,0.5688847368,
O1/0449/4,,videos/sample_001795_O1__0449__4.pt,ok,0.5614187121,0.5850725174,0.5703992572,0.5570654634,average,0.5614187121,0.5703992572,
O1/0450/1,,videos/sample_001796_O1__0450__1.pt,ok,0.5561331511,0.5884634852,0.5734221190,0.5551796715,average,0.5561331511,0.5734221190,
O1/0450/2,,videos/sample_001797_O1__0450__2.pt,ok,0.5501868129,0.5824776888,0.5768420388,0.5585128298,average,0.5501868129,0.5768420388,
O1/0450/3,,videos/sample_001798_O1__0450__3.pt,ok,0.5585480928,0.5909268260,0.5720390087,0.5538137578,average,0.5585480928,0.5720390087,
O1/0450/4,,videos/sample_001799_O1__0450__4.pt,ok,0.5563423634,0.5914568901,0.5733021646,0.5535202788,average,0.5563423634,0.5733021646,
O1/0451/1,,videos/sample_001800_O1__0451__1.pt,ok,0.5533998609,0.5835217834,0.5749915920,0.5579299939,average,0.5533998609,0.5749915920,
O1/0451/2,,videos/sample_001801_O1__0451__2.pt,ok,0.5525127053,0.5719468594,0.5755019253,0.5644255113,average,0.5525127053,0.5755019253,
O1/0451/3,,videos/sample_001802_O1__0451__3.pt,ok,0.5508676171,0.5861141682,0.5764494559,0.5564854979,average,0.5508676171,0.5764494559,
O1/0451/4,,videos/sample_001803_O1__0451__4.pt,ok,0.5494259000,0.5694395304,0.5772811324,0.5658424874,average,0.5494259000,0.5772811324,
O1/0452/1,,videos/sample_001804_O1__0452__1.pt,ok,0.5426200628,0.5909479856,0.5812234138,0.5538020394,average,0.5426200628,0.5812234138,
O1/0452/2,,videos/sample_001805_O1__0452__2.pt,ok,0.5430670381,0.5786375403,0.5809636794,0.5606617254,average,0.5430670381,0.5809636794,
O1/0452/3,,videos/sample_001806_O1__0452__3.pt,ok,0.5293105841,0.5490853190,0.5890109032,0.5774777768,average,0.5293105841,0.5890109032,
O1/0452/4,,videos/sample_001807_O1__0452__4.pt,ok,0.5469971895,0.5819675326,0.5786848851,0.5587978313,average,0.5469971895,0.5786848851,
O1/0453/1,,videos/sample_001808_O1__0453__1.pt,ok,0.5638219714,0.6025704145,0.5690300858,0.5474027741,average,0.5638219714,0.5690300858,
O1/0453/2,,videos/sample_001809_O1__0453__2.pt,ok,0.5668255687,0.6059903502,0.5673235128,0.5455338894,average,0.5668255687,0.5673235128,
O1/0453/3,,videos/sample_001810_O1__0453__3.pt,ok,0.5680657625,0.6048956513,0.5666203578,0.5461314117,average,0.5680657625,0.5666203578,
O1/0453/4,,videos/sample_001811_O1__0453__4.pt,ok,0.5569807887,0.5906494260,0.5729362708,0.5539674071,average,0.5569807887,0.5729362708,
O1/0454/1,,videos/sample_001812_O1__0454__1.pt,ok,0.6166766286,0.6475296617,0.5397352008,0.5233370007,average,0.6166766286,0.5397352008,
O1/0454/2,,videos/sample_001813_O1__0454__2.pt,ok,0.6198673844,0.6487771273,0.5380157821,0.5226845628,average,0.6198673844,0.5380157821,
O1/0454/3,,videos/sample_001814_O1__0454__3.pt,ok,0.6200144887,0.6487771273,0.5379366435,0.5226845628,average,0.6200144887,0.5379366435,
O1/0454/4,,videos/sample_001815_O1__0454__4.pt,ok,0.6190502644,0.6475296617,0.5384555853,0.5233370007,average,0.6190502644,0.5384555853,
O1/0455/1,,videos/sample_001816_O1__0455__1.pt,ok,0.6299092174,0.6546636224,0.5326401533,0.5196168207,average,0.6299092174,0.5326401533,
O1/0455/2,,videos/sample_001817_O1__0455__2.pt,ok,0.6296883225,0.6544916630,0.5327578237,0.5197061813,average,0.6296883225,0.5327578237,
O1/0455/3,,videos/sample_001818_O1__0455__3.pt,ok,0.6302322149,0.6544916630,0.5324681396,0.5197061813,average,0.6302322149,0.5324681396,
O1/0455/4,,videos/sample_001819_O1__0455__4.pt,ok,0.6296947002,0.6546636224,0.5327544260,0.5196168207,average,0.6296947002,0.5327544260,
O1/0456/1,,videos/sample_001820_O1__0456__1.pt,ok,0.6105012894,0.6412762403,0.5430785613,0.5266199014,average,0.6105012894,0.5430785613,
O1/0456/2,,videos/sample_001821_O1__0456__2.pt,ok,0.6120653749,0.6400752068,0.5422298040,0.5272527696,average,0.6120653749,0.5422298040,
O1/0456/3,,videos/sample_001822_O1__0456__3.pt,ok,0.6115501523,0.6412762403,0.5425092450,0.5266199014,average,0.6115501523,0.5425092450,
O1/0456/4,,videos/sample_001823_O1__0456__4.pt,ok,0.6119642258,0.6400752068,0.5422846528,0.5272527696,average,0.6119642258,0.5422846528,
O1/0457/1,,videos/sample_001824_O1__0457__1.pt,ok,0.5877924562,0.6136091352,0.5555523382,0.5413933769,average,0.5877924562,0.5555523382,
O1/0457/2,,videos/sample_001825_O1__0457__2.pt,ok,0.5869833827,0.6122570634,0.5560020027,0.5421258747,average,0.5869833827,0.5560020027,
O1/0457/3,,videos/sample_001826_O1__0457__3.pt,ok,0.5830196142,0.6084831953,0.5582102395,0.5441756516,average,0.5830196142,0.5582102395,
O1/0457/4,,videos/sample_001827_O1__0457__4.pt,ok,0.5876495242,0.6175754070,0.5556317501,0.5392503164,average,0.5876495242,0.5556317501,
O1/0458/1,,videos/sample_001828_O1__0458__1.pt,ok,0.6251513958,0.6525110006,0.5351803983,0.5207365639,average,0.6251513958,0.5351803983,
O1/0458/2,,videos/sample_001829_O1__0458__2.pt,ok,0.6249842048,0.6515624523,0.5352698832,0.5212307420,average,0.6249842048,0.5352698832,
O1/0458/3,,videos/sample_001830_O1__0458__3.pt,ok,0.6239082813,0.6515624523,0.5358461025,0.5212307420,average,0.6239082813,0.5358461025,
O1/0458/4,,videos/sample_001831_O1__0458__4.pt,ok,0.6247172952,0.6525110006,0.5354127709,0.5207365639,average,0.6247172952,0.5354127709,
O1/0459/1,,videos/sample_001832_O1__0459__1.pt,ok,0.6164513826,0.6461142302,0.5398567877,0.5240782728,average,0.6164513826,0.5398567877,
O1/0459/2,,videos/sample_001833_O1__0459__2.pt,ok,0.6154981852,0.6464771628,0.5403716231,0.5238881022,average,0.6154981852,0.5403716231,
O1/0459/3,,videos/sample_001834_O1__0459__3.pt,ok,0.6149850488,0.6461142302,0.5406489786,0.5240782728,average,0.6149850488,0.5406489786,
O1/0459/4,,videos/sample_001835_O1__0459__4.pt,ok,0.6160445809,0.6464771628,0.5400764470,0.5238881022,average,0.6160445809,0.5400764470,
O1/0460/1,,videos/sample_001836_O1__0460__1.pt,ok,0.5570117235,0.5804153085,0.5729185474,0.5596658843,average,0.5570117235,0.5729185474,
O1/0460/2,,videos/sample_001837_O1__0460__2.pt,ok,0.5581074953,0.5847788453,0.5722911032,0.5572290820,average,0.5581074953,0.5722911032,
O1/0460/3,,videos/sample_001838_O1__0460__3.pt,ok,0.5580701232,0.5827965140,0.5723124914,0.5583347902,average,0.5580701232,0.5723124914,
O1/0460/4,,videos/sample_001839_O1__0460__4.pt,ok,0.5551687479,0.5784990191,0.5739753959,0.5607393943,average,0.5551687479,0.5739753959,
O1/0461/1,,videos/sample_001840_O1__0461__1.pt,ok,0.5725727677,0.6084785461,0.5640723431,0.5441781815,average,0.5725727677,0.5640723431,
O1/0461/2,,videos/sample_001841_O1__0461__2.pt,ok,0.5719941258,0.6046270132,0.5643988335,0.5462781432,average,0.5719941258,0.5643988335,
O1/0461/3,,videos/sample_001842_O1__0461__3.pt,ok,0.5679522753,0.6007241607,0.5666846656,0.5484143522,average,0.5679522753,0.5666846656,
O1/0461/4,,videos/sample_001843_O1__0461__4.pt,ok,0.5732126832,0.6056097746,0.5637115000,0.5457415458,average,0.5732126832,0.5637115000,
O1/0462/1,,videos/sample_001844_O1__0462__1.pt,ok,0.5598834157,0.5919650197,0.5712756617,0.5532390902,average,0.5598834157,0.5712756617,
O1/0462/2,,videos/sample_001845_O1__0462__2.pt,ok,0.5681135058,0.5987936854,0.5665933061,0.5494740750,average,0.5681135058,0.5665933061,
O1/0462/3,,videos/sample_001846_O1__0462__3.pt,ok,0.5650697351,0.6071597934,0.5683205135,0.5448962914,average,0.5650697351,0.5683205135,
O1/0462/4,,videos/sample_001847_O1__0462__4.pt,ok,0.5690818429,0.6063981652,0.5660449183,0.5453114579,average,0.5690818429,0.5660449183,
O1/0463/1,,videos/sample_001848_O1__0463__1.pt,ok,0.5637952089,0.5882135034,0.5690453146,0.5553184737,average,0.5637952089,0.5690453146,
O1/0463/2,,videos/sample_001849_O1__0463__2.pt,ok,0.5652642250,0.5917877555,0.5682099916,0.5533371684,average,0.5652642250,0.5682099916,
O1/0463/3,,videos/sample_001850_O1__0463__3.pt,ok,0.5629276037,0.5820642710,0.5695392356,0.5587437767,average,0.5629276037,0.5695392356,
O1/0463/4,,videos/sample_001851_O1__0463__4.pt,ok,0.5622836947,0.5904529095,0.5699060851,0.5540762815,average,0.5622836947,0.5699060851,
O1/0464/1,,videos/sample_001852_O1__0464__1.pt,ok,0.5680956841,0.5956399441,0.5666034039,0.5512097096,average,0.5680956841,0.5666034039,
O1/0464/2,,videos/sample_001853_O1__0464__2.pt,ok,0.5668856502,0.5948608518,0.5672894282,0.5516393202,average,0.5668856502,0.5672894282,
O1/0464/3,,videos/sample_001854_O1__0464__3.pt,ok,0.5675602555,0.5962417126,0.5669068607,0.5508781087,average,0.5675602555,0.5669068607,
O1/0464/4,,videos/sample_001855_O1__0464__4.pt,ok,0.5642109513,0.5887560844,0.5688087876,0.5550172501,average,0.5642109513,0.5688087876,
O1/0465/1,,videos/sample_001856_O1__0465__1.pt,ok,0.6271852255,0.6556950212,0.5340930387,0.5190811648,average,0.6271852255,0.5340930387,
O1/0465/2,,videos/sample_001857_O1__0465__2.pt,ok,0.6273556352,0.6555551291,0.5340020318,0.5191537852,average,0.6273556352,0.5340020318,
O1/0465/3,,videos/sample_001858_O1__0465__3.pt,ok,0.6274583340,0.6556950212,0.5339471932,0.5190811648,average,0.6274583340,0.5339471932,
O1/0465/4,,videos/sample_001859_O1__0465__4.pt,ok,0.6257256866,0.6555551291,0.5348731374,0.5191537852,average,0.6257256866,0.5348731374,
O1/0466/1,,videos/sample_001860_O1__0466__1.pt,ok,0.6356296539,0.6585481167,0.5296019174,0.5176022873,average,0.6356296539,0.5296019174,
O1/0466/2,,videos/sample_001861_O1__0466__2.pt,ok,0.6358853579,0.6585481167,0.5294665134,0.5176022873,average,0.6358853579,0.5294665134,
O1/0466/3,,videos/sample_001862_O1__0466__3.pt,ok,0.6354089975,0.6582845449,0.5297187903,0.5177387307,average,0.6354089975,0.5297187903,
O1/0466/4,,videos/sample_001863_O1__0466__4.pt,ok,0.6354628801,0.6582845449,0.5296902485,0.5177387307,average,0.6354628801,0.5296902485,
O1/0467/1,,videos/sample_001864_O1__0467__1.pt,ok,0.5697120428,0.6002508402,0.5656883093,0.5486739893,average,0.5697120428,0.5656883093,
O1/0467/2,,videos/sample_001865_O1__0467__2.pt,ok,0.5648229122,0.5962029099,0.5684608053,0.5508994847,average,0.5648229122,0.5684608053,
O1/0467/3,,videos/sample_001866_O1__0467__3.pt,ok,0.5697914958,0.6042600870,0.5656433654,0.5464786237,average,0.5697914958,0.5656433654,
O1/0467/4,,videos/sample_001867_O1__0467__4.pt,ok,0.5675830841,0.6007941365,0.5668939192,0.5483759777,average,0.5675830841,0.5668939192,
O1/0468/1,,videos/sample_001868_O1__0468__1.pt,ok,0.5627651215,0.6007759571,0.5696317831,0.5483859470,average,0.5627651215,0.5696317831,
O1/0468/2,,videos/sample_001869_O1__0468__2.pt,ok,0.5624874830,0.6007759571,0.5697899567,0.5483859470,average,0.5624874830,0.5697899567,
O1/0468/3,,videos/sample_001870_O1__0468__3.pt,ok,0.5563290715,0.5972002745,0.5733097849,0.5503503110,average,0.5563290715,0.5733097849,
O1/0468/4,,videos/sample_001871_O1__0468__4.pt,ok,0.5571393371,0.5972002745,0.5728454399,0.5503503110,average,0.5571393371,0.5728454399,
O1/0469/1,,videos/sample_001872_O1__0469__1.pt,ok,0.5616904497,0.5945144296,0.5702442793,0.5518304534,average,0.5616904497,0.5702442793,
O1/0469/2,,videos/sample_001873_O1__0469__2.pt,ok,0.5617048740,0.5945144296,0.5702360540,0.5518304534,average,0.5617048740,0.5702360540,
O1/0469/3,,videos/sample_001874_O1__0469__3.pt,ok,0.5677794218,0.5999034047,0.5667826275,0.5488646513,average,0.5677794218,0.5667826275,
O1/0469/4,,videos/sample_001875_O1__0469__4.pt,ok,0.5678804517,0.5999034047,0.5667253684,0.5488646513,average,0.5678804517,0.5667253684,
O1/0470/1,,videos/sample_001876_O1__0470__1.pt,ok,0.5527353287,0.5889895558,0.5753738194,0.5548876846,average,0.5527353287,0.5753738194,
O1/0470/2,,videos/sample_001877_O1__0470__2.pt,ok,0.5338222980,0.5528749228,0.5863594403,0.5752935063,average,0.5338222980,0.5863594403,
O1/0470/3,,videos/sample_001878_O1__0470__3.pt,ok,0.5544292927,0.5916268229,0.5743999819,0.5534262255,average,0.5544292927,0.5743999819,
O1/0470/4,,videos/sample_001879_O1__0470__4.pt,ok,0.5482879877,0.5918062925,0.5779384015,0.5533269113,average,0.5482879877,0.5779384015,
O1/0471/1,,videos/sample_001880_O1__0471__1.pt,ok,0.6193683147,0.6495888233,0.5382843565,0.5222604739,average,0.6193683147,0.5382843565,
O1/0471/2,,videos/sample_001881_O1__0471__2.pt,ok,0.6214112043,0.6480211616,0.5371858235,0.5230798438,average,0.6214112043,0.5371858235,
O1/0471/3,,videos/sample_001882_O1__0471__3.pt,ok,0.6205184460,0.6495888233,0.5376656148,0.5222604739,average,0.6205184460,0.5376656148,
O1/0471/4,,videos/sample_001883_O1__0471__4.pt,ok,0.6207053065,0.6480211616,0.5375651556,0.5230798438,average,0.6207053065,0.5375651556,
O1/0472/1,,videos/sample_001884_O1__0472__1.pt,ok,0.5491147041,0.5683514476,0.5774608078,0.5664585059,average,0.5491147041,0.5774608078,
O1/0472/2,,videos/sample_001885_O1__0472__2.pt,ok,0.5456731319,0.5821976662,0.5794516046,0.5586692480,average,0.5456731319,0.5794516046,
O1/0472/3,,videos/sample_001886_O1__0472__3.pt,ok,0.5501831770,0.5780763030,0.5768441361,0.5609764780,average,0.5501831770,0.5768441361,
O1/0472/4,,videos/sample_001887_O1__0472__4.pt,ok,0.5440223217,0.5619592071,0.5804089593,0.5700910426,average,0.5440223217,0.5804089593,
O1/0473/1,,videos/sample_001888_O1__0473__1.pt,ok,0.5605490804,0.6034910679,0.5708955103,0.5468990379,average,0.5605490804,0.5708955103,
O1/0473/2,,videos/sample_001889_O1__0473__2.pt,ok,0.5602203608,0.6013214588,0.5710832057,0.5480868831,average,0.5602203608,0.5710832057,
O1/0473/3,,videos/sample_001890_O1__0473__3.pt,ok,0.5611159205,0.6018299460,0.5705719954,0.5478082588,average,0.5611159205,0.5705719954,
O1/0473/4,,videos/sample_001891_O1__0473__4.pt,ok,0.5560958982,0.5963288546,0.5734434811,0.5508301062,average,0.5560958982,0.5734434811,
O1/0474/1,,videos/sample_001892_O1__0474__1.pt,ok,0.5690286160,0.5814563036,0.5660750480,0.5590835780,average,0.5690286160,0.5660750480,
O1/0474/2,,videos/sample_001893_O1__0474__2.pt,ok,0.5712504387,0.5950036049,0.5648187258,0.5515605775,average,0.5712504387,0.5648187258,
O1/0474/3,,videos/sample_001894_O1__0474__3.pt,ok,0.5687498450,0.5805600286,0.5662328752,0.5595848953,average,0.5687498450,0.5662328752,
O1/0474/4,,videos/sample_001895_O1__0474__4.pt,ok,0.5727884769,0.5979244709,0.5639506807,0.5499518935,average,0.5727884769,0.5639506807,
O1/0475/1,,videos/sample_001896_O1__0475__1.pt,ok,0.5571752787,0.5986129045,0.5728248513,0.5495734184,average,0.5571752787,0.5728248513,
O1/0475/2,,videos/sample_001897_O1__0475__2.pt,ok,0.5577970743,0.5970057845,0.5724687820,0.5504573590,average,0.5577970743,0.5724687820,
O1/0475/3,,videos/sample_001898_O1__0475__3.pt,ok,0.5513580441,0.5937563777,0.5761668189,0.5522489281,average,0.5513580441,0.5761668189,
O1/0475/4,,videos/sample_001899_O1__0475__4.pt,ok,0.5589358211,0.5988688469,0.5718172561,0.5494327773,average,0.5589358211,0.5718172561,
O1/0476/1,,videos/sample_001900_O1__0476__1.pt,ok,0.5513260961,0.5847008228,0.5761852266,0.5572725601,average,0.5513260961,0.5761852266,
O1/0476/2,,videos/sample_001901_O1__0476__2.pt,ok,0.5569204092,0.5905461907,0.5729708654,0.5540245990,average,0.5569204092,0.5729708654,
O1/0476/3,,videos/sample_001902_O1__0476__3.pt,ok,0.5577110052,0.5930780172,0.5725180560,0.5526236790,average,0.5577110052,0.5725180560,
O1/0476/4,,videos/sample_001903_O1__0476__4.pt,ok,0.5576874614,0.5915160179,0.5725315354,0.5534875513,average,0.5576874614,0.5725315354,
O1/0477/1,,videos/sample_001904_O1__0477__1.pt,ok,0.6160354018,0.6304145455,0.5400814044,0.5323710632,average,0.6160354018,0.5400814044,
O1/0477/2,,videos/sample_001905_O1__0477__2.pt,ok,0.6176424026,0.6299206018,0.5392141902,0.5326340895,average,0.6176424026,0.5392141902,
O1/0477/3,,videos/sample_001906_O1__0477__3.pt,ok,0.6162788272,0.6294350028,0.5399499509,0.5328927989,average,0.6162788272,0.5399499509,
O1/0477/4,,videos/sample_001907_O1__0477__4.pt,ok,0.6178016663,0.6310005784,0.5391283198,0.5320591677,average,0.6178016663,0.5391283198,
O1/0478/1,,videos/sample_001908_O1__0478__1.pt,ok,0.6142511368,0.6289653778,0.5410459130,0.5331431175,average,0.6142511368,0.5410459130,
O1/0478/2,,videos/sample_001909_O1__0478__2.pt,ok,0.6144001484,0.6277687550,0.5409652969,0.5337814706,average,0.6144001484,0.5409652969,
O1/0478/3,,videos/sample_001910_O1__0478__3.pt,ok,0.6159014702,0.6288224459,0.5401537433,0.5332193261,average,0.6159014702,0.5401537433,
O1/0478/4,,videos/sample_001911_O1__0478__4.pt,ok,0.6160446405,0.6273996830,0.5400764148,0.5339785107,average,0.6160446405,0.5400764148,
O1/0479/1,,videos/sample_001912_O1__0479__1.pt,ok,0.5705119371,0.5913124084,0.5652359993,0.5536002581,average,0.5705119371,0.5652359993,
O1/0479/2,,videos/sample_001913_O1__0479__2.pt,ok,0.5711667538,0.5906344652,0.5648659945,0.5539756949,average,0.5711667538,0.5648659945,
O1/0479/3,,videos/sample_001914_O1__0479__3.pt,ok,0.5723978877,0.5941207409,0.5641709968,0.5520477455,average,0.5723978877,0.5641709968,
O1/0479/4,,videos/sample_001915_O1__0479__4.pt,ok,0.5717543364,0.5919049978,0.5645341866,0.5532722977,average,0.5717543364,0.5645341866,
O1/0480/1,,videos/sample_001916_O1__0480__1.pt,ok,0.5656854510,0.6010972261,0.5679706972,0.5482097959,average,0.5656854510,0.5679706972,
O1/0480/2,,videos/sample_001917_O1__0480__2.pt,ok,0.5619941950,0.5950635672,0.5700710966,0.5515275057,average,0.5619941950,0.5700710966,
O1/0480/3,,videos/sample_001918_O1__0480__3.pt,ok,0.5672869682,0.6021767855,0.5670618104,0.5476182902,average,0.5672869682,0.5670618104,
O1/0480/4,,videos/sample_001919_O1__0480__4.pt,ok,0.5673073530,0.6024215221,0.5670502510,0.5474842843,average,0.5673073530,0.5670502510,
O1/0481/1,,videos/sample_001920_O1__0481__1.pt,ok,0.5536880493,0.5740630627,0.5748259100,0.5632323351,average,0.5536880493,0.5748259100,
O1/0481/2,,videos/sample_001921_O1__0481__2.pt,ok,0.5520954132,0.5798267722,0.5757421279,0.5599953649,average,0.5520954132,0.5757421279,
O1/0481/3,,videos/sample_001922_O1__0481__3.pt,ok,0.5515844822,0.5703898072,0.5760363675,0.5653050358,average,0.5515844822,0.5760363675,
O1/0481/4,,videos/sample_001923_O1__0481__4.pt,ok,0.5538485050,0.5823721290,0.5747336833,0.5585717895,average,0.5538485050,0.5747336833,
O1/0482/1,,videos/sample_001924_O1__0482__1.pt,ok,0.5573506355,0.5880979300,0.5727244113,0.5553826574,average,0.5573506355,0.5727244113,
O1/0482/2,,videos/sample_001925_O1__0482__2.pt,ok,0.5527209044,0.5850806832,0.5753821189,0.5570609145,average,0.5527209044,0.5753821189,
O1/0482/3,,videos/sample_001926_O1__0482__3.pt,ok,0.5442324877,0.5617614388,0.5802869899,0.5702037996,average,0.5442324877,0.5802869899,
O1/0482/4,,videos/sample_001927_O1__0482__4.pt,ok,0.5561720729,0.5859961510,0.5733998008,0.5565511766,average,0.5561720729,0.5733998008,
O1/0483/1,,videos/sample_001928_O1__0483__1.pt,ok,0.5612354875,0.5850516558,0.5705037780,0.5570770848,average,0.5612354875,0.5705037780,
O1/0483/2,,videos/sample_001929_O1__0483__2.pt,ok,0.5614354610,0.5851103067,0.5703897037,0.5570444127,average,0.5614354610,0.5703897037,
O1/0483/3,,videos/sample_001930_O1__0483__3.pt,ok,0.5631378889,0.5876242518,0.5694194825,0.5556457924,average,0.5631378889,0.5694194825,
O1/0483/4,,videos/sample_001931_O1__0483__4.pt,ok,0.5629682541,0.5875941515,0.5695160840,0.5556625177,average,0.5629682541,0.5695160840,
O1/0484/1,,videos/sample_001932_O1__0484__1.pt,ok,0.5451411605,0.5642616153,0.5797599384,0.5687799702,average,0.5451411605,0.5797599384,
O1/0484/2,,videos/sample_001933_O1__0484__2.pt,ok,0.5478758216,0.5824705362,0.5781766573,0.5585168246,average,0.5478758216,0.5781766573,
O1/0484/3,,videos/sample_001934_O1__0484__3.pt,ok,0.5471283197,0.5767030716,0.5786090070,0.5617473577,average,0.5471283197,0.5786090070,
O1/0484/4,,videos/sample_001935_O1__0484__4.pt,ok,0.5445027351,0.5643292665,0.5801301900,0.5687414928,average,0.5445027351,0.5801301900,
O1/0485/1,,videos/sample_001936_O1__0485__1.pt,ok,0.5577387214,0.5784731507,0.5725021882,0.5607538999,average,0.5577387214,0.5725021882,
O1/0485/2,,videos/sample_001937_O1__0485__2.pt,ok,0.5575840473,0.5776170492,0.5725907463,0.5612341678,average,0.5575840473,0.5725907463,
O1/0485/3,,videos/sample_001938_O1__0485__3.pt,ok,0.5572448969,0.5776170492,0.5727849736,0.5612341678,average,0.5572448969,0.5727849736,
O1/0485/4,,videos/sample_001939_O1__0485__4.pt,ok,0.5575422645,0.5784731507,0.5726146713,0.5607538999,average,0.5575422645,0.5726146713,
O1/0486/1,,videos/sample_001940_O1__0486__1.pt,ok,0.5633319616,0.5857769847,0.5693089844,0.5566731672,average,0.5633319616,0.5693089844,
O1/0486/2,,videos/sample_001941_O1__0486__2.pt,ok,0.5643202066,0.5856766105,0.5687466456,0.5567290456,average,0.5643202066,0.5687466456,
O1/0486/3,,videos/sample_001942_O1__0486__3.pt,ok,0.5646408796,0.5856766105,0.5685642931,0.5567290456,average,0.5646408796,0.5685642931,
O1/0486/4,,videos/sample_001943_O1__0486__4.pt,ok,0.5636360645,0.5857769847,0.5691358822,0.5566731672,average,0.5636360645,0.5691358822,
O1/0487/1,,videos/sample_001944_O1__0487__1.pt,ok,0.6134788394,0.6301832199,0.5414639228,0.5324942285,average,0.6134788394,0.5414639228,
O1/0487/2,,videos/sample_001945_O1__0487__2.pt,ok,0.6136252284,0.6295305490,0.5413846642,0.5328418854,average,0.6136252284,0.5413846642,
O1/0487/3,,videos/sample_001946_O1__0487__3.pt,ok,0.6148793697,0.6300225854,0.5407061169,0.5325797723,average,0.6148793697,0.5407061169,
O1/0487/4,,videos/sample_001947_O1__0487__4.pt,ok,0.6145192981,0.6300676465,0.5409008449,0.5325557743,average,0.6145192981,0.5409008449,
O1/0488/1,,videos/sample_001948_O1__0488__1.pt,ok,0.5565503836,0.5805317163,0.5731829186,0.5596007386,average,0.5565503836,0.5731829186,
O1/0488/2,,videos/sample_001949_O1__0488__2.pt,ok,0.5565494299,0.5755616426,0.5731834652,0.5623889185,average,0.5565494299,0.5731834652,
O1/0488/3,,videos/sample_001950_O1__0488__3.pt,ok,0.5584412217,0.5808407664,0.5721001465,0.5594278207,average,0.5584412217,0.5721001465,
O1/0488/4,,videos/sample_001951_O1__0488__4.pt,ok,0.5582982898,0.5752496719,0.5721819237,0.5625643947,average,0.5582982898,0.5721819237,
O1/0489/1,,videos/sample_001952_O1__0489__1.pt,ok,0.5559144616,0.5922612548,0.5735475341,0.5530752257,average,0.5559144616,0.5735475341,
O1/0489/2,,videos/sample_001953_O1__0489__2.pt,ok,0.5572828650,0.5922612548,0.5727632264,0.5530752257,average,0.5572828650,0.5727632264,
O1/0489/3,,videos/sample_001954_O1__0489__3.pt,ok,0.5504880548,0.5836745501,0.5766682960,0.5578447673,average,0.5504880548,0.5766682960,
O1/0489/4,,videos/sample_001955_O1__0489__4.pt,ok,0.5528233051,0.5836745501,0.5753232023,0.5578447673,average,0.5528233051,0.5753232023,
O1/0490/1,,videos/sample_001956_O1__0490__1.pt,ok,0.5695203543,0.5904748440,0.5657967556,0.5540641282,average,0.5695203543,0.5657967556,
O1/0490/2,,videos/sample_001957_O1__0490__2.pt,ok,0.5679464936,0.5885386467,0.5666879420,0.5551379449,average,0.5679464936,0.5666879420,
O1/0490/3,,videos/sample_001958_O1__0490__3.pt,ok,0.5699027181,0.5935028195,0.5655804568,0.5523889731,average,0.5699027181,0.5655804568,
O1/0490/4,,videos/sample_001959_O1__0490__4.pt,ok,0.5678225160,0.5883606672,0.5667582030,0.5552367569,average,0.5678225160,0.5667582030,
O1/0491/1,,videos/sample_001960_O1__0491__1.pt,ok,0.6163569093,0.6406932473,0.5399077922,0.5269270067,average,0.6163569093,0.5399077922,
O1/0491/2,,videos/sample_001961_O1__0491__2.pt,ok,0.6171905994,0.6415251493,0.5394578639,0.5264888373,average,0.6171905994,0.5394578639,
O1/0491/3,,videos/sample_001962_O1__0491__3.pt,ok,0.6168266535,0.6415251493,0.5396542332,0.5264888373,average,0.6168266535,0.5396542332,
O1/0491/4,,videos/sample_001963_O1__0491__4.pt,ok,0.6148610115,0.6406932473,0.5407160434,0.5269270067,average,0.6148610115,0.5407160434,
O1/0492/1,,videos/sample_001964_O1__0492__1.pt,ok,0.5409030914,0.5583284497,0.5822222150,0.5721646670,average,0.5409030914,0.5822222150,
O1/0492/2,,videos/sample_001965_O1__0492__2.pt,ok,0.5449649096,0.5745165944,0.5798621306,0.5629769492,average,0.5449649096,0.5798621306,
O1/0492/3,,videos/sample_001966_O1__0492__3.pt,ok,0.5428730845,0.5601779819,0.5810763703,0.5711074080,average,0.5428730845,0.5810763703,
O1/0492/4,,videos/sample_001967_O1__0492__4.pt,ok,0.5461367369,0.5765138268,0.5791830303,0.5618536755,average,0.5461367369,0.5791830303,
O1/0493/1,,videos/sample_001968_O1__0493__1.pt,ok,0.6118699908,0.6416804790,0.5423357574,0.5264070643,average,0.6118699908,0.5423357574,
O1/0493/2,,videos/sample_001969_O1__0493__2.pt,ok,0.6147215962,0.6416804790,0.5407914327,0.5264070643,average,0.6147215962,0.5407914327,
O1/0493/3,,videos/sample_001970_O1__0493__3.pt,ok,0.6152687073,0.6427754164,0.5404956407,0.5258309970,average,0.6152687073,0.5404956407,
O1/0493/4,,videos/sample_001971_O1__0493__4.pt,ok,0.6144182682,0.6427754164,0.5409554948,0.5258309970,average,0.6144182682,0.5409554948,
O1/0494/1,,videos/sample_001972_O1__0494__1.pt,ok,0.5651091337,0.5962466002,0.5682981229,0.5508754163,average,0.5651091337,0.5682981229,
O1/0494/2,,videos/sample_001973_O1__0494__2.pt,ok,0.5711532831,0.6190511584,0.5648736037,0.5384551039,average,0.5711532831,0.5648736037,
O1/0494/3,,videos/sample_001974_O1__0494__3.pt,ok,0.5695935488,0.6019251943,0.5657553439,0.5477560835,average,0.5695935488,0.5657553439,
O1/0494/4,,videos/sample_001975_O1__0494__4.pt,ok,0.5561615229,0.5830202699,0.5734058502,0.5582098735,average,0.5561615229,0.5734058502,
O1/0495/1,,videos/sample_001976_O1__0495__1.pt,ok,0.5683825612,0.5907644629,0.5664408816,0.5539036840,average,0.5683825612,0.5664408816,
O1/0495/2,,videos/sample_001977_O1__0495__2.pt,ok,0.5697966814,0.5937219858,0.5656404322,0.5522679213,average,0.5697966814,0.5656404322,
O1/0495/3,,videos/sample_001978_O1__0495__3.pt,ok,0.5698700547,0.5929502845,0.5655989308,0.5526942717,average,0.5698700547,0.5655989308,
O1/0495/4,,videos/sample_001979_O1__0495__4.pt,ok,0.5682510138,0.5914794207,0.5665154004,0.5535078078,average,0.5682510138,0.5665154004,
O1/0496/1,,videos/sample_001980_O1__0496__1.pt,ok,0.5635988116,0.5873503089,0.5691570846,0.5557980285,average,0.5635988116,0.5691570846,
O1/0496/2,,videos/sample_001981_O1__0496__2.pt,ok,0.5620241165,0.5818120241,0.5700540395,0.5588847359,average,0.5620241165,0.5700540395,
O1/0496/3,,videos/sample_001982_O1__0496__3.pt,ok,0.5637792349,0.5876749158,0.5690544047,0.5556176419,average,0.5637792349,0.5690544047,
O1/0496/4,,videos/sample_001983_O1__0496__4.pt,ok,0.5612896085,0.5818361044,0.5704729026,0.5588712779,average,0.5612896085,0.5704729026,
O1/0497/1,,videos/sample_001984_O1__0497__1.pt,ok,0.5641443729,0.5961071253,0.5688466592,0.5509522549,average,0.5641443729,0.5688466592,
O1/0497/2,,videos/sample_001985_O1__0497__2.pt,ok,0.5615371466,0.5961071253,0.5703317063,0.5509522549,average,0.5615371466,0.5703317063,
O1/0497/3,,videos/sample_001986_O1__0497__3.pt,ok,0.5688277483,0.6046144366,0.5661887656,0.5462850135,average,0.5688277483,0.5661887656,
O1/0497/4,,videos/sample_001987_O1__0497__4.pt,ok,0.5697667599,0.6046144366,0.5656573573,0.5462850135,average,0.5697667599,0.5656573573,
O1/0498/1,,videos/sample_001988_O1__0498__1.pt,ok,0.6187199354,0.6303169131,0.5386334821,0.5324230424,average,0.6187199354,0.5386334821,
O1/0498/2,,videos/sample_001989_O1__0498__2.pt,ok,0.6182427406,0.6302497983,0.5388905766,0.5324587771,average,0.6182427406,0.5388905766,
O1/0498/3,,videos/sample_001990_O1__0498__3.pt,ok,0.6161000133,0.6302497983,0.5400465101,0.5324587771,average,0.6161000133,0.5400465101,
O1/0498/4,,videos/sample_001991_O1__0498__4.pt,ok,0.6194446683,0.6303169131,0.5382432582,0.5324230424,average,0.6194446683,0.5382432582,
O1/0499/1,,videos/sample_001992_O1__0499__1.pt,ok,0.6262541413,0.6554096937,0.5345905558,0.5192292940,average,0.6262541413,0.5345905558,
O1/0499/2,,videos/sample_001993_O1__0499__2.pt,ok,0.6266941428,0.6554096937,0.5343553869,0.5192292940,average,0.6266941428,0.5343553869,
O1/0499/3,,videos/sample_001994_O1__0499__3.pt,ok,0.6252013445,0.6539908648,0.5351536674,0.5199665145,average,0.6252013445,0.5351536674,
O1/0499/4,,videos/sample_001995_O1__0499__4.pt,ok,0.6267067194,0.6539908648,0.5343486666,0.5199665145,average,0.6267067194,0.5343486666,
O1/0500/1,,videos/sample_001996_O1__0500__1.pt,ok,0.5914189219,0.6173781753,0.5535412953,0.5393566842,average,0.5914189219,0.5535412953,
O1/0500/2,,videos/sample_001997_O1__0500__2.pt,ok,0.5909079909,0.6158918142,0.5538241890,0.5401589590,average,0.5909079909,0.5538241890,
O1/0500/3,,videos/sample_001998_O1__0500__3.pt,ok,0.5893105268,0.6147356033,0.5547096103,0.5407838579,average,0.5893105268,0.5547096103,
O1/0500/4,,videos/sample_001999_O1__0500__4.pt,ok,0.5895215869,0.6155170202,0.5545925456,0.5403614453,average,0.5895215869,0.5545925456,
O1/0501/1,,videos/sample_002000_O1__0501__1.pt,ok,0.5505151749,0.5912935138,0.5766526569,0.5536107183,average,0.5505151749,0.5766526569,
O1/0501/2,,videos/sample_002001_O1__0501__2.pt,ok,0.5511568189,0.5912935138,0.5762827699,0.5536107183,average,0.5511568189,0.5762827699,
O1/0501/3,,videos/sample_002002_O1__0501__3.pt,ok,0.5582976937,0.5977845788,0.5721822647,0.5500288328,average,0.5582976937,0.5721822647,
O1/0501/4,,videos/sample_002003_O1__0501__4.pt,ok,0.5587350726,0.5977845788,0.5719320590,0.5500288328,average,0.5587350726,0.5719320590,
O1/0502/1,,videos/sample_002004_O1__0502__1.pt,ok,0.5615794063,0.5967863202,0.5703076047,0.5505781780,average,0.5615794063,0.5703076047,
O1/0502/2,,videos/sample_002005_O1__0502__2.pt,ok,0.5679568052,0.6117828488,0.5666820986,0.5423830196,average,0.5679568052,0.5666820986,
O1/0502/3,,videos/sample_002006_O1__0502__3.pt,ok,0.5697770715,0.6072159410,0.5656515245,0.5448656977,average,0.5697770715,0.5656515245,
O1/0502/4,,videos/sample_002007_O1__0502__4.pt,ok,0.5704112649,0.6072792411,0.5652929058,0.5448312087,average,0.5704112649,0.5652929058,
O1/0503/1,,videos/sample_002008_O1__0503__1.pt,ok,0.5590661168,0.5912418365,0.5717427556,0.5536393281,average,0.5590661168,0.5717427556,
O1/0503/2,,videos/sample_002009_O1__0503__2.pt,ok,0.5578840971,0.5962032080,0.5724189663,0.5508993205,average,0.5578840971,0.5724189663,
O1/0503/3,,videos/sample_002010_O1__0503__3.pt,ok,0.5517450571,0.5881076455,0.5759438780,0.5553772616,average,0.5517450571,0.5759438780,
O1/0503/4,,videos/sample_002011_O1__0503__4.pt,ok,0.5597283840,0.5924185514,0.5713642344,0.5529882356,average,0.5597283840,0.5713642344,
O1/0504/1,,videos/sample_002012_O1__0504__1.pt,ok,0.6095482707,0.6229047775,0.5435963720,0.5363840960,average,0.6095482707,0.5435963720,
O1/0504/2,,videos/sample_002013_O1__0504__2.pt,ok,0.6082004905,0.6218101978,0.5443295144,0.5369715326,average,0.6082004905,0.5443295144,
O1/0504/3,,videos/sample_002014_O1__0504__3.pt,ok,0.6089429855,0.6216720343,0.5439255024,0.5370457276,average,0.6089429855,0.5439255024,
O1/0504/4,,videos/sample_002015_O1__0504__4.pt,ok,0.6063564420,0.6216720343,0.5453342105,0.5370457276,average,0.6063564420,0.5453342105,
O1/0505/1,,videos/sample_002016_O1__0505__1.pt,ok,0.5397011638,0.5575580001,0.5829224247,0.5726056609,average,0.5397011638,0.5829224247,
O1/0505/2,,videos/sample_002017_O1__0505__2.pt,ok,0.5506688952,0.5983177423,0.5765640204,0.5497356557,average,0.5506688952,0.5765640204,
O1/0505/3,,videos/sample_002018_O1__0505__3.pt,ok,0.5580536723,0.5957462192,0.5723219065,0.5511511328,average,0.5580536723,0.5723219065,
O1/0505/4,,videos/sample_002019_O1__0505__4.pt,ok,0.5598729849,0.5957426429,0.5712816206,0.5511531039,average,0.5598729849,0.5712816206,
O1/0506/1,,videos/sample_002020_O1__0506__1.pt,ok,0.5305248499,0.5499556065,0.5882961215,0.5769754238,average,0.5305248499,0.5882961215,
O1/0506/2,,videos/sample_002021_O1__0506__2.pt,ok,0.5454576612,0.5754247308,0.5795764730,0.5624659215,average,0.5454576612,0.5795764730,
O1/0506/3,,videos/sample_002022_O1__0506__3.pt,ok,0.5434005857,0.5783612132,0.5807699327,0.5608166729,average,0.5434005857,0.5807699327,
O1/0506/4,,videos/sample_002023_O1__0506__4.pt,ok,0.5423911810,0.5878185630,0.5813564605,0.5555378347,average,0.5423911810,0.5813564605,
O1/0507/1,,videos/sample_002024_O1__0507__1.pt,ok,0.5556710362,0.5989016294,0.5736871671,0.5494147658,average,0.5556710362,0.5736871671,
O1/0507/2,,videos/sample_002025_O1__0507__2.pt,ok,0.5553376675,0.5882841349,0.5738784484,0.5552792521,average,0.5553376675,0.5738784484,
O1/0507/3,,videos/sample_002026_O1__0507__3.pt,ok,0.5541341305,0.5889339447,0.5745695481,0.5549185434,average,0.5541341305,0.5745695481,
O1/0507/4,,videos/sample_002027_O1__0507__4.pt,ok,0.5477409363,0.5792674422,0.5782546501,0.5603086747,average,0.5477409363,0.5782546501,
O1/0508/1,,videos/sample_002028_O1__0508__1.pt,ok,0.5606679320,0.5775946975,0.5708276624,0.5612467125,average,0.5606679320,0.5708276624,
O1/0508/2,,videos/sample_002029_O1__0508__2.pt,ok,0.5596526861,0.5782385468,0.5714074871,0.5608854704,average,0.5596526861,0.5714074871,
O1/0508/3,,videos/sample_002030_O1__0508__3.pt,ok,0.5607810020,0.5846900940,0.5707631226,0.5572785390,average,0.5607810020,0.5707631226,
O1/0508/4,,videos/sample_002031_O1__0508__4.pt,ok,0.5617874265,0.5863766670,0.5701889816,0.5563394402,average,0.5617874265,0.5701889816,
O1/0509/1,,videos/sample_002032_O1__0509__1.pt,ok,0.5605065823,0.5999676585,0.5709197728,0.5488293858,average,0.5605065823,0.5709197728,
O1/0509/2,,videos/sample_002033_O1__0509__2.pt,ok,0.5578007698,0.5994208455,0.5724666664,0.5491295749,average,0.5578007698,0.5724666664,
O1/0509/3,,videos/sample_002034_O1__0509__3.pt,ok,0.5614622831,0.5999676585,0.5703744049,0.5488293858,average,0.5614622831,0.5703744049,
O1/0509/4,,videos/sample_002035_O1__0509__4.pt,ok,0.5595258474,0.5994208455,0.5714799683,0.5491295749,average,0.5595258474,0.5714799683,
O1/0510/1,,videos/sample_002036_O1__0510__1.pt,ok,0.6212036610,0.6494790316,0.5372973244,0.5223178170,average,0.6212036610,0.5372973244,
O1/0510/2,,videos/sample_002037_O1__0510__2.pt,ok,0.6208211184,0.6507458687,0.5375029028,0.5216565443,average,0.6208211184,0.5375029028,
O1/0510/3,,videos/sample_002038_O1__0510__3.pt,ok,0.6213017106,0.6507458687,0.5372446452,0.5216565443,average,0.6213017106,0.5372446452,
O1/0510/4,,videos/sample_002039_O1__0510__4.pt,ok,0.6211365461,0.6494790316,0.5373333862,0.5223178170,average,0.6211365461,0.5373333862,
O1/0511/1,,videos/sample_002040_O1__0511__1.pt,ok,0.6153069735,0.6276862621,0.5404749584,0.5338255055,average,0.6153069735,0.5404749584,
O1/0511/2,,videos/sample_002041_O1__0511__2.pt,ok,0.6149994135,0.6274365783,0.5406412124,0.5339588098,average,0.6149994135,0.5406412124,
O1/0511/3,,videos/sample_002042_O1__0511__3.pt,ok,0.6137530804,0.6274365783,0.5413154515,0.5339588098,average,0.6137530804,0.5413154515,
O1/0511/4,,videos/sample_002043_O1__0511__4.pt,ok,0.6138018370,0.6280477047,0.5412890595,0.5336325931,average,0.6138018370,0.5412890595,
O1/0512/1,,videos/sample_002044_O1__0512__1.pt,ok,0.6052652001,0.6231995821,0.5459296268,0.5362259908,average,0.6052652001,0.5459296268,
O1/0512/2,,videos/sample_002045_O1__0512__2.pt,ok,0.6043823957,0.6232360005,0.5464117887,0.5362064627,average,0.6043823957,0.5464117887,
O1/0512/3,,videos/sample_002046_O1__0512__3.pt,ok,0.6024770141,0.6212675571,0.5474539042,0.5372629943,average,0.6024770141,0.5474539042,
O1/0512/4,,videos/sample_002047_O1__0512__4.pt,ok,0.6050197482,0.6239091158,0.5460636428,0.5358456554,average,0.6050197482,0.5460636428,
O1/0513/1,,videos/sample_002048_O1__0513__1.pt,ok,0.5602685809,0.5907221437,0.5710556686,0.5539271253,average,0.5602685809,0.5710556686,
O1/0513/2,,videos/sample_002049_O1__0513__2.pt,ok,0.5616704822,0.5934486389,0.5702556658,0.5524189026,average,0.5616704822,0.5702556658,
O1/0513/3,,videos/sample_002050_O1__0513__3.pt,ok,0.5597664714,0.5951395035,0.5713424731,0.5514856263,average,0.5597664714,0.5713424731,
O1/0513/4,,videos/sample_002051_O1__0513__4.pt,ok,0.5510953665,0.5816792250,0.5763181849,0.5589589602,average,0.5510953665,0.5763181849,
O1/0514/1,,videos/sample_002052_O1__0514__1.pt,ok,0.6253631711,0.6386319399,0.5350670723,0.5280142854,average,0.6253631711,0.5350670723,
O1/0514/2,,videos/sample_002053_O1__0514__2.pt,ok,0.6251055002,0.6384006739,0.5352049613,0.5281364113,average,0.6251055002,0.5352049613,
O1/0514/3,,videos/sample_002054_O1__0514__3.pt,ok,0.6243584752,0.6386766434,0.5356049222,0.5279906819,average,0.6243584752,0.5356049222,
O1/0514/4,,videos/sample_002055_O1__0514__4.pt,ok,0.6259399056,0.6384006739,0.5347585696,0.5281364113,average,0.6259399056,0.5347585696,
O1/0515/1,,videos/sample_002056_O1__0515__1.pt,ok,0.6173423529,0.6447350383,0.5393760055,0.5248015760,average,0.6173423529,0.5393760055,
O1/0515/2,,videos/sample_002057_O1__0515__2.pt,ok,0.6143449545,0.6447350383,0.5409951557,0.5248015760,average,0.6143449545,0.5409951557,
O1/0515/3,,videos/sample_002058_O1__0515__3.pt,ok,0.6167009473,0.6435226798,0.5397220753,0.5254382095,average,0.6167009473,0.5397220753,
O1/0515/4,,videos/sample_002059_O1__0515__4.pt,ok,0.6171613932,0.6435226798,0.5394736197,0.5254382095,average,0.6171613932,0.5394736197,
O1/0516/1,,videos/sample_002060_O1__0516__1.pt,ok,0.5564858317,0.5810828209,0.5732199198,0.5592924250,average,0.5564858317,0.5732199198,
O1/0516/2,,videos/sample_002061_O1__0516__2.pt,ok,0.5519890785,0.5708357096,0.5758033525,0.5650530211,average,0.5519890785,0.5758033525,
O1/0516/3,,videos/sample_002062_O1__0516__3.pt,ok,0.5527570844,0.5818498135,0.5753613019,0.5588636164,average,0.5527570844,0.5753613019,
O1/0516/4,,videos/sample_002063_O1__0516__4.pt,ok,0.5561698675,0.5747810006,0.5734010654,0.5628281143,average,0.5561698675,0.5734010654,
O1/0517/1,,videos/sample_002064_O1__0517__1.pt,ok,0.5648104548,0.5970763564,0.5684678869,0.5504185135,average,0.5648104548,0.5684678869,
O1/0517/2,,videos/sample_002065_O1__0517__2.pt,ok,0.5663074255,0.5967791677,0.5676175438,0.5505821160,average,0.5663074255,0.5676175438,
O1/0517/3,,videos/sample_002066_O1__0517__3.pt,ok,0.5555987954,0.5761079788,0.5737286123,0.5620817490,average,0.5555987954,0.5737286123,
O1/0517/4,,videos/sample_002067_O1__0517__4.pt,ok,0.5617856979,0.5993430018,0.5701899672,0.5491723228,average,0.5617856979,0.5701899672,
O1/0518/1,,videos/sample_002068_O1__0518__1.pt,ok,0.5732037425,0.6055757403,0.5637165400,0.5457601201,average,0.5732037425,0.5637165400,
O1/0518/2,,videos/sample_002069_O1__0518__2.pt,ok,0.5722850561,0.6038797498,0.5642346567,0.5466865094,average,0.5722850561,0.5642346567,
O1/0518/3,,videos/sample_002070_O1__0518__3.pt,ok,0.5686044097,0.5983588099,0.5663152315,0.5497130798,average,0.5686044097,0.5663152315,
O1/0518/4,,videos/sample_002071_O1__0518__4.pt,ok,0.5736659169,0.6062625051,0.5634560648,0.5453854399,average,0.5736659169,0.5634560648,
O1/0519/1,,videos/sample_002072_O1__0519__1.pt,ok,0.5677272677,0.5966145992,0.5668121883,0.5506727319,average,0.5677272677,0.5668121883,
O1/0519/2,,videos/sample_002073_O1__0519__2.pt,ok,0.5628246069,0.5820183754,0.5695978993,0.5587694212,average,0.5628246069,0.5695978993,
O1/0519/3,,videos/sample_002074_O1__0519__3.pt,ok,0.5676404834,0.6024263501,0.5668613808,0.5474816411,average,0.5676404834,0.5668613808,
O1/0519/4,,videos/sample_002075_O1__0519__4.pt,ok,0.5680015087,0.5956133604,0.5666567665,0.5512243630,average,0.5680015087,0.5666567665,
O1/0520/1,,videos/sample_002076_O1__0520__1.pt,ok,0.5612174273,0.5844271779,0.5705140815,0.5574250758,average,0.5612174273,0.5705140815,
O1/0520/2,,videos/sample_002077_O1__0520__2.pt,ok,0.5624134541,0.5886183381,0.5698321393,0.5550937070,average,0.5624134541,0.5698321393,
O1/0520/3,,videos/sample_002078_O1__0520__3.pt,ok,0.5604726672,0.5826207399,0.5709391358,0.5584329396,average,0.5604726672,0.5709391358,
O1/0520/4,,videos/sample_002079_O1__0520__4.pt,ok,0.5629475117,0.5885490775,0.5695278973,0.5551321544,average,0.5629475117,0.5695278973,
O1/0521/1,,videos/sample_002080_O1__0521__1.pt,ok,0.5672460198,0.6016760468,0.5670850311,0.5478925725,average,0.5672460198,0.5670850311,
O1/0521/2,,videos/sample_002081_O1__0521__2.pt,ok,0.5680776834,0.6024289131,0.5666136032,0.5474802379,average,0.5680776834,0.5666136032,
O1/0521/3,,videos/sample_002082_O1__0521__3.pt,ok,0.5715346932,0.6048443913,0.5646581963,0.5461594072,average,0.5715346932,0.5646581963,
O1/0521/4,,videos/sample_002083_O1__0521__4.pt,ok,0.5711669326,0.6034300327,0.5648658935,0.5469324190,average,0.5711669326,0.5648658935,
O1/0522/1,,videos/sample_002084_O1__0522__1.pt,ok,0.6117387414,0.6285094023,0.5424069433,0.5333862731,average,0.6117387414,0.5424069433,
O1/0522/2,,videos/sample_002085_O1__0522__2.pt,ok,0.6133427024,0.6289381385,0.5415376411,0.5331576401,average,0.6133427024,0.5415376411,
O1/0522/3,,videos/sample_002086_O1__0522__3.pt,ok,0.6110297441,0.6289381385,0.5427916447,0.5331576401,average,0.6110297441,0.5427916447,
O1/0522/4,,videos/sample_002087_O1__0522__4.pt,ok,0.6138918400,0.6285094023,0.5412403440,0.5333862731,average,0.6138918400,0.5412403440,
O1/0523/1,,videos/sample_002088_O1__0523__1.pt,ok,0.5539705753,0.5775320530,0.5746635296,0.5612818726,average,0.5539705753,0.5746635296,
O1/0523/2,,videos/sample_002089_O1__0523__2.pt,ok,0.5557852983,0.5816912651,0.5736216202,0.5589522303,average,0.5557852983,0.5736216202,
O1/0523/3,,videos/sample_002090_O1__0523__3.pt,ok,0.5552282929,0.5802524686,0.5739412195,0.5597570277,average,0.5552282929,0.5739412195,
O1/0523/4,,videos/sample_002091_O1__0523__4.pt,ok,0.5539692640,0.5763769150,0.5746642832,0.5619306052,average,0.5539692640,0.5746642832,
O1/0524/1,,videos/sample_002092_O1__0524__1.pt,ok,0.6132434607,0.6256503463,0.5415913869,0.5349134364,average,0.6132434607,0.5415913869,
O1/0524/2,,videos/sample_002093_O1__0524__2.pt,ok,0.6143747568,0.6256457567,0.5409790330,0.5349158914,average,0.6143747568,0.5409790330,
O1/0524/3,,videos/sample_002094_O1__0524__3.pt,ok,0.6138435006,0.6264346242,0.5412665079,0.5344940801,average,0.6138435006,0.5412665079,
O1/0524/4,,videos/sample_002095_O1__0524__4.pt,ok,0.6117978692,0.6264346242,0.5423748729,0.5344940801,average,0.6117978692,0.5423748729,
O1/0525/1,,videos/sample_002096_O1__0525__1.pt,ok,0.5689727068,0.5978050828,0.5661066977,0.5500175552,average,0.5689727068,0.5661066977,
O1/0525/2,,videos/sample_002097_O1__0525__2.pt,ok,0.5681015253,0.5984495878,0.5666000942,0.5496631803,average,0.5681015253,0.5666000942,
O1/0525/3,,videos/sample_002098_O1__0525__3.pt,ok,0.5672153234,0.5938084126,0.5671024388,0.5522201926,average,0.5672153234,0.5671024388,
O1/0525/4,,videos/sample_002099_O1__0525__4.pt,ok,0.5659661889,0.5938482285,0.5678112687,0.5521982059,average,0.5659661889,0.5678112687,
O1/0526/1,,videos/sample_002100_O1__0526__1.pt,ok,0.6174113750,0.6491105556,0.5393387779,0.5225103140,average,0.6174113750,0.5393387779,
O1/0526/2,,videos/sample_002101_O1__0526__2.pt,ok,0.6155351400,0.6491105556,0.5403516541,0.5225103140,average,0.6155351400,0.5403516541,
O1/0526/3,,videos/sample_002102_O1__0526__3.pt,ok,0.6171689034,0.6477359533,0.5394695682,0.5232290518,average,0.6171689034,0.5394695682,
O1/0526/4,,videos/sample_002103_O1__0526__4.pt,ok,0.6168608069,0.6477359533,0.5396358024,0.5232290518,average,0.6168608069,0.5396358024,
O1/0527/1,,videos/sample_002104_O1__0527__1.pt,ok,0.6159220934,0.6265321970,0.5401426037,0.5344419305,average,0.6159220934,0.5401426037,
O1/0527/2,,videos/sample_002105_O1__0527__2.pt,ok,0.6139587760,0.6253635287,0.5412041168,0.5350668810,average,0.6139587760,0.5412041168,
O1/0527/3,,videos/sample_002106_O1__0527__3.pt,ok,0.6156141758,0.6261208057,0.5403089487,0.5346618405,average,0.6156141758,0.5403089487,
O1/0527/4,,videos/sample_002107_O1__0527__4.pt,ok,0.6149477959,0.6263352036,0.5406691197,0.5345472224,average,0.6149477959,0.5406691197,
O1/0528/1,,videos/sample_002108_O1__0528__1.pt,ok,0.5532276034,0.5844748020,0.5750906471,0.5573985295,average,0.5532276034,0.5750906471,
O1/0528/2,,videos/sample_002109_O1__0528__2.pt,ok,0.5515643358,0.5703566670,0.5760479727,0.5653237704,average,0.5515643358,0.5760479727,
O1/0528/3,,videos/sample_002110_O1__0528__3.pt,ok,0.5533179045,0.5823910832,0.5750387182,0.5585612022,average,0.5533179045,0.5750387182,
O1/0528/4,,videos/sample_002111_O1__0528__4.pt,ok,0.5518078804,0.5709450245,0.5759076964,0.5649912558,average,0.5518078804,0.5759076964,
O1/0529/1,,videos/sample_002112_O1__0529__1.pt,ok,0.5919479132,0.6126329899,0.5532485543,0.5419221135,average,0.5919479132,0.5532485543,
O1/0529/2,,videos/sample_002113_O1__0529__2.pt,ok,0.5929622054,0.6137692332,0.5526876831,0.5413067078,average,0.5929622054,0.5526876831,
O1/0529/3,,videos/sample_002114_O1__0529__3.pt,ok,0.5926790833,0.6145729423,0.5528441833,0.5408718295,average,0.5926790833,0.5528441833,
O1/0529/4,,videos/sample_002115_O1__0529__4.pt,ok,0.5914331079,0.6112840772,0.5535334429,0.5426536124,average,0.5914331079,0.5535334429,
O1/0530/1,,videos/sample_002116_O1__0530__1.pt,ok,0.5605200529,0.5899766088,0.5709120821,0.5543402513,average,0.5605200529,0.5709120821,
O1/0530/2,,videos/sample_002117_O1__0530__2.pt,ok,0.5614001155,0.5938122869,0.5704098648,0.5522180532,average,0.5614001155,0.5704098648,
O1/0530/3,,videos/sample_002118_O1__0530__3.pt,ok,0.5568624735,0.5736438632,0.5730040619,0.5634684913,average,0.5568624735,0.5730040619,
O1/0530/4,,videos/sample_002119_O1__0530__4.pt,ok,0.5563507676,0.5742962956,0.5732973465,0.5631009860,average,0.5563507676,0.5732973465,
O1/0531/1,,videos/sample_002120_O1__0531__1.pt,ok,0.6161271930,0.6288257837,0.5400318320,0.5332175463,average,0.6161271930,0.5400318320,
O1/0531/2,,videos/sample_002121_O1__0531__2.pt,ok,0.6167863607,0.6291108727,0.5396759777,0.5330655535,average,0.6167863607,0.5396759777,
O1/0531/3,,videos/sample_002122_O1__0531__3.pt,ok,0.6141750813,0.6274199486,0.5410870641,0.5339676894,average,0.6141750813,0.5410870641,
O1/0531/4,,videos/sample_002123_O1__0531__4.pt,ok,0.6159265041,0.6291108727,0.5401402213,0.5330655535,average,0.6159265041,0.5401402213,
O1/0532/1,,videos/sample_002124_O1__0532__1.pt,ok,0.6157701015,0.6427579522,0.5402247072,0.5258401803,average,0.6157701015,0.5402247072,
O1/0532/2,,videos/sample_002125_O1__0532__2.pt,ok,0.6137889624,0.6427258849,0.5412960284,0.5258570428,average,0.6137889624,0.5412960284,
O1/0532/3,,videos/sample_002126_O1__0532__3.pt,ok,0.6163825393,0.6427579522,0.5398939545,0.5258401803,average,0.6163825393,0.5398939545,
O1/0532/4,,videos/sample_002127_O1__0532__4.pt,ok,0.6158887744,0.6427258849,0.5401606010,0.5258570428,average,0.6158887744,0.5401606010,
O1/0533/1,,videos/sample_002128_O1__0533__1.pt,ok,0.6125365496,0.6399132013,0.5419743792,0.5273381943,average,0.6125365496,0.5419743792,
O1/0533/2,,videos/sample_002129_O1__0533__2.pt,ok,0.6100326777,0.6394068599,0.5433331139,0.5276052751,average,0.6100326777,0.5433331139,
O1/0533/3,,videos/sample_002130_O1__0533__3.pt,ok,0.6117260456,0.6394068599,0.5424138296,0.5276052751,average,0.6117260456,0.5424138296,
O1/0533/4,,videos/sample_002131_O1__0533__4.pt,ok,0.6118090153,0.6399132013,0.5423688276,0.5273381943,average,0.6118090153,0.5423688276,
O1/0534/1,,videos/sample_002132_O1__0534__1.pt,ok,0.6168758869,0.6452319622,0.5396276648,0.5245408543,average,0.6168758869,0.5396276648,
O1/0534/2,,videos/sample_002133_O1__0534__2.pt,ok,0.6181032658,0.6452319622,0.5389657435,0.5245408543,average,0.6181032658,0.5389657435,
O1/0534/3,,videos/sample_002134_O1__0534__3.pt,ok,0.6190935969,0.6447277069,0.5384322531,0.5248054235,average,0.6190935969,0.5384322531,
O1/0534/4,,videos/sample_002135_O1__0534__4.pt,ok,0.6187045574,0.6447277069,0.5386417653,0.5248054235,average,0.6187045574,0.5386417653,
O1/0535/1,,videos/sample_002136_O1__0535__1.pt,ok,0.5649765730,0.5861742496,0.5683734619,0.5564520644,average,0.5649765730,0.5683734619,
O1/0535/2,,videos/sample_002137_O1__0535__2.pt,ok,0.5637850761,0.5842362046,0.5690510807,0.5575315392,average,0.5637850761,0.5690510807,
O1/0535/3,,videos/sample_002138_O1__0535__3.pt,ok,0.5659281015,0.5901145339,0.5678328955,0.5542637991,average,0.5659281015,0.5678328955,
O1/0535/4,,videos/sample_002139_O1__0535__4.pt,ok,0.5660139322,0.5907062292,0.5677841601,0.5539359408,average,0.5660139322,0.5677841601,
O1/0536/1,,videos/sample_002140_O1__0536__1.pt,ok,0.5766708851,0.6080496311,0.5617654387,0.5444116378,average,0.5766708851,0.5617654387,
O1/0536/2,,videos/sample_002141_O1__0536__2.pt,ok,0.5773259997,0.6087546945,0.5613975384,0.5440279284,average,0.5773259997,0.5613975384,
O1/0536/3,,videos/sample_002142_O1__0536__3.pt,ok,0.5721758008,0.6001721621,0.5642963057,0.5487171597,average,0.5721758008,0.5642963057,
O1/0536/4,,videos/sample_002143_O1__0536__4.pt,ok,0.5740091205,0.6043930054,0.5632627179,0.5464059915,average,0.5740091205,0.5632627179,
O1/0537/1,,videos/sample_002144_O1__0537__1.pt,ok,0.5700510144,0.6020473242,0.5654965895,0.5476891902,average,0.5700510144,0.5654965895,
O1/0537/2,,videos/sample_002145_O1__0537__2.pt,ok,0.5683914423,0.6052521467,0.5664358510,0.5459367531,average,0.5683914423,0.5664358510,
O1/0537/3,,videos/sample_002146_O1__0537__3.pt,ok,0.5644082427,0.5960643888,0.5686965776,0.5509758012,average,0.5644082427,0.5686965776,
O1/0537/4,,videos/sample_002147_O1__0537__4.pt,ok,0.5705199242,0.6023865938,0.5652314848,0.5475034074,average,0.5705199242,0.5652314848,
O1/0538/1,,videos/sample_002148_O1__0538__1.pt,ok,0.5590080619,0.5928891301,0.5717759490,0.5527280724,average,0.5590080619,0.5717759490,
O1/0538/2,,videos/sample_002149_O1__0538__2.pt,ok,0.5445704460,0.5617997646,0.5800909102,0.5701819465,average,0.5445704460,0.5800909102,
O1/0538/3,,videos/sample_002150_O1__0538__3.pt,ok,0.5571934581,0.5975029469,0.5728144378,0.5501837603,average,0.5571934581,0.5728144378,
O1/0538/4,,videos/sample_002151_O1__0538__4.pt,ok,0.5598359704,0.5923973918,0.5713027667,0.5529999368,average,0.5598359704,0.5713027667,
O1/0539/1,,videos/sample_002152_O1__0539__1.pt,ok,0.6205042005,0.6342286468,0.5376732741,0.5303444135,average,0.6205042005,0.5376732741,
O1/0539/2,,videos/sample_002153_O1__0539__2.pt,ok,0.6198149323,0.6325327158,0.5380440029,0.5312446041,average,0.6198149323,0.5380440029,
O1/0539/3,,videos/sample_002154_O1__0539__3.pt,ok,0.6187273860,0.6321593523,0.5386294690,0.5314429885,average,0.6187273860,0.5386294690,
O1/0539/4,,videos/sample_002155_O1__0539__4.pt,ok,0.6201937795,0.6326252222,0.5378402051,0.5311954628,average,0.6201937795,0.5378402051,
O1/0540/1,,videos/sample_002156_O1__0540__1.pt,ok,0.6181603074,0.6317269206,0.5389350009,0.5316728510,average,0.6181603074,0.5389350009,
O1/0540/2,,videos/sample_002157_O1__0540__2.pt,ok,0.6179325581,0.6325978041,0.5390577570,0.5312100274,average,0.6179325581,0.5390577570,
O1/0540/3,,videos/sample_002158_O1__0540__3.pt,ok,0.6188300848,0.6317316294,0.5385741553,0.5316703474,average,0.6188300848,0.5385741553,
O1/0540/4,,videos/sample_002159_O1__0540__4.pt,ok,0.6196257472,0.6317269206,0.5381458025,0.5316728510,average,0.6196257472,0.5381458025,
O1/0541/1,,videos/sample_002160_O1__0541__1.pt,ok,0.6237981319,0.6467182040,0.5359051289,0.5237618388,average,0.6237981319,0.5359051289,
O1/0541/2,,videos/sample_002161_O1__0541__2.pt,ok,0.6234787107,0.6463327408,0.5360763357,0.5239637687,average,0.6234787107,0.5360763357,
O1/0541/3,,videos/sample_002162_O1__0541__3.pt,ok,0.6219075918,0.6463327408,0.5369192373,0.5239637687,average,0.6219075918,0.5369192373,
O1/0541/4,,videos/sample_002163_O1__0541__4.pt,ok,0.6236290932,0.6467182040,0.5359957253,0.5237618388,average,0.6236290932,0.5359957253,
O1/0542/1,,videos/sample_002164_O1__0542__1.pt,ok,0.5434244871,0.5729638934,0.5807560516,0.5638517631,average,0.5434244871,0.5807560516,
O1/0542/2,,videos/sample_002165_O1__0542__2.pt,ok,0.5391653776,0.5574463010,0.5832348301,0.5726696240,average,0.5391653776,0.5832348301,
O1/0542/3,,videos/sample_002166_O1__0542__3.pt,ok,0.5406581759,0.5591437221,0.5823648277,0.5716983870,average,0.5406581759,0.5823648277,
O1/0542/4,,videos/sample_002167_O1__0542__4.pt,ok,0.5444592237,0.5758768916,0.5801554328,0.5622116539,average,0.5444592237,0.5801554328,
O1/0543/1,,videos/sample_002168_O1__0543__1.pt,ok,0.5519551635,0.5835573077,0.5758228812,0.5579101742,average,0.5519551635,0.5758228812,
O1/0543/2,,videos/sample_002169_O1__0543__2.pt,ok,0.5390994549,0.5568510890,0.5832732798,0.5730105853,average,0.5390994549,0.5832732798,
O1/0543/3,,videos/sample_002170_O1__0543__3.pt,ok,0.5502709746,0.5836809278,0.5767934928,0.5578412096,average,0.5502709746,0.5767934928,
O1/0543/4,,videos/sample_002171_O1__0543__4.pt,ok,0.5506330729,0.5901346803,0.5765846747,0.5542526328,average,0.5506330729,0.5765846747,
O1/0544/1,,videos/sample_002172_O1__0544__1.pt,ok,0.5905141830,0.6085587740,0.5540423323,0.5441345251,average,0.5905141830,0.5540423323,
O1/0544/2,,videos/sample_002173_O1__0544__2.pt,ok,0.5914809108,0.6135957837,0.5535069830,0.5414006053,average,0.5914809108,0.5535069830,
O1/0544/3,,videos/sample_002174_O1__0544__3.pt,ok,0.5893771648,0.6072685122,0.5546726468,0.5448370541,average,0.5893771648,0.5546726468,
O1/0544/4,,videos/sample_002175_O1__0544__4.pt,ok,0.5905117393,0.6122537851,0.5540436863,0.5421276519,average,0.5905117393,0.5540436863,
O1/0545/1,,videos/sample_002176_O1__0545__1.pt,ok,0.5472167134,0.5789868236,0.5785578638,0.5604659299,average,0.5472167134,0.5785578638,
O1/0545/2,,videos/sample_002177_O1__0545__2.pt,ok,0.5554100275,0.5911030173,0.5738369240,0.5537161892,average,0.5554100275,0.5738369240,
O1/0545/3,,videos/sample_002178_O1__0545__3.pt,ok,0.5567708015,0.5952248573,0.5730565927,0.5514385569,average,0.5567708015,0.5730565927,
O1/0545/4,,videos/sample_002179_O1__0545__4.pt,ok,0.5544158816,0.5892258883,0.5744076853,0.5547565621,average,0.5544158816,0.5744076853,
O1/0546/1,,videos/sample_002180_O1__0546__1.pt,ok,0.5509969592,0.5697459579,0.5763749016,0.5656691242,average,0.5509969592,0.5763749016,
O1/0546/2,,videos/sample_002181_O1__0546__2.pt,ok,0.5499606729,0.5687947273,0.5769725006,0.5662074620,average,0.5499606729,0.5769725006,
O1/0546/3,,videos/sample_002182_O1__0546__3.pt,ok,0.5524876118,0.5793497562,0.5755163669,0.5602625554,average,0.5524876118,0.5755163669,
O1/0546/4,,videos/sample_002183_O1__0546__4.pt,ok,0.5529092550,0.5812950730,0.5752737555,0.5591737266,average,0.5529092550,0.5752737555,
O1/0547/1,,videos/sample_002184_O1__0547__1.pt,ok,0.6387585998,0.6610882878,0.5279474115,0.5162891574,average,0.6387585998,0.5279474115,
O1/0547/2,,videos/sample_002185_O1__0547__2.pt,ok,0.6393257976,0.6605629325,0.5276480458,0.5165604640,average,0.6393257976,0.5276480458,
O1/0547/3,,videos/sample_002186_O1__0547__3.pt,ok,0.6378877759,0.6610882878,0.5284073609,0.5162891574,average,0.6378877759,0.5284073609,
O1/0547/4,,videos/sample_002187_O1__0547__4.pt,ok,0.6394361854,0.6605629325,0.5275898031,0.5165604640,average,0.6394361854,0.5275898031,
O1/0548/1,,videos/sample_002188_O1__0548__1.pt,ok,0.6139433980,0.6442712545,0.5412124395,0.5250450269,average,0.6139433980,0.5412124395,
O1/0548/2,,videos/sample_002189_O1__0548__2.pt,ok,0.6124175787,0.6442712545,0.5420388622,0.5250450269,average,0.6124175787,0.5420388622,
O1/0548/3,,videos/sample_002190_O1__0548__3.pt,ok,0.6152682304,0.6426559091,0.5404958984,0.5258938414,average,0.6152682304,0.5404958984,
O1/0548/4,,videos/sample_002191_O1__0548__4.pt,ok,0.6143870354,0.6426559091,0.5409723906,0.5258938414,average,0.6143870354,0.5409723906,
O1/0549/1,,videos/sample_002192_O1__0549__1.pt,ok,0.6252557039,0.6502171159,0.5351245776,0.5219324446,average,0.6252557039,0.5351245776,
O1/0549/2,,videos/sample_002193_O1__0549__2.pt,ok,0.6242895126,0.6504731178,0.5356418601,0.5217988460,average,0.6242895126,0.5356418601,
O1/0549/3,,videos/sample_002194_O1__0549__3.pt,ok,0.6220215559,0.6504731178,0.5368580513,0.5217988460,average,0.6220215559,0.5368580513,
O1/0549/4,,videos/sample_002195_O1__0549__4.pt,ok,0.6247253418,0.6502171159,0.5354084627,0.5219324446,average,0.6247253418,0.5354084627,
O1/0550/1,,videos/sample_002196_O1__0550__1.pt,ok,0.6099931002,0.6230773926,0.5433546181,0.5362915160,average,0.6099931002,0.5433546181,
O1/0550/2,,videos/sample_002197_O1__0550__2.pt,ok,0.6093709469,0.6234347820,0.5436927732,0.5360998853,average,0.6093709469,0.5436927732,
O1/0550/3,,videos/sample_002198_O1__0550__3.pt,ok,0.6107460260,0.6234347820,0.5429456663,0.5360998853,average,0.6107460260,0.5429456663,
O1/0550/4,,videos/sample_002199_O1__0550__4.pt,ok,0.6091589928,0.6230773926,0.5438080233,0.5362915160,average,0.6091589928,0.5438080233,
O1/0551/1,,videos/sample_002200_O1__0551__1.pt,ok,0.6254235506,0.6509927511,0.5350347662,0.5215277724,average,0.6254235506,0.5350347662,
O1/0551/2,,videos/sample_002201_O1__0551__2.pt,ok,0.6243075728,0.6509927511,0.5356321864,0.5215277724,average,0.6243075728,0.5356321864,
O1/0551/3,,videos/sample_002202_O1__0551__3.pt,ok,0.6256126165,0.6506631374,0.5349336189,0.5216997034,average,0.6256126165,0.5349336189,
O1/0551/4,,videos/sample_002203_O1__0551__4.pt,ok,0.6253752112,0.6506631374,0.5350606301,0.5216997034,average,0.6253752112,0.5350606301,
O1/0552/1,,videos/sample_002204_O1__0552__1.pt,ok,0.5753449798,0.6098471880,0.5625107805,0.5434339060,average,0.5753449798,0.5625107805,
O1/0552/2,,videos/sample_002205_O1__0552__2.pt,ok,0.5710870028,0.6132774949,0.5649110450,0.5415729545,average,0.5710870028,0.5649110450,
O1/0552/3,,videos/sample_002206_O1__0552__3.pt,ok,0.5668002963,0.6003870368,0.5673378506,0.5485992669,average,0.5668002963,0.5673378506,
O1/0552/4,,videos/sample_002207_O1__0552__4.pt,ok,0.5751184821,0.6088322401,0.5626382023,0.5439857430,average,0.5751184821,0.5626382023,
O1/0553/1,,videos/sample_002208_O1__0553__1.pt,ok,0.5580375195,0.5931242108,0.5723311512,0.5525981519,average,0.5580375195,0.5723311512,
O1/0553/2,,videos/sample_002209_O1__0553__2.pt,ok,0.5410648584,0.5587113500,0.5821280383,0.5719456269,average,0.5410648584,0.5821280383,
O1/0553/3,,videos/sample_002210_O1__0553__3.pt,ok,0.5583161116,0.5932382941,0.5721717265,0.5525351133,average,0.5583161116,0.5721717265,
O1/0553/4,,videos/sample_002211_O1__0553__4.pt,ok,0.5551012158,0.6015804410,0.5740141589,0.5479449567,average,0.5551012158,0.5740141589,
O1/0554/1,,videos/sample_002212_O1__0554__1.pt,ok,0.6139654517,0.6435438991,0.5412005038,0.5254270602,average,0.6139654517,0.5412005038,
O1/0554/2,,videos/sample_002213_O1__0554__2.pt,ok,0.6124725342,0.6431925297,0.5420090750,0.5256117116,average,0.6124725342,0.5420090750,
O1/0554/3,,videos/sample_002214_O1__0554__3.pt,ok,0.6146582365,0.6431925297,0.5408256982,0.5256117116,average,0.6146582365,0.5408256982,
O1/0554/4,,videos/sample_002215_O1__0554__4.pt,ok,0.6138564348,0.6435438991,0.5412595071,0.5254270602,average,0.6138564348,0.5412595071,
O1/0555/1,,videos/sample_002216_O1__0555__1.pt,ok,0.5645853281,0.5935509205,0.5685958786,0.5523624033,average,0.5645853281,0.5685958786,
O1/0555/2,,videos/sample_002217_O1__0555__2.pt,ok,0.5697649121,0.5965555310,0.5656584025,0.5507052601,average,0.5697649121,0.5656584025,
O1/0555/3,,videos/sample_002218_O1__0555__3.pt,ok,0.5705386996,0.5982288718,0.5652208724,0.5497845131,average,0.5705386996,0.5652208724,
O1/0555/4,,videos/sample_002219_O1__0555__4.pt,ok,0.5706247687,0.5997837186,0.5651722264,0.5489303467,average,0.5706247687,0.5651722264,
O1/0556/1,,videos/sample_002220_O1__0556__1.pt,ok,0.5530136824,0.5907573700,0.5752136843,0.5539076128,average,0.5530136824,0.5752136843,
O1/0556/2,,videos/sample_002221_O1__0556__2.pt,ok,0.5467194319,0.5815014839,0.5788456415,0.5590583190,average,0.5467194319,0.5788456415,
O1/0556/3,,videos/sample_002222_O1__0556__3.pt,ok,0.5530740023,0.5909072757,0.5751789885,0.5538245852,average,0.5530740023,0.5751789885,
O1/0556/4,,videos/sample_002223_O1__0556__4.pt,ok,0.5514255762,0.5911719799,0.5761279104,0.5536780048,average,0.5514255762,0.5761279104,
O1/0557/1,,videos/sample_002224_O1__0557__1.pt,ok,0.5793763995,0.5996235609,0.5602476283,0.5490182691,average,0.5793763995,0.5602476283,
O1/0557/2,,videos/sample_002225_O1__0557__2.pt,ok,0.5784659982,0.6014196873,0.5607579108,0.5480330480,average,0.5784659982,0.5607579108,
O1/0557/3,,videos/sample_002226_O1__0557__3.pt,ok,0.5783132911,0.5965840220,0.5608435490,0.5506895702,average,0.5783132911,0.5608435490,
O1/0557/4,,videos/sample_002227_O1__0557__4.pt,ok,0.5769840479,0.5958386064,0.5615895422,0.5511002159,average,0.5769840479,0.5615895422,
O1/0558/1,,videos/sample_002228_O1__0558__1.pt,ok,0.5654479861,0.5977130532,0.5681055863,0.5500681754,average,0.5654479861,0.5681055863,
O1/0558/2,,videos/sample_002229_O1__0558__2.pt,ok,0.5663860440,0.5977813005,0.5675729203,0.5500306360,average,0.5663860440,0.5675729203,
O1/0558/3,,videos/sample_002230_O1__0558__3.pt,ok,0.5656755567,0.6023894548,0.5679763169,0.5475018409,average,0.5656755567,0.5679763169,
O1/0558/4,,videos/sample_002231_O1__0558__4.pt,ok,0.5607727170,0.5931855440,0.5707678514,0.5525642604,average,0.5607727170,0.5707678514,
O1/0559/1,,videos/sample_002232_O1__0559__1.pt,ok,0.5734916925,0.5972771645,0.5635542412,0.5503079962,average,0.5734916925,0.5635542412,
O1/0559/2,,videos/sample_002233_O1__0559__2.pt,ok,0.5700836182,0.5895079970,0.5654781525,0.5546000825,average,0.5700836182,0.5654781525,
O1/0559/3,,videos/sample_002234_O1__0559__3.pt,ok,0.5747813582,0.5972670913,0.5628279130,0.5503135396,average,0.5747813582,0.5628279130,
O1/0559/4,,videos/sample_002235_O1__0559__4.pt,ok,0.5730659366,0.5936385989,0.5637942288,0.5523139751,average,0.5730659366,0.5637942288,
O1/0560/1,,videos/sample_002236_O1__0560__1.pt,ok,0.5471031666,0.5642257929,0.5786235610,0.5688003456,average,0.5471031666,0.5786235610,
O1/0560/2,,videos/sample_002237_O1__0560__2.pt,ok,0.5625461340,0.5907964110,0.5697565390,0.5538859881,average,0.5625461340,0.5697565390,
O1/0560/3,,videos/sample_002238_O1__0560__3.pt,ok,0.5648112297,0.5936309099,0.5684674464,0.5523182219,average,0.5648112297,0.5684674464,
O1/0560/4,,videos/sample_002239_O1__0560__4.pt,ok,0.5574277639,0.5924820304,0.5726802397,0.5529531336,average,0.5574277639,0.5726802397,
O1/0561/1,,videos/sample_002240_O1__0561__1.pt,ok,0.5812996626,0.6022187471,0.5591711603,0.5475953117,average,0.5812996626,0.5591711603,
O1/0561/2,,videos/sample_002241_O1__0561__2.pt,ok,0.5807445049,0.6012806892,0.5594816746,0.5481092288,average,0.5807445049,0.5594816746,
O1/0561/3,,videos/sample_002242_O1__0561__3.pt,ok,0.5805235505,0.6012806892,0.5596053082,0.5481092288,average,0.5805235505,0.5596053082,
O1/0561/4,,videos/sample_002243_O1__0561__4.pt,ok,0.5814272165,0.6022187471,0.5590998403,0.5475953117,average,0.5814272165,0.5590998403,
O1/0562/1,,videos/sample_002244_O1__0562__1.pt,ok,0.5603306293,0.5814539194,0.5710202366,0.5590849110,average,0.5603306293,0.5710202366,
O1/0562/2,,videos/sample_002245_O1__0562__2.pt,ok,0.5579835176,0.5784304738,0.5723620590,0.5607778317,average,0.5579835176,0.5723620590,
O1/0562/3,,videos/sample_002246_O1__0562__3.pt,ok,0.5596533418,0.5811331868,0.5714071125,0.5592642565,average,0.5596533418,0.5714071125,
O1/0562/4,,videos/sample_002247_O1__0562__4.pt,ok,0.5585439205,0.5789336562,0.5720413955,0.5604957291,average,0.5585439205,0.5720413955,
O1/0563/1,,videos/sample_002248_O1__0563__1.pt,ok,0.5703685880,0.5957530141,0.5653170312,0.5511473878,average,0.5703685880,0.5653170312,
O1/0563/2,,videos/sample_002249_O1__0563__2.pt,ok,0.5680404902,0.5875838995,0.5666346778,0.5556682144,average,0.5680404902,0.5666346778,
O1/0563/3,,videos/sample_002250_O1__0563__3.pt,ok,0.5688488483,0.5894568563,0.5661768191,0.5546284459,average,0.5688488483,0.5661768191,
O1/0563/4,,videos/sample_002251_O1__0563__4.pt,ok,0.5704980493,0.5942638516,0.5652438493,0.5519687472,average,0.5704980493,0.5652438493,
O1/0564/1,,videos/sample_002252_O1__0564__1.pt,ok,0.5654584765,0.5896652341,0.5680996267,0.5545128857,average,0.5654584765,0.5680996267,
O1/0564/2,,videos/sample_002253_O1__0564__2.pt,ok,0.5648652911,0.5904344916,0.5684367151,0.5540864865,average,0.5648652911,0.5684367151,
O1/0564/3,,videos/sample_002254_O1__0564__3.pt,ok,0.5641611814,0.5850364566,0.5688370978,0.5570855520,average,0.5641611814,0.5688370978,
O1/0564/4,,videos/sample_002255_O1__0564__4.pt,ok,0.5629905462,0.5853495598,0.5695033885,0.5569111540,average,0.5629905462,0.5695033885,
O1/0565/1,,videos/sample_002256_O1__0565__1.pt,ok,0.6190254092,0.6325632334,0.5384689688,0.5312283920,average,0.6190254092,0.5384689688,
O1/0565/2,,videos/sample_002257_O1__0565__2.pt,ok,0.6174060702,0.6318674088,0.5393416390,0.5315981625,average,0.6174060702,0.5393416390,
O1/0565/3,,videos/sample_002258_O1__0565__3.pt,ok,0.6196470261,0.6309481263,0.5381343515,0.5320870760,average,0.6196470261,0.5381343515,
O1/0565/4,,videos/sample_002259_O1__0565__4.pt,ok,0.6187945008,0.6323247552,0.5385933202,0.5313550935,average,0.6187945008,0.5385933202,
O1/0566/1,,videos/sample_002260_O1__0566__1.pt,ok,0.5480448008,0.5842725039,0.5780789657,0.5575113016,average,0.5480448008,0.5780789657,
O1/0566/2,,videos/sample_002261_O1__0566__2.pt,ok,0.5496451855,0.5872681141,0.5771545569,0.5558437140,average,0.5496451855,0.5771545569,
O1/0566/3,,videos/sample_002262_O1__0566__3.pt,ok,0.5436816216,0.5770805478,0.5806067384,0.5615353515,average,0.5436816216,0.5806067384,
O1/0566/4,,videos/sample_002263_O1__0566__4.pt,ok,0.5486466885,0.5795885324,0.5777311318,0.5601287940,average,0.5486466885,0.5777311318,
O1/0567/1,,videos/sample_002264_O1__0567__1.pt,ok,0.5406745076,0.5713771582,0.5823553168,0.5647471568,average,0.5406745076,0.5823553168,
O1/0567/2,,videos/sample_002265_O1__0567__2.pt,ok,0.5352674723,0.5543173552,0.5855126608,0.5744642825,average,0.5352674723,0.5855126608,
O1/0567/3,,videos/sample_002266_O1__0567__3.pt,ok,0.5444861054,0.5764738321,0.5801398375,0.5618761471,average,0.5444861054,0.5801398375,
O1/0567/4,,videos/sample_002267_O1__0567__4.pt,ok,0.5422998071,0.5694975257,0.5814095838,0.5658096721,average,0.5422998071,0.5814095838,
O1/0568/1,,videos/sample_002268_O1__0568__1.pt,ok,0.5739668608,0.5940963030,0.5632865217,0.5520612366,average,0.5739668608,0.5632865217,
O1/0568/2,,videos/sample_002269_O1__0568__2.pt,ok,0.5729933977,0.5929174423,0.5638351273,0.5527124236,average,0.5729933977,0.5638351273,
O1/0568/3,,videos/sample_002270_O1__0568__3.pt,ok,0.5726240277,0.5933650136,0.5640434295,0.5524651008,average,0.5726240277,0.5640434295,
O1/0568/4,,videos/sample_002271_O1__0568__4.pt,ok,0.5713915825,0.5908501744,0.5647390107,0.5538562101,average,0.5713915825,0.5647390107,
O1/0569/1,,videos/sample_002272_O1__0569__1.pt,ok,0.5619130731,0.5833300948,0.5701173438,0.5580369530,average,0.5619130731,0.5701173438,
O1/0569/2,,videos/sample_002273_O1__0569__2.pt,ok,0.5613778830,0.5824111700,0.5704225466,0.5585499827,average,0.5613778830,0.5704225466,
O1/0569/3,,videos/sample_002274_O1__0569__3.pt,ok,0.5636649132,0.5914607048,0.5691194637,0.5535181673,average,0.5636649132,0.5691194637,
O1/0569/4,,videos/sample_002275_O1__0569__4.pt,ok,0.5636265278,0.5908319354,0.5691413100,0.5538663120,average,0.5636265278,0.5691413100,
O1/0570/1,,videos/sample_002276_O1__0570__1.pt,ok,0.5400267243,0.5686363578,0.5827326790,0.5662971391,average,0.5400267243,0.5827326790,
O1/0570/2,,videos/sample_002277_O1__0570__2.pt,ok,0.5510210395,0.5835205913,0.5763610225,0.5579306590,average,0.5510210395,0.5763610225,
O1/0570/3,,videos/sample_002278_O1__0570__3.pt,ok,0.5533922911,0.5908483267,0.5749959446,0.5538572335,average,0.5533922911,0.5749959446,
O1/0570/4,,videos/sample_002279_O1__0570__4.pt,ok,0.5483304858,0.5912052989,0.5779138408,0.5536595572,average,0.5483304858,0.5779138408,
O1/0571/1,,videos/sample_002280_O1__0571__1.pt,ok,0.6097126603,0.6245575547,0.5435070178,0.5354983048,average,0.6097126603,0.5435070178,
O1/0571/2,,videos/sample_002281_O1__0571__2.pt,ok,0.6121248603,0.6226174831,0.5421975501,0.5365382183,average,0.6121248603,0.5421975501,
O1/0571/3,,videos/sample_002282_O1__0571__3.pt,ok,0.6119087934,0.6241457462,0.5423147137,0.5357188730,average,0.6119087934,0.5423147137,
O1/0571/4,,videos/sample_002283_O1__0571__4.pt,ok,0.6109776497,0.6230157614,0.5428199218,0.5363245693,average,0.6109776497,0.5428199218,
O1/0572/1,,videos/sample_002284_O1__0572__1.pt,ok,0.6218734980,0.6480819583,0.5369375433,0.5230480432,average,0.6218734980,0.5369375433,
O1/0572/2,,videos/sample_002285_O1__0572__2.pt,ok,0.6226215959,0.6488415003,0.5365360117,0.5226509171,average,0.6226215959,0.5365360117,
O1/0572/3,,videos/sample_002286_O1__0572__3.pt,ok,0.6218734980,0.6480819583,0.5369375433,0.5230480432,average,0.6218734980,0.5369375433,
O1/0572/4,,videos/sample_002287_O1__0572__4.pt,ok,0.6226215959,0.6488415003,0.5365360117,0.5226509171,average,0.6226215959,0.5365360117,
O1/0573/1,,videos/sample_002288_O1__0573__1.pt,ok,0.5537820458,0.5746475458,0.5747718809,0.5629032314,average,0.5537820458,0.5747718809,
O1/0573/2,,videos/sample_002289_O1__0573__2.pt,ok,0.5529354215,0.5748312473,0.5752587028,0.5627998348,average,0.5529354215,0.5752587028,
O1/0573/3,,videos/sample_002290_O1__0573__3.pt,ok,0.5528104901,0.5742194057,0.5753305751,0.5631442845,average,0.5528104901,0.5753305751,
O1/0573/4,,videos/sample_002291_O1__0573__4.pt,ok,0.5514998436,0.5731478930,0.5760851245,0.5637480242,average,0.5514998436,0.5760851245,
O1/0574/1,,videos/sample_002292_O1__0574__1.pt,ok,0.5621260405,0.6054386497,0.5699959403,0.5458349438,average,0.5621260405,0.5699959403,
O1/0574/2,,videos/sample_002293_O1__0574__2.pt,ok,0.5625754595,0.5949454308,0.5697398308,0.5515926650,average,0.5625754595,0.5697398308,
O1/0574/3,,videos/sample_002294_O1__0574__3.pt,ok,0.5531650782,0.5734262466,0.5751266059,0.5635911247,average,0.5531650782,0.5751266059,
O1/0574/4,,videos/sample_002295_O1__0574__4.pt,ok,0.5647938848,0.5980765224,0.5684773065,0.5498682789,average,0.5647938848,0.5684773065,
O1/0575/1,,videos/sample_002296_O1__0575__1.pt,ok,0.5827391744,0.6051558852,0.5583668059,0.5459893083,average,0.5827391744,0.5583668059,
O1/0575/2,,videos/sample_002297_O1__0575__2.pt,ok,0.5818244815,0.6045960784,0.5588777737,0.5462950425,average,0.5818244815,0.5588777737,
O1/0575/3,,videos/sample_002298_O1__0575__3.pt,ok,0.5829605460,0.6052387357,0.5582432130,0.5459440748,average,0.5829605460,0.5582432130,
O1/0575/4,,videos/sample_002299_O1__0575__4.pt,ok,0.5822481513,0.6044735909,0.5586410442,0.5463619609,average,0.5822481513,0.5586410442,
O1/0576/1,,videos/sample_002300_O1__0576__1.pt,ok,0.5705779195,0.5889983177,0.5651987050,0.5548828227,average,0.5705779195,0.5651987050,
O1/0576/2,,videos/sample_002301_O1__0576__2.pt,ok,0.5708695650,0.5887953639,0.5650338913,0.5549954498,average,0.5708695650,0.5650338913,
O1/0576/3,,videos/sample_002302_O1__0576__3.pt,ok,0.5711261630,0.5888168812,0.5648889233,0.5549835079,average,0.5711261630,0.5648889233,
O1/0576/4,,videos/sample_002303_O1__0576__4.pt,ok,0.5699936748,0.5881232023,0.5655290158,0.5553686218,average,0.5699936748,0.5655290158,
O1/0577/1,,videos/sample_002304_O1__0577__1.pt,ok,0.5540434718,0.5771754384,0.5746216402,0.5614820696,average,0.5540434718,0.5746216402,
O1/0577/2,,videos/sample_002305_O1__0577__2.pt,ok,0.5523329973,0.5690754652,0.5756053569,0.5660485284,average,0.5523329973,0.5756053569,
O1/0577/3,,videos/sample_002306_O1__0577__3.pt,ok,0.5533238053,0.5764859915,0.5750353250,0.5618693151,average,0.5533238053,0.5750353250,
O1/0577/4,,videos/sample_002307_O1__0577__4.pt,ok,0.5516972542,0.5698302388,0.5759714104,0.5656214511,average,0.5516972542,0.5759714104,
O1/0578/1,,videos/sample_002308_O1__0578__1.pt,ok,0.5397089720,0.5663803816,0.5829178731,0.5675761341,average,0.5397089720,0.5829178731,
O1/0578/2,,videos/sample_002309_O1__0578__2.pt,ok,0.5415136814,0.5607939363,0.5818668244,0.5707557402,average,0.5415136814,0.5818668244,
O1/0578/3,,videos/sample_002310_O1__0578__3.pt,ok,0.5383515358,0.5572611094,0.5837096842,0.5727756874,average,0.5383515358,0.5837096842,
O1/0578/4,,videos/sample_002311_O1__0578__4.pt,ok,0.5427346826,0.5690153241,0.5811567979,0.5660825722,average,0.5427346826,0.5811567979,
O1/0579/1,,videos/sample_002312_O1__0579__1.pt,ok,0.6113665104,0.6268358231,0.5426088815,0.5342796847,average,0.6113665104,0.5426088815,
O1/0579/2,,videos/sample_002313_O1__0579__2.pt,ok,0.6125330925,0.6289612651,0.5419762528,0.5331453101,average,0.6125330925,0.5419762528,
O1/0579/3,,videos/sample_002314_O1__0579__3.pt,ok,0.6134540439,0.6302693486,0.5414773488,0.5324483675,average,0.6134540439,0.5414773488,
O1/0579/4,,videos/sample_002315_O1__0579__4.pt,ok,0.6129937768,0.6285389066,0.5417266304,0.5333705361,average,0.6129937768,0.5417266304,
O1/0580/1,,videos/sample_002316_O1__0580__1.pt,ok,0.5617140532,0.5854176283,0.5702308198,0.5568732472,average,0.5617140532,0.5702308198,
O1/0580/2,,videos/sample_002317_O1__0580__2.pt,ok,0.5637642145,0.5911828876,0.5690629521,0.5536719655,average,0.5637642145,0.5690629521,
O1/0580/3,,videos/sample_002318_O1__0580__3.pt,ok,0.5621362925,0.5861026645,0.5699900967,0.5564918995,average,0.5621362925,0.5699900967,
O1/0580/4,,videos/sample_002319_O1__0580__4.pt,ok,0.5636830330,0.5909369588,0.5691091514,0.5538081462,average,0.5636830330,0.5691091514,
O1/0581/1,,videos/sample_002320_O1__0581__1.pt,ok,0.5679757595,0.5906573534,0.5666713576,0.5539630155,average,0.5679757595,0.5666713576,
O1/0581/2,,videos/sample_002321_O1__0581__2.pt,ok,0.5676019788,0.5906573534,0.5668832080,0.5539630155,average,0.5676019788,0.5668832080,
O1/0581/3,,videos/sample_002322_O1__0581__3.pt,ok,0.5682749748,0.5901241899,0.5665018262,0.5542584472,average,0.5682749748,0.5665018262,
O1/0581/4,,videos/sample_002323_O1__0581__4.pt,ok,0.5678856969,0.5901241899,0.5667223958,0.5542584472,average,0.5678856969,0.5667223958,
O1/0582/1,,videos/sample_002324_O1__0582__1.pt,ok,0.5565378070,0.5862603784,0.5731901273,0.5564041399,average,0.5565378070,0.5731901273,
O1/0582/2,,videos/sample_002325_O1__0582__2.pt,ok,0.5503819585,0.5859360695,0.5767294816,0.5565846160,average,0.5503819585,0.5767294816,
O1/0582/3,,videos/sample_002326_O1__0582__3.pt,ok,0.5589345098,0.5902687907,0.5718180059,0.5541783067,average,0.5589345098,0.5718180059,
O1/0582/4,,videos/sample_002327_O1__0582__4.pt,ok,0.5555963516,0.5897921920,0.5737300143,0.5544424904,average,0.5555963516,0.5737300143,
O1/0583/1,,videos/sample_002328_O1__0583__1.pt,ok,0.5460634828,0.5908384919,0.5792254594,0.5538626806,average,0.5460634828,0.5792254594,
O1/0583/2,,videos/sample_002329_O1__0583__2.pt,ok,0.5478163362,0.5839903355,0.5782110514,0.5576686359,average,0.5478163362,0.5782110514,
O1/0583/3,,videos/sample_002330_O1__0583__3.pt,ok,0.5331683755,0.5567312837,0.5867429994,0.5730792391,average,0.5331683755,0.5867429994,
O1/0583/4,,videos/sample_002331_O1__0583__4.pt,ok,0.5491946936,0.5846236348,0.5774146189,0.5573155765,average,0.5491946936,0.5774146189,
O1/0584/1,,videos/sample_002332_O1__0584__1.pt,ok,0.5601001382,0.5816755891,0.5711518669,0.5589609925,average,0.5601001382,0.5711518669,
O1/0584/2,,videos/sample_002333_O1__0584__2.pt,ok,0.5598526597,0.5830441117,0.5712932322,0.5581965649,average,0.5598526597,0.5712932322,
O1/0584/3,,videos/sample_002334_O1__0584__3.pt,ok,0.5620013475,0.5871237516,0.5700670192,0.5559239628,average,0.5620013475,0.5700670192,
O1/0584/4,,videos/sample_002335_O1__0584__4.pt,ok,0.5619758368,0.5868964791,0.5700815622,0.5560503234,average,0.5619758368,0.5700815622,
O1/0585/1,,videos/sample_002336_O1__0585__1.pt,ok,0.5691518188,0.5928412676,0.5660053103,0.5527545280,average,0.5691518188,0.5660053103,
O1/0585/2,,videos/sample_002337_O1__0585__2.pt,ok,0.5693448186,0.5916816592,0.5658960819,0.5533958785,average,0.5693448186,0.5658960819,
O1/0585/3,,videos/sample_002338_O1__0585__3.pt,ok,0.5701491833,0.5916816592,0.5654410781,0.5533958785,average,0.5701491833,0.5654410781,
O1/0585/4,,videos/sample_002339_O1__0585__4.pt,ok,0.5696998239,0.5928412676,0.5656952214,0.5527545280,average,0.5696998239,0.5656952214,
O1/0586/1,,videos/sample_002340_O1__0586__1.pt,ok,0.5416898131,0.5601472855,0.5817643483,0.5711249393,average,0.5416898131,0.5817643483,
O1/0586/2,,videos/sample_002341_O1__0586__2.pt,ok,0.5441868305,0.5745331645,0.5803134847,0.5629676207,average,0.5441868305,0.5803134847,
O1/0586/3,,videos/sample_002342_O1__0586__3.pt,ok,0.5441519618,0.5750622153,0.5803337199,0.5626698610,average,0.5441519618,0.5803337199,
O1/0586/4,,videos/sample_002343_O1__0586__4.pt,ok,0.5403354168,0.5590681434,0.5825528216,0.5717415969,average,0.5403354168,0.5825528216,
O1/0587/1,,videos/sample_002344_O1__0587__1.pt,ok,0.6223663092,0.6356534362,0.5366729996,0.5295893224,average,0.6223663092,0.5366729996,
O1/0587/2,,videos/sample_002345_O1__0587__2.pt,ok,0.6235356927,0.6369900703,0.5360457899,0.5288819281,average,0.6235356927,0.5360457899,
O1/0587/3,,videos/sample_002346_O1__0587__3.pt,ok,0.6239284277,0.6357080340,0.5358353073,0.5295604088,average,0.6239284277,0.5358353073,
O1/0587/4,,videos/sample_002347_O1__0587__4.pt,ok,0.6243715882,0.6369900703,0.5355978988,0.5288819281,average,0.6243715882,0.5355978988,
O1/0588/1,,videos/sample_002348_O1__0588__1.pt,ok,0.5816353559,0.6011437774,0.5589834817,0.5481842766,average,0.5816353559,0.5589834817,
O1/0588/2,,videos/sample_002349_O1__0588__2.pt,ok,0.5830618739,0.6054056287,0.5581866502,0.5458529681,average,0.5830618739,0.5581866502,
O1/0588/3,,videos/sample_002350_O1__0588__3.pt,ok,0.5834966302,0.6052632928,0.5579440278,0.5459306681,average,0.5834966302,0.5579440278,
O1/0588/4,,videos/sample_002351_O1__0588__4.pt,ok,0.5821866989,0.6020783782,0.5586753751,0.5476721825,average,0.5821866989,0.5586753751,
O1/0589/1,,videos/sample_002352_O1__0589__1.pt,ok,0.5648019314,0.5943868756,0.5684727322,0.5519008460,average,0.5648019314,0.5684727322,
O1/0589/2,,videos/sample_002353_O1__0589__2.pt,ok,0.5714622736,0.6082716584,0.5646990901,0.5442907770,average,0.5714622736,0.5646990901,
O1/0589/3,,videos/sample_002354_O1__0589__3.pt,ok,0.5712369084,0.6030386686,0.5648263679,0.5471465106,average,0.5712369084,0.5648263679,
O1/0589/4,,videos/sample_002355_O1__0589__4.pt,ok,0.5697798133,0.5998679996,0.5656499736,0.5488840843,average,0.5697798133,0.5656499736,
O1/0590/1,,videos/sample_002356_O1__0590__1.pt,ok,0.6116314530,0.6254909635,0.5424651404,0.5349986992,average,0.6116314530,0.5424651404,
O1/0590/2,,videos/sample_002357_O1__0590__2.pt,ok,0.6127610803,0.6269875765,0.5418527029,0.5341986121,average,0.6127610803,0.5418527029,
O1/0590/3,,videos/sample_002358_O1__0590__3.pt,ok,0.6105467677,0.6260637045,0.5430538636,0.5346923712,average,0.6105467677,0.5430538636,
O1/0590/4,,videos/sample_002359_O1__0590__4.pt,ok,0.6129686832,0.6259208918,0.5417402244,0.5347687376,average,0.6129686832,0.5417402244,
O1/0591/1,,videos/sample_002360_O1__0591__1.pt,ok,0.5390993953,0.5778726339,0.5832733146,0.5610907432,average,0.5390993953,0.5832733146,
O1/0591/2,,videos/sample_002361_O1__0591__2.pt,ok,0.5386611819,0.5594422221,0.5835289688,0.5715277605,average,0.5386611819,0.5835289688,
O1/0591/3,,videos/sample_002362_O1__0591__3.pt,ok,0.5374845862,0.5582394600,0.5842159505,0.5722155860,average,0.5374845862,0.5842159505,
O1/0591/4,,videos/sample_002363_O1__0591__4.pt,ok,0.5399691463,0.5738259554,0.5827662326,0.5633658974,average,0.5399691463,0.5827662326,
O1/0592/1,,videos/sample_002364_O1__0592__1.pt,ok,0.5696533918,0.5826489925,0.5657214884,0.5584171627,average,0.5696533918,0.5657214884,
O1/0592/2,,videos/sample_002365_O1__0592__2.pt,ok,0.5718394518,0.5934511423,0.5644861381,0.5524175197,average,0.5718394518,0.5644861381,
O1/0592/3,,videos/sample_002366_O1__0592__3.pt,ok,0.5689910650,0.5829858184,0.5660963050,0.5582291050,average,0.5689910650,0.5660963050,
O1/0592/4,,videos/sample_002367_O1__0592__4.pt,ok,0.5726109147,0.5949131846,0.5640508259,0.5516104520,average,0.5726109147,0.5640508259,
O1/0593/1,,videos/sample_002368_O1__0593__1.pt,ok,0.5791247487,0.6031963229,0.5603886329,0.5470602574,average,0.5791247487,0.5603886329,
O1/0593/2,,videos/sample_002369_O1__0593__2.pt,ok,0.5801205635,0.6066100001,0.5598308673,0.5451959541,average,0.5801205635,0.5598308673,
O1/0593/3,,videos/sample_002370_O1__0593__3.pt,ok,0.5794355869,0.6017997861,0.5602144697,0.5478247809,average,0.5794355869,0.5602144697,
O1/0593/4,,videos/sample_002371_O1__0593__4.pt,ok,0.5776630044,0.5997694135,0.5612083767,0.5489381993,average,0.5776630044,0.5612083767,
O1/0594/1,,videos/sample_002372_O1__0594__1.pt,ok,0.6168566346,0.6438199282,0.5396380540,0.5252820471,average,0.6168566346,0.5396380540,
O1/0594/2,,videos/sample_002373_O1__0594__2.pt,ok,0.6171059012,0.6438199282,0.5395035570,0.5252820471,average,0.6171059012,0.5395035570,
O1/0594/3,,videos/sample_002374_O1__0594__3.pt,ok,0.6158108711,0.6434431672,0.5402026829,0.5254799901,average,0.6158108711,0.5402026829,
O1/0594/4,,videos/sample_002375_O1__0594__4.pt,ok,0.6173807383,0.6434431672,0.5393553018,0.5254799901,average,0.6173807383,0.5393553018,
O1/0595/1,,videos/sample_002376_O1__0595__1.pt,ok,0.5691519976,0.5885627866,0.5660052090,0.5551245441,average,0.5691519976,0.5660052090,
O1/0595/2,,videos/sample_002377_O1__0595__2.pt,ok,0.5714697242,0.5932959914,0.5646948828,0.5525032344,average,0.5714697242,0.5646948828,
O1/0595/3,,videos/sample_002378_O1__0595__3.pt,ok,0.5699560046,0.5893810987,0.5655503198,0.5546704648,average,0.5699560046,0.5655503198,
O1/0595/4,,videos/sample_002379_O1__0595__4.pt,ok,0.5719377995,0.5949795246,0.5644306249,0.5515738594,average,0.5719377995,0.5644306249,
O1/0596/1,,videos/sample_002380_O1__0596__1.pt,ok,0.5725455880,0.6044946313,0.5640876747,0.5463504653,average,0.5725455880,0.5640876747,
O1/0596/2,,videos/sample_002381_O1__0596__2.pt,ok,0.5747953653,0.6104776263,0.5628200295,0.5430914124,average,0.5747953653,0.5628200295,
O1/0596/3,,videos/sample_002382_O1__0596__3.pt,ok,0.5743621588,0.6104776263,0.5630638997,0.5430914124,average,0.5743621588,0.5630638997,
O1/0596/4,,videos/sample_002383_O1__0596__4.pt,ok,0.5714489222,0.6044946313,0.5647066297,0.5463504653,average,0.5714489222,0.5647066297,
O1/0597/1,,videos/sample_002384_O1__0597__1.pt,ok,0.6216622591,0.6476544738,0.5370509773,0.5232716860,average,0.6216622591,0.5370509773,
O1/0597/2,,videos/sample_002385_O1__0597__2.pt,ok,0.6227058768,0.6476809978,0.5364907938,0.5232578068,average,0.6227058768,0.5364907938,
O1/0597/3,,videos/sample_002386_O1__0597__3.pt,ok,0.6223440170,0.6476544738,0.5366849634,0.5232716860,average,0.6223440170,0.5366849634,
O1/0597/4,,videos/sample_002387_O1__0597__4.pt,ok,0.6226175427,0.6476809978,0.5365381863,0.5232578068,average,0.6226175427,0.5365381863,
O1/0598/1,,videos/sample_002388_O1__0598__1.pt,ok,0.5748806000,0.6072068214,0.5627720598,0.5448706666,average,0.5748806000,0.5627720598,
O1/0598/2,,videos/sample_002389_O1__0598__2.pt,ok,0.5737844706,0.6087633371,0.5633892690,0.5440232266,average,0.5737844706,0.5633892690,
O1/0598/3,,videos/sample_002390_O1__0598__3.pt,ok,0.5617400408,0.5979081392,0.5702160010,0.5499608752,average,0.5617400408,0.5702160010,
O1/0598/4,,videos/sample_002391_O1__0598__4.pt,ok,0.5684572458,0.6165752411,0.5663985788,0.5397899260,average,0.5684572458,0.5663985788,
O1/0599/1,,videos/sample_002392_O1__0599__1.pt,ok,0.5754451752,0.6073160172,0.5624544223,0.5448111723,average,0.5754451752,0.5624544223,
O1/0599/2,,videos/sample_002393_O1__0599__2.pt,ok,0.5714961290,0.6040616632,0.5646799723,0.5465870689,average,0.5714961290,0.5646799723,
O1/0599/3,,videos/sample_002394_O1__0599__3.pt,ok,0.5678326488,0.5993800759,0.5667524602,0.5491519631,average,0.5678326488,0.5667524602,
O1/0599/4,,videos/sample_002395_O1__0599__4.pt,ok,0.5733081698,0.6037973166,0.5636576756,0.5467315764,average,0.5733081698,0.5636576756,
O1/0600/1,,videos/sample_002396_O1__0600__1.pt,ok,0.5715325475,0.6021815538,0.5646594079,0.5476156790,average,0.5715325475,0.5646594079,
O1/0600/2,,videos/sample_002397_O1__0600__2.pt,ok,0.5709797740,0.6021815538,0.5649716229,0.5476156790,average,0.5709797740,0.5649716229,
O1/0600/3,,videos/sample_002398_O1__0600__3.pt,ok,0.5680163503,0.6008272171,0.5666483565,0.5483578374,average,0.5680163503,0.5666483565,
O1/0600/4,,videos/sample_002399_O1__0600__4.pt,ok,0.5725047588,0.6028184891,0.5641107064,0.5472669943,average,0.5725047588,0.5641107064,
O1/0601/1,,videos/sample_002400_O1__0601__1.pt,ok,0.5639192462,0.5857545733,0.5689747362,0.5566856431,average,0.5639192462,0.5689747362,
O1/0601/2,,videos/sample_002401_O1__0601__2.pt,ok,0.5642728209,0.5859642029,0.5687735967,0.5565689576,average,0.5642728209,0.5687735967,
O1/0601/3,,videos/sample_002402_O1__0601__3.pt,ok,0.5646817088,0.5859642029,0.5685410796,0.5565689576,average,0.5646817088,0.5685410796,
O1/0601/4,,videos/sample_002403_O1__0601__4.pt,ok,0.5643531084,0.5857545733,0.5687279331,0.5566856431,average,0.5643531084,0.5687279331,
O1/0602/1,,videos/sample_002404_O1__0602__1.pt,ok,0.5578010678,0.5880487561,0.5724664958,0.5554099684,average,0.5578010678,0.5724664958,
O1/0602/2,,videos/sample_002405_O1__0602__2.pt,ok,0.5556821227,0.5754274130,0.5736808070,0.5624644128,average,0.5556821227,0.5736808070,
O1/0602/3,,videos/sample_002406_O1__0602__3.pt,ok,0.5583921075,0.5849701166,0.5721282454,0.5571225103,average,0.5583921075,0.5721282454,
O1/0602/4,,videos/sample_002407_O1__0602__4.pt,ok,0.5577312708,0.5784093142,0.5725064537,0.5607896977,average,0.5577312708,0.5725064537,
O1/0603/1,,videos/sample_002408_O1__0603__1.pt,ok,0.6208432317,0.6459743977,0.5374910170,0.5241515611,average,0.6208432317,0.5374910170,
O1/0603/2,,videos/sample_002409_O1__0603__2.pt,ok,0.6188326478,0.6459220052,0.5385727749,0.5241790235,average,0.6188326478,0.5385727749,
O1/0603/3,,videos/sample_002410_O1__0603__3.pt,ok,0.6207085848,0.6459220052,0.5375633934,0.5241790235,average,0.6207085848,0.5375633934,
O1/0603/4,,videos/sample_002411_O1__0603__4.pt,ok,0.6210905910,0.6459743977,0.5373580801,0.5241515611,average,0.6210905910,0.5373580801,
O1/0604/1,,videos/sample_002412_O1__0604__1.pt,ok,0.6151086688,0.6442103982,0.5405821477,0.5250769802,average,0.6151086688,0.5405821477,
O1/0604/2,,videos/sample_002413_O1__0604__2.pt,ok,0.6170842052,0.6444244385,0.5395152622,0.5249646046,average,0.6170842052,0.5395152622,
O1/0604/3,,videos/sample_002414_O1__0604__3.pt,ok,0.6168998480,0.6444244385,0.5396147349,0.5249646046,average,0.6168998480,0.5396147349,
O1/0604/4,,videos/sample_002415_O1__0604__4.pt,ok,0.6169639826,0.6442103982,0.5395801280,0.5250769802,average,0.6169639826,0.5395801280,
O1/0605/1,,videos/sample_002416_O1__0605__1.pt,ok,0.5449076295,0.5846136212,0.5798953461,0.5573211573,average,0.5449076295,0.5798953461,
O1/0605/2,,videos/sample_002417_O1__0605__2.pt,ok,0.5315937996,0.5525361896,0.5876675985,0.5754884103,average,0.5315937996,0.5876675985,
O1/0605/3,,videos/sample_002418_O1__0605__3.pt,ok,0.5435233712,0.5835559964,0.5806986269,0.5579109058,average,0.5435233712,0.5806986269,
O1/0605/4,,videos/sample_002419_O1__0605__4.pt,ok,0.5412691832,0.5823212862,0.5820091073,0.5586001895,average,0.5412691832,0.5820091073,
O1/0606/1,,videos/sample_002420_O1__0606__1.pt,ok,0.6199511290,0.6495090723,0.5379707281,0.5223021264,average,0.6199511290,0.5379707281,
O1/0606/2,,videos/sample_002421_O1__0606__2.pt,ok,0.6196738482,0.6502081156,0.5381199178,0.5219371422,average,0.6196738482,0.5381199178,
O1/0606/3,,videos/sample_002422_O1__0606__3.pt,ok,0.6199187040,0.6495090723,0.5379881721,0.5223021264,average,0.6199187040,0.5379881721,
O1/0606/4,,videos/sample_002423_O1__0606__4.pt,ok,0.6174366474,0.6502081156,0.5393251477,0.5219371422,average,0.6174366474,0.5393251477,
O1/0607/1,,videos/sample_002424_O1__0607__1.pt,ok,0.5510517955,0.5898052454,0.5763432962,0.5544352530,average,0.5510517955,0.5763432962,
O1/0607/2,,videos/sample_002425_O1__0607__2.pt,ok,0.5522585511,0.5938541293,0.5756482102,0.5521949475,average,0.5522585511,0.5756482102,
O1/0607/3,,videos/sample_002426_O1__0607__3.pt,ok,0.5522941351,0.5912008286,0.5756277267,0.5536620322,average,0.5522941351,0.5756277267,
O1/0607/4,,videos/sample_002427_O1__0607__4.pt,ok,0.5457012653,0.5791708231,0.5794353029,0.5603628139,average,0.5457012653,0.5794353029,
O1/0608/1,,videos/sample_002428_O1__0608__1.pt,ok,0.5603988767,0.5864642859,0.5709812673,0.5562906965,average,0.5603988767,0.5709812673,
O1/0608/2,,videos/sample_002429_O1__0608__2.pt,ok,0.5583620667,0.5818800926,0.5721454328,0.5588466947,average,0.5583620667,0.5721454328,
O1/0608/3,,videos/sample_002430_O1__0608__3.pt,ok,0.5573014021,0.5809158087,0.5727526092,0.5593858415,average,0.5573014021,0.5727526092,
O1/0608/4,,videos/sample_002431_O1__0608__4.pt,ok,0.5596379042,0.5878841281,0.5714159337,0.5555014120,average,0.5596379042,0.5714159337,
O1/0609/1,,videos/sample_002432_O1__0609__1.pt,ok,0.5500525236,0.5782771111,0.5769195077,0.5608638407,average,0.5500525236,0.5769195077,
O1/0609/2,,videos/sample_002433_O1__0609__2.pt,ok,0.5485156178,0.5790926814,0.5778068603,0.5604066033,average,0.5485156178,0.5778068603,
O1/0609/3,,videos/sample_002434_O1__0609__3.pt,ok,0.5448218584,0.5627186894,0.5799450865,0.5696582329,average,0.5448218584,0.5799450865,
O1/0609/4,,videos/sample_002435_O1__0609__4.pt,ok,0.5479096174,0.5662904978,0.5781571176,0.5676271523,average,0.5479096174,0.5781571176,
O1/0610/1,,videos/sample_002436_O1__0610__1.pt,ok,0.5742344856,0.5931511521,0.5631357924,0.5525832644,average,0.5742344856,0.5631357924,
O1/0610/2,,videos/sample_002437_O1__0610__2.pt,ok,0.5754145980,0.5947809219,0.5624716209,0.5516834144,average,0.5754145980,0.5624716209,
O1/0610/3,,videos/sample_002438_O1__0610__3.pt,ok,0.5752262473,0.5950372219,0.5625775727,0.5515420360,average,0.5752262473,0.5625775727,
O1/0610/4,,videos/sample_002439_O1__0610__4.pt,ok,0.5742327571,0.5930465460,0.5631367658,0.5526410710,average,0.5742327571,0.5631367658,
O1/0611/1,,videos/sample_002440_O1__0611__1.pt,ok,0.6146475673,0.6472529173,0.5408314684,0.5234818513,average,0.6146475673,0.5408314684,
O1/0611/2,,videos/sample_002441_O1__0611__2.pt,ok,0.6125881076,0.6472529173,0.5419464368,0.5234818513,average,0.6125881076,0.5419464368,
O1/0611/3,,videos/sample_002442_O1__0611__3.pt,ok,0.6147894859,0.6453437209,0.5407547198,0.5244822356,average,0.6147894859,0.5407547198,
O1/0611/4,,videos/sample_002443_O1__0611__4.pt,ok,0.6151521802,0.6453437209,0.5405586267,0.5244822356,average,0.6151521802,0.5405586267,
O1/0612/1,,videos/sample_002444_O1__0612__1.pt,ok,0.5604661107,0.5925433040,0.5709428792,0.5529192532,average,0.5604661107,0.5709428792,
O1/0612/2,,videos/sample_002445_O1__0612__2.pt,ok,0.5596818924,0.5911300182,0.5713907987,0.5537012386,average,0.5596818924,0.5713907987,
O1/0612/3,,videos/sample_002446_O1__0612__3.pt,ok,0.5563414693,0.5911572576,0.5733026772,0.5536861563,average,0.5563414693,0.5733026772,
O1/0612/4,,videos/sample_002447_O1__0612__4.pt,ok,0.5486533046,0.5770954490,0.5777273095,0.5615269840,average,0.5486533046,0.5777273095,
O1/0613/1,,videos/sample_002448_O1__0613__1.pt,ok,0.5624011159,0.5976418853,0.5698391700,0.5501073240,average,0.5624011159,0.5698391700,
O1/0613/2,,videos/sample_002449_O1__0613__2.pt,ok,0.5623751283,0.5987875462,0.5698539789,0.5494774484,average,0.5623751283,0.5698539789,
O1/0613/3,,videos/sample_002450_O1__0613__3.pt,ok,0.5610669255,0.6078656316,0.5705999513,0.5445118185,average,0.5610669255,0.5705999513,
O1/0613/4,,videos/sample_002451_O1__0613__4.pt,ok,0.5535771251,0.5859942436,0.5748896756,0.5565522381,average,0.5535771251,0.5748896756,
O1/0614/1,,videos/sample_002452_O1__0614__1.pt,ok,0.5478042960,0.5752319098,0.5782180132,0.5625743872,average,0.5478042960,0.5782180132,
O1/0614/2,,videos/sample_002453_O1__0614__2.pt,ok,0.5445542336,0.5635116696,0.5801003150,0.5692066842,average,0.5445542336,0.5801003150,
O1/0614/3,,videos/sample_002454_O1__0614__3.pt,ok,0.5471661091,0.5757953525,0.5785871421,0.5622574980,average,0.5471661091,0.5785871421,
O1/0614/4,,videos/sample_002455_O1__0614__4.pt,ok,0.5449757576,0.5628462434,0.5798558403,0.5695855753,average,0.5449757576,0.5798558403,
O1/0615/1,,videos/sample_002456_O1__0615__1.pt,ok,0.6161150932,0.6425469518,0.5400383663,0.5259511445,average,0.6161150932,0.5400383663,
O1/0615/2,,videos/sample_002457_O1__0615__2.pt,ok,0.6160603166,0.6428683400,0.5400679486,0.5257821371,average,0.6160603166,0.5400679486,
O1/0615/3,,videos/sample_002458_O1__0615__3.pt,ok,0.6163840890,0.6425469518,0.5398931178,0.5259511445,average,0.6163840890,0.5398931178,
O1/0615/4,,videos/sample_002459_O1__0615__4.pt,ok,0.6138429046,0.6428683400,0.5412668305,0.5257821371,average,0.6138429046,0.5412668305,
O1/0616/1,,videos/sample_002460_O1__0616__1.pt,ok,0.6149618626,0.6295641065,0.5406615144,0.5328240049,average,0.6149618626,0.5406615144,
O1/0616/2,,videos/sample_002461_O1__0616__2.pt,ok,0.6143681407,0.6305969357,0.5409826122,0.5322739728,average,0.6143681407,0.5409826122,
O1/0616/3,,videos/sample_002462_O1__0616__3.pt,ok,0.6140230894,0.6295641065,0.5411693112,0.5328240049,average,0.6140230894,0.5411693112,
O1/0616/4,,videos/sample_002463_O1__0616__4.pt,ok,0.6148086786,0.6305969357,0.5407443414,0.5322739728,average,0.6148086786,0.5407443414,
O1/0617/1,,videos/sample_002464_O1__0617__1.pt,ok,0.5701135993,0.6063872576,0.5654611991,0.5453174060,average,0.5701135993,0.5654611991,
O1/0617/2,,videos/sample_002465_O1__0617__2.pt,ok,0.5713096857,0.6054531932,0.5647852629,0.5458270055,average,0.5713096857,0.5647852629,
O1/0617/3,,videos/sample_002466_O1__0617__3.pt,ok,0.5664373636,0.5979932547,0.5675437934,0.5499140671,average,0.5664373636,0.5675437934,
O1/0617/4,,videos/sample_002467_O1__0617__4.pt,ok,0.5707938075,0.6020039916,0.5650766985,0.5477129235,average,0.5707938075,0.5650766985,
O1/0618/1,,videos/sample_002468_O1__0618__1.pt,ok,0.5451372862,0.5726006627,0.5797621845,0.5640566086,average,0.5451372862,0.5797621845,
O1/0618/2,,videos/sample_002469_O1__0618__2.pt,ok,0.5484185815,0.5835885406,0.5778629313,0.5578927493,average,0.5484185815,0.5778629313,
O1/0618/3,,videos/sample_002470_O1__0618__3.pt,ok,0.5551977158,0.5868143439,0.5739587693,0.5560959966,average,0.5551977158,0.5739587693,
O1/0618/4,,videos/sample_002471_O1__0618__4.pt,ok,0.5568289161,0.5895308852,0.5730232907,0.5545873889,average,0.5568289161,0.5730232907,
O1/0619/1,,videos/sample_002472_O1__0619__1.pt,ok,0.6173627973,0.6352187991,0.5393649784,0.5298195516,average,0.6173627973,0.5393649784,
O1/0619/2,,videos/sample_002473_O1__0619__2.pt,ok,0.6171810627,0.6339608431,0.5394630086,0.5304864607,average,0.6171810627,0.5394630086,
O1/0619/3,,videos/sample_002474_O1__0619__3.pt,ok,0.6165671349,0.6339538693,0.5397943017,0.5304901602,average,0.6165671349,0.5397943017,
O1/0619/4,,videos/sample_002475_O1__0619__4.pt,ok,0.6163282394,0.6328199506,0.5399232714,0.5310920341,average,0.6163282394,0.5399232714,
O1/0620/1,,videos/sample_002476_O1__0620__1.pt,ok,0.6084962487,0.6313410401,0.5441685483,0.5318780527,average,0.6084962487,0.5441685483,
O1/0620/2,,videos/sample_002477_O1__0620__2.pt,ok,0.6080459356,0.6321251988,0.5444136497,0.5314611394,average,0.6080459356,0.5444136497,
O1/0620/3,,videos/sample_002478_O1__0620__3.pt,ok,0.6065667272,0.6321251988,0.5452195469,0.5314611394,average,0.6065667272,0.5452195469,
O1/0620/4,,videos/sample_002479_O1__0620__4.pt,ok,0.6080334187,0.6313410401,0.5444204641,0.5318780527,average,0.6080334187,0.5444204641,
O1/0621/1,,videos/sample_002480_O1__0621__1.pt,ok,0.6143909097,0.6440166235,0.5409702948,0.5251787367,average,0.6143909097,0.5409702948,
O1/0621/2,,videos/sample_002481_O1__0621__2.pt,ok,0.6169492006,0.6428588629,0.5395881041,0.5257871201,average,0.6169492006,0.5395881041,
O1/0621/3,,videos/sample_002482_O1__0621__3.pt,ok,0.6143909097,0.6440166235,0.5409702948,0.5251787367,average,0.6143909097,0.5409702948,
O1/0621/4,,videos/sample_002483_O1__0621__4.pt,ok,0.6169492006,0.6428588629,0.5395881041,0.5257871201,average,0.6169492006,0.5395881041,
O1/0622/1,,videos/sample_002484_O1__0622__1.pt,ok,0.5767699480,0.6143285036,0.5617097913,0.5410040556,average,0.5767699480,0.5617097913,
O1/0622/2,,videos/sample_002485_O1__0622__2.pt,ok,0.5702512860,0.5974087715,0.5653833479,0.5502355765,average,0.5702512860,0.5653833479,
O1/0622/3,,videos/sample_002486_O1__0622__3.pt,ok,0.5759460926,0.6033345461,0.5621727496,0.5469846462,average,0.5759460926,0.5621727496,
O1/0622/4,,videos/sample_002487_O1__0622__4.pt,ok,0.5768650174,0.6061592102,0.5616563924,0.5454417783,average,0.5768650174,0.5616563924,
O1/0623/1,,videos/sample_002488_O1__0623__1.pt,ok,0.5593975186,0.5825456381,0.5715533104,0.5584748806,average,0.5593975186,0.5715533104,
O1/0623/2,,videos/sample_002489_O1__0623__2.pt,ok,0.5579705834,0.5759614706,0.5723694621,0.5621641046,average,0.5579705834,0.5723694621,
O1/0623/3,,videos/sample_002490_O1__0623__3.pt,ok,0.5580781102,0.5836631060,0.5723079203,0.5578511514,average,0.5580781102,0.5723079203,
O1/0623/4,,videos/sample_002491_O1__0623__4.pt,ok,0.5591070056,0.5756049752,0.5717193782,0.5623645493,average,0.5591070056,0.5717193782,
O1/0624/1,,videos/sample_002492_O1__0624__1.pt,ok,0.5626526475,0.5814256072,0.5696958554,0.5591007401,average,0.5626526475,0.5696958554,
O1/0624/2,,videos/sample_002493_O1__0624__2.pt,ok,0.5686670542,0.5960963368,0.5662797561,0.5509581989,average,0.5686670542,0.5662797561,
O1/0624/3,,videos/sample_002494_O1__0624__3.pt,ok,0.5690693259,0.5965042710,0.5660520036,0.5507334900,average,0.5690693259,0.5660520036,
O1/0624/4,,videos/sample_002495_O1__0624__4.pt,ok,0.5682134628,0.6058628559,0.5665366740,0.5456034463,average,0.5682134628,0.5665366740,
O1/0625/1,,videos/sample_002496_O1__0625__1.pt,ok,0.6275386810,0.6507865787,0.5339042939,0.5216353082,average,0.6275386810,0.5339042939,
O1/0625/2,,videos/sample_002497_O1__0625__2.pt,ok,0.6259997487,0.6506199837,0.5347265690,0.5217222172,average,0.6259997487,0.5347265690,
O1/0625/3,,videos/sample_002498_O1__0625__3.pt,ok,0.6275734901,0.6507865787,0.5338857095,0.5216353082,average,0.6275734901,0.5338857095,
O1/0625/4,,videos/sample_002499_O1__0625__4.pt,ok,0.6273072362,0.6506199837,0.5340278776,0.5217222172,average,0.6273072362,0.5340278776,
O1/0626/1,,videos/sample_002500_O1__0626__1.pt,ok,0.5884383917,0.6140296459,0.5551936031,0.5411657630,average,0.5884383917,0.5551936031,
O1/0626/2,,videos/sample_002501_O1__0626__2.pt,ok,0.5887593627,0.6133694649,0.5550154306,0.5415231484,average,0.5887593627,0.5550154306,
O1/0626/3,,videos/sample_002502_O1__0626__3.pt,ok,0.5872313380,0.6119965911,0.5558641562,0.5422671018,average,0.5872313380,0.5558641562,
O1/0626/4,,videos/sample_002503_O1__0626__4.pt,ok,0.5835915208,0.6082907915,0.5578910867,0.5442803631,average,0.5835915208,0.5578910867,
O1/0627/1,,videos/sample_002504_O1__0627__1.pt,ok,0.6218873858,0.6319735646,0.5369300864,0.5315417332,average,0.6218873858,0.5369300864,
O1/0627/2,,videos/sample_002505_O1__0627__2.pt,ok,0.6205989122,0.6319735646,0.5376223525,0.5315417332,average,0.6205989122,0.5376223525,
O1/0627/3,,videos/sample_002506_O1__0627__3.pt,ok,0.6194812059,0.6317380071,0.5382235924,0.5316669566,average,0.6194812059,0.5382235924,
O1/0627/4,,videos/sample_002507_O1__0627__4.pt,ok,0.6215162873,0.6317380071,0.5371293774,0.5316669566,average,0.6215162873,0.5371293774,
O1/0628/1,,videos/sample_002508_O1__0628__1.pt,ok,0.5519711375,0.5851801038,0.5758136831,0.5570055340,average,0.5519711375,0.5758136831,
O1/0628/2,,videos/sample_002509_O1__0628__2.pt,ok,0.5453476906,0.5785270333,0.5796402129,0.5607236859,average,0.5453476906,0.5796402129,
O1/0628/3,,videos/sample_002510_O1__0628__3.pt,ok,0.5514820814,0.5829225779,0.5760953571,0.5582644088,average,0.5514820814,0.5760953571,
O1/0628/4,,videos/sample_002511_O1__0628__4.pt,ok,0.5531487465,0.5867627859,0.5751359988,0.5561246685,average,0.5531487465,0.5751359988,
O1/0629/1,,videos/sample_002512_O1__0629__1.pt,ok,0.6178735495,0.6325544119,0.5390895669,0.5312330783,average,0.6178735495,0.5390895669,
O1/0629/2,,videos/sample_002513_O1__0629__2.pt,ok,0.6189701557,0.6336283088,0.5384987220,0.5306628950,average,0.6189701557,0.5384987220,
O1/0629/3,,videos/sample_002514_O1__0629__3.pt,ok,0.6185544133,0.6329178810,0.5387226453,0.5310400266,average,0.6185544133,0.5387226453,
O1/0629/4,,videos/sample_002515_O1__0629__4.pt,ok,0.6165794134,0.6316470504,0.5397876738,0.5317153175,average,0.6165794134,0.5397876738,
O1/0630/1,,videos/sample_002516_O1__0630__1.pt,ok,0.6168876886,0.6321946383,0.5396212963,0.5314242363,average,0.6168876886,0.5396212963,
O1/0630/2,,videos/sample_002517_O1__0630__2.pt,ok,0.6180184484,0.6326878071,0.5390114591,0.5311622191,average,0.6180184484,0.5390114591,
O1/0630/3,,videos/sample_002518_O1__0630__3.pt,ok,0.6184185147,0.6326211095,0.5387958619,0.5311976475,average,0.6184185147,0.5387958619,
O1/0630/4,,videos/sample_002519_O1__0630__4.pt,ok,0.6187435985,0.6317759156,0.5386207366,0.5316468023,average,0.6187435985,0.5386207366,
O1/0631/1,,videos/sample_002520_O1__0631__1.pt,ok,0.6191226244,0.6305634975,0.5384166240,0.5322917714,average,0.6191226244,0.5384166240,
O1/0631/2,,videos/sample_002521_O1__0631__2.pt,ok,0.6189686060,0.6310077906,0.5384995565,0.5320553304,average,0.6189686060,0.5384995565,
O1/0631/3,,videos/sample_002522_O1__0631__3.pt,ok,0.6180132627,0.6307398677,0.5390142542,0.5321978993,average,0.6180132627,0.5390142542,
O1/0631/4,,videos/sample_002523_O1__0631__4.pt,ok,0.6175755262,0.6305666566,0.5392502521,0.5322900898,average,0.6175755262,0.5392502521,
O1/0632/1,,videos/sample_002524_O1__0632__1.pt,ok,0.6158916950,0.6296938062,0.5401590234,0.5327549023,average,0.6158916950,0.5401590234,
O1/0632/2,,videos/sample_002525_O1__0632__2.pt,ok,0.6163670421,0.6290620565,0.5399023214,0.5330915763,average,0.6163670421,0.5399023214,
O1/0632/3,,videos/sample_002526_O1__0632__3.pt,ok,0.6167873144,0.6303134561,0.5396754631,0.5324248830,average,0.6167873144,0.5396754631,
O1/0632/4,,videos/sample_002527_O1__0632__4.pt,ok,0.6148794889,0.6290620565,0.5407060524,0.5330915763,average,0.6148794889,0.5407060524,
O1/0633/1,,videos/sample_002528_O1__0633__1.pt,ok,0.5842364430,0.6027048826,0.5575314063,0.5473291709,average,0.5842364430,0.5575314063,
O1/0633/2,,videos/sample_002529_O1__0633__2.pt,ok,0.5855730176,0.6036716104,0.5567867218,0.5468003083,average,0.5855730176,0.5567867218,
O1/0633/3,,videos/sample_002530_O1__0633__3.pt,ok,0.5854969025,0.6042175889,0.5568291033,0.5465018485,average,0.5854969025,0.5568291033,
O1/0633/4,,videos/sample_002531_O1__0633__4.pt,ok,0.5846382976,0.6036716104,0.5573074048,0.5468003083,average,0.5846382976,0.5573074048,
O1/0634/1,,videos/sample_002532_O1__0634__1.pt,ok,0.5880614519,0.6069497466,0.5554029171,0.5450107572,average,0.5880614519,0.5554029171,
O1/0634/2,,videos/sample_002533_O1__0634__2.pt,ok,0.5893612504,0.6069664955,0.5546814742,0.5450016289,average,0.5893612504,0.5546814742,
O1/0634/3,,videos/sample_002534_O1__0634__3.pt,ok,0.5902166367,0.6096762419,0.5542072101,0.5435268118,average,0.5902166367,0.5542072101,
O1/0634/4,,videos/sample_002535_O1__0634__4.pt,ok,0.5894338489,0.6106929779,0.5546412066,0.5429744694,average,0.5894338489,0.5546412066,
O1/0635/1,,videos/sample_002536_O1__0635__1.pt,ok,0.5533617735,0.5906010866,0.5750134924,0.5539941861,average,0.5533617735,0.5750134924,
O1/0635/2,,videos/sample_002537_O1__0635__2.pt,ok,0.5540871620,0.5943892002,0.5745965354,0.5518995631,average,0.5540871620,0.5745965354,
O1/0635/3,,videos/sample_002538_O1__0635__3.pt,ok,0.5491175056,0.5827645659,0.5774591901,0.5583526282,average,0.5491175056,0.5774591901,
O1/0635/4,,videos/sample_002539_O1__0635__4.pt,ok,0.5528675318,0.5960102677,0.5752977583,0.5510056214,average,0.5528675318,0.5752977583,
O1/0636/1,,videos/sample_002540_O1__0636__1.pt,ok,0.5531193614,0.5721784234,0.5751528995,0.5642948257,average,0.5531193614,0.5751528995,
O1/0636/2,,videos/sample_002541_O1__0636__2.pt,ok,0.5543248057,0.5734490752,0.5744600024,0.5635782588,average,0.5543248057,0.5744600024,
O1/0636/3,,videos/sample_002542_O1__0636__3.pt,ok,0.5550998449,0.5836979151,0.5740149459,0.5578317334,average,0.5550998449,0.5740149459,
O1/0636/4,,videos/sample_002543_O1__0636__4.pt,ok,0.5539069176,0.5783272386,0.5747001126,0.5608357267,average,0.5539069176,0.5747001126,
O1/0637/1,,videos/sample_002544_O1__0637__1.pt,ok,0.5847237110,0.6086730361,0.5572598053,0.5440723547,average,0.5847237110,0.5572598053,
O1/0637/2,,videos/sample_002545_O1__0637__2.pt,ok,0.5847824216,0.6090711355,0.5572270892,0.5438558029,average,0.5847824216,0.5572270892,
O1/0637/3,,videos/sample_002546_O1__0637__3.pt,ok,0.5810586214,0.6052863598,0.5593059598,0.5459180753,average,0.5810586214,0.5593059598,
O1/0637/4,,videos/sample_002547_O1__0637__4.pt,ok,0.5836736560,0.6093047261,0.5578452661,0.5437287781,average,0.5836736560,0.5578452661,
O1/0638/1,,videos/sample_002548_O1__0638__1.pt,ok,0.6157462597,0.6450067759,0.5402375873,0.5246589871,average,0.6157462597,0.5402375873,
O1/0638/2,,videos/sample_002549_O1__0638__2.pt,ok,0.6133637428,0.6450067759,0.5415262470,0.5246589871,average,0.6133637428,0.5415262470,
O1/0638/3,,videos/sample_002550_O1__0638__3.pt,ok,0.6168619394,0.6443220973,0.5396351913,0.5250183328,average,0.6168619394,0.5396351913,
O1/0638/4,,videos/sample_002551_O1__0638__4.pt,ok,0.6172454357,0.6443220973,0.5394282829,0.5250183328,average,0.6172454357,0.5394282829,
O1/0639/1,,videos/sample_002552_O1__0639__1.pt,ok,0.6158576608,0.6297835708,0.5401774076,0.5327070819,average,0.6158576608,0.5401774076,
O1/0639/2,,videos/sample_002553_O1__0639__2.pt,ok,0.6152532697,0.6290982962,0.5405039847,0.5330722577,average,0.6152532697,0.5405039847,
O1/0639/3,,videos/sample_002554_O1__0639__3.pt,ok,0.6168786287,0.6297835708,0.5396261852,0.5327070819,average,0.6168786287,0.5396261852,
O1/0639/4,,videos/sample_002555_O1__0639__4.pt,ok,0.6167852283,0.6291316152,0.5396765889,0.5330544965,average,0.6167852283,0.5396765889,
O1/0640/1,,videos/sample_002556_O1__0640__1.pt,ok,0.5652642250,0.5835273266,0.5682099916,0.5579269012,average,0.5652642250,0.5682099916,
O1/0640/2,,videos/sample_002557_O1__0640__2.pt,ok,0.5672006011,0.5872647166,0.5671107880,0.5558456025,average,0.5672006011,0.5671107880,
O1/0640/3,,videos/sample_002558_O1__0640__3.pt,ok,0.5666050911,0.5862436891,0.5674486087,0.5564134260,average,0.5666050911,0.5674486087,
O1/0640/4,,videos/sample_002559_O1__0640__4.pt,ok,0.5673823953,0.5871441960,0.5670076999,0.5559125974,average,0.5673823953,0.5670076999,
O1/0641/1,,videos/sample_002560_O1__0641__1.pt,ok,0.6245090365,0.6467730403,0.5355242868,0.5237331185,average,0.6245090365,0.5355242868,
O1/0641/2,,videos/sample_002561_O1__0641__2.pt,ok,0.6250385642,0.6455681920,0.5352407870,0.5243645177,average,0.6250385642,0.5352407870,
O1/0641/3,,videos/sample_002562_O1__0641__3.pt,ok,0.6238842010,0.6467730403,0.5358590060,0.5237331185,average,0.6238842010,0.5358590060,
O1/0641/4,,videos/sample_002563_O1__0641__4.pt,ok,0.6250419617,0.6455681920,0.5352389685,0.5243645177,average,0.6250419617,0.5352389685,
O1/0642/1,,videos/sample_002564_O1__0642__1.pt,ok,0.5429623723,0.5591002107,0.5810244896,0.5717232630,average,0.5429623723,0.5810244896,
O1/0642/2,,videos/sample_002565_O1__0642__2.pt,ok,0.5390744209,0.5566771626,0.5832878817,0.5731102556,average,0.5390744209,0.5832878817,
O1/0642/3,,videos/sample_002566_O1__0642__3.pt,ok,0.5431889892,0.5736403465,0.5808928345,0.5634704728,average,0.5431889892,0.5808928345,
O1/0642/4,,videos/sample_002567_O1__0642__4.pt,ok,0.5460046530,0.5745874643,0.5792595361,0.5629370525,average,0.5460046530,0.5792595361,
O1/0643/1,,videos/sample_002568_O1__0643__1.pt,ok,0.5547914505,0.5876895785,0.5741919962,0.5556094950,average,0.5547914505,0.5741919962,
O1/0643/2,,videos/sample_002569_O1__0643__2.pt,ok,0.5554161668,0.5892068148,0.5738334011,0.5547671434,average,0.5554161668,0.5738334011,
O1/0643/3,,videos/sample_002570_O1__0643__3.pt,ok,0.5386685133,0.5559950471,0.5835246907,0.5735013164,average,0.5386685133,0.5835246907,
O1/0643/4,,videos/sample_002571_O1__0643__4.pt,ok,0.5449808836,0.5837648511,0.5798528679,0.5577943956,average,0.5449808836,0.5798528679,
O1/0644/1,,videos/sample_002572_O1__0644__1.pt,ok,0.5881947875,0.6042857170,0.5553288670,0.5464646177,average,0.5881947875,0.5553288670,
O1/0644/2,,videos/sample_002573_O1__0644__2.pt,ok,0.5857471824,0.6013427377,0.5566897576,0.5480752206,average,0.5857471824,0.5566897576,
O1/0644/3,,videos/sample_002574_O1__0644__3.pt,ok,0.5881664157,0.6035051942,0.5553446229,0.5468913123,average,0.5881664157,0.5553446229,
O1/0644/4,,videos/sample_002575_O1__0644__4.pt,ok,0.5878956914,0.6045039892,0.5554949886,0.5463453526,average,0.5878956914,0.5554949886,
O1/0645/1,,videos/sample_002576_O1__0645__1.pt,ok,0.5543065071,0.5736352801,0.5744705143,0.5634733276,average,0.5543065071,0.5744705143,
O1/0645/2,,videos/sample_002577_O1__0645__2.pt,ok,0.5574238896,0.5888552666,0.5726824584,0.5549622050,average,0.5574238896,0.5726824584,
O1/0645/3,,videos/sample_002578_O1__0645__3.pt,ok,0.5570744872,0.5867201090,0.5728825900,0.5561484027,average,0.5570744872,0.5728825900,
O1/0645/4,,videos/sample_002579_O1__0645__4.pt,ok,0.5533149838,0.5727272034,0.5750403977,0.5639852370,average,0.5533149838,0.5750403977,
O1/0646/1,,videos/sample_002580_O1__0646__1.pt,ok,0.5538868904,0.5759819150,0.5747116223,0.5621526116,average,0.5538868904,0.5747116223,
O1/0646/2,,videos/sample_002581_O1__0646__2.pt,ok,0.5528256893,0.5760213137,0.5753218306,0.5621304640,average,0.5528256893,0.5753218306,
O1/0646/3,,videos/sample_002582_O1__0646__3.pt,ok,0.5546468496,0.5799220204,0.5742750308,0.5599420289,average,0.5546468496,0.5742750308,
O1/0646/4,,videos/sample_002583_O1__0646__4.pt,ok,0.5552389026,0.5800992846,0.5739351302,0.5598427800,average,0.5552389026,0.5739351302,
O1/0647/1,,videos/sample_002584_O1__0647__1.pt,ok,0.5592671633,0.5814162493,0.5716278202,0.5591059722,average,0.5592671633,0.5716278202,
O1/0647/2,,videos/sample_002585_O1__0647__2.pt,ok,0.5580121875,0.5794045329,0.5723456497,0.5602318669,average,0.5580121875,0.5723456497,
O1/0647/3,,videos/sample_002586_O1__0647__3.pt,ok,0.5603108406,0.5824334025,0.5710315365,0.5585375648,average,0.5603108406,0.5710315365,
O1/0647/4,,videos/sample_002587_O1__0647__4.pt,ok,0.5607805848,0.5825563073,0.5707633607,0.5584689221,average,0.5607805848,0.5707633607,
O1/0648/1,,videos/sample_002588_O1__0648__1.pt,ok,0.5353759527,0.5553315282,0.5854491476,0.5738819716,average,0.5353759527,0.5854491476,
O1/0648/2,,videos/sample_002589_O1__0648__2.pt,ok,0.5392554402,0.5732234120,0.5831823048,0.5637054521,average,0.5392554402,0.5831823048,
O1/0648/3,,videos/sample_002590_O1__0648__3.pt,ok,0.5339874029,0.5536506176,0.5862626375,0.5748474271,average,0.5339874029,0.5862626375,
O1/0648/4,,videos/sample_002591_O1__0648__4.pt,ok,0.5380252004,0.5685141683,0.5839002005,0.5663663389,average,0.5380252004,0.5839002005,
O1/0649/1,,videos/sample_002592_O1__0649__1.pt,ok,0.5512333512,0.5810983181,0.5762386673,0.5592837576,average,0.5512333512,0.5762386673,
O1/0649/2,,videos/sample_002593_O1__0649__2.pt,ok,0.5489941239,0.5690228343,0.5775304424,0.5660783208,average,0.5489941239,0.5775304424,
O1/0649/3,,videos/sample_002594_O1__0649__3.pt,ok,0.5514324903,0.5839145184,0.5761239270,0.5577109183,average,0.5514324903,0.5761239270,
O1/0649/4,,videos/sample_002595_O1__0649__4.pt,ok,0.5490384102,0.5696170330,0.5775048663,0.5657420578,average,0.5490384102,0.5775048663,
O1/0650/1,,videos/sample_002596_O1__0650__1.pt,ok,0.6200768948,0.6436968446,0.5379030741,0.5253467046,average,0.6200768948,0.5379030741,
O1/0650/2,,videos/sample_002597_O1__0650__2.pt,ok,0.6204903722,0.6441147327,0.5376807093,0.5251272143,average,0.6204903722,0.5376807093,
O1/0650/3,,videos/sample_002598_O1__0650__3.pt,ok,0.6203656197,0.6436968446,0.5377477905,0.5253467046,average,0.6203656197,0.5377477905,
O1/0650/4,,videos/sample_002599_O1__0650__4.pt,ok,0.6191671491,0.6441147327,0.5383926517,0.5251272143,average,0.6191671491,0.5383926517,
O1/0651/1,,videos/sample_002600_O1__0651__1.pt,ok,0.5337174535,0.5619289875,0.5864209202,0.5701082708,average,0.5337174535,0.5864209202,
O1/0651/2,,videos/sample_002601_O1__0651__2.pt,ok,0.5318625569,0.5604199171,0.5875096797,0.5709692537,average,0.5318625569,0.5875096797,
O1/0651/3,,videos/sample_002602_O1__0651__3.pt,ok,0.5323713422,0.5524856448,0.5872108395,0.5755174989,average,0.5323713422,0.5872108395,
O1/0651/4,,videos/sample_002603_O1__0651__4.pt,ok,0.5305248499,0.5499556065,0.5882961215,0.5769754238,average,0.5305248499,0.5882961215,
O1/0652/1,,videos/sample_002604_O1__0652__1.pt,ok,0.5623250604,0.5865142345,0.5698825110,0.5562629112,average,0.5623250604,0.5698825110,
O1/0652/2,,videos/sample_002605_O1__0652__2.pt,ok,0.5629336238,0.5843673944,0.5695358069,0.5574584016,average,0.5629336238,0.5695358069,
O1/0652/3,,videos/sample_002606_O1__0652__3.pt,ok,0.5628514290,0.5865142345,0.5695826217,0.5562629112,average,0.5628514290,0.5695826217,
O1/0652/4,,videos/sample_002607_O1__0652__4.pt,ok,0.5633365512,0.5843673944,0.5693063715,0.5574584016,average,0.5633365512,0.5693063715,
O1/0653/1,,videos/sample_002608_O1__0653__1.pt,ok,0.6032789946,0.6307374835,0.5470150329,0.5321991681,average,0.6032789946,0.5470150329,
O1/0653/2,,videos/sample_002609_O1__0653__2.pt,ok,0.6033603549,0.6301610470,0.5469705293,0.5325060356,average,0.6033603549,0.5469705293,
O1/0653/3,,videos/sample_002610_O1__0653__3.pt,ok,0.6033682227,0.6307374835,0.5469662259,0.5321991681,average,0.6033682227,0.5469662259,
O1/0653/4,,videos/sample_002611_O1__0653__4.pt,ok,0.6003089547,0.6301610470,0.5486421043,0.5325060356,average,0.6003089547,0.5486421043,
O1/0654/1,,videos/sample_002612_O1__0654__1.pt,ok,0.5423421860,0.5718833208,0.5813849448,0.5644613752,average,0.5423421860,0.5813849448,
O1/0654/2,,videos/sample_002613_O1__0654__2.pt,ok,0.5421179533,0.5741707683,0.5815153249,0.5631716751,average,0.5421179533,0.5815153249,
O1/0654/3,,videos/sample_002614_O1__0654__3.pt,ok,0.5393181443,0.5591447949,0.5831457381,0.5716977737,average,0.5393181443,0.5831457381,
O1/0654/4,,videos/sample_002615_O1__0654__4.pt,ok,0.5388751030,0.5592908263,0.5834041530,0.5716142940,average,0.5388751030,0.5834041530,
O1/0655/1,,videos/sample_002616_O1__0655__1.pt,ok,0.6195589304,0.6508309245,0.5381817609,0.5216121763,average,0.6195589304,0.5381817609,
O1/0655/2,,videos/sample_002617_O1__0655__2.pt,ok,0.6198865771,0.6512247920,0.5380054563,0.5214067707,average,0.6198865771,0.5380054563,
O1/0655/3,,videos/sample_002618_O1__0655__3.pt,ok,0.6191161275,0.6508309245,0.5384201221,0.5216121763,average,0.6191161275,0.5384201221,
O1/0655/4,,videos/sample_002619_O1__0655__4.pt,ok,0.6197879910,0.6512247920,0.5380584987,0.5214067707,average,0.6197879910,0.5380584987,
O1/0656/1,,videos/sample_002620_O1__0656__1.pt,ok,0.5530484915,0.5882186294,0.5751936620,0.5553156271,average,0.5530484915,0.5751936620,
O1/0656/2,,videos/sample_002621_O1__0656__2.pt,ok,0.5493286252,0.5909870863,0.5773372900,0.5537803858,average,0.5493286252,0.5773372900,
O1/0656/3,,videos/sample_002622_O1__0656__3.pt,ok,0.5383512378,0.5562124252,0.5837098582,0.5733766633,average,0.5383512378,0.5837098582,
O1/0656/4,,videos/sample_002623_O1__0656__4.pt,ok,0.5564609170,0.5932095647,0.5732342016,0.5525509876,average,0.5564609170,0.5732342016,
O1/0657/1,,videos/sample_002624_O1__0657__1.pt,ok,0.6221380830,0.6457498670,0.5367954965,0.5242692625,average,0.6221380830,0.5367954965,
O1/0657/2,,videos/sample_002625_O1__0657__2.pt,ok,0.6222035885,0.6457498670,0.5367603345,0.5242692625,average,0.6222035885,0.5367603345,
O1/0657/3,,videos/sample_002626_O1__0657__3.pt,ok,0.6209331751,0.6471833587,0.5374426754,0.5235182652,average,0.6209331751,0.5374426754,
O1/0657/4,,videos/sample_002627_O1__0657__4.pt,ok,0.6218682528,0.6471833587,0.5369403596,0.5235182652,average,0.6218682528,0.5369403596,
O1/0658/1,,videos/sample_002628_O1__0658__1.pt,ok,0.6162668467,0.6312696934,0.5399564199,0.5319160018,average,0.6162668467,0.5399564199,
O1/0658/2,,videos/sample_002629_O1__0658__2.pt,ok,0.6166384816,0.6300053000,0.5397557905,0.5325889783,average,0.6166384816,0.5397557905,
O1/0658/3,,videos/sample_002630_O1__0658__3.pt,ok,0.6177957058,0.6308773756,0.5391315333,0.5321247229,average,0.6177957058,0.5391315333,
O1/0658/4,,videos/sample_002631_O1__0658__4.pt,ok,0.6177113652,0.6317572594,0.5391770059,0.5316567209,average,0.6177113652,0.5391770059,
O1/0659/1,,videos/sample_002632_O1__0659__1.pt,ok,0.5915735960,0.6186637282,0.5534556835,0.5386637581,average,0.5915735960,0.5534556835,
O1/0659/2,,videos/sample_002633_O1__0659__2.pt,ok,0.5892653465,0.6164277196,0.5547346728,0.5398695625,average,0.5892653465,0.5547346728,
O1/0659/3,,videos/sample_002634_O1__0659__3.pt,ok,0.5870952010,0.6100483537,0.5559398350,0.5433245967,average,0.5870952010,0.5559398350,
O1/0659/4,,videos/sample_002635_O1__0659__4.pt,ok,0.5900908709,0.6178715229,0.5542769148,0.5390906594,average,0.5900908709,0.5542769148,
O1/0660/1,,videos/sample_002636_O1__0660__1.pt,ok,0.5599263310,0.5818509459,0.5712511458,0.5588629835,average,0.5599263310,0.5712511458,
O1/0660/2,,videos/sample_002637_O1__0660__2.pt,ok,0.5600889921,0.5824269056,0.5711582330,0.5585411936,average,0.5600889921,0.5711582330,
O1/0660/3,,videos/sample_002638_O1__0660__3.pt,ok,0.5596636534,0.5824269056,0.5714012204,0.5585411936,average,0.5596636534,0.5714012204,
O1/0660/4,,videos/sample_002639_O1__0660__4.pt,ok,0.5601472855,0.5818509459,0.5711249393,0.5588629835,average,0.5601472855,0.5711249393,
O1/0661/1,,videos/sample_002640_O1__0661__1.pt,ok,0.5606472492,0.6012226343,0.5708394688,0.5481410502,average,0.5606472492,0.5708394688,
O1/0661/2,,videos/sample_002641_O1__0661__2.pt,ok,0.5668119788,0.5971186757,0.5673312227,0.5503952207,average,0.5668119788,0.5673312227,
O1/0661/3,,videos/sample_002642_O1__0661__3.pt,ok,0.5663657784,0.5996633172,0.5675844226,0.5489964426,average,0.5663657784,0.5675844226,
O1/0661/4,,videos/sample_002643_O1__0661__4.pt,ok,0.5532295704,0.5737301707,0.5750895159,0.5634198618,average,0.5532295704,0.5750895159,
O1/0662/1,,videos/sample_002644_O1__0662__1.pt,ok,0.5558494925,0.5909363627,0.5735847982,0.5538084763,average,0.5558494925,0.5735847982,
O1/0662/2,,videos/sample_002645_O1__0662__2.pt,ok,0.5538346767,0.6024202704,0.5747416309,0.5474849696,average,0.5538346767,0.5747416309,
O1/0662/3,,videos/sample_002646_O1__0662__3.pt,ok,0.5506737828,0.5858049393,0.5765612024,0.5566576059,average,0.5506737828,0.5765612024,
O1/0662/4,,videos/sample_002647_O1__0662__4.pt,ok,0.5393694043,0.5568704009,0.5831158468,0.5729995195,average,0.5393694043,0.5831158468,
O1/0663/1,,videos/sample_002648_O1__0663__1.pt,ok,0.5540512204,0.5711396933,0.5746171877,0.5648812803,average,0.5540512204,0.5746171877,
O1/0663/2,,videos/sample_002649_O1__0663__2.pt,ok,0.5558069348,0.5844920278,0.5736092091,0.5573889280,average,0.5558069348,0.5736092091,
O1/0663/3,,videos/sample_002650_O1__0663__3.pt,ok,0.5541278720,0.5780290365,0.5745731441,0.5610029940,average,0.5541278720,0.5745731441,
O1/0663/4,,videos/sample_002651_O1__0663__4.pt,ok,0.5531193614,0.5721784234,0.5751528995,0.5642948257,average,0.5531193614,0.5751528995,
O1/0664/1,,videos/sample_002652_O1__0664__1.pt,ok,0.6232534647,0.6366144419,0.5361970984,0.5290806285,average,0.6232534647,0.5361970984,
O1/0664/2,,videos/sample_002653_O1__0664__2.pt,ok,0.6218702197,0.6355628967,0.5369393035,0.5296372733,average,0.6218702197,0.5369393035,
O1/0664/3,,videos/sample_002654_O1__0664__3.pt,ok,0.6227083802,0.6365575194,0.5364894507,0.5291107459,average,0.6227083802,0.5364894507,
O1/0664/4,,videos/sample_002655_O1__0664__4.pt,ok,0.6231985688,0.6358922720,0.5362265342,0.5294628526,average,0.6231985688,0.5362265342,
O1/0665/1,,videos/sample_002656_O1__0665__1.pt,ok,0.5684338212,0.5893743634,0.5664118466,0.5546742007,average,0.5684338212,0.5664118466,
O1/0665/2,,videos/sample_002657_O1__0665__2.pt,ok,0.5674749613,0.5879989862,0.5669552167,0.5554376118,average,0.5674749613,0.5669552167,
O1/0665/3,,videos/sample_002658_O1__0665__3.pt,ok,0.5675220490,0.5873200297,0.5669285207,0.5558148578,average,0.5675220490,0.5669285207,
O1/0665/4,,videos/sample_002659_O1__0665__4.pt,ok,0.5685473084,0.5888435841,0.5663475697,0.5549686884,average,0.5685473084,0.5663475697,
O1/0666/1,,videos/sample_002660_O1__0666__1.pt,ok,0.5515944958,0.5773499012,0.5760305994,0.5613841204,average,0.5515944958,0.5760305994,
O1/0666/2,,videos/sample_002661_O1__0666__2.pt,ok,0.5477175713,0.5648172498,0.5782681612,0.5684640242,average,0.5477175713,0.5782681612,
O1/0666/3,,videos/sample_002662_O1__0666__3.pt,ok,0.5502617955,0.5677828193,0.5767987873,0.5667807019,average,0.5502617955,0.5767987873,
O1/0666/4,,videos/sample_002663_O1__0666__4.pt,ok,0.5523551702,0.5837531686,0.5755925942,0.5578009121,average,0.5523551702,0.5755925942,
O1/0667/1,,videos/sample_002664_O1__0667__1.pt,ok,0.5489328504,0.5804390907,0.5775658308,0.5596525744,average,0.5489328504,0.5775658308,
O1/0667/2,,videos/sample_002665_O1__0667__2.pt,ok,0.5427528024,0.5634405613,0.5811462676,0.5692471610,average,0.5427528024,0.5811462676,
O1/0667/3,,videos/sample_002666_O1__0667__3.pt,ok,0.5456678271,0.5657418966,0.5794546785,0.5679386387,average,0.5456678271,0.5794546785,
O1/0667/4,,videos/sample_002667_O1__0667__4.pt,ok,0.5470558405,0.5776954889,0.5786509456,0.5611901464,average,0.5470558405,0.5786509456,
O1/0668/1,,videos/sample_002668_O1__0668__1.pt,ok,0.6221871972,0.6548860073,0.5367691328,0.5195012786,average,0.6221871972,0.5367691328,
O1/0668/2,,videos/sample_002669_O1__0668__2.pt,ok,0.6241112947,0.6546406150,0.5357373296,0.5196287758,average,0.6241112947,0.5357373296,
O1/0668/3,,videos/sample_002670_O1__0668__3.pt,ok,0.6238469481,0.6546406150,0.5358789687,0.5196287758,average,0.6238469481,0.5358789687,
O1/0668/4,,videos/sample_002671_O1__0668__4.pt,ok,0.6241217256,0.6548860073,0.5357317415,0.5195012786,average,0.6241217256,0.5357317415,
O1/0669/1,,videos/sample_002672_O1__0669__1.pt,ok,0.6187252402,0.6317749023,0.5386306248,0.5316473410,average,0.6187252402,0.5386306248,
O1/0669/2,,videos/sample_002673_O1__0669__2.pt,ok,0.6198775172,0.6325086355,0.5380103306,0.5312573968,average,0.6198775172,0.5380103306,
O1/0669/3,,videos/sample_002674_O1__0669__3.pt,ok,0.6193757653,0.6312634349,0.5382803460,0.5319193308,average,0.6193757653,0.5382803460,
O1/0669/4,,videos/sample_002675_O1__0669__4.pt,ok,0.6178929806,0.6308161020,0.5390790919,0.5321573291,average,0.6178929806,0.5390790919,
O1/0670/1,,videos/sample_002676_O1__0670__1.pt,ok,0.5663272142,0.5871496797,0.5676063114,0.5559095490,average,0.5663272142,0.5676063114,
O1/0670/2,,videos/sample_002677_O1__0670__2.pt,ok,0.5676924586,0.5888963342,0.5668319188,0.5549394145,average,0.5676924586,0.5668319188,
O1/0670/3,,videos/sample_002678_O1__0670__3.pt,ok,0.5667145252,0.5871496797,0.5673865138,0.5559095490,average,0.5667145252,0.5673865138,
O1/0670/4,,videos/sample_002679_O1__0670__4.pt,ok,0.5680614710,0.5888963342,0.5666227895,0.5549394145,average,0.5680614710,0.5666227895,
O1/0671/1,,videos/sample_002680_O1__0671__1.pt,ok,0.5461364985,0.5788454413,0.5791831684,0.5605451754,average,0.5461364985,0.5791831684,
O1/0671/2,,videos/sample_002681_O1__0671__2.pt,ok,0.5440315008,0.5827085972,0.5804036317,0.5583838794,average,0.5440315008,0.5804036317,
O1/0671/3,,videos/sample_002682_O1__0671__3.pt,ok,0.5352674723,0.5543173552,0.5855126608,0.5744642825,average,0.5352674723,0.5855126608,
O1/0671/4,,videos/sample_002683_O1__0671__4.pt,ok,0.5463572741,0.5769369602,0.5790553130,0.5616159868,average,0.5463572741,0.5790553130,
O1/0672/1,,videos/sample_002684_O1__0672__1.pt,ok,0.6187704802,0.6457336545,0.5386062577,0.5242777622,average,0.6187704802,0.5386062577,
O1/0672/2,,videos/sample_002685_O1__0672__2.pt,ok,0.6185982823,0.6455487609,0.5386990125,0.5243747068,average,0.6185982823,0.5386990125,
O1/0672/3,,videos/sample_002686_O1__0672__3.pt,ok,0.6164163351,0.6455487609,0.5398757086,0.5243747068,average,0.6164163351,0.5398757086,
O1/0672/4,,videos/sample_002687_O1__0672__4.pt,ok,0.6180930734,0.6457336545,0.5389712369,0.5242777622,average,0.6180930734,0.5389712369,
O1/0673/1,,videos/sample_002688_O1__0673__1.pt,ok,0.6113810539,0.6247183681,0.5426009902,0.5354121965,average,0.6113810539,0.5426009902,
O1/0673/2,,videos/sample_002689_O1__0673__2.pt,ok,0.6117607951,0.6261497140,0.5423949813,0.5346463846,average,0.6117607951,0.5423949813,
O1/0673/3,,videos/sample_002690_O1__0673__3.pt,ok,0.6107126474,0.6239544153,0.5429637894,0.5358213824,average,0.6107126474,0.5429637894,
O1/0673/4,,videos/sample_002691_O1__0673__4.pt,ok,0.6122637987,0.6247594953,0.5421222233,0.5353901769,average,0.6122637987,0.5421222233,
O1/0674/1,,videos/sample_002692_O1__0674__1.pt,ok,0.5528753996,0.5705660582,0.5752932319,0.5652054090,average,0.5528753996,0.5752932319,
O1/0674/2,,videos/sample_002693_O1__0674__2.pt,ok,0.5491722822,0.5655400753,0.5774275597,0.5680532724,average,0.5491722822,0.5774275597,
O1/0674/3,,videos/sample_002694_O1__0674__3.pt,ok,0.5566190481,0.5876393318,0.5731435626,0.5556374133,average,0.5566190481,0.5731435626,
O1/0674/4,,videos/sample_002695_O1__0674__4.pt,ok,0.5544434786,0.5834310651,0.5743918336,0.5579806107,average,0.5544434786,0.5743918336,
O1/0675/1,,videos/sample_002696_O1__0675__1.pt,ok,0.6176126599,0.6294661164,0.5392302281,0.5328762189,average,0.6176126599,0.5392302281,
O1/0675/2,,videos/sample_002697_O1__0675__2.pt,ok,0.6157756448,0.6297841072,0.5402217126,0.5327067962,average,0.6157756448,0.5402217126,
O1/0675/3,,videos/sample_002698_O1__0675__3.pt,ok,0.6174823642,0.6292914748,0.5393004921,0.5329692894,average,0.6174823642,0.5393004921,
O1/0675/4,,videos/sample_002699_O1__0675__4.pt,ok,0.6169398427,0.6289585233,0.5395931536,0.5331467719,average,0.6169398427,0.5395931536,
O1/0676/1,,videos/sample_002700_O1__0676__1.pt,ok,0.5715072751,0.5904600024,0.5646736784,0.5540723515,average,0.5715072751,0.5646736784,
O1/0676/2,,videos/sample_002701_O1__0676__2.pt,ok,0.5698488355,0.5889987946,0.5656109325,0.5548825582,average,0.5698488355,0.5656109325,
O1/0676/3,,videos/sample_002702_O1__0676__3.pt,ok,0.5708582401,0.5891048312,0.5650402903,0.5548237234,average,0.5708582401,0.5650402903,
O1/0676/4,,videos/sample_002703_O1__0676__4.pt,ok,0.5695337653,0.5881888270,0.5657891677,0.5553321771,average,0.5695337653,0.5657891677,
O1/0677/1,,videos/sample_002704_O1__0677__1.pt,ok,0.5662803054,0.5856356025,0.5676329378,0.5567518765,average,0.5662803054,0.5676329378,
O1/0677/2,,videos/sample_002705_O1__0677__2.pt,ok,0.5667291284,0.5895856619,0.5673782283,0.5545570112,average,0.5667291284,0.5673782283,
O1/0677/3,,videos/sample_002706_O1__0677__3.pt,ok,0.5651351810,0.5851734281,0.5682833205,0.5570092524,average,0.5651351810,0.5682833205,
O1/0677/4,,videos/sample_002707_O1__0677__4.pt,ok,0.5673279762,0.5888663530,0.5670385568,0.5549560525,average,0.5673279762,0.5670385568,
O1/0678/1,,videos/sample_002708_O1__0678__1.pt,ok,0.5642297864,0.5940138698,0.5687980741,0.5521067467,average,0.5642297864,0.5687980741,
O1/0678/2,,videos/sample_002709_O1__0678__2.pt,ok,0.5696534514,0.6041274071,0.5657214547,0.5465511353,average,0.5696534514,0.5657214547,
O1/0678/3,,videos/sample_002710_O1__0678__3.pt,ok,0.5680320263,0.6096254587,0.5666394737,0.5435544145,average,0.5680320263,0.5666394737,
O1/0678/4,,videos/sample_002711_O1__0678__4.pt,ok,0.5559002161,0.5857589841,0.5735557046,0.5566831877,average,0.5559002161,0.5735557046,
O1/0679/1,,videos/sample_002712_O1__0679__1.pt,ok,0.5565177202,0.5816776156,0.5732016410,0.5589598598,average,0.5565177202,0.5732016410,
O1/0679/2,,videos/sample_002713_O1__0679__2.pt,ok,0.5563931465,0.5793284178,0.5732730513,0.5602745106,average,0.5563931465,0.5732730513,
O1/0679/3,,videos/sample_002714_O1__0679__3.pt,ok,0.5552120209,0.5731120110,0.5739505588,0.5637682529,average,0.5552120209,0.5739505588,
O1/0679/4,,videos/sample_002715_O1__0679__4.pt,ok,0.5556892157,0.5740760565,0.5736767379,0.5632250166,average,0.5556892157,0.5736767379,
O1/0680/1,,videos/sample_002716_O1__0680__1.pt,ok,0.6168326735,0.6446654201,0.5396509844,0.5248381130,average,0.6168326735,0.5396509844,
O1/0680/2,,videos/sample_002717_O1__0680__2.pt,ok,0.6180865169,0.6446654201,0.5389747707,0.5248381130,average,0.6180865169,0.5389747707,
O1/0680/3,,videos/sample_002718_O1__0680__3.pt,ok,0.6170077920,0.6443080306,0.5395564898,0.5250257182,average,0.6170077920,0.5395564898,
O1/0680/4,,videos/sample_002719_O1__0680__4.pt,ok,0.6177733541,0.6443080306,0.5391435839,0.5250257182,average,0.6177733541,0.5391435839,
O1/0681/1,,videos/sample_002720_O1__0681__1.pt,ok,0.5423371792,0.5800484419,0.5813878557,0.5598712447,average,0.5423371792,0.5813878557,
O1/0681/2,,videos/sample_002721_O1__0681__2.pt,ok,0.5495156050,0.5997171998,0.5772293497,0.5489668621,average,0.5495156050,0.5772293497,
O1/0681/3,,videos/sample_002722_O1__0681__3.pt,ok,0.5511627793,0.5895490646,0.5762793349,0.5545773069,average,0.5511627793,0.5762793349,
O1/0681/4,,videos/sample_002723_O1__0681__4.pt,ok,0.5506294966,0.5885457993,0.5765867367,0.5551339743,average,0.5506294966,0.5765867367,
O1/0682/1,,videos/sample_002724_O1__0682__1.pt,ok,0.5599297881,0.5870929360,0.5712491709,0.5559410942,average,0.5599297881,0.5712491709,
O1/0682/2,,videos/sample_002725_O1__0682__2.pt,ok,0.5615481138,0.6017856598,0.5703254513,0.5478325197,average,0.5615481138,0.5703254513,
O1/0682/3,,videos/sample_002726_O1__0682__3.pt,ok,0.5531650782,0.5734262466,0.5751266059,0.5635911247,average,0.5531650782,0.5751266059,
O1/0682/4,,videos/sample_002727_O1__0682__4.pt,ok,0.5577514768,0.5881811380,0.5724948858,0.5553364470,average,0.5577514768,0.5724948858,
O1/0683/1,,videos/sample_002728_O1__0683__1.pt,ok,0.5674098134,0.5884217024,0.5669921538,0.5552028690,average,0.5674098134,0.5669921538,
O1/0683/2,,videos/sample_002729_O1__0683__2.pt,ok,0.5685681701,0.5943167210,0.5663357549,0.5519395658,average,0.5685681701,0.5663357549,
O1/0683/3,,videos/sample_002730_O1__0683__3.pt,ok,0.5689495206,0.5951299071,0.5661198237,0.5514909186,average,0.5689495206,0.5661198237,
O1/0683/4,,videos/sample_002731_O1__0683__4.pt,ok,0.5670443177,0.5880118608,0.5671994249,0.5554304608,average,0.5670443177,0.5671994249,
O1/0684/1,,videos/sample_002732_O1__0684__1.pt,ok,0.6366283894,0.6588311195,0.5290732492,0.5174558251,average,0.6366283894,0.5290732492,
O1/0684/2,,videos/sample_002733_O1__0684__2.pt,ok,0.6371420026,0.6588311195,0.5288015800,0.5174558251,average,0.6371420026,0.5288015800,
O1/0684/3,,videos/sample_002734_O1__0684__3.pt,ok,0.6367216110,0.6585215926,0.5290239304,0.5176160164,average,0.6367216110,0.5290239304,
O1/0684/4,,videos/sample_002735_O1__0684__4.pt,ok,0.6367974877,0.6585215926,0.5289837914,0.5176160164,average,0.6367974877,0.5289837914,
O1/0685/1,,videos/sample_002736_O1__0685__1.pt,ok,0.6260387897,0.6362052560,0.5347056931,0.5292971651,average,0.6260387897,0.5347056931,
O1/0685/2,,videos/sample_002737_O1__0685__2.pt,ok,0.6251147389,0.6362052560,0.5352000167,0.5292971651,average,0.6251147389,0.5352000167,
O1/0685/3,,videos/sample_002738_O1__0685__3.pt,ok,0.6253619194,0.6362133622,0.5350677421,0.5292928746,average,0.6253619194,0.5350677421,
O1/0685/4,,videos/sample_002739_O1__0685__4.pt,ok,0.6242585778,0.6362133622,0.5356584304,0.5292928746,average,0.6242585778,0.5356584304,
O1/0686/1,,videos/sample_002740_O1__0686__1.pt,ok,0.6219134331,0.6481719017,0.5369161011,0.5230010006,average,0.6219134331,0.5369161011,
O1/0686/2,,videos/sample_002741_O1__0686__2.pt,ok,0.6206738353,0.6473099589,0.5375820738,0.5234519919,average,0.6206738353,0.5375820738,
O1/0686/3,,videos/sample_002742_O1__0686__3.pt,ok,0.6215634942,0.6481719017,0.5371040217,0.5230010006,average,0.6215634942,0.5371040217,
O1/0686/4,,videos/sample_002743_O1__0686__4.pt,ok,0.6189783216,0.6473099589,0.5384943247,0.5234519919,average,0.6189783216,0.5384943247,
O1/0687/1,,videos/sample_002744_O1__0687__1.pt,ok,0.5835508704,0.6105304360,0.5579137656,0.5430627326,average,0.5835508704,0.5579137656,
O1/0687/2,,videos/sample_002745_O1__0687__2.pt,ok,0.5902928114,0.6143105030,0.5541649952,0.5410137941,average,0.5902928114,0.5541649952,
O1/0687/3,,videos/sample_002746_O1__0687__3.pt,ok,0.5918279290,0.6180558801,0.5533149393,0.5389912834,average,0.5918279290,0.5533149393,
O1/0687/4,,videos/sample_002747_O1__0687__4.pt,ok,0.5873280764,0.6161511540,0.5558103854,0.5400188924,average,0.5873280764,0.5558103854,
O1/0688/1,,videos/sample_002748_O1__0688__1.pt,ok,0.5874687433,0.6082665920,0.5557322067,0.5442935346,average,0.5874687433,0.5557322067,
O1/0688/2,,videos/sample_002749_O1__0688__2.pt,ok,0.5872057080,0.6063263416,0.5558784031,0.5453506255,average,0.5872057080,0.5558784031,
O1/0688/3,,videos/sample_002750_O1__0688__3.pt,ok,0.5862480402,0.6059928536,0.5564110050,0.5455325237,average,0.5862480402,0.5564110050,
O1/0688/4,,videos/sample_002751_O1__0688__4.pt,ok,0.5852421522,0.6056438684,0.5569709737,0.5457229397,average,0.5852421522,0.5569709737,
O1/0689/1,,videos/sample_002752_O1__0689__1.pt,ok,0.5301883221,0.5496264696,0.5884941328,0.5771653589,average,0.5301883221,0.5884941328,
O1/0689/2,,videos/sample_002753_O1__0689__2.pt,ok,0.5426796675,0.5753761530,0.5811887712,0.5624932455,average,0.5426796675,0.5811887712,
O1/0689/3,,videos/sample_002754_O1__0689__3.pt,ok,0.5413603783,0.5707108378,0.5819560333,0.5651235847,average,0.5413603783,0.5819560333,
O1/0689/4,,videos/sample_002755_O1__0689__4.pt,ok,0.5371948481,0.5770298839,0.5843852447,0.5615638018,average,0.5371948481,0.5843852447,
O1/0690/1,,videos/sample_002756_O1__0690__1.pt,ok,0.6231303215,0.6372823119,0.5362631314,0.5287273894,average,0.6231303215,0.5362631314,
O1/0690/2,,videos/sample_002757_O1__0690__2.pt,ok,0.6241266131,0.6368425488,0.5357291230,0.5289599553,average,0.6241266131,0.5357291230,
O1/0690/3,,videos/sample_002758_O1__0690__3.pt,ok,0.6237671971,0.6372823119,0.5359217073,0.5287273894,average,0.6237671971,0.5359217073,
O1/0690/4,,videos/sample_002759_O1__0690__4.pt,ok,0.6226246357,0.6368425488,0.5365343807,0.5289599553,average,0.6226246357,0.5365343807,
O1/0691/1,,videos/sample_002760_O1__0691__1.pt,ok,0.5664935112,0.5862492323,0.5675119281,0.5564103417,average,0.5664935112,0.5675119281,
O1/0691/2,,videos/sample_002761_O1__0691__2.pt,ok,0.5674229860,0.5901450515,0.5669846851,0.5542468846,average,0.5674229860,0.5669846851,
O1/0691/3,,videos/sample_002762_O1__0691__3.pt,ok,0.5654742122,0.5868948102,0.5680906874,0.5560512514,average,0.5654742122,0.5680906874,
O1/0691/4,,videos/sample_002763_O1__0691__4.pt,ok,0.5670889616,0.5882878900,0.5671741035,0.5552771670,average,0.5670889616,0.5671741035,
O1/0692/1,,videos/sample_002764_O1__0692__1.pt,ok,0.5736192465,0.5946152806,0.5634823622,0.5517748035,average,0.5736192465,0.5634823622,
O1/0692/2,,videos/sample_002765_O1__0692__2.pt,ok,0.5727918744,0.5936554074,0.5639487647,0.5523046916,average,0.5727918744,0.5639487647,
O1/0692/3,,videos/sample_002766_O1__0692__3.pt,ok,0.5696533918,0.5826489925,0.5657214884,0.5584171627,average,0.5696533918,0.5657214884,
O1/0692/4,,videos/sample_002767_O1__0692__4.pt,ok,0.5726940632,0.5862749219,0.5640039279,0.5563960479,average,0.5726940632,0.5640039279,
O1/0693/1,,videos/sample_002768_O1__0693__1.pt,ok,0.5673746467,0.5895186067,0.5670120934,0.5545941984,average,0.5673746467,0.5670120934,
O1/0693/2,,videos/sample_002769_O1__0693__2.pt,ok,0.5688356757,0.5904561877,0.5661842772,0.5540744651,average,0.5688356757,0.5661842772,
O1/0693/3,,videos/sample_002770_O1__0693__3.pt,ok,0.5685934424,0.5904561877,0.5663214425,0.5540744651,average,0.5685934424,0.5663214425,
O1/0693/4,,videos/sample_002771_O1__0693__4.pt,ok,0.5669295192,0.5891719460,0.5672645423,0.5547864877,average,0.5669295192,0.5672645423,
O1/0694/1,,videos/sample_002772_O1__0694__1.pt,ok,0.6272475123,0.6562834382,0.5340597727,0.5187758184,average,0.6272475123,0.5340597727,
O1/0694/2,,videos/sample_002773_O1__0694__2.pt,ok,0.6276174784,0.6556307673,0.5338622253,0.5191145188,average,0.6276174784,0.5338622253,
O1/0694/3,,videos/sample_002774_O1__0694__3.pt,ok,0.6267650127,0.6556307673,0.5343175185,0.5191145188,average,0.6267650127,0.5343175185,
O1/0694/4,,videos/sample_002775_O1__0694__4.pt,ok,0.6244482398,0.6562834382,0.5355568460,0.5187758184,average,0.6244482398,0.5355568460,
O1/0695/1,,videos/sample_002776_O1__0695__1.pt,ok,0.5548825264,0.5843513012,0.5741397035,0.5574673730,average,0.5548825264,0.5741397035,
O1/0695/2,,videos/sample_002777_O1__0695__2.pt,ok,0.5674562454,0.6006132364,0.5669658278,0.5484751880,average,0.5674562454,0.5669658278,
O1/0695/3,,videos/sample_002778_O1__0695__3.pt,ok,0.5604452491,0.5942551494,0.5709547902,0.5519735506,average,0.5604452491,0.5709547902,
O1/0695/4,,videos/sample_002779_O1__0695__4.pt,ok,0.5662131310,0.5983468890,0.5676710695,0.5497196329,average,0.5662131310,0.5676710695,
O1/0696/1,,videos/sample_002780_O1__0696__1.pt,ok,0.5894365311,0.6055340171,0.5546397190,0.5457828914,average,0.5894365311,0.5546397190,
O1/0696/2,,videos/sample_002781_O1__0696__2.pt,ok,0.5881155729,0.6067649126,0.5553728589,0.5451115030,average,0.5881155729,0.5553728589,
O1/0696/3,,videos/sample_002782_O1__0696__3.pt,ok,0.5887792110,0.6067649126,0.5550044146,0.5451115030,average,0.5887792110,0.5550044146,
O1/0696/4,,videos/sample_002783_O1__0696__4.pt,ok,0.5875420570,0.6053200364,0.5556914654,0.5458996909,average,0.5875420570,0.5556914654,
O1/0697/1,,videos/sample_002784_O1__0697__1.pt,ok,0.5400269032,0.5576145053,0.5827325748,0.5725733066,average,0.5400269032,0.5827325748,
O1/0697/2,,videos/sample_002785_O1__0697__2.pt,ok,0.5468730330,0.5738087296,0.5787567370,0.5633756019,average,0.5468730330,0.5787567370,
O1/0697/3,,videos/sample_002786_O1__0697__3.pt,ok,0.5448573828,0.5768847466,0.5799244847,0.5616453116,average,0.5448573828,0.5799244847,
O1/0697/4,,videos/sample_002787_O1__0697__4.pt,ok,0.5446394682,0.5629284978,0.5800508724,0.5695387264,average,0.5446394682,0.5800508724,
O1/0698/1,,videos/sample_002788_O1__0698__1.pt,ok,0.6135048866,0.6288254857,0.5414498193,0.5332177052,average,0.6135048866,0.5414498193,
O1/0698/2,,videos/sample_002789_O1__0698__2.pt,ok,0.6138463616,0.6288644075,0.5412649593,0.5331969518,average,0.6138463616,0.5412649593,
O1/0698/3,,videos/sample_002790_O1__0698__3.pt,ok,0.6154473424,0.6297830343,0.5403990978,0.5327073677,average,0.6154473424,0.5403990978,
O1/0698/4,,videos/sample_002791_O1__0698__4.pt,ok,0.6152432561,0.6296226382,0.5405093971,0.5327928187,average,0.6152432561,0.5405093971,
O1/0699/1,,videos/sample_002792_O1__0699__1.pt,ok,0.5480223894,0.5661180615,0.5780919214,0.5677250402,average,0.5480223894,0.5780919214,
O1/0699/2,,videos/sample_002793_O1__0699__2.pt,ok,0.5475631356,0.5742509365,0.5783574733,0.5631265284,average,0.5475631356,0.5783574733,
O1/0699/3,,videos/sample_002794_O1__0699__3.pt,ok,0.5456143022,0.5640372038,0.5794856947,0.5689076253,average,0.5456143022,0.5794856947,
O1/0699/4,,videos/sample_002795_O1__0699__4.pt,ok,0.5497294068,0.5776325464,0.5771059502,0.5612254703,average,0.5497294068,0.5771059502,
O1/0700/1,,videos/sample_002796_O1__0700__1.pt,ok,0.6172581315,0.6470584273,0.5394214344,0.5235836732,average,0.6172581315,0.5394214344,
O1/0700/2,,videos/sample_002797_O1__0700__2.pt,ok,0.6177039146,0.6467255354,0.5391810231,0.5237579990,average,0.6177039146,0.5391810231,
O1/0700/3,,videos/sample_002798_O1__0700__3.pt,ok,0.6161901951,0.6470584273,0.5399978099,0.5235836732,average,0.6161901951,0.5399978099,
O1/0700/4,,videos/sample_002799_O1__0700__4.pt,ok,0.6173644066,0.6467255354,0.5393641104,0.5237579990,average,0.6173644066,0.5393641104,
O1/0701/1,,videos/sample_002800_O1__0701__1.pt,ok,0.6362242103,0.6576930881,0.5292871328,0.5180450414,average,0.6362242103,0.5292871328,
O1/0701/2,,videos/sample_002801_O1__0701__2.pt,ok,0.6364297271,0.6576930881,0.5291783666,0.5180450414,average,0.6364297271,0.5291783666,
O1/0701/3,,videos/sample_002802_O1__0701__3.pt,ok,0.6352966428,0.6575115323,0.5297783101,0.5181391040,average,0.6352966428,0.5297783101,
O1/0701/4,,videos/sample_002803_O1__0701__4.pt,ok,0.6354286075,0.6575115323,0.5297084027,0.5181391040,average,0.6354286075,0.5297084027,
O1/0702/1,,videos/sample_002804_O1__0702__1.pt,ok,0.5439349413,0.5754496455,0.5804596779,0.5624519080,average,0.5439349413,0.5804596779,
O1/0702/2,,videos/sample_002805_O1__0702__2.pt,ok,0.5466318727,0.5790177584,0.5788963270,0.5604485922,average,0.5466318727,0.5788963270,
O1/0702/3,,videos/sample_002806_O1__0702__3.pt,ok,0.5318043232,0.5526995063,0.5875438936,0.5753944311,average,0.5318043232,0.5875438936,
O1/0702/4,,videos/sample_002807_O1__0702__4.pt,ok,0.5414617658,0.5801285505,0.5818970332,0.5598263960,average,0.5414617658,0.5818970332,
O1/0703/1,,videos/sample_002808_O1__0703__1.pt,ok,0.5610017776,0.5838629007,0.5706371259,0.5577397068,average,0.5610017776,0.5706371259,
O1/0703/2,,videos/sample_002809_O1__0703__2.pt,ok,0.5609051585,0.5837584734,0.5706922630,0.5577979531,average,0.5609051585,0.5706922630,
O1/0703/3,,videos/sample_002810_O1__0703__3.pt,ok,0.5629143715,0.5909048915,0.5695467719,0.5538259056,average,0.5629143715,0.5695467719,
O1/0703/4,,videos/sample_002811_O1__0703__4.pt,ok,0.5628397465,0.5892660022,0.5695892759,0.5547343091,average,0.5628397465,0.5695892759,
O1/0704/1,,videos/sample_002812_O1__0704__1.pt,ok,0.5408681035,0.5676738620,0.5822425861,0.5668424601,average,0.5408681035,0.5822425861,
O1/0704/2,,videos/sample_002813_O1__0704__2.pt,ok,0.5405971408,0.5595669746,0.5824003735,0.5714564654,average,0.5405971408,0.5824003735,
O1/0704/3,,videos/sample_002814_O1__0704__3.pt,ok,0.5358170867,0.5548087358,0.5851909430,0.5741820711,average,0.5358170867,0.5851909430,
O1/0704/4,,videos/sample_002815_O1__0704__4.pt,ok,0.5362677574,0.5668849349,0.5849272740,0.5672898339,average,0.5362677574,0.5849272740,
O1/0705/1,,videos/sample_002816_O1__0705__1.pt,ok,0.6161583662,0.6286762357,0.5400149977,0.5332972939,average,0.6161583662,0.5400149977,
O1/0705/2,,videos/sample_002817_O1__0705__2.pt,ok,0.6165853739,0.6280918121,0.5397844564,0.5336090565,average,0.6165853739,0.5397844564,
O1/0705/3,,videos/sample_002818_O1__0705__3.pt,ok,0.6162653565,0.6281104684,0.5399572245,0.5335991014,average,0.6162653565,0.5399572245,
O1/0705/4,,videos/sample_002819_O1__0705__4.pt,ok,0.6143843532,0.6274209619,0.5409738416,0.5339671484,average,0.6143843532,0.5409738416,
O1/0706/1,,videos/sample_002820_O1__0706__1.pt,ok,0.5515643358,0.5703566670,0.5760479727,0.5653237704,average,0.5515643358,0.5760479727,
O1/0706/2,,videos/sample_002821_O1__0706__2.pt,ok,0.5565754771,0.5908629298,0.5731685356,0.5538491455,average,0.5565754771,0.5731685356,
O1/0706/3,,videos/sample_002822_O1__0706__3.pt,ok,0.5608986616,0.5854838490,0.5706959708,0.5568363719,average,0.5608986616,0.5706959708,
O1/0706/4,,videos/sample_002823_O1__0706__4.pt,ok,0.5628794432,0.5941644311,0.5695666655,0.5520236270,average,0.5628794432,0.5695666655,
O1/0707/1,,videos/sample_002824_O1__0707__1.pt,ok,0.6217070818,0.6460837126,0.5370269058,0.5240942667,average,0.6217070818,0.5370269058,
O1/0707/2,,videos/sample_002825_O1__0707__2.pt,ok,0.6213541627,0.6460837126,0.5372164663,0.5240942667,average,0.6213541627,0.5372164663,
O1/0707/3,,videos/sample_002826_O1__0707__3.pt,ok,0.6204186678,0.6458621621,0.5377192647,0.5242103929,average,0.6204186678,0.5377192647,
O1/0707/4,,videos/sample_002827_O1__0707__4.pt,ok,0.6201010942,0.6458621621,0.5378900573,0.5242103929,average,0.6201010942,0.5378900573,
O1/0708/1,,videos/sample_002828_O1__0708__1.pt,ok,0.5671803951,0.6015684009,0.5671222471,0.5479515541,average,0.5671803951,0.5671222471,
O1/0708/2,,videos/sample_002829_O1__0708__2.pt,ok,0.5624507070,0.6002889276,0.5698109118,0.5486530922,average,0.5624507070,0.5698109118,
O1/0708/3,,videos/sample_002830_O1__0708__3.pt,ok,0.5635602474,0.6007370353,0.5691790341,0.5484072916,average,0.5635602474,0.5691790341,
O1/0708/4,,videos/sample_002831_O1__0708__4.pt,ok,0.5541625619,0.5876260996,0.5745532125,0.5556447657,average,0.5541625619,0.5745532125,
O1/0709/1,,videos/sample_002832_O1__0709__1.pt,ok,0.6381342411,0.6598895788,0.5282771429,0.5169084090,average,0.6381342411,0.5282771429,
O1/0709/2,,videos/sample_002833_O1__0709__2.pt,ok,0.6384902000,0.6598895788,0.5280891314,0.5169084090,average,0.6384902000,0.5280891314,
O1/0709/3,,videos/sample_002834_O1__0709__3.pt,ok,0.6382671595,0.6593852043,0.5282069298,0.5171691902,average,0.6382671595,0.5282069298,
O1/0709/4,,videos/sample_002835_O1__0709__4.pt,ok,0.6385144591,0.6593852043,0.5280763206,0.5171691902,average,0.6385144591,0.5280763206,
O1/0710/1,,videos/sample_002836_O1__0710__1.pt,ok,0.5617477298,0.5903219581,0.5702116166,0.5541488433,average,0.5617477298,0.5702116166,
O1/0710/2,,videos/sample_002837_O1__0710__2.pt,ok,0.5672935843,0.6024466753,0.5670580586,0.5474705135,average,0.5672935843,0.5670580586,
O1/0710/3,,videos/sample_002838_O1__0710__3.pt,ok,0.5654351711,0.5983050466,0.5681128666,0.5497426350,average,0.5654351711,0.5681128666,
O1/0710/4,,videos/sample_002839_O1__0710__4.pt,ok,0.5656257272,0.5995252728,0.5680046196,0.5490722337,average,0.5656257272,0.5680046196,
O1/0711/1,,videos/sample_002840_O1__0711__1.pt,ok,0.5310225487,0.5510118008,0.5880034001,0.5763663473,average,0.5310225487,0.5880034001,
O1/0711/2,,videos/sample_002841_O1__0711__2.pt,ok,0.5478177071,0.5846160054,0.5782102587,0.5573198285,average,0.5478177071,0.5782102587,
O1/0711/3,,videos/sample_002842_O1__0711__3.pt,ok,0.5350307822,0.5671894550,0.5856512622,0.5671171091,average,0.5350307822,0.5856512622,
O1/0711/4,,videos/sample_002843_O1__0711__4.pt,ok,0.5496463776,0.5846160054,0.5771538689,0.5573198285,average,0.5496463776,0.5771538689,
O1/0712/1,,videos/sample_002844_O1__0712__1.pt,ok,0.6174833775,0.6310684681,0.5392999456,0.5320230476,average,0.6174833775,0.5392999456,
O1/0712/2,,videos/sample_002845_O1__0712__2.pt,ok,0.6172728539,0.6295672655,0.5394134929,0.5328223217,average,0.6172728539,0.5394134929,
O1/0712/3,,videos/sample_002846_O1__0712__3.pt,ok,0.6163855195,0.6295084953,0.5398923455,0.5328536367,average,0.6163855195,0.5398923455,
O1/0712/4,,videos/sample_002847_O1__0712__4.pt,ok,0.6171463728,0.6311832666,0.5394817229,0.5319619756,average,0.6171463728,0.5394817229,
O1/0713/1,,videos/sample_002848_O1__0713__1.pt,ok,0.6142380238,0.6287695765,0.5410530078,0.5332475178,average,0.6142380238,0.5410530078,
O1/0713/2,,videos/sample_002849_O1__0713__2.pt,ok,0.6127005219,0.6274714470,0.5418855176,0.5339401916,average,0.6127005219,0.5418855176,
O1/0713/3,,videos/sample_002850_O1__0713__3.pt,ok,0.6139018536,0.6299038529,0.5412349243,0.5326430106,average,0.6139018536,0.5412349243,
O1/0713/4,,videos/sample_002851_O1__0713__4.pt,ok,0.6145634651,0.6290416121,0.5408769554,0.5331024752,average,0.6145634651,0.5408769554,
O1/0714/1,,videos/sample_002852_O1__0714__1.pt,ok,0.5314171910,0.5522730350,0.5877713948,0.5756398726,average,0.5314171910,0.5877713948,
O1/0714/2,,videos/sample_002853_O1__0714__2.pt,ok,0.5386911035,0.5590550303,0.5835115089,0.5717490942,average,0.5386911035,0.5835115089,
O1/0714/3,,videos/sample_002854_O1__0714__3.pt,ok,0.5412380695,0.5724246502,0.5820272160,0.5641558983,average,0.5412380695,0.5820272160,
O1/0714/4,,videos/sample_002855_O1__0714__4.pt,ok,0.5374138355,0.5744830966,0.5842572857,0.5629958081,average,0.5374138355,0.5842572857,
O1/0715/1,,videos/sample_002856_O1__0715__1.pt,ok,0.6203154325,0.6488018632,0.5377747792,0.5226716339,average,0.6203154325,0.5377747792,
O1/0715/2,,videos/sample_002857_O1__0715__2.pt,ok,0.6224296689,0.6488018632,0.5366389973,0.5226716339,average,0.6224296689,0.5366389973,
O1/0715/3,,videos/sample_002858_O1__0715__3.pt,ok,0.6220211983,0.6490667462,0.5368582433,0.5225332054,average,0.6220211983,0.5368582433,
O1/0715/4,,videos/sample_002859_O1__0715__4.pt,ok,0.6218799353,0.6490667462,0.5369340869,0.5225332054,average,0.6218799353,0.5369340869,
O1/0716/1,,videos/sample_002860_O1__0716__1.pt,ok,0.6219820976,0.6502425075,0.5368792352,0.5219191921,average,0.6219820976,0.5368792352,
O1/0716/2,,videos/sample_002861_O1__0716__2.pt,ok,0.6231852174,0.6502425075,0.5362336936,0.5219191921,average,0.6231852174,0.5362336936,
O1/0716/3,,videos/sample_002862_O1__0716__3.pt,ok,0.6234890819,0.6497777700,0.5360707760,0.5221618039,average,0.6234890819,0.5360707760,
O1/0716/4,,videos/sample_002863_O1__0716__4.pt,ok,0.6232282519,0.6497777700,0.5362106175,0.5221618039,average,0.6232282519,0.5362106175,
O1/0717/1,,videos/sample_002864_O1__0717__1.pt,ok,0.5482090712,0.5816872120,0.5779840123,0.5589544958,average,0.5482090712,0.5779840123,
O1/0717/2,,videos/sample_002865_O1__0717__2.pt,ok,0.5419582725,0.5605916381,0.5816081892,0.5708712148,average,0.5419582725,0.5816081892,
O1/0717/3,,videos/sample_002866_O1__0717__3.pt,ok,0.5423267484,0.5611985326,0.5813939200,0.5705248613,average,0.5423267484,0.5813939200,
O1/0717/4,,videos/sample_002867_O1__0717__4.pt,ok,0.5469828248,0.5773403645,0.5786931978,0.5613894742,average,0.5469828248,0.5786931978,
O1/0718/1,,videos/sample_002868_O1__0718__1.pt,ok,0.5390314460,0.5697681308,0.5833129490,0.5656565818,average,0.5390314460,0.5833129490,
O1/0718/2,,videos/sample_002869_O1__0718__2.pt,ok,0.5336737037,0.5801798105,0.5864465765,0.5597977000,average,0.5336737037,0.5864465765,
O1/0718/3,,videos/sample_002870_O1__0718__3.pt,ok,0.5314586759,0.5543089509,0.5877470117,0.5744691104,average,0.5314586759,0.5877470117,
O1/0718/4,,videos/sample_002871_O1__0718__4.pt,ok,0.5377452374,0.5594792962,0.5840636938,0.5715065720,average,0.5377452374,0.5840636938,
O1/0719/1,,videos/sample_002872_O1__0719__1.pt,ok,0.5346729755,0.5542896390,0.5858608496,0.5744802046,average,0.5346729755,0.5858608496,
O1/0719/2,,videos/sample_002873_O1__0719__2.pt,ok,0.5387463570,0.5684303641,0.5834792688,0.5664138047,average,0.5387463570,0.5834792688,
O1/0719/3,,videos/sample_002874_O1__0719__3.pt,ok,0.5393599272,0.5727310181,0.5831213731,0.5639830856,average,0.5393599272,0.5831213731,
O1/0719/4,,videos/sample_002875_O1__0719__4.pt,ok,0.5367599130,0.5567376018,0.5846394696,0.5730756184,average,0.5367599130,0.5846394696,
O1/0720/1,,videos/sample_002876_O1__0720__1.pt,ok,0.5590677857,0.5909719467,0.5717418014,0.5537887699,average,0.5590677857,0.5717418014,
O1/0720/2,,videos/sample_002877_O1__0720__2.pt,ok,0.5553612113,0.5748737454,0.5738649373,0.5627759173,average,0.5553612113,0.5738649373,
O1/0720/3,,videos/sample_002878_O1__0720__3.pt,ok,0.5559846759,0.5768532753,0.5735072643,0.5616629875,average,0.5559846759,0.5735072643,
O1/0720/4,,videos/sample_002879_O1__0720__4.pt,ok,0.5577066541,0.5862505436,0.5725205471,0.5564096121,average,0.5577066541,0.5725205471,
O1/0721/1,,videos/sample_002880_O1__0721__1.pt,ok,0.5526287556,0.5725080967,0.5754351421,0.5641088235,average,0.5526287556,0.5754351421,
O1/0721/2,,videos/sample_002881_O1__0721__2.pt,ok,0.5496583581,0.5692931414,0.5771469543,0.5659253266,average,0.5496583581,0.5771469543,
O1/0721/3,,videos/sample_002882_O1__0721__3.pt,ok,0.5554564595,0.5892121196,0.5738102802,0.5547642004,average,0.5554564595,0.5738102802,
O1/0721/4,,videos/sample_002883_O1__0721__4.pt,ok,0.5559033751,0.5928468108,0.5735538928,0.5527514639,average,0.5559033751,0.5735538928,
O1/0722/1,,videos/sample_002884_O1__0722__1.pt,ok,0.5846444368,0.6090310812,0.5573039834,0.5438775871,average,0.5846444368,0.5573039834,
O1/0722/2,,videos/sample_002885_O1__0722__2.pt,ok,0.5861340165,0.6102089286,0.5564744526,0.5432373594,average,0.5861340165,0.5564744526,
O1/0722/3,,videos/sample_002886_O1__0722__3.pt,ok,0.5862748027,0.6107804775,0.5563961143,0.5429269614,average,0.5862748027,0.5563961143,
O1/0722/4,,videos/sample_002887_O1__0722__4.pt,ok,0.5850410461,0.6093294024,0.5570829952,0.5437153610,average,0.5850410461,0.5570829952,
O1/0723/1,,videos/sample_002888_O1__0723__1.pt,ok,0.5785606503,0.6036357880,0.5607048363,0.5468198963,average,0.5785606503,0.5607048363,
O1/0723/2,,videos/sample_002889_O1__0723__2.pt,ok,0.5770482421,0.5983056426,0.5615534926,0.5497423074,average,0.5770482421,0.5615534926,
O1/0723/3,,videos/sample_002890_O1__0723__3.pt,ok,0.5783143640,0.6025807858,0.5608429473,0.5473970969,average,0.5783143640,0.5608429473,
O1/0723/4,,videos/sample_002891_O1__0723__4.pt,ok,0.5776867867,0.5996770859,0.5611950301,0.5489888837,average,0.5776867867,0.5611950301,
O1/0724/1,,videos/sample_002892_O1__0724__1.pt,ok,0.5683337450,0.5815885067,0.5664685338,0.5590096703,average,0.5683337450,0.5664685338,
O1/0724/2,,videos/sample_002893_O1__0724__2.pt,ok,0.5704350471,0.5841893554,0.5652794620,0.5575576598,average,0.5704350471,0.5652794620,
O1/0724/3,,videos/sample_002894_O1__0724__3.pt,ok,0.5726542473,0.5940908790,0.5640263847,0.5520642310,average,0.5726542473,0.5640263847,
O1/0724/4,,videos/sample_002895_O1__0724__4.pt,ok,0.5703463554,0.5905822515,0.5653295998,0.5540046208,average,0.5703463554,0.5653295998,
O1/0725/1,,videos/sample_002896_O1__0725__1.pt,ok,0.5454249382,0.5622640252,0.5795954388,0.5699172950,average,0.5454249382,0.5795954388,
O1/0725/2,,videos/sample_002897_O1__0725__2.pt,ok,0.5451803803,0.5760589838,0.5797372007,0.5621092889,average,0.5451803803,0.5797372007,
O1/0725/3,,videos/sample_002898_O1__0725__3.pt,ok,0.5464880466,0.5749487877,0.5789795934,0.5627336870,average,0.5464880466,0.5789795934,
O1/0725/4,,videos/sample_002899_O1__0725__4.pt,ok,0.5439365506,0.5602954030,0.5804587437,0.5710403519,average,0.5439365506,0.5804587437,
O1/0726/1,,videos/sample_002900_O1__0726__1.pt,ok,0.5411733985,0.5729378462,0.5820648575,0.5638664501,average,0.5411733985,0.5820648575,
O1/0726/2,,videos/sample_002901_O1__0726__2.pt,ok,0.5398689508,0.5719931722,0.5828246260,0.5643993717,average,0.5398689508,0.5828246260,
O1/0726/3,,videos/sample_002902_O1__0726__3.pt,ok,0.5338824391,0.5524858832,0.5863241771,0.5755173617,average,0.5338824391,0.5863241771,
O1/0726/4,,videos/sample_002903_O1__0726__4.pt,ok,0.5377559662,0.5566037893,0.5840574275,0.5731523081,average,0.5377559662,0.5840574275,
O1/0727/1,,videos/sample_002904_O1__0727__1.pt,ok,0.5680500269,0.5983057022,0.5666292740,0.5497422746,average,0.5680500269,0.5666292740,
O1/0727/2,,videos/sample_002905_O1__0727__2.pt,ok,0.5706806183,0.6025519967,0.5651406627,0.5474128562,average,0.5706806183,0.5651406627,
O1/0727/3,,videos/sample_002906_O1__0727__3.pt,ok,0.5625575185,0.5936043262,0.5697500526,0.5523329047,average,0.5625575185,0.5697500526,
O1/0727/4,,videos/sample_002907_O1__0727__4.pt,ok,0.5688920617,0.6057742238,0.5661523532,0.5456518064,average,0.5688920617,0.5661523532,
O1/0728/1,,videos/sample_002908_O1__0728__1.pt,ok,0.5538190603,0.5862106681,0.5747506064,0.5564317996,average,0.5538190603,0.5747506064,
O1/0728/2,,videos/sample_002909_O1__0728__2.pt,ok,0.5555008650,0.5913859606,0.5737848005,0.5535595411,average,0.5555008650,0.5737848005,
O1/0728/3,,videos/sample_002910_O1__0728__3.pt,ok,0.5531058908,0.5857095122,0.5751606472,0.5567107286,average,0.5531058908,0.5751606472,
O1/0728/4,,videos/sample_002911_O1__0728__4.pt,ok,0.5490369797,0.5810216665,0.5775056924,0.5593266293,average,0.5490369797,0.5775056924,
O1/0729/1,,videos/sample_002912_O1__0729__1.pt,ok,0.5616442561,0.5827687979,0.5702706216,0.5583502653,average,0.5616442561,0.5702706216,
O1/0729/2,,videos/sample_002913_O1__0729__2.pt,ok,0.5636605024,0.5845338702,0.5691219739,0.5573656060,average,0.5636605024,0.5691219739,
O1/0729/3,,videos/sample_002914_O1__0729__3.pt,ok,0.5628706217,0.5843253732,0.5695716900,0.5574818272,average,0.5628706217,0.5695716900,
O1/0729/4,,videos/sample_002915_O1__0729__4.pt,ok,0.5641687512,0.5852308869,0.5688327918,0.5569772482,average,0.5641687512,0.5688327918,
O1/0730/1,,videos/sample_002916_O1__0730__1.pt,ok,0.5715504885,0.6014694571,0.5646492774,0.5480057731,average,0.5715504885,0.5646492774,
O1/0730/2,,videos/sample_002917_O1__0730__2.pt,ok,0.5634577870,0.5930222869,0.5692373554,0.5526544778,average,0.5634577870,0.5692373554,
O1/0730/3,,videos/sample_002918_O1__0730__3.pt,ok,0.5720844269,0.6014694571,0.5643478700,0.5480057731,average,0.5720844269,0.5643478700,
O1/0730/4,,videos/sample_002919_O1__0730__4.pt,ok,0.5636931658,0.5930222869,0.5691033848,0.5526544778,average,0.5636931658,0.5691033848,
O1/0731/1,,videos/sample_002920_O1__0731__1.pt,ok,0.5732495785,0.6021634340,0.5636907021,0.5476256017,average,0.5732495785,0.5636907021,
O1/0731/2,,videos/sample_002921_O1__0731__2.pt,ok,0.5706101656,0.5973791480,0.5651804798,0.5502518767,average,0.5706101656,0.5651804798,
O1/0731/3,,videos/sample_002922_O1__0731__3.pt,ok,0.5740141869,0.6067583561,0.5632598642,0.5451150770,average,0.5740141869,0.5632598642,
O1/0731/4,,videos/sample_002923_O1__0731__4.pt,ok,0.5740564466,0.6041559577,0.5632360615,0.5465355311,average,0.5740564466,0.5632360615,
O1/0732/1,,videos/sample_002924_O1__0732__1.pt,ok,0.5776339173,0.5982022285,0.5612247009,0.5497991614,average,0.5776339173,0.5612247009,
O1/0732/2,,videos/sample_002925_O1__0732__2.pt,ok,0.5778623819,0.5990627408,0.5610964955,0.5493262560,average,0.5778623819,0.5610964955,
O1/0732/3,,videos/sample_002926_O1__0732__3.pt,ok,0.5763627887,0.5966308117,0.5619385433,0.5506638042,average,0.5763627887,0.5619385433,
O1/0732/4,,videos/sample_002927_O1__0732__4.pt,ok,0.5764105320,0.5970170498,0.5619117151,0.5504511580,average,0.5764105320,0.5619117151,
O1/0733/1,,videos/sample_002928_O1__0733__1.pt,ok,0.6160205007,0.6261137128,0.5400894523,0.5346656329,average,0.6160205007,0.5400894523,
O1/0733/2,,videos/sample_002929_O1__0733__2.pt,ok,0.6141577363,0.6250472069,0.5410964493,0.5352361611,average,0.6141577363,0.5410964493,
O1/0733/3,,videos/sample_002930_O1__0733__3.pt,ok,0.6153270602,0.6264814138,0.5404641021,0.5344690719,average,0.6153270602,0.5404641021,
O1/0733/4,,videos/sample_002931_O1__0733__4.pt,ok,0.6161257029,0.6255843043,0.5400326367,0.5349487643,average,0.6161257029,0.5400326367,
O1/0734/1,,videos/sample_002932_O1__0734__1.pt,ok,0.5852100253,0.6053360105,0.5569888678,0.5458909707,average,0.5852100253,0.5569888678,
O1/0734/2,,videos/sample_002933_O1__0734__2.pt,ok,0.5861296058,0.6053230762,0.5564769071,0.5458980315,average,0.5861296058,0.5564769071,
O1/0734/3,,videos/sample_002934_O1__0734__3.pt,ok,0.5862240195,0.6071730256,0.5564243705,0.5448890813,average,0.5862240195,0.5564243705,
O1/0734/4,,videos/sample_002935_O1__0734__4.pt,ok,0.5865980983,0.6079912782,0.5562162629,0.5444434068,average,0.5865980983,0.5562162629,
O1/0735/1,,videos/sample_002936_O1__0735__1.pt,ok,0.5350133181,0.5556425452,0.5856614902,0.5737035123,average,0.5350133181,0.5856614902,
O1/0735/2,,videos/sample_002937_O1__0735__2.pt,ok,0.5365860462,0.5714802146,0.5847411278,0.5646889589,average,0.5365860462,0.5847411278,
O1/0735/3,,videos/sample_002938_O1__0735__3.pt,ok,0.5339667201,0.5548709035,0.5862747632,0.5741463767,average,0.5339667201,0.5862747632,
O1/0735/4,,videos/sample_002939_O1__0735__4.pt,ok,0.5358014703,0.5718405247,0.5852000817,0.5644855325,average,0.5358014703,0.5852000817,
O1/0736/1,,videos/sample_002940_O1__0736__1.pt,ok,0.5691033006,0.6026538610,0.5660327725,0.5473570972,average,0.5691033006,0.5660327725,
O1/0736/2,,videos/sample_002941_O1__0736__2.pt,ok,0.5638480186,0.5980659723,0.5690152643,0.5498740801,average,0.5638480186,0.5690152643,
O1/0736/3,,videos/sample_002942_O1__0736__3.pt,ok,0.5702207685,0.6043155789,0.5654006023,0.5464482994,average,0.5702207685,0.5654006023,
O1/0736/4,,videos/sample_002943_O1__0736__4.pt,ok,0.5681671500,0.6040121913,0.5665629125,0.5466141102,average,0.5681671500,0.5665629125,
O1/0737/1,,videos/sample_002944_O1__0737__1.pt,ok,0.5651530623,0.5978499055,0.5682731589,0.5499929024,average,0.5651530623,0.5682731589,
O1/0737/2,,videos/sample_002945_O1__0737__2.pt,ok,0.5586604476,0.5895383358,0.5719747410,0.5545832569,average,0.5586604476,0.5719747410,
O1/0737/3,,videos/sample_002946_O1__0737__3.pt,ok,0.5640432835,0.5961426497,0.5689041665,0.5509326830,average,0.5640432835,0.5689041665,
O1/0737/4,,videos/sample_002947_O1__0737__4.pt,ok,0.5643147826,0.6013649702,0.5687497305,0.5480630356,average,0.5643147826,0.5687497305,
O1/0738/1,,videos/sample_002948_O1__0738__1.pt,ok,0.5447897315,0.5622017384,0.5799637186,0.5699527944,average,0.5447897315,0.5799637186,
O1/0738/2,,videos/sample_002949_O1__0738__2.pt,ok,0.5471948385,0.5758926272,0.5785705199,0.5622028072,average,0.5471948385,0.5785705199,
O1/0738/3,,videos/sample_002950_O1__0738__3.pt,ok,0.5514289737,0.5691972971,0.5761259531,0.5659795699,average,0.5514289737,0.5761259531,
O1/0738/4,,videos/sample_002951_O1__0738__4.pt,ok,0.5539782643,0.5844713449,0.5746591111,0.5574004565,average,0.5539782643,0.5746591111,
O1/0739/1,,videos/sample_002952_O1__0739__1.pt,ok,0.5663742423,0.5872240067,0.5675796186,0.5558682314,average,0.5663742423,0.5675796186,
O1/0739/2,,videos/sample_002953_O1__0739__2.pt,ok,0.5658459663,0.5875015855,0.5678795365,0.5557139556,average,0.5658459663,0.5678795365,
O1/0739/3,,videos/sample_002954_O1__0739__3.pt,ok,0.5677732229,0.5910480618,0.5667861409,0.5537466198,average,0.5677732229,0.5667861409,
O1/0739/4,,videos/sample_002955_O1__0739__4.pt,ok,0.5678676963,0.5922256708,0.5667325973,0.5530949066,average,0.5678676963,0.5667325973,
O1/0740/1,,videos/sample_002956_O1__0740__1.pt,ok,0.6191863418,0.6506214142,0.5383823186,0.5217214709,average,0.6191863418,0.5383823186,
O1/0740/2,,videos/sample_002957_O1__0740__2.pt,ok,0.6215745807,0.6510893703,0.5370980672,0.5214773853,average,0.6215745807,0.5370980672,
O1/0740/3,,videos/sample_002958_O1__0740__3.pt,ok,0.6208930612,0.6506214142,0.5374642348,0.5217214709,average,0.6208930612,0.5374642348,
O1/0740/4,,videos/sample_002959_O1__0740__4.pt,ok,0.6213966608,0.6510893703,0.5371936361,0.5214773853,average,0.6213966608,0.5371936361,
O1/0741/1,,videos/sample_002960_O1__0741__1.pt,ok,0.6251542568,0.6531151533,0.5351788672,0.5204220545,average,0.6251542568,0.5351788672,
O1/0741/2,,videos/sample_002961_O1__0741__2.pt,ok,0.6252995133,0.6531783938,0.5351011346,0.5203891438,average,0.6252995133,0.5351011346,
O1/0741/3,,videos/sample_002962_O1__0741__3.pt,ok,0.6242007017,0.6531151533,0.5356894331,0.5204220545,average,0.6242007017,0.5356894331,
O1/0741/4,,videos/sample_002963_O1__0741__4.pt,ok,0.6250374317,0.6531783938,0.5352413931,0.5203891438,average,0.6250374317,0.5352413931,
O1/0742/1,,videos/sample_002964_O1__0742__1.pt,ok,0.5664297938,0.5991533995,0.5675480896,0.5492764570,average,0.5664297938,0.5675480896,
O1/0742/2,,videos/sample_002965_O1__0742__2.pt,ok,0.5577707887,0.5890066028,0.5724838299,0.5548782255,average,0.5577707887,0.5724838299,
O1/0742/3,,videos/sample_002966_O1__0742__3.pt,ok,0.5662388802,0.5991533995,0.5676564526,0.5492764570,average,0.5662388802,0.5676564526,
O1/0742/4,,videos/sample_002967_O1__0742__4.pt,ok,0.5581164956,0.5890066028,0.5722859525,0.5548782255,average,0.5581164956,0.5722859525,
O1/0743/1,,videos/sample_002968_O1__0743__1.pt,ok,0.5625118613,0.6059041619,0.5697760664,0.5455809101,average,0.5625118613,0.5697760664,
O1/0743/2,,videos/sample_002969_O1__0743__2.pt,ok,0.5576999784,0.5900290608,0.5725243691,0.5543111758,average,0.5576999784,0.5725243691,
O1/0743/3,,videos/sample_002970_O1__0743__3.pt,ok,0.5652860403,0.5972931981,0.5681975961,0.5502991728,average,0.5652860403,0.5681975961,
O1/0743/4,,videos/sample_002971_O1__0743__4.pt,ok,0.5645745397,0.5956305265,0.5686020129,0.5512149006,average,0.5645745397,0.5686020129,
O1/0744/1,,videos/sample_002972_O1__0744__1.pt,ok,0.5388108492,0.5560493469,0.5834416401,0.5734701762,average,0.5388108492,0.5834416401,
O1/0744/2,,videos/sample_002973_O1__0744__2.pt,ok,0.5573644042,0.5951893330,0.5727165257,0.5514581468,average,0.5573644042,0.5727165257,
O1/0744/3,,videos/sample_002974_O1__0744__3.pt,ok,0.5578573346,0.5956506729,0.5724342859,0.5512037958,average,0.5578573346,0.5724342859,
O1/0744/4,,videos/sample_002975_O1__0744__4.pt,ok,0.5521545410,0.6007752419,0.5757080865,0.5483863392,average,0.5521545410,0.5757080865,
O1/0745/1,,videos/sample_002976_O1__0745__1.pt,ok,0.5469963551,0.5802447796,0.5786853680,0.5597613316,average,0.5469963551,0.5786853680,
O1/0745/2,,videos/sample_002977_O1__0745__2.pt,ok,0.5439941287,0.5870146155,0.5804253230,0.5559846375,average,0.5439941287,0.5804253230,
O1/0745/3,,videos/sample_002978_O1__0745__3.pt,ok,0.5337619781,0.5532567501,0.5863948105,0.5750738854,average,0.5337619781,0.5863948105,
O1/0745/4,,videos/sample_002979_O1__0745__4.pt,ok,0.5435344577,0.5735394359,0.5806921890,0.5635273358,average,0.5435344577,0.5806921890,
O1/0746/1,,videos/sample_002980_O1__0746__1.pt,ok,0.5727185011,0.5969273448,0.5639901450,0.5505005384,average,0.5727185011,0.5639901450,
O1/0746/2,,videos/sample_002981_O1__0746__2.pt,ok,0.5721464753,0.5949556828,0.5643128542,0.5515870101,average,0.5721464753,0.5643128542,
O1/0746/3,,videos/sample_002982_O1__0746__3.pt,ok,0.5701990724,0.5904656649,0.5654128694,0.5540692141,average,0.5701990724,0.5654128694,
O1/0746/4,,videos/sample_002983_O1__0746__4.pt,ok,0.5715263486,0.5909296870,0.5646629082,0.5538121733,average,0.5715263486,0.5646629082,
O1/0747/1,,videos/sample_002984_O1__0747__1.pt,ok,0.6248517632,0.6528078318,0.5353407798,0.5205820160,average,0.6248517632,0.5353407798,
O1/0747/2,,videos/sample_002985_O1__0747__2.pt,ok,0.6259911656,0.6530316472,0.5347311586,0.5204655147,average,0.6259911656,0.5347311586,
O1/0747/3,,videos/sample_002986_O1__0747__3.pt,ok,0.6251328588,0.6530316472,0.5351903191,0.5204655147,average,0.6251328588,0.5351903191,
O1/0747/4,,videos/sample_002987_O1__0747__4.pt,ok,0.6246170998,0.6528078318,0.5354664195,0.5205820160,average,0.6246170998,0.5354664195,
O1/0748/1,,videos/sample_002988_O1__0748__1.pt,ok,0.6171320081,0.6457462907,0.5394894724,0.5242711374,average,0.6171320081,0.5394894724,
O1/0748/2,,videos/sample_002989_O1__0748__2.pt,ok,0.6174573898,0.6457462907,0.5393139609,0.5242711374,average,0.6174573898,0.5393139609,
O1/0748/3,,videos/sample_002990_O1__0748__3.pt,ok,0.6172533631,0.6468813419,0.5394240066,0.5236764004,average,0.6172533631,0.5394240066,
O1/0748/4,,videos/sample_002991_O1__0748__4.pt,ok,0.6150991321,0.6468813419,0.5405873031,0.5236764004,average,0.6150991321,0.5405873031,
O1/0749/1,,videos/sample_002992_O1__0749__1.pt,ok,0.5552298427,0.5906045437,0.5739403301,0.5539922710,average,0.5552298427,0.5739403301,
O1/0749/2,,videos/sample_002993_O1__0749__2.pt,ok,0.5563746691,0.5904368758,0.5732836440,0.5540851654,average,0.5563746691,0.5732836440,
O1/0749/3,,videos/sample_002994_O1__0749__3.pt,ok,0.5516080260,0.5982093811,0.5760228056,0.5497952289,average,0.5516080260,0.5760228056,
O1/0749/4,,videos/sample_002995_O1__0749__4.pt,ok,0.5387314558,0.5561371446,0.5834879634,0.5734198291,average,0.5387314558,0.5834879634,
O1/0750/1,,videos/sample_002996_O1__0750__1.pt,ok,0.6231371164,0.6354855895,0.5362594876,0.5296782197,average,0.6231371164,0.5362594876,
O1/0750/2,,videos/sample_002997_O1__0750__2.pt,ok,0.6226808429,0.6358448267,0.5365042244,0.5294879737,average,0.6226808429,0.5365042244,
O1/0750/3,,videos/sample_002998_O1__0750__3.pt,ok,0.6240230799,0.6354855895,0.5357845917,0.5296782197,average,0.6240230799,0.5357845917,
O1/0750/4,,videos/sample_002999_O1__0750__4.pt,ok,0.6237843037,0.6358448267,0.5359125396,0.5294879737,average,0.6237843037,0.5359125396,
O1/0751/1,,videos/sample_003000_O1__0751__1.pt,ok,0.5327189565,0.5549650788,0.5870067521,0.5740923088,average,0.5327189565,0.5870067521,
O1/0751/2,,videos/sample_003001_O1__0751__2.pt,ok,0.5408434868,0.5746842623,0.5822569192,0.5628825640,average,0.5408434868,0.5822569192,
O1/0751/3,,videos/sample_003002_O1__0751__3.pt,ok,0.5377795696,0.5598816276,0.5840436419,0.5712766833,average,0.5377795696,0.5840436419,
O1/0751/4,,videos/sample_003003_O1__0751__4.pt,ok,0.5374932885,0.5693191886,0.5842108665,0.5659105860,average,0.5374932885,0.5842108665,
O1/0752/1,,videos/sample_003004_O1__0752__1.pt,ok,0.6277031898,0.6386226416,0.5338164691,0.5280191951,average,0.6277031898,0.5338164691,
O1/0752/2,,videos/sample_003005_O1__0752__2.pt,ok,0.6284734607,0.6388894320,0.5334054442,0.5278783435,average,0.6284734607,0.5334054442,
O1/0752/3,,videos/sample_003006_O1__0752__3.pt,ok,0.6278330088,0.6382159591,0.5337471742,0.5282339749,average,0.6278330088,0.5337471742,
O1/0752/4,,videos/sample_003007_O1__0752__4.pt,ok,0.6276127696,0.6394877434,0.5338647391,0.5275626023,average,0.6276127696,0.5338647391,
O1/0753/1,,videos/sample_003008_O1__0753__1.pt,ok,0.5470187664,0.5783095956,0.5786723990,0.5608456216,average,0.5470187664,0.5786723990,
O1/0753/2,,videos/sample_003009_O1__0753__2.pt,ok,0.5530661941,0.5831612349,0.5751834796,0.5581311910,average,0.5530661941,0.5751834796,
O1/0753/3,,videos/sample_003010_O1__0753__3.pt,ok,0.5525991321,0.5867707133,0.5754521887,0.5561202599,average,0.5525991321,0.5754521887,
O1/0753/4,,videos/sample_003011_O1__0753__4.pt,ok,0.5385524631,0.5568671823,0.5835924128,0.5730013637,average,0.5385524631,0.5835924128,
O1/0754/1,,videos/sample_003012_O1__0754__1.pt,ok,0.6110712290,0.6253309846,0.5427691275,0.5350842945,average,0.6110712290,0.5427691275,
O1/0754/2,,videos/sample_003013_O1__0754__2.pt,ok,0.6098811626,0.6253309846,0.5434154433,0.5350842945,average,0.6098811626,0.5434154433,
O1/0754/3,,videos/sample_003014_O1__0754__3.pt,ok,0.6125416756,0.6253433824,0.5419716010,0.5350776607,average,0.6125416756,0.5419716010,
O1/0754/4,,videos/sample_003015_O1__0754__4.pt,ok,0.6122157574,0.6253433824,0.5421482682,0.5350776607,average,0.6122157574,0.5421482682,
O1/0755/1,,videos/sample_003016_O1__0755__1.pt,ok,0.6176028848,0.6469393969,0.5392354992,0.5236459993,average,0.6176028848,0.5392354992,
O1/0755/2,,videos/sample_003017_O1__0755__2.pt,ok,0.6158837080,0.6469393969,0.5401633377,0.5236459993,average,0.6158837080,0.5401633377,
O1/0755/3,,videos/sample_003018_O1__0755__3.pt,ok,0.6179136634,0.6470141411,0.5390679424,0.5236068612,average,0.6179136634,0.5390679424,
O1/0755/4,,videos/sample_003019_O1__0755__4.pt,ok,0.6175636053,0.6470141411,0.5392566805,0.5236068612,average,0.6175636053,0.5392566805,
O1/0756/1,,videos/sample_003020_O1__0756__1.pt,ok,0.5560359955,0.5942844748,0.5734778329,0.5519573640,average,0.5560359955,0.5734778329,
O1/0756/2,,videos/sample_003021_O1__0756__2.pt,ok,0.5529615283,0.5847239494,0.5752436848,0.5572596724,average,0.5529615283,0.5752436848,
O1/0756/3,,videos/sample_003022_O1__0756__3.pt,ok,0.5612700582,0.5924134851,0.5704840556,0.5529910373,average,0.5612700582,0.5704840556,
O1/0756/4,,videos/sample_003023_O1__0756__4.pt,ok,0.5618956089,0.5944579840,0.5701273005,0.5518616027,average,0.5618956089,0.5701273005,
O1/0757/1,,videos/sample_003024_O1__0757__1.pt,ok,0.5665127635,0.5875969529,0.5675010023,0.5556609611,average,0.5665127635,0.5675010023,
O1/0757/2,,videos/sample_003025_O1__0757__2.pt,ok,0.5655381680,0.5872588754,0.5680543558,0.5558488494,average,0.5655381680,0.5680543558,
O1/0757/3,,videos/sample_003026_O1__0757__3.pt,ok,0.5647757053,0.5868080854,0.5684876412,0.5560994769,average,0.5647757053,0.5684876412,
O1/0757/4,,videos/sample_003027_O1__0757__4.pt,ok,0.5669584274,0.5875969529,0.5672481439,0.5556609611,average,0.5669584274,0.5672481439,
O1/0758/1,,videos/sample_003028_O1__0758__1.pt,ok,0.6228155494,0.6353982091,0.5364319587,0.5297245052,average,0.6228155494,0.5364319587,
O1/0758/2,,videos/sample_003029_O1__0758__2.pt,ok,0.6218178272,0.6351892948,0.5369674358,0.5298351838,average,0.6218178272,0.5369674358,
O1/0758/3,,videos/sample_003030_O1__0758__3.pt,ok,0.6234713197,0.6351892948,0.5360802979,0.5298351838,average,0.6234713197,0.5360802979,
O1/0758/4,,videos/sample_003031_O1__0758__4.pt,ok,0.6217028499,0.6353982091,0.5370291785,0.5297245052,average,0.6217028499,0.5370291785,
O1/0759/1,,videos/sample_003032_O1__0759__1.pt,ok,0.6188162565,0.6321219206,0.5385816029,0.5314628817,average,0.6188162565,0.5385816029,
O1/0759/2,,videos/sample_003033_O1__0759__2.pt,ok,0.6205290556,0.6331638694,0.5376599104,0.5309094129,average,0.6205290556,0.5376599104,
O1/0759/3,,videos/sample_003034_O1__0759__3.pt,ok,0.6207452416,0.6322629452,0.5375436883,0.5313879376,average,0.6207452416,0.5375436883,
O1/0759/4,,videos/sample_003035_O1__0759__4.pt,ok,0.6198061705,0.6325652599,0.5380487172,0.5312273155,average,0.6198061705,0.5380487172,
O1/0760/1,,videos/sample_003036_O1__0760__1.pt,ok,0.5385363698,0.5597290397,0.5836018048,0.5713638598,average,0.5385363698,0.5836018048,
O1/0760/2,,videos/sample_003037_O1__0760__2.pt,ok,0.5359442234,0.5545675159,0.5851165485,0.5743205920,average,0.5359442234,0.5851165485,
O1/0760/3,,videos/sample_003038_O1__0760__3.pt,ok,0.5421504378,0.5763295293,0.5814964349,0.5619572333,average,0.5421504378,0.5814964349,
O1/0760/4,,videos/sample_003039_O1__0760__4.pt,ok,0.5408858061,0.5785992146,0.5822322790,0.5606832136,average,0.5408858061,0.5822322790,
O1/0761/1,,videos/sample_003040_O1__0761__1.pt,ok,0.5416270494,0.5760093331,0.5818008631,0.5621371987,average,0.5416270494,0.5818008631,
O1/0761/2,,videos/sample_003041_O1__0761__2.pt,ok,0.5419185162,0.5736771822,0.5816313122,0.5634497174,average,0.5419185162,0.5816313122,
O1/0761/3,,videos/sample_003042_O1__0761__3.pt,ok,0.5374194980,0.5591415167,0.5842539774,0.5716996478,average,0.5374194980,0.5842539774,
O1/0761/4,,videos/sample_003043_O1__0761__4.pt,ok,0.5386255980,0.5609491467,0.5835497334,0.5706671598,average,0.5386255980,0.5835497334,
O1/0762/1,,videos/sample_003044_O1__0762__1.pt,ok,0.5473225713,0.5821233392,0.5784966222,0.5587107737,average,0.5473225713,0.5784966222,
O1/0762/2,,videos/sample_003045_O1__0762__2.pt,ok,0.5520502329,0.5971882939,0.5757681407,0.5503569045,average,0.5520502329,0.5757681407,
O1/0762/3,,videos/sample_003046_O1__0762__3.pt,ok,0.5592089295,0.5972083807,0.5716611092,0.5503458497,average,0.5592089295,0.5716611092,
O1/0762/4,,videos/sample_003047_O1__0762__4.pt,ok,0.5569483042,0.5907272696,0.5729548827,0.5539242859,average,0.5569483042,0.5729548827,
O1/0763/1,,videos/sample_003048_O1__0763__1.pt,ok,0.5546277761,0.5754206181,0.5742859844,0.5624682347,average,0.5546277761,0.5742859844,
O1/0763/2,,videos/sample_003049_O1__0763__2.pt,ok,0.5536236167,0.5759336948,0.5748629487,0.5621797194,average,0.5536236167,0.5748629487,
O1/0763/3,,videos/sample_003050_O1__0763__3.pt,ok,0.5559130907,0.5802016258,0.5735483204,0.5597854880,average,0.5559130907,0.5735483204,
O1/0763/4,,videos/sample_003051_O1__0763__4.pt,ok,0.5555564165,0.5803941488,0.5737529268,0.5596777268,average,0.5555564165,0.5737529268,
O1/0764/1,,videos/sample_003052_O1__0764__1.pt,ok,0.5692158341,0.6081704497,0.5659690784,0.5443458667,average,0.5692158341,0.5659690784,
O1/0764/2,,videos/sample_003053_O1__0764__2.pt,ok,0.5764517188,0.6114561558,0.5618885722,0.5425602413,average,0.5764517188,0.5618885722,
O1/0764/3,,videos/sample_003054_O1__0764__3.pt,ok,0.5740094185,0.6135265231,0.5632625500,0.5414381044,average,0.5740094185,0.5632625500,
O1/0764/4,,videos/sample_003055_O1__0764__4.pt,ok,0.5763989687,0.6138200760,0.5619182127,0.5412791870,average,0.5763989687,0.5619182127,
O1/0765/1,,videos/sample_003056_O1__0765__1.pt,ok,0.6226664782,0.6356092095,0.5365119312,0.5296127449,average,0.6226664782,0.5365119312,
O1/0765/2,,videos/sample_003057_O1__0765__2.pt,ok,0.6213971972,0.6352372766,0.5371933479,0.5298097620,average,0.6213971972,0.5371933479,
O1/0765/3,,videos/sample_003058_O1__0765__3.pt,ok,0.6224193573,0.6349512339,0.5366445309,0.5299613319,average,0.6224193573,0.5366445309,
O1/0765/4,,videos/sample_003059_O1__0765__4.pt,ok,0.6236246228,0.6356084347,0.5359981214,0.5296131553,average,0.6236246228,0.5359981214,
O1/0766/1,,videos/sample_003060_O1__0766__1.pt,ok,0.6234455109,0.6495932341,0.5360941336,0.5222581704,average,0.6234455109,0.5360941336,
O1/0766/2,,videos/sample_003061_O1__0766__2.pt,ok,0.6234297752,0.6495932341,0.5361025695,0.5222581704,average,0.6234297752,0.5361025695,
O1/0766/3,,videos/sample_003062_O1__0766__3.pt,ok,0.6236751080,0.6496883631,0.5359710621,0.5222084909,average,0.6236751080,0.5359710621,
O1/0766/4,,videos/sample_003063_O1__0766__4.pt,ok,0.6225183010,0.6496883631,0.5365914359,0.5222084909,average,0.6225183010,0.5365914359,
O1/0767/1,,videos/sample_003064_O1__0767__1.pt,ok,0.6179239750,0.6436946392,0.5390623837,0.5253478632,average,0.6179239750,0.5390623837,
O1/0767/2,,videos/sample_003065_O1__0767__2.pt,ok,0.6176986098,0.6436946392,0.5391838833,0.5253478632,average,0.6176986098,0.5391838833,
O1/0767/3,,videos/sample_003066_O1__0767__3.pt,ok,0.6179296374,0.6435756087,0.5390593313,0.5254103993,average,0.6179296374,0.5390593313,
O1/0767/4,,videos/sample_003067_O1__0767__4.pt,ok,0.6172861457,0.6435756087,0.5394063232,0.5254103993,average,0.6172861457,0.5394063232,
O1/0768/1,,videos/sample_003068_O1__0768__1.pt,ok,0.5675069690,0.6016676426,0.5669370701,0.5478971771,average,0.5675069690,0.5669370701,
O1/0768/2,,videos/sample_003069_O1__0768__2.pt,ok,0.5727553368,0.6047552824,0.5639693704,0.5462080770,average,0.5727553368,0.5639693704,
O1/0768/3,,videos/sample_003070_O1__0768__3.pt,ok,0.5732363462,0.6068478227,0.5636981610,0.5450663096,average,0.5732363462,0.5636981610,
O1/0768/4,,videos/sample_003071_O1__0768__4.pt,ok,0.5698440671,0.6083503366,0.5656136296,0.5442479549,average,0.5698440671,0.5656136296,
O1/0769/1,,videos/sample_003072_O1__0769__1.pt,ok,0.5636433363,0.5856496096,0.5691317436,0.5567440780,average,0.5636433363,0.5691317436,
O1/0769/2,,videos/sample_003073_O1__0769__2.pt,ok,0.5643493533,0.5852804184,0.5687300687,0.5569496610,average,0.5643493533,0.5687300687,
O1/0769/3,,videos/sample_003074_O1__0769__3.pt,ok,0.5623811483,0.5825626850,0.5698505484,0.5584653604,average,0.5623811483,0.5698505484,
O1/0769/4,,videos/sample_003075_O1__0769__4.pt,ok,0.5626082420,0.5831695199,0.5697211536,0.5581265669,average,0.5626082420,0.5697211536,
O1/0770/1,,videos/sample_003076_O1__0770__1.pt,ok,0.5456229448,0.5622347593,0.5794806864,0.5699339744,average,0.5456229448,0.5794806864,
O1/0770/2,,videos/sample_003077_O1__0770__2.pt,ok,0.5470479727,0.5755720139,0.5786554984,0.5623830859,average,0.5470479727,0.5786554984,
O1/0770/3,,videos/sample_003078_O1__0770__3.pt,ok,0.5424327254,0.5597792268,0.5813323089,0.5713351854,average,0.5424327254,0.5813323089,
O1/0770/4,,videos/sample_003079_O1__0770__4.pt,ok,0.5487498045,0.5761206150,0.5776715615,0.5620746465,average,0.5487498045,0.5776715615,
O1/0771/1,,videos/sample_003080_O1__0771__1.pt,ok,0.5679844022,0.5910439491,0.5666664601,0.5537488972,average,0.5679844022,0.5666664601,
O1/0771/2,,videos/sample_003081_O1__0771__2.pt,ok,0.5683394074,0.5940635800,0.5664653262,0.5520793020,average,0.5683394074,0.5664653262,
O1/0771/3,,videos/sample_003082_O1__0771__3.pt,ok,0.5662683845,0.5873906612,0.5676397046,0.5557756012,average,0.5662683845,0.5676397046,
O1/0771/4,,videos/sample_003083_O1__0771__4.pt,ok,0.5667753220,0.5869463682,0.5673520196,0.5560225832,average,0.5667753220,0.5673520196,
O1/0772/1,,videos/sample_003084_O1__0772__1.pt,ok,0.6166603565,0.6280357838,0.5397439835,0.5336389545,average,0.6166603565,0.5397439835,
O1/0772/2,,videos/sample_003085_O1__0772__2.pt,ok,0.6184572577,0.6314869523,0.5387749877,0.5318004509,average,0.6184572577,0.5387749877,
O1/0772/3,,videos/sample_003086_O1__0772__3.pt,ok,0.6174852252,0.6311967969,0.5392989491,0.5319547781,average,0.6174852252,0.5392989491,
O1/0772/4,,videos/sample_003087_O1__0772__4.pt,ok,0.6182469726,0.6285125017,0.5388882960,0.5333846199,average,0.6182469726,0.5388882960,
O1/0773/1,,videos/sample_003088_O1__0773__1.pt,ok,0.6216331720,0.6493657231,0.5370665988,0.5223770034,average,0.6216331720,0.5370665988,
O1/0773/2,,videos/sample_003089_O1__0773__2.pt,ok,0.6192771196,0.6490737796,0.5383334477,0.5225295302,average,0.6192771196,0.5383334477,
O1/0773/3,,videos/sample_003090_O1__0773__3.pt,ok,0.6221228242,0.6493657231,0.5368036874,0.5223770034,average,0.6221228242,0.5368036874,
O1/0773/4,,videos/sample_003091_O1__0773__4.pt,ok,0.6219049692,0.6490737796,0.5369206455,0.5225295302,average,0.6219049692,0.5369206455,
O1/0774/1,,videos/sample_003092_O1__0774__1.pt,ok,0.5519154072,0.5834882855,0.5758457742,0.5579486837,average,0.5519154072,0.5758457742,
O1/0774/2,,videos/sample_003093_O1__0774__2.pt,ok,0.5504914522,0.5678769946,0.5766663368,0.5667273276,average,0.5504914522,0.5766663368,
O1/0774/3,,videos/sample_003094_O1__0774__3.pt,ok,0.5482705235,0.5858403444,0.5779484948,0.5566378977,average,0.5482705235,0.5779484948,
O1/0774/4,,videos/sample_003095_O1__0774__4.pt,ok,0.5462240577,0.5640911460,0.5791324578,0.5688769380,average,0.5462240577,0.5791324578,
O1/0775/1,,videos/sample_003096_O1__0775__1.pt,ok,0.6115550995,0.6274484992,0.5425065611,0.5339524445,average,0.6115550995,0.5425065611,
O1/0775/2,,videos/sample_003097_O1__0775__2.pt,ok,0.6101927161,0.6274484992,0.5432461667,0.5339524445,average,0.6101927161,0.5432461667,
O1/0775/3,,videos/sample_003098_O1__0775__3.pt,ok,0.6095207930,0.6275992990,0.5436113090,0.5338719307,average,0.6095207930,0.5436113090,
O1/0775/4,,videos/sample_003099_O1__0775__4.pt,ok,0.6111904979,0.6274486184,0.5427043959,0.5339523809,average,0.6111904979,0.5427043959,
O1/0776/1,,videos/sample_003100_O1__0776__1.pt,ok,0.6180915236,0.6304911971,0.5389720721,0.5323302577,average,0.6180915236,0.5389720721,
O1/0776/2,,videos/sample_003101_O1__0776__2.pt,ok,0.6191161871,0.6302483082,0.5384200900,0.5324595705,average,0.6191161871,0.5384200900,
O1/0776/3,,videos/sample_003102_O1__0776__3.pt,ok,0.6184602976,0.6295573711,0.5387733499,0.5328275937,average,0.6184602976,0.5387733499,
O1/0776/4,,videos/sample_003103_O1__0776__4.pt,ok,0.6178813577,0.6311315298,0.5390853576,0.5319894983,average,0.6178813577,0.5390853576,
O1/0777/1,,videos/sample_003104_O1__0777__1.pt,ok,0.5638097525,0.5915679932,0.5690370388,0.5534587844,average,0.5638097525,0.5690370388,
O1/0777/2,,videos/sample_003105_O1__0777__2.pt,ok,0.5650334358,0.5921059847,0.5683411435,0.5531611084,average,0.5650334358,0.5683411435,
O1/0777/3,,videos/sample_003106_O1__0777__3.pt,ok,0.5632991791,0.5812606215,0.5693276481,0.5591929913,average,0.5632991791,0.5693276481,
O1/0777/4,,videos/sample_003107_O1__0777__4.pt,ok,0.5670150518,0.5973253250,0.5672160247,0.5502814937,average,0.5670150518,0.5672160247,
O1/0778/1,,videos/sample_003108_O1__0778__1.pt,ok,0.5612336397,0.5932280421,0.5705048321,0.5525407779,average,0.5612336397,0.5705048321,
O1/0778/2,,videos/sample_003109_O1__0778__2.pt,ok,0.5625491142,0.5937476754,0.5697548410,0.5522537339,average,0.5625491142,0.5697548410,
O1/0778/3,,videos/sample_003110_O1__0778__3.pt,ok,0.5534013510,0.5721639991,0.5749907352,0.5643029654,average,0.5534013510,0.5749907352,
O1/0778/4,,videos/sample_003111_O1__0778__4.pt,ok,0.5548824072,0.5859709382,0.5741397719,0.5565652090,average,0.5548824072,0.5741397719,
O1/0779/1,,videos/sample_003112_O1__0779__1.pt,ok,0.6165424585,0.6450067759,0.5398076220,0.5246589871,average,0.6165424585,0.5398076220,
O1/0779/2,,videos/sample_003113_O1__0779__2.pt,ok,0.6179873347,0.6443220973,0.5390282300,0.5250183328,average,0.6179873347,0.5390282300,
O1/0779/3,,videos/sample_003114_O1__0779__3.pt,ok,0.6177581549,0.6443220973,0.5391517785,0.5250183328,average,0.6177581549,0.5391517785,
O1/0779/4,,videos/sample_003115_O1__0779__4.pt,ok,0.6175292730,0.6450067759,0.5392751947,0.5246589871,average,0.6175292730,0.5392751947,
O1/0780/1,,videos/sample_003116_O1__0780__1.pt,ok,0.6148933172,0.6283875704,0.5406985755,0.5334512605,average,0.6148933172,0.5406985755,
O1/0780/2,,videos/sample_003117_O1__0780__2.pt,ok,0.6163854003,0.6283875704,0.5398924098,0.5334512605,average,0.6163854003,0.5398924098,
O1/0780/3,,videos/sample_003118_O1__0780__3.pt,ok,0.6161536574,0.6283466220,0.5400175406,0.5334731049,average,0.6161536574,0.5400175406,
O1/0780/4,,videos/sample_003119_O1__0780__4.pt,ok,0.6140163541,0.6283466220,0.5411729562,0.5334731049,average,0.6140163541,0.5411729562,
O1/0781/1,,videos/sample_003120_O1__0781__1.pt,ok,0.5665169358,0.5958285332,0.5674986345,0.5511057672,average,0.5665169358,0.5674986345,
O1/0781/2,,videos/sample_003121_O1__0781__2.pt,ok,0.5661170483,0.5979911685,0.5677256155,0.5499152143,average,0.5661170483,0.5677256155,
O1/0781/3,,videos/sample_003122_O1__0781__3.pt,ok,0.5628008246,0.5945097804,0.5696114458,0.5518330189,average,0.5628008246,0.5696114458,
O1/0781/4,,videos/sample_003123_O1__0781__4.pt,ok,0.5662272573,0.5953860283,0.5676630505,0.5513496882,average,0.5662272573,0.5676630505,
O1/0782/1,,videos/sample_003124_O1__0782__1.pt,ok,0.5575549006,0.5781828165,0.5726074356,0.5609167296,average,0.5575549006,0.5726074356,
O1/0782/2,,videos/sample_003125_O1__0782__2.pt,ok,0.5587967038,0.5807464123,0.5718968112,0.5594806075,average,0.5587967038,0.5718968112,
O1/0782/3,,videos/sample_003126_O1__0782__3.pt,ok,0.5574049354,0.5780150890,0.5726933133,0.5610108187,average,0.5574049354,0.5726933133,
O1/0782/4,,videos/sample_003127_O1__0782__4.pt,ok,0.5595110655,0.5838965774,0.5714884160,0.5577209243,average,0.5595110655,0.5714884160,
O1/0783/1,,videos/sample_003128_O1__0783__1.pt,ok,0.5673819780,0.5982185006,0.5670079365,0.5497902151,average,0.5673819780,0.5670079365,
O1/0783/2,,videos/sample_003129_O1__0783__2.pt,ok,0.5647637844,0.5911232829,0.5684944181,0.5537049680,average,0.5647637844,0.5684944181,
O1/0783/3,,videos/sample_003130_O1__0783__3.pt,ok,0.5688154697,0.6024488211,0.5661957176,0.5474693388,average,0.5688154697,0.5661957176,
O1/0783/4,,videos/sample_003131_O1__0783__4.pt,ok,0.5689603686,0.6039322615,0.5661136824,0.5466578027,average,0.5689603686,0.5661136824,
O1/0784/1,,videos/sample_003132_O1__0784__1.pt,ok,0.5548401475,0.5734187961,0.5741640354,0.5635953238,average,0.5548401475,0.5741640354,
O1/0784/2,,videos/sample_003133_O1__0784__2.pt,ok,0.5557047129,0.5793927312,0.5736678476,0.5602384786,average,0.5557047129,0.5736678476,
O1/0784/3,,videos/sample_003134_O1__0784__3.pt,ok,0.5521240830,0.5704594851,0.5757256217,0.5652656479,average,0.5521240830,0.5757256217,
O1/0784/4,,videos/sample_003135_O1__0784__4.pt,ok,0.5540313125,0.5809195042,0.5746286273,0.5593837743,average,0.5540313125,0.5746286273,
O1/0785/1,,videos/sample_003136_O1__0785__1.pt,ok,0.5752524137,0.6038067341,0.5625628523,0.5467264276,average,0.5752524137,0.5625628523,
O1/0785/2,,videos/sample_003137_O1__0785__2.pt,ok,0.5690671206,0.5977391005,0.5660532519,0.5500538478,average,0.5690671206,0.5660532519,
O1/0785/3,,videos/sample_003138_O1__0785__3.pt,ok,0.5669838190,0.5913369656,0.5672337408,0.5535866634,average,0.5669838190,0.5672337408,
O1/0785/4,,videos/sample_003139_O1__0785__4.pt,ok,0.5754265189,0.6055248380,0.5624649157,0.5457879012,average,0.5754265189,0.5624649157,
O1/0786/1,,videos/sample_003140_O1__0786__1.pt,ok,0.5570303798,0.5770465732,0.5729078590,0.5615544298,average,0.5570303798,0.5729078590,
O1/0786/2,,videos/sample_003141_O1__0786__2.pt,ok,0.5620245934,0.5909182429,0.5700537677,0.5538185112,average,0.5620245934,0.5700537677,
O1/0786/3,,videos/sample_003142_O1__0786__3.pt,ok,0.5637153983,0.5940108299,0.5690907323,0.5521084250,average,0.5637153983,0.5690907323,
O1/0786/4,,videos/sample_003143_O1__0786__4.pt,ok,0.5642598271,0.6011569500,0.5687809872,0.5481770556,average,0.5642598271,0.5687809872,
O1/0787/1,,videos/sample_003144_O1__0787__1.pt,ok,0.5877508521,0.6093534827,0.5555754519,0.5437022684,average,0.5877508521,0.5555754519,
O1/0787/2,,videos/sample_003145_O1__0787__2.pt,ok,0.5884211063,0.6069617867,0.5552031999,0.5450041952,average,0.5884211063,0.5552031999,
O1/0787/3,,videos/sample_003146_O1__0787__3.pt,ok,0.5887413025,0.6093534827,0.5550254544,0.5437022684,average,0.5887413025,0.5550254544,
O1/0787/4,,videos/sample_003147_O1__0787__4.pt,ok,0.5863502026,0.6069617867,0.5563541636,0.5450041952,average,0.5863502026,0.5563541636,
O1/0788/1,,videos/sample_003148_O1__0788__1.pt,ok,0.6202562451,0.6507821679,0.5378066096,0.5216376090,average,0.6202562451,0.5378066096,
O1/0788/2,,videos/sample_003149_O1__0788__2.pt,ok,0.6195614934,0.6495077014,0.5381803815,0.5223028424,average,0.6195614934,0.5381803815,
O1/0788/3,,videos/sample_003150_O1__0788__3.pt,ok,0.6196761131,0.6495077014,0.5381186990,0.5223028424,average,0.6196761131,0.5381186990,
O1/0788/4,,videos/sample_003151_O1__0788__4.pt,ok,0.6189227104,0.6507821679,0.5385242718,0.5216376090,average,0.6189227104,0.5385242718,
O1/0789/1,,videos/sample_003152_O1__0789__1.pt,ok,0.5772601366,0.5990179777,0.5614345151,0.5493508461,average,0.5772601366,0.5614345151,
O1/0789/2,,videos/sample_003153_O1__0789__2.pt,ok,0.5868377686,0.6075111032,0.5560829704,0.5447048977,average,0.5868377686,0.5560829704,
O1/0789/3,,videos/sample_003154_O1__0789__3.pt,ok,0.5823143125,0.6105757356,0.5586040851,0.5430381327,average,0.5823143125,0.5586040851,
O1/0789/4,,videos/sample_003155_O1__0789__4.pt,ok,0.5870313048,0.6077824831,0.5559753586,0.5445570957,average,0.5870313048,0.5559753586,
O1/0790/1,,videos/sample_003156_O1__0790__1.pt,ok,0.5538630486,0.5959188342,0.5747253247,0.5510560041,average,0.5538630486,0.5747253247,
O1/0790/2,,videos/sample_003157_O1__0790__2.pt,ok,0.5531064868,0.5915464163,0.5751603044,0.5534707265,average,0.5531064868,0.5751603044,
O1/0790/3,,videos/sample_003158_O1__0790__3.pt,ok,0.5548340082,0.5947939754,0.5741675604,0.5516762131,average,0.5548340082,0.5741675604,
O1/0790/4,,videos/sample_003159_O1__0790__4.pt,ok,0.5467931032,0.5847980380,0.5788029988,0.5572183874,average,0.5467931032,0.5788029988,
O1/0791/1,,videos/sample_003160_O1__0791__1.pt,ok,0.5704037547,0.6017529368,0.5652971512,0.5478504467,average,0.5704037547,0.5652971512,
O1/0791/2,,videos/sample_003161_O1__0791__2.pt,ok,0.5711444020,0.6018847227,0.5648786204,0.5477782525,average,0.5711444020,0.5648786204,
O1/0791/3,,videos/sample_003162_O1__0791__3.pt,ok,0.5645424724,0.5903907418,0.5686202467,0.5541107282,average,0.5645424724,0.5686202467,
O1/0791/4,,videos/sample_003163_O1__0791__4.pt,ok,0.5713952780,0.6064752936,0.5647369237,0.5452694005,average,0.5713952780,0.5647369237,
O1/0792/1,,videos/sample_003164_O1__0792__1.pt,ok,0.6299880743,0.6401975751,0.5325981526,0.5271882545,average,0.6299880743,0.5325981526,
O1/0792/2,,videos/sample_003165_O1__0792__2.pt,ok,0.6293008924,0.6390329003,0.5329642702,0.5278026150,average,0.6293008924,0.5329642702,
O1/0792/3,,videos/sample_003166_O1__0792__3.pt,ok,0.6291882992,0.6401975751,0.5330242817,0.5271882545,average,0.6291882992,0.5330242817,
O1/0792/4,,videos/sample_003167_O1__0792__4.pt,ok,0.6297328472,0.6390329003,0.5327341034,0.5278026150,average,0.6297328472,0.5327341034,
O1/0793/1,,videos/sample_003168_O1__0793__1.pt,ok,0.6128107309,0.6267186403,0.5418258003,0.5343422967,average,0.6128107309,0.5418258003,
O1/0793/2,,videos/sample_003169_O1__0793__2.pt,ok,0.6135237813,0.6276186109,0.5414395889,0.5338616207,average,0.6135237813,0.5414395889,
O1/0793/3,,videos/sample_003170_O1__0793__3.pt,ok,0.6151730418,0.6275843382,0.5405473499,0.5338799179,average,0.6151730418,0.5405473499,
O1/0793/4,,videos/sample_003171_O1__0793__4.pt,ok,0.6146695018,0.6271510720,0.5408196057,0.5341112801,average,0.6146695018,0.5408196057,
O1/0794/1,,videos/sample_003172_O1__0794__1.pt,ok,0.5688561797,0.5923933387,0.5661726683,0.5530021781,average,0.5688561797,0.5661726683,
O1/0794/2,,videos/sample_003173_O1__0794__2.pt,ok,0.5670197606,0.5895395279,0.5672133538,0.5545825958,average,0.5670197606,0.5672133538,
O1/0794/3,,videos/sample_003174_O1__0794__3.pt,ok,0.5691772699,0.5911148787,0.5659909049,0.5537096215,average,0.5691772699,0.5659909049,
O1/0794/4,,videos/sample_003175_O1__0794__4.pt,ok,0.5679163337,0.5909481049,0.5667050335,0.5538019734,average,0.5679163337,0.5667050335,
O1/0795/1,,videos/sample_003176_O1__0795__1.pt,ok,0.6302797794,0.6408349872,0.5324428136,0.5268523254,average,0.6302797794,0.5324428136,
O1/0795/2,,videos/sample_003177_O1__0795__2.pt,ok,0.6300380230,0.6406034827,0.5325715507,0.5269743082,average,0.6300380230,0.5325715507,
O1/0795/3,,videos/sample_003178_O1__0795__3.pt,ok,0.6309627295,0.6408349872,0.5320793059,0.5268523254,average,0.6309627295,0.5320793059,
O1/0795/4,,videos/sample_003179_O1__0795__4.pt,ok,0.6306518316,0.6406034827,0.5322447539,0.5269743082,average,0.6306518316,0.5322447539,
O1/0796/1,,videos/sample_003180_O1__0796__1.pt,ok,0.6274589896,0.6350670457,0.5339468432,0.5298999596,average,0.6274589896,0.5339468432,
O1/0796/2,,videos/sample_003181_O1__0796__2.pt,ok,0.6272813678,0.6353486776,0.5340416922,0.5297507439,average,0.6272813678,0.5340416922,
O1/0796/3,,videos/sample_003182_O1__0796__3.pt,ok,0.6271326542,0.6367762685,0.5341211174,0.5289950161,average,0.6271326542,0.5341211174,
O1/0796/4,,videos/sample_003183_O1__0796__4.pt,ok,0.6279426813,0.6369605660,0.5336886400,0.5288975326,average,0.6279426813,0.5336886400,
O1/0797/1,,videos/sample_003184_O1__0797__1.pt,ok,0.5865935087,0.6095278859,0.5562188157,0.5436074532,average,0.5865935087,0.5562188157,
O1/0797/2,,videos/sample_003185_O1__0797__2.pt,ok,0.5839158297,0.6106186509,0.5577101870,0.5430148285,average,0.5839158297,0.5577101870,
O1/0797/3,,videos/sample_003186_O1__0797__3.pt,ok,0.5879459977,0.6135528088,0.5554670444,0.5414238725,average,0.5879459977,0.5554670444,
O1/0797/4,,videos/sample_003187_O1__0797__4.pt,ok,0.5874323249,0.6135636568,0.5557524460,0.5414179991,average,0.5874323249,0.5557524460,
O1/0798/1,,videos/sample_003188_O1__0798__1.pt,ok,0.5418942571,0.5734602213,0.5816454222,0.5635719772,average,0.5418942571,0.5816454222,
O1/0798/2,,videos/sample_003189_O1__0798__2.pt,ok,0.5530723929,0.5855128169,0.5751799142,0.5568202417,average,0.5530723929,0.5751799142,
O1/0798/3,,videos/sample_003190_O1__0798__3.pt,ok,0.5497668386,0.5918412805,0.5770843485,0.5533075518,average,0.5497668386,0.5770843485,
O1/0798/4,,videos/sample_003191_O1__0798__4.pt,ok,0.5519708991,0.5897568464,0.5758138203,0.5544620878,average,0.5519708991,0.5758138203,
O1/0799/1,,videos/sample_003192_O1__0799__1.pt,ok,0.5403354168,0.5590681434,0.5825528216,0.5717415969,average,0.5403354168,0.5825528216,
O1/0799/2,,videos/sample_003193_O1__0799__2.pt,ok,0.5533173680,0.5904442072,0.5750390267,0.5540811033,average,0.5533173680,0.5750390267,
O1/0799/3,,videos/sample_003194_O1__0799__3.pt,ok,0.5532358289,0.5855129361,0.5750859168,0.5568201754,average,0.5532358289,0.5750859168,
O1/0799/4,,videos/sample_003195_O1__0799__4.pt,ok,0.5539782643,0.5850991607,0.5746591111,0.5570506216,average,0.5539782643,0.5746591111,
O1/0800/1,,videos/sample_003196_O1__0800__1.pt,ok,0.6091959476,0.6257455945,0.5437879273,0.5348624893,average,0.6091959476,0.5437879273,
O1/0800/2,,videos/sample_003197_O1__0800__2.pt,ok,0.6075640321,0.6233732104,0.5446760678,0.5361328949,average,0.6075640321,0.5446760678,
O1/0800/3,,videos/sample_003198_O1__0800__3.pt,ok,0.6090601683,0.6241126657,0.5438617675,0.5357365952,average,0.6090601683,0.5438617675,
O1/0800/4,,videos/sample_003199_O1__0800__4.pt,ok,0.6072075963,0.6226034164,0.5448702444,0.5365457657,average,0.6072075963,0.5448702444,
O1/0801/1,,videos/sample_003200_O1__0801__1.pt,ok,0.5601359010,0.5944724679,0.5711314413,0.5518536096,average,0.5601359010,0.5711314413,
O1/0801/2,,videos/sample_003201_O1__0801__2.pt,ok,0.5664036274,0.6016939878,0.5675629405,0.5478827428,average,0.5664036274,0.5675629405,
O1/0801/3,,videos/sample_003202_O1__0801__3.pt,ok,0.5573029518,0.5892499089,0.5727517216,0.5547432367,average,0.5573029518,0.5727517216,
O1/0801/4,,videos/sample_003203_O1__0801__4.pt,ok,0.5631115437,0.6010980010,0.5694344842,0.5482093711,average,0.5631115437,0.5694344842,
O1/0802/1,,videos/sample_003204_O1__0802__1.pt,ok,0.6264096498,0.6520854831,0.5345074289,0.5209581936,average,0.6264096498,0.5345074289,
O1/0802/2,,videos/sample_003205_O1__0802__2.pt,ok,0.6232361794,0.6531077623,0.5362063668,0.5204259010,average,0.6232361794,0.5362063668,
O1/0802/3,,videos/sample_003206_O1__0802__3.pt,ok,0.6272618175,0.6520854831,0.5340521330,0.5209581936,average,0.6272618175,0.5340521330,
O1/0802/4,,videos/sample_003207_O1__0802__4.pt,ok,0.6262269020,0.6531077623,0.5346051179,0.5204259010,average,0.6262269020,0.5346051179,
O1/0803/1,,videos/sample_003208_O1__0803__1.pt,ok,0.5599668622,0.5874539018,0.5712279928,0.5557404547,average,0.5599668622,0.5712279928,
O1/0803/2,,videos/sample_003209_O1__0803__2.pt,ok,0.5646536946,0.5975194573,0.5685570070,0.5501746766,average,0.5646536946,0.5685570070,
O1/0803/3,,videos/sample_003210_O1__0803__3.pt,ok,0.5659916401,0.5975194573,0.5677968174,0.5501746766,average,0.5659916401,0.5677968174,
O1/0803/4,,videos/sample_003211_O1__0803__4.pt,ok,0.5586508512,0.5874539018,0.5719802299,0.5557404547,average,0.5586508512,0.5719802299,
O1/0804/1,,videos/sample_003212_O1__0804__1.pt,ok,0.5635643005,0.5816640854,0.5691767272,0.5589674227,average,0.5635643005,0.5691767272,
O1/0804/2,,videos/sample_003213_O1__0804__2.pt,ok,0.5654538870,0.5949246287,0.5681022340,0.5516041394,average,0.5654538870,0.5681022340,
O1/0804/3,,videos/sample_003214_O1__0804__3.pt,ok,0.5675678253,0.5983141661,0.5669025694,0.5497376217,average,0.5675678253,0.5669025694,
O1/0804/4,,videos/sample_003215_O1__0804__4.pt,ok,0.5657995343,0.5938862562,0.5679059049,0.5521772075,average,0.5657995343,0.5679059049,
O1/0805/1,,videos/sample_003216_O1__0805__1.pt,ok,0.5660383105,0.5896849632,0.5677703187,0.5545019457,average,0.5660383105,0.5677703187,
O1/0805/2,,videos/sample_003217_O1__0805__2.pt,ok,0.5682691336,0.5931062102,0.5665051353,0.5526080991,average,0.5682691336,0.5665051353,
O1/0805/3,,videos/sample_003218_O1__0805__3.pt,ok,0.5681861639,0.5927489400,0.5665521400,0.5528055648,average,0.5681861639,0.5665521400,
O1/0805/4,,videos/sample_003219_O1__0805__4.pt,ok,0.5665525794,0.5881130695,0.5674784072,0.5553742492,average,0.5665525794,0.5674784072,
O1/0806/1,,videos/sample_003220_O1__0806__1.pt,ok,0.5440598130,0.5729724765,0.5803871994,0.5638469235,average,0.5440598130,0.5803871994,
O1/0806/2,,videos/sample_003221_O1__0806__2.pt,ok,0.5338222980,0.5528749228,0.5863594403,0.5752935063,average,0.5338222980,0.5863594403,
O1/0806/3,,videos/sample_003222_O1__0806__3.pt,ok,0.5470638275,0.5792803764,0.5786463239,0.5603014276,average,0.5470638275,0.5786463239,
O1/0806/4,,videos/sample_003223_O1__0806__4.pt,ok,0.5455029607,0.5777049065,0.5795502190,0.5611848614,average,0.5455029607,0.5795502190,
O1/0807/1,,videos/sample_003224_O1__0807__1.pt,ok,0.6214261055,0.6472762227,0.5371778188,0.5234696515,average,0.6214261055,0.5371778188,
O1/0807/2,,videos/sample_003225_O1__0807__2.pt,ok,0.6210324168,0.6471112370,0.5373893413,0.5235560236,average,0.6210324168,0.5373893413,
O1/0807/3,,videos/sample_003226_O1__0807__3.pt,ok,0.6190041304,0.6472762227,0.5384804270,0.5234696515,average,0.6190041304,0.5384804270,
O1/0807/4,,videos/sample_003227_O1__0807__4.pt,ok,0.6217396259,0.6471112370,0.5370094290,0.5235560236,average,0.6217396259,0.5370094290,
O1/0808/1,,videos/sample_003228_O1__0808__1.pt,ok,0.5338805914,0.5544358492,0.5863252605,0.5743962159,average,0.5338805914,0.5863252605,
O1/0808/2,,videos/sample_003229_O1__0808__2.pt,ok,0.5312553644,0.5525770783,0.5878665196,0.5754648797,average,0.5312553644,0.5878665196,
O1/0808/3,,videos/sample_003230_O1__0808__3.pt,ok,0.5354364514,0.5639020205,0.5854137297,0.5689845373,average,0.5354364514,0.5854137297,
O1/0808/4,,videos/sample_003231_O1__0808__4.pt,ok,0.5342569947,0.5672371387,0.5861046072,0.5670900675,average,0.5342569947,0.5861046072,
O1/0809/1,,videos/sample_003232_O1__0809__1.pt,ok,0.6178448200,0.6329708695,0.5391050549,0.5310118883,average,0.6178448200,0.5391050549,
O1/0809/2,,videos/sample_003233_O1__0809__2.pt,ok,0.6163808703,0.6318138242,0.5398948555,0.5316266487,average,0.6163808703,0.5398948555,
O1/0809/3,,videos/sample_003234_O1__0809__3.pt,ok,0.6183930039,0.6318138242,0.5388096072,0.5316266487,average,0.6183930039,0.5388096072,
O1/0809/4,,videos/sample_003235_O1__0809__4.pt,ok,0.6191238165,0.6329708695,0.5384159822,0.5310118883,average,0.6191238165,0.5384159822,
O1/0810/1,,videos/sample_003236_O1__0810__1.pt,ok,0.6149967313,0.6434633732,0.5406426625,0.5254693724,average,0.6149967313,0.5406426625,
O1/0810/2,,videos/sample_003237_O1__0810__2.pt,ok,0.6156268120,0.6434633732,0.5403021213,0.5254693724,average,0.6156268120,0.5403021213,
O1/0810/3,,videos/sample_003238_O1__0810__3.pt,ok,0.6148917079,0.6444677711,0.5406994456,0.5249418570,average,0.6148917079,0.5406994456,
O1/0810/4,,videos/sample_003239_O1__0810__4.pt,ok,0.6154217124,0.6444677711,0.5404129484,0.5249418570,average,0.6154217124,0.5404129484,
O1/0811/1,,videos/sample_003240_O1__0811__1.pt,ok,0.5640225410,0.5869991779,0.5689159671,0.5559932206,average,0.5640225410,0.5689159671,
O1/0811/2,,videos/sample_003241_O1__0811__2.pt,ok,0.5630255342,0.5799699426,0.5694834631,0.5599151959,average,0.5630255342,0.5694834631,
O1/0811/3,,videos/sample_003242_O1__0811__3.pt,ok,0.5656738281,0.5936560631,0.5679772987,0.5523043295,average,0.5656738281,0.5679772987,
O1/0811/4,,videos/sample_003243_O1__0811__4.pt,ok,0.5649140477,0.5838086009,0.5684090007,0.5577699928,average,0.5649140477,0.5684090007,
O1/0812/1,,videos/sample_003244_O1__0812__1.pt,ok,0.5508999825,0.5709165335,0.5764307993,0.5650073532,average,0.5508999825,0.5764307993,
O1/0812/2,,videos/sample_003245_O1__0812__2.pt,ok,0.5543853045,0.5850580335,0.5744252493,0.5570735320,average,0.5543853045,0.5744252493,
O1/0812/3,,videos/sample_003246_O1__0812__3.pt,ok,0.5544735789,0.5838412046,0.5743745445,0.5577518077,average,0.5544735789,0.5743745445,
O1/0812/4,,videos/sample_003247_O1__0812__4.pt,ok,0.5526287556,0.5725080967,0.5754351421,0.5641088235,average,0.5526287556,0.5754351421,
O1/0813/1,,videos/sample_003248_O1__0813__1.pt,ok,0.6200105548,0.6473824382,0.5379387597,0.5234140538,average,0.6200105548,0.5379387597,
O1/0813/2,,videos/sample_003249_O1__0813__2.pt,ok,0.6181098819,0.6474890709,0.5389621776,0.5233582438,average,0.6181098819,0.5389621776,
O1/0813/3,,videos/sample_003250_O1__0813__3.pt,ok,0.6191737056,0.6474890709,0.5383891218,0.5233582438,average,0.6191737056,0.5383891218,
O1/0813/4,,videos/sample_003251_O1__0813__4.pt,ok,0.6188365221,0.6473824382,0.5385706883,0.5234140538,average,0.6188365221,0.5385706883,
O1/0814/1,,videos/sample_003252_O1__0814__1.pt,ok,0.5852798223,0.6079785824,0.5569499929,0.5444503189,average,0.5852798223,0.5569499929,
O1/0814/2,,videos/sample_003253_O1__0814__2.pt,ok,0.5866609216,0.6093891859,0.5561813207,0.5436828568,average,0.5866609216,0.5561813207,
O1/0814/3,,videos/sample_003254_O1__0814__3.pt,ok,0.5850408673,0.6079785824,0.5570830948,0.5444503189,average,0.5850408673,0.5570830948,
O1/0814/4,,videos/sample_003255_O1__0814__4.pt,ok,0.5829876661,0.6093891859,0.5582280736,0.5436828568,average,0.5829876661,0.5582280736,
O1/0815/1,,videos/sample_003256_O1__0815__1.pt,ok,0.6148438454,0.6307842135,0.5407253255,0.5321742990,average,0.6148438454,0.5407253255,
O1/0815/2,,videos/sample_003257_O1__0815__2.pt,ok,0.6123436689,0.6293333173,0.5420789256,0.5329469891,average,0.6123436689,0.5420789256,
O1/0815/3,,videos/sample_003258_O1__0815__3.pt,ok,0.6154521108,0.6305477023,0.5403965210,0.5323001791,average,0.6154521108,0.5403965210,
O1/0815/4,,videos/sample_003259_O1__0815__4.pt,ok,0.6137304902,0.6295629740,0.5413276801,0.5328246084,average,0.6137304902,0.5413276801,
O1/0816/1,,videos/sample_003260_O1__0816__1.pt,ok,0.6224372387,0.6362671852,0.5366349350,0.5292643872,average,0.6224372387,0.5366349350,
O1/0816/2,,videos/sample_003261_O1__0816__2.pt,ok,0.6213873625,0.6357482076,0.5371986311,0.5295391349,average,0.6213873625,0.5371986311,
O1/0816/3,,videos/sample_003262_O1__0816__3.pt,ok,0.6221400499,0.6362671852,0.5367944406,0.5292643872,average,0.6221400499,0.5367944406,
O1/0816/4,,videos/sample_003263_O1__0816__4.pt,ok,0.6225134730,0.6357482076,0.5365940266,0.5295391349,average,0.6225134730,0.5365940266,
O1/0817/1,,videos/sample_003264_O1__0817__1.pt,ok,0.5558944941,0.5741609931,0.5735589866,0.5631771802,average,0.5558944941,0.5735589866,
O1/0817/2,,videos/sample_003265_O1__0817__2.pt,ok,0.5586565137,0.5761112571,0.5719769911,0.5620799064,average,0.5586565137,0.5719769911,
O1/0817/3,,videos/sample_003266_O1__0817__3.pt,ok,0.5589537024,0.5860779285,0.5718070313,0.5565056650,average,0.5589537024,0.5718070313,
O1/0817/4,,videos/sample_003267_O1__0817__4.pt,ok,0.5597783327,0.5844468474,0.5713356962,0.5574141116,average,0.5597783327,0.5713356962,
O1/0818/1,,videos/sample_003268_O1__0818__1.pt,ok,0.5588904023,0.5965905190,0.5718432279,0.5506859924,average,0.5588904023,0.5718432279,
O1/0818/2,,videos/sample_003269_O1__0818__2.pt,ok,0.5560125113,0.5879780054,0.5734913007,0.5554492654,average,0.5560125113,0.5734913007,
O1/0818/3,,videos/sample_003270_O1__0818__3.pt,ok,0.5497195721,0.5814508200,0.5771116259,0.5590866438,average,0.5497195721,0.5771116259,
O1/0818/4,,videos/sample_003271_O1__0818__4.pt,ok,0.5590893626,0.5921168327,0.5717294651,0.5531551077,average,0.5590893626,0.5717294651,
O1/0819/1,,videos/sample_003272_O1__0819__1.pt,ok,0.6054571867,0.6219945550,0.5458248257,0.5368725472,average,0.6054571867,0.5458248257,
O1/0819/2,,videos/sample_003273_O1__0819__2.pt,ok,0.6085472703,0.6254999042,0.5441407846,0.5349939160,average,0.6085472703,0.5441407846,
O1/0819/3,,videos/sample_003274_O1__0819__3.pt,ok,0.6079125404,0.6233103275,0.5444862767,0.5361666095,average,0.6079125404,0.5444862767,
O1/0819/4,,videos/sample_003275_O1__0819__4.pt,ok,0.6067191958,0.6233240366,0.5451364243,0.5361592592,average,0.6067191958,0.5451364243,
O1/0820/1,,videos/sample_003276_O1__0820__1.pt,ok,0.5554357171,0.5734086633,0.5738221826,0.5636010346,average,0.5554357171,0.5738221826,
O1/0820/2,,videos/sample_003277_O1__0820__2.pt,ok,0.5531799197,0.5723236203,0.5751180702,0.5642128978,average,0.5531799197,0.5751180702,
O1/0820/3,,videos/sample_003278_O1__0820__3.pt,ok,0.5558738112,0.5829280615,0.5735708495,0.5582613475,average,0.5558738112,0.5735708495,
O1/0820/4,,videos/sample_003279_O1__0820__4.pt,ok,0.5543175340,0.5787153840,0.5744641797,0.5606180831,average,0.5543175340,0.5744641797,
O1/0821/1,,videos/sample_003280_O1__0821__1.pt,ok,0.6242387295,0.6505219936,0.5356690624,0.5217733433,average,0.6242387295,0.5356690624,
O1/0821/2,,videos/sample_003281_O1__0821__2.pt,ok,0.6225415468,0.6519140601,0.5365789626,0.5210475054,average,0.6225415468,0.5365789626,
O1/0821/3,,videos/sample_003282_O1__0821__3.pt,ok,0.6235757470,0.6505219936,0.5360243194,0.5217733433,average,0.6235757470,0.5360243194,
O1/0821/4,,videos/sample_003283_O1__0821__4.pt,ok,0.6200702190,0.6519140601,0.5379066650,0.5210475054,average,0.6200702190,0.5379066650,
O1/0822/1,,videos/sample_003284_O1__0822__1.pt,ok,0.6226097941,0.6511917114,0.5365423437,0.5214240194,average,0.6226097941,0.5365423437,
O1/0822/2,,videos/sample_003285_O1__0822__2.pt,ok,0.6224271655,0.6519503593,0.5366403407,0.5210285922,average,0.6224271655,0.5366403407,
O1/0822/3,,videos/sample_003286_O1__0822__3.pt,ok,0.6206464171,0.6519503593,0.5375968135,0.5210285922,average,0.6206464171,0.5375968135,
O1/0822/4,,videos/sample_003287_O1__0822__4.pt,ok,0.6224204302,0.6511917114,0.5366439551,0.5214240194,average,0.6224204302,0.5366439551,
O1/0823/1,,videos/sample_003288_O1__0823__1.pt,ok,0.5497784019,0.5670859218,0.5770776756,0.5671758276,average,0.5497784019,0.5770776756,
O1/0823/2,,videos/sample_003289_O1__0823__2.pt,ok,0.5540637970,0.5855364203,0.5746099610,0.5568070990,average,0.5540637970,0.5746099610,
O1/0823/3,,videos/sample_003290_O1__0823__3.pt,ok,0.5542610288,0.5715890527,0.5744966409,0.5646275026,average,0.5542610288,0.5744966409,
O1/0823/4,,videos/sample_003291_O1__0823__4.pt,ok,0.5563260913,0.5808252096,0.5733114935,0.5594365236,average,0.5563260913,0.5733114935,
O1/0824/1,,videos/sample_003292_O1__0824__1.pt,ok,0.6279807687,0.6523332596,0.5336683136,0.5208291284,average,0.6279807687,0.5336683136,
O1/0824/2,,videos/sample_003293_O1__0824__2.pt,ok,0.6293177605,0.6523332596,0.5329552802,0.5208291284,average,0.6293177605,0.5329552802,
O1/0824/3,,videos/sample_003294_O1__0824__3.pt,ok,0.6295294762,0.6523845196,0.5328424571,0.5208024314,average,0.6295294762,0.5328424571,
O1/0824/4,,videos/sample_003295_O1__0824__4.pt,ok,0.6291880012,0.6523845196,0.5330244406,0.5208024314,average,0.6291880012,0.5330244406,
O1/0825/1,,videos/sample_003296_O1__0825__1.pt,ok,0.5680784583,0.5971968770,0.5666131641,0.5503521808,average,0.5680784583,0.5666131641,
O1/0825/2,,videos/sample_003297_O1__0825__2.pt,ok,0.5571609139,0.5871098638,0.5728330798,0.5559316835,average,0.5571609139,0.5728330798,
O1/0825/3,,videos/sample_003298_O1__0825__3.pt,ok,0.5519036055,0.5792773366,0.5758525703,0.5603031309,average,0.5519036055,0.5758525703,
O1/0825/4,,videos/sample_003299_O1__0825__4.pt,ok,0.5663546324,0.5966693163,0.5675907489,0.5506426016,average,0.5663546324,0.5675907489,
O1/0826/1,,videos/sample_003300_O1__0826__1.pt,ok,0.5574161410,0.5767189860,0.5726868959,0.5617384179,average,0.5574161410,0.5726868959,
O1/0826/2,,videos/sample_003301_O1__0826__2.pt,ok,0.5592942238,0.5772315860,0.5716123519,0.5614505446,average,0.5592942238,0.5716123519,
O1/0826/3,,videos/sample_003302_O1__0826__3.pt,ok,0.5587022901,0.5862118602,0.5719508087,0.5564311363,average,0.5587022901,0.5719508087,
O1/0826/4,,videos/sample_003303_O1__0826__4.pt,ok,0.5604805350,0.5887237787,0.5709346438,0.5550351806,average,0.5604805350,0.5709346438,
O1/0827/1,,videos/sample_003304_O1__0827__1.pt,ok,0.5860778093,0.6044220328,0.5565057314,0.5463901310,average,0.5860778093,0.5565057314,
O1/0827/2,,videos/sample_003305_O1__0827__2.pt,ok,0.5848879814,0.6034053564,0.5571682715,0.5469459154,average,0.5848879814,0.5571682715,
O1/0827/3,,videos/sample_003306_O1__0827__3.pt,ok,0.5844252110,0.6028255224,0.5574261722,0.5472631452,average,0.5844252110,0.5574261722,
O1/0827/4,,videos/sample_003307_O1__0827__4.pt,ok,0.5857483745,0.6053696871,0.5566890940,0.5458725873,average,0.5857483745,0.5566890940,
O1/0828/1,,videos/sample_003308_O1__0828__1.pt,ok,0.5325900912,0.5675532818,0.5870824018,0.5669108142,average,0.5325900912,0.5870824018,
O1/0828/2,,videos/sample_003309_O1__0828__2.pt,ok,0.5293105841,0.5490853190,0.5890109032,0.5774777768,average,0.5293105841,0.5890109032,
O1/0828/3,,videos/sample_003310_O1__0828__3.pt,ok,0.5471979380,0.5841915607,0.5785687266,0.5575564302,average,0.5471979380,0.5785687266,
O1/0828/4,,videos/sample_003311_O1__0828__4.pt,ok,0.5485171676,0.5841915607,0.5778059649,0.5575564302,average,0.5485171676,0.5778059649,
O1/0829/1,,videos/sample_003312_O1__0829__1.pt,ok,0.5622456074,0.5991129875,0.5699277917,0.5492986548,average,0.5622456074,0.5699277917,
O1/0829/2,,videos/sample_003313_O1__0829__2.pt,ok,0.5645008683,0.5993087292,0.5686439041,0.5491911447,average,0.5645008683,0.5686439041,
O1/0829/3,,videos/sample_003314_O1__0829__3.pt,ok,0.5540996194,0.5894336104,0.5745893775,0.5546413389,average,0.5540996194,0.5745893775,
O1/0829/4,,videos/sample_003315_O1__0829__4.pt,ok,0.5659144521,0.6001364589,0.5678406462,0.5487367510,average,0.5659144521,0.5678406462,
O1/0830/1,,videos/sample_003316_O1__0830__1.pt,ok,0.5463447571,0.5873844028,0.5790625610,0.5557790795,average,0.5463447571,0.5790625610,
O1/0830/2,,videos/sample_003317_O1__0830__2.pt,ok,0.5517956018,0.5895833969,0.5759147678,0.5545582673,average,0.5517956018,0.5759147678,
O1/0830/3,,videos/sample_003318_O1__0830__3.pt,ok,0.5518344045,0.5875666142,0.5758924212,0.5556778194,average,0.5518344045,0.5758924212,
O1/0830/4,,videos/sample_003319_O1__0830__4.pt,ok,0.5414491296,0.5764775872,0.5819043862,0.5618740372,average,0.5414491296,0.5819043862,
O1/0831/1,,videos/sample_003320_O1__0831__1.pt,ok,0.5648342967,0.5903890133,0.5684543337,0.5541116860,average,0.5648342967,0.5684543337,
O1/0831/2,,videos/sample_003321_O1__0831__2.pt,ok,0.5627451539,0.5875242949,0.5696431574,0.5557013358,average,0.5627451539,0.5696431574,
O1/0831/3,,videos/sample_003322_O1__0831__3.pt,ok,0.5625845790,0.5867469907,0.5697346351,0.5561334527,average,0.5625845790,0.5697346351,
O1/0831/4,,videos/sample_003323_O1__0831__4.pt,ok,0.5646978021,0.5896604061,0.5685319300,0.5545155629,average,0.5646978021,0.5685319300,
O1/0832/1,,videos/sample_003324_O1__0832__1.pt,ok,0.5482943654,0.5864179134,0.5779347156,0.5563164937,average,0.5482943654,0.5779347156,
O1/0832/2,,videos/sample_003325_O1__0832__2.pt,ok,0.5541074872,0.5924646258,0.5745848568,0.5529627576,average,0.5541074872,0.5745848568,
O1/0832/3,,videos/sample_003326_O1__0832__3.pt,ok,0.5565412641,0.5928304195,0.5731881458,0.5527605243,average,0.5565412641,0.5731881458,
O1/0832/4,,videos/sample_003327_O1__0832__4.pt,ok,0.5567803979,0.5914751887,0.5730510935,0.5535101502,average,0.5567803979,0.5730510935,
O1/0833/1,,videos/sample_003328_O1__0833__1.pt,ok,0.6292294264,0.6529521942,0.5330023604,0.5205068689,average,0.6292294264,0.5330023604,
O1/0833/2,,videos/sample_003329_O1__0833__2.pt,ok,0.6271533370,0.6542041898,0.5341100704,0.5198556044,average,0.6271533370,0.5341100704,
O1/0833/3,,videos/sample_003330_O1__0833__3.pt,ok,0.6285877228,0.6542041898,0.5333444997,0.5198556044,average,0.6285877228,0.5333444997,
O1/0833/4,,videos/sample_003331_O1__0833__4.pt,ok,0.6289553642,0.6529521942,0.5331484562,0.5205068689,average,0.6289553642,0.5331484562,
O1/0834/1,,videos/sample_003332_O1__0834__1.pt,ok,0.6223390698,0.6483420730,0.5366876185,0.5229120084,average,0.6223390698,0.5366876185,
O1/0834/2,,videos/sample_003333_O1__0834__2.pt,ok,0.6225470901,0.6483420730,0.5365759882,0.5229120084,average,0.6225470901,0.5365759882,
O1/0834/3,,videos/sample_003334_O1__0834__3.pt,ok,0.6200956702,0.6478980184,0.5378929748,0.5231442615,average,0.6200956702,0.5378929748,
O1/0834/4,,videos/sample_003335_O1__0834__4.pt,ok,0.6218331456,0.6478980184,0.5369592104,0.5231442615,average,0.6218331456,0.5369592104,
O1/0835/1,,videos/sample_003336_O1__0835__1.pt,ok,0.5322794914,0.5524274111,0.5872647778,0.5755510144,average,0.5322794914,0.5872647778,
O1/0835/2,,videos/sample_003337_O1__0835__2.pt,ok,0.5340262055,0.5664800406,0.5862398894,0.5675195729,average,0.5340262055,0.5862398894,
O1/0835/3,,videos/sample_003338_O1__0835__3.pt,ok,0.5293105841,0.5490853190,0.5890109032,0.5774777768,average,0.5293105841,0.5890109032,
O1/0835/4,,videos/sample_003339_O1__0835__4.pt,ok,0.5364665985,0.5713772178,0.5848109780,0.5647471231,average,0.5364665985,0.5848109780,
O1/0836/1,,videos/sample_003340_O1__0836__1.pt,ok,0.6173804998,0.6311419010,0.5393554304,0.5319839810,average,0.6173804998,0.5393554304,
O1/0836/2,,videos/sample_003341_O1__0836__2.pt,ok,0.6181383133,0.6326232553,0.5389468544,0.5311965077,average,0.6181383133,0.5389468544,
O1/0836/3,,videos/sample_003342_O1__0836__3.pt,ok,0.6178284883,0.6311419010,0.5391138595,0.5319839810,average,0.6178284883,0.5391138595,
O1/0836/4,,videos/sample_003343_O1__0836__4.pt,ok,0.6166720390,0.6320936680,0.5397376779,0.5314778971,average,0.6166720390,0.5397376779,
O1/0837/1,,videos/sample_003344_O1__0837__1.pt,ok,0.5708987117,0.6067657471,0.5650174227,0.5451110481,average,0.5708987117,0.5650174227,
O1/0837/2,,videos/sample_003345_O1__0837__2.pt,ok,0.5701371431,0.6072258949,0.5654478861,0.5448602741,average,0.5701371431,0.5654478861,
O1/0837/3,,videos/sample_003346_O1__0837__3.pt,ok,0.5643121004,0.5950989127,0.5687512560,0.5515080120,average,0.5643121004,0.5687512560,
O1/0837/4,,videos/sample_003347_O1__0837__4.pt,ok,0.5727406740,0.6069561839,0.5639776398,0.5450072488,average,0.5727406740,0.5639776398,
O1/0838/1,,videos/sample_003348_O1__0838__1.pt,ok,0.5627778172,0.5842374563,0.5696245512,0.5575308414,average,0.5627778172,0.5696245512,
O1/0838/2,,videos/sample_003349_O1__0838__2.pt,ok,0.5619782805,0.5843504071,0.5700801691,0.5574678714,average,0.5619782805,0.5700801691,
O1/0838/3,,videos/sample_003350_O1__0838__3.pt,ok,0.5643492937,0.5885335803,0.5687301026,0.5551407575,average,0.5643492937,0.5687301026,
O1/0838/4,,videos/sample_003351_O1__0838__4.pt,ok,0.5642991662,0.5880045891,0.5687586124,0.5554344998,average,0.5642991662,0.5687586124,
O1/0839/1,,videos/sample_003352_O1__0839__1.pt,ok,0.5393813848,0.5592412949,0.5831088608,0.5716426075,average,0.5393813848,0.5831088608,
O1/0839/2,,videos/sample_003353_O1__0839__2.pt,ok,0.5381628871,0.5740407109,0.5838198107,0.5632449244,average,0.5381628871,0.5838198107,
O1/0839/3,,videos/sample_003354_O1__0839__3.pt,ok,0.5421089530,0.5725667477,0.5815205587,0.5640757389,average,0.5421089530,0.5815205587,
O1/0839/4,,videos/sample_003355_O1__0839__4.pt,ok,0.5338222980,0.5528749228,0.5863594403,0.5752935063,average,0.5338222980,0.5863594403,
O1/0840/1,,videos/sample_003356_O1__0840__1.pt,ok,0.6190305948,0.6308284402,0.5384661766,0.5321507633,average,0.6190305948,0.5384661766,
O1/0840/2,,videos/sample_003357_O1__0840__2.pt,ok,0.6176459789,0.6289846301,0.5392122618,0.5331328533,average,0.6176459789,0.5392122618,
O1/0840/3,,videos/sample_003358_O1__0840__3.pt,ok,0.6186159849,0.6318520904,0.5386894763,0.5316063058,average,0.6186159849,0.5386894763,
O1/0840/4,,videos/sample_003359_O1__0840__4.pt,ok,0.6181715131,0.6290345192,0.5389289618,0.5331062565,average,0.6181715131,0.5389289618,
O1/0841/1,,videos/sample_003360_O1__0841__1.pt,ok,0.6284613013,0.6536915898,0.5334119301,0.5201221507,average,0.6284613013,0.5334119301,
O1/0841/2,,videos/sample_003361_O1__0841__2.pt,ok,0.6278696656,0.6551586986,0.5337276090,0.5193596344,average,0.6278696656,0.5337276090,
O1/0841/3,,videos/sample_003362_O1__0841__3.pt,ok,0.6272139549,0.6536915898,0.5340776947,0.5201221507,average,0.6272139549,0.5340776947,
O1/0841/4,,videos/sample_003363_O1__0841__4.pt,ok,0.6281585693,0.6551586986,0.5335734354,0.5193596344,average,0.6281585693,0.5335734354,
O1/0842/1,,videos/sample_003364_O1__0842__1.pt,ok,0.5631271601,0.5810406804,0.5694255917,0.5593159944,average,0.5631271601,0.5694255917,
O1/0842/2,,videos/sample_003365_O1__0842__2.pt,ok,0.5688559413,0.6033308506,0.5661728032,0.5469866676,average,0.5688559413,0.5661728032,
O1/0842/3,,videos/sample_003366_O1__0842__3.pt,ok,0.5670958757,0.5947608352,0.5671701820,0.5516944960,average,0.5670958757,0.5671701820,
O1/0842/4,,videos/sample_003367_O1__0842__4.pt,ok,0.5670654178,0.5973622799,0.5671874571,0.5502611585,average,0.5670654178,0.5671874571,
O1/0843/1,,videos/sample_003368_O1__0843__1.pt,ok,0.6175177097,0.6436201930,0.5392814306,0.5253869748,average,0.6175177097,0.5392814306,
O1/0843/2,,videos/sample_003369_O1__0843__2.pt,ok,0.6175708175,0.6437664628,0.5392527913,0.5253101322,average,0.6175708175,0.5392527913,
O1/0843/3,,videos/sample_003370_O1__0843__3.pt,ok,0.6158190370,0.6437664628,0.5401982717,0.5253101322,average,0.6158190370,0.5401982717,
O1/0843/4,,videos/sample_003371_O1__0843__4.pt,ok,0.6176720858,0.6436201930,0.5391981849,0.5253869748,average,0.6176720858,0.5391981849,
O1/0844/1,,videos/sample_003372_O1__0844__1.pt,ok,0.5650581717,0.5912734866,0.5683270852,0.5536218057,average,0.5650581717,0.5683270852,
O1/0844/2,,videos/sample_003373_O1__0844__2.pt,ok,0.5652393103,0.5889275074,0.5682241486,0.5549221156,average,0.5652393103,0.5682241486,
O1/0844/3,,videos/sample_003374_O1__0844__3.pt,ok,0.5633490086,0.5862068534,0.5692992795,0.5564339223,average,0.5633490086,0.5692992795,
O1/0844/4,,videos/sample_003375_O1__0844__4.pt,ok,0.5629726648,0.5856261849,0.5695135721,0.5567571197,average,0.5629726648,0.5695135721,
O1/0845/1,,videos/sample_003376_O1__0845__1.pt,ok,0.5778188109,0.6131857634,0.5611209436,0.5416226361,average,0.5778188109,0.5611209436,
O1/0845/2,,videos/sample_003377_O1__0845__2.pt,ok,0.5757449865,0.6122978330,0.5622858174,0.5421037729,average,0.5757449865,0.5622858174,
O1/0845/3,,videos/sample_003378_O1__0845__3.pt,ok,0.5786417127,0.6159985662,0.5606593861,0.5401012991,average,0.5786417127,0.5606593861,
O1/0845/4,,videos/sample_003379_O1__0845__4.pt,ok,0.5714545250,0.6023980975,0.5647034657,0.5474971091,average,0.5714545250,0.5647034657,
O1/0846/1,,videos/sample_003380_O1__0846__1.pt,ok,0.5527862906,0.5870891809,0.5753444980,0.5559431818,average,0.5527862906,0.5753444980,
O1/0846/2,,videos/sample_003381_O1__0846__2.pt,ok,0.5560330749,0.5870891809,0.5734795078,0.5559431818,average,0.5560330749,0.5734795078,
O1/0846/3,,videos/sample_003382_O1__0846__3.pt,ok,0.5525593758,0.5834309459,0.5754750670,0.5579806772,average,0.5525593758,0.5754750670,
O1/0846/4,,videos/sample_003383_O1__0846__4.pt,ok,0.5471599698,0.5777834654,0.5785906942,0.5611407771,average,0.5471599698,0.5785906942,
O1/0847/1,,videos/sample_003384_O1__0847__1.pt,ok,0.5543630123,0.5719013810,0.5744380546,0.5644511810,average,0.5543630123,0.5744380546,
O1/0847/2,,videos/sample_003385_O1__0847__2.pt,ok,0.5524806380,0.5716873407,0.5755203804,0.5645720092,average,0.5524806380,0.5755203804,
O1/0847/3,,videos/sample_003386_O1__0847__3.pt,ok,0.5567554235,0.5892824531,0.5730654052,0.5547251833,average,0.5567554235,0.5730654052,
O1/0847/4,,videos/sample_003387_O1__0847__4.pt,ok,0.5567421317,0.5844810605,0.5730730224,0.5573950411,average,0.5567421317,0.5730730224,
O1/0848/1,,videos/sample_003388_O1__0848__1.pt,ok,0.5754492283,0.5971622467,0.5624521426,0.5503712400,average,0.5754492283,0.5624521426,
O1/0848/2,,videos/sample_003389_O1__0848__2.pt,ok,0.5761821866,0.5969203115,0.5620400397,0.5505044103,average,0.5761821866,0.5620400397,
O1/0848/3,,videos/sample_003390_O1__0848__3.pt,ok,0.5767678022,0.5976159573,0.5617109966,0.5501215874,average,0.5767678022,0.5617109966,
O1/0848/4,,videos/sample_003391_O1__0848__4.pt,ok,0.5769878030,0.5996674895,0.5615874334,0.5489941521,average,0.5769878030,0.5615874334,
O1/0849/1,,videos/sample_003392_O1__0849__1.pt,ok,0.5331683755,0.5567312837,0.5867429994,0.5730792391,average,0.5331683755,0.5867429994,
O1/0849/2,,videos/sample_003393_O1__0849__2.pt,ok,0.5411234498,0.5848735571,0.5820939316,0.5571763084,average,0.5411234498,0.5820939316,
O1/0849/3,,videos/sample_003394_O1__0849__3.pt,ok,0.5496132374,0.5874908566,0.5771729962,0.5557199178,average,0.5496132374,0.5771729962,
O1/0849/4,,videos/sample_003395_O1__0849__4.pt,ok,0.5499671102,0.5888468027,0.5769687865,0.5549669022,average,0.5499671102,0.5769687865,
O1/0850/1,,videos/sample_003396_O1__0850__1.pt,ok,0.5726548433,0.5972018242,0.5640260485,0.5503494581,average,0.5726548433,0.5640260485,
O1/0850/2,,videos/sample_003397_O1__0850__2.pt,ok,0.5723498464,0.5972049236,0.5641981009,0.5503477523,average,0.5723498464,0.5641981009,
O1/0850/3,,videos/sample_003398_O1__0850__3.pt,ok,0.5703162551,0.5916654468,0.5653466167,0.5534048505,average,0.5703162551,0.5653466167,
O1/0850/4,,videos/sample_003399_O1__0850__4.pt,ok,0.5717147589,0.5922140479,0.5645565299,0.5531013352,average,0.5717147589,0.5645565299,
O1/0851/1,,videos/sample_003400_O1__0851__1.pt,ok,0.5594203472,0.5878910422,0.5715402628,0.5554975712,average,0.5594203472,0.5715402628,
O1/0851/2,,videos/sample_003401_O1__0851__2.pt,ok,0.5574181080,0.5809048414,0.5726857695,0.5593919765,average,0.5574181080,0.5726857695,
O1/0851/3,,videos/sample_003402_O1__0851__3.pt,ok,0.5598708391,0.5888496041,0.5712828465,0.5549653475,average,0.5598708391,0.5712828465,
O1/0851/4,,videos/sample_003403_O1__0851__4.pt,ok,0.5580505133,0.5819089413,0.5723237145,0.5588305730,average,0.5580505133,0.5723237145,
O1/0852/1,,videos/sample_003404_O1__0852__1.pt,ok,0.6178302765,0.6310837865,0.5391128954,0.5320148979,average,0.6178302765,0.5391128954,
O1/0852/2,,videos/sample_003405_O1__0852__2.pt,ok,0.6197848916,0.6326283813,0.5380601664,0.5311937848,average,0.6197848916,0.5380601664,
O1/0852/3,,videos/sample_003406_O1__0852__3.pt,ok,0.6191917658,0.6333707571,0.5383793984,0.5307995857,average,0.6191917658,0.5383793984,
O1/0852/4,,videos/sample_003407_O1__0852__4.pt,ok,0.6195217967,0.6330749989,0.5382017459,0.5309565972,average,0.6195217967,0.5382017459,
O1/0853/1,,videos/sample_003408_O1__0853__1.pt,ok,0.5403006077,0.5804058313,0.5825731001,0.5596711884,average,0.5403006077,0.5825731001,
O1/0853/2,,videos/sample_003409_O1__0853__2.pt,ok,0.5413722992,0.5728912354,0.5819490959,0.5638927330,average,0.5413722992,0.5819490959,
O1/0853/3,,videos/sample_003410_O1__0853__3.pt,ok,0.5317389369,0.5532409549,0.5875823122,0.5750829689,average,0.5317389369,0.5875823122,
O1/0853/4,,videos/sample_003411_O1__0853__4.pt,ok,0.5439472198,0.5764972568,0.5804525507,0.5618629856,average,0.5439472198,0.5804525507,
O1/0854/1,,videos/sample_003412_O1__0854__1.pt,ok,0.5630684495,0.5910710096,0.5694590240,0.5537339127,average,0.5630684495,0.5694590240,
O1/0854/2,,videos/sample_003413_O1__0854__2.pt,ok,0.5629915595,0.5799726248,0.5695028114,0.5599136941,average,0.5629915595,0.5695028114,
O1/0854/3,,videos/sample_003414_O1__0854__3.pt,ok,0.5628414750,0.5819244385,0.5695882914,0.5588219127,average,0.5628414750,0.5695882914,
O1/0854/4,,videos/sample_003415_O1__0854__4.pt,ok,0.5626876950,0.5871838331,0.5696758894,0.5558905631,average,0.5626876950,0.5696758894,
O1/0855/1,,videos/sample_003416_O1__0855__1.pt,ok,0.6254988313,0.6493113041,0.5349944900,0.5224054314,average,0.6254988313,0.5349944900,
O1/0855/2,,videos/sample_003417_O1__0855__2.pt,ok,0.6257572770,0.6493113041,0.5348562408,0.5224054314,average,0.6257572770,0.5348562408,
O1/0855/3,,videos/sample_003418_O1__0855__3.pt,ok,0.6249043941,0.6503991485,0.5353126051,0.5218374446,average,0.6249043941,0.5353126051,
O1/0855/4,,videos/sample_003419_O1__0855__4.pt,ok,0.6252589226,0.6503991485,0.5351228552,0.5218374446,average,0.6252589226,0.5351228552,
O1/0856/1,,videos/sample_003420_O1__0856__1.pt,ok,0.6143029928,0.6433918476,0.5410178573,0.5255069582,average,0.6143029928,0.5410178573,
O1/0856/2,,videos/sample_003421_O1__0856__2.pt,ok,0.6127526760,0.6427122355,0.5418572568,0.5258642205,average,0.6127526760,0.5418572568,
O1/0856/3,,videos/sample_003422_O1__0856__3.pt,ok,0.6143020391,0.6427122355,0.5410183732,0.5258642205,average,0.6143020391,0.5410183732,
O1/0856/4,,videos/sample_003423_O1__0856__4.pt,ok,0.6147919893,0.6433918476,0.5407533661,0.5255069582,average,0.6147919893,0.5407533661,
O1/0857/1,,videos/sample_003424_O1__0857__1.pt,ok,0.6134579182,0.6296531558,0.5414752510,0.5327765594,average,0.6134579182,0.5414752510,
O1/0857/2,,videos/sample_003425_O1__0857__2.pt,ok,0.6154238582,0.6324772835,0.5404117888,0.5312740530,average,0.6154238582,0.5404117888,
O1/0857/3,,videos/sample_003426_O1__0857__3.pt,ok,0.6150530577,0.6303186417,0.5406122109,0.5324221221,average,0.6150530577,0.5406122109,
O1/0857/4,,videos/sample_003427_O1__0857__4.pt,ok,0.6147965193,0.6321468949,0.5407509165,0.5314496089,average,0.6147965193,0.5407509165,
O1/0858/1,,videos/sample_003428_O1__0858__1.pt,ok,0.6157047749,0.6286939383,0.5402599994,0.5332878532,average,0.6157047749,0.5402599994,
O1/0858/2,,videos/sample_003429_O1__0858__2.pt,ok,0.6140168905,0.6286939383,0.5411726658,0.5332878532,average,0.6140168905,0.5411726658,
O1/0858/3,,videos/sample_003430_O1__0858__3.pt,ok,0.6150193214,0.6291971803,0.5406304494,0.5330195479,average,0.6150193214,0.5406304494,
O1/0858/4,,videos/sample_003431_O1__0858__4.pt,ok,0.6161621809,0.6291971803,0.5400129378,0.5330195479,average,0.6161621809,0.5400129378,
O1/0859/1,,videos/sample_003432_O1__0859__1.pt,ok,0.6216174364,0.6500368714,0.5370750500,0.5220265285,average,0.6216174364,0.5370750500,
O1/0859/2,,videos/sample_003433_O1__0859__2.pt,ok,0.6208499670,0.6500368714,0.5374873968,0.5220265285,average,0.6208499670,0.5374873968,
O1/0859/3,,videos/sample_003434_O1__0859__3.pt,ok,0.6209200621,0.6512252092,0.5374497229,0.5214065531,average,0.6209200621,0.5374497229,
O1/0859/4,,videos/sample_003435_O1__0859__4.pt,ok,0.6186624169,0.6512252092,0.5386644644,0.5214065531,average,0.6186624169,0.5386644644,
O1/0860/1,,videos/sample_003436_O1__0860__1.pt,ok,0.5685337782,0.6012068391,0.5663552326,0.5481497083,average,0.5685337782,0.5663552326,
O1/0860/2,,videos/sample_003437_O1__0860__2.pt,ok,0.5694567561,0.6012068391,0.5658327404,0.5481497083,average,0.5694567561,0.5658327404,
O1/0860/3,,videos/sample_003438_O1__0860__3.pt,ok,0.5676195025,0.5970724821,0.5668732742,0.5504206460,average,0.5676195025,0.5668732742,
O1/0860/4,,videos/sample_003439_O1__0860__4.pt,ok,0.5646365285,0.5970724821,0.5685667670,0.5504206460,average,0.5646365285,0.5685667670,
O1/0861/1,,videos/sample_003440_O1__0861__1.pt,ok,0.5889660716,0.6035457253,0.5549007158,0.5468691466,average,0.5889660716,0.5549007158,
O1/0861/2,,videos/sample_003441_O1__0861__2.pt,ok,0.5904744864,0.6067688465,0.5540643264,0.5451093586,average,0.5904744864,0.5540643264,
O1/0861/3,,videos/sample_003442_O1__0861__3.pt,ok,0.5905916095,0.6068700552,0.5539994364,0.5450541916,average,0.5905916095,0.5539994364,
O1/0861/4,,videos/sample_003443_O1__0861__4.pt,ok,0.5897399783,0.6036060452,0.5544714406,0.5468361605,average,0.5897399783,0.5544714406,
O1/0862/1,,videos/sample_003444_O1__0862__1.pt,ok,0.5711711049,0.5938381553,0.5648635367,0.5522037683,average,0.5711711049,0.5648635367,
O1/0862/2,,videos/sample_003445_O1__0862__2.pt,ok,0.5711173415,0.5938875079,0.5648939065,0.5521765163,average,0.5711173415,0.5648939065,
O1/0862/3,,videos/sample_003446_O1__0862__3.pt,ok,0.5717897415,0.5944066644,0.5645141995,0.5518899247,average,0.5717897415,0.5645141995,
O1/0862/4,,videos/sample_003447_O1__0862__4.pt,ok,0.5696714520,0.5917799473,0.5657112715,0.5533414890,average,0.5696714520,0.5657112715,
O1/0863/1,,videos/sample_003448_O1__0863__1.pt,ok,0.5531787276,0.5852000713,0.5751187558,0.5569944120,average,0.5531787276,0.5751187558,
O1/0863/2,,videos/sample_003449_O1__0863__2.pt,ok,0.5584089160,0.5922795534,0.5721186289,0.5530651052,average,0.5584089160,0.5721186289,
O1/0863/3,,videos/sample_003450_O1__0863__3.pt,ok,0.5570287108,0.5922795534,0.5729088151,0.5530651052,average,0.5570287108,0.5729088151,
O1/0863/4,,videos/sample_003451_O1__0863__4.pt,ok,0.5483459234,0.5852000713,0.5779049192,0.5569944120,average,0.5483459234,0.5779049192,
O1/0864/1,,videos/sample_003452_O1__0864__1.pt,ok,0.6111400127,0.6277639270,0.5427317951,0.5337840476,average,0.6111400127,0.5427317951,
O1/0864/2,,videos/sample_003453_O1__0864__2.pt,ok,0.6119788289,0.6272925138,0.5422767338,0.5340357398,average,0.6119788289,0.5422767338,
O1/0864/3,,videos/sample_003454_O1__0864__3.pt,ok,0.6101225615,0.6257488132,0.5432842793,0.5348607678,average,0.6101225615,0.5432842793,
O1/0864/4,,videos/sample_003455_O1__0864__4.pt,ok,0.6127331853,0.6296833158,0.5418678181,0.5327604911,average,0.6127331853,0.5418678181,
O1/0865/1,,videos/sample_003456_O1__0865__1.pt,ok,0.6244565845,0.6539005041,0.5355523769,0.5200135011,average,0.6244565845,0.5355523769,
O1/0865/2,,videos/sample_003457_O1__0865__2.pt,ok,0.6222608685,0.6537325978,0.5367295898,0.5201008220,average,0.6222608685,0.5367295898,
O1/0865/3,,videos/sample_003458_O1__0865__3.pt,ok,0.6234189272,0.6537325978,0.5361083852,0.5201008220,average,0.6234189272,0.5361083852,
O1/0865/4,,videos/sample_003459_O1__0865__4.pt,ok,0.6249601841,0.6539005041,0.5352827409,0.5200135011,average,0.6249601841,0.5352827409,
O1/0866/1,,videos/sample_003460_O1__0866__1.pt,ok,0.5605092645,0.5904216766,0.5709182414,0.5540935871,average,0.5605092645,0.5709182414,
O1/0866/2,,videos/sample_003461_O1__0866__2.pt,ok,0.5583914518,0.5874264240,0.5721286205,0.5557557254,average,0.5583914518,0.5721286205,
O1/0866/3,,videos/sample_003462_O1__0866__3.pt,ok,0.5614371300,0.5934756398,0.5703887518,0.5524039870,average,0.5614371300,0.5703887518,
O1/0866/4,,videos/sample_003463_O1__0866__4.pt,ok,0.5524806380,0.5716873407,0.5755203804,0.5645720092,average,0.5524806380,0.5755203804,
O1/0867/1,,videos/sample_003464_O1__0867__1.pt,ok,0.6249510646,0.6371043921,0.5352876224,0.5288214689,average,0.6249510646,0.5352876224,
O1/0867/2,,videos/sample_003465_O1__0867__2.pt,ok,0.6259285808,0.6368141770,0.5347646258,0.5289749631,average,0.6259285808,0.5347646258,
O1/0867/3,,videos/sample_003466_O1__0867__3.pt,ok,0.6256450415,0.6370417476,0.5349162740,0.5288545977,average,0.6256450415,0.5349162740,
O1/0867/4,,videos/sample_003467_O1__0867__4.pt,ok,0.6258645654,0.6356835365,0.5347988600,0.5295733818,average,0.6258645654,0.5347988600,
O1/0868/1,,videos/sample_003468_O1__0868__1.pt,ok,0.6142240763,0.6289744377,0.5410605542,0.5331382873,average,0.6142240763,0.5410605542,
O1/0868/2,,videos/sample_003469_O1__0868__2.pt,ok,0.6158154011,0.6283450127,0.5402002358,0.5334739635,average,0.6158154011,0.5402002358,
O1/0868/3,,videos/sample_003470_O1__0868__3.pt,ok,0.6156043410,0.6295084953,0.5403142625,0.5328536367,average,0.6156043410,0.5403142625,
O1/0868/4,,videos/sample_003471_O1__0868__4.pt,ok,0.6150264740,0.6290807724,0.5406265826,0.5330815992,average,0.6150264740,0.5406265826,
O1/0869/1,,videos/sample_003472_O1__0869__1.pt,ok,0.5562133193,0.5867888927,0.5733761506,0.5561101501,average,0.5562133193,0.5733761506,
O1/0869/2,,videos/sample_003473_O1__0869__2.pt,ok,0.5508525372,0.5869978666,0.5764581488,0.5559939497,average,0.5508525372,0.5764581488,
O1/0869/3,,videos/sample_003474_O1__0869__3.pt,ok,0.5554271936,0.5861933827,0.5738270736,0.5564414178,average,0.5554271936,0.5738270736,
O1/0869/4,,videos/sample_003475_O1__0869__4.pt,ok,0.5436804891,0.5606951714,0.5806073959,0.5708121137,average,0.5436804891,0.5806073959,
O1/0870/1,,videos/sample_003476_O1__0870__1.pt,ok,0.5528014898,0.5849277377,0.5753357533,0.5571461210,average,0.5528014898,0.5753357533,
O1/0870/2,,videos/sample_003477_O1__0870__2.pt,ok,0.5463383198,0.5640392303,0.5790662887,0.5689064723,average,0.5463383198,0.5790662887,
O1/0870/3,,videos/sample_003478_O1__0870__3.pt,ok,0.5544434190,0.5718196630,0.5743918679,0.5644973087,average,0.5544434190,0.5743918679,
O1/0870/4,,videos/sample_003479_O1__0870__4.pt,ok,0.5560271144,0.5817545652,0.5734829260,0.5589168497,average,0.5560271144,0.5734829260,
O1/0871/1,,videos/sample_003480_O1__0871__1.pt,ok,0.5438395143,0.5786054730,0.5805150721,0.5606797046,average,0.5438395143,0.5805150721,
O1/0871/2,,videos/sample_003481_O1__0871__2.pt,ok,0.5422247648,0.5762592554,0.5814532157,0.5619967256,average,0.5422247648,0.5814532157,
O1/0871/3,,videos/sample_003482_O1__0871__3.pt,ok,0.5359218121,0.5560908318,0.5851296619,0.5734463864,average,0.5359218121,0.5851296619,
O1/0871/4,,videos/sample_003483_O1__0871__4.pt,ok,0.5411540270,0.5610223413,0.5820761331,0.5706253917,average,0.5411540270,0.5820761331,
O1/0872/1,,videos/sample_003484_O1__0872__1.pt,ok,0.5658513904,0.5995456576,0.5678764563,0.5490610411,average,0.5658513904,0.5678764563,
O1/0872/2,,videos/sample_003485_O1__0872__2.pt,ok,0.5668181777,0.6038783193,0.5673277059,0.5466872915,average,0.5668181777,0.5673277059,
O1/0872/3,,videos/sample_003486_O1__0872__3.pt,ok,0.5664111972,0.5938084126,0.5675586442,0.5522201926,average,0.5664111972,0.5675586442,
O1/0872/4,,videos/sample_003487_O1__0872__4.pt,ok,0.5604143739,0.5899643898,0.5709724188,0.5543470248,average,0.5604143739,0.5709724188,
O1/0873/1,,videos/sample_003488_O1__0873__1.pt,ok,0.5597828627,0.5972059369,0.5713331081,0.5503471947,average,0.5597828627,0.5713331081,
O1/0873/2,,videos/sample_003489_O1__0873__2.pt,ok,0.5515643358,0.5703566670,0.5760479727,0.5653237704,average,0.5515643358,0.5760479727,
O1/0873/3,,videos/sample_003490_O1__0873__3.pt,ok,0.5639301538,0.5947487354,0.5689685301,0.5517011714,average,0.5639301538,0.5689685301,
O1/0873/4,,videos/sample_003491_O1__0873__4.pt,ok,0.5637663007,0.5944399834,0.5690617650,0.5518715366,average,0.5637663007,0.5690617650,
O1/0874/1,,videos/sample_003492_O1__0874__1.pt,ok,0.5314727426,0.5515601635,0.5877387441,0.5760503762,average,0.5314727426,0.5877387441,
O1/0874/2,,videos/sample_003493_O1__0874__2.pt,ok,0.5331918001,0.5628218651,0.5867292553,0.5695994610,average,0.5331918001,0.5867292553,
O1/0874/3,,videos/sample_003494_O1__0874__3.pt,ok,0.5315614343,0.5604377985,0.5876866189,0.5709590441,average,0.5315614343,0.5876866189,
O1/0874/4,,videos/sample_003495_O1__0874__4.pt,ok,0.5301883221,0.5496264696,0.5884941328,0.5771653589,average,0.5301883221,0.5884941328,
O1/0875/1,,videos/sample_003496_O1__0875__1.pt,ok,0.5606476068,0.6040756106,0.5708392647,0.5465794454,average,0.5606476068,0.5708392647,
O1/0875/2,,videos/sample_003497_O1__0875__2.pt,ok,0.5642580986,0.5945516229,0.5687819704,0.5518099294,average,0.5642580986,0.5687819704,
O1/0875/3,,videos/sample_003498_O1__0875__3.pt,ok,0.5470234156,0.5642473698,0.5786697086,0.5687880728,average,0.5470234156,0.5786697086,
O1/0875/4,,videos/sample_003499_O1__0875__4.pt,ok,0.5643518567,0.5971769691,0.5687286450,0.5503631373,average,0.5643518567,0.5687286450,
O1/0876/1,,videos/sample_003500_O1__0876__1.pt,ok,0.5548007488,0.5753580332,0.5741866572,0.5625034379,average,0.5548007488,0.5741866572,
O1/0876/2,,videos/sample_003501_O1__0876__2.pt,ok,0.5572865605,0.5889309049,0.5727611098,0.5549202302,average,0.5572865605,0.5727611098,
O1/0876/3,,videos/sample_003502_O1__0876__3.pt,ok,0.5564262867,0.5907797217,0.5732540532,0.5538952322,average,0.5564262867,0.5732540532,
O1/0876/4,,videos/sample_003503_O1__0876__4.pt,ok,0.5526287556,0.5725080967,0.5754351421,0.5641088235,average,0.5526287556,0.5754351421,
O1/0877/1,,videos/sample_003504_O1__0877__1.pt,ok,0.5552542806,0.5848626494,0.5739263043,0.5571823859,average,0.5552542806,0.5739263043,
O1/0877/2,,videos/sample_003505_O1__0877__2.pt,ok,0.5550601482,0.5828281641,0.5740377328,0.5583171192,average,0.5550601482,0.5740377328,
O1/0877/3,,videos/sample_003506_O1__0877__3.pt,ok,0.5526066422,0.5717323422,0.5754478670,0.5645466032,average,0.5526066422,0.5754478670,
O1/0877/4,,videos/sample_003507_O1__0877__4.pt,ok,0.5527697802,0.5715795159,0.5753539973,0.5646328873,average,0.5527697802,0.5753539973,
O1/0878/1,,videos/sample_003508_O1__0878__1.pt,ok,0.5516312122,0.5909702778,0.5760094500,0.5537896941,average,0.5516312122,0.5760094500,
O1/0878/2,,videos/sample_003509_O1__0878__2.pt,ok,0.5486667156,0.5824198723,0.5777195616,0.5585451220,average,0.5486667156,0.5777195616,
O1/0878/3,,videos/sample_003510_O1__0878__3.pt,ok,0.5499799252,0.5900329947,0.5769613927,0.5543089951,average,0.5499799252,0.5769613927,
O1/0878/4,,videos/sample_003511_O1__0878__4.pt,ok,0.5437523127,0.5751637220,0.5805656961,0.5626127492,average,0.5437523127,0.5805656961,
O1/0879/1,,videos/sample_003512_O1__0879__1.pt,ok,0.6268672943,0.6550102830,0.5342628705,0.5194367212,average,0.6268672943,0.5342628705,
O1/0879/2,,videos/sample_003513_O1__0879__2.pt,ok,0.6261526942,0.6550102830,0.5346447912,0.5194367212,average,0.6261526942,0.5346447912,
O1/0879/3,,videos/sample_003514_O1__0879__3.pt,ok,0.6255843639,0.6550912857,0.5349487324,0.5193946471,average,0.6255843639,0.5349487324,
O1/0879/4,,videos/sample_003515_O1__0879__4.pt,ok,0.6266602278,0.6550912857,0.5343735099,0.5193946471,average,0.6266602278,0.5343735099,
O1/0880/1,,videos/sample_003516_O1__0880__1.pt,ok,0.5500406623,0.5891216993,0.5769263508,0.5548143646,average,0.5500406623,0.5769263508,
O1/0880/2,,videos/sample_003517_O1__0880__2.pt,ok,0.5435782671,0.5763687491,0.5806667498,0.5619351939,average,0.5435782671,0.5806667498,
O1/0880/3,,videos/sample_003518_O1__0880__3.pt,ok,0.5496892929,0.5976659656,0.5771291006,0.5500940774,average,0.5496892929,0.5771291006,
O1/0880/4,,videos/sample_003519_O1__0880__4.pt,ok,0.5489990115,0.5876564384,0.5775276196,0.5556279084,average,0.5489990115,0.5775276196,
O1/0881/1,,videos/sample_003520_O1__0881__1.pt,ok,0.5492682457,0.5885937214,0.5773721504,0.5551073717,average,0.5492682457,0.5773721504,
O1/0881/2,,videos/sample_003521_O1__0881__2.pt,ok,0.5315776467,0.5524259210,0.5876770911,0.5755518721,average,0.5315776467,0.5876770911,
O1/0881/3,,videos/sample_003522_O1__0881__3.pt,ok,0.5475589633,0.5961247683,0.5783598864,0.5509425346,average,0.5475589633,0.5783598864,
O1/0881/4,,videos/sample_003523_O1__0881__4.pt,ok,0.5409728885,0.5824666023,0.5821815790,0.5585190218,average,0.5409728885,0.5821815790,
O1/0882/1,,videos/sample_003524_O1__0882__1.pt,ok,0.6153602004,0.6453415751,0.5404461913,0.5244833610,average,0.6153602004,0.5404461913,
O1/0882/2,,videos/sample_003525_O1__0882__2.pt,ok,0.6125203371,0.6458480358,0.5419831660,0.5242177981,average,0.6125203371,0.5419831660,
O1/0882/3,,videos/sample_003526_O1__0882__3.pt,ok,0.6145733595,0.6458480358,0.5408716038,0.5242177981,average,0.6145733595,0.5408716038,
O1/0882/4,,videos/sample_003527_O1__0882__4.pt,ok,0.6152833700,0.6453415751,0.5404877156,0.5244833610,average,0.6152833700,0.5404877156,
O1/0883/1,,videos/sample_003528_O1__0883__1.pt,ok,0.5780074000,0.5910438299,0.5610151323,0.5537489632,average,0.5780074000,0.5610151323,
O1/0883/2,,videos/sample_003529_O1__0883__2.pt,ok,0.5785486698,0.6018128395,0.5607115539,0.5478176299,average,0.5785486698,0.5607115539,
O1/0883/3,,videos/sample_003530_O1__0883__3.pt,ok,0.5785697699,0.6026726961,0.5606997230,0.5473467878,average,0.5785697699,0.5606997230,
O1/0883/4,,videos/sample_003531_O1__0883__4.pt,ok,0.5728565454,0.5866147876,0.5639122947,0.5562069801,average,0.5728565454,0.5639122947,
O1/0884/1,,videos/sample_003532_O1__0884__1.pt,ok,0.6135053039,0.6252797246,0.5414495934,0.5351117237,average,0.6135053039,0.5414495934,
O1/0884/2,,videos/sample_003533_O1__0884__2.pt,ok,0.6155447364,0.6269053221,0.5403464687,0.5342425541,average,0.6155447364,0.5403464687,
O1/0884/3,,videos/sample_003534_O1__0884__3.pt,ok,0.6154010296,0.6257534623,0.5404241258,0.5348582811,average,0.6154010296,0.5404241258,
O1/0884/4,,videos/sample_003535_O1__0884__4.pt,ok,0.6147818565,0.6269053221,0.5407588455,0.5342425541,average,0.6147818565,0.5407588455,
O1/0885/1,,videos/sample_003536_O1__0885__1.pt,ok,0.6138280034,0.6484326720,0.5412748960,0.5228646353,average,0.6138280034,0.5412748960,
O1/0885/2,,videos/sample_003537_O1__0885__2.pt,ok,0.6138280034,0.6484326720,0.5412748960,0.5228646353,average,0.6138280034,0.5412748960,
O1/0885/3,,videos/sample_003538_O1__0885__3.pt,ok,0.6162782907,0.6495463848,0.5399502406,0.5222826384,average,0.6162782907,0.5399502406,
O1/0885/4,,videos/sample_003539_O1__0885__4.pt,ok,0.6162782907,0.6495463848,0.5399502406,0.5222826384,average,0.6162782907,0.5399502406,
O1/0886/1,,videos/sample_003540_O1__0886__1.pt,ok,0.5732643604,0.5940688252,0.5636823697,0.5520764062,average,0.5732643604,0.5636823697,
O1/0886/2,,videos/sample_003541_O1__0886__2.pt,ok,0.5730418563,0.5938242674,0.5638078053,0.5522114373,average,0.5730418563,0.5638078053,
O1/0886/3,,videos/sample_003542_O1__0886__3.pt,ok,0.5742157102,0.5963400602,0.5631463656,0.5508239338,average,0.5742157102,0.5631463656,
O1/0886/4,,videos/sample_003543_O1__0886__4.pt,ok,0.5741250515,0.5955110788,0.5631974220,0.5512807459,average,0.5741250515,0.5631974220,
O1/0887/1,,videos/sample_003544_O1__0887__1.pt,ok,0.5461598635,0.5846089125,0.5791696359,0.5573237816,average,0.5461598635,0.5791696359,
O1/0887/2,,videos/sample_003545_O1__0887__2.pt,ok,0.5572612286,0.6023588777,0.5727756192,0.5475185823,average,0.5572612286,0.5727756192,
O1/0887/3,,videos/sample_003546_O1__0887__3.pt,ok,0.5530276895,0.5918151736,0.5752056273,0.5533219971,average,0.5530276895,0.5752056273,
O1/0887/4,,videos/sample_003547_O1__0887__4.pt,ok,0.5558238029,0.6048021317,0.5735995335,0.5461824882,average,0.5558238029,0.5735995335,
O1/0888/1,,videos/sample_003548_O1__0888__1.pt,ok,0.5704826713,0.6020643711,0.5652525417,0.5476798538,average,0.5704826713,0.5652525417,
O1/0888/2,,videos/sample_003549_O1__0888__2.pt,ok,0.5721530914,0.6020643711,0.5643091206,0.5476798538,average,0.5721530914,0.5643091206,
O1/0888/3,,videos/sample_003550_O1__0888__3.pt,ok,0.5700910091,0.5959190726,0.5654739731,0.5510558727,average,0.5700910091,0.5654739731,
O1/0888/4,,videos/sample_003551_O1__0888__4.pt,ok,0.5699591041,0.5948473215,0.5655485669,0.5516467840,average,0.5699591041,0.5655485669,
O1/0889/1,,videos/sample_003552_O1__0889__1.pt,ok,0.5667034984,0.5954648852,0.5673927704,0.5513062122,average,0.5667034984,0.5673927704,
O1/0889/2,,videos/sample_003553_O1__0889__2.pt,ok,0.5699292421,0.5996572375,0.5655654555,0.5489997804,average,0.5699292421,0.5655654555,
O1/0889/3,,videos/sample_003554_O1__0889__3.pt,ok,0.5709671378,0.5996604562,0.5649787621,0.5489980133,average,0.5709671378,0.5649787621,
O1/0889/4,,videos/sample_003555_O1__0889__4.pt,ok,0.5720921755,0.5995239615,0.5643434971,0.5490729537,average,0.5720921755,0.5643434971,
O1/0890/1,,videos/sample_003556_O1__0890__1.pt,ok,0.6145277023,0.6274650693,0.5408962991,0.5339435969,average,0.6145277023,0.5408962991,
O1/0890/2,,videos/sample_003557_O1__0890__2.pt,ok,0.6155761480,0.6287652850,0.5403294958,0.5332498062,average,0.6155761480,0.5403294958,
O1/0890/3,,videos/sample_003558_O1__0890__3.pt,ok,0.6153513789,0.6281155348,0.5404509589,0.5335963980,average,0.6153513789,0.5404509589,
O1/0890/4,,videos/sample_003559_O1__0890__4.pt,ok,0.6145880222,0.6292582750,0.5408636732,0.5329869842,average,0.6145880222,0.5408636732,
O1/0891/1,,videos/sample_003560_O1__0891__1.pt,ok,0.5376827717,0.5683673620,0.5841001789,0.5664494911,average,0.5376827717,0.5841001789,
O1/0891/2,,videos/sample_003561_O1__0891__2.pt,ok,0.5351669192,0.5558727980,0.5855715388,0.5735714307,average,0.5351669192,0.5855715388,
O1/0891/3,,videos/sample_003562_O1__0891__3.pt,ok,0.5352674723,0.5543173552,0.5855126608,0.5744642825,average,0.5352674723,0.5855126608,
O1/0891/4,,videos/sample_003563_O1__0891__4.pt,ok,0.5380690694,0.5703395605,0.5838745859,0.5653334412,average,0.5380690694,0.5838745859,
O1/0892/1,,videos/sample_003564_O1__0892__1.pt,ok,0.5628731251,0.5819084644,0.5695702641,0.5588308394,average,0.5628731251,0.5695702641,
O1/0892/2,,videos/sample_003565_O1__0892__2.pt,ok,0.5665425062,0.5953035355,0.5674841235,0.5513951725,average,0.5665425062,0.5674841235,
O1/0892/3,,videos/sample_003566_O1__0892__3.pt,ok,0.5662055612,0.6036406755,0.5676753667,0.5468172237,average,0.5662055612,0.5676753667,
O1/0892/4,,videos/sample_003567_O1__0892__4.pt,ok,0.5671701431,0.5956977010,0.5671280613,0.5511778743,average,0.5671701431,0.5671280613,
O1/0893/1,,videos/sample_003568_O1__0893__1.pt,ok,0.5614297390,0.5830993652,0.5703929675,0.5581657235,average,0.5614297390,0.5703929675,
O1/0893/2,,videos/sample_003569_O1__0893__2.pt,ok,0.5627036691,0.5881744027,0.5696667894,0.5553401874,average,0.5627036691,0.5696667894,
O1/0893/3,,videos/sample_003570_O1__0893__3.pt,ok,0.5605470538,0.5834408402,0.5708966672,0.5579751564,average,0.5605470538,0.5708966672,
O1/0893/4,,videos/sample_003571_O1__0893__4.pt,ok,0.5627008677,0.5863403678,0.5696683853,0.5563596353,average,0.5627008677,0.5696683853,
O1/0894/1,,videos/sample_003572_O1__0894__1.pt,ok,0.5561285615,0.5829795599,0.5734247508,0.5582325987,average,0.5561285615,0.5734247508,
O1/0894/2,,videos/sample_003573_O1__0894__2.pt,ok,0.5552052259,0.5913981795,0.5739544588,0.5535527772,average,0.5552052259,0.5739544588,
O1/0894/3,,videos/sample_003574_O1__0894__3.pt,ok,0.5436804891,0.5606951714,0.5806073959,0.5708121137,average,0.5436804891,0.5806073959,
O1/0894/4,,videos/sample_003575_O1__0894__4.pt,ok,0.5572929382,0.5904832482,0.5727574569,0.5540594718,average,0.5572929382,0.5727574569,
O1/0895/1,,videos/sample_003576_O1__0895__1.pt,ok,0.6370716095,0.6585215926,0.5288388053,0.5176160164,average,0.6370716095,0.5288388053,
O1/0895/2,,videos/sample_003577_O1__0895__2.pt,ok,0.6374320984,0.6588311195,0.5286481991,0.5174558251,average,0.6374320984,0.5286481991,
O1/0895/3,,videos/sample_003578_O1__0895__3.pt,ok,0.6367996931,0.6585215926,0.5289826248,0.5176160164,average,0.6367996931,0.5289826248,
O1/0895/4,,videos/sample_003579_O1__0895__4.pt,ok,0.6377079487,0.6588311195,0.5285023915,0.5174558251,average,0.6377079487,0.5285023915,
O1/0896/1,,videos/sample_003580_O1__0896__1.pt,ok,0.5416384339,0.5617484450,0.5817942396,0.5702112088,average,0.5416384339,0.5817942396,
O1/0896/2,,videos/sample_003581_O1__0896__2.pt,ok,0.5395964384,0.5603814125,0.5829834746,0.5709912391,average,0.5395964384,0.5829834746,
O1/0896/3,,videos/sample_003582_O1__0896__3.pt,ok,0.5441292524,0.5768421888,0.5803468990,0.5616692144,average,0.5441292524,0.5803468990,
O1/0896/4,,videos/sample_003583_O1__0896__4.pt,ok,0.5448216796,0.5757849216,0.5799451902,0.5622633629,average,0.5448216796,0.5799451902,
O1/0897/1,,videos/sample_003584_O1__0897__1.pt,ok,0.6366580725,0.6579828858,0.5290575449,0.5178949348,average,0.6366580725,0.5290575449,
O1/0897/2,,videos/sample_003585_O1__0897__2.pt,ok,0.6370345354,0.6579828858,0.5288584118,0.5178949348,average,0.6370345354,0.5288584118,
O1/0897/3,,videos/sample_003586_O1__0897__3.pt,ok,0.6376056671,0.6587453485,0.5285564503,0.5175002098,average,0.6376056671,0.5285564503,
O1/0897/4,,videos/sample_003587_O1__0897__4.pt,ok,0.6372426748,0.6587453485,0.5287483470,0.5175002098,average,0.6372426748,0.5287483470,
O1/0898/1,,videos/sample_003588_O1__0898__1.pt,ok,0.5651140809,0.5919640660,0.5682953114,0.5532396178,average,0.5651140809,0.5682953114,
O1/0898/2,,videos/sample_003589_O1__0898__2.pt,ok,0.5628787875,0.5820051432,0.5695670390,0.5587768150,average,0.5628787875,0.5695670390,
O1/0898/3,,videos/sample_003590_O1__0898__3.pt,ok,0.5656167865,0.5915512443,0.5680096980,0.5534680543,average,0.5656167865,0.5680096980,
O1/0898/4,,videos/sample_003591_O1__0898__4.pt,ok,0.5645563602,0.5979405642,0.5686123499,0.5499430431,average,0.5645563602,0.5686123499,
O1/0899/1,,videos/sample_003592_O1__0899__1.pt,ok,0.6220663786,0.6362594962,0.5368339884,0.5292684567,average,0.6220663786,0.5368339884,
O1/0899/2,,videos/sample_003593_O1__0899__2.pt,ok,0.6227524281,0.6366539598,0.5364658201,0.5290597208,average,0.6227524281,0.5364658201,
O1/0899/3,,videos/sample_003594_O1__0899__3.pt,ok,0.6214048862,0.6352186799,0.5371892175,0.5298196147,average,0.6214048862,0.5371892175,
O1/0899/4,,videos/sample_003595_O1__0899__4.pt,ok,0.6230874062,0.6365610361,0.5362861459,0.5291088852,average,0.6230874062,0.5362861459,
O1/0900/1,,videos/sample_003596_O1__0900__1.pt,ok,0.5641712546,0.5881686807,0.5688313678,0.5553433651,average,0.5641712546,0.5688313678,
O1/0900/2,,videos/sample_003597_O1__0900__2.pt,ok,0.5644888282,0.5881570578,0.5686507507,0.5553498198,average,0.5644888282,0.5686507507,
O1/0900/3,,videos/sample_003598_O1__0900__3.pt,ok,0.5620928407,0.5852981806,0.5700148644,0.5569397684,average,0.5620928407,0.5700148644,
O1/0900/4,,videos/sample_003599_O1__0900__4.pt,ok,0.5633011460,0.5855143666,0.5693265283,0.5568193788,average,0.5633011460,0.5693265283,
O1/0901/1,,videos/sample_003600_O1__0901__1.pt,ok,0.6253951192,0.6531783938,0.5350499782,0.5203891438,average,0.6253951192,0.5350499782,
O1/0901/2,,videos/sample_003601_O1__0901__2.pt,ok,0.6232011318,0.6531151533,0.5362251598,0.5204220545,average,0.6232011318,0.5362251598,
O1/0901/3,,videos/sample_003602_O1__0901__3.pt,ok,0.6247150898,0.6531783938,0.5354139517,0.5203891438,average,0.6247150898,0.5354139517,
O1/0901/4,,videos/sample_003603_O1__0901__4.pt,ok,0.6248219609,0.6531151533,0.5353567345,0.5204220545,average,0.6248219609,0.5353567345,
O1/0902/1,,videos/sample_003604_O1__0902__1.pt,ok,0.5841468573,0.6050633192,0.5575813554,0.5460398507,average,0.5841468573,0.5575813554,
O1/0902/2,,videos/sample_003605_O1__0902__2.pt,ok,0.5844678283,0.6059248447,0.5574024167,0.5455696260,average,0.5844678283,0.5574024167,
O1/0902/3,,videos/sample_003606_O1__0902__3.pt,ok,0.5832189918,0.6027597189,0.5580989560,0.5472991582,average,0.5832189918,0.5580989560,
O1/0902/4,,videos/sample_003607_O1__0902__4.pt,ok,0.5828829408,0.6023169756,0.5582865373,0.5475415249,average,0.5828829408,0.5582865373,
O1/0903/1,,videos/sample_003608_O1__0903__1.pt,ok,0.5322617292,0.5522170067,0.5872752090,0.5756721256,average,0.5322617292,0.5872752090,
O1/0903/2,,videos/sample_003609_O1__0903__2.pt,ok,0.5355793834,0.5716944933,0.5853300614,0.5645679711,average,0.5355793834,0.5853300614,
O1/0903/3,,videos/sample_003610_O1__0903__3.pt,ok,0.5310225487,0.5510118008,0.5880034001,0.5763663473,average,0.5310225487,0.5880034001,
O1/0903/4,,videos/sample_003611_O1__0903__4.pt,ok,0.5351254344,0.5673360229,0.5855958317,0.5670339940,average,0.5351254344,0.5855958317,
O1/0904/1,,videos/sample_003612_O1__0904__1.pt,ok,0.5512858629,0.5767456889,0.5762084088,0.5617234181,average,0.5512858629,0.5762084088,
O1/0904/2,,videos/sample_003613_O1__0904__2.pt,ok,0.5490171909,0.5767021179,0.5775171206,0.5617478934,average,0.5490171909,0.5775171206,
O1/0904/3,,videos/sample_003614_O1__0904__3.pt,ok,0.5483871102,0.5674444437,0.5778811177,0.5669725191,average,0.5483871102,0.5778811177,
O1/0904/4,,videos/sample_003615_O1__0904__4.pt,ok,0.5509383678,0.5700792670,0.5764086732,0.5654806130,average,0.5509383678,0.5764086732,
O1/0905/1,,videos/sample_003616_O1__0905__1.pt,ok,0.6205662489,0.6319143772,0.5376399134,0.5315731947,average,0.6205662489,0.5376399134,
O1/0905/2,,videos/sample_003617_O1__0905__2.pt,ok,0.6196328402,0.6329267621,0.5381419855,0.5310353104,average,0.6196328402,0.5381419855,
O1/0905/3,,videos/sample_003618_O1__0905__3.pt,ok,0.6206683517,0.6329267621,0.5375850217,0.5310353104,average,0.6206683517,0.5375850217,
O1/0905/4,,videos/sample_003619_O1__0905__4.pt,ok,0.6197916269,0.6319143772,0.5380565424,0.5315731947,average,0.6197916269,0.5380565424,
O1/0906/1,,videos/sample_003620_O1__0906__1.pt,ok,0.5659865141,0.5834348202,0.5677997279,0.5579785154,average,0.5659865141,0.5677997279,
O1/0906/2,,videos/sample_003621_O1__0906__2.pt,ok,0.5656672120,0.5891701579,0.5679810565,0.5547874798,average,0.5656672120,0.5679810565,
O1/0906/3,,videos/sample_003622_O1__0906__3.pt,ok,0.5630586743,0.5808830261,0.5694645906,0.5594041799,average,0.5630586743,0.5694645906,
O1/0906/4,,videos/sample_003623_O1__0906__4.pt,ok,0.5627583861,0.5883400440,0.5696356198,0.5552482078,average,0.5627583861,0.5696356198,
O1/0907/1,,videos/sample_003624_O1__0907__1.pt,ok,0.5732784271,0.5942935944,0.5636744406,0.5519523304,average,0.5732784271,0.5636744406,
O1/0907/2,,videos/sample_003625_O1__0907__2.pt,ok,0.5738099813,0.5949288607,0.5633748967,0.5516018051,average,0.5738099813,0.5633748967,
O1/0907/3,,videos/sample_003626_O1__0907__3.pt,ok,0.5748737454,0.5976117849,0.5627759173,0.5501238827,average,0.5748737454,0.5627759173,
O1/0907/4,,videos/sample_003627_O1__0907__4.pt,ok,0.5754752159,0.5986546874,0.5624375260,0.5495504562,average,0.5754752159,0.5624375260,
O1/0908/1,,videos/sample_003628_O1__0908__1.pt,ok,0.6107644439,0.6390428543,0.5429356666,0.5277973613,average,0.6107644439,0.5429356666,
O1/0908/2,,videos/sample_003629_O1__0908__2.pt,ok,0.6115752459,0.6402344704,0.5424956317,0.5271688041,average,0.6115752459,0.5424956317,
O1/0908/3,,videos/sample_003630_O1__0908__3.pt,ok,0.6111056805,0.6402344704,0.5427504286,0.5271688041,average,0.6111056805,0.5427504286,
O1/0908/4,,videos/sample_003631_O1__0908__4.pt,ok,0.6113214493,0.6390428543,0.5426333327,0.5277973613,average,0.6113214493,0.5426333327,
O1/0909/1,,videos/sample_003632_O1__0909__1.pt,ok,0.6206672788,0.6475874186,0.5375855984,0.5233067752,average,0.6206672788,0.5375855984,
O1/0909/2,,videos/sample_003633_O1__0909__2.pt,ok,0.6197757721,0.6475874186,0.5380650733,0.5233067752,average,0.6197757721,0.5380650733,
O1/0909/3,,videos/sample_003634_O1__0909__3.pt,ok,0.6203083992,0.6480655074,0.5377785615,0.5230566479,average,0.6203083992,0.5377785615,
O1/0909/4,,videos/sample_003635_O1__0909__4.pt,ok,0.6196424365,0.6480655074,0.5381368213,0.5230566479,average,0.6196424365,0.5381368213,
O1/0910/1,,videos/sample_003636_O1__0910__1.pt,ok,0.5888382792,0.6091507673,0.5549716324,0.5438124964,average,0.5888382792,0.5549716324,
O1/0910/2,,videos/sample_003637_O1__0910__2.pt,ok,0.5902098417,0.6091507673,0.5542109759,0.5438124964,average,0.5902098417,0.5542109759,
O1/0910/3,,videos/sample_003638_O1__0910__3.pt,ok,0.5895230770,0.6090418100,0.5545917192,0.5438717519,average,0.5895230770,0.5545917192,
O1/0910/4,,videos/sample_003639_O1__0910__4.pt,ok,0.5902096033,0.6090418100,0.5542111081,0.5438717519,average,0.5902096033,0.5542111081,
O1/0911/1,,videos/sample_003640_O1__0911__1.pt,ok,0.6203813553,0.6352108717,0.5377393288,0.5298237517,average,0.6203813553,0.5377393288,
O1/0911/2,,videos/sample_003641_O1__0911__2.pt,ok,0.6205252409,0.6340242624,0.5376619614,0.5304528186,average,0.6205252409,0.5376619614,
O1/0911/3,,videos/sample_003642_O1__0911__3.pt,ok,0.6184524894,0.6340242624,0.5387775568,0.5304528186,average,0.6184524894,0.5387775568,
O1/0911/4,,videos/sample_003643_O1__0911__4.pt,ok,0.6194642186,0.6350530982,0.5382327354,0.5299073504,average,0.6194642186,0.5382327354,
O1/0912/1,,videos/sample_003644_O1__0912__1.pt,ok,0.6168411970,0.6493094563,0.5396463847,0.5224063967,average,0.6168411970,0.5396463847,
O1/0912/2,,videos/sample_003645_O1__0912__2.pt,ok,0.6188026667,0.6491146684,0.5385889222,0.5225081651,average,0.6188026667,0.5385889222,
O1/0912/3,,videos/sample_003646_O1__0912__3.pt,ok,0.6168411970,0.6493094563,0.5396463847,0.5224063967,average,0.6168411970,0.5396463847,
O1/0912/4,,videos/sample_003647_O1__0912__4.pt,ok,0.6188026667,0.6491146684,0.5385889222,0.5225081651,average,0.6188026667,0.5385889222,
O1/0913/1,,videos/sample_003648_O1__0913__1.pt,ok,0.6119433641,0.6280639768,0.5422959658,0.5336239099,average,0.6119433641,0.5422959658,
O1/0913/2,,videos/sample_003649_O1__0913__2.pt,ok,0.6118582487,0.6268050671,0.5423421256,0.5342961172,average,0.6118582487,0.5423421256,
O1/0913/3,,videos/sample_003650_O1__0913__3.pt,ok,0.6136069894,0.6280639768,0.5413945386,0.5336239099,average,0.6136069894,0.5413945386,
O1/0913/4,,videos/sample_003651_O1__0913__4.pt,ok,0.6135849357,0.6268050671,0.5414064785,0.5342961172,average,0.6135849357,0.5414064785,
O1/0914/1,,videos/sample_003652_O1__0914__1.pt,ok,0.5630586743,0.5808830261,0.5694645906,0.5594041799,average,0.5630586743,0.5694645906,
O1/0914/2,,videos/sample_003653_O1__0914__2.pt,ok,0.5626332760,0.5844476819,0.5697068914,0.5574136465,average,0.5626332760,0.5697068914,
O1/0914/3,,videos/sample_003654_O1__0914__3.pt,ok,0.5625727773,0.5845695734,0.5697413590,0.5573457066,average,0.5625727773,0.5697413590,
O1/0914/4,,videos/sample_003655_O1__0914__4.pt,ok,0.5628540516,0.5820473433,0.5695811279,0.5587532351,average,0.5628540516,0.5695811279,
O1/0915/1,,videos/sample_003656_O1__0915__1.pt,ok,0.5560223460,0.5759772062,0.5734856606,0.5621552587,average,0.5560223460,0.5734856606,
O1/0915/2,,videos/sample_003657_O1__0915__2.pt,ok,0.5562773347,0.5846036673,0.5733394469,0.5573267049,average,0.5562773347,0.5733394469,
O1/0915/3,,videos/sample_003658_O1__0915__3.pt,ok,0.5559751391,0.5768101811,0.5735127337,0.5616871924,average,0.5559751391,0.5735127337,
O1/0915/4,,videos/sample_003659_O1__0915__4.pt,ok,0.5561600924,0.5824457407,0.5734066705,0.5585306735,average,0.5561600924,0.5734066705,
O1/0916/1,,videos/sample_003660_O1__0916__1.pt,ok,0.5749516487,0.6116322279,0.5627320770,0.5424647200,average,0.5749516487,0.5627320770,
O1/0916/2,,videos/sample_003661_O1__0916__2.pt,ok,0.5734407306,0.6149192452,0.5635829617,0.5406845564,average,0.5734407306,0.5635829617,
O1/0916/3,,videos/sample_003662_O1__0916__3.pt,ok,0.5678614378,0.6029852033,0.5667361442,0.5471757647,average,0.5678614378,0.5667361442,
O1/0916/4,,videos/sample_003663_O1__0916__4.pt,ok,0.5748381019,0.6101676822,0.5627959771,0.5432597665,average,0.5748381019,0.5627959771,
O1/0917/1,,videos/sample_003664_O1__0917__1.pt,ok,0.5627064705,0.5847791433,0.5696651935,0.5572289159,average,0.5627064705,0.5696651935,
O1/0917/2,,videos/sample_003665_O1__0917__2.pt,ok,0.5611578822,0.5847791433,0.5705480538,0.5572289159,average,0.5611578822,0.5705480538,
O1/0917/3,,videos/sample_003666_O1__0917__3.pt,ok,0.5620174408,0.5854010582,0.5700578450,0.5568824747,average,0.5620174408,0.5700578450,
O1/0917/4,,videos/sample_003667_O1__0917__4.pt,ok,0.5633142591,0.5854010582,0.5693190627,0.5568824747,average,0.5633142591,0.5693190627,
O1/0918/1,,videos/sample_003668_O1__0918__1.pt,ok,0.5722793341,0.6073179841,0.5642378852,0.5448101007,average,0.5722793341,0.5642378852,
O1/0918/2,,videos/sample_003669_O1__0918__2.pt,ok,0.5642099977,0.5952043533,0.5688093300,0.5514498637,average,0.5642099977,0.5688093300,
O1/0918/3,,videos/sample_003670_O1__0918__3.pt,ok,0.5721281767,0.6073179841,0.5643231804,0.5448101007,average,0.5721281767,0.5643231804,
O1/0918/4,,videos/sample_003671_O1__0918__4.pt,ok,0.5640780926,0.5952043533,0.5688843638,0.5514498637,average,0.5640780926,0.5688843638,
O1/0919/1,,videos/sample_003672_O1__0919__1.pt,ok,0.6148508191,0.6452013850,0.5407215546,0.5245568936,average,0.6148508191,0.5407215546,
O1/0919/2,,videos/sample_003673_O1__0919__2.pt,ok,0.6138011813,0.6452013850,0.5412894144,0.5245568936,average,0.6138011813,0.5412894144,
O1/0919/3,,videos/sample_003674_O1__0919__3.pt,ok,0.6143797040,0.6458451152,0.5409763567,0.5242193291,average,0.6143797040,0.5409763567,
O1/0919/4,,videos/sample_003675_O1__0919__4.pt,ok,0.6133877635,0.6458451152,0.5415132393,0.5242193291,average,0.6133877635,0.5415132393,
O1/0920/1,,videos/sample_003676_O1__0920__1.pt,ok,0.6157919765,0.6303461790,0.5402128900,0.5324074608,average,0.6157919765,0.5402128900,
O1/0920/2,,videos/sample_003677_O1__0920__2.pt,ok,0.6185567975,0.6318338513,0.5387213608,0.5316160018,average,0.6185567975,0.5387213608,
O1/0920/3,,videos/sample_003678_O1__0920__3.pt,ok,0.6179532409,0.6320382357,0.5390466078,0.5315073590,average,0.6179532409,0.5390466078,
O1/0920/4,,videos/sample_003679_O1__0920__4.pt,ok,0.6172891259,0.6318082213,0.5394047156,0.5316296273,average,0.6172891259,0.5394047156,
O1/0921/1,,videos/sample_003680_O1__0921__1.pt,ok,0.5693362951,0.6024413705,0.5659009053,0.5474734178,average,0.5693362951,0.5659009053,
O1/0921/2,,videos/sample_003681_O1__0921__2.pt,ok,0.5661514401,0.5977776051,0.5677060907,0.5500326686,average,0.5661514401,0.5677060907,
O1/0921/3,,videos/sample_003682_O1__0921__3.pt,ok,0.5676464438,0.6018147469,0.5668580021,0.5478165851,average,0.5676464438,0.5668580021,
O1/0921/4,,videos/sample_003683_O1__0921__4.pt,ok,0.5623015165,0.5928442478,0.5698959284,0.5527528806,average,0.5623015165,0.5698959284,
O1/0922/1,,videos/sample_003684_O1__0922__1.pt,ok,0.6165450811,0.6455487609,0.5398062063,0.5243747068,average,0.6165450811,0.5398062063,
O1/0922/2,,videos/sample_003685_O1__0922__2.pt,ok,0.6181458235,0.6455487609,0.5389428068,0.5243747068,average,0.6181458235,0.5389428068,
O1/0922/3,,videos/sample_003686_O1__0922__3.pt,ok,0.6183679700,0.6457336545,0.5388230959,0.5242777622,average,0.6183679700,0.5388230959,
O1/0922/4,,videos/sample_003687_O1__0922__4.pt,ok,0.6187392473,0.6457336545,0.5386230802,0.5242777622,average,0.6187392473,0.5386230802,
O1/0923/1,,videos/sample_003688_O1__0923__1.pt,ok,0.5681573749,0.5880862474,0.5665684507,0.5553891457,average,0.5681573749,0.5665684507,
O1/0923/2,,videos/sample_003689_O1__0923__2.pt,ok,0.5682041645,0.5883457065,0.5665419418,0.5552450637,average,0.5682041645,0.5665419418,
O1/0923/3,,videos/sample_003690_O1__0923__3.pt,ok,0.5679455400,0.5883457065,0.5666884824,0.5552450637,average,0.5679455400,0.5666884824,
O1/0923/4,,videos/sample_003691_O1__0923__4.pt,ok,0.5680155158,0.5880862474,0.5666488293,0.5553891457,average,0.5680155158,0.5666488293,
O1/0924/1,,videos/sample_003692_O1__0924__1.pt,ok,0.6182275414,0.6314992309,0.5388987673,0.5317939212,average,0.6182275414,0.5388987673,
O1/0924/2,,videos/sample_003693_O1__0924__2.pt,ok,0.6182363629,0.6311833262,0.5388940135,0.5319619439,average,0.6182363629,0.5388940135,
O1/0924/3,,videos/sample_003694_O1__0924__3.pt,ok,0.6176531911,0.6308698654,0.5392083729,0.5321287193,average,0.6176531911,0.5392083729,
O1/0924/4,,videos/sample_003695_O1__0924__4.pt,ok,0.6174381375,0.6307197809,0.5393243441,0.5322085895,average,0.6174381375,0.5393243441,
O1/0925/1,,videos/sample_003696_O1__0925__1.pt,ok,0.5337619781,0.5532567501,0.5863948105,0.5750738854,average,0.5337619781,0.5863948105,
O1/0925/2,,videos/sample_003697_O1__0925__2.pt,ok,0.5455724597,0.5771525502,0.5795099423,0.5614949210,average,0.5455724597,0.5795099423,
O1/0925/3,,videos/sample_003698_O1__0925__3.pt,ok,0.5417219996,0.5727813244,0.5817456236,0.5639547144,average,0.5417219996,0.5817456236,
O1/0925/4,,videos/sample_003699_O1__0925__4.pt,ok,0.5464715362,0.5897233486,0.5789891527,0.5544806614,average,0.5464715362,0.5789891527,
O1/0926/1,,videos/sample_003700_O1__0926__1.pt,ok,0.5754511952,0.5995564461,0.5624510363,0.5490551176,average,0.5754511952,0.5624510363,
O1/0926/2,,videos/sample_003701_O1__0926__2.pt,ok,0.5696533918,0.5826489925,0.5657214884,0.5584171627,average,0.5696533918,0.5657214884,
O1/0926/3,,videos/sample_003702_O1__0926__3.pt,ok,0.5775396824,0.6039576530,0.5612775903,0.5466439224,average,0.5775396824,0.5612775903,
O1/0926/4,,videos/sample_003703_O1__0926__4.pt,ok,0.5796006322,0.6042575240,0.5601220166,0.5464800243,average,0.5796006322,0.5601220166,
O1/0927/1,,videos/sample_003704_O1__0927__1.pt,ok,0.5749309063,0.6010581255,0.5627437495,0.5482312316,average,0.5749309063,0.5627437495,
O1/0927/2,,videos/sample_003705_O1__0927__2.pt,ok,0.5762884021,0.6075336933,0.5619803455,0.5446925928,average,0.5762884021,0.5619803455,
O1/0927/3,,videos/sample_003706_O1__0927__3.pt,ok,0.5753344297,0.6055951118,0.5625167150,0.5457495480,average,0.5753344297,0.5625167150,
O1/0927/4,,videos/sample_003707_O1__0927__4.pt,ok,0.5715319514,0.5994184017,0.5646597445,0.5491309168,average,0.5715319514,0.5646597445,
O1/0928/1,,videos/sample_003708_O1__0928__1.pt,ok,0.6188281178,0.6464515924,0.5385752146,0.5239014984,average,0.6188281178,0.5385752146,
O1/0928/2,,videos/sample_003709_O1__0928__2.pt,ok,0.6168231964,0.6464515924,0.5396560988,0.5239014984,average,0.6168231964,0.5396560988,
O1/0928/3,,videos/sample_003710_O1__0928__3.pt,ok,0.6191321611,0.6465463042,0.5384114893,0.5238518811,average,0.6191321611,0.5384114893,
O1/0928/4,,videos/sample_003711_O1__0928__4.pt,ok,0.6195071340,0.6465463042,0.5382096375,0.5238518811,average,0.6195071340,0.5382096375,
O1/0929/1,,videos/sample_003712_O1__0929__1.pt,ok,0.5718706250,0.5923203230,0.5644685415,0.5530425575,average,0.5718706250,0.5644685415,
O1/0929/2,,videos/sample_003713_O1__0929__2.pt,ok,0.5710526109,0.5930866003,0.5649304737,0.5526189358,average,0.5710526109,0.5649304737,
O1/0929/3,,videos/sample_003714_O1__0929__3.pt,ok,0.5708525777,0.5923203230,0.5650434898,0.5530425575,average,0.5708525777,0.5650434898,
O1/0929/4,,videos/sample_003715_O1__0929__4.pt,ok,0.5692473650,0.5914058089,0.5659512332,0.5535485540,average,0.5692473650,0.5659512332,
O1/0930/1,,videos/sample_003716_O1__0930__1.pt,ok,0.5636839867,0.5940433741,0.5691086087,0.5520904574,average,0.5636839867,0.5691086087,
O1/0930/2,,videos/sample_003717_O1__0930__2.pt,ok,0.5716331601,0.6047073603,0.5646025989,0.5462342531,average,0.5716331601,0.5646025989,
O1/0930/3,,videos/sample_003718_O1__0930__3.pt,ok,0.5704724193,0.6097504497,0.5652583367,0.5434864794,average,0.5704724193,0.5652583367,
O1/0930/4,,videos/sample_003719_O1__0930__4.pt,ok,0.5693426132,0.6005952954,0.5658973299,0.5484850283,average,0.5693426132,0.5658973299,
O1/0931/1,,videos/sample_003720_O1__0931__1.pt,ok,0.5609437823,0.5787555575,0.5706702211,0.5605955616,average,0.5609437823,0.5706702211,
O1/0931/2,,videos/sample_003721_O1__0931__2.pt,ok,0.5607310534,0.5800110102,0.5707916321,0.5598922020,average,0.5607310534,0.5707916321,
O1/0931/3,,videos/sample_003722_O1__0931__3.pt,ok,0.5594201684,0.5750766397,0.5715403650,0.5626617450,average,0.5594201684,0.5715403650,
O1/0931/4,,videos/sample_003723_O1__0931__4.pt,ok,0.5604643226,0.5764160156,0.5709439002,0.5619086338,average,0.5604643226,0.5709439002,
O1/0932/1,,videos/sample_003724_O1__0932__1.pt,ok,0.5544872284,0.5751140118,0.5743667046,0.5626407175,average,0.5544872284,0.5743667046,
O1/0932/2,,videos/sample_003725_O1__0932__2.pt,ok,0.5564140677,0.5779256225,0.5732610578,0.5610610126,average,0.5564140677,0.5732610578,
O1/0932/3,,videos/sample_003726_O1__0932__3.pt,ok,0.5588954091,0.5925374627,0.5718403648,0.5529224830,average,0.5588954091,0.5718403648,
O1/0932/4,,videos/sample_003727_O1__0932__4.pt,ok,0.5573300123,0.5883436799,0.5727362229,0.5552461889,average,0.5573300123,0.5727362229,
O1/0933/1,,videos/sample_003728_O1__0933__1.pt,ok,0.5584594607,0.5788853765,0.5720897120,0.5605227904,average,0.5584594607,0.5720897120,
O1/0933/2,,videos/sample_003729_O1__0933__2.pt,ok,0.5604370236,0.5830141306,0.5709594865,0.5582133006,average,0.5604370236,0.5709594865,
O1/0933/3,,videos/sample_003730_O1__0933__3.pt,ok,0.5597301722,0.5834916830,0.5713632128,0.5579467881,average,0.5597301722,0.5713632128,
O1/0933/4,,videos/sample_003731_O1__0933__4.pt,ok,0.5594757199,0.5796991587,0.5715086159,0.5600668325,average,0.5594757199,0.5715086159,
O1/0934/1,,videos/sample_003732_O1__0934__1.pt,ok,0.5352317095,0.5544624329,0.5855336007,0.5743809465,average,0.5352317095,0.5855336007,
O1/0934/2,,videos/sample_003733_O1__0934__2.pt,ok,0.5362197757,0.5553088188,0.5849553405,0.5738950043,average,0.5362197757,0.5849553405,
O1/0934/3,,videos/sample_003734_O1__0934__3.pt,ok,0.5395587087,0.5693583488,0.5830054709,0.5658884252,average,0.5395587087,0.5830054709,
O1/0934/4,,videos/sample_003735_O1__0934__4.pt,ok,0.5401196480,0.5720449090,0.5826785319,0.5643701722,average,0.5401196480,0.5826785319,
O1/0935/1,,videos/sample_003736_O1__0935__1.pt,ok,0.5593802333,0.6001617908,0.5715631899,0.5487228506,average,0.5593802333,0.5715631899,
O1/0935/2,,videos/sample_003737_O1__0935__2.pt,ok,0.5627592802,0.5891724825,0.5696351105,0.5547861901,average,0.5627592802,0.5696351105,
O1/0935/3,,videos/sample_003738_O1__0935__3.pt,ok,0.5662263036,0.5997303128,0.5676635919,0.5489596635,average,0.5662263036,0.5676635919,
O1/0935/4,,videos/sample_003739_O1__0935__4.pt,ok,0.5532295704,0.5737301707,0.5750895159,0.5634198618,average,0.5532295704,0.5750895159,
O1/0936/1,,videos/sample_003740_O1__0936__1.pt,ok,0.5678905845,0.5944991112,0.5667196259,0.5518389066,average,0.5678905845,0.5667196259,
O1/0936/2,,videos/sample_003741_O1__0936__2.pt,ok,0.5675697923,0.5930087566,0.5669014543,0.5526619554,average,0.5675697923,0.5669014543,
O1/0936/3,,videos/sample_003742_O1__0936__3.pt,ok,0.5671200752,0.5944991112,0.5671564569,0.5518389066,average,0.5671200752,0.5671564569,
O1/0936/4,,videos/sample_003743_O1__0936__4.pt,ok,0.5631746054,0.5919536352,0.5693985758,0.5532453886,average,0.5631746054,0.5693985758,
O1/0937/1,,videos/sample_003744_O1__0937__1.pt,ok,0.5851958990,0.6001362801,0.5569967360,0.5487368491,average,0.5851958990,0.5569967360,
O1/0937/2,,videos/sample_003745_O1__0937__2.pt,ok,0.5864618421,0.6021115780,0.5562920560,0.5476540002,average,0.5864618421,0.5562920560,
O1/0937/3,,videos/sample_003746_O1__0937__3.pt,ok,0.5855588317,0.6006153226,0.5567946204,0.5484740438,average,0.5855588317,0.5567946204,
O1/0937/4,,videos/sample_003747_O1__0937__4.pt,ok,0.5868273377,0.6035381556,0.5560887708,0.5468732863,average,0.5868273377,0.5560887708,
O1/0938/1,,videos/sample_003748_O1__0938__1.pt,ok,0.5561768413,0.5928208232,0.5733970667,0.5527658288,average,0.5561768413,0.5733970667,
O1/0938/2,,videos/sample_003749_O1__0938__2.pt,ok,0.5566531420,0.5917147398,0.5731240222,0.5533775722,average,0.5566531420,0.5731240222,
O1/0938/3,,videos/sample_003750_O1__0938__3.pt,ok,0.5581026077,0.5985351801,0.5722939004,0.5496161354,average,0.5581026077,0.5722939004,
O1/0938/4,,videos/sample_003751_O1__0938__4.pt,ok,0.5513535738,0.5866710544,0.5761693945,0.5561756850,average,0.5513535738,0.5761693945,
O1/0939/1,,videos/sample_003752_O1__0939__1.pt,ok,0.5642985106,0.5929403901,0.5687589853,0.5526997402,average,0.5642985106,0.5687589853,
O1/0939/2,,videos/sample_003753_O1__0939__2.pt,ok,0.5698652864,0.6003837585,0.5656016278,0.5486010653,average,0.5698652864,0.5656016278,
O1/0939/3,,videos/sample_003754_O1__0939__3.pt,ok,0.5670202374,0.5992654562,0.5672130834,0.5492149104,average,0.5670202374,0.5672130834,
O1/0939/4,,videos/sample_003755_O1__0939__4.pt,ok,0.5691443086,0.6049359441,0.5660095611,0.5461094071,average,0.5691443086,0.5660095611,
O1/0940/1,,videos/sample_003756_O1__0940__1.pt,ok,0.5778356791,0.6115492582,0.5611114786,0.5425097300,average,0.5778356791,0.5611114786,
O1/0940/2,,videos/sample_003757_O1__0940__2.pt,ok,0.5764076710,0.6087518930,0.5619133227,0.5440294525,average,0.5764076710,0.5619133227,
O1/0940/3,,videos/sample_003758_O1__0940__3.pt,ok,0.5770582557,0.6120914817,0.5615478694,0.5422156482,average,0.5770582557,0.5615478694,
O1/0940/4,,videos/sample_003759_O1__0940__4.pt,ok,0.5733279586,0.6062440276,0.5636465217,0.5453955174,average,0.5733279586,0.5636465217,
O1/0941/1,,videos/sample_003760_O1__0941__1.pt,ok,0.5480807424,0.5812867880,0.5780581890,0.5591783594,average,0.5480807424,0.5780581890,
O1/0941/2,,videos/sample_003761_O1__0941__2.pt,ok,0.5556197166,0.5884681344,0.5737166093,0.5551770904,average,0.5556197166,0.5737166093,
O1/0941/3,,videos/sample_003762_O1__0941__3.pt,ok,0.5535467863,0.5990119576,0.5749071173,0.5493541532,average,0.5535467863,0.5749071173,
O1/0941/4,,videos/sample_003763_O1__0941__4.pt,ok,0.5583364964,0.5930526257,0.5721600630,0.5526377112,average,0.5583364964,0.5721600630,
O1/0942/1,,videos/sample_003764_O1__0942__1.pt,ok,0.6218967438,0.6465656757,0.5369250619,0.5238417334,average,0.6218967438,0.5369250619,
O1/0942/2,,videos/sample_003765_O1__0942__2.pt,ok,0.6218526959,0.6466760039,0.5369487128,0.5237839421,average,0.6218526959,0.5369487128,
O1/0942/3,,videos/sample_003766_O1__0942__3.pt,ok,0.6222164631,0.6466760039,0.5367534240,0.5237839421,average,0.6222164631,0.5367534240,
O1/0942/4,,videos/sample_003767_O1__0942__4.pt,ok,0.6218847632,0.6465656757,0.5369314946,0.5238417334,average,0.6218847632,0.5369314946,
O1/0943/1,,videos/sample_003768_O1__0943__1.pt,ok,0.5536975861,0.5716511011,0.5748204280,0.5645924694,average,0.5536975861,0.5748204280,
O1/0943/2,,videos/sample_003769_O1__0943__2.pt,ok,0.5580812097,0.5801388621,0.5723061465,0.5598206233,average,0.5580812097,0.5723061465,
O1/0943/3,,videos/sample_003770_O1__0943__3.pt,ok,0.5578973889,0.5739257336,0.5724113579,0.5633096886,average,0.5578973889,0.5724113579,
O1/0943/4,,videos/sample_003771_O1__0943__4.pt,ok,0.5539566875,0.5797076225,0.5746715105,0.5600620922,average,0.5539566875,0.5746715105,
O1/0944/1,,videos/sample_003772_O1__0944__1.pt,ok,0.6153489351,0.6291238070,0.5404522796,0.5330586587,average,0.6153489351,0.5404522796,
O1/0944/2,,videos/sample_003773_O1__0944__2.pt,ok,0.6154302955,0.6301089525,0.5404083100,0.5325337769,average,0.6154302955,0.5404083100,
O1/0944/3,,videos/sample_003774_O1__0944__3.pt,ok,0.6132476926,0.6301089525,0.5415890949,0.5325337769,average,0.6132476926,0.5415890949,
O1/0944/4,,videos/sample_003775_O1__0944__4.pt,ok,0.6145535707,0.6291238070,0.5408823071,0.5330586587,average,0.6145535707,0.5408823071,
O1/0945/1,,videos/sample_003776_O1__0945__1.pt,ok,0.5507075787,0.5876834393,0.5765417174,0.5556129061,average,0.5507075787,0.5765417174,
O1/0945/2,,videos/sample_003777_O1__0945__2.pt,ok,0.5578013659,0.5944206715,0.5724663252,0.5518821944,average,0.5578013659,0.5724663252,
O1/0945/3,,videos/sample_003778_O1__0945__3.pt,ok,0.5564426184,0.5915107727,0.5732446911,0.5534904545,average,0.5564426184,0.5732446911,
O1/0945/4,,videos/sample_003779_O1__0945__4.pt,ok,0.5567853451,0.5953277946,0.5730482585,0.5513817963,average,0.5567853451,0.5730482585,
O1/0946/1,,videos/sample_003780_O1__0946__1.pt,ok,0.5533509254,0.5789275765,0.5750197302,0.5604991368,average,0.5533509254,0.5750197302,
O1/0946/2,,videos/sample_003781_O1__0946__2.pt,ok,0.5561951399,0.5798345804,0.5733865744,0.5599909924,average,0.5561951399,0.5733865744,
O1/0946/3,,videos/sample_003782_O1__0946__3.pt,ok,0.5531398058,0.5715903044,0.5751411409,0.5646267959,average,0.5531398058,0.5751411409,
O1/0946/4,,videos/sample_003783_O1__0946__4.pt,ok,0.5560400486,0.5748738050,0.5734755085,0.5627758838,average,0.5560400486,0.5734755085,
O1/0947/1,,videos/sample_003784_O1__0947__1.pt,ok,0.5649727583,0.5962931514,0.5683756301,0.5508497729,average,0.5649727583,0.5683756301,
O1/0947/2,,videos/sample_003785_O1__0947__2.pt,ok,0.5577757955,0.5953495502,0.5724809636,0.5513698007,average,0.5577757955,0.5724809636,
O1/0947/3,,videos/sample_003786_O1__0947__3.pt,ok,0.5633267760,0.5951185822,0.5693119366,0.5514971642,average,0.5633267760,0.5693119366,
O1/0947/4,,videos/sample_003787_O1__0947__4.pt,ok,0.5472236276,0.5646821856,0.5785538636,0.5685408085,average,0.5472236276,0.5785538636,
O1/0948/1,,videos/sample_003788_O1__0948__1.pt,ok,0.6271023750,0.6521149278,0.5341372904,0.5209428544,average,0.6271023750,0.5341372904,
O1/0948/2,,videos/sample_003789_O1__0948__2.pt,ok,0.6255872846,0.6521149278,0.5349471700,0.5209428544,average,0.6255872846,0.5349471700,
O1/0948/3,,videos/sample_003790_O1__0948__3.pt,ok,0.6270833611,0.6519213319,0.5341474465,0.5210437165,average,0.6270833611,0.5341474465,
O1/0948/4,,videos/sample_003791_O1__0948__4.pt,ok,0.6263377070,0.6519213319,0.5345458842,0.5210437165,average,0.6263377070,0.5345458842,
O1/0949/1,,videos/sample_003792_O1__0949__1.pt,ok,0.6076761484,0.6231871843,0.5446150041,0.5362326389,average,0.6076761484,0.5446150041,
O1/0949/2,,videos/sample_003793_O1__0949__2.pt,ok,0.6103903651,0.6222682595,0.5431388052,0.5367256228,average,0.6103903651,0.5431388052,
O1/0949/3,,videos/sample_003794_O1__0949__3.pt,ok,0.6098560691,0.6212105155,0.5434290797,0.5372936415,average,0.6098560691,0.5434290797,
O1/0949/4,,videos/sample_003795_O1__0949__4.pt,ok,0.6091894507,0.6221691966,0.5437914603,0.5367787951,average,0.6091894507,0.5437914603,
O1/0950/1,,videos/sample_003796_O1__0950__1.pt,ok,0.6104408503,0.6404460669,0.5431113855,0.5270572688,average,0.6104408503,0.5431113855,
O1/0950/2,,videos/sample_003797_O1__0950__2.pt,ok,0.6083915234,0.6400234103,0.5442255395,0.5272800801,average,0.6083915234,0.5442255395,
O1/0950/3,,videos/sample_003798_O1__0950__3.pt,ok,0.6089102030,0.6404460669,0.5439433340,0.5270572688,average,0.6089102030,0.5439433340,
O1/0950/4,,videos/sample_003799_O1__0950__4.pt,ok,0.6094251871,0.6400234103,0.5436632839,0.5272800801,average,0.6094251871,0.5436632839,
O1/0951/1,,videos/sample_003800_O1__0951__1.pt,ok,0.6089878082,0.6263689995,0.5439011228,0.5345291573,average,0.6089878082,0.5439011228,
O1/0951/2,,videos/sample_003801_O1__0951__2.pt,ok,0.6074551940,0.6240507364,0.5447353525,0.5357697739,average,0.6074551940,0.5447353525,
O1/0951/3,,videos/sample_003802_O1__0951__3.pt,ok,0.6089957356,0.6270335317,0.5438968111,0.5341740634,average,0.6089957356,0.5438968111,
O1/0951/4,,videos/sample_003803_O1__0951__4.pt,ok,0.6076724529,0.6252211928,0.5446170167,0.5351430456,average,0.6076724529,0.5446170167,
O1/0952/1,,videos/sample_003804_O1__0952__1.pt,ok,0.5831901431,0.6101298928,0.5581150567,0.5432802963,average,0.5831901431,0.5581150567,
O1/0952/2,,videos/sample_003805_O1__0952__2.pt,ok,0.5754171610,0.6029247642,0.5624701792,0.5472088365,average,0.5754171610,0.5624701792,
O1/0952/3,,videos/sample_003806_O1__0952__3.pt,ok,0.5832339525,0.6078327894,0.5580906065,0.5445297018,average,0.5832339525,0.5580906065,
O1/0952/4,,videos/sample_003807_O1__0952__4.pt,ok,0.5709783435,0.5833625793,0.5649724311,0.5580188257,average,0.5709783435,0.5649724311,
O1/0953/1,,videos/sample_003808_O1__0953__1.pt,ok,0.5678784847,0.6027538180,0.5667264831,0.5473023878,average,0.5678784847,0.5667264831,
O1/0953/2,,videos/sample_003809_O1__0953__2.pt,ok,0.5637732148,0.5935029387,0.5690578304,0.5523889072,average,0.5637732148,0.5690578304,
O1/0953/3,,videos/sample_003810_O1__0953__3.pt,ok,0.5690686107,0.6019401550,0.5660524084,0.5477478887,average,0.5690686107,0.5660524084,
O1/0953/4,,videos/sample_003811_O1__0953__4.pt,ok,0.5681800246,0.6037865281,0.5665556182,0.5467374748,average,0.5681800246,0.5665556182,
O1/0954/1,,videos/sample_003812_O1__0954__1.pt,ok,0.6185241342,0.6324142814,0.5387389576,0.5313075255,average,0.6185241342,0.5387389576,
O1/0954/2,,videos/sample_003813_O1__0954__2.pt,ok,0.6176033616,0.6306273937,0.5392352421,0.5322577611,average,0.6176033616,0.5392352421,
O1/0954/3,,videos/sample_003814_O1__0954__3.pt,ok,0.6170421839,0.6324527264,0.5395379338,0.5312870997,average,0.6170421839,0.5395379338,
O1/0954/4,,videos/sample_003815_O1__0954__4.pt,ok,0.6192411780,0.6315260530,0.5383527966,0.5317796576,average,0.6192411780,0.5383527966,
O1/0955/1,,videos/sample_003816_O1__0955__1.pt,ok,0.5561683774,0.5945559740,0.5734019198,0.5518075284,average,0.5561683774,0.5734019198,
O1/0955/2,,videos/sample_003817_O1__0955__2.pt,ok,0.5600174069,0.5977056623,0.5711991209,0.5500722409,average,0.5600174069,0.5711991209,
O1/0955/3,,videos/sample_003818_O1__0955__3.pt,ok,0.5592533946,0.5951196551,0.5716356909,0.5514965725,average,0.5592533946,0.5716356909,
O1/0955/4,,videos/sample_003819_O1__0955__4.pt,ok,0.5539314747,0.5919306278,0.5746859998,0.5532581175,average,0.5539314747,0.5746859998,
O1/0956/1,,videos/sample_003820_O1__0956__1.pt,ok,0.6221895814,0.6493441463,0.5367678530,0.5223882747,average,0.6221895814,0.5367678530,
O1/0956/2,,videos/sample_003821_O1__0956__2.pt,ok,0.6231060624,0.6493441463,0.5362761409,0.5223882747,average,0.6231060624,0.5362761409,
O1/0956/3,,videos/sample_003822_O1__0956__3.pt,ok,0.6222456694,0.6498969793,0.5367377477,0.5220995610,average,0.6222456694,0.5367377477,
O1/0956/4,,videos/sample_003823_O1__0956__4.pt,ok,0.6229253411,0.6498969793,0.5363730661,0.5220995610,average,0.6229253411,0.5363730661,
O1/0957/1,,videos/sample_003824_O1__0957__1.pt,ok,0.5716219544,0.6015945673,0.5646089257,0.5479372164,average,0.5716219544,0.5646089257,
O1/0957/2,,videos/sample_003825_O1__0957__2.pt,ok,0.5661515594,0.6015945673,0.5677060230,0.5479372164,average,0.5661515594,0.5677060230,
O1/0957/3,,videos/sample_003826_O1__0957__3.pt,ok,0.5749748945,0.6046024561,0.5627189960,0.5462915584,average,0.5749748945,0.5627189960,
O1/0957/4,,videos/sample_003827_O1__0957__4.pt,ok,0.5733232498,0.6058634520,0.5636491758,0.5456031211,average,0.5733232498,0.5636491758,
O1/0958/1,,videos/sample_003828_O1__0958__1.pt,ok,0.5497429371,0.5752382874,0.5770981418,0.5625707993,average,0.5497429371,0.5770981418,
O1/0958/2,,videos/sample_003829_O1__0958__2.pt,ok,0.5495840907,0.5791664720,0.5771898191,0.5603652521,average,0.5495840907,0.5771898191,
O1/0958/3,,videos/sample_003830_O1__0958__3.pt,ok,0.5481574535,0.5661554337,0.5780138472,0.5677038236,average,0.5481574535,0.5780138472,
O1/0958/4,,videos/sample_003831_O1__0958__4.pt,ok,0.5465338230,0.5637613535,0.5789530904,0.5690645803,average,0.5465338230,0.5789530904,
O1/0959/1,,videos/sample_003832_O1__0959__1.pt,ok,0.6227199435,0.6494852304,0.5364832472,0.5223145792,average,0.6227199435,0.5364832472,
O1/0959/2,,videos/sample_003833_O1__0959__2.pt,ok,0.6218116283,0.6493379474,0.5369707644,0.5223915130,average,0.6218116283,0.5369707644,
O1/0959/3,,videos/sample_003834_O1__0959__3.pt,ok,0.6205035448,0.6493379474,0.5376736267,0.5223915130,average,0.6205035448,0.5376736267,
O1/0959/4,,videos/sample_003835_O1__0959__4.pt,ok,0.6230639219,0.6494852304,0.5362987403,0.5223145792,average,0.6230639219,0.5362987403,
O1/0960/1,,videos/sample_003836_O1__0960__1.pt,ok,0.5635571480,0.5973784924,0.5691807982,0.5502522374,average,0.5635571480,0.5691807982,
O1/0960/2,,videos/sample_003837_O1__0960__2.pt,ok,0.5586646795,0.5919901133,0.5719723205,0.5532252076,average,0.5586646795,0.5719723205,
O1/0960/3,,videos/sample_003838_O1__0960__3.pt,ok,0.5645607710,0.5972549319,0.5686098419,0.5503202310,average,0.5645607710,0.5686098419,
O1/0960/4,,videos/sample_003839_O1__0960__4.pt,ok,0.5643149018,0.6005966067,0.5687496627,0.5484843090,average,0.5643149018,0.5687496627,
O1/0961/1,,videos/sample_003840_O1__0961__1.pt,ok,0.5652154088,0.5993838906,0.5682377302,0.5491498683,average,0.5652154088,0.5682377302,
O1/0961/2,,videos/sample_003841_O1__0961__2.pt,ok,0.5617451668,0.5953122973,0.5702130781,0.5513903412,average,0.5617451668,0.5702130781,
O1/0961/3,,videos/sample_003842_O1__0961__3.pt,ok,0.5477457643,0.5648891926,0.5782518583,0.5684231288,average,0.5477457643,0.5782518583,
O1/0961/4,,videos/sample_003843_O1__0961__4.pt,ok,0.5588971972,0.6025534272,0.5718393422,0.5474120731,average,0.5588971972,0.5718393422,
O1/0962/1,,videos/sample_003844_O1__0962__1.pt,ok,0.5784758329,0.5983835459,0.5607523959,0.5496994823,average,0.5784758329,0.5607523959,
O1/0962/2,,videos/sample_003845_O1__0962__2.pt,ok,0.5798942447,0.5983835459,0.5599575819,0.5496994823,average,0.5798942447,0.5599575819,
O1/0962/3,,videos/sample_003846_O1__0962__3.pt,ok,0.5784700513,0.5982058644,0.5607556380,0.5497971624,average,0.5784700513,0.5607556380,
O1/0962/4,,videos/sample_003847_O1__0962__4.pt,ok,0.5800876021,0.6014227867,0.5598493204,0.5480313494,average,0.5800876021,0.5598493204,
O1/0963/1,,videos/sample_003848_O1__0963__1.pt,ok,0.5450754166,0.5784511566,0.5797980553,0.5607662334,average,0.5450754166,0.5797980553,
O1/0963/2,,videos/sample_003849_O1__0963__2.pt,ok,0.5559250116,0.5997024179,0.5735414832,0.5489749769,average,0.5559250116,0.5735414832,
O1/0963/3,,videos/sample_003850_O1__0963__3.pt,ok,0.5575939417,0.5928745866,0.5725850809,0.5527361110,average,0.5575939417,0.5725850809,
O1/0963/4,,videos/sample_003851_O1__0963__4.pt,ok,0.5532646179,0.5882607698,0.5750693608,0.5552922263,average,0.5532646179,0.5750693608,
O1/0964/1,,videos/sample_003852_O1__0964__1.pt,ok,0.5436595082,0.5797861218,0.5806195777,0.5600181294,average,0.5436595082,0.5806195777,
O1/0964/2,,videos/sample_003853_O1__0964__2.pt,ok,0.5476789474,0.5804502368,0.5782904965,0.5596463365,average,0.5476789474,0.5782904965,
O1/0964/3,,videos/sample_003854_O1__0964__3.pt,ok,0.5338222980,0.5528749228,0.5863594403,0.5752935063,average,0.5338222980,0.5863594403,
O1/0964/4,,videos/sample_003855_O1__0964__4.pt,ok,0.5447949767,0.5746117234,0.5799606766,0.5629233963,average,0.5447949767,0.5799606766,
O1/0965/1,,videos/sample_003856_O1__0965__1.pt,ok,0.5579438210,0.5880114436,0.5723847803,0.5554306925,average,0.5579438210,0.5723847803,
O1/0965/2,,videos/sample_003857_O1__0965__2.pt,ok,0.5574709177,0.5868561864,0.5726555269,0.5560727286,average,0.5574709177,0.5726555269,
O1/0965/3,,videos/sample_003858_O1__0965__3.pt,ok,0.5563373566,0.5771508217,0.5733050350,0.5614958916,average,0.5563373566,0.5733050350,
O1/0965/4,,videos/sample_003859_O1__0965__4.pt,ok,0.5557102561,0.5761220455,0.5736646676,0.5620738424,average,0.5557102561,0.5736646676,
O1/0966/1,,videos/sample_003860_O1__0966__1.pt,ok,0.6309141517,0.6392367482,0.5321051538,0.5276950346,average,0.6309141517,0.5321051538,
O1/0966/2,,videos/sample_003861_O1__0966__2.pt,ok,0.6313773394,0.6402769685,0.5318587463,0.5271464009,average,0.6313773394,0.5318587463,
O1/0966/3,,videos/sample_003862_O1__0966__3.pt,ok,0.6317611933,0.6388529539,0.5316546294,0.5278975998,average,0.6317611933,0.5316546294,
O1/0966/4,,videos/sample_003863_O1__0966__4.pt,ok,0.6314665079,0.6406534910,0.5318113233,0.5269479557,average,0.6314665079,0.5318113233,
O1/0967/1,,videos/sample_003864_O1__0967__1.pt,ok,0.6126719713,0.6334561110,0.5419009890,0.5307542818,average,0.6126719713,0.5419009890,
O1/0967/2,,videos/sample_003865_O1__0967__2.pt,ok,0.6131523848,0.6334561110,0.5416407150,0.5307542818,average,0.6131523848,0.5416407150,
O1/0967/3,,videos/sample_003866_O1__0967__3.pt,ok,0.6124470234,0.6341132522,0.5420229022,0.5304056159,average,0.6124470234,0.5420229022,
O1/0967/4,,videos/sample_003867_O1__0967__4.pt,ok,0.6104040742,0.6341132522,0.5431313594,0.5304056159,average,0.6104040742,0.5431313594,
O1/0968/1,,videos/sample_003868_O1__0968__1.pt,ok,0.5509787798,0.5826723576,0.5763853798,0.5584041154,average,0.5509787798,0.5763853798,
O1/0968/2,,videos/sample_003869_O1__0968__2.pt,ok,0.5410572886,0.5585187674,0.5821324449,0.5720557843,average,0.5410572886,0.5821324449,
O1/0968/3,,videos/sample_003870_O1__0968__3.pt,ok,0.5560018420,0.5814762115,0.5734974195,0.5590724479,average,0.5560018420,0.5734974195,
O1/0968/4,,videos/sample_003871_O1__0968__4.pt,ok,0.5546739697,0.5919473171,0.5742594566,0.5532488841,average,0.5546739697,0.5742594566,
O1/0969/1,,videos/sample_003872_O1__0969__1.pt,ok,0.6233819127,0.6504675746,0.5361282293,0.5218017385,average,0.6233819127,0.5361282293,
O1/0969/2,,videos/sample_003873_O1__0969__2.pt,ok,0.6232581735,0.6512540579,0.5361945735,0.5213915115,average,0.6232581735,0.5361945735,
O1/0969/3,,videos/sample_003874_O1__0969__3.pt,ok,0.6218056083,0.6504675746,0.5369739970,0.5218017385,average,0.6218056083,0.5369739970,
O1/0969/4,,videos/sample_003875_O1__0969__4.pt,ok,0.6234940290,0.6512540579,0.5360681240,0.5213915115,average,0.6234940290,0.5360681240,
O1/0970/1,,videos/sample_003876_O1__0970__1.pt,ok,0.5598431230,0.6023702621,0.5712986805,0.5475123491,average,0.5598431230,0.5712986805,
O1/0970/2,,videos/sample_003877_O1__0970__2.pt,ok,0.5610136390,0.5975610614,0.5706303574,0.5501517876,average,0.5610136390,0.5706303574,
O1/0970/3,,videos/sample_003878_O1__0970__3.pt,ok,0.5511044264,0.5892468691,0.5763129635,0.5547449230,average,0.5511044264,0.5763129635,
O1/0970/4,,videos/sample_003879_O1__0970__4.pt,ok,0.5614263415,0.5987318754,0.5703949054,0.5495080391,average,0.5614263415,0.5703949054,
O1/0971/1,,videos/sample_003880_O1__0971__1.pt,ok,0.6104270816,0.6278836727,0.5431188635,0.5337201331,average,0.6104270816,0.5431188635,
O1/0971/2,,videos/sample_003881_O1__0971__2.pt,ok,0.6127901077,0.6278836727,0.5418369746,0.5337201331,average,0.6127901077,0.5418369746,
O1/0971/3,,videos/sample_003882_O1__0971__3.pt,ok,0.6131046414,0.6283821464,0.5416665754,0.5334541540,average,0.6131046414,0.5416665754,
O1/0971/4,,videos/sample_003883_O1__0971__4.pt,ok,0.6124640703,0.6280044913,0.5420136625,0.5336556537,average,0.6124640703,0.5420136625,
O1/0972/1,,videos/sample_003884_O1__0972__1.pt,ok,0.5641380548,0.5953773856,0.5688502532,0.5513544534,average,0.5641380548,0.5688502532,
O1/0972/2,,videos/sample_003885_O1__0972__2.pt,ok,0.5639914274,0.5961269140,0.5689336684,0.5509413524,average,0.5639914274,0.5689336684,
O1/0972/3,,videos/sample_003886_O1__0972__3.pt,ok,0.5595758557,0.5961916447,0.5714513903,0.5509056907,average,0.5595758557,0.5714513903,
O1/0972/4,,videos/sample_003887_O1__0972__4.pt,ok,0.5557102561,0.5761220455,0.5736646676,0.5620738424,average,0.5557102561,0.5736646676,
O1/0973/1,,videos/sample_003888_O1__0973__1.pt,ok,0.5725011230,0.6036211848,0.5641127574,0.5468278817,average,0.5725011230,0.5641127574,
O1/0973/2,,videos/sample_003889_O1__0973__2.pt,ok,0.5618882775,0.5887740254,0.5701314803,0.5550072926,average,0.5618882775,0.5701314803,
O1/0973/3,,videos/sample_003890_O1__0973__3.pt,ok,0.5702048540,0.6018673778,0.5654096004,0.5477877537,average,0.5702048540,0.5654096004,
O1/0973/4,,videos/sample_003891_O1__0973__4.pt,ok,0.5649009943,0.5969457030,0.5684164204,0.5504904323,average,0.5649009943,0.5684164204,
O1/0974/1,,videos/sample_003892_O1__0974__1.pt,ok,0.6163105965,0.6330046058,0.5399327974,0.5309939742,average,0.6163105965,0.5399327974,
O1/0974/2,,videos/sample_003893_O1__0974__2.pt,ok,0.6161398292,0.6330681443,0.5400250081,0.5309602367,average,0.6161398292,0.5400250081,
O1/0974/3,,videos/sample_003894_O1__0974__3.pt,ok,0.6145159602,0.6297894716,0.5409026504,0.5327039385,average,0.6145159602,0.5409026504,
O1/0974/4,,videos/sample_003895_O1__0974__4.pt,ok,0.6149488091,0.6306796074,0.5406685719,0.5322299706,average,0.6149488091,0.5406685719,
O1/0975/1,,videos/sample_003896_O1__0975__1.pt,ok,0.5458000898,0.5809651017,0.5793780434,0.5593582684,average,0.5458000898,0.5793780434,
O1/0975/2,,videos/sample_003897_O1__0975__2.pt,ok,0.5422317386,0.5810655355,0.5814491608,0.5593020927,average,0.5422317386,0.5814491608,
O1/0975/3,,videos/sample_003898_O1__0975__3.pt,ok,0.5293105841,0.5490853190,0.5890109032,0.5774777768,average,0.5293105841,0.5890109032,
O1/0975/4,,videos/sample_003899_O1__0975__4.pt,ok,0.5430786610,0.5728155375,0.5809569269,0.5639354201,average,0.5430786610,0.5809569269,
O1/0976/1,,videos/sample_003900_O1__0976__1.pt,ok,0.5423492193,0.5727809072,0.5813808557,0.5639549497,average,0.5423492193,0.5813808557,
O1/0976/2,,videos/sample_003901_O1__0976__2.pt,ok,0.5411484241,0.5697917938,0.5820793943,0.5656431968,average,0.5411484241,0.5820793943,
O1/0976/3,,videos/sample_003902_O1__0976__3.pt,ok,0.5318375230,0.5555381775,0.5875243876,0.5737633915,average,0.5318375230,0.5875243876,
O1/0976/4,,videos/sample_003903_O1__0976__4.pt,ok,0.5376979113,0.5765962005,0.5840913359,0.5618073955,average,0.5376979113,0.5840913359,
O1/0977/1,,videos/sample_003904_O1__0977__1.pt,ok,0.5548099875,0.5856283903,0.5741813524,0.5567558919,average,0.5548099875,0.5741813524,
O1/0977/2,,videos/sample_003905_O1__0977__2.pt,ok,0.5527241230,0.5697294474,0.5753802669,0.5656784638,average,0.5527241230,0.5753802669,
O1/0977/3,,videos/sample_003906_O1__0977__3.pt,ok,0.5566505790,0.5895156860,0.5731254912,0.5545958182,average,0.5566505790,0.5731254912,
O1/0977/4,,videos/sample_003907_O1__0977__4.pt,ok,0.5476602912,0.5648200512,0.5783012853,0.5684624317,average,0.5476602912,0.5783012853,
O1/0978/1,,videos/sample_003908_O1__0978__1.pt,ok,0.5551963449,0.5951588750,0.5739595561,0.5514749433,average,0.5551963449,0.5739595561,
O1/0978/2,,videos/sample_003909_O1__0978__2.pt,ok,0.5578536391,0.5994718075,0.5724364013,0.5491015909,average,0.5578536391,0.5724364013,
O1/0978/3,,videos/sample_003910_O1__0978__3.pt,ok,0.5527983308,0.5910993218,0.5753375708,0.5537182355,average,0.5527983308,0.5753375708,
O1/0978/4,,videos/sample_003911_O1__0978__4.pt,ok,0.5573890209,0.5946850181,0.5727024275,0.5517363255,average,0.5573890209,0.5727024275,
O1/0979/1,,videos/sample_003912_O1__0979__1.pt,ok,0.5785437822,0.5963518620,0.5607142945,0.5508174332,average,0.5785437822,0.5607142945,
O1/0979/2,,videos/sample_003913_O1__0979__2.pt,ok,0.5776726604,0.5955182314,0.5612029578,0.5512768029,average,0.5776726604,0.5612029578,
O1/0979/3,,videos/sample_003914_O1__0979__3.pt,ok,0.5783470273,0.5955182314,0.5608246286,0.5512768029,average,0.5783470273,0.5608246286,
O1/0979/4,,videos/sample_003915_O1__0979__4.pt,ok,0.5780043006,0.5963518620,0.5610168711,0.5508174332,average,0.5780043006,0.5610168711,
O1/0980/1,,videos/sample_003916_O1__0980__1.pt,ok,0.5458200574,0.5933888555,0.5793664747,0.5524519291,average,0.5458200574,0.5793664747,
O1/0980/2,,videos/sample_003917_O1__0980__2.pt,ok,0.5473737717,0.5875242949,0.5784670037,0.5557013358,average,0.5473737717,0.5784670037,
O1/0980/3,,videos/sample_003918_O1__0980__3.pt,ok,0.5318601727,0.5532225370,0.5875110805,0.5750935608,average,0.5318601727,0.5875110805,
O1/0980/4,,videos/sample_003919_O1__0980__4.pt,ok,0.5473498106,0.5834753513,0.5784808645,0.5579559004,average,0.5473498106,0.5784808645,
O1/0981/1,,videos/sample_003920_O1__0981__1.pt,ok,0.5547192693,0.5895587802,0.5742334435,0.5545719189,average,0.5547192693,0.5742334435,
O1/0981/2,,videos/sample_003921_O1__0981__2.pt,ok,0.5552832484,0.5913780332,0.5739096792,0.5535639294,average,0.5552832484,0.5739096792,
O1/0981/3,,videos/sample_003922_O1__0981__3.pt,ok,0.5474236012,0.5823256969,0.5784381797,0.5585977257,average,0.5474236012,0.5784381797,
O1/0981/4,,videos/sample_003923_O1__0981__4.pt,ok,0.5502949357,0.5896094441,0.5767796724,0.5545438228,average,0.5502949357,0.5767796724,
O1/0982/1,,videos/sample_003924_O1__0982__1.pt,ok,0.6139293909,0.6301949024,0.5412200203,0.5324880077,average,0.6139293909,0.5412200203,
O1/0982/2,,videos/sample_003925_O1__0982__2.pt,ok,0.6152413487,0.6301949024,0.5405104281,0.5324880077,average,0.6152413487,0.5405104281,
O1/0982/3,,videos/sample_003926_O1__0982__3.pt,ok,0.6155028343,0.6313074827,0.5403691108,0.5318959015,average,0.6155028343,0.5403691108,
O1/0982/4,,videos/sample_003927_O1__0982__4.pt,ok,0.6145624518,0.6313074827,0.5408775035,0.5318959015,average,0.6145624518,0.5408775035,
O1/0983/1,,videos/sample_003928_O1__0983__1.pt,ok,0.5742627978,0.5954607725,0.5631198490,0.5513084795,average,0.5742627978,0.5631198490,
O1/0983/2,,videos/sample_003929_O1__0983__2.pt,ok,0.5715007782,0.5919646025,0.5646773470,0.5532393210,average,0.5715007782,0.5646773470,
O1/0983/3,,videos/sample_003930_O1__0983__3.pt,ok,0.5729535222,0.5923081040,0.5638576110,0.5530493151,average,0.5729535222,0.5638576110,
O1/0983/4,,videos/sample_003931_O1__0983__4.pt,ok,0.5732060075,0.5964983106,0.5637152632,0.5507367726,average,0.5732060075,0.5637152632,
O1/0984/1,,videos/sample_003932_O1__0984__1.pt,ok,0.5534363985,0.5840912461,0.5749705836,0.5576123640,average,0.5534363985,0.5749705836,
O1/0984/2,,videos/sample_003933_O1__0984__2.pt,ok,0.5563735962,0.5892618299,0.5732842590,0.5547366237,average,0.5563735962,0.5732842590,
O1/0984/3,,videos/sample_003934_O1__0984__3.pt,ok,0.5555866957,0.6002717614,0.5737355543,0.5486625105,average,0.5555866957,0.5737355543,
O1/0984/4,,videos/sample_003935_O1__0984__4.pt,ok,0.5464690924,0.5778974891,0.5789905676,0.5610767974,average,0.5464690924,0.5789905676,
O1/0985/1,,videos/sample_003936_O1__0985__1.pt,ok,0.5533832312,0.5892512202,0.5750011540,0.5547425092,average,0.5533832312,0.5750011540,
O1/0985/2,,videos/sample_003937_O1__0985__2.pt,ok,0.5390864611,0.5566719770,0.5832808588,0.5731132275,average,0.5390864611,0.5832808588,
O1/0985/3,,videos/sample_003938_O1__0985__3.pt,ok,0.5483484864,0.5654811859,0.5779034381,0.5680867256,average,0.5483484864,0.5779034381,
O1/0985/4,,videos/sample_003939_O1__0985__4.pt,ok,0.5473233461,0.5843390822,0.5784961739,0.5574741847,average,0.5473233461,0.5784961739,
O1/0986/1,,videos/sample_003940_O1__0986__1.pt,ok,0.5340636969,0.5523014069,0.5862179109,0.5756235409,average,0.5340636969,0.5862179109,
O1/0986/2,,videos/sample_003941_O1__0986__2.pt,ok,0.5490770340,0.5825545192,0.5774825613,0.5584699207,average,0.5490770340,0.5774825613,
O1/0986/3,,videos/sample_003942_O1__0986__3.pt,ok,0.5406413078,0.5769802928,0.5823746512,0.5615916510,average,0.5406413078,0.5823746512,
O1/0986/4,,videos/sample_003943_O1__0986__4.pt,ok,0.5487074852,0.5805031061,0.5776960087,0.5596167491,average,0.5487074852,0.5776960087,
O1/0987/1,,videos/sample_003944_O1__0987__1.pt,ok,0.6141511798,0.6431194544,0.5410999970,0.5256501223,average,0.6141511798,0.5410999970,
O1/0987/2,,videos/sample_003945_O1__0987__2.pt,ok,0.6117182970,0.6431331038,0.5424180326,0.5256429475,average,0.6117182970,0.5424180326,
O1/0987/3,,videos/sample_003946_O1__0987__3.pt,ok,0.6139630079,0.6431194544,0.5412018264,0.5256501223,average,0.6139630079,0.5412018264,
O1/0987/4,,videos/sample_003947_O1__0987__4.pt,ok,0.6144254208,0.6431331038,0.5409516256,0.5256429475,average,0.6144254208,0.5409516256,
O1/0988/1,,videos/sample_003948_O1__0988__1.pt,ok,0.6118815541,0.6258280873,0.5423294862,0.5348183688,average,0.6118815541,0.5423294862,
O1/0988/2,,videos/sample_003949_O1__0988__2.pt,ok,0.6133437157,0.6297613978,0.5415370923,0.5327188937,average,0.6133437157,0.5415370923,
O1/0988/3,,videos/sample_003950_O1__0988__3.pt,ok,0.6145695448,0.6301655173,0.5408736671,0.5325036551,average,0.6145695448,0.5408736671,
O1/0988/4,,videos/sample_003951_O1__0988__4.pt,ok,0.6138337255,0.6280664802,0.5412717989,0.5336225740,average,0.6138337255,0.5412717989,
O1/0989/1,,videos/sample_003952_O1__0989__1.pt,ok,0.6200284958,0.6473948956,0.5379291087,0.5234075335,average,0.6200284958,0.5379291087,
O1/0989/2,,videos/sample_003953_O1__0989__2.pt,ok,0.6184107661,0.6473839283,0.5388000368,0.5234132739,average,0.6184107661,0.5388000368,
O1/0989/3,,videos/sample_003954_O1__0989__3.pt,ok,0.6203276515,0.6473948956,0.5377682082,0.5234075335,average,0.6203276515,0.5377682082,
O1/0989/4,,videos/sample_003955_O1__0989__4.pt,ok,0.6169528961,0.6473839283,0.5395861101,0.5234132739,average,0.6169528961,0.5395861101,
O1/0990/1,,videos/sample_003956_O1__0990__1.pt,ok,0.5467335582,0.5775199533,0.5788374646,0.5612886640,average,0.5467335582,0.5788374646,
O1/0990/2,,videos/sample_003957_O1__0990__2.pt,ok,0.5352674723,0.5543173552,0.5855126608,0.5744642825,average,0.5352674723,0.5855126608,
O1/0990/3,,videos/sample_003958_O1__0990__3.pt,ok,0.5499655008,0.5812112689,0.5769697150,0.5592205897,average,0.5499655008,0.5769697150,
O1/0990/4,,videos/sample_003959_O1__0990__4.pt,ok,0.5439175963,0.5745534301,0.5804697460,0.5629562120,average,0.5439175963,0.5804697460,
O1/0991/1,,videos/sample_003960_O1__0991__1.pt,ok,0.5465607047,0.5654885173,0.5789375274,0.5680825608,average,0.5465607047,0.5789375274,
O1/0991/2,,videos/sample_003961_O1__0991__2.pt,ok,0.5512387156,0.5830485821,0.5762355761,0.5581940696,average,0.5512387156,0.5762355761,
O1/0991/3,,videos/sample_003962_O1__0991__3.pt,ok,0.5462284088,0.5663799644,0.5791299379,0.5675763709,average,0.5462284088,0.5791299379,
O1/0991/4,,videos/sample_003963_O1__0991__4.pt,ok,0.5488768816,0.5781180263,0.5775981573,0.5609530727,average,0.5488768816,0.5775981573,
O1/0992/1,,videos/sample_003964_O1__0992__1.pt,ok,0.6097282171,0.6421204805,0.5434985626,0.5261754954,average,0.6097282171,0.5434985626,
O1/0992/2,,videos/sample_003965_O1__0992__2.pt,ok,0.6125985980,0.6413480639,0.5419407515,0.5265820790,average,0.6125985980,0.5419407515,
O1/0992/3,,videos/sample_003966_O1__0992__3.pt,ok,0.6121242046,0.6413480639,0.5421979056,0.5265820790,average,0.6121242046,0.5421979056,
O1/0992/4,,videos/sample_003967_O1__0992__4.pt,ok,0.6129298806,0.6421204805,0.5417612457,0.5261754954,average,0.6129298806,0.5417612457,
O1/0993/1,,videos/sample_003968_O1__0993__1.pt,ok,0.5412715077,0.5593472123,0.5820077543,0.5715820638,average,0.5412715077,0.5820077543,
O1/0993/2,,videos/sample_003969_O1__0993__2.pt,ok,0.5426744223,0.5730872750,0.5811918197,0.5637821985,average,0.5426744223,0.5811918197,
O1/0993/3,,videos/sample_003970_O1__0993__3.pt,ok,0.5421995521,0.5765376687,0.5814678759,0.5618402800,average,0.5421995521,0.5814678759,
O1/0993/4,,videos/sample_003971_O1__0993__4.pt,ok,0.5405610800,0.5570234060,0.5824213757,0.5729118543,average,0.5405610800,0.5824213757,
O1/0994/1,,videos/sample_003972_O1__0994__1.pt,ok,0.5373986363,0.5595832467,0.5842661660,0.5714471667,average,0.5373986363,0.5842661660,
O1/0994/2,,videos/sample_003973_O1__0994__2.pt,ok,0.5442501903,0.5819366574,0.5802767174,0.5588150845,average,0.5442501903,0.5802767174,
O1/0994/3,,videos/sample_003974_O1__0994__3.pt,ok,0.5402004719,0.5615503192,0.5826314394,0.5703241936,average,0.5402004719,0.5826314394,
O1/0994/4,,videos/sample_003975_O1__0994__4.pt,ok,0.5429628491,0.5757362247,0.5810242125,0.5622907441,average,0.5429628491,0.5810242125,
O1/0995/1,,videos/sample_003976_O1__0995__1.pt,ok,0.6374950409,0.6596164107,0.5286149257,0.5170496311,average,0.6374950409,0.5286149257,
O1/0995/2,,videos/sample_003977_O1__0995__2.pt,ok,0.6388352513,0.6609818935,0.5279069450,0.5163440906,average,0.6388352513,0.5279069450,
O1/0995/3,,videos/sample_003978_O1__0995__3.pt,ok,0.6388352513,0.6609818935,0.5279069450,0.5163440906,average,0.6388352513,0.5279069450,
O1/0995/4,,videos/sample_003979_O1__0995__4.pt,ok,0.6374950409,0.6596164107,0.5286149257,0.5170496311,average,0.6374950409,0.5286149257,
O1/0996/1,,videos/sample_003980_O1__0996__1.pt,ok,0.5417652130,0.5576457977,0.5817204850,0.5725553897,average,0.5417652130,0.5817204850,
O1/0996/2,,videos/sample_003981_O1__0996__2.pt,ok,0.5439517498,0.5718667507,0.5804499213,0.5644707284,average,0.5439517498,0.5804499213,
O1/0996/3,,videos/sample_003982_O1__0996__3.pt,ok,0.5435908437,0.5754694343,0.5806594470,0.5624407779,average,0.5435908437,0.5806594470,
O1/0996/4,,videos/sample_003983_O1__0996__4.pt,ok,0.5389659405,0.5565197468,0.5833511604,0.5732004793,average,0.5389659405,0.5833511604,
O1/0997/1,,videos/sample_003984_O1__0997__1.pt,ok,0.5679085255,0.5995210409,0.5667094585,0.5490745574,average,0.5679085255,0.5667094585,
O1/0997/2,,videos/sample_003985_O1__0997__2.pt,ok,0.5675570965,0.6067500710,0.5669086516,0.5451195934,average,0.5675570965,0.5669086516,
O1/0997/3,,videos/sample_003986_O1__0997__3.pt,ok,0.5640837550,0.5951090455,0.5688811425,0.5515024237,average,0.5640837550,0.5688811425,
O1/0997/4,,videos/sample_003987_O1__0997__4.pt,ok,0.5674448013,0.5977544188,0.5669723163,0.5500454219,average,0.5674448013,0.5669723163,
O1/0998/1,,videos/sample_003988_O1__0998__1.pt,ok,0.5410685539,0.5770369768,0.5821258870,0.5615598187,average,0.5410685539,0.5821258870,
O1/0998/2,,videos/sample_003989_O1__0998__2.pt,ok,0.5504937172,0.5874377489,0.5766650306,0.5557494316,average,0.5504937172,0.5766650306,
O1/0998/3,,videos/sample_003990_O1__0998__3.pt,ok,0.5486603379,0.5940096974,0.5777232461,0.5521090502,average,0.5486603379,0.5777232461,
O1/0998/4,,videos/sample_003991_O1__0998__4.pt,ok,0.5527468324,0.5907290578,0.5753672005,0.5539232954,average,0.5527468324,0.5753672005,
O1/0999/1,,videos/sample_003992_O1__0999__1.pt,ok,0.5538092852,0.5898652673,0.5747562247,0.5544019758,average,0.5538092852,0.5747562247,
O1/0999/2,,videos/sample_003993_O1__0999__2.pt,ok,0.5563517809,0.5951030254,0.5732967656,0.5515057438,average,0.5563517809,0.5732967656,
O1/0999/3,,videos/sample_003994_O1__0999__3.pt,ok,0.5504277349,0.5960809588,0.5767030816,0.5509666716,average,0.5504277349,0.5767030816,
O1/0999/4,,videos/sample_003995_O1__0999__4.pt,ok,0.5432105660,0.5775150657,0.5808803008,0.5612914073,average,0.5432105660,0.5808803008,
O1/1000/1,,videos/sample_003996_O1__1000__1.pt,ok,0.6162477136,0.6297190189,0.5399667510,0.5327414702,average,0.6162477136,0.5399667510,
O1/1000/2,,videos/sample_003997_O1__1000__2.pt,ok,0.6164610982,0.6294832826,0.5398515427,0.5328670716,average,0.6164610982,0.5398515427,
O1/1000/3,,videos/sample_003998_O1__1000__3.pt,ok,0.6143378019,0.6294832826,0.5409990252,0.5328670716,average,0.6143378019,0.5409990252,
O1/1000/4,,videos/sample_003999_O1__1000__4.pt,ok,0.6153092980,0.6296501756,0.5404737020,0.5327781472,average,0.6153092980,0.5404737020,
O1/1001/1,,videos/sample_004000_O1__1001__1.pt,ok,0.5614963770,0.5833033323,0.5703549589,0.5580518876,average,0.5614963770,0.5703549589,
O1/1001/2,,videos/sample_004001_O1__1001__2.pt,ok,0.5635198951,0.5854098797,0.5692020023,0.5568775622,average,0.5635198951,0.5692020023,
O1/1001/3,,videos/sample_004002_O1__1001__3.pt,ok,0.5637034178,0.5880233645,0.5690975504,0.5554240713,average,0.5637034178,0.5690975504,
O1/1001/4,,videos/sample_004003_O1__1001__4.pt,ok,0.5623210073,0.5819682479,0.5698848209,0.5587974316,average,0.5623210073,0.5698848209,
O1/1002/1,,videos/sample_004004_O1__1002__1.pt,ok,0.5418826342,0.5713638663,0.5816521827,0.5647546633,average,0.5418826342,0.5816521827,
O1/1002/2,,videos/sample_004005_O1__1002__2.pt,ok,0.5413072705,0.5620649457,0.5819869405,0.5700307651,average,0.5413072705,0.5819869405,
O1/1002/3,,videos/sample_004006_O1__1002__3.pt,ok,0.5407951474,0.5721282363,0.5822850658,0.5643231468,average,0.5407951474,0.5822850658,
O1/1002/4,,videos/sample_004007_O1__1002__4.pt,ok,0.5401245356,0.5610626340,0.5826756840,0.5706024001,average,0.5401245356,0.5826756840,
O1/1003/1,,videos/sample_004008_O1__1003__1.pt,ok,0.5562984943,0.5928540826,0.5733273154,0.5527474445,average,0.5562984943,0.5733273154,
O1/1003/2,,videos/sample_004009_O1__1003__2.pt,ok,0.5576306581,0.5928540826,0.5725640580,0.5527474445,average,0.5576306581,0.5725640580,
O1/1003/3,,videos/sample_004010_O1__1003__3.pt,ok,0.5514707565,0.5885322094,0.5761018814,0.5551415185,average,0.5514707565,0.5761018814,
O1/1003/4,,videos/sample_004011_O1__1003__4.pt,ok,0.5579431653,0.5941901803,0.5723851556,0.5520094130,average,0.5579431653,0.5723851556,
O1/1004/1,,videos/sample_004012_O1__1004__1.pt,ok,0.5383135676,0.5583838820,0.5837318470,0.5721329514,average,0.5383135676,0.5837318470,
O1/1004/2,,videos/sample_004013_O1__1004__2.pt,ok,0.5426918864,0.5740233064,0.5811816697,0.5632547275,average,0.5426918864,0.5811816697,
O1/1004/3,,videos/sample_004014_O1__1004__3.pt,ok,0.5390021801,0.5599178076,0.5833300204,0.5712560148,average,0.5390021801,0.5833300204,
O1/1004/4,,videos/sample_004015_O1__1004__4.pt,ok,0.5431250930,0.5750329494,0.5809299526,0.5626863283,average,0.5431250930,0.5809299526,
O1/1005/1,,videos/sample_004016_O1__1005__1.pt,ok,0.5707677007,0.6034938097,0.5650914510,0.5468975384,average,0.5707677007,0.5650914510,
O1/1005/2,,videos/sample_004017_O1__1005__2.pt,ok,0.5703108907,0.6045191884,0.5653496494,0.5463370487,average,0.5703108907,0.5653496494,
O1/1005/3,,videos/sample_004018_O1__1005__3.pt,ok,0.5630983114,0.6002210379,0.5694420191,0.5486903413,average,0.5630983114,0.5694420191,
O1/1005/4,,videos/sample_004019_O1__1005__4.pt,ok,0.5711919665,0.6045191884,0.5648517529,0.5463370487,average,0.5711919665,0.5648517529,
O1/1006/1,,videos/sample_004020_O1__1006__1.pt,ok,0.5661980510,0.5887632966,0.5676796301,0.5550132472,average,0.5661980510,0.5676796301,
O1/1006/2,,videos/sample_004021_O1__1006__2.pt,ok,0.5644242167,0.5875071883,0.5686874932,0.5557108420,average,0.5644242167,0.5686874932,
O1/1006/3,,videos/sample_004022_O1__1006__3.pt,ok,0.5651428699,0.5880503654,0.5682789510,0.5554090746,average,0.5651428699,0.5682789510,
O1/1006/4,,videos/sample_004023_O1__1006__4.pt,ok,0.5659956336,0.5895665288,0.5677945499,0.5545676217,average,0.5659956336,0.5677945499,
O1/1007/1,,videos/sample_004024_O1__1007__1.pt,ok,0.5571798086,0.5872901678,0.5728222564,0.5558314558,average,0.5571798086,0.5728222564,
O1/1007/2,,videos/sample_004025_O1__1007__2.pt,ok,0.5565640330,0.5860080719,0.5731750950,0.5565445420,average,0.5565640330,0.5731750950,
O1/1007/3,,videos/sample_004026_O1__1007__3.pt,ok,0.5538626909,0.5737487674,0.5747255302,0.5634093842,average,0.5538626909,0.5747255302,
O1/1007/4,,videos/sample_004027_O1__1007__4.pt,ok,0.5530189276,0.5727382302,0.5752106672,0.5639790180,average,0.5530189276,0.5752106672,
O1/1008/1,,videos/sample_004028_O1__1008__1.pt,ok,0.6126071811,0.6291393638,0.5419361001,0.5330503661,average,0.6126071811,0.5419361001,
O1/1008/2,,videos/sample_004029_O1__1008__2.pt,ok,0.6130539775,0.6300236583,0.5416940190,0.5325792010,average,0.6130539775,0.5416940190,
O1/1008/3,,videos/sample_004030_O1__1008__3.pt,ok,0.6137583852,0.6311515570,0.5413125800,0.5319788442,average,0.6137583852,0.5413125800,
O1/1008/4,,videos/sample_004031_O1__1008__4.pt,ok,0.6139796376,0.6314343214,0.5411928265,0.5318284408,average,0.6139796376,0.5411928265,
O1/1009/1,,videos/sample_004032_O1__1009__1.pt,ok,0.5679538846,0.5907749534,0.5666837536,0.5538978733,average,0.5679538846,0.5666837536,
O1/1009/2,,videos/sample_004033_O1__1009__2.pt,ok,0.5666502714,0.5883060694,0.5674229718,0.5552670724,average,0.5666502714,0.5674229718,
O1/1009/3,,videos/sample_004034_O1__1009__3.pt,ok,0.5666772127,0.5879783034,0.5674076849,0.5554490999,average,0.5666772127,0.5674076849,
O1/1009/4,,videos/sample_004035_O1__1009__4.pt,ok,0.5680517554,0.5922783017,0.5666282945,0.5530657975,average,0.5680517554,0.5666282945,
O1/1010/1,,videos/sample_004036_O1__1010__1.pt,ok,0.6207872033,0.6342251897,0.5375211326,0.5303462469,average,0.6207872033,0.5375211326,
O1/1010/2,,videos/sample_004037_O1__1010__2.pt,ok,0.6219928861,0.6351080537,0.5368734432,0.5298782299,average,0.6219928861,0.5368734432,
O1/1010/3,,videos/sample_004038_O1__1010__3.pt,ok,0.6214436293,0.6352901459,0.5371684055,0.5297817520,average,0.6214436293,0.5371684055,
O1/1010/4,,videos/sample_004039_O1__1010__4.pt,ok,0.6199231744,0.6356356740,0.5379857671,0.5295987292,average,0.6199231744,0.5379857671,
O1/1011/1,,videos/sample_004040_O1__1011__1.pt,ok,0.5390139818,0.5599117279,0.5833231361,0.5712594879,average,0.5390139818,0.5833231361,
O1/1011/2,,videos/sample_004041_O1__1011__2.pt,ok,0.5409150720,0.5684553385,0.5822152397,0.5663996591,average,0.5409150720,0.5822152397,
O1/1011/3,,videos/sample_004042_O1__1011__3.pt,ok,0.5365861654,0.5645766258,0.5847410581,0.5686008267,average,0.5365861654,0.5847410581,
O1/1011/4,,videos/sample_004043_O1__1011__4.pt,ok,0.5346025229,0.5556975007,0.5859021266,0.5736719850,average,0.5346025229,0.5859021266,
O1/1012/1,,videos/sample_004044_O1__1012__1.pt,ok,0.5816174746,0.6014714837,0.5589934772,0.5480046626,average,0.5816174746,0.5589934772,
O1/1012/2,,videos/sample_004045_O1__1012__2.pt,ok,0.5823177695,0.5999011993,0.5586021539,0.5488658617,average,0.5823177695,0.5586021539,
O1/1012/3,,videos/sample_004046_O1__1012__3.pt,ok,0.5802268386,0.5995097160,0.5597713744,0.5490807756,average,0.5802268386,0.5597713744,
O1/1012/4,,videos/sample_004047_O1__1012__4.pt,ok,0.5783632994,0.5961792469,0.5608155029,0.5509125208,average,0.5783632994,0.5608155029,
O1/1013/1,,videos/sample_004048_O1__1013__1.pt,ok,0.5789073110,0.6033197641,0.5605104957,0.5469927317,average,0.5789073110,0.5605104957,
O1/1013/2,,videos/sample_004049_O1__1013__2.pt,ok,0.5742926598,0.5971977711,0.5631030334,0.5503516887,average,0.5742926598,0.5631030334,
O1/1013/3,,videos/sample_004050_O1__1013__3.pt,ok,0.5795258284,0.6034540534,0.5601639174,0.5469192814,average,0.5795258284,0.5601639174,
O1/1013/4,,videos/sample_004051_O1__1013__4.pt,ok,0.5696533918,0.5826489925,0.5657214884,0.5584171627,average,0.5696533918,0.5657214884,
O1/1014/1,,videos/sample_004052_O1__1014__1.pt,ok,0.5314586759,0.5543089509,0.5877470117,0.5744691104,average,0.5314586759,0.5877470117,
O1/1014/2,,videos/sample_004053_O1__1014__2.pt,ok,0.5503701568,0.5842607617,0.5767362880,0.5575178480,average,0.5503701568,0.5767362880,
O1/1014/3,,videos/sample_004054_O1__1014__3.pt,ok,0.5487018824,0.5841135383,0.5776992454,0.5575999338,average,0.5487018824,0.5776992454,
O1/1014/4,,videos/sample_004055_O1__1014__4.pt,ok,0.5363718867,0.5767235756,0.5848663691,0.5617358398,average,0.5363718867,0.5848663691,
O1/1015/1,,videos/sample_004056_O1__1015__1.pt,ok,0.5952202082,0.6128012538,0.5514411207,0.5418309352,average,0.5952202082,0.5514411207,
O1/1015/2,,videos/sample_004057_O1__1015__2.pt,ok,0.5950163603,0.6128012538,0.5515535422,0.5418309352,average,0.5950163603,0.5515535422,
O1/1015/3,,videos/sample_004058_O1__1015__3.pt,ok,0.5943362117,0.6120401621,0.5519288082,0.5422434752,average,0.5943362117,0.5519288082,
O1/1015/4,,videos/sample_004059_O1__1015__4.pt,ok,0.5959105492,0.6120401621,0.5510605696,0.5422434752,average,0.5959105492,0.5510605696,
O1/1016/1,,videos/sample_004060_O1__1016__1.pt,ok,0.5578250885,0.5942996144,0.5724527450,0.5519490076,average,0.5578250885,0.5724527450,
O1/1016/2,,videos/sample_004061_O1__1016__2.pt,ok,0.5511369109,0.5834676027,0.5762942426,0.5579602238,average,0.5511369109,0.5762942426,
O1/1016/3,,videos/sample_004062_O1__1016__3.pt,ok,0.5622618794,0.5949341655,0.5699185179,0.5515988789,average,0.5622618794,0.5699185179,
O1/1016/4,,videos/sample_004063_O1__1016__4.pt,ok,0.5602899194,0.5939313173,0.5710434833,0.5521523263,average,0.5602899194,0.5710434833,
O1/1017/1,,videos/sample_004064_O1__1017__1.pt,ok,0.6148426533,0.6296460032,0.5407259701,0.5327803701,average,0.6148426533,0.5407259701,
O1/1017/2,,videos/sample_004065_O1__1017__2.pt,ok,0.6172681451,0.6296970248,0.5394160329,0.5327531875,average,0.6172681451,0.5394160329,
O1/1017/3,,videos/sample_004066_O1__1017__3.pt,ok,0.6164044738,0.6292011142,0.5398821123,0.5330174510,average,0.6164044738,0.5398821123,
O1/1017/4,,videos/sample_004067_O1__1017__4.pt,ok,0.6164945960,0.6299695969,0.5398334591,0.5326079937,average,0.6164945960,0.5398334591,
O1/1018/1,,videos/sample_004068_O1__1018__1.pt,ok,0.6130428314,0.6440216303,0.5417000568,0.5251761072,average,0.6130428314,0.5417000568,
O1/1018/2,,videos/sample_004069_O1__1018__2.pt,ok,0.6154843569,0.6434646249,0.5403790956,0.5254687146,average,0.6154843569,0.5403790956,
O1/1018/3,,videos/sample_004070_O1__1018__3.pt,ok,0.6150217652,0.6440216303,0.5406291283,0.5251761072,average,0.6150217652,0.5406291283,
O1/1018/4,,videos/sample_004071_O1__1018__4.pt,ok,0.6155444980,0.6434646249,0.5403465976,0.5254687146,average,0.6155444980,0.5403465976,
O1/1019/1,,videos/sample_004072_O1__1019__1.pt,ok,0.5602117181,0.5827955604,0.5710881414,0.5583353227,average,0.5602117181,0.5710881414,
O1/1019/2,,videos/sample_004073_O1__1019__2.pt,ok,0.5635147095,0.5875278711,0.5692049539,0.5556993485,average,0.5635147095,0.5692049539,
O1/1019/3,,videos/sample_004074_O1__1019__3.pt,ok,0.5620190501,0.5868128538,0.5700569276,0.5560968252,average,0.5620190501,0.5700569276,
O1/1019/4,,videos/sample_004075_O1__1019__4.pt,ok,0.5616575480,0.5837875009,0.5702630417,0.5577817619,average,0.5616575480,0.5702630417,
O1/1020/1,,videos/sample_004076_O1__1020__1.pt,ok,0.5770194530,0.5992187858,0.5615696594,0.5492405431,average,0.5770194530,0.5615696594,
O1/1020/2,,videos/sample_004077_O1__1020__2.pt,ok,0.5765647888,0.6039435863,0.5618250431,0.5466516119,average,0.5765647888,0.5618250431,
O1/1020/3,,videos/sample_004078_O1__1020__3.pt,ok,0.5687498450,0.5805600286,0.5662328752,0.5595848953,average,0.5687498450,0.5662328752,
O1/1020/4,,videos/sample_004079_O1__1020__4.pt,ok,0.5776361823,0.6005213857,0.5612234297,0.5485255682,average,0.5776361823,0.5612234297,
O1/1021/1,,videos/sample_004080_O1__1021__1.pt,ok,0.6243159771,0.6511917114,0.5356276848,0.5214240194,average,0.6243159771,0.5356276848,
O1/1021/2,,videos/sample_004081_O1__1021__2.pt,ok,0.6236669421,0.6519503593,0.5359754388,0.5210285922,average,0.6236669421,0.5359754388,
O1/1021/3,,videos/sample_004082_O1__1021__3.pt,ok,0.6231832504,0.6519503593,0.5362347484,0.5210285922,average,0.6231832504,0.5362347484,
O1/1021/4,,videos/sample_004083_O1__1021__4.pt,ok,0.6235682368,0.6511917114,0.5360283450,0.5214240194,average,0.6235682368,0.5360283450,
O1/1022/1,,videos/sample_004084_O1__1022__1.pt,ok,0.6319516897,0.6539287567,0.5315533608,0.5199988096,average,0.6319516897,0.5315533608,
O1/1022/2,,videos/sample_004085_O1__1022__2.pt,ok,0.6318116784,0.6535294056,0.5316277894,0.5202065131,average,0.6318116784,0.5316277894,
O1/1022/3,,videos/sample_004086_O1__1022__3.pt,ok,0.6321344376,0.6539287567,0.5314562294,0.5199988096,average,0.6321344376,0.5314562294,
O1/1022/4,,videos/sample_004087_O1__1022__4.pt,ok,0.6315152049,0.6535294056,0.5317854264,0.5202065131,average,0.6315152049,0.5317854264,
O1/1023/1,,videos/sample_004088_O1__1023__1.pt,ok,0.5642940998,0.5902556181,0.5687614939,0.5541856068,average,0.5642940998,0.5687614939,
O1/1023/2,,videos/sample_004089_O1__1023__2.pt,ok,0.5623434186,0.5862677693,0.5698720491,0.5564000276,average,0.5623434186,0.5698720491,
O1/1023/3,,videos/sample_004090_O1__1023__3.pt,ok,0.5623385906,0.5857899785,0.5698748004,0.5566659339,average,0.5623385906,0.5698748004,
O1/1023/4,,videos/sample_004091_O1__1023__4.pt,ok,0.5644893050,0.5909606218,0.5686504796,0.5537950415,average,0.5644893050,0.5686504796,
O1/1024/1,,videos/sample_004092_O1__1024__1.pt,ok,0.5903869867,0.6202048063,0.5541128089,0.5378342745,average,0.5903869867,0.5541128089,
O1/1024/2,,videos/sample_004093_O1__1024__2.pt,ok,0.5918434858,0.6169860959,0.5533063316,0.5395681962,average,0.5918434858,0.5533063316,
O1/1024/3,,videos/sample_004094_O1__1024__3.pt,ok,0.5896269679,0.6117020845,0.5545341052,0.5424268266,average,0.5896269679,0.5545341052,
O1/1024/4,,videos/sample_004095_O1__1024__4.pt,ok,0.5842589140,0.6086047888,0.5575188782,0.5441094874,average,0.5842589140,0.5575188782,
O1/1025/1,,videos/sample_004096_O1__1025__1.pt,ok,0.5367202759,0.5554437041,0.5846626435,0.5738175995,average,0.5367202759,0.5846626435,
O1/1025/2,,videos/sample_004097_O1__1025__2.pt,ok,0.5335487723,0.5534318686,0.5865198466,0.5749731882,average,0.5335487723,0.5865198466,
O1/1025/3,,videos/sample_004098_O1__1025__3.pt,ok,0.5407790542,0.5800880790,0.5822944367,0.5598490535,average,0.5407790542,0.5822944367,
O1/1025/4,,videos/sample_004099_O1__1025__4.pt,ok,0.5406800508,0.5760291815,0.5823520887,0.5621260413,average,0.5406800508,0.5823520887,
O1/1026/1,,videos/sample_004100_O1__1026__1.pt,ok,0.5711295605,0.5991654992,0.5648870042,0.5492698110,average,0.5711295605,0.5648870042,
O1/1026/2,,videos/sample_004101_O1__1026__2.pt,ok,0.5668067336,0.5941254497,0.5673341985,0.5520451461,average,0.5668067336,0.5673341985,
O1/1026/3,,videos/sample_004102_O1__1026__3.pt,ok,0.5687673688,0.6013469100,0.5662229528,0.5480729338,average,0.5687673688,0.5662229528,
O1/1026/4,,videos/sample_004103_O1__1026__4.pt,ok,0.5711741447,0.6028628945,0.5648618196,0.5472426932,average,0.5711741447,0.5648618196,
O1/1027/1,,videos/sample_004104_O1__1027__1.pt,ok,0.5524652600,0.5902932286,0.5755292308,0.5541647639,average,0.5524652600,0.5755292308,
O1/1027/2,,videos/sample_004105_O1__1027__2.pt,ok,0.5605570078,0.6054901481,0.5708909845,0.5458068349,average,0.5605570078,0.5708909845,
O1/1027/3,,videos/sample_004106_O1__1027__3.pt,ok,0.5590497851,0.5981201530,0.5717520931,0.5498442883,average,0.5590497851,0.5717520931,
O1/1027/4,,videos/sample_004107_O1__1027__4.pt,ok,0.5604153872,0.6000731587,0.5709718402,0.5487714872,average,0.5604153872,0.5709718402,
O1/1028/1,,videos/sample_004108_O1__1028__1.pt,ok,0.6289722323,0.6372336149,0.5331394630,0.5287531375,average,0.6289722323,0.5331394630,
O1/1028/2,,videos/sample_004109_O1__1028__2.pt,ok,0.6280800104,0.6380547881,0.5336153540,0.5283191178,average,0.6280800104,0.5336153540,
O1/1028/3,,videos/sample_004110_O1__1028__3.pt,ok,0.6292845607,0.6385897398,0.5329729745,0.5280365682,average,0.6292845607,0.5329729745,
O1/1028/4,,videos/sample_004111_O1__1028__4.pt,ok,0.6283289194,0.6360088587,0.5334825489,0.5294011279,average,0.6283289194,0.5334825489,
O1/1029/1,,videos/sample_004112_O1__1029__1.pt,ok,0.5722227097,0.5914269686,0.5642698358,0.5535368412,average,0.5722227097,0.5642698358,
O1/1029/2,,videos/sample_004113_O1__1029__2.pt,ok,0.5713936090,0.5847269297,0.5647378662,0.5572580117,average,0.5713936090,0.5647378662,
O1/1029/3,,videos/sample_004114_O1__1029__3.pt,ok,0.5690635443,0.5881413221,0.5660552763,0.5553585587,average,0.5690635443,0.5660552763,
O1/1029/4,,videos/sample_004115_O1__1029__4.pt,ok,0.5684530735,0.5806785822,0.5664009420,0.5595185584,average,0.5684530735,0.5664009420,
O1/1030/1,,videos/sample_004116_O1__1030__1.pt,ok,0.5692141652,0.5981836319,0.5659700229,0.5498093859,average,0.5692141652,0.5659700229,
O1/1030/2,,videos/sample_004117_O1__1030__2.pt,ok,0.5689526796,0.6063657999,0.5661180353,0.5453291073,average,0.5689526796,0.5661180353,
O1/1030/3,,videos/sample_004118_O1__1030__3.pt,ok,0.5595033765,0.5898153782,0.5714928102,0.5544296351,average,0.5595033765,0.5714928102,
O1/1030/4,,videos/sample_004119_O1__1030__4.pt,ok,0.5687856078,0.5993531942,0.5662126255,0.5491667254,average,0.5687856078,0.5662126255,
O1/1031/1,,videos/sample_004120_O1__1031__1.pt,ok,0.6133990884,0.6308531165,0.5415071068,0.5321376319,average,0.6133990884,0.5415071068,
O1/1031/2,,videos/sample_004121_O1__1031__2.pt,ok,0.6117447615,0.6288947463,0.5424036780,0.5331807755,average,0.6117447615,0.5424036780,
O1/1031/3,,videos/sample_004122_O1__1031__3.pt,ok,0.6112334728,0.6291121840,0.5426810737,0.5330648545,average,0.6112334728,0.5426810737,
O1/1031/4,,videos/sample_004123_O1__1031__4.pt,ok,0.6132228971,0.6306299567,0.5416025240,0.5322563969,average,0.6132228971,0.5416025240,
O1/1032/1,,videos/sample_004124_O1__1032__1.pt,ok,0.6100273132,0.6242514849,0.5433360286,0.5356622298,average,0.6100273132,0.5433360286,
O1/1032/2,,videos/sample_004125_O1__1032__2.pt,ok,0.6128637195,0.6249388456,0.5417970905,0.5352941631,average,0.6128637195,0.5417970905,
O1/1032/3,,videos/sample_004126_O1__1032__3.pt,ok,0.6122372150,0.6247404814,0.5421366351,0.5354003569,average,0.6122372150,0.5421366351,
O1/1032/4,,videos/sample_004127_O1__1032__4.pt,ok,0.6115400195,0.6242615581,0.5425147421,0.5356568340,average,0.6115400195,0.5425147421,
O1/1033/1,,videos/sample_004128_O1__1033__1.pt,ok,0.6138288379,0.6307268143,0.5412744444,0.5322048463,average,0.6138288379,0.5412744444,
O1/1033/2,,videos/sample_004129_O1__1033__2.pt,ok,0.6116918325,0.6268326640,0.5424323876,0.5342813725,average,0.6116918325,0.5424323876,
O1/1033/3,,videos/sample_004130_O1__1033__3.pt,ok,0.6122551560,0.6281482577,0.5421269087,0.5335789374,average,0.6122551560,0.5421269087,
O1/1033/4,,videos/sample_004131_O1__1033__4.pt,ok,0.6132372618,0.6268326640,0.5415947441,0.5342813725,average,0.6132372618,0.5415947441,
O1/1034/1,,videos/sample_004132_O1__1034__1.pt,ok,0.5411861539,0.5813616514,0.5820574331,0.5591364990,average,0.5411861539,0.5820574331,
O1/1034/2,,videos/sample_004133_O1__1034__2.pt,ok,0.5456053019,0.5787804723,0.5794909102,0.5605815947,average,0.5456053019,0.5794909102,
O1/1034/3,,videos/sample_004134_O1__1034__3.pt,ok,0.5347688794,0.5549128652,0.5858046660,0.5741222851,average,0.5347688794,0.5858046660,
O1/1034/4,,videos/sample_004135_O1__1034__4.pt,ok,0.5471457243,0.5830499530,0.5785989366,0.5581933044,average,0.5471457243,0.5785989366,
O1/1035/1,,videos/sample_004136_O1__1035__1.pt,ok,0.6121774316,0.6420700550,0.5421690469,0.5262020287,average,0.6121774316,0.5421690469,
O1/1035/2,,videos/sample_004137_O1__1035__2.pt,ok,0.6141169667,0.6420700550,0.5411185101,0.5262020287,average,0.6141169667,0.5411185101,
O1/1035/3,,videos/sample_004138_O1__1035__3.pt,ok,0.6143320203,0.6422576904,0.5410021531,0.5261033038,average,0.6143320203,0.5410021531,
O1/1035/4,,videos/sample_004139_O1__1035__4.pt,ok,0.6139821410,0.6422576904,0.5411914717,0.5261033038,average,0.6139821410,0.5411914717,
O1/1036/1,,videos/sample_004140_O1__1036__1.pt,ok,0.6168184280,0.6453714967,0.5396586721,0.5244676679,average,0.6168184280,0.5396586721,
O1/1036/2,,videos/sample_004141_O1__1036__2.pt,ok,0.6173655391,0.6453714967,0.5393634996,0.5244676679,average,0.6173655391,0.5393634996,
O1/1036/3,,videos/sample_004142_O1__1036__3.pt,ok,0.6147599220,0.6455771327,0.5407707069,0.5243598296,average,0.6147599220,0.5407707069,
O1/1036/4,,videos/sample_004143_O1__1036__4.pt,ok,0.6174737215,0.6455771327,0.5393051531,0.5243598296,average,0.6174737215,0.5393051531,
O1/1037/1,,videos/sample_004144_O1__1037__1.pt,ok,0.5860098600,0.6086177826,0.5565435468,0.5441024174,average,0.5860098600,0.5565435468,
O1/1037/2,,videos/sample_004145_O1__1037__2.pt,ok,0.5869372487,0.6119064093,0.5560276539,0.5423160067,average,0.5869372487,0.5560276539,
O1/1037/3,,videos/sample_004146_O1__1037__3.pt,ok,0.5867369771,0.6097798944,0.5561390216,0.5434704768,average,0.5867369771,0.5561390216,
O1/1037/4,,videos/sample_004147_O1__1037__4.pt,ok,0.5855557323,0.6069404483,0.5567963461,0.5450158249,average,0.5855557323,0.5567963461,
O1/1038/1,,videos/sample_004148_O1__1038__1.pt,ok,0.5330691338,0.5526975989,0.5868012317,0.5753955285,average,0.5330691338,0.5868012317,
O1/1038/2,,videos/sample_004149_O1__1038__2.pt,ok,0.5368757844,0.5693259835,0.5845717305,0.5659067407,average,0.5368757844,0.5845717305,
O1/1038/3,,videos/sample_004150_O1__1038__3.pt,ok,0.5351765156,0.5538153648,0.5855659195,0.5747527304,average,0.5351765156,0.5855659195,
O1/1038/4,,videos/sample_004151_O1__1038__4.pt,ok,0.5392186046,0.5715498924,0.5832037872,0.5646496140,average,0.5392186046,0.5832037872,
O1/1039/1,,videos/sample_004152_O1__1039__1.pt,ok,0.5494143963,0.5763837099,0.5772877733,0.5619267869,average,0.5494143963,0.5772877733,
O1/1039/2,,videos/sample_004153_O1__1039__2.pt,ok,0.5483730435,0.5671058297,0.5778892466,0.5671645364,average,0.5483730435,0.5778892466,
O1/1039/3,,videos/sample_004154_O1__1039__3.pt,ok,0.5526408553,0.5800320506,0.5754281795,0.5598804218,average,0.5526408553,0.5754281795,
O1/1039/4,,videos/sample_004155_O1__1039__4.pt,ok,0.5514016747,0.5700787306,0.5761416809,0.5654809163,average,0.5514016747,0.5761416809,
O1/1040/1,,videos/sample_004156_O1__1040__1.pt,ok,0.5773350596,0.6048978567,0.5613924523,0.5461302073,average,0.5773350596,0.5613924523,
O1/1040/2,,videos/sample_004157_O1__1040__2.pt,ok,0.5708498955,0.6007617712,0.5650450054,0.5483937264,average,0.5708498955,0.5650450054,
O1/1040/3,,videos/sample_004158_O1__1040__3.pt,ok,0.5746791363,0.6046295166,0.5628854494,0.5462767756,average,0.5746791363,0.5628854494,
O1/1040/4,,videos/sample_004159_O1__1040__4.pt,ok,0.5787036419,0.6059856415,0.5606246660,0.5455364582,average,0.5787036419,0.5606246660,
O1/1041/1,,videos/sample_004160_O1__1041__1.pt,ok,0.5576891899,0.5921030641,0.5725305458,0.5531627239,average,0.5576891899,0.5725305458,
O1/1041/2,,videos/sample_004161_O1__1041__2.pt,ok,0.5411579013,0.5591147542,0.5820738779,0.5717149482,average,0.5411579013,0.5820738779,
O1/1041/3,,videos/sample_004162_O1__1041__3.pt,ok,0.5575086474,0.6089176536,0.5726339212,0.5439392813,average,0.5575086474,0.5726339212,
O1/1041/4,,videos/sample_004163_O1__1041__4.pt,ok,0.5594324470,0.5944034457,0.5715333473,0.5518917010,average,0.5594324470,0.5715333473,
O1/1042/1,,videos/sample_004164_O1__1042__1.pt,ok,0.5631544590,0.5882879496,0.5694100472,0.5552771339,average,0.5631544590,0.5694100472,
O1/1042/2,,videos/sample_004165_O1__1042__2.pt,ok,0.5624552369,0.5883287787,0.5698083305,0.5552544628,average,0.5624552369,0.5698083305,
O1/1042/3,,videos/sample_004166_O1__1042__3.pt,ok,0.5614973903,0.5852208734,0.5703543810,0.5569828256,average,0.5614973903,0.5703543810,
O1/1042/4,,videos/sample_004167_O1__1042__4.pt,ok,0.5635674000,0.5914511085,0.5691749630,0.5535234791,average,0.5635674000,0.5691749630,
O1/1043/1,,videos/sample_004168_O1__1043__1.pt,ok,0.5389070511,0.5720981956,0.5833855146,0.5643400997,average,0.5389070511,0.5833855146,
O1/1043/2,,videos/sample_004169_O1__1043__2.pt,ok,0.5340636969,0.5523014069,0.5862179109,0.5756235409,average,0.5340636969,0.5862179109,
O1/1043/3,,videos/sample_004170_O1__1043__3.pt,ok,0.5334728956,0.5524471998,0.5865643515,0.5755396251,average,0.5334728956,0.5865643515,
O1/1043/4,,videos/sample_004171_O1__1043__4.pt,ok,0.5379264355,0.5680969954,0.5839578722,0.5666026609,average,0.5379264355,0.5839578722,
O1/1044/1,,videos/sample_004172_O1__1044__1.pt,ok,0.5664853454,0.5930319428,0.5675165623,0.5526491414,average,0.5664853454,0.5675165623,
O1/1044/2,,videos/sample_004173_O1__1044__2.pt,ok,0.5674830079,0.5953482389,0.5669506546,0.5513705237,average,0.5674830079,0.5669506546,
O1/1044/3,,videos/sample_004174_O1__1044__3.pt,ok,0.5604969859,0.5862594843,0.5709252515,0.5564046374,average,0.5604969859,0.5709252515,
O1/1044/4,,videos/sample_004175_O1__1044__4.pt,ok,0.5694793463,0.5987462997,0.5658199583,0.5495001129,average,0.5694793463,0.5658199583,
O1/1045/1,,videos/sample_004176_O1__1045__1.pt,ok,0.5627015233,0.6040890217,0.5696680118,0.5465721153,average,0.5627015233,0.5696680118,
O1/1045/2,,videos/sample_004177_O1__1045__2.pt,ok,0.5625622272,0.5941448808,0.5697473698,0.5520344193,average,0.5625622272,0.5697473698,
O1/1045/3,,videos/sample_004178_O1__1045__3.pt,ok,0.5531268120,0.5857520103,0.5751486143,0.5566870699,average,0.5531268120,0.5751486143,
O1/1045/4,,videos/sample_004179_O1__1045__4.pt,ok,0.5596791506,0.5930585861,0.5713923653,0.5526344172,average,0.5596791506,0.5713923653,
O1/1046/1,,videos/sample_004180_O1__1046__1.pt,ok,0.6165961623,0.6288070083,0.5397786330,0.5332275578,average,0.6165961623,0.5397786330,
O1/1046/2,,videos/sample_004181_O1__1046__2.pt,ok,0.6156408191,0.6291483045,0.5402945533,0.5330456003,average,0.6156408191,0.5402945533,
O1/1046/3,,videos/sample_004182_O1__1046__3.pt,ok,0.6169065237,0.6287798882,0.5396111326,0.5332420192,average,0.6169065237,0.5396111326,
O1/1046/4,,videos/sample_004183_O1__1046__4.pt,ok,0.6156321168,0.6290891767,0.5402992551,0.5330771190,average,0.6156321168,0.5402992551,
O1/1047/1,,videos/sample_004184_O1__1047__1.pt,ok,0.5352674723,0.5543173552,0.5855126608,0.5744642825,average,0.5352674723,0.5855126608,
O1/1047/2,,videos/sample_004185_O1__1047__2.pt,ok,0.5484611392,0.5941736102,0.5778383393,0.5520185599,average,0.5484611392,0.5778383393,
O1/1047/3,,videos/sample_004186_O1__1047__3.pt,ok,0.5471350551,0.5828827620,0.5786051099,0.5582866371,average,0.5471350551,0.5786051099,
O1/1047/4,,videos/sample_004187_O1__1047__4.pt,ok,0.5486058593,0.5822932124,0.5777547206,0.5586158718,average,0.5486058593,0.5777547206,
O1/1048/1,,videos/sample_004188_O1__1048__1.pt,ok,0.6180321574,0.6310871243,0.5390040698,0.5320131221,average,0.6180321574,0.5390040698,
O1/1048/2,,videos/sample_004189_O1__1048__2.pt,ok,0.6164117455,0.6296234727,0.5398781864,0.5327923741,average,0.6164117455,0.5398781864,
O1/1048/3,,videos/sample_004190_O1__1048__3.pt,ok,0.6170271039,0.6304224133,0.5395460701,0.5323668746,average,0.6170271039,0.5395460701,
O1/1048/4,,videos/sample_004191_O1__1048__4.pt,ok,0.6176951528,0.6308462024,0.5391857473,0.5321413112,average,0.6176951528,0.5391857473,
O1/1049/1,,videos/sample_004192_O1__1049__1.pt,ok,0.5560791492,0.5901416540,0.5734530857,0.5542487676,average,0.5560791492,0.5734530857,
O1/1049/2,,videos/sample_004193_O1__1049__2.pt,ok,0.5500112772,0.5829693675,0.5769433040,0.5582382885,average,0.5500112772,0.5769433040,
O1/1049/3,,videos/sample_004194_O1__1049__3.pt,ok,0.5548664331,0.5889273882,0.5741489433,0.5549221817,average,0.5548664331,0.5741489433,
O1/1049/4,,videos/sample_004195_O1__1049__4.pt,ok,0.5575159192,0.5941484571,0.5726297571,0.5520324451,average,0.5575159192,0.5726297571,
O1/1050/1,,videos/sample_004196_O1__1050__1.pt,ok,0.5842334032,0.6059983373,0.5575331011,0.5455295322,average,0.5842334032,0.5575331011,
O1/1050/2,,videos/sample_004197_O1__1050__2.pt,ok,0.5845609903,0.6083350182,0.5573504904,0.5442562920,average,0.5845609903,0.5573504904,
O1/1050/3,,videos/sample_004198_O1__1050__3.pt,ok,0.5848612785,0.6093562245,0.5571831497,0.5437007777,average,0.5848612785,0.5571831497,
O1/1050/4,,videos/sample_004199_O1__1050__4.pt,ok,0.5832238793,0.6053473949,0.5580962283,0.5458847561,average,0.5832238793,0.5580962283,
O1/1051/1,,videos/sample_004200_O1__1051__1.pt,ok,0.5514644980,0.5836787820,0.5761054869,0.5578424066,average,0.5514644980,0.5761054869,
O1/1051/2,,videos/sample_004201_O1__1051__2.pt,ok,0.5471255183,0.5886199474,0.5786106279,0.5550928136,average,0.5471255183,0.5786106279,
O1/1051/3,,videos/sample_004202_O1__1051__3.pt,ok,0.5518202186,0.5863753557,0.5759005908,0.5563401697,average,0.5518202186,0.5759005908,
O1/1051/4,,videos/sample_004203_O1__1051__4.pt,ok,0.5433982611,0.5779908895,0.5807712827,0.5610243950,average,0.5433982611,0.5807712827,
O1/1052/1,,videos/sample_004204_O1__1052__1.pt,ok,0.5782696605,0.6092306972,0.5608680195,0.5437690313,average,0.5782696605,0.5608680195,
O1/1052/2,,videos/sample_004205_O1__1052__2.pt,ok,0.5687498450,0.5805600286,0.5662328752,0.5595848953,average,0.5687498450,0.5662328752,
O1/1052/3,,videos/sample_004206_O1__1052__3.pt,ok,0.5806667805,0.6046502590,0.5595251617,0.5462654446,average,0.5806667805,0.5595251617,
O1/1052/4,,videos/sample_004207_O1__1052__4.pt,ok,0.5813922882,0.6055628061,0.5591193691,0.5457671791,average,0.5813922882,0.5591193691,
O1/1053/1,,videos/sample_004208_O1__1053__1.pt,ok,0.6370019913,0.6599255204,0.5288756234,0.5168898308,average,0.6370019913,0.5288756234,
O1/1053/2,,videos/sample_004209_O1__1053__2.pt,ok,0.6361767650,0.6600080132,0.5293122456,0.5168471929,average,0.6361767650,0.5293122456,
O1/1053/3,,videos/sample_004210_O1__1053__3.pt,ok,0.6355051994,0.6599255204,0.5296678328,0.5168898308,average,0.6355051994,0.5296678328,
O1/1053/4,,videos/sample_004211_O1__1053__4.pt,ok,0.6365050077,0.6600080132,0.5291385312,0.5168471929,average,0.6365050077,0.5291385312,
O1/1054/1,,videos/sample_004212_O1__1054__1.pt,ok,0.5484269857,0.5842778087,0.5778580748,0.5575083442,average,0.5484269857,0.5778580748,
O1/1054/2,,videos/sample_004213_O1__1054__2.pt,ok,0.5469569564,0.5947799087,0.5787081678,0.5516839734,average,0.5469569564,0.5787081678,
O1/1054/3,,videos/sample_004214_O1__1054__3.pt,ok,0.5489012599,0.5853930116,0.5775840767,0.5568869558,average,0.5489012599,0.5775840767,
O1/1054/4,,videos/sample_004215_O1__1054__4.pt,ok,0.5318375230,0.5555381775,0.5875243876,0.5737633915,average,0.5318375230,0.5875243876,
O1/1055/1,,videos/sample_004216_O1__1055__1.pt,ok,0.5357406735,0.5559039712,0.5852356610,0.5735535509,average,0.5357406735,0.5852356610,
O1/1055/2,,videos/sample_004217_O1__1055__2.pt,ok,0.5395337939,0.5700255036,0.5830199965,0.5655110159,average,0.5395337939,0.5830199965,
O1/1055/3,,videos/sample_004218_O1__1055__3.pt,ok,0.5399906635,0.5738275051,0.5827536932,0.5633650243,average,0.5399906635,0.5827536932,
O1/1055/4,,videos/sample_004219_O1__1055__4.pt,ok,0.5359442234,0.5545675159,0.5851165485,0.5743205920,average,0.5359442234,0.5851165485,
O1/1056/1,,videos/sample_004220_O1__1056__1.pt,ok,0.5567415953,0.5900472999,0.5730733298,0.5543010658,average,0.5567415953,0.5730733298,
O1/1056/2,,videos/sample_004221_O1__1056__2.pt,ok,0.5577046275,0.5900472999,0.5725217073,0.5543010658,average,0.5577046275,0.5725217073,
O1/1056/3,,videos/sample_004222_O1__1056__3.pt,ok,0.5526559949,0.5848714709,0.5754194678,0.5571774707,average,0.5526559949,0.5754194678,
O1/1056/4,,videos/sample_004223_O1__1056__4.pt,ok,0.5559271574,0.5877746940,0.5735402525,0.5555622061,average,0.5559271574,0.5735402525,
O1/1057/1,,videos/sample_004224_O1__1057__1.pt,ok,0.5334988236,0.5538083911,0.5865491433,0.5747567385,average,0.5334988236,0.5865491433,
O1/1057/2,,videos/sample_004225_O1__1057__2.pt,ok,0.5325178504,0.5526075363,0.5871248146,0.5754473525,average,0.5325178504,0.5871248146,
O1/1057/3,,videos/sample_004226_O1__1057__3.pt,ok,0.5353314877,0.5675788522,0.5854751802,0.5668963183,average,0.5353314877,0.5854751802,
O1/1057/4,,videos/sample_004227_O1__1057__4.pt,ok,0.5345547199,0.5696143508,0.5859301351,0.5657435752,average,0.5345547199,0.5859301351,
O1/1058/1,,videos/sample_004228_O1__1058__1.pt,ok,0.5565026402,0.5731426477,0.5732102849,0.5637509812,average,0.5565026402,0.5732102849,
O1/1058/2,,videos/sample_004229_O1__1058__2.pt,ok,0.5544826984,0.5869514942,0.5743693065,0.5560197331,average,0.5544826984,0.5743693065,
O1/1058/3,,videos/sample_004230_O1__1058__3.pt,ok,0.5445891619,0.5622897148,0.5800800534,0.5699026542,average,0.5445891619,0.5800800534,
O1/1058/4,,videos/sample_004231_O1__1058__4.pt,ok,0.5580117106,0.5920057297,0.5723459226,0.5532165683,average,0.5580117106,0.5723459226,
O1/1059/1,,videos/sample_004232_O1__1059__1.pt,ok,0.6201527119,0.6303158402,0.5378622934,0.5324236136,average,0.6201527119,0.5378622934,
O1/1059/2,,videos/sample_004233_O1__1059__2.pt,ok,0.6211332679,0.6312761903,0.5373351478,0.5319125460,average,0.6211332679,0.5373351478,
O1/1059/3,,videos/sample_004234_O1__1059__3.pt,ok,0.6202875376,0.6302331090,0.5377897806,0.5324676635,average,0.6202875376,0.5377897806,
O1/1059/4,,videos/sample_004235_O1__1059__4.pt,ok,0.6211568117,0.6325949430,0.5373224970,0.5312115472,average,0.6211568117,0.5373224970,
O1/1060/1,,videos/sample_004236_O1__1060__1.pt,ok,0.6229140759,0.6508499384,0.5363791086,0.5216022585,average,0.6229140759,0.5363791086,
O1/1060/2,,videos/sample_004237_O1__1060__2.pt,ok,0.6215157509,0.6508967876,0.5371296655,0.5215778224,average,0.6215157509,0.5371296655,
O1/1060/3,,videos/sample_004238_O1__1060__3.pt,ok,0.6231248975,0.6508499384,0.5362660402,0.5216022585,average,0.6231248975,0.5362660402,
O1/1060/4,,videos/sample_004239_O1__1060__4.pt,ok,0.6228407621,0.6508967876,0.5364184339,0.5215778224,average,0.6228407621,0.5364184339,
O1/1061/1,,videos/sample_004240_O1__1061__1.pt,ok,0.5620436072,0.5847567320,0.5700429288,0.5572414043,average,0.5620436072,0.5700429288,
O1/1061/2,,videos/sample_004241_O1__1061__2.pt,ok,0.5628707409,0.5884830952,0.5695716221,0.5551687845,average,0.5628707409,0.5695716221,
O1/1061/3,,videos/sample_004242_O1__1061__3.pt,ok,0.5633554459,0.5873372555,0.5692956148,0.5558052836,average,0.5633554459,0.5692956148,
O1/1061/4,,videos/sample_004243_O1__1061__4.pt,ok,0.5612621307,0.5841404796,0.5704885781,0.5575849115,average,0.5612621307,0.5704885781,
O1/1062/1,,videos/sample_004244_O1__1062__1.pt,ok,0.5804992318,0.6014574170,0.5596189172,0.5480123713,average,0.5804992318,0.5596189172,
O1/1062/2,,videos/sample_004245_O1__1062__2.pt,ok,0.5780912638,0.6014574170,0.5609680854,0.5480123713,average,0.5780912638,0.5609680854,
O1/1062/3,,videos/sample_004246_O1__1062__3.pt,ok,0.5858594179,0.6103476882,0.5566272807,0.5431619852,average,0.5858594179,0.5566272807,
O1/1062/4,,videos/sample_004247_O1__1062__4.pt,ok,0.5865700841,0.6103476882,0.5562318451,0.5431619852,average,0.5865700841,0.5562318451,
O1/1063/1,,videos/sample_004248_O1__1063__1.pt,ok,0.5765599608,0.6095300317,0.5618277556,0.5436062868,average,0.5765599608,0.5618277556,
O1/1063/2,,videos/sample_004249_O1__1063__2.pt,ok,0.5756351352,0.6117097735,0.5623475886,0.5424226559,average,0.5756351352,0.5623475886,
O1/1063/3,,videos/sample_004250_O1__1063__3.pt,ok,0.5770484209,0.6104211807,0.5615533921,0.5431220683,average,0.5770484209,0.5615533921,
O1/1063/4,,videos/sample_004251_O1__1063__4.pt,ok,0.5711444616,0.6031938791,0.5648785868,0.5470615943,average,0.5711444616,0.5648785868,
O1/1064/1,,videos/sample_004252_O1__1064__1.pt,ok,0.5705603361,0.5906667709,0.5652086431,0.5539577986,average,0.5705603361,0.5652086431,
O1/1064/2,,videos/sample_004253_O1__1064__2.pt,ok,0.5720484257,0.5920201540,0.5643681875,0.5532085886,average,0.5720484257,0.5643681875,
O1/1064/3,,videos/sample_004254_O1__1064__3.pt,ok,0.5709248185,0.5908529162,0.5650026721,0.5538546916,average,0.5709248185,0.5650026721,
O1/1064/4,,videos/sample_004255_O1__1064__4.pt,ok,0.5722537041,0.5919057727,0.5642523468,0.5532718689,average,0.5722537041,0.5642523468,
O1/1065/1,,videos/sample_004256_O1__1065__1.pt,ok,0.5907505155,0.6076288223,0.5539114096,0.5446407792,average,0.5907505155,0.5539114096,
O1/1065/2,,videos/sample_004257_O1__1065__2.pt,ok,0.5922566056,0.6111097932,0.5530777970,0.5427481965,average,0.5922566056,0.5530777970,
O1/1065/3,,videos/sample_004258_O1__1065__3.pt,ok,0.5911678076,0.6095992923,0.5536803150,0.5435686376,average,0.5911678076,0.5536803150,
O1/1065/4,,videos/sample_004259_O1__1065__4.pt,ok,0.5919616818,0.6104975939,0.5532409368,0.5430805683,average,0.5919616818,0.5532409368,
O1/1066/1,,videos/sample_004260_O1__1066__1.pt,ok,0.5558594465,0.5765461922,0.5735790887,0.5618354912,average,0.5558594465,0.5735790887,
O1/1066/2,,videos/sample_004261_O1__1066__2.pt,ok,0.5575128794,0.5762764215,0.5726314978,0.5619870784,average,0.5575128794,0.5726314978,
O1/1066/3,,videos/sample_004262_O1__1066__3.pt,ok,0.5549737215,0.5725614429,0.5740873472,0.5640787312,average,0.5549737215,0.5740873472,
O1/1066/4,,videos/sample_004263_O1__1066__4.pt,ok,0.5569766164,0.5737802982,0.5729386613,0.5633916197,average,0.5569766164,0.5729386613,
O1/1067/1,,videos/sample_004264_O1__1067__1.pt,ok,0.5646134019,0.5913396478,0.5685799162,0.5535851786,average,0.5646134019,0.5685799162,
O1/1067/2,,videos/sample_004265_O1__1067__2.pt,ok,0.5625635386,0.5868405700,0.5697466227,0.5560814126,average,0.5625635386,0.5697466227,
O1/1067/3,,videos/sample_004266_O1__1067__3.pt,ok,0.5628225803,0.5885379314,0.5695990536,0.5551383420,average,0.5628225803,0.5695990536,
O1/1067/4,,videos/sample_004267_O1__1067__4.pt,ok,0.5642469525,0.5928731561,0.5687883101,0.5527369017,average,0.5642469525,0.5687883101,
O1/1068/1,,videos/sample_004268_O1__1068__1.pt,ok,0.6127913594,0.6262074709,0.5418362963,0.5346155060,average,0.6127913594,0.5418362963,
O1/1068/2,,videos/sample_004269_O1__1068__2.pt,ok,0.6132373810,0.6254104972,0.5415946796,0.5350417503,average,0.6132373810,0.5415946796,
O1/1068/3,,videos/sample_004270_O1__1068__3.pt,ok,0.6119155288,0.6254104972,0.5423110611,0.5350417503,average,0.6119155288,0.5423110611,
O1/1068/4,,videos/sample_004271_O1__1068__4.pt,ok,0.6137522459,0.6262074709,0.5413159032,0.5346155060,average,0.6137522459,0.5413159032,
O1/1069/1,,videos/sample_004272_O1__1069__1.pt,ok,0.6296710372,0.6546486020,0.5327670327,0.5196246256,average,0.6296710372,0.5327670327,
O1/1069/2,,videos/sample_004273_O1__1069__2.pt,ok,0.6290398836,0.6546486020,0.5331033967,0.5196246256,average,0.6290398836,0.5331033967,
O1/1069/3,,videos/sample_004274_O1__1069__3.pt,ok,0.6303250194,0.6538606882,0.5324187265,0.5200342063,average,0.6303250194,0.5324187265,
O1/1069/4,,videos/sample_004275_O1__1069__4.pt,ok,0.6302534938,0.6538606882,0.5324568094,0.5200342063,average,0.6302534938,0.5324568094,
O1/1070/1,,videos/sample_004276_O1__1070__1.pt,ok,0.6206392646,0.6334390044,0.5376006587,0.5307633613,average,0.6206392646,0.5376006587,
O1/1070/2,,videos/sample_004277_O1__1070__2.pt,ok,0.6209489107,0.6341277361,0.5374342185,0.5303979336,average,0.6209489107,0.5374342185,
O1/1070/3,,videos/sample_004278_O1__1070__3.pt,ok,0.6191126704,0.6334390044,0.5384219834,0.5307633613,average,0.6191126704,0.5384219834,
O1/1070/4,,videos/sample_004279_O1__1070__4.pt,ok,0.6201196313,0.6341277361,0.5378800865,0.5303979336,average,0.6201196313,0.5378800865,
O1/1071/1,,videos/sample_004280_O1__1071__1.pt,ok,0.5631625652,0.5917501450,0.5694054315,0.5533579801,average,0.5631625652,0.5694054315,
O1/1071/2,,videos/sample_004281_O1__1071__2.pt,ok,0.5643632412,0.5933164358,0.5687221703,0.5524919390,average,0.5643632412,0.5687221703,
O1/1071/3,,videos/sample_004282_O1__1071__3.pt,ok,0.5562093258,0.5853362679,0.5733784404,0.5569185565,average,0.5562093258,0.5733784404,
O1/1071/4,,videos/sample_004283_O1__1071__4.pt,ok,0.5595968962,0.5933935642,0.5714393668,0.5524493278,average,0.5595968962,0.5714393668,
O1/1072/1,,videos/sample_004284_O1__1072__1.pt,ok,0.5631927252,0.6011136770,0.5693882585,0.5482007774,average,0.5631927252,0.5693882585,
O1/1072/2,,videos/sample_004285_O1__1072__2.pt,ok,0.5634958148,0.5948601365,0.5692157090,0.5516397147,average,0.5634958148,0.5692157090,
O1/1072/3,,videos/sample_004286_O1__1072__3.pt,ok,0.5556277633,0.5888038278,0.5737119928,0.5549907524,average,0.5556277633,0.5737119928,
O1/1072/4,,videos/sample_004287_O1__1072__4.pt,ok,0.5637398362,0.5959453583,0.5690768251,0.5510413880,average,0.5637398362,0.5690768251,
O1/1073/1,,videos/sample_004288_O1__1073__1.pt,ok,0.5662676692,0.5894148946,0.5676401106,0.5546517195,average,0.5662676692,0.5676401106,
O1/1073/2,,videos/sample_004289_O1__1073__2.pt,ok,0.5674324632,0.5911548734,0.5669793117,0.5536874764,average,0.5674324632,0.5669793117,
O1/1073/3,,videos/sample_004290_O1__1073__3.pt,ok,0.5655107498,0.5888106227,0.5680699310,0.5549869813,average,0.5655107498,0.5680699310,
O1/1073/4,,videos/sample_004291_O1__1073__4.pt,ok,0.5673358440,0.5923115015,0.5670340954,0.5530474361,average,0.5673358440,0.5670340954,
O1/1074/1,,videos/sample_004292_O1__1074__1.pt,ok,0.6212790608,0.6436878443,0.5372568138,0.5253514329,average,0.6212790608,0.5372568138,
O1/1074/2,,videos/sample_004293_O1__1074__2.pt,ok,0.6213217974,0.6436878443,0.5372338538,0.5253514329,average,0.6213217974,0.5372338538,
O1/1074/3,,videos/sample_004294_O1__1074__3.pt,ok,0.6179570556,0.6431499720,0.5390445515,0.5256340809,average,0.6179570556,0.5390445515,
O1/1074/4,,videos/sample_004295_O1__1074__4.pt,ok,0.6202428341,0.6431499720,0.5378138222,0.5256340809,average,0.6202428341,0.5378138222,
O1/1075/1,,videos/sample_004296_O1__1075__1.pt,ok,0.5491381288,0.5766076446,0.5774472812,0.5618009662,average,0.5491381288,0.5774472812,
O1/1075/2,,videos/sample_004297_O1__1075__2.pt,ok,0.5487855077,0.5656055212,0.5776509372,0.5680160968,average,0.5487855077,0.5776509372,
O1/1075/3,,videos/sample_004298_O1__1075__3.pt,ok,0.5448790789,0.5740384459,0.5799119027,0.5632462002,average,0.5448790789,0.5799119027,
O1/1075/4,,videos/sample_004299_O1__1075__4.pt,ok,0.5444648266,0.5614119172,0.5801521823,0.5704031330,average,0.5444648266,0.5801521823,
O1/1076/1,,videos/sample_004300_O1__1076__1.pt,ok,0.5602700114,0.5828188658,0.5710548517,0.5583223106,average,0.5602700114,0.5710548517,
O1/1076/2,,videos/sample_004301_O1__1076__2.pt,ok,0.5605278611,0.5827166438,0.5709076244,0.5583793863,average,0.5605278611,0.5709076244,
O1/1076/3,,videos/sample_004302_O1__1076__3.pt,ok,0.5596537590,0.5810153484,0.5714068741,0.5593301631,average,0.5596537590,0.5714068741,
O1/1076/4,,videos/sample_004303_O1__1076__4.pt,ok,0.5593638420,0.5813858509,0.5715725587,0.5591229683,average,0.5593638420,0.5715725587,
O1/1077/1,,videos/sample_004304_O1__1077__1.pt,ok,0.6166046858,0.6304509640,0.5397740323,0.5323516754,average,0.6166046858,0.5397740323,
O1/1077/2,,videos/sample_004305_O1__1077__2.pt,ok,0.6164477468,0.6310609579,0.5398587505,0.5320270432,average,0.6164477468,0.5398587505,
O1/1077/3,,videos/sample_004306_O1__1077__3.pt,ok,0.6151487231,0.6307065487,0.5405604955,0.5322156319,average,0.6151487231,0.5405604955,
O1/1077/4,,videos/sample_004307_O1__1077__4.pt,ok,0.6148624420,0.6309906840,0.5407152699,0.5320644321,average,0.6148624420,0.5407152699,
O1/1078/1,,videos/sample_004308_O1__1078__1.pt,ok,0.5448122621,0.5699853301,0.5799506519,0.5655337350,average,0.5448122621,0.5799506519,
O1/1078/2,,videos/sample_004309_O1__1078__2.pt,ok,0.5434690714,0.5673977137,0.5807301596,0.5669990143,average,0.5434690714,0.5807301596,
O1/1078/3,,videos/sample_004310_O1__1078__3.pt,ok,0.5414608121,0.5590715408,0.5818975882,0.5717396544,average,0.5414608121,0.5818975882,
O1/1078/4,,videos/sample_004311_O1__1078__4.pt,ok,0.5421798825,0.5592736602,0.5814793132,0.5716241064,average,0.5421798825,0.5814793132,
O1/1079/1,,videos/sample_004312_O1__1079__1.pt,ok,0.6199800372,0.6365329623,0.5379551766,0.5291237395,average,0.6199800372,0.5379551766,
O1/1079/2,,videos/sample_004313_O1__1079__2.pt,ok,0.6203178763,0.6354050040,0.5377734650,0.5297209058,average,0.6203178763,0.5377734650,
O1/1079/3,,videos/sample_004314_O1__1079__3.pt,ok,0.6187183857,0.6354101896,0.5386343169,0.5297181589,average,0.6187183857,0.5386343169,
O1/1079/4,,videos/sample_004315_O1__1079__4.pt,ok,0.6199489236,0.6343973875,0.5379719146,0.5302549303,average,0.6199489236,0.5379719146,
O1/1080/1,,videos/sample_004316_O1__1080__1.pt,ok,0.6378836632,0.6605629325,0.5284095341,0.5165604640,average,0.6378836632,0.5284095341,
O1/1080/2,,videos/sample_004317_O1__1080__2.pt,ok,0.6376019120,0.6610882878,0.5285584351,0.5162891574,average,0.6376019120,0.5285584351,
O1/1080/3,,videos/sample_004318_O1__1080__3.pt,ok,0.6372677684,0.6605629325,0.5287350790,0.5165604640,average,0.6372677684,0.5287350790,
O1/1080/4,,videos/sample_004319_O1__1080__4.pt,ok,0.6377372146,0.6610882878,0.5284869246,0.5162891574,average,0.6377372146,0.5284869246,
