sample_id,official_movie_path,relative_path,status,surprise_average,surprise_maximum,plausibility_average,plausibility_maximum,selected_aggregation,selected_surprise,selected_plausibility,error
O1/0001/1,,videos/sample_000000_O1__0001__1.pt,ok,0.5859618187,0.6097931266,0.5565702846,0.5434632856,average,0.5859618187,0.5565702846,
O1/0001/2,,videos/sample_000001_O1__0001__2.pt,ok,0.5863359571,0.6143658757,0.5563620892,0.5409838375,average,0.5863359571,0.5563620892,
O1/0001/3,,videos/sample_000002_O1__0001__3.pt,ok,0.5806419849,0.6031856537,0.5595390356,0.5470660941,average,0.5806419849,0.5595390356,
O1/0001/4,,videos/sample_000003_O1__0001__4.pt,ok,0.5841866732,0.6085769534,0.5575591553,0.5441246331,average,0.5841866732,0.5575591553,
O1/0002/1,,videos/sample_000004_O1__0002__1.pt,ok,0.5557146668,0.5841232538,0.5736621374,0.5575945164,average,0.5557146668,0.5736621374,
O1/0002/2,,videos/sample_000005_O1__0002__2.pt,ok,0.5607764125,0.5884519815,0.5707657421,0.5551860581,average,0.5607764125,0.5707657421,
O1/0002/3,,videos/sample_000006_O1__0002__3.pt,ok,0.5599963665,0.5805749297,0.5712111393,0.5595765569,average,0.5599963665,0.5712111393,
O1/0002/4,,videos/sample_000007_O1__0002__4.pt,ok,0.5547893047,0.5734961629,0.5741932282,0.5635517219,average,0.5547893047,0.5741932282,
O1/0003/1,,videos/sample_000008_O1__0003__1.pt,ok,0.6188983917,0.6446835995,0.5385373682,0.5248285719,average,0.6188983917,0.5385373682,
O1/0003/2,,videos/sample_000009_O1__0003__2.pt,ok,0.6173574924,0.6446835995,0.5393678397,0.5248285719,average,0.6173574924,0.5393678397,
O1/0003/3,,videos/sample_000010_O1__0003__3.pt,ok,0.6188311577,0.6429671049,0.5385735774,0.5257302109,average,0.6188311577,0.5385735774,
O1/0003/4,,videos/sample_000011_O1__0003__4.pt,ok,0.6187841296,0.6429671049,0.5385989061,0.5257302109,average,0.6187841296,0.5385989061,
O1/0004/1,,videos/sample_000012_O1__0004__1.pt,ok,0.5779292583,0.5984711051,0.5610589727,0.5496513532,average,0.5779292583,0.5610589727,
O1/0004/2,,videos/sample_000013_O1__0004__2.pt,ok,0.5777528882,0.5981705785,0.5611579355,0.5498165628,average,0.5777528882,0.5611579355,
O1/0004/3,,videos/sample_000014_O1__0004__3.pt,ok,0.5764611959,0.5965113640,0.5618832472,0.5507295837,average,0.5764611959,0.5618832472,
O1/0004/4,,videos/sample_000015_O1__0004__4.pt,ok,0.5786830187,0.5984711051,0.5606362280,0.5496513532,average,0.5786830187,0.5606362280,
O1/0005/1,,videos/sample_000016_O1__0005__1.pt,ok,0.5667896867,0.5938186049,0.5673438699,0.5522145642,average,0.5667896867,0.5673438699,
O1/0005/2,,videos/sample_000017_O1__0005__2.pt,ok,0.5687131286,0.5994485617,0.5662536657,0.5491143553,average,0.5687131286,0.5662536657,
O1/0005/3,,videos/sample_000018_O1__0005__3.pt,ok,0.5684627295,0.6014935970,0.5663954729,0.5479925445,average,0.5684627295,0.5663954729,
O1/0005/4,,videos/sample_000019_O1__0005__4.pt,ok,0.5655195117,0.5911674500,0.5680649537,0.5536805130,average,0.5655195117,0.5680649537,
O1/0006/1,,videos/sample_000020_O1__0006__1.pt,ok,0.5763560534,0.5992183089,0.5619423281,0.5492408050,average,0.5763560534,0.5619423281,
O1/0006/2,,videos/sample_000021_O1__0006__2.pt,ok,0.5740183592,0.5900224447,0.5632575141,0.5543148432,average,0.5740183592,0.5632575141,
O1/0006/3,,videos/sample_000022_O1__0006__3.pt,ok,0.5735825300,0.6000486612,0.5635030516,0.5487849309,average,0.5735825300,0.5635030516,
O1/0006/4,,videos/sample_000023_O1__0006__4.pt,ok,0.5694763660,0.5876821876,0.5658216446,0.5556136016,average,0.5694763660,0.5658216446,
O1/0007/1,,videos/sample_000024_O1__0007__1.pt,ok,0.5817720294,0.6055892706,0.5589070887,0.5457527358,average,0.5817720294,0.5589070887,
O1/0007/2,,videos/sample_000025_O1__0007__2.pt,ok,0.5791841149,0.6078342795,0.5603553657,0.5445288903,average,0.5791841149,0.5603553657,
O1/0007/3,,videos/sample_000026_O1__0007__3.pt,ok,0.5829351544,0.6092893481,0.5582573878,0.5437371396,average,0.5829351544,0.5582573878,
O1/0007/4,,videos/sample_000027_O1__0007__4.pt,ok,0.5764088035,0.5907431841,0.5619126864,0.5539154706,average,0.5764088035,0.5619126864,
O1/0008/1,,videos/sample_000028_O1__0008__1.pt,ok,0.5777055025,0.6014176607,0.5611845269,0.5480341586,average,0.5777055025,0.5611845269,
O1/0008/2,,videos/sample_000029_O1__0008__2.pt,ok,0.5746209025,0.5903417468,0.5629182292,0.5541378775,average,0.5746209025,0.5629182292,
O1/0008/3,,videos/sample_000030_O1__0008__3.pt,ok,0.5771024823,0.5995830894,0.5615230346,0.5490404892,average,0.5771024823,0.5615230346,
O1/0008/4,,videos/sample_000031_O1__0008__4.pt,ok,0.5751908422,0.5901098847,0.5625974912,0.5542663760,average,0.5751908422,0.5625974912,
O1/0009/1,,videos/sample_000032_O1__0009__1.pt,ok,0.6199366450,0.6489914060,0.5379785201,0.5225725746,average,0.6199366450,0.5379785201,
O1/0009/2,,videos/sample_000033_O1__0009__2.pt,ok,0.6182690263,0.6489914060,0.5388764117,0.5225725746,average,0.6182690263,0.5388764117,
O1/0009/3,,videos/sample_000034_O1__0009__3.pt,ok,0.6197175980,0.6489123106,0.5380963757,0.5226139093,average,0.6197175980,0.5380963757,
O1/0009/4,,videos/sample_000035_O1__0009__4.pt,ok,0.6202298403,0.6489123106,0.5378208105,0.5226139093,average,0.6202298403,0.5378208105,
O1/0010/1,,videos/sample_000036_O1__0010__1.pt,ok,0.5711960793,0.6051294208,0.5648494298,0.5460037578,average,0.5711960793,0.5648494298,
O1/0010/2,,videos/sample_000037_O1__0010__2.pt,ok,0.5597062707,0.5886773467,0.5713768693,0.5550609526,average,0.5597062707,0.5713768693,
O1/0010/3,,videos/sample_000038_O1__0010__3.pt,ok,0.5733906031,0.6076449156,0.5636112134,0.5446320143,average,0.5733906031,0.5636112134,
O1/0010/4,,videos/sample_000039_O1__0010__4.pt,ok,0.5684965253,0.6079029441,0.5663763314,0.5444915018,average,0.5684965253,0.5663763314,
O1/0011/1,,videos/sample_000040_O1__0011__1.pt,ok,0.6268963814,0.6390342712,0.5342473306,0.5278018915,average,0.6268963814,0.5342473306,
O1/0011/2,,videos/sample_000041_O1__0011__2.pt,ok,0.6245240569,0.6371517181,0.5355162431,0.5287964424,average,0.6245240569,0.5355162431,
O1/0011/3,,videos/sample_000042_O1__0011__3.pt,ok,0.6262974739,0.6371517181,0.5345673911,0.5287964424,average,0.6262974739,0.5345673911,
O1/0011/4,,videos/sample_000043_O1__0011__4.pt,ok,0.6261581779,0.6383007765,0.5346418594,0.5281891734,average,0.6261581779,0.5346418594,
O1/0012/1,,videos/sample_000044_O1__0012__1.pt,ok,0.6213294268,0.6502261162,0.5372297550,0.5219277471,average,0.6213294268,0.5372297550,
O1/0012/2,,videos/sample_000045_O1__0012__2.pt,ok,0.6212567687,0.6504365206,0.5372687905,0.5218179428,average,0.6212567687,0.5372687905,
O1/0012/3,,videos/sample_000046_O1__0012__3.pt,ok,0.6212776303,0.6502261162,0.5372575823,0.5219277471,average,0.6212776303,0.5372575823,
O1/0012/4,,videos/sample_000047_O1__0012__4.pt,ok,0.6204107404,0.6504365206,0.5377235275,0.5218179428,average,0.6204107404,0.5377235275,
O1/0013/1,,videos/sample_000048_O1__0013__1.pt,ok,0.6269590259,0.6531367898,0.5342138640,0.5204107945,average,0.6269590259,0.5342138640,
O1/0013/2,,videos/sample_000049_O1__0013__2.pt,ok,0.6272091269,0.6532993913,0.5340802732,0.5203261819,average,0.6272091269,0.5340802732,
O1/0013/3,,videos/sample_000050_O1__0013__3.pt,ok,0.6254426837,0.6531367898,0.5350245295,0.5204107945,average,0.6254426837,0.5350245295,
O1/0013/4,,videos/sample_000051_O1__0013__4.pt,ok,0.6267810464,0.6532993913,0.5343089515,0.5203261819,average,0.6267810464,0.5343089515,
O1/0014/1,,videos/sample_000052_O1__0014__1.pt,ok,0.5629060864,0.5944068432,0.5695514906,0.5518898260,average,0.5629060864,0.5695514906,
O1/0014/2,,videos/sample_000053_O1__0014__2.pt,ok,0.5518594384,0.5715432763,0.5758780045,0.5646533498,average,0.5518594384,0.5758780045,
O1/0014/3,,videos/sample_000054_O1__0014__3.pt,ok,0.5601217151,0.6007308960,0.5711395433,0.5484106584,average,0.5601217151,0.5711395433,
O1/0014/4,,videos/sample_000055_O1__0014__4.pt,ok,0.5633985400,0.5946938396,0.5692710820,0.5517314584,average,0.5633985400,0.5692710820,
O1/0015/1,,videos/sample_000056_O1__0015__1.pt,ok,0.6215848923,0.6338734627,0.5370925289,0.5305328168,average,0.6215848923,0.5370925289,
O1/0015/2,,videos/sample_000057_O1__0015__2.pt,ok,0.6191958189,0.6336889267,0.5383772163,0.5306307282,average,0.6191958189,0.5383772163,
O1/0015/3,,videos/sample_000058_O1__0015__3.pt,ok,0.6213589907,0.6352413893,0.5372138727,0.5298075830,average,0.6213589907,0.5372138727,
O1/0015/4,,videos/sample_000059_O1__0015__4.pt,ok,0.6206958294,0.6351146698,0.5375702502,0.5298747242,average,0.6206958294,0.5375702502,
O1/0016/1,,videos/sample_000060_O1__0016__1.pt,ok,0.5817739367,0.6088603139,0.5589060227,0.5439704715,average,0.5817739367,0.5589060227,
O1/0016/2,,videos/sample_000061_O1__0016__2.pt,ok,0.5813723207,0.6100494862,0.5591305335,0.5433239814,average,0.5813723207,0.5591305335,
O1/0016/3,,videos/sample_000062_O1__0016__3.pt,ok,0.5818689466,0.6068078876,0.5588529237,0.5450880774,average,0.5818689466,0.5588529237,
O1/0016/4,,videos/sample_000063_O1__0016__4.pt,ok,0.5759777427,0.5901129842,0.5621549571,0.5542646581,average,0.5759777427,0.5621549571,
O1/0017/1,,videos/sample_000064_O1__0017__1.pt,ok,0.6202467084,0.6328831911,0.5378117386,0.5310584486,average,0.6202467084,0.5378117386,
O1/0017/2,,videos/sample_000065_O1__0017__2.pt,ok,0.6224081516,0.6341276765,0.5366505444,0.5303979652,average,0.6224081516,0.5366505444,
O1/0017/3,,videos/sample_000066_O1__0017__3.pt,ok,0.6229469180,0.6350917220,0.5363614930,0.5298868838,average,0.6229469180,0.5363614930,
O1/0017/4,,videos/sample_000067_O1__0017__4.pt,ok,0.6226037741,0.6343595386,0.5365455738,0.5302750003,average,0.6226037741,0.5365455738,
O1/0018/1,,videos/sample_000068_O1__0018__1.pt,ok,0.5750260353,0.6022984385,0.5626902188,0.5475516748,average,0.5750260353,0.5626902188,
O1/0018/2,,videos/sample_000069_O1__0018__2.pt,ok,0.5650946498,0.5811973810,0.5683063541,0.5592283561,average,0.5650946498,0.5683063541,
O1/0018/3,,videos/sample_000070_O1__0018__3.pt,ok,0.5732470155,0.5998311639,0.5636921468,0.5489043031,average,0.5732470155,0.5636921468,
O1/0018/4,,videos/sample_000071_O1__0018__4.pt,ok,0.5727389455,0.6007028818,0.5639786147,0.5484260219,average,0.5727389455,0.5639786147,
O1/0019/1,,videos/sample_000072_O1__0019__1.pt,ok,0.6227363348,0.6453738213,0.5364744536,0.5244664487,average,0.6227363348,0.5364744536,
O1/0019/2,,videos/sample_000073_O1__0019__2.pt,ok,0.6228025556,0.6471522450,0.5364389290,0.5235345540,average,0.6228025556,0.5364389290,
O1/0019/3,,videos/sample_000074_O1__0019__3.pt,ok,0.6211719513,0.6453738213,0.5373143622,0.5244664487,average,0.6211719513,0.5373143622,
O1/0019/4,,videos/sample_000075_O1__0019__4.pt,ok,0.6224682331,0.6471522450,0.5366183026,0.5235345540,average,0.6224682331,0.5366183026,
O1/0020/1,,videos/sample_000076_O1__0020__1.pt,ok,0.5800598860,0.6041448712,0.5598648375,0.5465415903,average,0.5800598860,0.5598648375,
O1/0020/2,,videos/sample_000077_O1__0020__2.pt,ok,0.5793911815,0.6000734568,0.5602393469,0.5487713236,average,0.5793911815,0.5602393469,
O1/0020/3,,videos/sample_000078_O1__0020__3.pt,ok,0.5813737512,0.6038302779,0.5591297336,0.5467135557,average,0.5813737512,0.5591297336,
O1/0020/4,,videos/sample_000079_O1__0020__4.pt,ok,0.5729988813,0.5849996805,0.5638320354,0.5571060398,average,0.5729988813,0.5638320354,
O1/0021/1,,videos/sample_000080_O1__0021__1.pt,ok,0.5723958015,0.6062647700,0.5641721737,0.5453842046,average,0.5723958015,0.5641721737,
O1/0021/2,,videos/sample_000081_O1__0021__2.pt,ok,0.5639930367,0.5805958509,0.5689327528,0.5595648500,average,0.5639930367,0.5689327528,
O1/0021/3,,videos/sample_000082_O1__0021__3.pt,ok,0.5737404227,0.6002562046,0.5634140856,0.5486710460,average,0.5737404227,0.5634140856,
O1/0021/4,,videos/sample_000083_O1__0021__4.pt,ok,0.5720220208,0.5975534916,0.5643830898,0.5501559521,average,0.5720220208,0.5643830898,
O1/0022/1,,videos/sample_000084_O1__0022__1.pt,ok,0.5716724992,0.5935413241,0.5645803884,0.5523677039,average,0.5716724992,0.5645803884,
O1/0022/2,,videos/sample_000085_O1__0022__2.pt,ok,0.5725942254,0.5985244513,0.5640602396,0.5496220322,average,0.5725942254,0.5640602396,
O1/0022/3,,videos/sample_000086_O1__0022__3.pt,ok,0.5703122020,0.6006196737,0.5653489081,0.5484716573,average,0.5703122020,0.5653489081,
O1/0022/4,,videos/sample_000087_O1__0022__4.pt,ok,0.5650946498,0.5811973810,0.5683063541,0.5592283561,average,0.5650946498,0.5683063541,
O1/0023/1,,videos/sample_000088_O1__0023__1.pt,ok,0.5752269030,0.5992136002,0.5625772039,0.5492433912,average,0.5752269030,0.5625772039,
O1/0023/2,,videos/sample_000089_O1__0023__2.pt,ok,0.5747616291,0.5909593701,0.5628390173,0.5537957347,average,0.5747616291,0.5628390173,
O1/0023/3,,videos/sample_000090_O1__0023__3.pt,ok,0.5739776492,0.5892547965,0.5632804447,0.5547405253,average,0.5739776492,0.5632804447,
O1/0023/4,,videos/sample_000091_O1__0023__4.pt,ok,0.5760867596,0.5978655815,0.5620936761,0.5499842808,average,0.5760867596,0.5620936761,
O1/0024/1,,videos/sample_000092_O1__0024__1.pt,ok,0.5680576563,0.6011467576,0.5666249509,0.5481826429,average,0.5680576563,0.5666249509,
O1/0024/2,,videos/sample_000093_O1__0024__2.pt,ok,0.5559692979,0.5758222938,0.5735160838,0.5622423503,average,0.5559692979,0.5735160838,
O1/0024/3,,videos/sample_000094_O1__0024__3.pt,ok,0.5662835836,0.5995721221,0.5676310770,0.5490465107,average,0.5662835836,0.5676310770,
O1/0024/4,,videos/sample_000095_O1__0024__4.pt,ok,0.5609924197,0.5893934369,0.5706424659,0.5546636212,average,0.5609924197,0.5706424659,
O1/0025/1,,videos/sample_000096_O1__0025__1.pt,ok,0.5871816874,0.6115729809,0.5558917559,0.5424968604,average,0.5871816874,0.5558917559,
O1/0025/2,,videos/sample_000097_O1__0025__2.pt,ok,0.5848450661,0.6079485416,0.5571921831,0.5444666749,average,0.5848450661,0.5571921831,
O1/0025/3,,videos/sample_000098_O1__0025__3.pt,ok,0.5887188911,0.6135915518,0.5550378934,0.5414028965,average,0.5887188911,0.5550378934,
O1/0025/4,,videos/sample_000099_O1__0025__4.pt,ok,0.5895061493,0.6166407466,0.5546011073,0.5397545679,average,0.5895061493,0.5546011073,
O1/0026/1,,videos/sample_000100_O1__0026__1.pt,ok,0.5833920836,0.6066055894,0.5580023620,0.5451983588,average,0.5833920836,0.5580023620,
O1/0026/2,,videos/sample_000101_O1__0026__2.pt,ok,0.5882441401,0.6151714325,0.5553014608,0.5405482198,average,0.5882441401,0.5553014608,
O1/0026/3,,videos/sample_000102_O1__0026__3.pt,ok,0.5880419016,0.6179836988,0.5554137755,0.5390301898,average,0.5880419016,0.5554137755,
O1/0026/4,,videos/sample_000103_O1__0026__4.pt,ok,0.5889560580,0.6151269078,0.5549062724,0.5405722881,average,0.5889560580,0.5549062724,
O1/0027/1,,videos/sample_000104_O1__0027__1.pt,ok,0.5589541793,0.5861124992,0.5718067586,0.5564864266,average,0.5589541793,0.5718067586,
O1/0027/2,,videos/sample_000105_O1__0027__2.pt,ok,0.5592495203,0.5859755874,0.5716379056,0.5565626214,average,0.5592495203,0.5716379056,
O1/0027/3,,videos/sample_000106_O1__0027__3.pt,ok,0.5579925179,0.5783270597,0.5723569075,0.5608358270,average,0.5579925179,0.5723569075,
O1/0027/4,,videos/sample_000107_O1__0027__4.pt,ok,0.5575175285,0.5779575109,0.5726288356,0.5610431215,average,0.5575175285,0.5726288356,
O1/0028/1,,videos/sample_000108_O1__0028__1.pt,ok,0.5719992518,0.6054555178,0.5643959404,0.5458257367,average,0.5719992518,0.5643959404,
O1/0028/2,,videos/sample_000109_O1__0028__2.pt,ok,0.5678784847,0.5942012072,0.5667264831,0.5520033261,average,0.5678784847,0.5667264831,
O1/0028/3,,videos/sample_000110_O1__0028__3.pt,ok,0.5700924993,0.6031100750,0.5654731304,0.5471074422,average,0.5700924993,0.5654731304,
O1/0028/4,,videos/sample_000111_O1__0028__4.pt,ok,0.5696418881,0.5967633724,0.5657279963,0.5505908127,average,0.5696418881,0.5657279963,
O1/0029/1,,videos/sample_000112_O1__0029__1.pt,ok,0.6226932406,0.6487177610,0.5364975730,0.5227155935,average,0.6226932406,0.5364975730,
O1/0029/2,,videos/sample_000113_O1__0029__2.pt,ok,0.6204327941,0.6499063969,0.5377116688,0.5220946442,average,0.6204327941,0.5377116688,
O1/0029/3,,videos/sample_000114_O1__0029__3.pt,ok,0.6226534843,0.6499063969,0.5365189026,0.5220946442,average,0.6226534843,0.5365189026,
O1/0029/4,,videos/sample_000115_O1__0029__4.pt,ok,0.6231207252,0.6487177610,0.5362682776,0.5227155935,average,0.6231207252,0.5362682776,
O1/0030/1,,videos/sample_000116_O1__0030__1.pt,ok,0.5764088035,0.5907431841,0.5619126864,0.5539154706,average,0.5764088035,0.5619126864,
O1/0030/2,,videos/sample_000117_O1__0030__2.pt,ok,0.5766814351,0.5912473798,0.5617595121,0.5536362592,average,0.5766814351,0.5617595121,
O1/0030/3,,videos/sample_000118_O1__0030__3.pt,ok,0.5784183145,0.6004000902,0.5607846504,0.5485921058,average,0.5784183145,0.5607846504,
O1/0030/4,,videos/sample_000119_O1__0030__4.pt,ok,0.5786268115,0.6022697091,0.5606677407,0.5475674059,average,0.5786268115,0.5606677407,
O1/0031/1,,videos/sample_000120_O1__0031__1.pt,ok,0.6311737895,0.6534676552,0.5319670171,0.5202386371,average,0.6311737895,0.5319670171,
O1/0031/2,,videos/sample_000121_O1__0031__2.pt,ok,0.6305893660,0.6525150537,0.5322780020,0.5207344533,average,0.6305893660,0.5322780020,
O1/0031/3,,videos/sample_000122_O1__0031__3.pt,ok,0.6308387518,0.6525150537,0.5321452760,0.5207344533,average,0.6308387518,0.5321452760,
O1/0031/4,,videos/sample_000123_O1__0031__4.pt,ok,0.6302521229,0.6534676552,0.5324575394,0.5202386371,average,0.6302521229,0.5324575394,
O1/0032/1,,videos/sample_000124_O1__0032__1.pt,ok,0.5582693219,0.5882637501,0.5721984988,0.5552905715,average,0.5582693219,0.5721984988,
O1/0032/2,,videos/sample_000125_O1__0032__2.pt,ok,0.5540887117,0.5742004514,0.5745956449,0.5631549586,average,0.5540887117,0.5745956449,
O1/0032/3,,videos/sample_000126_O1__0032__3.pt,ok,0.5543788671,0.5721676350,0.5744289471,0.5643009136,average,0.5543788671,0.5744289471,
O1/0032/4,,videos/sample_000127_O1__0032__4.pt,ok,0.5592010021,0.5926904082,0.5716656411,0.5528379224,average,0.5592010021,0.5716656411,
O1/0033/1,,videos/sample_000128_O1__0033__1.pt,ok,0.5951751471,0.6154437065,0.5514659698,0.5404010626,average,0.5951751471,0.5514659698,
O1/0033/2,,videos/sample_000129_O1__0033__2.pt,ok,0.5931693316,0.6115816832,0.5525732189,0.5424921395,average,0.5931693316,0.5525732189,
O1/0033/3,,videos/sample_000130_O1__0033__3.pt,ok,0.5941867828,0.6110852361,0.5520112884,0.5427615250,average,0.5941867828,0.5520112884,
O1/0033/4,,videos/sample_000131_O1__0033__4.pt,ok,0.5948548913,0.6143360138,0.5516426082,0.5409999926,average,0.5948548913,0.5516426082,
O1/0034/1,,videos/sample_000132_O1__0034__1.pt,ok,0.6198589802,0.6492552161,0.5380203038,0.5224347329,average,0.6198589802,0.5380203038,
O1/0034/2,,videos/sample_000133_O1__0034__2.pt,ok,0.6177636385,0.6492552161,0.5391488220,0.5224347329,average,0.6177636385,0.5391488220,
O1/0034/3,,videos/sample_000134_O1__0034__3.pt,ok,0.6207681298,0.6486814618,0.5375313851,0.5227345681,average,0.6207681298,0.5375313851,
O1/0034/4,,videos/sample_000135_O1__0034__4.pt,ok,0.6211619377,0.6486814618,0.5373197427,0.5227345681,average,0.6211619377,0.5373197427,
O1/0035/1,,videos/sample_000136_O1__0035__1.pt,ok,0.6316218376,0.6526800394,0.5317287237,0.5206485467,average,0.6316218376,0.5317287237,
O1/0035/2,,videos/sample_000137_O1__0035__2.pt,ok,0.6308419108,0.6524927020,0.5321435949,0.5207460927,average,0.6308419108,0.5321435949,
O1/0035/3,,videos/sample_000138_O1__0035__3.pt,ok,0.6299614310,0.6524927020,0.5326123429,0.5207460927,average,0.6299614310,0.5326123429,
O1/0035/4,,videos/sample_000139_O1__0035__4.pt,ok,0.6313139200,0.6526800394,0.5318924775,0.5206485467,average,0.6313139200,0.5318924775,
O1/0036/1,,videos/sample_000140_O1__0036__1.pt,ok,0.5726541877,0.5970069170,0.5640264183,0.5504567356,average,0.5726541877,0.5640264183,
O1/0036/2,,videos/sample_000141_O1__0036__2.pt,ok,0.5716413856,0.5961058140,0.5645979548,0.5509529774,average,0.5716413856,0.5645979548,
O1/0036/3,,videos/sample_000142_O1__0036__3.pt,ok,0.5728735328,0.5968900919,0.5639027154,0.5505210465,average,0.5728735328,0.5639027154,
O1/0036/4,,videos/sample_000143_O1__0036__4.pt,ok,0.5736251473,0.5981229544,0.5634790372,0.5498427480,average,0.5736251473,0.5634790372,
O1/0037/1,,videos/sample_000144_O1__0037__1.pt,ok,0.5774012208,0.6059406996,0.5613553111,0.5455609762,average,0.5774012208,0.5613553111,
O1/0037/2,,videos/sample_000145_O1__0037__2.pt,ok,0.5773528814,0.6078051925,0.5613824473,0.5445447293,average,0.5773528814,0.5613824473,
O1/0037/3,,videos/sample_000146_O1__0037__3.pt,ok,0.5770944357,0.6147622466,0.5615275530,0.5407694498,average,0.5770944357,0.5615275530,
O1/0037/4,,videos/sample_000147_O1__0037__4.pt,ok,0.5685764551,0.5878959298,0.5663310628,0.5554948561,average,0.5685764551,0.5663310628,
O1/0038/1,,videos/sample_000148_O1__0038__1.pt,ok,0.5812397003,0.5994790792,0.5592046904,0.5490975979,average,0.5812397003,0.5592046904,
O1/0038/2,,videos/sample_000149_O1__0038__2.pt,ok,0.5807256103,0.5997091532,0.5594922459,0.5489712794,average,0.5807256103,0.5594922459,
O1/0038/3,,videos/sample_000150_O1__0038__3.pt,ok,0.5800265670,0.5990829468,0.5598834920,0.5493151564,average,0.5800265670,0.5598834920,
O1/0038/4,,videos/sample_000151_O1__0038__4.pt,ok,0.5790122747,0.5997091532,0.5604516655,0.5489712794,average,0.5790122747,0.5604516655,
O1/0039/1,,videos/sample_000152_O1__0039__1.pt,ok,0.5840796828,0.6093515158,0.5576188119,0.5437033378,average,0.5840796828,0.5576188119,
O1/0039/2,,videos/sample_000153_O1__0039__2.pt,ok,0.5797790289,0.6033085585,0.5600221016,0.5469988612,average,0.5797790289,0.5600221016,
O1/0039/3,,videos/sample_000154_O1__0039__3.pt,ok,0.5863150358,0.6109372377,0.5563737291,0.5428418587,average,0.5863150358,0.5563737291,
O1/0039/4,,videos/sample_000155_O1__0039__4.pt,ok,0.5860432386,0.6146096587,0.5565249705,0.5408519710,average,0.5860432386,0.5565249705,
O1/0040/1,,videos/sample_000156_O1__0040__1.pt,ok,0.6317272186,0.6534641981,0.5316726925,0.5202404356,average,0.6317272186,0.5316726925,
O1/0040/2,,videos/sample_000157_O1__0040__2.pt,ok,0.6305871606,0.6534641981,0.5322791759,0.5202404356,average,0.6305871606,0.5322791759,
O1/0040/3,,videos/sample_000158_O1__0040__3.pt,ok,0.6318399906,0.6543372869,0.5316127381,0.5197864177,average,0.6318399906,0.5316127381,
O1/0040/4,,videos/sample_000159_O1__0040__4.pt,ok,0.6317878366,0.6543372869,0.5316404646,0.5197864177,average,0.6317878366,0.5316404646,
O1/0041/1,,videos/sample_000160_O1__0041__1.pt,ok,0.6255511045,0.6521078348,0.5349665248,0.5209465494,average,0.6255511045,0.5349665248,
O1/0041/2,,videos/sample_000161_O1__0041__2.pt,ok,0.6266581416,0.6521075368,0.5343746247,0.5209467047,average,0.6266581416,0.5343746247,
O1/0041/3,,videos/sample_000162_O1__0041__3.pt,ok,0.6262202859,0.6521078348,0.5346086549,0.5209465494,average,0.6262202859,0.5346086549,
O1/0041/4,,videos/sample_000163_O1__0041__4.pt,ok,0.6266122460,0.6521075368,0.5343991507,0.5209467047,average,0.6266122460,0.5343991507,
O1/0042/1,,videos/sample_000164_O1__0042__1.pt,ok,0.6320563555,0.6541723013,0.5314977282,0.5198721821,average,0.6320563555,0.5314977282,
O1/0042/2,,videos/sample_000165_O1__0042__2.pt,ok,0.6289595366,0.6519773006,0.5331462317,0.5210145552,average,0.6289595366,0.5331462317,
O1/0042/3,,videos/sample_000166_O1__0042__3.pt,ok,0.6314347386,0.6541723013,0.5318282189,0.5198721821,average,0.6314347386,0.5318282189,
O1/0042/4,,videos/sample_000167_O1__0042__4.pt,ok,0.6315906048,0.6519773006,0.5317453313,0.5210145552,average,0.6315906048,0.5317453313,
O1/0043/1,,videos/sample_000168_O1__0043__1.pt,ok,0.5724753141,0.6024066806,0.5641273167,0.5474924099,average,0.5724753141,0.5641273167,
O1/0043/2,,videos/sample_000169_O1__0043__2.pt,ok,0.5677232146,0.5928902030,0.5668144856,0.5527274793,average,0.5677232146,0.5668144856,
O1/0043/3,,videos/sample_000170_O1__0043__3.pt,ok,0.5738425851,0.6057811975,0.5633565289,0.5456480012,average,0.5738425851,0.5633565289,
O1/0043/4,,videos/sample_000171_O1__0043__4.pt,ok,0.5713574290,0.6004418731,0.5647582988,0.5485691846,average,0.5713574290,0.5647582988,
O1/0044/1,,videos/sample_000172_O1__0044__1.pt,ok,0.6266845465,0.6396883726,0.5343605148,0.5274567684,average,0.6266845465,0.5343605148,
O1/0044/2,,videos/sample_000173_O1__0044__2.pt,ok,0.6274790764,0.6396883726,0.5339361180,0.5274567684,average,0.6274790764,0.5339361180,
O1/0044/3,,videos/sample_000174_O1__0044__3.pt,ok,0.6282576919,0.6403423548,0.5335205489,0.5271119339,average,0.6282576919,0.5335205489,
O1/0044/4,,videos/sample_000175_O1__0044__4.pt,ok,0.6272744536,0.6403423548,0.5340453847,0.5271119339,average,0.6272744536,0.5340453847,
O1/0045/1,,videos/sample_000176_O1__0045__1.pt,ok,0.5790541768,0.6185364723,0.5604281819,0.5387323106,average,0.5790541768,0.5604281819,
O1/0045/2,,videos/sample_000177_O1__0045__2.pt,ok,0.5795048475,0.6107187867,0.5601756703,0.5429604560,average,0.5795048475,0.5601756703,
O1/0045/3,,videos/sample_000178_O1__0045__3.pt,ok,0.5751525164,0.6061249375,0.5626190537,0.5454604724,average,0.5751525164,0.5626190537,
O1/0045/4,,videos/sample_000179_O1__0045__4.pt,ok,0.5680316091,0.5885042548,0.5666397102,0.5551570375,average,0.5680316091,0.5666397102,
O1/0046/1,,videos/sample_000180_O1__0046__1.pt,ok,0.5698448420,0.5835995674,0.5656131913,0.5578865976,average,0.5698448420,0.5656131913,
O1/0046/2,,videos/sample_000181_O1__0046__2.pt,ok,0.5706187487,0.5881651640,0.5651756288,0.5553453181,average,0.5706187487,0.5651756288,
O1/0046/3,,videos/sample_000182_O1__0046__3.pt,ok,0.5702110529,0.5839281082,0.5654060955,0.5577033392,average,0.5702110529,0.5654060955,
O1/0046/4,,videos/sample_000183_O1__0046__4.pt,ok,0.5711391568,0.5932514071,0.5648815833,0.5525278679,average,0.5711391568,0.5648815833,
O1/0047/1,,videos/sample_000184_O1__0047__1.pt,ok,0.5748606324,0.6106030941,0.5627832971,0.5430232762,average,0.5748606324,0.5627832971,
O1/0047/2,,videos/sample_000185_O1__0047__2.pt,ok,0.5668634772,0.5994701385,0.5673020068,0.5491025073,average,0.5668634772,0.5673020068,
O1/0047/3,,videos/sample_000186_O1__0047__3.pt,ok,0.5729881525,0.6124475598,0.5638380847,0.5420226115,average,0.5729881525,0.5638380847,
O1/0047/4,,videos/sample_000187_O1__0047__4.pt,ok,0.5733581781,0.6075866818,0.5636294888,0.5446637311,average,0.5733581781,0.5636294888,
O1/0048/1,,videos/sample_000188_O1__0048__1.pt,ok,0.5751944780,0.6005045176,0.5625954457,0.5485348208,average,0.5751944780,0.5625954457,
O1/0048/2,,videos/sample_000189_O1__0048__2.pt,ok,0.5818902254,0.6098061800,0.5588410321,0.5434561915,average,0.5818902254,0.5588410321,
O1/0048/3,,videos/sample_000190_O1__0048__3.pt,ok,0.5817978978,0.6111230254,0.5588926309,0.5427410147,average,0.5817978978,0.5588926309,
O1/0048/4,,videos/sample_000191_O1__0048__4.pt,ok,0.5800520182,0.6062917709,0.5598692424,0.5453694790,average,0.5800520182,0.5598692424,
O1/0049/1,,videos/sample_000192_O1__0049__1.pt,ok,0.5897778869,0.6199468970,0.5544504218,0.5379730048,average,0.5897778869,0.5544504218,
O1/0049/2,,videos/sample_000193_O1__0049__2.pt,ok,0.5884104967,0.6161699891,0.5552090904,0.5400087212,average,0.5884104967,0.5552090904,
O1/0049/3,,videos/sample_000194_O1__0049__3.pt,ok,0.5841408968,0.6147525907,0.5575846789,0.5407746715,average,0.5841408968,0.5575846789,
O1/0049/4,,videos/sample_000195_O1__0049__4.pt,ok,0.5895478725,0.6241014004,0.5545779680,0.5357426304,average,0.5895478725,0.5545779680,
O1/0050/1,,videos/sample_000196_O1__0050__1.pt,ok,0.5635246038,0.5913197398,0.5691993220,0.5535961995,average,0.5635246038,0.5691993220,
O1/0050/2,,videos/sample_000197_O1__0050__2.pt,ok,0.5557635427,0.5728202462,0.5736340998,0.5639327646,average,0.5557635427,0.5736340998,
O1/0050/3,,videos/sample_000198_O1__0050__3.pt,ok,0.5644047856,0.5916070938,0.5686985436,0.5534371442,average,0.5644047856,0.5686985436,
O1/0050/4,,videos/sample_000199_O1__0050__4.pt,ok,0.5630751848,0.5968110561,0.5694551885,0.5505645591,average,0.5630751848,0.5694551885,
O1/0051/1,,videos/sample_000200_O1__0051__1.pt,ok,0.5654255748,0.5976794958,0.5681183185,0.5500866345,average,0.5654255748,0.5681183185,
O1/0051/2,,videos/sample_000201_O1__0051__2.pt,ok,0.5647799969,0.6047769189,0.5684852015,0.5461962591,average,0.5647799969,0.5684852015,
O1/0051/3,,videos/sample_000202_O1__0051__3.pt,ok,0.5555129647,0.5753141642,0.5737778579,0.5625281149,average,0.5555129647,0.5737778579,
O1/0051/4,,videos/sample_000203_O1__0051__4.pt,ok,0.5657368898,0.6009222865,0.5679414822,0.5483057079,average,0.5657368898,0.5679414822,
O1/0052/1,,videos/sample_000204_O1__0052__1.pt,ok,0.5822049975,0.6005812883,0.5586651522,0.5484927110,average,0.5822049975,0.5586651522,
O1/0052/2,,videos/sample_000205_O1__0052__2.pt,ok,0.5831168294,0.6024927497,0.5581559757,0.5474452897,average,0.5831168294,0.5581559757,
O1/0052/3,,videos/sample_000206_O1__0052__3.pt,ok,0.5819306970,0.6005812883,0.5588184154,0.5484927110,average,0.5819306970,0.5588184154,
O1/0052/4,,videos/sample_000207_O1__0052__4.pt,ok,0.5831653476,0.6024927497,0.5581288956,0.5474452897,average,0.5831653476,0.5581288956,
O1/0053/1,,videos/sample_000208_O1__0053__1.pt,ok,0.6394226551,0.6467450857,0.5275969415,0.5237477594,average,0.6394226551,0.5275969415,
O1/0053/2,,videos/sample_000209_O1__0053__2.pt,ok,0.6388055682,0.6451417208,0.5279226152,0.5245881918,average,0.6388055682,0.5279226152,
O1/0053/3,,videos/sample_000210_O1__0053__3.pt,ok,0.6382859945,0.6448302269,0.5281969811,0.5247516233,average,0.6382859945,0.5281969811,
O1/0053/4,,videos/sample_000211_O1__0053__4.pt,ok,0.6394452453,0.6453416944,0.5275850232,0.5244832985,average,0.6394452453,0.5275850232,
O1/0054/1,,videos/sample_000212_O1__0054__1.pt,ok,0.5774717331,0.6097209454,0.5613157301,0.5435025148,average,0.5774717331,0.5613157301,
O1/0054/2,,videos/sample_000213_O1__0054__2.pt,ok,0.5767429471,0.5994639397,0.5617249582,0.5491059111,average,0.5767429471,0.5617249582,
O1/0054/3,,videos/sample_000214_O1__0054__3.pt,ok,0.5775569677,0.5997608900,0.5612678886,0.5489428781,average,0.5775569677,0.5612678886,
O1/0054/4,,videos/sample_000215_O1__0054__4.pt,ok,0.5745255351,0.5894917250,0.5629719159,0.5546091071,average,0.5745255351,0.5629719159,
O1/0055/1,,videos/sample_000216_O1__0055__1.pt,ok,0.6173940301,0.6309674978,0.5393481328,0.5320767688,average,0.6173940301,0.5393481328,
O1/0055/2,,videos/sample_000217_O1__0055__2.pt,ok,0.6167074442,0.6309639812,0.5397185688,0.5320786399,average,0.6167074442,0.5397185688,
O1/0055/3,,videos/sample_000218_O1__0055__3.pt,ok,0.6158978343,0.6311795115,0.5401557072,0.5319639732,average,0.6158978343,0.5401557072,
O1/0055/4,,videos/sample_000219_O1__0055__4.pt,ok,0.6146394610,0.6306580305,0.5408358526,0.5322414546,average,0.6146394610,0.5408358526,
O1/0056/1,,videos/sample_000220_O1__0056__1.pt,ok,0.5553140044,0.5737445354,0.5738920283,0.5634117685,average,0.5553140044,0.5738920283,
O1/0056/2,,videos/sample_000221_O1__0056__2.pt,ok,0.5526922941,0.5685971379,0.5753985809,0.5663193496,average,0.5526922941,0.5753985809,
O1/0056/3,,videos/sample_000222_O1__0056__3.pt,ok,0.5534703732,0.5803996921,0.5749510495,0.5596746244,average,0.5534703732,0.5749510495,
O1/0056/4,,videos/sample_000223_O1__0056__4.pt,ok,0.5558714271,0.5821325779,0.5735722170,0.5587056120,average,0.5558714271,0.5735722170,
O1/0057/1,,videos/sample_000224_O1__0057__1.pt,ok,0.6266714931,0.6385039091,0.5343674901,0.5280818918,average,0.6266714931,0.5343674901,
O1/0057/2,,videos/sample_000225_O1__0057__2.pt,ok,0.6261774898,0.6358097792,0.5346315346,0.5295065313,average,0.6261774898,0.5346315346,
O1/0057/3,,videos/sample_000226_O1__0057__3.pt,ok,0.6269696951,0.6369436383,0.5342081644,0.5289064857,average,0.6269696951,0.5342081644,
O1/0057/4,,videos/sample_000227_O1__0057__4.pt,ok,0.6242610812,0.6384595633,0.5356570894,0.5281053106,average,0.6242610812,0.5356570894,
O1/0058/1,,videos/sample_000228_O1__0058__1.pt,ok,0.5853562951,0.6042902470,0.5569074031,0.5464621422,average,0.5853562951,0.5569074031,
O1/0058/2,,videos/sample_000229_O1__0058__2.pt,ok,0.5856193304,0.6028227210,0.5567609360,0.5472646783,average,0.5856193304,0.5567609360,
O1/0058/3,,videos/sample_000230_O1__0058__3.pt,ok,0.5869835019,0.6070429683,0.5560019365,0.5449599527,average,0.5869835019,0.5560019365,
O1/0058/4,,videos/sample_000231_O1__0058__4.pt,ok,0.5867007375,0.6058920026,0.5561591763,0.5455875440,average,0.5867007375,0.5561591763,
O1/0059/1,,videos/sample_000232_O1__0059__1.pt,ok,0.5708749890,0.5878567100,0.5650308266,0.5555166430,average,0.5708749890,0.5650308266,
O1/0059/2,,videos/sample_000233_O1__0059__2.pt,ok,0.5716236830,0.5973484516,0.5646079497,0.5502687677,average,0.5716236830,0.5646079497,
O1/0059/3,,videos/sample_000234_O1__0059__3.pt,ok,0.5665633082,0.5847176313,0.5674723188,0.5572631933,average,0.5665633082,0.5674723188,
O1/0059/4,,videos/sample_000235_O1__0059__4.pt,ok,0.5676750541,0.5974070430,0.5668417844,0.5502365276,average,0.5676750541,0.5668417844,
O1/0060/1,,videos/sample_000236_O1__0060__1.pt,ok,0.6414837837,0.6609408259,0.5265106163,0.5163652960,average,0.6414837837,0.5265106163,
O1/0060/2,,videos/sample_000237_O1__0060__2.pt,ok,0.6417000890,0.6609408259,0.5263967416,0.5163652960,average,0.6417000890,0.5263967416,
O1/0060/3,,videos/sample_000238_O1__0060__3.pt,ok,0.6402583718,0.6614251137,0.5271562041,0.5161152872,average,0.6402583718,0.5271562041,
O1/0060/4,,videos/sample_000239_O1__0060__4.pt,ok,0.6388729215,0.6614251137,0.5278870591,0.5161152872,average,0.6388729215,0.5278870591,
O1/0061/1,,videos/sample_000240_O1__0061__1.pt,ok,0.5865150094,0.6124102473,0.5562624802,0.5420428361,average,0.5865150094,0.5562624802,
O1/0061/2,,videos/sample_000241_O1__0061__2.pt,ok,0.5850012898,0.6066079736,0.5571051432,0.5451970590,average,0.5850012898,0.5571051432,
O1/0061/3,,videos/sample_000242_O1__0061__3.pt,ok,0.5839888453,0.6073802114,0.5576694669,0.5447761997,average,0.5839888453,0.5576694669,
O1/0061/4,,videos/sample_000243_O1__0061__4.pt,ok,0.5868636370,0.6104924083,0.5560685856,0.5430833845,average,0.5868636370,0.5560685856,
O1/0062/1,,videos/sample_000244_O1__0062__1.pt,ok,0.6345575452,0.6521778703,0.5301700127,0.5209100659,average,0.6345575452,0.5301700127,
O1/0062/2,,videos/sample_000245_O1__0062__2.pt,ok,0.6343488097,0.6521778703,0.5302806895,0.5209100659,average,0.6343488097,0.5302806895,
O1/0062/3,,videos/sample_000246_O1__0062__3.pt,ok,0.6341609955,0.6541658044,0.5303802932,0.5198755597,average,0.6341609955,0.5303802932,
O1/0062/4,,videos/sample_000247_O1__0062__4.pt,ok,0.6333125234,0.6541658044,0.5308304970,0.5198755597,average,0.6333125234,0.5308304970,
O1/0063/1,,videos/sample_000248_O1__0063__1.pt,ok,0.5542515516,0.5719096065,0.5745020855,0.5644465381,average,0.5542515516,0.5745020855,
O1/0063/2,,videos/sample_000249_O1__0063__2.pt,ok,0.5556383729,0.5842478871,0.5737059060,0.5575250259,average,0.5556383729,0.5737059060,
O1/0063/3,,videos/sample_000250_O1__0063__3.pt,ok,0.5553660989,0.5810019374,0.5738621325,0.5593376644,average,0.5553660989,0.5738621325,
O1/0063/4,,videos/sample_000251_O1__0063__4.pt,ok,0.5525444746,0.5713486671,0.5754836423,0.5647632472,average,0.5525444746,0.5754836423,
O1/0064/1,,videos/sample_000252_O1__0064__1.pt,ok,0.6266602278,0.6376932263,0.5343735099,0.5285101723,average,0.6266602278,0.5343735099,
O1/0064/2,,videos/sample_000253_O1__0064__2.pt,ok,0.6250620484,0.6349322796,0.5352282174,0.5299713770,average,0.6250620484,0.5352282174,
O1/0064/3,,videos/sample_000254_O1__0064__3.pt,ok,0.6259865165,0.6373484731,0.5347336447,0.5286924093,average,0.6259865165,0.5347336447,
O1/0064/4,,videos/sample_000255_O1__0064__4.pt,ok,0.6265996695,0.6359459162,0.5344058716,0.5294344508,average,0.6265996695,0.5344058716,
O1/0065/1,,videos/sample_000256_O1__0065__1.pt,ok,0.5751777887,0.6043226719,0.5626048351,0.5464444235,average,0.5751777887,0.5626048351,
O1/0065/2,,videos/sample_000257_O1__0065__2.pt,ok,0.5733423829,0.6064248681,0.5636383915,0.5452968967,average,0.5733423829,0.5636383915,
O1/0065/3,,videos/sample_000258_O1__0065__3.pt,ok,0.5713353157,0.5993632674,0.5647707877,0.5491611936,average,0.5713353157,0.5647707877,
O1/0065/4,,videos/sample_000259_O1__0065__4.pt,ok,0.5639930367,0.5805958509,0.5689327528,0.5595648500,average,0.5639930367,0.5689327528,
O1/0066/1,,videos/sample_000260_O1__0066__1.pt,ok,0.5716304779,0.5976873636,0.5646041133,0.5500823066,average,0.5716304779,0.5646041133,
O1/0066/2,,videos/sample_000261_O1__0066__2.pt,ok,0.5683922172,0.5976873636,0.5664354121,0.5500823066,average,0.5683922172,0.5664354121,
O1/0066/3,,videos/sample_000262_O1__0066__3.pt,ok,0.5742491484,0.6041140556,0.5631275353,0.5465584326,average,0.5742491484,0.5631275353,
O1/0066/4,,videos/sample_000263_O1__0066__4.pt,ok,0.5749073029,0.6041140556,0.5627570324,0.5465584326,average,0.5749073029,0.5627570324,
O1/0067/1,,videos/sample_000264_O1__0067__1.pt,ok,0.5648735762,0.5832850337,0.5684320056,0.5580620993,average,0.5648735762,0.5684320056,
O1/0067/2,,videos/sample_000265_O1__0067__2.pt,ok,0.5701988339,0.5979452729,0.5654130042,0.5499404535,average,0.5701988339,0.5654130042,
O1/0067/3,,videos/sample_000266_O1__0067__3.pt,ok,0.5677351356,0.5864740610,0.5668077287,0.5562852587,average,0.5677351356,0.5668077287,
O1/0067/4,,videos/sample_000267_O1__0067__4.pt,ok,0.5684792995,0.5961163044,0.5663860877,0.5509471977,average,0.5684792995,0.5663860877,
O1/0068/1,,videos/sample_000268_O1__0068__1.pt,ok,0.5893573761,0.6132560968,0.5546836232,0.5415845433,average,0.5893573761,0.5546836232,
O1/0068/2,,videos/sample_000269_O1__0068__2.pt,ok,0.5888615847,0.6125940681,0.5549586988,0.5419432065,average,0.5888615847,0.5549586988,
O1/0068/3,,videos/sample_000270_O1__0068__3.pt,ok,0.5824845433,0.6075029969,0.5585090015,0.5447093132,average,0.5824845433,0.5585090015,
O1/0068/4,,videos/sample_000271_O1__0068__4.pt,ok,0.5870812535,0.6127943397,0.5559475890,0.5418346816,average,0.5870812535,0.5559475890,
O1/0069/1,,videos/sample_000272_O1__0069__1.pt,ok,0.6177836657,0.6319714785,0.5391380245,0.5315428421,average,0.6177836657,0.5391380245,
O1/0069/2,,videos/sample_000273_O1__0069__2.pt,ok,0.6170138717,0.6310354471,0.5395532095,0.5320406158,average,0.6170138717,0.5395532095,
O1/0069/3,,videos/sample_000274_O1__0069__3.pt,ok,0.6165501475,0.6319714785,0.5398034714,0.5315428421,average,0.6165501475,0.5398034714,
O1/0069/4,,videos/sample_000275_O1__0069__4.pt,ok,0.6152527928,0.6305351257,0.5405042424,0.5323068737,average,0.6152527928,0.5405042424,
O1/0070/1,,videos/sample_000276_O1__0070__1.pt,ok,0.6222949624,0.6460098624,0.5367112909,0.5241329726,average,0.6222949624,0.5367112909,
O1/0070/2,,videos/sample_000277_O1__0070__2.pt,ok,0.6215465069,0.6471375823,0.5371131458,0.5235422305,average,0.6215465069,0.5371131458,
O1/0070/3,,videos/sample_000278_O1__0070__3.pt,ok,0.6219152808,0.6471375823,0.5369151090,0.5235422305,average,0.6219152808,0.5369151090,
O1/0070/4,,videos/sample_000279_O1__0070__4.pt,ok,0.6206846833,0.6460098624,0.5375762421,0.5241329726,average,0.6206846833,0.5375762421,
O1/0071/1,,videos/sample_000280_O1__0071__1.pt,ok,0.6240305305,0.6336643100,0.5357805998,0.5306437908,average,0.6240305305,0.5357805998,
O1/0071/2,,videos/sample_000281_O1__0071__2.pt,ok,0.6232315898,0.6349312067,0.5362088277,0.5299719456,average,0.6232315898,0.5362088277,
O1/0071/3,,videos/sample_000282_O1__0071__3.pt,ok,0.6226447821,0.6353590488,0.5365235716,0.5297452497,average,0.6226447821,0.5365235716,
O1/0071/4,,videos/sample_000283_O1__0071__4.pt,ok,0.6240437031,0.6349923015,0.5357735422,0.5299395681,average,0.6240437031,0.5357735422,
O1/0072/1,,videos/sample_000284_O1__0072__1.pt,ok,0.5519305468,0.5711470842,0.5758370563,0.5648771053,average,0.5519305468,0.5758370563,
O1/0072/2,,videos/sample_000285_O1__0072__2.pt,ok,0.5571295619,0.5859277844,0.5728510396,0.5565892274,average,0.5571295619,0.5728510396,
O1/0072/3,,videos/sample_000286_O1__0072__3.pt,ok,0.5550214648,0.5868016481,0.5740599390,0.5561030567,average,0.5550214648,0.5740599390,
O1/0072/4,,videos/sample_000287_O1__0072__4.pt,ok,0.5546380281,0.5737229586,0.5742800968,0.5634239253,average,0.5546380281,0.5742800968,
O1/0073/1,,videos/sample_000288_O1__0073__1.pt,ok,0.5714884996,0.5882171988,0.5646842805,0.5553164215,average,0.5714884996,0.5646842805,
O1/0073/2,,videos/sample_000289_O1__0073__2.pt,ok,0.5719473362,0.5907423496,0.5644252421,0.5539159328,average,0.5719473362,0.5644252421,
O1/0073/3,,videos/sample_000290_O1__0073__3.pt,ok,0.5687219501,0.5875999928,0.5662486705,0.5556592720,average,0.5687219501,0.5662486705,
O1/0073/4,,videos/sample_000291_O1__0073__4.pt,ok,0.5688032508,0.5836347342,0.5662026360,0.5578669789,average,0.5688032508,0.5662026360,
O1/0074/1,,videos/sample_000292_O1__0074__1.pt,ok,0.6268533468,0.6541114450,0.5342703222,0.5199038206,average,0.6268533468,0.5342703222,
O1/0074/2,,videos/sample_000293_O1__0074__2.pt,ok,0.6270837188,0.6549954414,0.5341472554,0.5194444305,average,0.6270837188,0.5341472554,
O1/0074/3,,videos/sample_000294_O1__0074__3.pt,ok,0.6247752309,0.6549954414,0.5353817523,0.5194444305,average,0.6247752309,0.5353817523,
O1/0074/4,,videos/sample_000295_O1__0074__4.pt,ok,0.6273137927,0.6541114450,0.5340243762,0.5199038206,average,0.6273137927,0.5340243762,
O1/0075/1,,videos/sample_000296_O1__0075__1.pt,ok,0.5535575151,0.5718465447,0.5749009493,0.5644821342,average,0.5535575151,0.5749009493,
O1/0075/2,,videos/sample_000297_O1__0075__2.pt,ok,0.5584233999,0.5771374702,0.5721103424,0.5615033884,average,0.5584233999,0.5721103424,
O1/0075/3,,videos/sample_000298_O1__0075__3.pt,ok,0.5586448312,0.5907008052,0.5719836733,0.5539389454,average,0.5586448312,0.5719836733,
O1/0075/4,,videos/sample_000299_O1__0075__4.pt,ok,0.5629029870,0.5927496552,0.5695532559,0.5528051694,average,0.5629029870,0.5695532559,
O1/0076/1,,videos/sample_000300_O1__0076__1.pt,ok,0.5576348901,0.5852357149,0.5725616349,0.5569745591,average,0.5576348901,0.5725616349,
O1/0076/2,,videos/sample_000301_O1__0076__2.pt,ok,0.5529454350,0.5709099770,0.5752529424,0.5650110577,average,0.5529454350,0.5752529424,
O1/0076/3,,videos/sample_000302_O1__0076__3.pt,ok,0.5543311238,0.5726591945,0.5744563729,0.5640235943,average,0.5543311238,0.5744563729,
O1/0076/4,,videos/sample_000303_O1__0076__4.pt,ok,0.5575884581,0.5862987638,0.5725882207,0.5563827826,average,0.5575884581,0.5725882207,
O1/0077/1,,videos/sample_000304_O1__0077__1.pt,ok,0.6164382696,0.6320067048,0.5398638669,0.5315241181,average,0.6164382696,0.5398638669,
O1/0077/2,,videos/sample_000305_O1__0077__2.pt,ok,0.6164526343,0.6317117810,0.5398561119,0.5316809003,average,0.6164526343,0.5398561119,
O1/0077/3,,videos/sample_000306_O1__0077__3.pt,ok,0.6177514791,0.6335726380,0.5391553778,0.5306924382,average,0.6177514791,0.5391553778,
O1/0077/4,,videos/sample_000307_O1__0077__4.pt,ok,0.6178773046,0.6334729195,0.5390875426,0.5307453607,average,0.6178773046,0.5390875426,
O1/0078/1,,videos/sample_000308_O1__0078__1.pt,ok,0.5739561915,0.5949829221,0.5632925316,0.5515719855,average,0.5739561915,0.5632925316,
O1/0078/2,,videos/sample_000309_O1__0078__2.pt,ok,0.5744718909,0.5885452032,0.5630021168,0.5551343052,average,0.5744718909,0.5630021168,
O1/0078/3,,videos/sample_000310_O1__0078__3.pt,ok,0.5744953752,0.5980108976,0.5629888953,0.5499043650,average,0.5744953752,0.5629888953,
O1/0078/4,,videos/sample_000311_O1__0078__4.pt,ok,0.5706917048,0.5864981413,0.5651343973,0.5562718634,average,0.5706917048,0.5651343973,
O1/0079/1,,videos/sample_000312_O1__0079__1.pt,ok,0.5658271313,0.5851205587,0.5678902327,0.5570387019,average,0.5658271313,0.5678902327,
O1/0079/2,,videos/sample_000313_O1__0079__2.pt,ok,0.5716041327,0.5939235091,0.5646189881,0.5521566376,average,0.5716041327,0.5646189881,
O1/0079/3,,videos/sample_000314_O1__0079__3.pt,ok,0.5701438189,0.5879585743,0.5654441113,0.5554600585,average,0.5701438189,0.5654441113,
O1/0079/4,,videos/sample_000315_O1__0079__4.pt,ok,0.5691474676,0.5988907814,0.5660077730,0.5494207259,average,0.5691474676,0.5660077730,
O1/0080/1,,videos/sample_000316_O1__0080__1.pt,ok,0.5684308410,0.5885429382,0.5664135346,0.5551355625,average,0.5684308410,0.5664135346,
O1/0080/2,,videos/sample_000317_O1__0080__2.pt,ok,0.5824863911,0.6119018793,0.5585079695,0.5423184634,average,0.5824863911,0.5585079695,
O1/0080/3,,videos/sample_000318_O1__0080__3.pt,ok,0.5772904158,0.6167536378,0.5614175156,0.5396936378,average,0.5772904158,0.5614175156,
O1/0080/4,,videos/sample_000319_O1__0080__4.pt,ok,0.5807972550,0.6132300496,0.5594521627,0.5415986502,average,0.5807972550,0.5594521627,
O1/0081/1,,videos/sample_000320_O1__0081__1.pt,ok,0.6027622819,0.6141567230,0.5472977555,0.5410969976,average,0.6027622819,0.5472977555,
O1/0081/2,,videos/sample_000321_O1__0081__2.pt,ok,0.6023167372,0.6146418452,0.5475416554,0.5408345631,average,0.6023167372,0.5475416554,
O1/0081/3,,videos/sample_000322_O1__0081__3.pt,ok,0.6029273272,0.6150693297,0.5472074340,0.5406034141,average,0.6029273272,0.5472074340,
O1/0081/4,,videos/sample_000323_O1__0081__4.pt,ok,0.6032506824,0.6142103672,0.5470305203,0.5410679717,average,0.6032506824,0.5470305203,
O1/0082/1,,videos/sample_000324_O1__0082__1.pt,ok,0.6018562317,0.6198060513,0.5477938595,0.5380487814,average,0.6018562317,0.5477938595,
O1/0082/2,,videos/sample_000325_O1__0082__2.pt,ok,0.5941898823,0.6002370715,0.5520095775,0.5486815439,average,0.5941898823,0.5520095775,
O1/0082/3,,videos/sample_000326_O1__0082__3.pt,ok,0.6035319567,0.6198235154,0.5468766763,0.5380393849,average,0.6035319567,0.5468766763,
O1/0082/4,,videos/sample_000327_O1__0082__4.pt,ok,0.5999501348,0.6176397800,0.5488390034,0.5392156043,average,0.5999501348,0.5488390034,
O1/0083/1,,videos/sample_000328_O1__0083__1.pt,ok,0.5831212997,0.6142067909,0.5581534805,0.5410699067,average,0.5831212997,0.5581534805,
O1/0083/2,,videos/sample_000329_O1__0083__2.pt,ok,0.5827724934,0.6127092242,0.5583482020,0.5418808020,average,0.5827724934,0.5583482020,
O1/0083/3,,videos/sample_000330_O1__0083__3.pt,ok,0.5780490637,0.6047559381,0.5609917588,0.5462077189,average,0.5780490637,0.5609917588,
O1/0083/4,,videos/sample_000331_O1__0083__4.pt,ok,0.5820433497,0.6187951565,0.5587554665,0.5385929671,average,0.5820433497,0.5587554665,
O1/0084/1,,videos/sample_000332_O1__0084__1.pt,ok,0.5788346529,0.6024644375,0.5605512228,0.5474607893,average,0.5788346529,0.5605512228,
O1/0084/2,,videos/sample_000333_O1__0084__2.pt,ok,0.5774057508,0.5922526717,0.5613527682,0.5530799728,average,0.5774057508,0.5613527682,
O1/0084/3,,videos/sample_000334_O1__0084__3.pt,ok,0.5770788789,0.5930597186,0.5615362886,0.5526337914,average,0.5770788789,0.5615362886,
O1/0084/4,,videos/sample_000335_O1__0084__4.pt,ok,0.5781829357,0.6002780795,0.5609166628,0.5486590440,average,0.5781829357,0.5609166628,
O1/0085/1,,videos/sample_000336_O1__0085__1.pt,ok,0.5677517653,0.5936416388,0.5667983030,0.5523122962,average,0.5677517653,0.5667983030,
O1/0085/2,,videos/sample_000337_O1__0085__2.pt,ok,0.5648128390,0.5862420201,0.5684665315,0.5564143546,average,0.5648128390,0.5684665315,
O1/0085/3,,videos/sample_000338_O1__0085__3.pt,ok,0.5658504963,0.5873461962,0.5678769641,0.5558003143,average,0.5658504963,0.5678769641,
O1/0085/4,,videos/sample_000339_O1__0085__4.pt,ok,0.5668513775,0.5922591686,0.5673088710,0.5530763795,average,0.5668513775,0.5673088710,
O1/0086/1,,videos/sample_000340_O1__0086__1.pt,ok,0.6156149507,0.6289491057,0.5403085300,0.5331517929,average,0.6156149507,0.5403085300,
O1/0086/2,,videos/sample_000341_O1__0086__2.pt,ok,0.6131930947,0.6284371018,0.5416186653,0.5334248386,average,0.6131930947,0.5416186653,
O1/0086/3,,videos/sample_000342_O1__0086__3.pt,ok,0.6157641411,0.6306864023,0.5402279272,0.5322263542,average,0.6157641411,0.5402279272,
O1/0086/4,,videos/sample_000343_O1__0086__4.pt,ok,0.6145607233,0.6296742558,0.5408784384,0.5327653179,average,0.6145607233,0.5408784384,
O1/0087/1,,videos/sample_000344_O1__0087__1.pt,ok,0.5689240694,0.5930098295,0.5661342323,0.5526613624,average,0.5689240694,0.5661342323,
O1/0087/2,,videos/sample_000345_O1__0087__2.pt,ok,0.5681549311,0.5939735770,0.5665698353,0.5521289930,average,0.5681549311,0.5665698353,
O1/0087/3,,videos/sample_000346_O1__0087__3.pt,ok,0.5670598149,0.5867302418,0.5671906349,0.5561427674,average,0.5670598149,0.5671906349,
O1/0087/4,,videos/sample_000347_O1__0087__4.pt,ok,0.5664193034,0.5877664089,0.5675540434,0.5555668090,average,0.5664193034,0.5675540434,
O1/0088/1,,videos/sample_000348_O1__0088__1.pt,ok,0.5711665154,0.5967999697,0.5648661292,0.5505706629,average,0.5711665154,0.5648661292,
O1/0088/2,,videos/sample_000349_O1__0088__2.pt,ok,0.5644847751,0.5795720816,0.5686530555,0.5601380087,average,0.5644847751,0.5686530555,
O1/0088/3,,videos/sample_000350_O1__0088__3.pt,ok,0.5707659721,0.5974552631,0.5650924278,0.5502099958,average,0.5707659721,0.5650924278,
O1/0088/4,,videos/sample_000351_O1__0088__4.pt,ok,0.5722391605,0.5948327780,0.5642605531,0.5516548070,average,0.5722391605,0.5642605531,
O1/0089/1,,videos/sample_000352_O1__0089__1.pt,ok,0.5639175773,0.5883760452,0.5689756858,0.5552282185,average,0.5639175773,0.5689756858,
O1/0089/2,,videos/sample_000353_O1__0089__2.pt,ok,0.5688067079,0.5955031514,0.5662006786,0.5512851162,average,0.5688067079,0.5662006786,
O1/0089/3,,videos/sample_000354_O1__0089__3.pt,ok,0.5700283647,0.6008645296,0.5655093980,0.5483373772,average,0.5700283647,0.5655093980,
O1/0089/4,,videos/sample_000355_O1__0089__4.pt,ok,0.5687720180,0.5959916711,0.5662203203,0.5510158683,average,0.5687720180,0.5662203203,
O1/0090/1,,videos/sample_000356_O1__0090__1.pt,ok,0.5829610229,0.6016522646,0.5582429468,0.5479056028,average,0.5829610229,0.5582429468,
O1/0090/2,,videos/sample_000357_O1__0090__2.pt,ok,0.5810725689,0.5995768309,0.5592981589,0.5490439254,average,0.5810725689,0.5592981589,
O1/0090/3,,videos/sample_000358_O1__0090__3.pt,ok,0.5814067125,0.6014331579,0.5591113042,0.5480256657,average,0.5814067125,0.5591113042,
O1/0090/4,,videos/sample_000359_O1__0090__4.pt,ok,0.5828272700,0.6021963954,0.5583176183,0.5476075515,average,0.5828272700,0.5583176183,
O1/0091/1,,videos/sample_000360_O1__0091__1.pt,ok,0.5820002556,0.6013455987,0.5587795461,0.5480736525,average,0.5820002556,0.5587795461,
O1/0091/2,,videos/sample_000361_O1__0091__2.pt,ok,0.5848917961,0.6049841046,0.5571661461,0.5460831068,average,0.5848917961,0.5571661461,
O1/0091/3,,videos/sample_000362_O1__0091__3.pt,ok,0.5840200782,0.6053605080,0.5576520496,0.5458775979,average,0.5840200782,0.5576520496,
O1/0091/4,,videos/sample_000363_O1__0091__4.pt,ok,0.5832067132,0.6002953649,0.5581058087,0.5486495604,average,0.5832067132,0.5581058087,
O1/0092/1,,videos/sample_000364_O1__0092__1.pt,ok,0.6242129207,0.6501213908,0.5356828876,0.5219824090,average,0.6242129207,0.5356828876,
O1/0092/2,,videos/sample_000365_O1__0092__2.pt,ok,0.6244728565,0.6501213908,0.5355436625,0.5219824090,average,0.6244728565,0.5355436625,
O1/0092/3,,videos/sample_000366_O1__0092__3.pt,ok,0.6240428686,0.6477762461,0.5357739893,0.5232079698,average,0.6240428686,0.5357739893,
O1/0092/4,,videos/sample_000367_O1__0092__4.pt,ok,0.6233509183,0.6477762461,0.5361448466,0.5232079698,average,0.6233509183,0.5361448466,
O1/0093/1,,videos/sample_000368_O1__0093__1.pt,ok,0.5687723756,0.5896248817,0.5662201179,0.5545352620,average,0.5687723756,0.5662201179,
O1/0093/2,,videos/sample_000369_O1__0093__2.pt,ok,0.5694994926,0.5896248817,0.5658085592,0.5545352620,average,0.5694994926,0.5658085592,
O1/0093/3,,videos/sample_000370_O1__0093__3.pt,ok,0.5670844316,0.5877889991,0.5671766727,0.5555542588,average,0.5670844316,0.5671766727,
O1/0093/4,,videos/sample_000371_O1__0093__4.pt,ok,0.5687358379,0.5892478824,0.5662408066,0.5547443609,average,0.5687358379,0.5662408066,
O1/0094/1,,videos/sample_000372_O1__0094__1.pt,ok,0.5653110147,0.5918639302,0.5681834059,0.5532950197,average,0.5653110147,0.5681834059,
O1/0094/2,,videos/sample_000373_O1__0094__2.pt,ok,0.5606386065,0.5889887214,0.5708444025,0.5548881476,average,0.5606386065,0.5708444025,
O1/0094/3,,videos/sample_000374_O1__0094__3.pt,ok,0.5680277348,0.5992051363,0.5666419055,0.5492480400,average,0.5680277348,0.5666419055,
O1/0094/4,,videos/sample_000375_O1__0094__4.pt,ok,0.5672810078,0.5985446572,0.5670651903,0.5496109266,average,0.5672810078,0.5670651903,
O1/0095/1,,videos/sample_000376_O1__0095__1.pt,ok,0.5774143338,0.5998332500,0.5613479501,0.5489031580,average,0.5774143338,0.5613479501,
O1/0095/2,,videos/sample_000377_O1__0095__2.pt,ok,0.5830852985,0.6074950695,0.5581735751,0.5447136313,average,0.5830852985,0.5581735751,
O1/0095/3,,videos/sample_000378_O1__0095__3.pt,ok,0.5835510492,0.6074950695,0.5579136659,0.5447136313,average,0.5835510492,0.5579136659,
O1/0095/4,,videos/sample_000379_O1__0095__4.pt,ok,0.5768947005,0.5915752649,0.5616397210,0.5534547598,average,0.5768947005,0.5616397210,
O1/0096/1,,videos/sample_000380_O1__0096__1.pt,ok,0.5708743334,0.5894148350,0.5650311970,0.5546517526,average,0.5708743334,0.5650311970,
O1/0096/2,,videos/sample_000381_O1__0096__2.pt,ok,0.5732535124,0.6014651060,0.5636884846,0.5480081576,average,0.5732535124,0.5636884846,
O1/0096/3,,videos/sample_000382_O1__0096__3.pt,ok,0.5676642656,0.5871545672,0.5668478998,0.5559068319,average,0.5676642656,0.5668478998,
O1/0096/4,,videos/sample_000383_O1__0096__4.pt,ok,0.5707265735,0.5982799530,0.5651146922,0.5497564302,average,0.5707265735,0.5651146922,
O1/0097/1,,videos/sample_000384_O1__0097__1.pt,ok,0.6233612299,0.6493811607,0.5361393181,0.5223689392,average,0.6233612299,0.5361393181,
O1/0097/2,,videos/sample_000385_O1__0097__2.pt,ok,0.6221606135,0.6493532658,0.5367834023,0.5223835108,average,0.6221606135,0.5367834023,
O1/0097/3,,videos/sample_000386_O1__0097__3.pt,ok,0.6215810776,0.6493532658,0.5370945777,0.5223835108,average,0.6215810776,0.5370945777,
O1/0097/4,,videos/sample_000387_O1__0097__4.pt,ok,0.6229292750,0.6493811607,0.5363709561,0.5223689392,average,0.6229292750,0.5363709561,
O1/0098/1,,videos/sample_000388_O1__0098__1.pt,ok,0.5804015398,0.6014016867,0.5596735902,0.5480429130,average,0.5804015398,0.5596735902,
O1/0098/2,,videos/sample_000389_O1__0098__2.pt,ok,0.5824111700,0.6019517183,0.5585499827,0.5477415550,average,0.5824111700,0.5585499827,
O1/0098/3,,videos/sample_000390_O1__0098__3.pt,ok,0.5818828940,0.6031520963,0.5588451291,0.5470844525,average,0.5818828940,0.5588451291,
O1/0098/4,,videos/sample_000391_O1__0098__4.pt,ok,0.5810946822,0.6018669605,0.5592857911,0.5477879823,average,0.5810946822,0.5592857911,
O1/0099/1,,videos/sample_000392_O1__0099__1.pt,ok,0.6317153573,0.6412825584,0.5316789989,0.5266165742,average,0.6317153573,0.5316789989,
O1/0099/2,,videos/sample_000393_O1__0099__2.pt,ok,0.6298210025,0.6403235793,0.5326871421,0.5271218307,average,0.6298210025,0.5326871421,
O1/0099/3,,videos/sample_000394_O1__0099__3.pt,ok,0.6314665079,0.6403235793,0.5318113233,0.5271218307,average,0.6314665079,0.5318113233,
O1/0099/4,,videos/sample_000395_O1__0099__4.pt,ok,0.6309769750,0.6412825584,0.5320717262,0.5266165742,average,0.6309769750,0.5320717262,
O1/0100/1,,videos/sample_000396_O1__0100__1.pt,ok,0.5811441541,0.5984255075,0.5592581229,0.5496764165,average,0.5811441541,0.5592581229,
O1/0100/2,,videos/sample_000397_O1__0100__2.pt,ok,0.5823968053,0.5997098684,0.5585580061,0.5489708868,average,0.5823968053,0.5585580061,
O1/0100/3,,videos/sample_000398_O1__0100__3.pt,ok,0.5827023387,0.6051313877,0.5583873741,0.5460026839,average,0.5827023387,0.5583873741,
O1/0100/4,,videos/sample_000399_O1__0100__4.pt,ok,0.5830922127,0.6009991765,0.5581697158,0.5482635503,average,0.5830922127,0.5581697158,
O1/0101/1,,videos/sample_000400_O1__0101__1.pt,ok,0.5533969998,0.5718902946,0.5749932371,0.5644574388,average,0.5533969998,0.5749932371,
O1/0101/2,,videos/sample_000401_O1__0101__2.pt,ok,0.5624246597,0.5967414975,0.5698257539,0.5506028569,average,0.5624246597,0.5698257539,
O1/0101/3,,videos/sample_000402_O1__0101__3.pt,ok,0.5592831373,0.5902011395,0.5716186891,0.5542157989,average,0.5592831373,0.5716186891,
O1/0101/4,,videos/sample_000403_O1__0101__4.pt,ok,0.5598851442,0.5943036675,0.5712746743,0.5519467705,average,0.5598851442,0.5712746743,
O1/0102/1,,videos/sample_000404_O1__0102__1.pt,ok,0.6253315210,0.6399776340,0.5350840075,0.5273042176,average,0.6253315210,0.5350840075,
O1/0102/2,,videos/sample_000405_O1__0102__2.pt,ok,0.6263232827,0.6411235929,0.5345535948,0.5267002948,average,0.6263232827,0.5345535948,
O1/0102/3,,videos/sample_000406_O1__0102__3.pt,ok,0.6260930896,0.6399776340,0.5346766595,0.5273042176,average,0.6260930896,0.5346766595,
O1/0102/4,,videos/sample_000407_O1__0102__4.pt,ok,0.6272546053,0.6411235929,0.5340559847,0.5267002948,average,0.6272546053,0.5340559847,
O1/0103/1,,videos/sample_000408_O1__0103__1.pt,ok,0.5810942054,0.5994095206,0.5592860578,0.5491357937,average,0.5810942054,0.5592860578,
O1/0103/2,,videos/sample_000409_O1__0103__2.pt,ok,0.5833166838,0.6027846932,0.5580444369,0.5472854900,average,0.5833166838,0.5580444369,
O1/0103/3,,videos/sample_000410_O1__0103__3.pt,ok,0.5820342898,0.5996873975,0.5587605287,0.5489832228,average,0.5820342898,0.5587605287,
O1/0103/4,,videos/sample_000411_O1__0103__4.pt,ok,0.5833789110,0.6035758257,0.5580097124,0.5468526859,average,0.5833789110,0.5580097124,
O1/0104/1,,videos/sample_000412_O1__0104__1.pt,ok,0.5884336233,0.6217956543,0.5551962505,0.5369793421,average,0.5884336233,0.5551962505,
O1/0104/2,,videos/sample_000413_O1__0104__2.pt,ok,0.5887306929,0.6217956543,0.5550313431,0.5369793421,average,0.5887306929,0.5550313431,
O1/0104/3,,videos/sample_000414_O1__0104__3.pt,ok,0.5828322172,0.6129676104,0.5583148563,0.5417408056,average,0.5828322172,0.5583148563,
O1/0104/4,,videos/sample_000415_O1__0104__4.pt,ok,0.5825535655,0.6129676104,0.5584704533,0.5417408056,average,0.5825535655,0.5584704533,
O1/0105/1,,videos/sample_000416_O1__0105__1.pt,ok,0.6208178401,0.6356867552,0.5375046649,0.5295716773,average,0.6208178401,0.5375046649,
O1/0105/2,,videos/sample_000417_O1__0105__2.pt,ok,0.6198008060,0.6349669099,0.5380516035,0.5299530242,average,0.6198008060,0.5380516035,
O1/0105/3,,videos/sample_000418_O1__0105__3.pt,ok,0.6221481562,0.6356867552,0.5367900892,0.5295716773,average,0.6221481562,0.5367900892,
O1/0105/4,,videos/sample_000419_O1__0105__4.pt,ok,0.6216359735,0.6349669099,0.5370650943,0.5299530242,average,0.6216359735,0.5370650943,
O1/0106/1,,videos/sample_000420_O1__0106__1.pt,ok,0.5690315962,0.5845081210,0.5660733610,0.5573799579,average,0.5690315962,0.5660733610,
O1/0106/2,,videos/sample_000421_O1__0106__2.pt,ok,0.5667873621,0.5823855400,0.5673451887,0.5585642985,average,0.5667873621,0.5673451887,
O1/0106/3,,videos/sample_000422_O1__0106__3.pt,ok,0.5714867711,0.5975918770,0.5646852566,0.5501348346,average,0.5714867711,0.5646852566,
O1/0106/4,,videos/sample_000423_O1__0106__4.pt,ok,0.5707487464,0.5951797366,0.5651021620,0.5514634388,average,0.5707487464,0.5651021620,
O1/0107/1,,videos/sample_000424_O1__0107__1.pt,ok,0.5939266682,0.6239494681,0.5521548934,0.5358240332,average,0.5939266682,0.5521548934,
O1/0107/2,,videos/sample_000425_O1__0107__2.pt,ok,0.5954641700,0.6234808564,0.5513066065,0.5360751854,average,0.5954641700,0.5513066065,
O1/0107/3,,videos/sample_000426_O1__0107__3.pt,ok,0.5911819339,0.6175130010,0.5536724936,0.5392839699,average,0.5911819339,0.5536724936,
O1/0107/4,,videos/sample_000427_O1__0107__4.pt,ok,0.5941978693,0.6231817603,0.5520051686,0.5362355474,average,0.5941978693,0.5520051686,
O1/0108/1,,videos/sample_000428_O1__0108__1.pt,ok,0.6389322877,0.6454452276,0.5278557213,0.5244289998,average,0.6389322877,0.5278557213,
O1/0108/2,,videos/sample_000429_O1__0108__2.pt,ok,0.6385008097,0.6450980306,0.5280835286,0.5246111117,average,0.6385008097,0.5280835286,
O1/0108/3,,videos/sample_000430_O1__0108__3.pt,ok,0.6387971640,0.6459684968,0.5279270520,0.5241546541,average,0.6387971640,0.5279270520,
O1/0108/4,,videos/sample_000431_O1__0108__4.pt,ok,0.6380438209,0.6456456184,0.5283249120,0.5243239196,average,0.6380438209,0.5283249120,
O1/0109/1,,videos/sample_000432_O1__0109__1.pt,ok,0.5880056024,0.6122513413,0.5554339369,0.5421289768,average,0.5880056024,0.5554339369,
O1/0109/2,,videos/sample_000433_O1__0109__2.pt,ok,0.5804516077,0.6028149128,0.5596455692,0.5472689515,average,0.5804516077,0.5596455692,
O1/0109/3,,videos/sample_000434_O1__0109__3.pt,ok,0.5870718360,0.6115469337,0.5559528247,0.5425109911,average,0.5870718360,0.5559528247,
O1/0109/4,,videos/sample_000435_O1__0109__4.pt,ok,0.5848144889,0.6165655851,0.5572092207,0.5397951382,average,0.5848144889,0.5572092207,
O1/0110/1,,videos/sample_000436_O1__0110__1.pt,ok,0.5865636468,0.6148489714,0.5562354257,0.5407225537,average,0.5865636468,0.5562354257,
O1/0110/2,,videos/sample_000437_O1__0110__2.pt,ok,0.5882123113,0.6172223687,0.5553191357,0.5394407260,average,0.5882123113,0.5553191357,
O1/0110/3,,videos/sample_000438_O1__0110__3.pt,ok,0.5853000879,0.6205196381,0.5569387061,0.5376649738,average,0.5853000879,0.5569387061,
O1/0110/4,,videos/sample_000439_O1__0110__4.pt,ok,0.5792824030,0.6057757139,0.5603002922,0.5456509934,average,0.5792824030,0.5603002922,
O1/0111/1,,videos/sample_000440_O1__0111__1.pt,ok,0.5783330798,0.6032688618,0.5608324508,0.5470205757,average,0.5783330798,0.5608324508,
O1/0111/2,,videos/sample_000441_O1__0111__2.pt,ok,0.5749028325,0.6023080945,0.5627595481,0.5475463877,average,0.5749028325,0.5627595481,
O1/0111/3,,videos/sample_000442_O1__0111__3.pt,ok,0.5761566162,0.5937128663,0.5620544115,0.5522729577,average,0.5761566162,0.5620544115,
O1/0111/4,,videos/sample_000443_O1__0111__4.pt,ok,0.5693553090,0.5849943757,0.5658901454,0.5571089951,average,0.5693553090,0.5658901454,
O1/0112/1,,videos/sample_000444_O1__0112__1.pt,ok,0.6217241883,0.6343130469,0.5370177192,0.5302996542,average,0.6217241883,0.5370177192,
O1/0112/2,,videos/sample_000445_O1__0112__2.pt,ok,0.6197917461,0.6325812340,0.5380564783,0.5312188297,average,0.6197917461,0.5380564783,
O1/0112/3,,videos/sample_000446_O1__0112__3.pt,ok,0.6219824553,0.6353061795,0.5368790432,0.5297732578,average,0.6219824553,0.5368790432,
O1/0112/4,,videos/sample_000447_O1__0112__4.pt,ok,0.6225340962,0.6349644661,0.5365829604,0.5299543193,average,0.6225340962,0.5365829604,
O1/0113/1,,videos/sample_000448_O1__0113__1.pt,ok,0.5734920502,0.5895531774,0.5635540396,0.5545750261,average,0.5734920502,0.5635540396,
O1/0113/2,,videos/sample_000449_O1__0113__2.pt,ok,0.5719601512,0.5948374867,0.5644180091,0.5516522094,average,0.5719601512,0.5644180091,
O1/0113/3,,videos/sample_000450_O1__0113__3.pt,ok,0.5728118420,0.5957549810,0.5639375041,0.5511463037,average,0.5728118420,0.5639375041,
O1/0113/4,,videos/sample_000451_O1__0113__4.pt,ok,0.5690315962,0.5849969983,0.5660733610,0.5571075341,average,0.5690315962,0.5660733610,
O1/0114/1,,videos/sample_000452_O1__0114__1.pt,ok,0.5837332606,0.6016346216,0.5578120169,0.5479152695,average,0.5837332606,0.5578120169,
O1/0114/2,,videos/sample_000453_O1__0114__2.pt,ok,0.5846448541,0.6031631827,0.5573037508,0.5470783873,average,0.5846448541,0.5573037508,
O1/0114/3,,videos/sample_000454_O1__0114__3.pt,ok,0.5832484365,0.6005724669,0.5580825232,0.5484975495,average,0.5832484365,0.5580825232,
O1/0114/4,,videos/sample_000455_O1__0114__4.pt,ok,0.5848090053,0.6016346216,0.5572122763,0.5479152695,average,0.5848090053,0.5572122763,
O1/0115/1,,videos/sample_000456_O1__0115__1.pt,ok,0.6166826487,0.6474115849,0.5397319516,0.5233987983,average,0.6166826487,0.5397319516,
O1/0115/2,,videos/sample_000457_O1__0115__2.pt,ok,0.6184335351,0.6472870708,0.5387877690,0.5234639729,average,0.6184335351,0.5387877690,
O1/0115/3,,videos/sample_000458_O1__0115__3.pt,ok,0.6185464859,0.6472870708,0.5387269160,0.5234639729,average,0.6185464859,0.5387269160,
O1/0115/4,,videos/sample_000459_O1__0115__4.pt,ok,0.6184415817,0.6474115849,0.5387834336,0.5233987983,average,0.6184415817,0.5387834336,
O1/0116/1,,videos/sample_000460_O1__0116__1.pt,ok,0.6251522899,0.6387792230,0.5351799198,0.5279365236,average,0.6251522899,0.5351799198,
O1/0116/2,,videos/sample_000461_O1__0116__2.pt,ok,0.6233025789,0.6387792230,0.5361707641,0.5279365236,average,0.6233025789,0.5361707641,
O1/0116/3,,videos/sample_000462_O1__0116__3.pt,ok,0.6250476837,0.6398054361,0.5352359059,0.5273950261,average,0.6250476837,0.5352359059,
O1/0116/4,,videos/sample_000463_O1__0116__4.pt,ok,0.6255185604,0.6398054361,0.5349839351,0.5273950261,average,0.6255185604,0.5349839351,
O1/0117/1,,videos/sample_000464_O1__0117__1.pt,ok,0.5701389313,0.5837601423,0.5654468750,0.5577970222,average,0.5701389313,0.5654468750,
O1/0117/2,,videos/sample_000465_O1__0117__2.pt,ok,0.5803309679,0.6058619618,0.5597130888,0.5456039341,average,0.5803309679,0.5597130888,
O1/0117/3,,videos/sample_000466_O1__0117__3.pt,ok,0.5799207091,0.6064371467,0.5599427632,0.5452902013,average,0.5799207091,0.5599427632,
O1/0117/4,,videos/sample_000467_O1__0117__4.pt,ok,0.5770451427,0.6093827486,0.5615552331,0.5436863567,average,0.5770451427,0.5615552331,
O1/0118/1,,videos/sample_000468_O1__0118__1.pt,ok,0.5770764351,0.5946389437,0.5615376609,0.5517617470,average,0.5770764351,0.5615376609,
O1/0118/2,,videos/sample_000469_O1__0118__2.pt,ok,0.5781188011,0.5983605385,0.5609526381,0.5497121296,average,0.5781188011,0.5609526381,
O1/0118/3,,videos/sample_000470_O1__0118__3.pt,ok,0.5772460699,0.5967062116,0.5614424126,0.5506222858,average,0.5772460699,0.5614424126,
O1/0118/4,,videos/sample_000471_O1__0118__4.pt,ok,0.5761906505,0.5940862894,0.5620352827,0.5520667647,average,0.5761906505,0.5620352827,
O1/0119/1,,videos/sample_000472_O1__0119__1.pt,ok,0.5869555473,0.6189606786,0.5560174795,0.5385038254,average,0.5869555473,0.5560174795,
O1/0119/2,,videos/sample_000473_O1__0119__2.pt,ok,0.5776913166,0.6098142266,0.5611924879,0.5434518186,average,0.5776913166,0.5611924879,
O1/0119/3,,videos/sample_000474_O1__0119__3.pt,ok,0.5812410712,0.6098142266,0.5592039238,0.5434518186,average,0.5812410712,0.5592039238,
O1/0119/4,,videos/sample_000475_O1__0119__4.pt,ok,0.5883628130,0.6189606786,0.5552355655,0.5385038254,average,0.5883628130,0.5552355655,
O1/0120/1,,videos/sample_000476_O1__0120__1.pt,ok,0.6220797300,0.6498636007,0.5368268210,0.5221169883,average,0.6220797300,0.5368268210,
O1/0120/2,,videos/sample_000477_O1__0120__2.pt,ok,0.6221945882,0.6482456326,0.5367651656,0.5229624407,average,0.6221945882,0.5367651656,
O1/0120/3,,videos/sample_000478_O1__0120__3.pt,ok,0.6210412383,0.6498636007,0.5373846008,0.5221169883,average,0.6210412383,0.5373846008,
O1/0120/4,,videos/sample_000479_O1__0120__4.pt,ok,0.6221034527,0.6482456326,0.5368140862,0.5229624407,average,0.6221034527,0.5368140862,
O1/0121/1,,videos/sample_000480_O1__0121__1.pt,ok,0.6257279515,0.6503471732,0.5348719259,0.5218645679,average,0.6257279515,0.5348719259,
O1/0121/2,,videos/sample_000481_O1__0121__2.pt,ok,0.6251064539,0.6511775255,0.5352044509,0.5214314163,average,0.6251064539,0.5352044509,
O1/0121/3,,videos/sample_000482_O1__0121__3.pt,ok,0.6244540811,0.6511775255,0.5355537176,0.5214314163,average,0.6244540811,0.5355537176,
O1/0121/4,,videos/sample_000483_O1__0121__4.pt,ok,0.6254577637,0.6503471732,0.5350164614,0.5218645679,average,0.6254577637,0.5350164614,
O1/0122/1,,videos/sample_000484_O1__0122__1.pt,ok,0.5714882612,0.6118690372,0.5646844151,0.5423362746,average,0.5714882612,0.5646844151,
O1/0122/2,,videos/sample_000485_O1__0122__2.pt,ok,0.5728998780,0.6108160615,0.5638878594,0.5429076422,average,0.5728998780,0.5638878594,
O1/0122/3,,videos/sample_000486_O1__0122__3.pt,ok,0.5732967854,0.6110438108,0.5636640926,0.5427840094,average,0.5732967854,0.5636640926,
O1/0122/4,,videos/sample_000487_O1__0122__4.pt,ok,0.5644629598,0.5973457694,0.5686654610,0.5502702436,average,0.5644629598,0.5686654610,
O1/0123/1,,videos/sample_000488_O1__0123__1.pt,ok,0.5726632476,0.5941378474,0.5640213083,0.5520383020,average,0.5726632476,0.5640213083,
O1/0123/2,,videos/sample_000489_O1__0123__2.pt,ok,0.5704049468,0.5903432369,0.5652964773,0.5541370518,average,0.5704049468,0.5652964773,
O1/0123/3,,videos/sample_000490_O1__0123__3.pt,ok,0.5699543953,0.5908085704,0.5655512299,0.5538792533,average,0.5699543953,0.5655512299,
O1/0123/4,,videos/sample_000491_O1__0123__4.pt,ok,0.5721866488,0.5938746333,0.5642901842,0.5521836254,average,0.5721866488,0.5642901842,
O1/0124/1,,videos/sample_000492_O1__0124__1.pt,ok,0.6354497075,0.6420678496,0.5296972259,0.5262031892,average,0.6354497075,0.5296972259,
O1/0124/2,,videos/sample_000493_O1__0124__2.pt,ok,0.6349920630,0.6420678496,0.5299396944,0.5262031892,average,0.6349920630,0.5299396944,
O1/0124/3,,videos/sample_000494_O1__0124__3.pt,ok,0.6344453096,0.6455858350,0.5302295200,0.5243552665,average,0.6344453096,0.5302295200,
O1/0124/4,,videos/sample_000495_O1__0124__4.pt,ok,0.6355127692,0.6439949870,0.5296638234,0.5251900998,average,0.6355127692,0.5296638234,
O1/0125/1,,videos/sample_000496_O1__0125__1.pt,ok,0.6086962223,0.6272545457,0.5440597398,0.5340560165,average,0.6086962223,0.5440597398,
O1/0125/2,,videos/sample_000497_O1__0125__2.pt,ok,0.6062879562,0.6228728294,0.5453715594,0.5364012327,average,0.6062879562,0.5453715594,
O1/0125/3,,videos/sample_000498_O1__0125__3.pt,ok,0.6100488901,0.6323518157,0.5433243052,0.5313407150,average,0.6100488901,0.5433243052,
O1/0125/4,,videos/sample_000499_O1__0125__4.pt,ok,0.6082969904,0.6279053688,0.5442769892,0.5337085536,average,0.6082969904,0.5442769892,
O1/0126/1,,videos/sample_000500_O1__0126__1.pt,ok,0.5732173920,0.5871803761,0.5637088456,0.5558924848,average,0.5732173920,0.5637088456,
O1/0126/2,,videos/sample_000501_O1__0126__2.pt,ok,0.5803813934,0.6032642722,0.5596848657,0.5470230863,average,0.5803813934,0.5596848657,
O1/0126/3,,videos/sample_000502_O1__0126__3.pt,ok,0.5818948746,0.6080409288,0.5588384339,0.5444163755,average,0.5818948746,0.5588384339,
O1/0126/4,,videos/sample_000503_O1__0126__4.pt,ok,0.5776192546,0.6056518555,0.5612329300,0.5457185810,average,0.5776192546,0.5612329300,
O1/0127/1,,videos/sample_000504_O1__0127__1.pt,ok,0.6181237102,0.6284712553,0.5389547248,0.5334066206,average,0.6181237102,0.5389547248,
O1/0127/2,,videos/sample_000505_O1__0127__2.pt,ok,0.6179710031,0.6283718348,0.5390370333,0.5334596548,average,0.6179710031,0.5390370333,
O1/0127/3,,videos/sample_000506_O1__0127__3.pt,ok,0.6159470677,0.6283718348,0.5401291141,0.5334596548,average,0.6159470677,0.5401291141,
O1/0127/4,,videos/sample_000507_O1__0127__4.pt,ok,0.6167488694,0.6284712553,0.5396962113,0.5334066206,average,0.6167488694,0.5396962113,
O1/0128/1,,videos/sample_000508_O1__0128__1.pt,ok,0.5822347999,0.6000846028,0.5586485029,0.5487652070,average,0.5822347999,0.5586485029,
O1/0128/2,,videos/sample_000509_O1__0128__2.pt,ok,0.5838006735,0.6037549973,0.5577744145,0.5467547142,average,0.5838006735,0.5577744145,
O1/0128/3,,videos/sample_000510_O1__0128__3.pt,ok,0.5829923153,0.6025483012,0.5582254783,0.5474148792,average,0.5829923153,0.5582254783,
O1/0128/4,,videos/sample_000511_O1__0128__4.pt,ok,0.5808329582,0.5999113321,0.5594321888,0.5488603002,average,0.5808329582,0.5594321888,
O1/0129/1,,videos/sample_000512_O1__0129__1.pt,ok,0.6025834680,0.6242432594,0.5473956287,0.5356666359,average,0.6025834680,0.5473956287,
O1/0129/2,,videos/sample_000513_O1__0129__2.pt,ok,0.5941898823,0.6002370715,0.5520095775,0.5486815439,average,0.5941898823,0.5520095775,
O1/0129/3,,videos/sample_000514_O1__0129__3.pt,ok,0.6032888293,0.6215488911,0.5470096531,0.5371118652,average,0.6032888293,0.5470096531,
O1/0129/4,,videos/sample_000515_O1__0129__4.pt,ok,0.6035594940,0.6212446094,0.5468616170,0.5372753234,average,0.6035594940,0.5468616170,
O1/0130/1,,videos/sample_000516_O1__0130__1.pt,ok,0.5717182159,0.5955613852,0.5645545782,0.5512530137,average,0.5717182159,0.5645545782,
O1/0130/2,,videos/sample_000517_O1__0130__2.pt,ok,0.5692799687,0.5899470448,0.5659327813,0.5543566400,average,0.5692799687,0.5659327813,
O1/0130/3,,videos/sample_000518_O1__0130__3.pt,ok,0.5697525740,0.5894495249,0.5656653817,0.5546325121,average,0.5697525740,0.5656653817,
O1/0130/4,,videos/sample_000519_O1__0130__4.pt,ok,0.5718920231,0.5956454873,0.5644564631,0.5512066541,average,0.5718920231,0.5644564631,
O1/0131/1,,videos/sample_000520_O1__0131__1.pt,ok,0.5645403862,0.5955774188,0.5686214330,0.5512441752,average,0.5645403862,0.5686214330,
O1/0131/2,,videos/sample_000521_O1__0131__2.pt,ok,0.5618795156,0.6009424329,0.5701364758,0.5482946616,average,0.5618795156,0.5701364758,
O1/0131/3,,videos/sample_000522_O1__0131__3.pt,ok,0.5638209581,0.5964886546,0.5690306624,0.5507420906,average,0.5638209581,0.5690306624,
O1/0131/4,,videos/sample_000523_O1__0131__4.pt,ok,0.5519305468,0.5711470842,0.5758370563,0.5648771053,average,0.5519305468,0.5758370563,
O1/0132/1,,videos/sample_000524_O1__0132__1.pt,ok,0.5535985231,0.5709728599,0.5748773742,0.5649755292,average,0.5535985231,0.5748773742,
O1/0132/2,,videos/sample_000525_O1__0132__2.pt,ok,0.5566779375,0.5831058621,0.5731098115,0.5581620971,average,0.5566779375,0.5731098115,
O1/0132/3,,videos/sample_000526_O1__0132__3.pt,ok,0.5541859269,0.5841360092,0.5745397882,0.5575874041,average,0.5541859269,0.5745397882,
O1/0132/4,,videos/sample_000527_O1__0132__4.pt,ok,0.5500726104,0.5687845349,0.5769079194,0.5662132330,average,0.5500726104,0.5769079194,
O1/0133/1,,videos/sample_000528_O1__0133__1.pt,ok,0.6042261720,0.6224262714,0.5464971579,0.5366408205,average,0.6042261720,0.5464971579,
O1/0133/2,,videos/sample_000529_O1__0133__2.pt,ok,0.6081610322,0.6279587150,0.5443509931,0.5336800831,average,0.6081610322,0.5443509931,
O1/0133/3,,videos/sample_000530_O1__0133__3.pt,ok,0.6105607748,0.6312332153,0.5430462570,0.5319354055,average,0.6105607748,0.5430462570,
O1/0133/4,,videos/sample_000531_O1__0133__4.pt,ok,0.6117312908,0.6320448518,0.5424109845,0.5315038425,average,0.6117312908,0.5424109845,
O1/0134/1,,videos/sample_000532_O1__0134__1.pt,ok,0.6254647374,0.6357750297,0.5350127303,0.5295249317,average,0.6254647374,0.5350127303,
O1/0134/2,,videos/sample_000533_O1__0134__2.pt,ok,0.6255957484,0.6352437139,0.5349426423,0.5298063514,average,0.6255957484,0.5349426423,
O1/0134/3,,videos/sample_000534_O1__0134__3.pt,ok,0.6248005629,0.6352848411,0.5353681902,0.5297845624,average,0.6248005629,0.5353681902,
O1/0134/4,,videos/sample_000535_O1__0134__4.pt,ok,0.6237681508,0.6362851858,0.5359211962,0.5292548602,average,0.6237681508,0.5359211962,
O1/0135/1,,videos/sample_000536_O1__0135__1.pt,ok,0.5809589028,0.6160735488,0.5593617358,0.5400608024,average,0.5809589028,0.5593617358,
O1/0135/2,,videos/sample_000537_O1__0135__2.pt,ok,0.5814974904,0.6105036139,0.5590605516,0.5430772989,average,0.5814974904,0.5590605516,
O1/0135/3,,videos/sample_000538_O1__0135__3.pt,ok,0.5825217366,0.6131219864,0.5584882291,0.5416571803,average,0.5825217366,0.5584882291,
O1/0135/4,,videos/sample_000539_O1__0135__4.pt,ok,0.5762553811,0.6046639085,0.5619989030,0.5462579885,average,0.5762553811,0.5619989030,
O1/0136/1,,videos/sample_000540_O1__0136__1.pt,ok,0.5956995487,0.6116619110,0.5511768559,0.5424486182,average,0.5956995487,0.5511768559,
O1/0136/2,,videos/sample_000541_O1__0136__2.pt,ok,0.5911767483,0.5996990204,0.5536753647,0.5489768421,average,0.5911767483,0.5536753647,
O1/0136/3,,videos/sample_000542_O1__0136__3.pt,ok,0.5932537317,0.6026857495,0.5525265835,0.5473396431,average,0.5932537317,0.5525265835,
O1/0136/4,,videos/sample_000543_O1__0136__4.pt,ok,0.5935581923,0.6107350588,0.5523583866,0.5429516210,average,0.5935581923,0.5523583866,
O1/0137/1,,videos/sample_000544_O1__0137__1.pt,ok,0.6312217116,0.6526521444,0.5319415247,0.5206630703,average,0.6312217116,0.5319415247,
O1/0137/2,,videos/sample_000545_O1__0137__2.pt,ok,0.6313586235,0.6510943770,0.5318687006,0.5214747744,average,0.6313586235,0.5318687006,
O1/0137/3,,videos/sample_000546_O1__0137__3.pt,ok,0.6319515705,0.6510943770,0.5315534241,0.5214747744,average,0.6319515705,0.5315534241,
O1/0137/4,,videos/sample_000547_O1__0137__4.pt,ok,0.6294932365,0.6526521444,0.5328617675,0.5206630703,average,0.6294932365,0.5328617675,
O1/0138/1,,videos/sample_000548_O1__0138__1.pt,ok,0.5855469108,0.6046864986,0.5568012579,0.5462456486,average,0.5855469108,0.5568012579,
O1/0138/2,,videos/sample_000549_O1__0138__2.pt,ok,0.5857353806,0.6066955924,0.5566963275,0.5451492915,average,0.5857353806,0.5566963275,
O1/0138/3,,videos/sample_000550_O1__0138__3.pt,ok,0.5840511322,0.6019613147,0.5576347325,0.5477362987,average,0.5840511322,0.5576347325,
O1/0138/4,,videos/sample_000551_O1__0138__4.pt,ok,0.5842019320,0.6018713117,0.5575506477,0.5477855988,average,0.5842019320,0.5575506477,
O1/0139/1,,videos/sample_000552_O1__0139__1.pt,ok,0.6190342903,0.6352913380,0.5384641867,0.5297811205,average,0.6190342903,0.5384641867,
O1/0139/2,,videos/sample_000553_O1__0139__2.pt,ok,0.6212669611,0.6363939643,0.5372633145,0.5291972918,average,0.6212669611,0.5372633145,
O1/0139/3,,videos/sample_000554_O1__0139__3.pt,ok,0.6201099753,0.6363939643,0.5378852802,0.5291972918,average,0.6201099753,0.5378852802,
O1/0139/4,,videos/sample_000555_O1__0139__4.pt,ok,0.6208927631,0.6352913380,0.5374643949,0.5297811205,average,0.6208927631,0.5374643949,
O1/0140/1,,videos/sample_000556_O1__0140__1.pt,ok,0.5614950657,0.5931857228,0.5703557068,0.5525641616,average,0.5614950657,0.5703557068,
O1/0140/2,,videos/sample_000557_O1__0140__2.pt,ok,0.5611477494,0.5928987861,0.5705538351,0.5527227353,average,0.5611477494,0.5705538351,
O1/0140/3,,videos/sample_000558_O1__0140__3.pt,ok,0.5518594384,0.5715432763,0.5758780045,0.5646533498,average,0.5518594384,0.5758780045,
O1/0140/4,,videos/sample_000559_O1__0140__4.pt,ok,0.5622245669,0.5976932049,0.5699397834,0.5500790934,average,0.5622245669,0.5699397834,
O1/0141/1,,videos/sample_000560_O1__0141__1.pt,ok,0.6354275346,0.6418772340,0.5297089710,0.5263035013,average,0.6354275346,0.5297089710,
O1/0141/2,,videos/sample_000561_O1__0141__2.pt,ok,0.6345704794,0.6416157484,0.5301631554,0.5264411401,average,0.6345704794,0.5301631554,
O1/0141/3,,videos/sample_000562_O1__0141__3.pt,ok,0.6344304085,0.6434841752,0.5302374211,0.5254584417,average,0.6344304085,0.5302374211,
O1/0141/4,,videos/sample_000563_O1__0141__4.pt,ok,0.6351823807,0.6418433785,0.5298388471,0.5263213198,average,0.6351823807,0.5298388471,
O1/0142/1,,videos/sample_000564_O1__0142__1.pt,ok,0.6417838335,0.6630494595,0.5263526606,0.5152776180,average,0.6417838335,0.5263526606,
O1/0142/2,,videos/sample_000565_O1__0142__2.pt,ok,0.6406250000,0.6638479829,0.5269629692,0.5148663210,average,0.6406250000,0.5269629692,
O1/0142/3,,videos/sample_000566_O1__0142__3.pt,ok,0.6421184540,0.6638479829,0.5261765617,0.5148663210,average,0.6421184540,0.5261765617,
O1/0142/4,,videos/sample_000567_O1__0142__4.pt,ok,0.6424372196,0.6630494595,0.5260088614,0.5152776180,average,0.6424372196,0.5260088614,
O1/0143/1,,videos/sample_000568_O1__0143__1.pt,ok,0.5773933530,0.6021731496,0.5613597278,0.5476202813,average,0.5773933530,0.5613597278,
O1/0143/2,,videos/sample_000569_O1__0143__2.pt,ok,0.5819002986,0.6071131825,0.5588354028,0.5449216901,average,0.5819002986,0.5588354028,
O1/0143/3,,videos/sample_000570_O1__0143__3.pt,ok,0.5814483762,0.6027002335,0.5590880101,0.5473317155,average,0.5814483762,0.5590880101,
O1/0143/4,,videos/sample_000571_O1__0143__4.pt,ok,0.5737537742,0.5864270926,0.5634065633,0.5563113872,average,0.5737537742,0.5634065633,
O1/0144/1,,videos/sample_000572_O1__0144__1.pt,ok,0.6157990098,0.6421260834,0.5402090905,0.5261725473,average,0.6157990098,0.5402090905,
O1/0144/2,,videos/sample_000573_O1__0144__2.pt,ok,0.6127533913,0.6411943436,0.5418568693,0.5266630317,average,0.6127533913,0.5418568693,
O1/0144/3,,videos/sample_000574_O1__0144__3.pt,ok,0.6149400473,0.6411943436,0.5406733092,0.5266630317,average,0.6149400473,0.5406733092,
O1/0144/4,,videos/sample_000575_O1__0144__4.pt,ok,0.6155645251,0.6421260834,0.5403357761,0.5261725473,average,0.6155645251,0.5403357761,
O1/0145/1,,videos/sample_000576_O1__0145__1.pt,ok,0.6214912534,0.6341381073,0.5371428240,0.5303924327,average,0.6214912534,0.5371428240,
O1/0145/2,,videos/sample_000577_O1__0145__2.pt,ok,0.6217536330,0.6338056326,0.5370019071,0.5305688041,average,0.6217536330,0.5370019071,
O1/0145/3,,videos/sample_000578_O1__0145__3.pt,ok,0.6212043166,0.6342370510,0.5372969721,0.5303399563,average,0.6212043166,0.5372969721,
O1/0145/4,,videos/sample_000579_O1__0145__4.pt,ok,0.6198112965,0.6331587434,0.5380459592,0.5309121344,average,0.6198112965,0.5380459592,
O1/0146/1,,videos/sample_000580_O1__0146__1.pt,ok,0.5554298162,0.5738571882,0.5738255686,0.5633483021,average,0.5554298162,0.5738255686,
O1/0146/2,,videos/sample_000581_O1__0146__2.pt,ok,0.5573229194,0.5864590406,0.5727402853,0.5562936144,average,0.5573229194,0.5727402853,
O1/0146/3,,videos/sample_000582_O1__0146__3.pt,ok,0.5525037050,0.5715811849,0.5755071050,0.5646319450,average,0.5525037050,0.5755071050,
O1/0146/4,,videos/sample_000583_O1__0146__4.pt,ok,0.5551805496,0.5881542563,0.5739686220,0.5553513756,average,0.5551805496,0.5739686220,
O1/0147/1,,videos/sample_000584_O1__0147__1.pt,ok,0.5627887249,0.5801961422,0.5696183380,0.5597885576,average,0.5627887249,0.5696183380,
O1/0147/2,,videos/sample_000585_O1__0147__2.pt,ok,0.5622615218,0.5800404549,0.5699187217,0.5598757164,average,0.5622615218,0.5699187217,
O1/0147/3,,videos/sample_000586_O1__0147__3.pt,ok,0.5642654300,0.5902826786,0.5687778005,0.5541706104,average,0.5642654300,0.5687778005,
O1/0147/4,,videos/sample_000587_O1__0147__4.pt,ok,0.5642846823,0.5887386799,0.5687668503,0.5550269100,average,0.5642846823,0.5687668503,
O1/0148/1,,videos/sample_000588_O1__0148__1.pt,ok,0.6216190457,0.6504943967,0.5370741856,0.5217877428,average,0.6216190457,0.5370741856,
O1/0148/2,,videos/sample_000589_O1__0148__2.pt,ok,0.6200050116,0.6499534249,0.5379417417,0.5220700916,average,0.6200050116,0.5379417417,
O1/0148/3,,videos/sample_000590_O1__0148__3.pt,ok,0.6219013333,0.6504943967,0.5369225976,0.5217877428,average,0.6219013333,0.5369225976,
O1/0148/4,,videos/sample_000591_O1__0148__4.pt,ok,0.6219926476,0.6499534249,0.5368735712,0.5220700916,average,0.6219926476,0.5368735712,
O1/0149/1,,videos/sample_000592_O1__0149__1.pt,ok,0.6244782209,0.6377771497,0.5355407896,0.5284658198,average,0.6244782209,0.5355407896,
O1/0149/2,,videos/sample_000593_O1__0149__2.pt,ok,0.6252017021,0.6360923052,0.5351534760,0.5293569531,average,0.6252017021,0.5351534760,
O1/0149/3,,videos/sample_000594_O1__0149__3.pt,ok,0.6241490841,0.6360923052,0.5357170848,0.5293569531,average,0.6241490841,0.5357170848,
O1/0149/4,,videos/sample_000595_O1__0149__4.pt,ok,0.6227014661,0.6370071769,0.5364931601,0.5288728808,average,0.6227014661,0.5364931601,
O1/0150/1,,videos/sample_000596_O1__0150__1.pt,ok,0.6258279085,0.6368667483,0.5348184644,0.5289471549,average,0.6258279085,0.5348184644,
O1/0150/2,,videos/sample_000597_O1__0150__2.pt,ok,0.6268453598,0.6374316812,0.5342745894,0.5286484197,average,0.6268453598,0.5342745894,
O1/0150/3,,videos/sample_000598_O1__0150__3.pt,ok,0.6272231340,0.6378939748,0.5340727924,0.5284040854,average,0.6272231340,0.5340727924,
O1/0150/4,,videos/sample_000599_O1__0150__4.pt,ok,0.6264750957,0.6378939748,0.5344724487,0.5284040854,average,0.6264750957,0.5344724487,
O1/0151/1,,videos/sample_000600_O1__0151__1.pt,ok,0.5662425160,0.5939428210,0.5676543887,0.5521459745,average,0.5662425160,0.5676543887,
O1/0151/2,,videos/sample_000601_O1__0151__2.pt,ok,0.5694029331,0.5934053063,0.5658631960,0.5524428409,average,0.5694029331,0.5658631960,
O1/0151/3,,videos/sample_000602_O1__0151__3.pt,ok,0.5641534328,0.5796706080,0.5688415055,0.5600828230,average,0.5641534328,0.5688415055,
O1/0151/4,,videos/sample_000603_O1__0151__4.pt,ok,0.5681501627,0.5839964151,0.5665725369,0.5576652455,average,0.5681501627,0.5665725369,
O1/0152/1,,videos/sample_000604_O1__0152__1.pt,ok,0.5716300607,0.5990239382,0.5646043488,0.5493475717,average,0.5716300607,0.5646043488,
O1/0152/2,,videos/sample_000605_O1__0152__2.pt,ok,0.5704632401,0.5925353765,0.5652635253,0.5529236365,average,0.5704632401,0.5652635253,
O1/0152/3,,videos/sample_000606_O1__0152__3.pt,ok,0.5686328411,0.5853757262,0.5662991306,0.5568965818,average,0.5686328411,0.5662991306,
O1/0152/4,,videos/sample_000607_O1__0152__4.pt,ok,0.5683676600,0.5858067870,0.5664493223,0.5566565773,average,0.5683676600,0.5664493223,
O1/0153/1,,videos/sample_000608_O1__0153__1.pt,ok,0.5822254419,0.6012500525,0.5586537307,0.5481260214,average,0.5822254419,0.5586537307,
O1/0153/2,,videos/sample_000609_O1__0153__2.pt,ok,0.5836842656,0.6027913094,0.5578393476,0.5472818691,average,0.5836842656,0.5578393476,
O1/0153/3,,videos/sample_000610_O1__0153__3.pt,ok,0.5835248232,0.6048919559,0.5579282979,0.5461334300,average,0.5835248232,0.5579282979,
O1/0153/4,,videos/sample_000611_O1__0153__4.pt,ok,0.5825511217,0.6031178236,0.5584718181,0.5471032029,average,0.5825511217,0.5584718181,
O1/0154/1,,videos/sample_000612_O1__0154__1.pt,ok,0.6266076565,0.6527214050,0.5344016034,0.5206270102,average,0.6266076565,0.5344016034,
O1/0154/2,,videos/sample_000613_O1__0154__2.pt,ok,0.6278163791,0.6527214050,0.5337560503,0.5206270102,average,0.6278163791,0.5337560503,
O1/0154/3,,videos/sample_000614_O1__0154__3.pt,ok,0.6279663444,0.6516854763,0.5336760114,0.5211666221,average,0.6279663444,0.5336760114,
O1/0154/4,,videos/sample_000615_O1__0154__4.pt,ok,0.6280896068,0.6516854763,0.5336102333,0.5211666221,average,0.6280896068,0.5336102333,
O1/0155/1,,videos/sample_000616_O1__0155__1.pt,ok,0.5602408648,0.5842721462,0.5710714963,0.5575115010,average,0.5602408648,0.5710714963,
O1/0155/2,,videos/sample_000617_O1__0155__2.pt,ok,0.5628299713,0.5888684392,0.5695948438,0.5549548948,average,0.5628299713,0.5695948438,
O1/0155/3,,videos/sample_000618_O1__0155__3.pt,ok,0.5638364553,0.5895534158,0.5690218441,0.5545748938,average,0.5638364553,0.5690218441,
O1/0155/4,,videos/sample_000619_O1__0155__4.pt,ok,0.5556023717,0.5717496276,0.5737265604,0.5645368449,average,0.5556023717,0.5737265604,
O1/0156/1,,videos/sample_000620_O1__0156__1.pt,ok,0.5899459124,0.6002753377,0.5543572678,0.5486605484,average,0.5899459124,0.5543572678,
O1/0156/2,,videos/sample_000621_O1__0156__2.pt,ok,0.5908219218,0.6037868261,0.5538718582,0.5467373119,average,0.5908219218,0.5538718582,
O1/0156/3,,videos/sample_000622_O1__0156__3.pt,ok,0.5912150741,0.5997768044,0.5536541451,0.5489341421,average,0.5912150741,0.5536541451,
O1/0156/4,,videos/sample_000623_O1__0156__4.pt,ok,0.5916298032,0.6028208137,0.5534245762,0.5472657221,average,0.5916298032,0.5534245762,
O1/0157/1,,videos/sample_000624_O1__0157__1.pt,ok,0.5863175392,0.6112843156,0.5563723363,0.5426534830,average,0.5863175392,0.5563723363,
O1/0157/2,,videos/sample_000625_O1__0157__2.pt,ok,0.5850771070,0.6084490418,0.5570629067,0.5441942374,average,0.5850771070,0.5570629067,
O1/0157/3,,videos/sample_000626_O1__0157__3.pt,ok,0.5845478773,0.6094160676,0.5573577990,0.5436682419,average,0.5845478773,0.5573577990,
O1/0157/4,,videos/sample_000627_O1__0157__4.pt,ok,0.5820189714,0.6075090170,0.5587690881,0.5447060340,average,0.5820189714,0.5587690881,
O1/0158/1,,videos/sample_000628_O1__0158__1.pt,ok,0.5826293230,0.6025788188,0.5584281466,0.5473981736,average,0.5826293230,0.5584281466,
O1/0158/2,,videos/sample_000629_O1__0158__2.pt,ok,0.5857426524,0.6079007983,0.5566922794,0.5444926701,average,0.5857426524,0.5566922794,
O1/0158/3,,videos/sample_000630_O1__0158__3.pt,ok,0.5840930939,0.6066946983,0.5576113337,0.5451497789,average,0.5840930939,0.5576113337,
O1/0158/4,,videos/sample_000631_O1__0158__4.pt,ok,0.5839415789,0.6033994555,0.5576958266,0.5469491429,average,0.5839415789,0.5576958266,
O1/0159/1,,videos/sample_000632_O1__0159__1.pt,ok,0.6219655871,0.6360941529,0.5368880994,0.5293559749,average,0.6219655871,0.5368880994,
O1/0159/2,,videos/sample_000633_O1__0159__2.pt,ok,0.6216917634,0.6370158195,0.5370351323,0.5288683100,average,0.6216917634,0.5370351323,
O1/0159/3,,videos/sample_000634_O1__0159__3.pt,ok,0.6197444201,0.6332445741,0.5380819430,0.5308665678,average,0.6197444201,0.5380819430,
O1/0159/4,,videos/sample_000635_O1__0159__4.pt,ok,0.6211390495,0.6364491582,0.5373320411,0.5291680841,average,0.6211390495,0.5373320411,
O1/0160/1,,videos/sample_000636_O1__0160__1.pt,ok,0.5683526397,0.5879957676,0.5664578307,0.5554393995,average,0.5683526397,0.5664578307,
O1/0160/2,,videos/sample_000637_O1__0160__2.pt,ok,0.5751603246,0.6083410382,0.5626146606,0.5442530155,average,0.5751603246,0.5626146606,
O1/0160/3,,videos/sample_000638_O1__0160__3.pt,ok,0.5789898634,0.6070904732,0.5604642261,0.5449340651,average,0.5789898634,0.5604642261,
O1/0160/4,,videos/sample_000639_O1__0160__4.pt,ok,0.5774745941,0.6062875986,0.5613141241,0.5453717544,average,0.5774745941,0.5613141241,
O1/0161/1,,videos/sample_000640_O1__0161__1.pt,ok,0.5923938155,0.6119831204,0.5530019145,0.5422744066,average,0.5923938155,0.5530019145,
O1/0161/2,,videos/sample_000641_O1__0161__2.pt,ok,0.5910660028,0.6100159287,0.5537366851,0.5433422142,average,0.5910660028,0.5537366851,
O1/0161/3,,videos/sample_000642_O1__0161__3.pt,ok,0.5914919972,0.6119831204,0.5535008466,0.5422744066,average,0.5914919972,0.5535008466,
O1/0161/4,,videos/sample_000643_O1__0161__4.pt,ok,0.5928987265,0.6145451069,0.5527227682,0.5408868851,average,0.5928987265,0.5527227682,
O1/0162/1,,videos/sample_000644_O1__0162__1.pt,ok,0.6179171801,0.6327235699,0.5390660466,0.5311432236,average,0.6179171801,0.5390660466,
O1/0162/2,,videos/sample_000645_O1__0162__2.pt,ok,0.6212849617,0.6353720427,0.5372536435,0.5297383664,average,0.6212849617,0.5372536435,
O1/0162/3,,videos/sample_000646_O1__0162__3.pt,ok,0.6206654906,0.6353720427,0.5375865597,0.5297383664,average,0.6206654906,0.5375865597,
O1/0162/4,,videos/sample_000647_O1__0162__4.pt,ok,0.6203827858,0.6330876350,0.5377385595,0.5309498880,average,0.6203827858,0.5377385595,
O1/0163/1,,videos/sample_000648_O1__0163__1.pt,ok,0.6391044259,0.6473579407,0.5277648650,0.5234268763,average,0.6391044259,0.5277648650,
O1/0163/2,,videos/sample_000649_O1__0163__2.pt,ok,0.6385880709,0.6473579407,0.5280374494,0.5234268763,average,0.6385880709,0.5280374494,
O1/0163/3,,videos/sample_000650_O1__0163__3.pt,ok,0.6393380761,0.6475939155,0.5276415670,0.5233033754,average,0.6393380761,0.5276415670,
O1/0163/4,,videos/sample_000651_O1__0163__4.pt,ok,0.6384927034,0.6490948796,0.5280878094,0.5225185049,average,0.6384927034,0.5280878094,
O1/0164/1,,videos/sample_000652_O1__0164__1.pt,ok,0.5731747746,0.5940083265,0.5637328699,0.5521098071,average,0.5731747746,0.5637328699,
O1/0164/2,,videos/sample_000653_O1__0164__2.pt,ok,0.5710099339,0.5854341388,0.5649545837,0.5568640530,average,0.5710099339,0.5649545837,
O1/0164/3,,videos/sample_000654_O1__0164__3.pt,ok,0.5732910037,0.5888526440,0.5636673515,0.5549636605,average,0.5732910037,0.5636673515,
O1/0164/4,,videos/sample_000655_O1__0164__4.pt,ok,0.5751454830,0.5991252065,0.5626230108,0.5492919430,average,0.5751454830,0.5626230108,
O1/0165/1,,videos/sample_000656_O1__0165__1.pt,ok,0.5826762915,0.6024988890,0.5584019187,0.5474419288,average,0.5826762915,0.5584019187,
O1/0165/2,,videos/sample_000657_O1__0165__2.pt,ok,0.5832038522,0.6037783027,0.5581074055,0.5467419720,average,0.5832038522,0.5581074055,
O1/0165/3,,videos/sample_000658_O1__0165__3.pt,ok,0.5835859179,0.6031734943,0.5578942125,0.5470727461,average,0.5835859179,0.5578942125,
O1/0165/4,,videos/sample_000659_O1__0165__4.pt,ok,0.5823464394,0.6028496027,0.5585861391,0.5472499671,average,0.5823464394,0.5585861391,
O1/0166/1,,videos/sample_000660_O1__0166__1.pt,ok,0.5754858255,0.5995150805,0.5624315588,0.5490778301,average,0.5754858255,0.5624315588,
O1/0166/2,,videos/sample_000661_O1__0166__2.pt,ok,0.5787169337,0.6063941121,0.5606172143,0.5453136681,average,0.5787169337,0.5606172143,
O1/0166/3,,videos/sample_000662_O1__0166__3.pt,ok,0.5788635015,0.6116697788,0.5605350519,0.5424443504,average,0.5788635015,0.5605350519,
O1/0166/4,,videos/sample_000663_O1__0166__4.pt,ok,0.5704785585,0.5932235122,0.5652548664,0.5525432809,average,0.5704785585,0.5652548664,
O1/0167/1,,videos/sample_000664_O1__0167__1.pt,ok,0.6299964190,0.6533617377,0.5325937082,0.5202937424,average,0.6299964190,0.5325937082,
O1/0167/2,,videos/sample_000665_O1__0167__2.pt,ok,0.6287907362,0.6533617377,0.5332362346,0.5202937424,average,0.6287907362,0.5332362346,
O1/0167/3,,videos/sample_000666_O1__0167__3.pt,ok,0.6311637163,0.6546019316,0.5319723757,0.5196488772,average,0.6311637163,0.5319723757,
O1/0167/4,,videos/sample_000667_O1__0167__4.pt,ok,0.6309920549,0.6546019316,0.5320637027,0.5196488772,average,0.6309920549,0.5320637027,
O1/0168/1,,videos/sample_000668_O1__0168__1.pt,ok,0.5817615390,0.6029069424,0.5589129519,0.5472185889,average,0.5817615390,0.5589129519,
O1/0168/2,,videos/sample_000669_O1__0168__2.pt,ok,0.5873750448,0.6086819768,0.5557842804,0.5440674903,average,0.5873750448,0.5557842804,
O1/0168/3,,videos/sample_000670_O1__0168__3.pt,ok,0.5860352516,0.6082959771,0.5565294155,0.5442775407,average,0.5860352516,0.5565294155,
O1/0168/4,,videos/sample_000671_O1__0168__4.pt,ok,0.5879898071,0.6173508763,0.5554427102,0.5393714082,average,0.5879898071,0.5554427102,
O1/0169/1,,videos/sample_000672_O1__0169__1.pt,ok,0.5500726104,0.5687845349,0.5769079194,0.5662132330,average,0.5500726104,0.5769079194,
O1/0169/2,,videos/sample_000673_O1__0169__2.pt,ok,0.5573951602,0.5876495242,0.5726989115,0.5556317501,average,0.5573951602,0.5726989115,
O1/0169/3,,videos/sample_000674_O1__0169__3.pt,ok,0.5600138307,0.5895382166,0.5712011637,0.5545833230,average,0.5600138307,0.5712011637,
O1/0169/4,,videos/sample_000675_O1__0169__4.pt,ok,0.5608254075,0.5850578547,0.5707377781,0.5570736316,average,0.5608254075,0.5707377781,
O1/0170/1,,videos/sample_000676_O1__0170__1.pt,ok,0.5830473304,0.6042505503,0.5581947683,0.5464838354,average,0.5830473304,0.5581947683,
O1/0170/2,,videos/sample_000677_O1__0170__2.pt,ok,0.5814650059,0.5975369811,0.5590787127,0.5501650356,average,0.5814650059,0.5590787127,
O1/0170/3,,videos/sample_000678_O1__0170__3.pt,ok,0.5832703114,0.6012839079,0.5580703154,0.5481074646,average,0.5832703114,0.5580703154,
O1/0170/4,,videos/sample_000679_O1__0170__4.pt,ok,0.5815491080,0.5969949961,0.5590316950,0.5504632976,average,0.5815491080,0.5590316950,
O1/0171/1,,videos/sample_000680_O1__0171__1.pt,ok,0.6183896065,0.6437459588,0.5388114378,0.5253209033,average,0.6183896065,0.5388114378,
O1/0171/2,,videos/sample_000681_O1__0171__2.pt,ok,0.6182641387,0.6439225078,0.5388790455,0.5252281666,average,0.6182641387,0.5388790455,
O1/0171/3,,videos/sample_000682_O1__0171__3.pt,ok,0.6165840626,0.6439225078,0.5397851642,0.5252281666,average,0.6165840626,0.5397851642,
O1/0171/4,,videos/sample_000683_O1__0171__4.pt,ok,0.6188979745,0.6437459588,0.5385375929,0.5253209033,average,0.6188979745,0.5385375929,
O1/0172/1,,videos/sample_000684_O1__0172__1.pt,ok,0.5708809495,0.5941944718,0.5650274587,0.5520070440,average,0.5708809495,0.5650274587,
O1/0172/2,,videos/sample_000685_O1__0172__2.pt,ok,0.5687509179,0.5947130919,0.5662322677,0.5517208364,average,0.5687509179,0.5662322677,
O1/0172/3,,videos/sample_000686_O1__0172__3.pt,ok,0.5710158348,0.5963896513,0.5649512500,0.5507966186,average,0.5710158348,0.5649512500,
O1/0172/4,,videos/sample_000687_O1__0172__4.pt,ok,0.5660599470,0.5890203714,0.5677580343,0.5548705856,average,0.5660599470,0.5677580343,
O1/0173/1,,videos/sample_000688_O1__0173__1.pt,ok,0.5647048950,0.5948565006,0.5685278974,0.5516417204,average,0.5647048950,0.5685278974,
O1/0173/2,,videos/sample_000689_O1__0173__2.pt,ok,0.5579759479,0.5834595561,0.5723663916,0.5579647135,average,0.5579759479,0.5723663916,
O1/0173/3,,videos/sample_000690_O1__0173__3.pt,ok,0.5668265224,0.5999675393,0.5673229717,0.5488294512,average,0.5668265224,0.5673229717,
O1/0173/4,,videos/sample_000691_O1__0173__4.pt,ok,0.5649850965,0.5978474617,0.5683686174,0.5499942465,average,0.5649850965,0.5683686174,
O1/0174/1,,videos/sample_000692_O1__0174__1.pt,ok,0.6284100413,0.6395895481,0.5334392735,0.5275088966,average,0.6284100413,0.5334392735,
O1/0174/2,,videos/sample_000693_O1__0174__2.pt,ok,0.6268360019,0.6395895481,0.5342795891,0.5275088966,average,0.6268360019,0.5342795891,
O1/0174/3,,videos/sample_000694_O1__0174__3.pt,ok,0.6284876466,0.6425565481,0.5333978774,0.5259460973,average,0.6284876466,0.5333978774,
O1/0174/4,,videos/sample_000695_O1__0174__4.pt,ok,0.6291224957,0.6425565481,0.5330593577,0.5259460973,average,0.6291224957,0.5330593577,
O1/0175/1,,videos/sample_000696_O1__0175__1.pt,ok,0.6234993339,0.6434744596,0.5360652802,0.5254635468,average,0.6234993339,0.5360652802,
O1/0175/2,,videos/sample_000697_O1__0175__2.pt,ok,0.6234993339,0.6434744596,0.5360652802,0.5254635468,average,0.6234993339,0.5360652802,
O1/0175/3,,videos/sample_000698_O1__0175__3.pt,ok,0.6240867972,0.6426357627,0.5357504540,0.5259044364,average,0.6240867972,0.5357504540,
O1/0175/4,,videos/sample_000699_O1__0175__4.pt,ok,0.6240867972,0.6426357627,0.5357504540,0.5259044364,average,0.6240867972,0.5357504540,
O1/0176/1,,videos/sample_000700_O1__0176__1.pt,ok,0.5585976243,0.5886954665,0.5720106755,0.5550508951,average,0.5585976243,0.5720106755,
O1/0176/2,,videos/sample_000701_O1__0176__2.pt,ok,0.5585011244,0.5920937061,0.5720658772,0.5531679004,average,0.5585011244,0.5720658772,
O1/0176/3,,videos/sample_000702_O1__0176__3.pt,ok,0.5545252562,0.5723853111,0.5743448632,0.5641780921,average,0.5545252562,0.5743448632,
O1/0176/4,,videos/sample_000703_O1__0176__4.pt,ok,0.5561165214,0.5747346878,0.5734316549,0.5628541811,average,0.5561165214,0.5734316549,
O1/0177/1,,videos/sample_000704_O1__0177__1.pt,ok,0.6144749522,0.6247184873,0.5409248321,0.5354121326,average,0.6144749522,0.5409248321,
O1/0177/2,,videos/sample_000705_O1__0177__2.pt,ok,0.6156682968,0.6247844696,0.5402797074,0.5353768061,average,0.6156682968,0.5402797074,
O1/0177/3,,videos/sample_000706_O1__0177__3.pt,ok,0.6153366566,0.6261124015,0.5404589156,0.5346663340,average,0.6153366566,0.5404589156,
O1/0177/4,,videos/sample_000707_O1__0177__4.pt,ok,0.6150668263,0.6261124015,0.5406047675,0.5346663340,average,0.6150668263,0.5406047675,
O1/0178/1,,videos/sample_000708_O1__0178__1.pt,ok,0.5832219124,0.6022830606,0.5580973260,0.5475600951,average,0.5832219124,0.5580973260,
O1/0178/2,,videos/sample_000709_O1__0178__2.pt,ok,0.5830993652,0.6016688347,0.5581657235,0.5478965240,average,0.5830993652,0.5581657235,
O1/0178/3,,videos/sample_000710_O1__0178__3.pt,ok,0.5835754871,0.6022830606,0.5579000318,0.5475600951,average,0.5835754871,0.5579000318,
O1/0178/4,,videos/sample_000711_O1__0178__4.pt,ok,0.5834811330,0.6016688347,0.5579526745,0.5478965240,average,0.5834811330,0.5579526745,
O1/0179/1,,videos/sample_000712_O1__0179__1.pt,ok,0.5568974018,0.5812761188,0.5729840482,0.5591843255,average,0.5568974018,0.5729840482,
O1/0179/2,,videos/sample_000713_O1__0179__2.pt,ok,0.5560954809,0.5857543945,0.5734437203,0.5566857427,average,0.5560954809,0.5734437203,
O1/0179/3,,videos/sample_000714_O1__0179__3.pt,ok,0.5520304441,0.5697426796,0.5757795345,0.5656709787,average,0.5520304441,0.5757795345,
O1/0179/4,,videos/sample_000715_O1__0179__4.pt,ok,0.5556023717,0.5717496276,0.5737265604,0.5645368449,average,0.5556023717,0.5737265604,
O1/0180/1,,videos/sample_000716_O1__0180__1.pt,ok,0.5766055584,0.5973697305,0.5618021382,0.5502570587,average,0.5766055584,0.5618021382,
O1/0180/2,,videos/sample_000717_O1__0180__2.pt,ok,0.5754104853,0.5945660472,0.5624739341,0.5518019699,average,0.5754104853,0.5624739341,
O1/0180/3,,videos/sample_000718_O1__0180__3.pt,ok,0.5742584467,0.5943256617,0.5631222992,0.5519346311,average,0.5742584467,0.5631222992,
O1/0180/4,,videos/sample_000719_O1__0180__4.pt,ok,0.5761494040,0.5959764123,0.5620584651,0.5510242762,average,0.5761494040,0.5620584651,
O1/0181/1,,videos/sample_000720_O1__0181__1.pt,ok,0.5565026999,0.5848312974,0.5732102507,0.5571998549,average,0.5565026999,0.5732102507,
O1/0181/2,,videos/sample_000721_O1__0181__2.pt,ok,0.5518368483,0.5717697740,0.5758910138,0.5645254716,average,0.5518368483,0.5758910138,
O1/0181/3,,videos/sample_000722_O1__0181__3.pt,ok,0.5559064150,0.5863456130,0.5735521493,0.5563567171,average,0.5559064150,0.5735521493,
O1/0181/4,,videos/sample_000723_O1__0181__4.pt,ok,0.5536618233,0.5730986595,0.5748409856,0.5637757801,average,0.5536618233,0.5748409856,
O1/0182/1,,videos/sample_000724_O1__0182__1.pt,ok,0.6266698241,0.6388485432,0.5343683819,0.5278999282,average,0.6266698241,0.5343683819,
O1/0182/2,,videos/sample_000725_O1__0182__2.pt,ok,0.6282522082,0.6405305266,0.5335234745,0.5270127556,average,0.6282522082,0.5335234745,
O1/0182/3,,videos/sample_000726_O1__0182__3.pt,ok,0.6280705333,0.6384457946,0.5336204112,0.5281125820,average,0.6280705333,0.5336204112,
O1/0182/4,,videos/sample_000727_O1__0182__4.pt,ok,0.6288068891,0.6384457946,0.5332276213,0.5281125820,average,0.6288068891,0.5332276213,
O1/0183/1,,videos/sample_000728_O1__0183__1.pt,ok,0.5984879732,0.6184918880,0.5496420817,0.5387563301,average,0.5984879732,0.5496420817,
O1/0183/2,,videos/sample_000729_O1__0183__2.pt,ok,0.5981738567,0.6177425385,0.5498147604,0.5391601982,average,0.5981738567,0.5498147604,
O1/0183/3,,videos/sample_000730_O1__0183__3.pt,ok,0.5994452834,0.6195552945,0.5491161555,0.5381837176,average,0.5994452834,0.5491161555,
O1/0183/4,,videos/sample_000731_O1__0183__4.pt,ok,0.5993066430,0.6194302440,0.5491922904,0.5382510220,average,0.5993066430,0.5491922904,
O1/0184/1,,videos/sample_000732_O1__0184__1.pt,ok,0.5723578334,0.5883009434,0.5641935947,0.5552699187,average,0.5723578334,0.5641935947,
O1/0184/2,,videos/sample_000733_O1__0184__2.pt,ok,0.5724283457,0.5942578912,0.5641538135,0.5519720372,average,0.5724283457,0.5641538135,
O1/0184/3,,videos/sample_000734_O1__0184__3.pt,ok,0.5714991689,0.5861960649,0.5646782558,0.5564399253,average,0.5714991689,0.5646782558,
O1/0184/4,,videos/sample_000735_O1__0184__4.pt,ok,0.5732658505,0.5949382782,0.5636815297,0.5515966104,average,0.5732658505,0.5636815297,
O1/0185/1,,videos/sample_000736_O1__0185__1.pt,ok,0.5728987455,0.6013506055,0.5638884980,0.5480709084,average,0.5728987455,0.5638884980,
O1/0185/2,,videos/sample_000737_O1__0185__2.pt,ok,0.5716920495,0.5925204754,0.5645693508,0.5529318757,average,0.5716920495,0.5645693508,
O1/0185/3,,videos/sample_000738_O1__0185__3.pt,ok,0.5704216361,0.5917640328,0.5652870430,0.5533502952,average,0.5704216361,0.5652870430,
O1/0185/4,,videos/sample_000739_O1__0185__4.pt,ok,0.5737413168,0.6020001769,0.5634135819,0.5477150128,average,0.5737413168,0.5634135819,
O1/0186/1,,videos/sample_000740_O1__0186__1.pt,ok,0.5712434053,0.5961725712,0.5648226983,0.5509161985,average,0.5712434053,0.5648226983,
O1/0186/2,,videos/sample_000741_O1__0186__2.pt,ok,0.5695311427,0.5911605358,0.5657906516,0.5536843412,average,0.5695311427,0.5657906516,
O1/0186/3,,videos/sample_000742_O1__0186__3.pt,ok,0.5710290074,0.5947917104,0.5649438081,0.5516774626,average,0.5710290074,0.5649438081,
O1/0186/4,,videos/sample_000743_O1__0186__4.pt,ok,0.5697903633,0.5922527313,0.5656440060,0.5530799398,average,0.5697903633,0.5656440060,
O1/0187/1,,videos/sample_000744_O1__0187__1.pt,ok,0.5566391349,0.5762234926,0.5731320501,0.5620168245,average,0.5566391349,0.5731320501,
O1/0187/2,,videos/sample_000745_O1__0187__2.pt,ok,0.5579115748,0.5853186250,0.5724032378,0.5569283822,average,0.5579115748,0.5724032378,
O1/0187/3,,videos/sample_000746_O1__0187__3.pt,ok,0.5525833964,0.5724011064,0.5754612439,0.5641691809,average,0.5525833964,0.5754612439,
O1/0187/4,,videos/sample_000747_O1__0187__4.pt,ok,0.5551856160,0.5862390399,0.5739657141,0.5564160129,average,0.5551856160,0.5739657141,
O1/0188/1,,videos/sample_000748_O1__0188__1.pt,ok,0.6129680872,0.6462528110,0.5417405473,0.5240056507,average,0.6129680872,0.5417405473,
O1/0188/2,,videos/sample_000749_O1__0188__2.pt,ok,0.6145774722,0.6466801763,0.5408693794,0.5237817567,average,0.6145774722,0.5408693794,
O1/0188/3,,videos/sample_000750_O1__0188__3.pt,ok,0.6152874231,0.6462528110,0.5404855249,0.5240056507,average,0.6152874231,0.5404855249,
O1/0188/4,,videos/sample_000751_O1__0188__4.pt,ok,0.6142528057,0.6466801763,0.5410450101,0.5237817567,average,0.6142528057,0.5410450101,
O1/0189/1,,videos/sample_000752_O1__0189__1.pt,ok,0.5578987598,0.5846394300,0.5724105732,0.5573067737,average,0.5578987598,0.5724105732,
O1/0189/2,,videos/sample_000753_O1__0189__2.pt,ok,0.5577688813,0.5770305991,0.5724849218,0.5615634001,average,0.5577688813,0.5724849218,
O1/0189/3,,videos/sample_000754_O1__0189__3.pt,ok,0.5590251088,0.5860456228,0.5717662021,0.5565236437,average,0.5590251088,0.5717662021,
O1/0189/4,,videos/sample_000755_O1__0189__4.pt,ok,0.5558325648,0.5767318010,0.5735945077,0.5617312193,average,0.5558325648,0.5735945077,
O1/0190/1,,videos/sample_000756_O1__0190__1.pt,ok,0.6256638169,0.6366564631,0.5349062308,0.5290583963,average,0.6256638169,0.5349062308,
O1/0190/2,,videos/sample_000757_O1__0190__2.pt,ok,0.6250280738,0.6366212964,0.5352464019,0.5290770019,average,0.6250280738,0.5352464019,
O1/0190/3,,videos/sample_000758_O1__0190__3.pt,ok,0.6243610978,0.6354262233,0.5356035175,0.5297096656,average,0.6243610978,0.5356035175,
O1/0190/4,,videos/sample_000759_O1__0190__4.pt,ok,0.6255024672,0.6375294924,0.5349925448,0.5285967145,average,0.6255024672,0.5349925448,
O1/0191/1,,videos/sample_000760_O1__0191__1.pt,ok,0.5773612261,0.6027100682,0.5613777628,0.5473263327,average,0.5773612261,0.5613777628,
O1/0191/2,,videos/sample_000761_O1__0191__2.pt,ok,0.5730106831,0.6037374139,0.5638253813,0.5467643281,average,0.5730106831,0.5638253813,
O1/0191/3,,videos/sample_000762_O1__0191__3.pt,ok,0.5684690475,0.5884753466,0.5663918943,0.5551730863,average,0.5684690475,0.5663918943,
O1/0191/4,,videos/sample_000763_O1__0191__4.pt,ok,0.5760964751,0.5996905565,0.5620882151,0.5489814886,average,0.5760964751,0.5620882151,
O1/0192/1,,videos/sample_000764_O1__0192__1.pt,ok,0.5793835521,0.6093007922,0.5602436212,0.5437309171,average,0.5793835521,0.5602436212,
O1/0192/2,,videos/sample_000765_O1__0192__2.pt,ok,0.5821510553,0.6077952981,0.5586952886,0.5445501173,average,0.5821510553,0.5586952886,
O1/0192/3,,videos/sample_000766_O1__0192__3.pt,ok,0.5729988813,0.5849996805,0.5638320354,0.5571060398,average,0.5729988813,0.5638320354,
O1/0192/4,,videos/sample_000767_O1__0192__4.pt,ok,0.5823688507,0.6062335372,0.5585736206,0.5454012388,average,0.5823688507,0.5585736206,
O1/0193/1,,videos/sample_000768_O1__0193__1.pt,ok,0.6270630956,0.6506331563,0.5341582714,0.5217153448,average,0.6270630956,0.5341582714,
O1/0193/2,,videos/sample_000769_O1__0193__2.pt,ok,0.6252844334,0.6520333886,0.5351092040,0.5209853333,average,0.6252844334,0.5351092040,
O1/0193/3,,videos/sample_000770_O1__0193__3.pt,ok,0.6266286969,0.6520333886,0.5343903594,0.5209853333,average,0.6266286969,0.5343903594,
O1/0193/4,,videos/sample_000771_O1__0193__4.pt,ok,0.6267625093,0.6506331563,0.5343188561,0.5217153448,average,0.6267625093,0.5343188561,
O1/0194/1,,videos/sample_000772_O1__0194__1.pt,ok,0.5569922328,0.5837954879,0.5729297141,0.5577773069,average,0.5569922328,0.5729297141,
O1/0194/2,,videos/sample_000773_O1__0194__2.pt,ok,0.5586024523,0.5876112580,0.5720079139,0.5556530124,average,0.5586024523,0.5720079139,
O1/0194/3,,videos/sample_000774_O1__0194__3.pt,ok,0.5544922948,0.5729490519,0.5743637947,0.5638601316,average,0.5544922948,0.5743637947,
O1/0194/4,,videos/sample_000775_O1__0194__4.pt,ok,0.5558907986,0.5735192299,0.5735611061,0.5635387226,average,0.5558907986,0.5735611061,
O1/0195/1,,videos/sample_000776_O1__0195__1.pt,ok,0.6106627584,0.6231394410,0.5429908781,0.5362582410,average,0.6106627584,0.5429908781,
O1/0195/2,,videos/sample_000777_O1__0195__2.pt,ok,0.6120401025,0.6238798499,0.5422435076,0.5358613376,average,0.6120401025,0.5422435076,
O1/0195/3,,videos/sample_000778_O1__0195__3.pt,ok,0.6112172604,0.6244505048,0.5426898720,0.5355556329,average,0.6112172604,0.5426898720,
O1/0195/4,,videos/sample_000779_O1__0195__4.pt,ok,0.6077761650,0.6230308414,0.5445605363,0.5363164816,average,0.6077761650,0.5445605363,
O1/0196/1,,videos/sample_000780_O1__0196__1.pt,ok,0.6248346567,0.6485800743,0.5353499377,0.5227875695,average,0.6248346567,0.5353499377,
O1/0196/2,,videos/sample_000781_O1__0196__2.pt,ok,0.6250600219,0.6474504471,0.5352293021,0.5233784582,average,0.6250600219,0.5352293021,
O1/0196/3,,videos/sample_000782_O1__0196__3.pt,ok,0.6253840923,0.6485800743,0.5350558782,0.5227875695,average,0.6253840923,0.5350558782,
O1/0196/4,,videos/sample_000783_O1__0196__4.pt,ok,0.6250568032,0.6474504471,0.5352310248,0.5233784582,average,0.6250568032,0.5352310248,
O1/0197/1,,videos/sample_000784_O1__0197__1.pt,ok,0.5777930021,0.5966116786,0.5611354257,0.5506743402,average,0.5777930021,0.5611354257,
O1/0197/2,,videos/sample_000785_O1__0197__2.pt,ok,0.5773301721,0.5959213376,0.5613951961,0.5510546246,average,0.5773301721,0.5613951961,
O1/0197/3,,videos/sample_000786_O1__0197__3.pt,ok,0.5778231621,0.5959213376,0.5611185021,0.5510546246,average,0.5778231621,0.5611185021,
O1/0197/4,,videos/sample_000787_O1__0197__4.pt,ok,0.5783289075,0.5966116786,0.5608347907,0.5506743402,average,0.5783289075,0.5608347907,
O1/0198/1,,videos/sample_000788_O1__0198__1.pt,ok,0.6255265474,0.6384393573,0.5349796622,0.5281159816,average,0.6255265474,0.5349796622,
O1/0198/2,,videos/sample_000789_O1__0198__2.pt,ok,0.6229583621,0.6359322071,0.5363553549,0.5294417089,average,0.6229583621,0.5363553549,
O1/0198/3,,videos/sample_000790_O1__0198__3.pt,ok,0.6251536608,0.6362981200,0.5351791862,0.5292480148,average,0.6251536608,0.5351791862,
O1/0198/4,,videos/sample_000791_O1__0198__4.pt,ok,0.6245785952,0.6384393573,0.5354870378,0.5281159816,average,0.6245785952,0.5354870378,
O1/0199/1,,videos/sample_000792_O1__0199__1.pt,ok,0.5685992837,0.5911024213,0.5663181344,0.5537165193,average,0.5685992837,0.5663181344,
O1/0199/2,,videos/sample_000793_O1__0199__2.pt,ok,0.5688883662,0.5911024213,0.5661544454,0.5537165193,average,0.5688883662,0.5661544454,
O1/0199/3,,videos/sample_000794_O1__0199__3.pt,ok,0.5679260492,0.5895211101,0.5666995277,0.5545928101,average,0.5679260492,0.5666995277,
O1/0199/4,,videos/sample_000795_O1__0199__4.pt,ok,0.5684462786,0.5895211101,0.5664047906,0.5545928101,average,0.5684462786,0.5664047906,
O1/0200/1,,videos/sample_000796_O1__0200__1.pt,ok,0.5721082091,0.5910402536,0.5643344487,0.5537509436,average,0.5721082091,0.5643344487,
O1/0200/2,,videos/sample_000797_O1__0200__2.pt,ok,0.5686326623,0.5841350555,0.5662992319,0.5575879359,average,0.5686326623,0.5662992319,
O1/0200/3,,videos/sample_000798_O1__0200__3.pt,ok,0.5707051754,0.5959045291,0.5651267846,0.5510638870,average,0.5707051754,0.5651267846,
O1/0200/4,,videos/sample_000799_O1__0200__4.pt,ok,0.5738877654,0.5952006578,0.5633310768,0.5514519016,average,0.5738877654,0.5633310768,
O1/0201/1,,videos/sample_000800_O1__0201__1.pt,ok,0.5764088035,0.5907431841,0.5619126864,0.5539154706,average,0.5764088035,0.5619126864,
O1/0201/2,,videos/sample_000801_O1__0201__2.pt,ok,0.5859189630,0.6122676134,0.5565941373,0.5421201553,average,0.5859189630,0.5565941373,
O1/0201/3,,videos/sample_000802_O1__0201__3.pt,ok,0.5842983723,0.6078018546,0.5574968799,0.5445465469,average,0.5842983723,0.5574968799,
O1/0201/4,,videos/sample_000803_O1__0201__4.pt,ok,0.5850028992,0.6143109798,0.5571042467,0.5410135361,average,0.5850028992,0.5571042467,
O1/0202/1,,videos/sample_000804_O1__0202__1.pt,ok,0.5833527446,0.6008030772,0.5580243137,0.5483710749,average,0.5833527446,0.5580243137,
O1/0202/2,,videos/sample_000805_O1__0202__2.pt,ok,0.5836817026,0.6015849113,0.5578407773,0.5479425072,average,0.5836817026,0.5578407773,
O1/0202/3,,videos/sample_000806_O1__0202__3.pt,ok,0.5819808245,0.5996281505,0.5587904039,0.5490157494,average,0.5819808245,0.5587904039,
O1/0202/4,,videos/sample_000807_O1__0202__4.pt,ok,0.5840439796,0.6032845974,0.5576387210,0.5470119680,average,0.5840439796,0.5576387210,
O1/0203/1,,videos/sample_000808_O1__0203__1.pt,ok,0.5829476118,0.6009823680,0.5582504335,0.5482727658,average,0.5829476118,0.5582504335,
O1/0203/2,,videos/sample_000809_O1__0203__2.pt,ok,0.5844622254,0.6050041914,0.5574055397,0.5460721378,average,0.5844622254,0.5574055397,
O1/0203/3,,videos/sample_000810_O1__0203__3.pt,ok,0.5836650729,0.6029664278,0.5578500541,0.5471860383,average,0.5836650729,0.5578500541,
O1/0203/4,,videos/sample_000811_O1__0203__4.pt,ok,0.5840336680,0.6024672985,0.5576444712,0.5474592231,average,0.5840336680,0.5576444712,
O1/0204/1,,videos/sample_000812_O1__0204__1.pt,ok,0.5754430890,0.6103675961,0.5624555957,0.5431511721,average,0.5754430890,0.5624555957,
O1/0204/2,,videos/sample_000813_O1__0204__2.pt,ok,0.5703197122,0.5974764824,0.5653446622,0.5501983208,average,0.5703197122,0.5653446622,
O1/0204/3,,videos/sample_000814_O1__0204__3.pt,ok,0.5741134286,0.6027181745,0.5632039681,0.5473218959,average,0.5741134286,0.5632039681,
O1/0204/4,,videos/sample_000815_O1__0204__4.pt,ok,0.5763512850,0.6056774855,0.5619450077,0.5457045944,average,0.5763512850,0.5619450077,
O1/0205/1,,videos/sample_000816_O1__0205__1.pt,ok,0.6211380959,0.6472589970,0.5373325535,0.5234786687,average,0.6211380959,0.5373325535,
O1/0205/2,,videos/sample_000817_O1__0205__2.pt,ok,0.6212828755,0.6473076344,0.5372547643,0.5234532087,average,0.6212828755,0.5372547643,
O1/0205/3,,videos/sample_000818_O1__0205__3.pt,ok,0.6203780770,0.6473076344,0.5377410916,0.5234532087,average,0.6203780770,0.5377410916,
O1/0205/4,,videos/sample_000819_O1__0205__4.pt,ok,0.6215368509,0.6472589970,0.5371183321,0.5234786687,average,0.6215368509,0.5371183321,
O1/0206/1,,videos/sample_000820_O1__0206__1.pt,ok,0.5851891637,0.6025329232,0.5570004876,0.5474232974,average,0.5851891637,0.5570004876,
O1/0206/2,,videos/sample_000821_O1__0206__2.pt,ok,0.5869238973,0.6076090932,0.5560350777,0.5446515246,average,0.5869238973,0.5560350777,
O1/0206/3,,videos/sample_000822_O1__0206__3.pt,ok,0.5863933563,0.6078526974,0.5563301554,0.5445188614,average,0.5863933563,0.5563301554,
O1/0206/4,,videos/sample_000823_O1__0206__4.pt,ok,0.5857111812,0.6023214459,0.5567097995,0.5475390772,average,0.5857111812,0.5567097995,
O1/0207/1,,videos/sample_000824_O1__0207__1.pt,ok,0.5691936016,0.5862042308,0.5659816614,0.5564353816,average,0.5691936016,0.5659816614,
O1/0207/2,,videos/sample_000825_O1__0207__2.pt,ok,0.5773209929,0.6003017426,0.5614003493,0.5486460613,average,0.5773209929,0.5614003493,
O1/0207/3,,videos/sample_000826_O1__0207__3.pt,ok,0.5751434565,0.6001933217,0.5626241509,0.5487055491,average,0.5751434565,0.5626241509,
O1/0207/4,,videos/sample_000827_O1__0207__4.pt,ok,0.5771787763,0.6074263453,0.5614801954,0.5447510676,average,0.5771787763,0.5614801954,
O1/0208/1,,videos/sample_000828_O1__0208__1.pt,ok,0.6280796528,0.6398101449,0.5336155448,0.5273925427,average,0.6280796528,0.5336155448,
O1/0208/2,,videos/sample_000829_O1__0208__2.pt,ok,0.6278258562,0.6402083039,0.5337509918,0.5271825984,average,0.6278258562,0.5337509918,
O1/0208/3,,videos/sample_000830_O1__0208__3.pt,ok,0.6258358359,0.6383880973,0.5348142247,0.5281430535,average,0.6258358359,0.5348142247,
O1/0208/4,,videos/sample_000831_O1__0208__4.pt,ok,0.6275844574,0.6404267550,0.5338798542,0.5270674474,average,0.6275844574,0.5338798542,
O1/0209/1,,videos/sample_000832_O1__0209__1.pt,ok,0.6223763227,0.6325633526,0.5366676257,0.5312283287,average,0.6223763227,0.5366676257,
O1/0209/2,,videos/sample_000833_O1__0209__2.pt,ok,0.6205369234,0.6323525906,0.5376556802,0.5313403033,average,0.6205369234,0.5376556802,
O1/0209/3,,videos/sample_000834_O1__0209__3.pt,ok,0.6237560511,0.6328942776,0.5359276807,0.5310525611,average,0.6237560511,0.5359276807,
O1/0209/4,,videos/sample_000835_O1__0209__4.pt,ok,0.6226733923,0.6320014596,0.5365082217,0.5315269061,average,0.6226733923,0.5365082217,
O1/0210/1,,videos/sample_000836_O1__0210__1.pt,ok,0.5926934481,0.6109003425,0.5528362419,0.5428618874,average,0.5926934481,0.5528362419,
O1/0210/2,,videos/sample_000837_O1__0210__2.pt,ok,0.5938160419,0.6148413420,0.5522159795,0.5407266791,average,0.5938160419,0.5522159795,
O1/0210/3,,videos/sample_000838_O1__0210__3.pt,ok,0.5930353999,0.6110121608,0.5526472308,0.5428011889,average,0.5930353999,0.5526472308,
O1/0210/4,,videos/sample_000839_O1__0210__4.pt,ok,0.5938923955,0.6143540144,0.5521738175,0.5409902544,average,0.5938923955,0.5521738175,
O1/0211/1,,videos/sample_000840_O1__0211__1.pt,ok,0.5893911719,0.6093116403,0.5546648775,0.5437250187,average,0.5893911719,0.5546648775,
O1/0211/2,,videos/sample_000841_O1__0211__2.pt,ok,0.5889807940,0.6087321639,0.5548925465,0.5440401858,average,0.5889807940,0.5548925465,
O1/0211/3,,videos/sample_000842_O1__0211__3.pt,ok,0.5906431079,0.6112018228,0.5539709071,0.5426982499,average,0.5906431079,0.5539709071,
O1/0211/4,,videos/sample_000843_O1__0211__4.pt,ok,0.5903744102,0.6109150648,0.5541197778,0.5428538952,average,0.5903744102,0.5541197778,
O1/0212/1,,videos/sample_000844_O1__0212__1.pt,ok,0.5733723640,0.5942458510,0.5636214932,0.5519786831,average,0.5733723640,0.5636214932,
O1/0212/2,,videos/sample_000845_O1__0212__2.pt,ok,0.5731818676,0.5884031653,0.5637288714,0.5552131609,average,0.5731818676,0.5637288714,
O1/0212/3,,videos/sample_000846_O1__0212__3.pt,ok,0.5742368102,0.5938699841,0.5631344833,0.5521861926,average,0.5742368102,0.5631344833,
O1/0212/4,,videos/sample_000847_O1__0212__4.pt,ok,0.5739529133,0.5881034136,0.5632943782,0.5553796119,average,0.5739529133,0.5632943782,
O1/0213/1,,videos/sample_000848_O1__0213__1.pt,ok,0.5828289390,0.5993598104,0.5583166866,0.5491630921,average,0.5828289390,0.5583166866,
O1/0213/2,,videos/sample_000849_O1__0213__2.pt,ok,0.5839616656,0.6035543680,0.5576846244,0.5468644202,average,0.5839616656,0.5576846244,
O1/0213/3,,videos/sample_000850_O1__0213__3.pt,ok,0.5816973448,0.5992308259,0.5589488321,0.5492339302,average,0.5816973448,0.5589488321,
O1/0213/4,,videos/sample_000851_O1__0213__4.pt,ok,0.5828449726,0.6003283858,0.5583077348,0.5486314437,average,0.5828449726,0.5583077348,
O1/0214/1,,videos/sample_000852_O1__0214__1.pt,ok,0.6268058419,0.6394010782,0.5342957032,0.5276083255,average,0.6268058419,0.5342957032,
O1/0214/2,,videos/sample_000853_O1__0214__2.pt,ok,0.6249873042,0.6380216479,0.5352682241,0.5283366267,average,0.6249873042,0.5352682241,
O1/0214/3,,videos/sample_000854_O1__0214__3.pt,ok,0.6271110177,0.6394010782,0.5341326740,0.5276083255,average,0.6271110177,0.5341326740,
O1/0214/4,,videos/sample_000855_O1__0214__4.pt,ok,0.6273356080,0.6396339536,0.5340127264,0.5274854729,average,0.6273356080,0.5340127264,
O1/0215/1,,videos/sample_000856_O1__0215__1.pt,ok,0.6223541498,0.6343314052,0.5366795253,0.5302899189,average,0.6223541498,0.5366795253,
O1/0215/2,,videos/sample_000857_O1__0215__2.pt,ok,0.6219397783,0.6338986754,0.5369019561,0.5305194408,average,0.6219397783,0.5369019561,
O1/0215/3,,videos/sample_000858_O1__0215__3.pt,ok,0.6211075783,0.6334127784,0.5373489519,0.5307772813,average,0.6211075783,0.5373489519,
O1/0215/4,,videos/sample_000859_O1__0215__4.pt,ok,0.6225010753,0.6336687803,0.5366006792,0.5306414186,average,0.6225010753,0.5366006792,
O1/0216/1,,videos/sample_000860_O1__0216__1.pt,ok,0.6019077301,0.6176944375,0.5477656497,0.5391861330,average,0.6019077301,0.5477656497,
O1/0216/2,,videos/sample_000861_O1__0216__2.pt,ok,0.5963425636,0.6017004251,0.5508225549,0.5478792160,average,0.5963425636,0.5508225549,
O1/0216/3,,videos/sample_000862_O1__0216__3.pt,ok,0.6032953262,0.6229773164,0.5470060993,0.5363451887,average,0.6032953262,0.5470060993,
O1/0216/4,,videos/sample_000863_O1__0216__4.pt,ok,0.5990848541,0.6144084930,0.5493141087,0.5409607828,average,0.5990848541,0.5493141087,
O1/0217/1,,videos/sample_000864_O1__0217__1.pt,ok,0.5649210215,0.5847393870,0.5684050368,0.5572510697,average,0.5649210215,0.5684050368,
O1/0217/2,,videos/sample_000865_O1__0217__2.pt,ok,0.5644813776,0.5858814120,0.5686549875,0.5566150383,average,0.5644813776,0.5686549875,
O1/0217/3,,videos/sample_000866_O1__0217__3.pt,ok,0.5659680367,0.5876641273,0.5678102195,0.5556236361,average,0.5659680367,0.5678102195,
O1/0217/4,,videos/sample_000867_O1__0217__4.pt,ok,0.5659449697,0.5894829631,0.5678233173,0.5546139665,average,0.5659449697,0.5678233173,
O1/0218/1,,videos/sample_000868_O1__0218__1.pt,ok,0.5630423427,0.5895854831,0.5694738910,0.5545571104,average,0.5630423427,0.5694738910,
O1/0218/2,,videos/sample_000869_O1__0218__2.pt,ok,0.5602766275,0.5933352113,0.5710510735,0.5524815658,average,0.5602766275,0.5710510735,
O1/0218/3,,videos/sample_000870_O1__0218__3.pt,ok,0.5591588020,0.5825437307,0.5716897659,0.5584759458,average,0.5591588020,0.5716897659,
O1/0218/4,,videos/sample_000871_O1__0218__4.pt,ok,0.5518009663,0.5695369840,0.5759116783,0.5657873467,average,0.5518009663,0.5759116783,
O1/0219/1,,videos/sample_000872_O1__0219__1.pt,ok,0.5878535509,0.6162663698,0.5555183979,0.5399566773,average,0.5878535509,0.5555183979,
O1/0219/2,,videos/sample_000873_O1__0219__2.pt,ok,0.5889251232,0.6117479801,0.5549234386,0.5424019322,average,0.5889251232,0.5549234386,
O1/0219/3,,videos/sample_000874_O1__0219__3.pt,ok,0.5830200911,0.6051315665,0.5582099733,0.5460025863,average,0.5830200911,0.5582099733,
O1/0219/4,,videos/sample_000875_O1__0219__4.pt,ok,0.5894056559,0.6128773689,0.5546568438,0.5417896953,average,0.5894056559,0.5546568438,
O1/0220/1,,videos/sample_000876_O1__0220__1.pt,ok,0.5738151073,0.5924452543,0.5633720088,0.5529734694,average,0.5738151073,0.5633720088,
O1/0220/2,,videos/sample_000877_O1__0220__2.pt,ok,0.5736729503,0.5917990208,0.5634521019,0.5533309349,average,0.5736729503,0.5634521019,
O1/0220/3,,videos/sample_000878_O1__0220__3.pt,ok,0.5732105970,0.5924452543,0.5637126760,0.5529734694,average,0.5732105970,0.5637126760,
O1/0220/4,,videos/sample_000879_O1__0220__4.pt,ok,0.5730023384,0.5913181305,0.5638300862,0.5535970904,average,0.5730023384,0.5638300862,
O1/0221/1,,videos/sample_000880_O1__0221__1.pt,ok,0.5790120363,0.6017830372,0.5604517992,0.5478339564,average,0.5790120363,0.5604517992,
O1/0221/2,,videos/sample_000881_O1__0221__2.pt,ok,0.5755110383,0.6022744775,0.5624173785,0.5475647949,average,0.5755110383,0.5624173785,
O1/0221/3,,videos/sample_000882_O1__0221__3.pt,ok,0.5770113468,0.6005468369,0.5615742116,0.5485116077,average,0.5770113468,0.5615742116,
O1/0221/4,,videos/sample_000883_O1__0221__4.pt,ok,0.5742981434,0.5897358060,0.5630999456,0.5544737540,average,0.5742981434,0.5630999456,
O1/0222/1,,videos/sample_000884_O1__0222__1.pt,ok,0.5732679367,0.5934326053,0.5636803538,0.5524277600,average,0.5732679367,0.5636803538,
O1/0222/2,,videos/sample_000885_O1__0222__2.pt,ok,0.5712764263,0.5855525136,0.5648040476,0.5567981383,average,0.5712764263,0.5648040476,
O1/0222/3,,videos/sample_000886_O1__0222__3.pt,ok,0.5744964480,0.5978161097,0.5629882913,0.5500114902,average,0.5744964480,0.5629882913,
O1/0222/4,,videos/sample_000887_O1__0222__4.pt,ok,0.5729576349,0.5893294811,0.5638552920,0.5546990963,average,0.5729576349,0.5638552920,
O1/0223/1,,videos/sample_000888_O1__0223__1.pt,ok,0.6150788665,0.6285142303,0.5405982585,0.5333836979,average,0.6150788665,0.5405982585,
O1/0223/2,,videos/sample_000889_O1__0223__2.pt,ok,0.6135330796,0.6286739111,0.5414345544,0.5332985336,average,0.6135330796,0.5414345544,
O1/0223/3,,videos/sample_000890_O1__0223__3.pt,ok,0.6155652404,0.6302590966,0.5403353896,0.5324538261,average,0.6155652404,0.5403353896,
O1/0223/4,,videos/sample_000891_O1__0223__4.pt,ok,0.6162301302,0.6283520460,0.5399762455,0.5334702114,average,0.6162301302,0.5399762455,
O1/0224/1,,videos/sample_000892_O1__0224__1.pt,ok,0.5797846317,0.6088034511,0.5600189639,0.5440014041,average,0.5797846317,0.5600189639,
O1/0224/2,,videos/sample_000893_O1__0224__2.pt,ok,0.5802628398,0.6087631583,0.5597512223,0.5440233238,average,0.5802628398,0.5597512223,
O1/0224/3,,videos/sample_000894_O1__0224__3.pt,ok,0.5743814111,0.6029090881,0.5630530595,0.5472174147,average,0.5743814111,0.5630530595,
O1/0224/4,,videos/sample_000895_O1__0224__4.pt,ok,0.5811988711,0.6115998626,0.5592275228,0.5424822774,average,0.5811988711,0.5592275228,
O1/0225/1,,videos/sample_000896_O1__0225__1.pt,ok,0.5901513696,0.6156729460,0.5542433828,0.5402771956,average,0.5901513696,0.5542433828,
O1/0225/2,,videos/sample_000897_O1__0225__2.pt,ok,0.5891239643,0.6156729460,0.5548131080,0.5402771956,average,0.5891239643,0.5548131080,
O1/0225/3,,videos/sample_000898_O1__0225__3.pt,ok,0.5878351331,0.6139324307,0.5555286294,0.5412183751,average,0.5878351331,0.5555286294,
O1/0225/4,,videos/sample_000899_O1__0225__4.pt,ok,0.5868847370,0.6127228141,0.5560568526,0.5418734380,average,0.5868847370,0.5560568526,
O1/0226/1,,videos/sample_000900_O1__0226__1.pt,ok,0.6307394505,0.6528481245,0.5321981213,0.5205610408,average,0.6307394505,0.5321981213,
O1/0226/2,,videos/sample_000901_O1__0226__2.pt,ok,0.6289735436,0.6528481245,0.5331387639,0.5205610408,average,0.6289735436,0.5331387639,
O1/0226/3,,videos/sample_000902_O1__0226__3.pt,ok,0.6313527226,0.6542308331,0.5318718391,0.5198417539,average,0.6313527226,0.5318718391,
O1/0226/4,,videos/sample_000903_O1__0226__4.pt,ok,0.6320233345,0.6542308331,0.5315152791,0.5198417539,average,0.6320233345,0.5315152791,
O1/0227/1,,videos/sample_000904_O1__0227__1.pt,ok,0.6184320450,0.6307563782,0.5387885719,0.5321891125,average,0.6184320450,0.5387885719,
O1/0227/2,,videos/sample_000905_O1__0227__2.pt,ok,0.6184151769,0.6322330832,0.5387976603,0.5314038061,average,0.6184151769,0.5387976603,
O1/0227/3,,videos/sample_000906_O1__0227__3.pt,ok,0.6173027754,0.6293805242,0.5393973531,0.5329218310,average,0.6173027754,0.5393973531,
O1/0227/4,,videos/sample_000907_O1__0227__4.pt,ok,0.6167846322,0.6292705536,0.5396769106,0.5329804399,average,0.6167846322,0.5396769106,
O1/0228/1,,videos/sample_000908_O1__0228__1.pt,ok,0.5710718632,0.5968319774,0.5649195976,0.5505530407,average,0.5710718632,0.5649195976,
O1/0228/2,,videos/sample_000909_O1__0228__2.pt,ok,0.5704468489,0.5999910235,0.5652727907,0.5488165625,average,0.5704468489,0.5652727907,
O1/0228/3,,videos/sample_000910_O1__0228__3.pt,ok,0.5682796836,0.5864396691,0.5664991587,0.5563043908,average,0.5682796836,0.5664991587,
O1/0228/4,,videos/sample_000911_O1__0228__4.pt,ok,0.5695700049,0.5876176953,0.5657686641,0.5556494355,average,0.5695700049,0.5657686641,
O1/0229/1,,videos/sample_000912_O1__0229__1.pt,ok,0.5664584637,0.5883149505,0.5675318183,0.5552621411,average,0.5664584637,0.5675318183,
O1/0229/2,,videos/sample_000913_O1__0229__2.pt,ok,0.5662631989,0.5885629058,0.5676426481,0.5551244780,average,0.5662631989,0.5676426481,
O1/0229/3,,videos/sample_000914_O1__0229__3.pt,ok,0.5644701123,0.5848929286,0.5686613936,0.5571655151,average,0.5644701123,0.5686613936,
O1/0229/4,,videos/sample_000915_O1__0229__4.pt,ok,0.5652657747,0.5861299634,0.5682091111,0.5564767081,average,0.5652657747,0.5682091111,
O1/0230/1,,videos/sample_000916_O1__0230__1.pt,ok,0.5737158060,0.5971857309,0.5634279552,0.5503583151,average,0.5737158060,0.5634279552,
O1/0230/2,,videos/sample_000917_O1__0230__2.pt,ok,0.5749587417,0.5969275832,0.5627280856,0.5505004072,average,0.5749587417,0.5627280856,
O1/0230/3,,videos/sample_000918_O1__0230__3.pt,ok,0.5750954747,0.5907413363,0.5626511473,0.5539164941,average,0.5750954747,0.5626511473,
O1/0230/4,,videos/sample_000919_O1__0230__4.pt,ok,0.5723429322,0.5883342624,0.5642020019,0.5552514180,average,0.5723429322,0.5642020019,
O1/0231/1,,videos/sample_000920_O1__0231__1.pt,ok,0.6066312790,0.6233655214,0.5451843531,0.5361370172,average,0.6066312790,0.5451843531,
O1/0231/2,,videos/sample_000921_O1__0231__2.pt,ok,0.6098605990,0.6244078279,0.5434266180,0.5355784893,average,0.6098605990,0.5434266180,
O1/0231/3,,videos/sample_000922_O1__0231__3.pt,ok,0.6105037332,0.6328182817,0.5430772342,0.5310929204,average,0.6105037332,0.5430772342,
O1/0231/4,,videos/sample_000923_O1__0231__4.pt,ok,0.6100633740,0.6262345910,0.5433164358,0.5346010073,average,0.6100633740,0.5433164358,
O1/0232/1,,videos/sample_000924_O1__0232__1.pt,ok,0.5732173920,0.5871803761,0.5637088456,0.5558924848,average,0.5732173920,0.5637088456,
O1/0232/2,,videos/sample_000925_O1__0232__2.pt,ok,0.5697039962,0.5855113864,0.5656928612,0.5568210383,average,0.5697039962,0.5656928612,
O1/0232/3,,videos/sample_000926_O1__0232__3.pt,ok,0.5745429397,0.5978575349,0.5629621177,0.5499887063,average,0.5745429397,0.5629621177,
O1/0232/4,,videos/sample_000927_O1__0232__4.pt,ok,0.5724453926,0.5987270474,0.5641441965,0.5495106921,average,0.5724453926,0.5641441965,
O1/0233/1,,videos/sample_000928_O1__0233__1.pt,ok,0.6248317957,0.6385468245,0.5353514694,0.5280592295,average,0.6248317957,0.5353514694,
O1/0233/2,,videos/sample_000929_O1__0233__2.pt,ok,0.6241939068,0.6387338042,0.5356930731,0.5279605024,average,0.6241939068,0.5356930731,
O1/0233/3,,videos/sample_000930_O1__0233__3.pt,ok,0.6236811280,0.6376946568,0.5359678355,0.5285094163,average,0.6236811280,0.5359678355,
O1/0233/4,,videos/sample_000931_O1__0233__4.pt,ok,0.6250433326,0.6380652189,0.5352382348,0.5283136070,average,0.6250433326,0.5352382348,
O1/0234/1,,videos/sample_000932_O1__0234__1.pt,ok,0.6431103349,0.6621688008,0.5256549159,0.5157316016,average,0.6431103349,0.5256549159,
O1/0234/2,,videos/sample_000933_O1__0234__2.pt,ok,0.6428213716,0.6621688008,0.5258068329,0.5157316016,average,0.6428213716,0.5258068329,
O1/0234/3,,videos/sample_000934_O1__0234__3.pt,ok,0.6438080668,0.6612280607,0.5252882776,0.5162169992,average,0.6438080668,0.5252882776,
O1/0234/4,,videos/sample_000935_O1__0234__4.pt,ok,0.6434158087,0.6612280607,0.5254943667,0.5162169992,average,0.6434158087,0.5254943667,
O1/0235/1,,videos/sample_000936_O1__0235__1.pt,ok,0.5624246001,0.5856858492,0.5698257879,0.5567239022,average,0.5624246001,0.5698257879,
O1/0235/2,,videos/sample_000937_O1__0235__2.pt,ok,0.5642285347,0.5937030911,0.5687987861,0.5522783563,average,0.5642285347,0.5687987861,
O1/0235/3,,videos/sample_000938_O1__0235__3.pt,ok,0.5653390288,0.5914114118,0.5681674889,0.5535454526,average,0.5653390288,0.5681674889,
O1/0235/4,,videos/sample_000939_O1__0235__4.pt,ok,0.5562489033,0.5752463937,0.5733557480,0.5625662390,average,0.5562489033,0.5733557480,
O1/0236/1,,videos/sample_000940_O1__0236__1.pt,ok,0.5826073885,0.6012113690,0.5584403956,0.5481472252,average,0.5826073885,0.5584403956,
O1/0236/2,,videos/sample_000941_O1__0236__2.pt,ok,0.5841681957,0.6011331677,0.5575694576,0.5481900927,average,0.5841681957,0.5575694576,
O1/0236/3,,videos/sample_000942_O1__0236__3.pt,ok,0.5831584334,0.6012113690,0.5581327546,0.5481472252,average,0.5831584334,0.5581327546,
O1/0236/4,,videos/sample_000943_O1__0236__4.pt,ok,0.5835738182,0.6011331677,0.5579009629,0.5481900927,average,0.5835738182,0.5579009629,
O1/0237/1,,videos/sample_000944_O1__0237__1.pt,ok,0.5703649521,0.5939280391,0.5653190867,0.5521541364,average,0.5703649521,0.5653190867,
O1/0237/2,,videos/sample_000945_O1__0237__2.pt,ok,0.5691735148,0.5922734737,0.5659930303,0.5530684677,average,0.5691735148,0.5659930303,
O1/0237/3,,videos/sample_000946_O1__0237__3.pt,ok,0.5699013472,0.5863413215,0.5655812321,0.5563591047,average,0.5699013472,0.5655812321,
O1/0237/4,,videos/sample_000947_O1__0237__4.pt,ok,0.5682806373,0.5855474472,0.5664986184,0.5568009592,average,0.5682806373,0.5664986184,
O1/0238/1,,videos/sample_000948_O1__0238__1.pt,ok,0.5668421388,0.5915304422,0.5673141123,0.5534795677,average,0.5668421388,0.5673141123,
O1/0238/2,,videos/sample_000949_O1__0238__2.pt,ok,0.5750097036,0.6037365794,0.5626994086,0.5467647843,average,0.5750097036,0.5626994086,
O1/0238/3,,videos/sample_000950_O1__0238__3.pt,ok,0.5729503632,0.6001616716,0.5638593922,0.5487229160,average,0.5729503632,0.5638593922,
O1/0238/4,,videos/sample_000951_O1__0238__4.pt,ok,0.5743228197,0.6076773405,0.5630860505,0.5446143549,average,0.5743228197,0.5630860505,
O1/0239/1,,videos/sample_000952_O1__0239__1.pt,ok,0.6300579906,0.6540682912,0.5325609166,0.5199262569,average,0.6300579906,0.5325609166,
O1/0239/2,,videos/sample_000953_O1__0239__2.pt,ok,0.6280805469,0.6534937620,0.5336150678,0.5202250555,average,0.6280805469,0.5336150678,
O1/0239/3,,videos/sample_000954_O1__0239__3.pt,ok,0.6301651597,0.6540682912,0.5325038456,0.5199262569,average,0.6301651597,0.5325038456,
O1/0239/4,,videos/sample_000955_O1__0239__4.pt,ok,0.6291330457,0.6534937620,0.5330537340,0.5202250555,average,0.6291330457,0.5330537340,
O1/0240/1,,videos/sample_000956_O1__0240__1.pt,ok,0.5817410350,0.6156690717,0.5589244120,0.5402792888,average,0.5817410350,0.5589244120,
O1/0240/2,,videos/sample_000957_O1__0240__2.pt,ok,0.5809565783,0.6188300848,0.5593630360,0.5385741553,average,0.5809565783,0.5593630360,
O1/0240/3,,videos/sample_000958_O1__0240__3.pt,ok,0.5760263801,0.6074264050,0.5621276160,0.5447510351,average,0.5760263801,0.5621276160,
O1/0240/4,,videos/sample_000959_O1__0240__4.pt,ok,0.5826705694,0.6131588817,0.5584051139,0.5416371960,average,0.5826705694,0.5584051139,
O1/0241/1,,videos/sample_000960_O1__0241__1.pt,ok,0.6003687978,0.6199423075,0.5486092729,0.5379754739,average,0.6003687978,0.5486092729,
O1/0241/2,,videos/sample_000961_O1__0241__2.pt,ok,0.6017804146,0.6203437448,0.5478353932,0.5377595538,average,0.6017804146,0.5478353932,
O1/0241/3,,videos/sample_000962_O1__0241__3.pt,ok,0.5941898823,0.6002370715,0.5520095775,0.5486815439,average,0.5941898823,0.5520095775,
O1/0241/4,,videos/sample_000963_O1__0241__4.pt,ok,0.6028423309,0.6220933199,0.5472539466,0.5368195256,average,0.6028423309,0.5472539466,
O1/0242/1,,videos/sample_000964_O1__0242__1.pt,ok,0.6244506836,0.6385535598,0.5355555372,0.5280556729,average,0.6244506836,0.5355555372,
O1/0242/2,,videos/sample_000965_O1__0242__2.pt,ok,0.6236658096,0.6379450560,0.5359760458,0.5283770946,average,0.6236658096,0.5359760458,
O1/0242/3,,videos/sample_000966_O1__0242__3.pt,ok,0.6253022552,0.6384362578,0.5350996674,0.5281176185,average,0.6253022552,0.5350996674,
O1/0242/4,,videos/sample_000967_O1__0242__4.pt,ok,0.6249072552,0.6380783916,0.5353110735,0.5283066478,average,0.6249072552,0.5353110735,
O1/0243/1,,videos/sample_000968_O1__0243__1.pt,ok,0.5678063631,0.5877400637,0.5667673578,0.5555814457,average,0.5678063631,0.5667673578,
O1/0243/2,,videos/sample_000969_O1__0243__2.pt,ok,0.5672387481,0.5861868262,0.5670891548,0.5564450662,average,0.5672387481,0.5670891548,
O1/0243/3,,videos/sample_000970_O1__0243__3.pt,ok,0.5688680410,0.5916620493,0.5661659527,0.5534067307,average,0.5688680410,0.5661659527,
O1/0243/4,,videos/sample_000971_O1__0243__4.pt,ok,0.5686184168,0.5880898833,0.5663072991,0.5553871264,average,0.5686184168,0.5663072991,
O1/0244/1,,videos/sample_000972_O1__0244__1.pt,ok,0.5668150783,0.5946296453,0.5673294643,0.5517668775,average,0.5668150783,0.5673294643,
O1/0244/2,,videos/sample_000973_O1__0244__2.pt,ok,0.5724546313,0.6050893664,0.5641389846,0.5460256281,average,0.5724546313,0.5641389846,
O1/0244/3,,videos/sample_000974_O1__0244__3.pt,ok,0.5741339922,0.6080407500,0.5631923867,0.5444164728,average,0.5741339922,0.5631923867,
O1/0244/4,,videos/sample_000975_O1__0244__4.pt,ok,0.5718430877,0.6037451625,0.5644840857,0.5467600914,average,0.5718430877,0.5644840857,
O1/0245/1,,videos/sample_000976_O1__0245__1.pt,ok,0.5687602758,0.5997479558,0.5662269690,0.5489499783,average,0.5687602758,0.5662269690,
O1/0245/2,,videos/sample_000977_O1__0245__2.pt,ok,0.5726820827,0.6047325730,0.5640106850,0.5462204812,average,0.5726820827,0.5640106850,
O1/0245/3,,videos/sample_000978_O1__0245__3.pt,ok,0.5734472275,0.6047325730,0.5635793002,0.5462204812,average,0.5734472275,0.5635793002,
O1/0245/4,,videos/sample_000979_O1__0245__4.pt,ok,0.5676462650,0.5997479558,0.5668581035,0.5489499783,average,0.5676462650,0.5668581035,
O1/0246/1,,videos/sample_000980_O1__0246__1.pt,ok,0.5700743794,0.5957376361,0.5654833768,0.5511558634,average,0.5700743794,0.5654833768,
O1/0246/2,,videos/sample_000981_O1__0246__2.pt,ok,0.5683888197,0.5871667862,0.5664373366,0.5559000394,average,0.5683888197,0.5664373366,
O1/0246/3,,videos/sample_000982_O1__0246__3.pt,ok,0.5711957812,0.5980152488,0.5648495982,0.5499019723,average,0.5711957812,0.5648495982,
O1/0246/4,,videos/sample_000983_O1__0246__4.pt,ok,0.5681018233,0.5861725211,0.5665999254,0.5564530262,average,0.5681018233,0.5665999254,
O1/0247/1,,videos/sample_000984_O1__0247__1.pt,ok,0.5773125887,0.6037911773,0.5614050674,0.5467349330,average,0.5773125887,0.5614050674,
O1/0247/2,,videos/sample_000985_O1__0247__2.pt,ok,0.5817878842,0.6084411740,0.5588982274,0.5441985190,average,0.5817878842,0.5588982274,
O1/0247/3,,videos/sample_000986_O1__0247__3.pt,ok,0.5812260509,0.6045050025,0.5592123233,0.5463447990,average,0.5812260509,0.5592123233,
O1/0247/4,,videos/sample_000987_O1__0247__4.pt,ok,0.5828538537,0.6072654128,0.5583027764,0.5448387428,average,0.5828538537,0.5583027764,
O1/0248/1,,videos/sample_000988_O1__0248__1.pt,ok,0.6194766760,0.6328147650,0.5382260305,0.5310947881,average,0.6194766760,0.5382260305,
O1/0248/2,,videos/sample_000989_O1__0248__2.pt,ok,0.6184749603,0.6322857738,0.5387654501,0.5313758069,average,0.6184749603,0.5387654501,
O1/0248/3,,videos/sample_000990_O1__0248__3.pt,ok,0.6202279329,0.6324504018,0.5378218363,0.5312883348,average,0.6202279329,0.5378218363,
O1/0248/4,,videos/sample_000991_O1__0248__4.pt,ok,0.6203263402,0.6345147491,0.5377689133,0.5301927024,average,0.6203263402,0.5377689133,
O1/0249/1,,videos/sample_000992_O1__0249__1.pt,ok,0.6176210046,0.6342790723,0.5392257284,0.5303176712,average,0.6176210046,0.5392257284,
O1/0249/2,,videos/sample_000993_O1__0249__2.pt,ok,0.6193196177,0.6337262392,0.5383105700,0.5306109295,average,0.6193196177,0.5383105700,
O1/0249/3,,videos/sample_000994_O1__0249__3.pt,ok,0.6190024614,0.6342790723,0.5384813257,0.5303176712,average,0.6190024614,0.5384813257,
O1/0249/4,,videos/sample_000995_O1__0249__4.pt,ok,0.6184959412,0.6337262392,0.5387541465,0.5306109295,average,0.6184959412,0.5387541465,
O1/0250/1,,videos/sample_000996_O1__0250__1.pt,ok,0.5548350811,0.5848823786,0.5741669444,0.5571713932,average,0.5548350811,0.5741669444,
O1/0250/2,,videos/sample_000997_O1__0250__2.pt,ok,0.5513767004,0.5693962574,0.5761560698,0.5658669736,average,0.5513767004,0.5761560698,
O1/0250/3,,videos/sample_000998_O1__0250__3.pt,ok,0.5540707111,0.5823806524,0.5746059881,0.5585670285,average,0.5540707111,0.5746059881,
O1/0250/4,,videos/sample_000999_O1__0250__4.pt,ok,0.5512333512,0.5701689124,0.5762386673,0.5654299225,average,0.5512333512,0.5762386673,
O1/0251/1,,videos/sample_001000_O1__0251__1.pt,ok,0.5658304095,0.5886006951,0.5678883710,0.5551035006,average,0.5658304095,0.5678883710,
O1/0251/2,,videos/sample_001001_O1__0251__2.pt,ok,0.5667709112,0.5898234844,0.5673545221,0.5544251408,average,0.5667709112,0.5673545221,
O1/0251/3,,videos/sample_001002_O1__0251__3.pt,ok,0.5655772686,0.5886006951,0.5680321450,0.5551035006,average,0.5655772686,0.5680321450,
O1/0251/4,,videos/sample_001003_O1__0251__4.pt,ok,0.5665265322,0.5898234844,0.5674931886,0.5544251408,average,0.5665265322,0.5674931886,
O1/0252/1,,videos/sample_001004_O1__0252__1.pt,ok,0.6154994965,0.6283604503,0.5403709145,0.5334657280,average,0.6154994965,0.5403709145,
O1/0252/2,,videos/sample_001005_O1__0252__2.pt,ok,0.6166584492,0.6289868951,0.5397450130,0.5331316458,average,0.6166584492,0.5397450130,
O1/0252/3,,videos/sample_001006_O1__0252__3.pt,ok,0.6178922653,0.6300150156,0.5390794775,0.5325838039,average,0.6178922653,0.5390794775,
O1/0252/4,,videos/sample_001007_O1__0252__4.pt,ok,0.6172606349,0.6294646263,0.5394200841,0.5328770130,average,0.6172606349,0.5394200841,
O1/0253/1,,videos/sample_001008_O1__0253__1.pt,ok,0.5766047835,0.6006455421,0.5618025735,0.5484574694,average,0.5766047835,0.5618025735,
O1/0253/2,,videos/sample_001009_O1__0253__2.pt,ok,0.5766301751,0.5997341871,0.5617883086,0.5489575367,average,0.5766301751,0.5617883086,
O1/0253/3,,videos/sample_001010_O1__0253__3.pt,ok,0.5782653093,0.6052265763,0.5608704599,0.5459507131,average,0.5782653093,0.5608704599,
O1/0253/4,,videos/sample_001011_O1__0253__4.pt,ok,0.5700640678,0.5857796073,0.5654892079,0.5566717073,average,0.5700640678,0.5654892079,
O1/0254/1,,videos/sample_001012_O1__0254__1.pt,ok,0.5809394717,0.6006613970,0.5593726049,0.5484487737,average,0.5809394717,0.5593726049,
O1/0254/2,,videos/sample_001013_O1__0254__2.pt,ok,0.5821223855,0.6050434113,0.5587113065,0.5460507214,average,0.5821223855,0.5587113065,
O1/0254/3,,videos/sample_001014_O1__0254__3.pt,ok,0.5810166597,0.5994509459,0.5593294297,0.5491130461,average,0.5810166597,0.5593294297,
O1/0254/4,,videos/sample_001015_O1__0254__4.pt,ok,0.5819938779,0.6069453359,0.5587831098,0.5450131611,average,0.5819938779,0.5587831098,
O1/0255/1,,videos/sample_001016_O1__0255__1.pt,ok,0.5864588022,0.6128909588,0.5562937470,0.5417823325,average,0.5864588022,0.5562937470,
O1/0255/2,,videos/sample_001017_O1__0255__2.pt,ok,0.5857238770,0.6122170091,0.5567027316,0.5421475896,average,0.5857238770,0.5567027316,
O1/0255/3,,videos/sample_001018_O1__0255__3.pt,ok,0.5815007687,0.6051540375,0.5590587189,0.5459903172,average,0.5815007687,0.5590587189,
O1/0255/4,,videos/sample_001019_O1__0255__4.pt,ok,0.5853431225,0.6082384586,0.5569147391,0.5443088476,average,0.5853431225,0.5569147391,
O1/0256/1,,videos/sample_001020_O1__0256__1.pt,ok,0.5747135282,0.5910863280,0.5628660910,0.5537254304,average,0.5747135282,0.5628660910,
O1/0256/2,,videos/sample_001021_O1__0256__2.pt,ok,0.5758204460,0.5993320942,0.5622433892,0.5491783130,average,0.5758204460,0.5622433892,
O1/0256/3,,videos/sample_001022_O1__0256__3.pt,ok,0.5739728808,0.5900627375,0.5632831307,0.5542925087,average,0.5739728808,0.5632831307,
O1/0256/4,,videos/sample_001023_O1__0256__4.pt,ok,0.5767648220,0.5999889374,0.5617126707,0.5488177074,average,0.5767648220,0.5617126707,
O1/0257/1,,videos/sample_001024_O1__0257__1.pt,ok,0.5737708211,0.6049219966,0.5633969590,0.5461170240,average,0.5737708211,0.5633969590,
O1/0257/2,,videos/sample_001025_O1__0257__2.pt,ok,0.5754534602,0.6049219966,0.5624497624,0.5461170240,average,0.5754534602,0.5624497624,
O1/0257/3,,videos/sample_001026_O1__0257__3.pt,ok,0.5725359917,0.5990474820,0.5640930879,0.5493346381,average,0.5725359917,0.5640930879,
O1/0257/4,,videos/sample_001027_O1__0257__4.pt,ok,0.5696285963,0.5990474820,0.5657355159,0.5493346381,average,0.5696285963,0.5657355159,
O1/0258/1,,videos/sample_001028_O1__0258__1.pt,ok,0.5587915778,0.5889374614,0.5718997428,0.5549165919,average,0.5587915778,0.5718997428,
O1/0258/2,,videos/sample_001029_O1__0258__2.pt,ok,0.5555565953,0.5749629140,0.5737528242,0.5627257377,average,0.5555565953,0.5737528242,
O1/0258/3,,videos/sample_001030_O1__0258__3.pt,ok,0.5576277971,0.5887413621,0.5725656961,0.5550254213,average,0.5576277971,0.5725656961,
O1/0258/4,,videos/sample_001031_O1__0258__4.pt,ok,0.5523254275,0.5721617341,0.5756097142,0.5643042435,average,0.5523254275,0.5756097142,
O1/0259/1,,videos/sample_001032_O1__0259__1.pt,ok,0.6265687943,0.6405394673,0.5344223718,0.5270080437,average,0.6265687943,0.5344223718,
O1/0259/2,,videos/sample_001033_O1__0259__2.pt,ok,0.6281165481,0.6406136751,0.5335958573,0.5269689371,average,0.6281165481,0.5335958573,
O1/0259/3,,videos/sample_001034_O1__0259__3.pt,ok,0.6288284659,0.6412286162,0.5332161161,0.5266449818,average,0.6288284659,0.5332161161,
O1/0259/4,,videos/sample_001035_O1__0259__4.pt,ok,0.6286243200,0.6406763196,0.5333249811,0.5269359264,average,0.6286243200,0.5333249811,
O1/0260/1,,videos/sample_001036_O1__0260__1.pt,ok,0.5693415999,0.5888633132,0.5658979033,0.5549577395,average,0.5693415999,0.5658979033,
O1/0260/2,,videos/sample_001037_O1__0260__2.pt,ok,0.5710163116,0.5933545828,0.5649509806,0.5524708635,average,0.5710163116,0.5649509806,
O1/0260/3,,videos/sample_001038_O1__0260__3.pt,ok,0.5709918141,0.5925430655,0.5649648206,0.5529193851,average,0.5709918141,0.5649648206,
O1/0260/4,,videos/sample_001039_O1__0260__4.pt,ok,0.5696423650,0.5882668495,0.5657277266,0.5552888504,average,0.5696423650,0.5657277266,
O1/0261/1,,videos/sample_001040_O1__0261__1.pt,ok,0.5527961850,0.5696107149,0.5753388053,0.5657456322,average,0.5527961850,0.5753388053,
O1/0261/2,,videos/sample_001041_O1__0261__2.pt,ok,0.5580570698,0.5844208598,0.5723199621,0.5574285977,average,0.5580570698,0.5723199621,
O1/0261/3,,videos/sample_001042_O1__0261__3.pt,ok,0.5572211742,0.5866281986,0.5727985618,0.5561995209,average,0.5572211742,0.5727985618,
O1/0261/4,,videos/sample_001043_O1__0261__4.pt,ok,0.5556023717,0.5717496276,0.5737265604,0.5645368449,average,0.5556023717,0.5737265604,
O1/0262/1,,videos/sample_001044_O1__0262__1.pt,ok,0.6273967624,0.6552181840,0.5339800702,0.5193287410,average,0.6273967624,0.5339800702,
O1/0262/2,,videos/sample_001045_O1__0262__2.pt,ok,0.6283343434,0.6558121443,0.5334796553,0.5190203719,average,0.6283343434,0.5334796553,
O1/0262/3,,videos/sample_001046_O1__0262__3.pt,ok,0.6278882027,0.6552181840,0.5337177154,0.5193287410,average,0.6278882027,0.5337177154,
O1/0262/4,,videos/sample_001047_O1__0262__4.pt,ok,0.6282821894,0.6558121443,0.5335074791,0.5190203719,average,0.6282821894,0.5335074791,
O1/0263/1,,videos/sample_001048_O1__0263__1.pt,ok,0.6112010479,0.6347923279,0.5426986704,0.5300455526,average,0.6112010479,0.5426986704,
O1/0263/2,,videos/sample_001049_O1__0263__2.pt,ok,0.6122176051,0.6360120177,0.5421472665,0.5293994555,average,0.6122176051,0.5421472665,
O1/0263/3,,videos/sample_001050_O1__0263__3.pt,ok,0.6118929386,0.6347923279,0.5423233121,0.5300455526,average,0.6118929386,0.5423233121,
O1/0263/4,,videos/sample_001051_O1__0263__4.pt,ok,0.6094262600,0.6360120177,0.5436627007,0.5293994555,average,0.6094262600,0.5436627007,
O1/0264/1,,videos/sample_001052_O1__0264__1.pt,ok,0.5555842519,0.5757977366,0.5737369564,0.5622561575,average,0.5555842519,0.5737369564,
O1/0264/2,,videos/sample_001053_O1__0264__2.pt,ok,0.5578508973,0.5829246640,0.5724379708,0.5582632442,average,0.5578508973,0.5724379708,
O1/0264/3,,videos/sample_001054_O1__0264__3.pt,ok,0.5559799075,0.5746464729,0.5735099990,0.5629038354,average,0.5559799075,0.5735099990,
O1/0264/4,,videos/sample_001055_O1__0264__4.pt,ok,0.5586053133,0.5888142586,0.5720062773,0.5549849634,average,0.5586053133,0.5720062773,
O1/0265/1,,videos/sample_001056_O1__0265__1.pt,ok,0.5797608495,0.6211169362,0.5600322826,0.5373439234,average,0.5797608495,0.5600322826,
O1/0265/2,,videos/sample_001057_O1__0265__2.pt,ok,0.5832943320,0.6174255610,0.5580569103,0.5393311270,average,0.5832943320,0.5580569103,
O1/0265/3,,videos/sample_001058_O1__0265__3.pt,ok,0.5673872232,0.5868825912,0.5670049624,0.5560580458,average,0.5673872232,0.5670049624,
O1/0265/4,,videos/sample_001059_O1__0265__4.pt,ok,0.5835496187,0.6172667146,0.5579144640,0.5394168046,average,0.5835496187,0.5579144640,
O1/0266/1,,videos/sample_001060_O1__0266__1.pt,ok,0.5778650641,0.5969071984,0.5610949906,0.5505116291,average,0.5778650641,0.5610949906,
O1/0266/2,,videos/sample_001061_O1__0266__2.pt,ok,0.5770079494,0.5951650739,0.5615761195,0.5514715248,average,0.5770079494,0.5615761195,
O1/0266/3,,videos/sample_001062_O1__0266__3.pt,ok,0.5780457854,0.5986393690,0.5609935979,0.5495588745,average,0.5780457854,0.5609935979,
O1/0266/4,,videos/sample_001063_O1__0266__4.pt,ok,0.5767050982,0.5964546800,0.5617462193,0.5507608021,average,0.5767050982,0.5617462193,
O1/0267/1,,videos/sample_001064_O1__0267__1.pt,ok,0.6271789074,0.6511987448,0.5340964131,0.5214203521,average,0.6271789074,0.5340964131,
O1/0267/2,,videos/sample_001065_O1__0267__2.pt,ok,0.6275646687,0.6511987448,0.5338904192,0.5214203521,average,0.6275646687,0.5338904192,
O1/0267/3,,videos/sample_001066_O1__0267__3.pt,ok,0.6263882518,0.6515337229,0.5345188664,0.5212457169,average,0.6263882518,0.5345188664,
O1/0267/4,,videos/sample_001067_O1__0267__4.pt,ok,0.6268966198,0.6515337229,0.5342472032,0.5212457169,average,0.6268966198,0.5342472032,
O1/0268/1,,videos/sample_001068_O1__0268__1.pt,ok,0.6142079234,0.6385336518,0.5410692939,0.5280661855,average,0.6142079234,0.5410692939,
O1/0268/2,,videos/sample_001069_O1__0268__2.pt,ok,0.6129971743,0.6385336518,0.5417247899,0.5280661855,average,0.6129971743,0.5417247899,
O1/0268/3,,videos/sample_001070_O1__0268__3.pt,ok,0.6135126352,0.6382032633,0.5414456238,0.5282406813,average,0.6135126352,0.5414456238,
O1/0268/4,,videos/sample_001071_O1__0268__4.pt,ok,0.6145445704,0.6382032633,0.5408871752,0.5282406813,average,0.6145445704,0.5408871752,
O1/0269/1,,videos/sample_001072_O1__0269__1.pt,ok,0.5828906894,0.6163146496,0.5582822113,0.5399306090,average,0.5828906894,0.5582822113,
O1/0269/2,,videos/sample_001073_O1__0269__2.pt,ok,0.5820155144,0.6058836579,0.5587710198,0.5455920968,average,0.5820155144,0.5587710198,
O1/0269/3,,videos/sample_001074_O1__0269__3.pt,ok,0.5737537742,0.5864270926,0.5634065633,0.5563113872,average,0.5737537742,0.5634065633,
O1/0269/4,,videos/sample_001075_O1__0269__4.pt,ok,0.5841805935,0.6084564328,0.5575625451,0.5441902153,average,0.5841805935,0.5575625451,
O1/0270/1,,videos/sample_001076_O1__0270__1.pt,ok,0.6233153343,0.6356387138,0.5361639251,0.5295971193,average,0.6233153343,0.5361639251,
O1/0270/2,,videos/sample_001077_O1__0270__2.pt,ok,0.6235175133,0.6337409019,0.5360555350,0.5306031493,average,0.6235175133,0.5360555350,
O1/0270/3,,videos/sample_001078_O1__0270__3.pt,ok,0.6227480769,0.6337409019,0.5364681543,0.5306031493,average,0.6227480769,0.5364681543,
O1/0270/4,,videos/sample_001079_O1__0270__4.pt,ok,0.6221432686,0.6356387138,0.5367927128,0.5295971193,average,0.6221432686,0.5367927128,
O1/0271/1,,videos/sample_001080_O1__0271__1.pt,ok,0.6149122119,0.6469428539,0.5406883592,0.5236441890,average,0.6149122119,0.5406883592,
O1/0271/2,,videos/sample_001081_O1__0271__2.pt,ok,0.6168853045,0.6456089616,0.5396225828,0.5243431400,average,0.6168853045,0.5396225828,
O1/0271/3,,videos/sample_001082_O1__0271__3.pt,ok,0.6170313358,0.6456089616,0.5395437868,0.5243431400,average,0.6170313358,0.5395437868,
O1/0271/4,,videos/sample_001083_O1__0271__4.pt,ok,0.6164960265,0.6469428539,0.5398326869,0.5236441890,average,0.6164960265,0.5398326869,
O1/0272/1,,videos/sample_001084_O1__0272__1.pt,ok,0.6180434823,0.6332762837,0.5389979657,0.5308497345,average,0.6180434823,0.5389979657,
O1/0272/2,,videos/sample_001085_O1__0272__2.pt,ok,0.6166515350,0.6332762837,0.5397487448,0.5308497345,average,0.6166515350,0.5397487448,
O1/0272/3,,videos/sample_001086_O1__0272__3.pt,ok,0.6174923778,0.6332287192,0.5392950918,0.5308749847,average,0.6174923778,0.5392950918,
O1/0272/4,,videos/sample_001087_O1__0272__4.pt,ok,0.6183029413,0.6332287192,0.5388581360,0.5308749847,average,0.6183029413,0.5388581360,
O1/0273/1,,videos/sample_001088_O1__0273__1.pt,ok,0.6234797239,0.6460451484,0.5360757925,0.5241144784,average,0.6234797239,0.5360757925,
O1/0273/2,,videos/sample_001089_O1__0273__2.pt,ok,0.6226384044,0.6479885578,0.5365269934,0.5230968984,average,0.6226384044,0.5365269934,
O1/0273/3,,videos/sample_001090_O1__0273__3.pt,ok,0.6234644055,0.6460451484,0.5360840044,0.5241144784,average,0.6234644055,0.5360840044,
O1/0273/4,,videos/sample_001091_O1__0273__4.pt,ok,0.6218419671,0.6479885578,0.5369544737,0.5230968984,average,0.6218419671,0.5369544737,
O1/0274/1,,videos/sample_001092_O1__0274__1.pt,ok,0.5692458153,0.6000769734,0.5659521102,0.5487693938,average,0.5692458153,0.5659521102,
O1/0274/2,,videos/sample_001093_O1__0274__2.pt,ok,0.5684303045,0.5995085835,0.5664138385,0.5490813974,average,0.5684303045,0.5664138385,
O1/0274/3,,videos/sample_001094_O1__0274__3.pt,ok,0.5687831640,0.6038194299,0.5662140093,0.5467194865,average,0.5687831640,0.5662140093,
O1/0274/4,,videos/sample_001095_O1__0274__4.pt,ok,0.5660130382,0.5915210247,0.5677846678,0.5534847801,average,0.5660130382,0.5677846678,
O1/0275/1,,videos/sample_001096_O1__0275__1.pt,ok,0.5840779543,0.6127680540,0.5576197758,0.5418489242,average,0.5840779543,0.5576197758,
O1/0275/2,,videos/sample_001097_O1__0275__2.pt,ok,0.5795926452,0.6034834385,0.5601264903,0.5469032104,average,0.5795926452,0.5601264903,
O1/0275/3,,videos/sample_001098_O1__0275__3.pt,ok,0.5830374956,0.6140922308,0.5582002580,0.5411318953,average,0.5830374956,0.5582002580,
O1/0275/4,,videos/sample_001099_O1__0275__4.pt,ok,0.5842500329,0.6115721464,0.5575238296,0.5424973131,average,0.5842500329,0.5575238296,
O1/0276/1,,videos/sample_001100_O1__0276__1.pt,ok,0.5710430741,0.5908794999,0.5649358613,0.5538399683,average,0.5710430741,0.5649358613,
O1/0276/2,,videos/sample_001101_O1__0276__2.pt,ok,0.5718250275,0.5962321162,0.5644942805,0.5508833952,average,0.5718250275,0.5644942805,
O1/0276/3,,videos/sample_001102_O1__0276__3.pt,ok,0.5726283193,0.5970967412,0.5640410089,0.5504072935,average,0.5726283193,0.5640410089,
O1/0276/4,,videos/sample_001103_O1__0276__4.pt,ok,0.5695548058,0.5898440480,0.5657772634,0.5544137399,average,0.5695548058,0.5657772634,
O1/0277/1,,videos/sample_001104_O1__0277__1.pt,ok,0.5862886310,0.6102178693,0.5563884203,0.5432325025,average,0.5862886310,0.5563884203,
O1/0277/2,,videos/sample_001105_O1__0277__2.pt,ok,0.5866988897,0.6113976836,0.5561602039,0.5425919669,average,0.5866988897,0.5561602039,
O1/0277/3,,videos/sample_001106_O1__0277__3.pt,ok,0.5848839283,0.6069962382,0.5571705298,0.5449854193,average,0.5848839283,0.5571705298,
O1/0277/4,,videos/sample_001107_O1__0277__4.pt,ok,0.5871079564,0.6102219820,0.5559327438,0.5432302683,average,0.5871079564,0.5559327438,
O1/0278/1,,videos/sample_001108_O1__0278__1.pt,ok,0.5819928050,0.6045743227,0.5587837093,0.5463069276,average,0.5819928050,0.5587837093,
O1/0278/2,,videos/sample_001109_O1__0278__2.pt,ok,0.5732173920,0.5871803761,0.5637088456,0.5558924848,average,0.5732173920,0.5637088456,
O1/0278/3,,videos/sample_001110_O1__0278__3.pt,ok,0.5811773539,0.6040894985,0.5592395560,0.5465718546,average,0.5811773539,0.5592395560,
O1/0278/4,,videos/sample_001111_O1__0278__4.pt,ok,0.5834106207,0.6120966673,0.5579920184,0.5422128365,average,0.5834106207,0.5579920184,
O1/0279/1,,videos/sample_001112_O1__0279__1.pt,ok,0.6097812653,0.6240797043,0.5434697318,0.5357542541,average,0.6097812653,0.5434697318,
O1/0279/2,,videos/sample_001113_O1__0279__2.pt,ok,0.6127756834,0.6285570264,0.5418447903,0.5333608717,average,0.6127756834,0.5418447903,
O1/0279/3,,videos/sample_001114_O1__0279__3.pt,ok,0.6122046709,0.6263884306,0.5421542788,0.5345187709,average,0.6122046709,0.5421542788,
O1/0279/4,,videos/sample_001115_O1__0279__4.pt,ok,0.6112781167,0.6268641353,0.5426568469,0.5342645583,average,0.6112781167,0.5426568469,
O1/0280/1,,videos/sample_001116_O1__0280__1.pt,ok,0.5817556977,0.6036952734,0.5589162167,0.5467873695,average,0.5817556977,0.5589162167,
O1/0280/2,,videos/sample_001117_O1__0280__2.pt,ok,0.5838331580,0.6040015817,0.5577562957,0.5466199096,average,0.5838331580,0.5577562957,
O1/0280/3,,videos/sample_001118_O1__0280__3.pt,ok,0.5860415697,0.6094412208,0.5565258993,0.5436545671,average,0.5860415697,0.5565258993,
O1/0280/4,,videos/sample_001119_O1__0280__4.pt,ok,0.5853902698,0.6088610888,0.5568884827,0.5439700500,average,0.5853902698,0.5568884827,
O1/0281/1,,videos/sample_001120_O1__0281__1.pt,ok,0.6263741255,0.6377906799,0.5345264173,0.5284586696,average,0.6263741255,0.5345264173,
O1/0281/2,,videos/sample_001121_O1__0281__2.pt,ok,0.6246771216,0.6352034211,0.5354342808,0.5298276992,average,0.6246771216,0.5354342808,
O1/0281/3,,videos/sample_001122_O1__0281__3.pt,ok,0.6260081530,0.6352034211,0.5347220750,0.5298276992,average,0.6260081530,0.5347220750,
O1/0281/4,,videos/sample_001123_O1__0281__4.pt,ok,0.6255935431,0.6364136934,0.5349438221,0.5291868513,average,0.6255935431,0.5349438221,
O1/0282/1,,videos/sample_001124_O1__0282__1.pt,ok,0.5683819652,0.5865839720,0.5664412192,0.5562241203,average,0.5683819652,0.5664412192,
O1/0282/2,,videos/sample_001125_O1__0282__2.pt,ok,0.5702313185,0.5978738070,0.5653946373,0.5499797570,average,0.5702313185,0.5653946373,
O1/0282/3,,videos/sample_001126_O1__0282__3.pt,ok,0.5707789660,0.5984834433,0.5650850852,0.5496445715,average,0.5707789660,0.5650850852,
O1/0282/4,,videos/sample_001127_O1__0282__4.pt,ok,0.5676937103,0.5868117809,0.5668312093,0.5560974218,average,0.5676937103,0.5668312093,
O1/0283/1,,videos/sample_001128_O1__0283__1.pt,ok,0.5859363079,0.6092940569,0.5565844833,0.5437345793,average,0.5859363079,0.5565844833,
O1/0283/2,,videos/sample_001129_O1__0283__2.pt,ok,0.5863223672,0.6147665977,0.5563696502,0.5407670968,average,0.5863223672,0.5563696502,
O1/0283/3,,videos/sample_001130_O1__0283__3.pt,ok,0.5872206688,0.6148321629,0.5558700868,0.5407316425,average,0.5872206688,0.5558700868,
O1/0283/4,,videos/sample_001131_O1__0283__4.pt,ok,0.5808011889,0.6037571430,0.5594499618,0.5467535410,average,0.5808011889,0.5594499618,
O1/0284/1,,videos/sample_001132_O1__0284__1.pt,ok,0.5595265627,0.5866746306,0.5714795596,0.5561736960,average,0.5595265627,0.5714795596,
O1/0284/2,,videos/sample_001133_O1__0284__2.pt,ok,0.5500726104,0.5687845349,0.5769079194,0.5662132330,average,0.5500726104,0.5769079194,
O1/0284/3,,videos/sample_001134_O1__0284__3.pt,ok,0.5584157109,0.5894310474,0.5721147414,0.5546427604,average,0.5584157109,0.5721147414,
O1/0284/4,,videos/sample_001135_O1__0284__4.pt,ok,0.5625792742,0.5913373828,0.5697376575,0.5535864325,average,0.5625792742,0.5697376575,
O1/0285/1,,videos/sample_001136_O1__0285__1.pt,ok,0.5780066848,0.5982482433,0.5610155336,0.5497738631,average,0.5780066848,0.5610155336,
O1/0285/2,,videos/sample_001137_O1__0285__2.pt,ok,0.5802645683,0.6005953550,0.5597502548,0.5484849956,average,0.5802645683,0.5597502548,
O1/0285/3,,videos/sample_001138_O1__0285__3.pt,ok,0.5787549019,0.5978920460,0.5605959291,0.5499697260,average,0.5787549019,0.5605959291,
O1/0285/4,,videos/sample_001139_O1__0285__4.pt,ok,0.5808068514,0.6026660204,0.5594467940,0.5473504417,average,0.5808068514,0.5594467940,
O1/0286/1,,videos/sample_001140_O1__0286__1.pt,ok,0.6268732548,0.6523915529,0.5342596860,0.5207987684,average,0.6268732548,0.5342596860,
O1/0286/2,,videos/sample_001141_O1__0286__2.pt,ok,0.6257102489,0.6531665921,0.5348813946,0.5203952853,average,0.6257102489,0.5348813946,
O1/0286/3,,videos/sample_001142_O1__0286__3.pt,ok,0.6269639134,0.6531665921,0.5342112530,0.5203952853,average,0.6269639134,0.5342112530,
O1/0286/4,,videos/sample_001143_O1__0286__4.pt,ok,0.6273834109,0.6523915529,0.5339871997,0.5207987684,average,0.6273834109,0.5339871997,
O1/0287/1,,videos/sample_001144_O1__0287__1.pt,ok,0.5711167455,0.5981599092,0.5648942432,0.5498224290,average,0.5711167455,0.5648942432,
O1/0287/2,,videos/sample_001145_O1__0287__2.pt,ok,0.5703071356,0.5942012668,0.5653517724,0.5520032932,average,0.5703071356,0.5653517724,
O1/0287/3,,videos/sample_001146_O1__0287__3.pt,ok,0.5644847751,0.5795720816,0.5686530555,0.5601380087,average,0.5644847751,0.5686530555,
O1/0287/4,,videos/sample_001147_O1__0287__4.pt,ok,0.5691286922,0.6020812988,0.5660184002,0.5476705829,average,0.5691286922,0.5660184002,
O1/0288/1,,videos/sample_001148_O1__0288__1.pt,ok,0.5777699351,0.5986503363,0.5611483695,0.5495528473,average,0.5777699351,0.5611483695,
O1/0288/2,,videos/sample_001149_O1__0288__2.pt,ok,0.5794144869,0.5992516875,0.5602262904,0.5492224724,average,0.5794144869,0.5602262904,
O1/0288/3,,videos/sample_001150_O1__0288__3.pt,ok,0.5798482895,0.6017621756,0.5599833155,0.5478453852,average,0.5798482895,0.5599833155,
O1/0288/4,,videos/sample_001151_O1__0288__4.pt,ok,0.5800602436,0.6016160250,0.5598646373,0.5479254590,average,0.5800602436,0.5598646373,
O1/0289/1,,videos/sample_001152_O1__0289__1.pt,ok,0.6286064982,0.6531361938,0.5333344860,0.5204111047,average,0.6286064982,0.5333344860,
O1/0289/2,,videos/sample_001153_O1__0289__2.pt,ok,0.6287245154,0.6531361938,0.5332715470,0.5204111047,average,0.6287245154,0.5332715470,
O1/0289/3,,videos/sample_001154_O1__0289__3.pt,ok,0.6286184192,0.6547979116,0.5333281282,0.5195470464,average,0.6286184192,0.5333281282,
O1/0289/4,,videos/sample_001155_O1__0289__4.pt,ok,0.6273940802,0.6547979116,0.5339815025,0.5195470464,average,0.6273940802,0.5339815025,
O1/0290/1,,videos/sample_001156_O1__0290__1.pt,ok,0.5692579746,0.5999506712,0.5659452287,0.5488387090,average,0.5692579746,0.5659452287,
O1/0290/2,,videos/sample_001157_O1__0290__2.pt,ok,0.5695442557,0.5952608585,0.5657832324,0.5514187048,average,0.5695442557,0.5657832324,
O1/0290/3,,videos/sample_001158_O1__0290__3.pt,ok,0.5670149326,0.5936037302,0.5672160923,0.5523332339,average,0.5670149326,0.5672160923,
O1/0290/4,,videos/sample_001159_O1__0290__4.pt,ok,0.5618156195,0.5864202380,0.5701729065,0.5563152005,average,0.5618156195,0.5701729065,
O1/0291/1,,videos/sample_001160_O1__0291__1.pt,ok,0.5546092987,0.5816489458,0.5742965958,0.5589758853,average,0.5546092987,0.5742965958,
O1/0291/2,,videos/sample_001161_O1__0291__2.pt,ok,0.5523476005,0.5709862709,0.5755969513,0.5649679524,average,0.5523476005,0.5755969513,
O1/0291/3,,videos/sample_001162_O1__0291__3.pt,ok,0.5553073287,0.5839695334,0.5738958594,0.5576802367,average,0.5553073287,0.5738958594,
O1/0291/4,,videos/sample_001163_O1__0291__4.pt,ok,0.5518702865,0.5710505843,0.5758717574,0.5649316185,average,0.5518702865,0.5758717574,
O1/0292/1,,videos/sample_001164_O1__0292__1.pt,ok,0.5884351730,0.6141059399,0.5551953901,0.5411244769,average,0.5884351730,0.5551953901,
O1/0292/2,,videos/sample_001165_O1__0292__2.pt,ok,0.5872436762,0.6117860675,0.5558572979,0.5423812739,average,0.5872436762,0.5558572979,
O1/0292/3,,videos/sample_001166_O1__0292__3.pt,ok,0.5878578424,0.6117860675,0.5555160139,0.5423812739,average,0.5878578424,0.5555160139,
O1/0292/4,,videos/sample_001167_O1__0292__4.pt,ok,0.5897971392,0.6141059399,0.5544397474,0.5411244769,average,0.5897971392,0.5544397474,
O1/0293/1,,videos/sample_001168_O1__0293__1.pt,ok,0.5813460946,0.6042784452,0.5591451974,0.5464685914,average,0.5813460946,0.5591451974,
O1/0293/2,,videos/sample_001169_O1__0293__2.pt,ok,0.5860527754,0.6110621691,0.5565196631,0.5427740450,average,0.5860527754,0.5565196631,
O1/0293/3,,videos/sample_001170_O1__0293__3.pt,ok,0.5837793946,0.6060196161,0.5577862834,0.5455179241,average,0.5837793946,0.5577862834,
O1/0293/4,,videos/sample_001171_O1__0293__4.pt,ok,0.5880298615,0.6141136885,0.5554204628,0.5411202840,average,0.5880298615,0.5554204628,
O1/0294/1,,videos/sample_001172_O1__0294__1.pt,ok,0.6371411681,0.6451196671,0.5288020213,0.5245997610,average,0.6371411681,0.5288020213,
O1/0294/2,,videos/sample_001173_O1__0294__2.pt,ok,0.6371455789,0.6444685459,0.5287996888,0.5249414503,average,0.6371455789,0.5287996888,
O1/0294/3,,videos/sample_001174_O1__0294__3.pt,ok,0.6366415620,0.6431530714,0.5290662800,0.5256324518,average,0.6366415620,0.5290662800,
O1/0294/4,,videos/sample_001175_O1__0294__4.pt,ok,0.6358395815,0.6456474066,0.5294907510,0.5243229821,average,0.6358395815,0.5294907510,
O1/0295/1,,videos/sample_001176_O1__0295__1.pt,ok,0.6062676907,0.6300829053,0.5453826118,0.5325476482,average,0.6062676907,0.5453826118,
O1/0295/2,,videos/sample_001177_O1__0295__2.pt,ok,0.5963425636,0.6017004251,0.5508225549,0.5478792160,average,0.5963425636,0.5508225549,
O1/0295/3,,videos/sample_001178_O1__0295__3.pt,ok,0.6043852568,0.6223397851,0.5464102254,0.5366872346,average,0.6043852568,0.5464102254,
O1/0295/4,,videos/sample_001179_O1__0295__4.pt,ok,0.6035625935,0.6227124929,0.5468599220,0.5364872443,average,0.6035625935,0.5468599220,
O1/0296/1,,videos/sample_001180_O1__0296__1.pt,ok,0.5728134513,0.5905101299,0.5639365965,0.5540445779,average,0.5728134513,0.5639365965,
O1/0296/2,,videos/sample_001181_O1__0296__2.pt,ok,0.5761309266,0.5907970667,0.5620688506,0.5538856250,average,0.5761309266,0.5620688506,
O1/0296/3,,videos/sample_001182_O1__0296__3.pt,ok,0.5767813921,0.6003932953,0.5617033631,0.5485958335,average,0.5767813921,0.5617033631,
O1/0296/4,,videos/sample_001183_O1__0296__4.pt,ok,0.5739724636,0.5968652368,0.5632833657,0.5505347300,average,0.5739724636,0.5632833657,
O1/0297/1,,videos/sample_001184_O1__0297__1.pt,ok,0.5905914307,0.6097181439,0.5539995355,0.5435040374,average,0.5905914307,0.5539995355,
O1/0297/2,,videos/sample_001185_O1__0297__2.pt,ok,0.5891245008,0.6089639068,0.5548128104,0.5439141230,average,0.5891245008,0.5548128104,
O1/0297/3,,videos/sample_001186_O1__0297__3.pt,ok,0.5891152620,0.6097181439,0.5548179361,0.5435040374,average,0.5891152620,0.5548179361,
O1/0297/4,,videos/sample_001187_O1__0297__4.pt,ok,0.5905933976,0.6089639068,0.5539984458,0.5439141230,average,0.5905933976,0.5539984458,
O1/0298/1,,videos/sample_001188_O1__0298__1.pt,ok,0.6105130315,0.6292519569,0.5430721845,0.5329903517,average,0.6105130315,0.5430721845,
O1/0298/2,,videos/sample_001189_O1__0298__2.pt,ok,0.6103443503,0.6292519569,0.5431637982,0.5329903517,average,0.6103443503,0.5431637982,
O1/0298/3,,videos/sample_001190_O1__0298__3.pt,ok,0.6095097065,0.6282253861,0.5436173358,0.5335377849,average,0.6095097065,0.5436173358,
O1/0298/4,,videos/sample_001191_O1__0298__4.pt,ok,0.6110627055,0.6282253861,0.5427737538,0.5335377849,average,0.6110627055,0.5427737538,
O1/0299/1,,videos/sample_001192_O1__0299__1.pt,ok,0.5773252845,0.6041417122,0.5613979400,0.5465433169,average,0.5773252845,0.5613979400,
O1/0299/2,,videos/sample_001193_O1__0299__2.pt,ok,0.5773260593,0.6035289764,0.5613975050,0.5468783061,average,0.5773260593,0.5613975050,
O1/0299/3,,videos/sample_001194_O1__0299__3.pt,ok,0.5784844160,0.6045802236,0.5607475829,0.5463037039,average,0.5784844160,0.5607475829,
O1/0299/4,,videos/sample_001195_O1__0299__4.pt,ok,0.5701389313,0.5837601423,0.5654468750,0.5577970222,average,0.5701389313,0.5654468750,
O1/0300/1,,videos/sample_001196_O1__0300__1.pt,ok,0.5879476070,0.6083328128,0.5554661505,0.5442574922,average,0.5879476070,0.5554661505,
O1/0300/2,,videos/sample_001197_O1__0300__2.pt,ok,0.5895557404,0.6109935045,0.5545736047,0.5428113156,average,0.5895557404,0.5545736047,
O1/0300/3,,videos/sample_001198_O1__0300__3.pt,ok,0.5881906152,0.6079229712,0.5553311841,0.5444805973,average,0.5881906152,0.5553311841,
O1/0300/4,,videos/sample_001199_O1__0300__4.pt,ok,0.5891989470,0.6106209755,0.5547715082,0.5430135662,average,0.5891989470,0.5547715082,
O1/0301/1,,videos/sample_001200_O1__0301__1.pt,ok,0.5667756200,0.5865052938,0.5673518506,0.5562678846,average,0.5667756200,0.5673518506,
O1/0301/2,,videos/sample_001201_O1__0301__2.pt,ok,0.5664281249,0.5872067213,0.5675490368,0.5558778399,average,0.5664281249,0.5675490368,
O1/0301/3,,videos/sample_001202_O1__0301__3.pt,ok,0.5685800910,0.5914689302,0.5663290037,0.5535136144,average,0.5685800910,0.5663290037,
O1/0301/4,,videos/sample_001203_O1__0301__4.pt,ok,0.5685098767,0.5924440622,0.5663687695,0.5529741286,average,0.5685098767,0.5663687695,
O1/0302/1,,videos/sample_001204_O1__0302__1.pt,ok,0.6005041599,0.6196567416,0.5485350170,0.5381291232,average,0.6005041599,0.5485350170,
O1/0302/2,,videos/sample_001205_O1__0302__2.pt,ok,0.5998977423,0.6177940369,0.5488677592,0.5391324330,average,0.5998977423,0.5488677592,
O1/0302/3,,videos/sample_001206_O1__0302__3.pt,ok,0.6012706757,0.6223784089,0.5481147174,0.5366665061,average,0.6012706757,0.5481147174,
O1/0302/4,,videos/sample_001207_O1__0302__4.pt,ok,0.6014162302,0.6211318374,0.5480349426,0.5373359164,average,0.6014162302,0.5480349426,
O1/0303/1,,videos/sample_001208_O1__0303__1.pt,ok,0.5764008760,0.5998535752,0.5619171409,0.5488920016,average,0.5764008760,0.5619171409,
O1/0303/2,,videos/sample_001209_O1__0303__2.pt,ok,0.5767731667,0.5984426141,0.5617079834,0.5496670135,average,0.5767731667,0.5617079834,
O1/0303/3,,videos/sample_001210_O1__0303__3.pt,ok,0.5742349029,0.5898520350,0.5631355574,0.5544093118,average,0.5742349029,0.5631355574,
O1/0303/4,,videos/sample_001211_O1__0303__4.pt,ok,0.5756918788,0.5915489793,0.5623156799,0.5534693079,average,0.5756918788,0.5623156799,
O1/0304/1,,videos/sample_001212_O1__0304__1.pt,ok,0.5811499953,0.6104719639,0.5592548561,0.5430944876,average,0.5811499953,0.5592548561,
O1/0304/2,,videos/sample_001213_O1__0304__2.pt,ok,0.5770769119,0.6054215431,0.5615373931,0.5458442812,average,0.5770769119,0.5615373931,
O1/0304/3,,videos/sample_001214_O1__0304__3.pt,ok,0.5774806142,0.6054215431,0.5613107450,0.5458442812,average,0.5774806142,0.5613107450,
O1/0304/4,,videos/sample_001215_O1__0304__4.pt,ok,0.5808265805,0.6104719639,0.5594357567,0.5430944876,average,0.5808265805,0.5594357567,
O1/0305/1,,videos/sample_001216_O1__0305__1.pt,ok,0.5767432451,0.6136358976,0.5617247908,0.5413788881,average,0.5767432451,0.5617247908,
O1/0305/2,,videos/sample_001217_O1__0305__2.pt,ok,0.5784578919,0.6073272824,0.5607624564,0.5448050349,average,0.5784578919,0.5607624564,
O1/0305/3,,videos/sample_001218_O1__0305__3.pt,ok,0.5779177547,0.6081520915,0.5610654270,0.5443558600,average,0.5779177547,0.5610654270,
O1/0305/4,,videos/sample_001219_O1__0305__4.pt,ok,0.5680399537,0.5875918865,0.5666349818,0.5556637763,average,0.5680399537,0.5666349818,
O1/0306/1,,videos/sample_001220_O1__0306__1.pt,ok,0.5617824197,0.5901759267,0.5701918364,0.5542297724,average,0.5617824197,0.5701918364,
O1/0306/2,,videos/sample_001221_O1__0306__2.pt,ok,0.5531315207,0.5695243478,0.5751459060,0.5657944961,average,0.5531315207,0.5751459060,
O1/0306/3,,videos/sample_001222_O1__0306__3.pt,ok,0.5636897087,0.5893461704,0.5691053522,0.5546898388,average,0.5636897087,0.5691053522,
O1/0306/4,,videos/sample_001223_O1__0306__4.pt,ok,0.5607388616,0.5855734944,0.5707871753,0.5567864563,average,0.5607388616,0.5707871753,
O1/0307/1,,videos/sample_001224_O1__0307__1.pt,ok,0.5538581610,0.5819230080,0.5747281337,0.5588227121,average,0.5538581610,0.5747281337,
O1/0307/2,,videos/sample_001225_O1__0307__2.pt,ok,0.5531570911,0.5729411244,0.5751311995,0.5638646016,average,0.5531570911,0.5751311995,
O1/0307/3,,videos/sample_001226_O1__0307__3.pt,ok,0.5555016994,0.5734899640,0.5737843217,0.5635552153,average,0.5555016994,0.5737843217,
O1/0307/4,,videos/sample_001227_O1__0307__4.pt,ok,0.5560556054,0.5818460584,0.5734665871,0.5588657150,average,0.5560556054,0.5734665871,
O1/0308/1,,videos/sample_001228_O1__0308__1.pt,ok,0.5820791721,0.6064655185,0.5587354509,0.5452747306,average,0.5820791721,0.5587354509,
O1/0308/2,,videos/sample_001229_O1__0308__2.pt,ok,0.5869531035,0.6137279272,0.5560188383,0.5413290675,average,0.5869531035,0.5560188383,
O1/0308/3,,videos/sample_001230_O1__0308__3.pt,ok,0.5818186402,0.6064655185,0.5588810382,0.5452747306,average,0.5818186402,0.5588810382,
O1/0308/4,,videos/sample_001231_O1__0308__4.pt,ok,0.5873197913,0.6137279272,0.5558149903,0.5413290675,average,0.5873197913,0.5558149903,
O1/0309/1,,videos/sample_001232_O1__0309__1.pt,ok,0.6045362353,0.6215460896,0.5463277354,0.5371133699,average,0.6045362353,0.5463277354,
O1/0309/2,,videos/sample_001233_O1__0309__2.pt,ok,0.6042884588,0.6226578951,0.5464631193,0.5365165362,average,0.6042884588,0.5464631193,
O1/0309/3,,videos/sample_001234_O1__0309__3.pt,ok,0.6049334407,0.6230481863,0.5461107742,0.5363071793,average,0.6049334407,0.5461107742,
O1/0309/4,,videos/sample_001235_O1__0309__4.pt,ok,0.6040592194,0.6208861470,0.5465884046,0.5374679509,average,0.6040592194,0.5465884046,
O1/0310/1,,videos/sample_001236_O1__0310__1.pt,ok,0.5807279944,0.6033490300,0.5594909120,0.5469767238,average,0.5807279944,0.5594909120,
O1/0310/2,,videos/sample_001237_O1__0310__2.pt,ok,0.5805587769,0.6026207209,0.5595855957,0.5473752370,average,0.5805587769,0.5595855957,
O1/0310/3,,videos/sample_001238_O1__0310__3.pt,ok,0.5789446831,0.5984411836,0.5604895487,0.5496677998,average,0.5789446831,0.5604895487,
O1/0310/4,,videos/sample_001239_O1__0310__4.pt,ok,0.5798115134,0.6005873680,0.5600039098,0.5484893763,average,0.5798115134,0.5600039098,
O1/0311/1,,videos/sample_001240_O1__0311__1.pt,ok,0.5766870975,0.6036531329,0.5617563312,0.5468104118,average,0.5766870975,0.5617563312,
O1/0311/2,,videos/sample_001241_O1__0311__2.pt,ok,0.5815501213,0.6137016416,0.5590311285,0.5413432969,average,0.5815501213,0.5590311285,
O1/0311/3,,videos/sample_001242_O1__0311__3.pt,ok,0.5792407393,0.6130296588,0.5603236368,0.5417071925,average,0.5792407393,0.5603236368,
O1/0311/4,,videos/sample_001243_O1__0311__4.pt,ok,0.5800080895,0.6093413830,0.5598938373,0.5437088471,average,0.5800080895,0.5598938373,
O1/0312/1,,videos/sample_001244_O1__0312__1.pt,ok,0.6229507923,0.6332973838,0.5363594150,0.5308385336,average,0.6229507923,0.5363594150,
O1/0312/2,,videos/sample_001245_O1__0312__2.pt,ok,0.6219763756,0.6332532763,0.5368823073,0.5308619481,average,0.6219763756,0.5368823073,
O1/0312/3,,videos/sample_001246_O1__0312__3.pt,ok,0.6221318841,0.6331217289,0.5367988240,0.5309317862,average,0.6221318841,0.5367988240,
O1/0312/4,,videos/sample_001247_O1__0312__4.pt,ok,0.6204054952,0.6332532763,0.5377263479,0.5308619481,average,0.6204054952,0.5377263479,
O1/0313/1,,videos/sample_001248_O1__0313__1.pt,ok,0.6036319137,0.6193794608,0.5468220149,0.5382783568,average,0.6036319137,0.5468220149,
O1/0313/2,,videos/sample_001249_O1__0313__2.pt,ok,0.6039950848,0.6177616119,0.5466234610,0.5391499147,average,0.6039950848,0.5466234610,
O1/0313/3,,videos/sample_001250_O1__0313__3.pt,ok,0.6043612361,0.6193794608,0.5464233507,0.5382783568,average,0.6043612361,0.5464233507,
O1/0313/4,,videos/sample_001251_O1__0313__4.pt,ok,0.6030118465,0.6177616119,0.5471611864,0.5391499147,average,0.6030118465,0.5471611864,
O1/0314/1,,videos/sample_001252_O1__0314__1.pt,ok,0.6212536097,0.6452442408,0.5372704878,0.5245344138,average,0.6212536097,0.5372704878,
O1/0314/2,,videos/sample_001253_O1__0314__2.pt,ok,0.6204171181,0.6452442408,0.5377200980,0.5245344138,average,0.6204171181,0.5377200980,
O1/0314/3,,videos/sample_001254_O1__0314__3.pt,ok,0.6198496222,0.6459138989,0.5380253386,0.5241832726,average,0.6198496222,0.5380253386,
O1/0314/4,,videos/sample_001255_O1__0314__4.pt,ok,0.6202390790,0.6459138989,0.5378158418,0.5241832726,average,0.6202390790,0.5378158418,
O1/0315/1,,videos/sample_001256_O1__0315__1.pt,ok,0.5734764338,0.5883194804,0.5635628404,0.5552596258,average,0.5734764338,0.5635628404,
O1/0315/2,,videos/sample_001257_O1__0315__2.pt,ok,0.5737327337,0.5882252455,0.5634184177,0.5553119531,average,0.5737327337,0.5634184177,
O1/0315/3,,videos/sample_001258_O1__0315__3.pt,ok,0.5763995647,0.5992839336,0.5619178778,0.5492047624,average,0.5763995647,0.5619178778,
O1/0315/4,,videos/sample_001259_O1__0315__4.pt,ok,0.5768349171,0.6006600857,0.5616732988,0.5484494929,average,0.5768349171,0.5616732988,
O1/0316/1,,videos/sample_001260_O1__0316__1.pt,ok,0.5767090917,0.5958063602,0.5617439760,0.5511179870,average,0.5767090917,0.5617439760,
O1/0316/2,,videos/sample_001261_O1__0316__2.pt,ok,0.5755924582,0.5942901373,0.5623715884,0.5519542386,average,0.5755924582,0.5623715884,
O1/0316/3,,videos/sample_001262_O1__0316__3.pt,ok,0.5774726272,0.5969655514,0.5613152282,0.5504795061,average,0.5774726272,0.5613152282,
O1/0316/4,,videos/sample_001263_O1__0316__4.pt,ok,0.5762720108,0.5947460532,0.5619895572,0.5517026512,average,0.5762720108,0.5619895572,
O1/0317/1,,videos/sample_001264_O1__0317__1.pt,ok,0.5690419674,0.5852023959,0.5660674901,0.5569931173,average,0.5690419674,0.5660674901,
O1/0317/2,,videos/sample_001265_O1__0317__2.pt,ok,0.5744776726,0.6025309563,0.5629988618,0.5474243741,average,0.5744776726,0.5629988618,
O1/0317/3,,videos/sample_001266_O1__0317__3.pt,ok,0.5718401074,0.5885067582,0.5644857680,0.5551556477,average,0.5718401074,0.5644857680,
O1/0317/4,,videos/sample_001267_O1__0317__4.pt,ok,0.5731025934,0.5981442332,0.5637735623,0.5498310481,average,0.5731025934,0.5637735623,
O1/0318/1,,videos/sample_001268_O1__0318__1.pt,ok,0.5752661228,0.5912328362,0.5625551401,0.5536443110,average,0.5752661228,0.5625551401,
O1/0318/2,,videos/sample_001269_O1__0318__2.pt,ok,0.5681498647,0.5880393386,0.5665727058,0.5554151990,average,0.5681498647,0.5665727058,
O1/0318/3,,videos/sample_001270_O1__0318__3.pt,ok,0.5724453330,0.6024175286,0.5641442301,0.5474864707,average,0.5724453330,0.5641442301,
O1/0318/4,,videos/sample_001271_O1__0318__4.pt,ok,0.5758666992,0.5986002088,0.5622173842,0.5495803957,average,0.5758666992,0.5622173842,
O1/0319/1,,videos/sample_001272_O1__0319__1.pt,ok,0.5713912249,0.5888975859,0.5647392127,0.5549387199,average,0.5713912249,0.5647392127,
O1/0319/2,,videos/sample_001273_O1__0319__2.pt,ok,0.5742170215,0.5983476043,0.5631456272,0.5497192397,average,0.5742170215,0.5631456272,
O1/0319/3,,videos/sample_001274_O1__0319__3.pt,ok,0.5743473768,0.5991372466,0.5630722229,0.5492853295,average,0.5743473768,0.5630722229,
O1/0319/4,,videos/sample_001275_O1__0319__4.pt,ok,0.5719134808,0.5876154900,0.5644443513,0.5556506609,average,0.5719134808,0.5644443513,
O1/0320/1,,videos/sample_001276_O1__0320__1.pt,ok,0.6073373556,0.6228184104,0.5447995470,0.5364304240,average,0.6073373556,0.5447995470,
O1/0320/2,,videos/sample_001277_O1__0320__2.pt,ok,0.6091341972,0.6299939156,0.5438215075,0.5325950415,average,0.6091341972,0.5438215075,
O1/0320/3,,videos/sample_001278_O1__0320__3.pt,ok,0.6101185679,0.6299939156,0.5432864489,0.5325950415,average,0.6101185679,0.5432864489,
O1/0320/4,,videos/sample_001279_O1__0320__4.pt,ok,0.6058515906,0.6228184104,0.5456095927,0.5364304240,average,0.6058515906,0.5456095927,
O1/0321/1,,videos/sample_001280_O1__0321__1.pt,ok,0.5876433253,0.6087276936,0.5556351944,0.5440426179,average,0.5876433253,0.5556351944,
O1/0321/2,,videos/sample_001281_O1__0321__2.pt,ok,0.5884059072,0.6063762903,0.5552116386,0.5453233866,average,0.5884059072,0.5552116386,
O1/0321/3,,videos/sample_001282_O1__0321__3.pt,ok,0.5889763832,0.6087276936,0.5548949940,0.5440426179,average,0.5889763832,0.5548949940,
O1/0321/4,,videos/sample_001283_O1__0321__4.pt,ok,0.5874649286,0.6060793400,0.5557343267,0.5454853446,average,0.5874649286,0.5557343267,
O1/0322/1,,videos/sample_001284_O1__0322__1.pt,ok,0.5835314393,0.6038401723,0.5579246066,0.5467081463,average,0.5835314393,0.5579246066,
O1/0322/2,,videos/sample_001285_O1__0322__2.pt,ok,0.5854316354,0.6085393429,0.5568654471,0.5441450983,average,0.5854316354,0.5568654471,
O1/0322/3,,videos/sample_001286_O1__0322__3.pt,ok,0.5857464671,0.6079481244,0.5566901558,0.5444669020,average,0.5857464671,0.5566901558,
O1/0322/4,,videos/sample_001287_O1__0322__4.pt,ok,0.5842589140,0.6032667160,0.5575188782,0.5470217495,average,0.5842589140,0.5575188782,
O1/0323/1,,videos/sample_001288_O1__0323__1.pt,ok,0.6230772734,0.6509469151,0.5362915800,0.5215516777,average,0.6230772734,0.5362915800,
O1/0323/2,,videos/sample_001289_O1__0323__2.pt,ok,0.6229311228,0.6513501406,0.5363699650,0.5213414172,average,0.6229311228,0.5363699650,
O1/0323/3,,videos/sample_001290_O1__0323__3.pt,ok,0.6229432821,0.6509469151,0.5363634431,0.5215516777,average,0.6229432821,0.5363634431,
O1/0323/4,,videos/sample_001291_O1__0323__4.pt,ok,0.6210289598,0.6513501406,0.5373911991,0.5213414172,average,0.6210289598,0.5373911991,
O1/0324/1,,videos/sample_001292_O1__0324__1.pt,ok,0.5698930025,0.5992502570,0.5655859517,0.5492232581,average,0.5698930025,0.5655859517,
O1/0324/2,,videos/sample_001293_O1__0324__2.pt,ok,0.5735535622,0.6037614346,0.5635193753,0.5467511946,average,0.5735535622,0.5635193753,
O1/0324/3,,videos/sample_001294_O1__0324__3.pt,ok,0.5751307011,0.6062756181,0.5626313275,0.5453782883,average,0.5751307011,0.5626313275,
O1/0324/4,,videos/sample_001295_O1__0324__4.pt,ok,0.5736345053,0.6050950289,0.5634737642,0.5460225363,average,0.5736345053,0.5634737642,
O1/0325/1,,videos/sample_001296_O1__0325__1.pt,ok,0.5798079371,0.6075513363,0.5600059126,0.5446829829,average,0.5798079371,0.5600059126,
O1/0325/2,,videos/sample_001297_O1__0325__2.pt,ok,0.5722595453,0.5973621607,0.5642490509,0.5502612241,average,0.5722595453,0.5642490509,
O1/0325/3,,videos/sample_001298_O1__0325__3.pt,ok,0.5777391195,0.6044301987,0.5611656619,0.5463856692,average,0.5777391195,0.5611656619,
O1/0325/4,,videos/sample_001299_O1__0325__4.pt,ok,0.5771312714,0.6084138751,0.5615068691,0.5442133753,average,0.5771312714,0.5615068691,
O1/0326/1,,videos/sample_001300_O1__0326__1.pt,ok,0.5739075541,0.6096607447,0.5633199293,0.5435352350,average,0.5739075541,0.5633199293,
O1/0326/2,,videos/sample_001301_O1__0326__2.pt,ok,0.5727754235,0.6060748100,0.5639580422,0.5454878157,average,0.5727754235,0.5639580422,
O1/0326/3,,videos/sample_001302_O1__0326__3.pt,ok,0.5747749805,0.6077843308,0.5628315026,0.5445560895,average,0.5747749805,0.5628315026,
O1/0326/4,,videos/sample_001303_O1__0326__4.pt,ok,0.5677618384,0.6034554839,0.5667925935,0.5469184991,average,0.5677618384,0.5667925935,
O1/0327/1,,videos/sample_001304_O1__0327__1.pt,ok,0.5766966939,0.6111272573,0.5617509404,0.5427387179,average,0.5766966939,0.5617509404,
O1/0327/2,,videos/sample_001305_O1__0327__2.pt,ok,0.5690746903,0.5889282227,0.5660489670,0.5549217187,average,0.5690746903,0.5660489670,
O1/0327/3,,videos/sample_001306_O1__0327__3.pt,ok,0.5784201026,0.6061327457,0.5607836477,0.5454562134,average,0.5784201026,0.5607836477,
O1/0327/4,,videos/sample_001307_O1__0327__4.pt,ok,0.5776633620,0.6072708964,0.5612081760,0.5448357552,average,0.5776633620,0.5612081760,
O1/0328/1,,videos/sample_001308_O1__0328__1.pt,ok,0.5818224549,0.6071828604,0.5588789063,0.5448837225,average,0.5818224549,0.5588789063,
O1/0328/2,,videos/sample_001309_O1__0328__2.pt,ok,0.5799688697,0.6022607684,0.5599157966,0.5475723015,average,0.5799688697,0.5599157966,
O1/0328/3,,videos/sample_001310_O1__0328__3.pt,ok,0.5828536749,0.6120048761,0.5583028762,0.5422626092,average,0.5828536749,0.5583028762,
O1/0328/4,,videos/sample_001311_O1__0328__4.pt,ok,0.5831736922,0.6075190306,0.5581242382,0.5447005796,average,0.5831736922,0.5581242382,
O1/0329/1,,videos/sample_001312_O1__0329__1.pt,ok,0.6217836142,0.6338698864,0.5369858074,0.5305347142,average,0.6217836142,0.5369858074,
O1/0329/2,,videos/sample_001313_O1__0329__2.pt,ok,0.6199241877,0.6353833079,0.5379852220,0.5297323988,average,0.6199241877,0.5379852220,
O1/0329/3,,videos/sample_001314_O1__0329__3.pt,ok,0.6222720146,0.6332843900,0.5367236074,0.5308454313,average,0.6222720146,0.5367236074,
O1/0329/4,,videos/sample_001315_O1__0329__4.pt,ok,0.6213235259,0.6334065199,0.5372329252,0.5307806031,average,0.6213235259,0.5372329252,
O1/0330/1,,videos/sample_001316_O1__0330__1.pt,ok,0.6195224524,0.6358274221,0.5382013930,0.5294971893,average,0.6195224524,0.5382013930,
O1/0330/2,,videos/sample_001317_O1__0330__2.pt,ok,0.6221400499,0.6368125081,0.5367944406,0.5289758459,average,0.6221400499,0.5367944406,
O1/0330/3,,videos/sample_001318_O1__0330__3.pt,ok,0.6210910678,0.6368125081,0.5373578238,0.5289758459,average,0.6210910678,0.5373578238,
O1/0330/4,,videos/sample_001319_O1__0330__4.pt,ok,0.6216601729,0.6358274221,0.5370520977,0.5294971893,average,0.6216601729,0.5370520977,
O1/0331/1,,videos/sample_001320_O1__0331__1.pt,ok,0.5768947005,0.5915752649,0.5616397210,0.5534547598,average,0.5768947005,0.5616397210,
O1/0331/2,,videos/sample_001321_O1__0331__2.pt,ok,0.5748007894,0.5884259939,0.5628169768,0.5552004863,average,0.5748007894,0.5628169768,
O1/0331/3,,videos/sample_001322_O1__0331__3.pt,ok,0.5769032240,0.5974559784,0.5616349339,0.5502096022,average,0.5769032240,0.5616349339,
O1/0331/4,,videos/sample_001323_O1__0331__4.pt,ok,0.5787904859,0.6050602794,0.5605759813,0.5460415106,average,0.5787904859,0.5605759813,
O1/0332/1,,videos/sample_001324_O1__0332__1.pt,ok,0.5710918903,0.6034317017,0.5649082839,0.5469315062,average,0.5710918903,0.5649082839,
O1/0332/2,,videos/sample_001325_O1__0332__2.pt,ok,0.5641648173,0.5942397118,0.5688350296,0.5519820719,average,0.5641648173,0.5688350296,
O1/0332/3,,videos/sample_001326_O1__0332__3.pt,ok,0.5720292330,0.6082049608,0.5643790194,0.5443270811,average,0.5720292330,0.5643790194,
O1/0332/4,,videos/sample_001327_O1__0332__4.pt,ok,0.5703822374,0.6057583094,0.5653093150,0.5456604903,average,0.5703822374,0.5653093150,
O1/0333/1,,videos/sample_001328_O1__0333__1.pt,ok,0.6201786995,0.6316227317,0.5378483158,0.5317282483,average,0.6201786995,0.5378483158,
O1/0333/2,,videos/sample_001329_O1__0333__2.pt,ok,0.6185113788,0.6318998933,0.5387458294,0.5315808940,average,0.6185113788,0.5387458294,
O1/0333/3,,videos/sample_001330_O1__0333__3.pt,ok,0.6192467213,0.6315075159,0.5383498124,0.5317895153,average,0.6192467213,0.5383498124,
O1/0333/4,,videos/sample_001331_O1__0333__4.pt,ok,0.6198592782,0.6321191788,0.5380201434,0.5314643388,average,0.6198592782,0.5380201434,
O1/0334/1,,videos/sample_001332_O1__0334__1.pt,ok,0.6248522401,0.6401342154,0.5353405245,0.5272216581,average,0.6248522401,0.5353405245,
O1/0334/2,,videos/sample_001333_O1__0334__2.pt,ok,0.6260215640,0.6401342154,0.5347149039,0.5272216581,average,0.6260215640,0.5347149039,
O1/0334/3,,videos/sample_001334_O1__0334__3.pt,ok,0.6265729666,0.6399632096,0.5344201420,0.5273118237,average,0.6265729666,0.5344201420,
O1/0334/4,,videos/sample_001335_O1__0334__4.pt,ok,0.6261692643,0.6399632096,0.5346359322,0.5273118237,average,0.6261692643,0.5346359322,
O1/0335/1,,videos/sample_001336_O1__0335__1.pt,ok,0.6171862483,0.6313794851,0.5394602112,0.5318576051,average,0.6171862483,0.5394602112,
O1/0335/2,,videos/sample_001337_O1__0335__2.pt,ok,0.6172713041,0.6310170293,0.5394143289,0.5320504149,average,0.6172713041,0.5394143289,
O1/0335/3,,videos/sample_001338_O1__0335__3.pt,ok,0.6184242964,0.6310170293,0.5387927468,0.5320504149,average,0.6184242964,0.5387927468,
O1/0335/4,,videos/sample_001339_O1__0335__4.pt,ok,0.6183602810,0.6313794851,0.5388272389,0.5318576051,average,0.6183602810,0.5388272389,
O1/0336/1,,videos/sample_001340_O1__0336__1.pt,ok,0.6213095188,0.6367236376,0.5372404503,0.5290228583,average,0.6213095188,0.5372404503,
O1/0336/2,,videos/sample_001341_O1__0336__2.pt,ok,0.6200155616,0.6367236376,0.5379360664,0.5290228583,average,0.6200155616,0.5379360664,
O1/0336/3,,videos/sample_001342_O1__0336__3.pt,ok,0.6201604009,0.6355266571,0.5378581578,0.5296564675,average,0.6201604009,0.5378581578,
O1/0336/4,,videos/sample_001343_O1__0336__4.pt,ok,0.6187407374,0.6355266571,0.5386222776,0.5296564675,average,0.6187407374,0.5386222776,
O1/0337/1,,videos/sample_001344_O1__0337__1.pt,ok,0.5888217092,0.6112246513,0.5549808285,0.5426858610,average,0.5888217092,0.5549808285,
O1/0337/2,,videos/sample_001345_O1__0337__2.pt,ok,0.5841587186,0.6062452793,0.5575747418,0.5453948347,average,0.5841587186,0.5575747418,
O1/0337/3,,videos/sample_001346_O1__0337__3.pt,ok,0.5876716971,0.6141224504,0.5556194302,0.5411155428,average,0.5876716971,0.5556194302,
O1/0337/4,,videos/sample_001347_O1__0337__4.pt,ok,0.5885074735,0.6147261858,0.5551552506,0.5407889507,average,0.5885074735,0.5551552506,
O1/0338/1,,videos/sample_001348_O1__0338__1.pt,ok,0.5719735026,0.5901921988,0.5644104733,0.5542207540,average,0.5719735026,0.5644104733,
O1/0338/2,,videos/sample_001349_O1__0338__2.pt,ok,0.5719222426,0.6030299067,0.5644394057,0.5471513046,average,0.5719222426,0.5644394057,
O1/0338/3,,videos/sample_001350_O1__0338__3.pt,ok,0.5726220608,0.5966069102,0.5640445390,0.5506769661,average,0.5726220608,0.5640445390,
O1/0338/4,,videos/sample_001351_O1__0338__4.pt,ok,0.5674839616,0.5873444080,0.5669501139,0.5558013082,average,0.5674839616,0.5669501139,
O1/0339/1,,videos/sample_001352_O1__0339__1.pt,ok,0.5868710876,0.6096676588,0.5560644426,0.5435314770,average,0.5868710876,0.5560644426,
O1/0339/2,,videos/sample_001353_O1__0339__2.pt,ok,0.5848816633,0.6074754000,0.5571717918,0.5447243457,average,0.5848816633,0.5571717918,
O1/0339/3,,videos/sample_001354_O1__0339__3.pt,ok,0.5875241160,0.6111503243,0.5557014352,0.5427261987,average,0.5875241160,0.5557014352,
O1/0339/4,,videos/sample_001355_O1__0339__4.pt,ok,0.5879186392,0.6136088967,0.5554822413,0.5413935060,average,0.5879186392,0.5554822413,
O1/0340/1,,videos/sample_001356_O1__0340__1.pt,ok,0.6242769957,0.6518979073,0.5356485648,0.5210559219,average,0.6242769957,0.5356485648,
O1/0340/2,,videos/sample_001357_O1__0340__2.pt,ok,0.6257116199,0.6518979073,0.5348806614,0.5210559219,average,0.6257116199,0.5348806614,
O1/0340/3,,videos/sample_001358_O1__0340__3.pt,ok,0.6256807446,0.6513299346,0.5348971762,0.5213519515,average,0.6256807446,0.5348971762,
O1/0340/4,,videos/sample_001359_O1__0340__4.pt,ok,0.6260868311,0.6513299346,0.5346800058,0.5213519515,average,0.6260868311,0.5346800058,
O1/0341/1,,videos/sample_001360_O1__0341__1.pt,ok,0.6211834550,0.6334432364,0.5373081811,0.5307611151,average,0.6211834550,0.5373081811,
O1/0341/2,,videos/sample_001361_O1__0341__2.pt,ok,0.6202684045,0.6322327256,0.5378000703,0.5314039962,average,0.6202684045,0.5378000703,
O1/0341/3,,videos/sample_001362_O1__0341__3.pt,ok,0.6212508678,0.6331443191,0.5372719609,0.5309197925,average,0.6212508678,0.5372719609,
O1/0341/4,,videos/sample_001363_O1__0341__4.pt,ok,0.6201405525,0.6327477098,0.5378688335,0.5311304020,average,0.6201405525,0.5378688335,
O1/0342/1,,videos/sample_001364_O1__0342__1.pt,ok,0.5664038062,0.5826429129,0.5675628390,0.5584205577,average,0.5664038062,0.5675628390,
O1/0342/2,,videos/sample_001365_O1__0342__2.pt,ok,0.5694722533,0.5959918499,0.5658239716,0.5510157698,average,0.5694722533,0.5658239716,
O1/0342/3,,videos/sample_001366_O1__0342__3.pt,ok,0.5671487451,0.5838616490,0.5671401968,0.5577404049,average,0.5671487451,0.5671401968,
O1/0342/4,,videos/sample_001367_O1__0342__4.pt,ok,0.5691971183,0.5940463543,0.5659796711,0.5520888120,average,0.5691971183,0.5659796711,
O1/0343/1,,videos/sample_001368_O1__0343__1.pt,ok,0.5757859945,0.6015512943,0.5622627596,0.5479609277,average,0.5757859945,0.5622627596,
O1/0343/2,,videos/sample_001369_O1__0343__2.pt,ok,0.5801363587,0.6063795090,0.5598220247,0.5453216314,average,0.5801363587,0.5598220247,
O1/0343/3,,videos/sample_001370_O1__0343__3.pt,ok,0.5790811777,0.6032480001,0.5604130501,0.5470319875,average,0.5790811777,0.5604130501,
O1/0343/4,,videos/sample_001371_O1__0343__4.pt,ok,0.5809151530,0.6063795090,0.5593862083,0.5453216314,average,0.5809151530,0.5593862083,
O1/0344/1,,videos/sample_001372_O1__0344__1.pt,ok,0.6235554814,0.6363787651,0.5360351823,0.5292053352,average,0.6235554814,0.5360351823,
O1/0344/2,,videos/sample_001373_O1__0344__2.pt,ok,0.6231113076,0.6363353729,0.5362733280,0.5292282991,average,0.6231113076,0.5362733280,
O1/0344/3,,videos/sample_001374_O1__0344__3.pt,ok,0.6248092055,0.6364694238,0.5353635632,0.5291573604,average,0.6248092055,0.5353635632,
O1/0344/4,,videos/sample_001375_O1__0344__4.pt,ok,0.6244367957,0.6363503933,0.5355629750,0.5292203500,average,0.6244367957,0.5355629750,
O1/0345/1,,videos/sample_001376_O1__0345__1.pt,ok,0.6232013702,0.6528309584,0.5362250320,0.5205699769,average,0.6232013702,0.5362250320,
O1/0345/2,,videos/sample_001377_O1__0345__2.pt,ok,0.6239715815,0.6507735848,0.5358121845,0.5216420862,average,0.6239715815,0.5358121845,
O1/0345/3,,videos/sample_001378_O1__0345__3.pt,ok,0.6236870289,0.6507735848,0.5359646729,0.5216420862,average,0.6236870289,0.5359646729,
O1/0345/4,,videos/sample_001379_O1__0345__4.pt,ok,0.6214569807,0.6528309584,0.5371612336,0.5205699769,average,0.6214569807,0.5371612336,
O1/0346/1,,videos/sample_001380_O1__0346__1.pt,ok,0.5828492045,0.6087343693,0.5583053721,0.5440389860,average,0.5828492045,0.5583053721,
O1/0346/2,,videos/sample_001381_O1__0346__2.pt,ok,0.5894483924,0.6151465178,0.5546331402,0.5405616876,average,0.5894483924,0.5546331402,
O1/0346/3,,videos/sample_001382_O1__0346__3.pt,ok,0.5877751708,0.6158524156,0.5555619412,0.5401802410,average,0.5877751708,0.5555619412,
O1/0346/4,,videos/sample_001383_O1__0346__4.pt,ok,0.5871806145,0.6117596030,0.5558923523,0.5423956279,average,0.5871806145,0.5558923523,
O1/0347/1,,videos/sample_001384_O1__0347__1.pt,ok,0.6462516189,0.6639440656,0.5240062754,0.5148168536,average,0.6462516189,0.5240062754,
O1/0347/2,,videos/sample_001385_O1__0347__2.pt,ok,0.6453021765,0.6627379656,0.5245040254,0.5154381488,average,0.6453021765,0.5245040254,
O1/0347/3,,videos/sample_001386_O1__0347__3.pt,ok,0.6445939541,0.6627379656,0.5248756224,0.5154381488,average,0.6445939541,0.5248756224,
O1/0347/4,,videos/sample_001387_O1__0347__4.pt,ok,0.6463288069,0.6639440656,0.5239658299,0.5148168536,average,0.6463288069,0.5239658299,
O1/0348/1,,videos/sample_001388_O1__0348__1.pt,ok,0.5786278248,0.6075771451,0.5606671726,0.5446689255,average,0.5786278248,0.5606671726,
O1/0348/2,,videos/sample_001389_O1__0348__2.pt,ok,0.5686447024,0.5916412473,0.5662924136,0.5534182428,average,0.5686447024,0.5662924136,
O1/0348/3,,videos/sample_001390_O1__0348__3.pt,ok,0.5724036694,0.6017882824,0.5641677349,0.5478310829,average,0.5724036694,0.5641677349,
O1/0348/4,,videos/sample_001391_O1__0348__4.pt,ok,0.5784978271,0.6062654257,0.5607400628,0.5453838471,average,0.5784978271,0.5607400628,
O1/0349/1,,videos/sample_001392_O1__0349__1.pt,ok,0.5792517662,0.5985910892,0.5603174582,0.5495854077,average,0.5792517662,0.5603174582,
O1/0349/2,,videos/sample_001393_O1__0349__2.pt,ok,0.5773334503,0.5954191685,0.5613933557,0.5513314167,average,0.5773334503,0.5613933557,
O1/0349/3,,videos/sample_001394_O1__0349__3.pt,ok,0.5785259604,0.5967311859,0.5607242875,0.5506085346,average,0.5785259604,0.5607242875,
O1/0349/4,,videos/sample_001395_O1__0349__4.pt,ok,0.5799453259,0.6005326509,0.5599289794,0.5485193889,average,0.5799453259,0.5599289794,
O1/0350/1,,videos/sample_001396_O1__0350__1.pt,ok,0.6270321608,0.6401196718,0.5341747957,0.5272293258,average,0.6270321608,0.5341747957,
O1/0350/2,,videos/sample_001397_O1__0350__2.pt,ok,0.6277137399,0.6401196718,0.5338108374,0.5272293258,average,0.6277137399,0.5338108374,
O1/0350/3,,videos/sample_001398_O1__0350__3.pt,ok,0.6262373924,0.6406629086,0.5345995097,0.5269429932,average,0.6262373924,0.5345995097,
O1/0350/4,,videos/sample_001399_O1__0350__4.pt,ok,0.6274062395,0.6399502754,0.5339750097,0.5273186441,average,0.6274062395,0.5339750097,
O1/0351/1,,videos/sample_001400_O1__0351__1.pt,ok,0.5851934552,0.6112294793,0.5569980972,0.5426832409,average,0.5851934552,0.5569980972,
O1/0351/2,,videos/sample_001401_O1__0351__2.pt,ok,0.5864402652,0.6132627130,0.5563040592,0.5415809601,average,0.5864402652,0.5563040592,
O1/0351/3,,videos/sample_001402_O1__0351__3.pt,ok,0.5816218853,0.6058030128,0.5589910116,0.5456360979,average,0.5816218853,0.5589910116,
O1/0351/4,,videos/sample_001403_O1__0351__4.pt,ok,0.5854585767,0.6130673885,0.5568504446,0.5416867544,average,0.5854585767,0.5568504446,
O1/0352/1,,videos/sample_001404_O1__0352__1.pt,ok,0.5947164297,0.6205120683,0.5517189948,0.5376690438,average,0.5947164297,0.5517189948,
O1/0352/2,,videos/sample_001405_O1__0352__2.pt,ok,0.5942431092,0.6192642450,0.5519801965,0.5383403785,average,0.5942431092,0.5519801965,
O1/0352/3,,videos/sample_001406_O1__0352__3.pt,ok,0.5939143300,0.6169734001,0.5521617060,0.5395750465,average,0.5939143300,0.5521617060,
O1/0352/4,,videos/sample_001407_O1__0352__4.pt,ok,0.5926480293,0.6136291027,0.5528613516,0.5413825667,average,0.5926480293,0.5528613516,
O1/0353/1,,videos/sample_001408_O1__0353__1.pt,ok,0.6175330877,0.6322215199,0.5392731375,0.5314099509,average,0.6175330877,0.5392731375,
O1/0353/2,,videos/sample_001409_O1__0353__2.pt,ok,0.6156668067,0.6322215199,0.5402805125,0.5314099509,average,0.6156668067,0.5402805125,
O1/0353/3,,videos/sample_001410_O1__0353__3.pt,ok,0.6172541380,0.6324192882,0.5394235886,0.5313048653,average,0.6172541380,0.5394235886,
O1/0353/4,,videos/sample_001411_O1__0353__4.pt,ok,0.6181251407,0.6324192882,0.5389539538,0.5313048653,average,0.6181251407,0.5389539538,
O1/0354/1,,videos/sample_001412_O1__0354__1.pt,ok,0.6174504161,0.6318033338,0.5393177220,0.5316322257,average,0.6174504161,0.5393177220,
O1/0354/2,,videos/sample_001413_O1__0354__2.pt,ok,0.6139847040,0.6294249296,0.5411900846,0.5328981669,average,0.6139847040,0.5411900846,
O1/0354/3,,videos/sample_001414_O1__0354__3.pt,ok,0.6161251664,0.6296532154,0.5400329264,0.5327765277,average,0.6161251664,0.5400329264,
O1/0354/4,,videos/sample_001415_O1__0354__4.pt,ok,0.6160323024,0.6289019585,0.5400830784,0.5331769301,average,0.6160323024,0.5400830784,
O1/0355/1,,videos/sample_001416_O1__0355__1.pt,ok,0.5716740489,0.6022492051,0.5645795134,0.5475786333,average,0.5716740489,0.5645795134,
O1/0355/2,,videos/sample_001417_O1__0355__2.pt,ok,0.5630953908,0.5942137837,0.5694436823,0.5519963838,average,0.5630953908,0.5694436823,
O1/0355/3,,videos/sample_001418_O1__0355__3.pt,ok,0.5716263056,0.6064218283,0.5646064690,0.5452985543,average,0.5716263056,0.5646064690,
O1/0355/4,,videos/sample_001419_O1__0355__4.pt,ok,0.5739282370,0.6053494811,0.5633082784,0.5458836173,average,0.5739282370,0.5633082784,
O1/0356/1,,videos/sample_001420_O1__0356__1.pt,ok,0.5838628411,0.6050271392,0.5577397400,0.5460596068,average,0.5838628411,0.5577397400,
O1/0356/2,,videos/sample_001421_O1__0356__2.pt,ok,0.5821519494,0.6037137508,0.5586947891,0.5467772663,average,0.5821519494,0.5586947891,
O1/0356/3,,videos/sample_001422_O1__0356__3.pt,ok,0.5841813684,0.6059185863,0.5575621130,0.5455730405,average,0.5841813684,0.5575621130,
O1/0356/4,,videos/sample_001423_O1__0356__4.pt,ok,0.5826413035,0.6042485237,0.5584214564,0.5464849429,average,0.5826413035,0.5584214564,
O1/0357/1,,videos/sample_001424_O1__0357__1.pt,ok,0.6241539717,0.6521281600,0.5357144665,0.5209359612,average,0.6241539717,0.5357144665,
O1/0357/2,,videos/sample_001425_O1__0357__2.pt,ok,0.6239321828,0.6521281600,0.5358332952,0.5209359612,average,0.6239321828,0.5358332952,
O1/0357/3,,videos/sample_001426_O1__0357__3.pt,ok,0.6236690879,0.6533527970,0.5359742887,0.5202983942,average,0.6236690879,0.5359742887,
O1/0357/4,,videos/sample_001427_O1__0357__4.pt,ok,0.6244457364,0.6533527970,0.5355581867,0.5202983942,average,0.6244457364,0.5355581867,
O1/0358/1,,videos/sample_001428_O1__0358__1.pt,ok,0.5751816034,0.6047039032,0.5626026890,0.5462361415,average,0.5751816034,0.5626026890,
O1/0358/2,,videos/sample_001429_O1__0358__2.pt,ok,0.5753507018,0.6056380272,0.5625075618,0.5457261274,average,0.5753507018,0.5625075618,
O1/0358/3,,videos/sample_001430_O1__0358__3.pt,ok,0.5744789839,0.6033959389,0.5629981235,0.5469510663,average,0.5744789839,0.5629981235,
O1/0358/4,,videos/sample_001431_O1__0358__4.pt,ok,0.5707447529,0.6010966301,0.5651044188,0.5482101226,average,0.5707447529,0.5651044188,
O1/0359/1,,videos/sample_001432_O1__0359__1.pt,ok,0.5850118995,0.6058386564,0.5570992326,0.5456166498,average,0.5850118995,0.5570992326,
O1/0359/2,,videos/sample_001433_O1__0359__2.pt,ok,0.5853245258,0.6072352529,0.5569250959,0.5448551754,average,0.5853245258,0.5569250959,
O1/0359/3,,videos/sample_001434_O1__0359__3.pt,ok,0.5854091048,0.6068146229,0.5568779937,0.5450844060,average,0.5854091048,0.5568779937,
O1/0359/4,,videos/sample_001435_O1__0359__4.pt,ok,0.5841036439,0.6054520011,0.5576054509,0.5458276562,average,0.5841036439,0.5576054509,
O1/0360/1,,videos/sample_001436_O1__0360__1.pt,ok,0.6187405586,0.6450675726,0.5386223739,0.5246270905,average,0.6187405586,0.5386223739,
O1/0360/2,,videos/sample_001437_O1__0360__2.pt,ok,0.6189419627,0.6456740499,0.5385139041,0.5243090126,average,0.6189419627,0.5385139041,
O1/0360/3,,videos/sample_001438_O1__0360__3.pt,ok,0.6168252230,0.6456740499,0.5396550051,0.5243090126,average,0.6168252230,0.5396550051,
O1/0360/4,,videos/sample_001439_O1__0360__4.pt,ok,0.6191293597,0.6450675726,0.5384129976,0.5246270905,average,0.6191293597,0.5384129976,
O1/0361/1,,videos/sample_001440_O1__0361__1.pt,ok,0.5823819041,0.6094707251,0.5585663294,0.5436385272,average,0.5823819041,0.5585663294,
O1/0361/2,,videos/sample_001441_O1__0361__2.pt,ok,0.5813704729,0.6088407040,0.5591315666,0.5439811388,average,0.5813704729,0.5591315666,
O1/0361/3,,videos/sample_001442_O1__0361__3.pt,ok,0.5838380456,0.6091722846,0.5577535697,0.5438007951,average,0.5838380456,0.5577535697,
O1/0361/4,,videos/sample_001443_O1__0361__4.pt,ok,0.5786175728,0.6053031683,0.5606729206,0.5459088993,average,0.5786175728,0.5606729206,
O1/0362/1,,videos/sample_001444_O1__0362__1.pt,ok,0.5894181728,0.6121048331,0.5546499013,0.5422084089,average,0.5894181728,0.5546499013,
O1/0362/2,,videos/sample_001445_O1__0362__2.pt,ok,0.5902605653,0.6228650808,0.5541828651,0.5364053891,average,0.5902605653,0.5541828651,
O1/0362/3,,videos/sample_001446_O1__0362__3.pt,ok,0.5915011764,0.6184365153,0.5534957660,0.5387861633,average,0.5915011764,0.5534957660,
O1/0362/4,,videos/sample_001447_O1__0362__4.pt,ok,0.5826951265,0.6070750952,0.5583914013,0.5449424451,average,0.5826951265,0.5583914013,
O1/0363/1,,videos/sample_001448_O1__0363__1.pt,ok,0.6150825024,0.6421727538,0.5405962930,0.5261479912,average,0.6150825024,0.5405962930,
O1/0363/2,,videos/sample_001449_O1__0363__2.pt,ok,0.6147202253,0.6421727538,0.5407921741,0.5261479912,average,0.6147202253,0.5407921741,
O1/0363/3,,videos/sample_001450_O1__0363__3.pt,ok,0.6146845818,0.6440351605,0.5408114502,0.5251690015,average,0.6146845818,0.5408114502,
O1/0363/4,,videos/sample_001451_O1__0363__4.pt,ok,0.6129950881,0.6440351605,0.5417259200,0.5251690015,average,0.6129950881,0.5417259200,
O1/0364/1,,videos/sample_001452_O1__0364__1.pt,ok,0.5932769179,0.6185306907,0.5525137727,0.5387354253,average,0.5932769179,0.5525137727,
O1/0364/2,,videos/sample_001453_O1__0364__2.pt,ok,0.5928636193,0.6188269854,0.5527421731,0.5385758245,average,0.5928636193,0.5527421731,
O1/0364/3,,videos/sample_001454_O1__0364__3.pt,ok,0.5939868093,0.6255536675,0.5521216872,0.5349651537,average,0.5939868093,0.5521216872,
O1/0364/4,,videos/sample_001455_O1__0364__4.pt,ok,0.5873749256,0.6109129786,0.5557843467,0.5428550277,average,0.5873749256,0.5557843467,
O1/0365/1,,videos/sample_001456_O1__0365__1.pt,ok,0.6244843602,0.6378055215,0.5355375018,0.5284508265,average,0.6244843602,0.5355375018,
O1/0365/2,,videos/sample_001457_O1__0365__2.pt,ok,0.6239408851,0.6364910007,0.5358286322,0.5291459429,average,0.6239408851,0.5358286322,
O1/0365/3,,videos/sample_001458_O1__0365__3.pt,ok,0.6231597066,0.6360911727,0.5362473735,0.5293575526,average,0.6231597066,0.5362473735,
O1/0365/4,,videos/sample_001459_O1__0365__4.pt,ok,0.6223465204,0.6353295445,0.5366836198,0.5297608797,average,0.6223465204,0.5366836198,
O1/0366/1,,videos/sample_001460_O1__0366__1.pt,ok,0.5646871924,0.5982626081,0.5685379619,0.5497659658,average,0.5646871924,0.5685379619,
O1/0366/2,,videos/sample_001461_O1__0366__2.pt,ok,0.5699147582,0.6054842472,0.5655736472,0.5458100556,average,0.5699147582,0.5655736472,
O1/0366/3,,videos/sample_001462_O1__0366__3.pt,ok,0.5703639984,0.6061549783,0.5653196258,0.5454440866,average,0.5703639984,0.5653196258,
O1/0366/4,,videos/sample_001463_O1__0366__4.pt,ok,0.5699312091,0.6086628437,0.5655643430,0.5440779001,average,0.5699312091,0.5655643430,
O1/0367/1,,videos/sample_001464_O1__0367__1.pt,ok,0.6074913740,0.6230407357,0.5447156443,0.5363111751,average,0.6074913740,0.5447156443,
O1/0367/2,,videos/sample_001465_O1__0367__2.pt,ok,0.6085594296,0.6240339875,0.5441341683,0.5357787476,average,0.6085594296,0.5441341683,
O1/0367/3,,videos/sample_001466_O1__0367__3.pt,ok,0.6070452332,0.6216415763,0.5449587184,0.5370620852,average,0.6070452332,0.5449587184,
O1/0367/4,,videos/sample_001467_O1__0367__4.pt,ok,0.6082265377,0.6232303977,0.5443153363,0.5362094670,average,0.6082265377,0.5443153363,
O1/0368/1,,videos/sample_001468_O1__0368__1.pt,ok,0.6331034303,0.6522374153,0.5309415016,0.5208790493,average,0.6331034303,0.5309415016,
O1/0368/2,,videos/sample_001469_O1__0368__2.pt,ok,0.6325092912,0.6510258317,0.5312570484,0.5215105202,average,0.6325092912,0.5312570484,
O1/0368/3,,videos/sample_001470_O1__0368__3.pt,ok,0.6318708658,0.6510258317,0.5315963247,0.5215105202,average,0.6318708658,0.5315963247,
O1/0368/4,,videos/sample_001471_O1__0368__4.pt,ok,0.6329936981,0.6522374153,0.5309997662,0.5208790493,average,0.6329936981,0.5309997662,
O1/0369/1,,videos/sample_001472_O1__0369__1.pt,ok,0.6042968035,0.6200935245,0.5464585593,0.5378941290,average,0.6042968035,0.5464585593,
O1/0369/2,,videos/sample_001473_O1__0369__2.pt,ok,0.6110855341,0.6280517578,0.5427613632,0.5336304302,average,0.6110855341,0.5427613632,
O1/0369/3,,videos/sample_001474_O1__0369__3.pt,ok,0.6095629334,0.6336534619,0.5435884015,0.5306495473,average,0.6095629334,0.5435884015,
O1/0369/4,,videos/sample_001475_O1__0369__4.pt,ok,0.6107436419,0.6287706494,0.5429469608,0.5332469457,average,0.6107436419,0.5429469608,
O1/0370/1,,videos/sample_001476_O1__0370__1.pt,ok,0.5787597895,0.6165543795,0.5605931892,0.5398011870,average,0.5787597895,0.5605931892,
O1/0370/2,,videos/sample_001477_O1__0370__2.pt,ok,0.5779694319,0.6083682179,0.5610364334,0.5442382231,average,0.5779694319,0.5610364334,
O1/0370/3,,videos/sample_001478_O1__0370__3.pt,ok,0.5764670968,0.6022974253,0.5618799316,0.5475522296,average,0.5764670968,0.5618799316,
O1/0370/4,,videos/sample_001479_O1__0370__4.pt,ok,0.5679625273,0.5872591734,0.5666788560,0.5558486837,average,0.5679625273,0.5666788560,
O1/0371/1,,videos/sample_001480_O1__0371__1.pt,ok,0.5818929076,0.6113598943,0.5588395331,0.5426124715,average,0.5818929076,0.5588395331,
O1/0371/2,,videos/sample_001481_O1__0371__2.pt,ok,0.5788655281,0.6085430980,0.5605339160,0.5441430550,average,0.5788655281,0.5605339160,
O1/0371/3,,videos/sample_001482_O1__0371__3.pt,ok,0.5821760297,0.6115669012,0.5586813357,0.5425001586,average,0.5821760297,0.5586813357,
O1/0371/4,,videos/sample_001483_O1__0371__4.pt,ok,0.5821338296,0.6110314727,0.5587049126,0.5427907064,average,0.5821338296,0.5587049126,
O1/0372/1,,videos/sample_001484_O1__0372__1.pt,ok,0.5754650831,0.5906705260,0.5624432251,0.5539557184,average,0.5754650831,0.5624432251,
O1/0372/2,,videos/sample_001485_O1__0372__2.pt,ok,0.5780676603,0.6034017205,0.5609813264,0.5469479040,average,0.5780676603,0.5609813264,
O1/0372/3,,videos/sample_001486_O1__0372__3.pt,ok,0.5793984532,0.6052803397,0.5602352729,0.5459213617,average,0.5793984532,0.5602352729,
O1/0372/4,,videos/sample_001487_O1__0372__4.pt,ok,0.5767179728,0.5932229757,0.5617389871,0.5525435773,average,0.5767179728,0.5617389871,
O1/0373/1,,videos/sample_001488_O1__0373__1.pt,ok,0.5750768781,0.5997726321,0.5626616108,0.5489364324,average,0.5750768781,0.5626616108,
O1/0373/2,,videos/sample_001489_O1__0373__2.pt,ok,0.5742251277,0.6046856046,0.5631410622,0.5462461369,average,0.5742251277,0.5631410622,
O1/0373/3,,videos/sample_001490_O1__0373__3.pt,ok,0.5651507378,0.5803271532,0.5682744799,0.5597152240,average,0.5651507378,0.5682744799,
O1/0373/4,,videos/sample_001491_O1__0373__4.pt,ok,0.5741700530,0.6022800207,0.5631720779,0.5475617596,average,0.5741700530,0.5631720779,
O1/0374/1,,videos/sample_001492_O1__0374__1.pt,ok,0.6206671596,0.6476561427,0.5375856625,0.5232708127,average,0.6206671596,0.5375856625,
O1/0374/2,,videos/sample_001493_O1__0374__2.pt,ok,0.6201962829,0.6469082236,0.5378388587,0.5236623233,average,0.6201962829,0.5378388587,
O1/0374/3,,videos/sample_001494_O1__0374__3.pt,ok,0.6187248826,0.6469082236,0.5386308174,0.5236623233,average,0.6187248826,0.5386308174,
O1/0374/4,,videos/sample_001495_O1__0374__4.pt,ok,0.6203955412,0.6476561427,0.5377317005,0.5232708127,average,0.6203955412,0.5377317005,
O1/0375/1,,videos/sample_001496_O1__0375__1.pt,ok,0.6130076051,0.6297698617,0.5417191393,0.5327143849,average,0.6130076051,0.5417191393,
O1/0375/2,,videos/sample_001497_O1__0375__2.pt,ok,0.6136472821,0.6315068007,0.5413727248,0.5317898956,average,0.6136472821,0.5413727248,
O1/0375/3,,videos/sample_001498_O1__0375__3.pt,ok,0.6150039434,0.6315068007,0.5406387633,0.5317898956,average,0.6150039434,0.5406387633,
O1/0375/4,,videos/sample_001499_O1__0375__4.pt,ok,0.6150432825,0.6304564476,0.5406174955,0.5323487562,average,0.6150432825,0.5406174955,
O1/0376/1,,videos/sample_001500_O1__0376__1.pt,ok,0.6260414124,0.6380023360,0.5347042908,0.5283468299,average,0.6260414124,0.5347042908,
O1/0376/2,,videos/sample_001501_O1__0376__2.pt,ok,0.6241348982,0.6361468434,0.5357246845,0.5293280836,average,0.6241348982,0.5357246845,
O1/0376/3,,videos/sample_001502_O1__0376__3.pt,ok,0.6264880896,0.6380023360,0.5344655039,0.5283468299,average,0.6264880896,0.5344655039,
O1/0376/4,,videos/sample_001503_O1__0376__4.pt,ok,0.6255804896,0.6361468434,0.5349508050,0.5293280836,average,0.6255804896,0.5349508050,
O1/0377/1,,videos/sample_001504_O1__0377__1.pt,ok,0.5724306703,0.6088293791,0.5641525021,0.5439872994,average,0.5724306703,0.5641525021,
O1/0377/2,,videos/sample_001505_O1__0377__2.pt,ok,0.5706033707,0.6090932488,0.5651843202,0.5438437765,average,0.5706033707,0.5651843202,
O1/0377/3,,videos/sample_001506_O1__0377__3.pt,ok,0.5721204281,0.6076565385,0.5643275531,0.5446256841,average,0.5721204281,0.5643275531,
O1/0377/4,,videos/sample_001507_O1__0377__4.pt,ok,0.5678480864,0.6052616239,0.5667437109,0.5459315792,average,0.5678480864,0.5667437109,
O1/0378/1,,videos/sample_001508_O1__0378__1.pt,ok,0.6173347831,0.6317533255,0.5393800885,0.5316588124,average,0.6173347831,0.5393800885,
O1/0378/2,,videos/sample_001509_O1__0378__2.pt,ok,0.6161798239,0.6303362846,0.5400034104,0.5324127287,average,0.6161798239,0.5400034104,
O1/0378/3,,videos/sample_001510_O1__0378__3.pt,ok,0.6160231829,0.6304201484,0.5400880037,0.5323680804,average,0.6160231829,0.5400880037,
O1/0378/4,,videos/sample_001511_O1__0378__4.pt,ok,0.6145849824,0.6299539208,0.5408653174,0.5326163430,average,0.6145849824,0.5408653174,
O1/0379/1,,videos/sample_001512_O1__0379__1.pt,ok,0.5985842347,0.6181016564,0.5495891748,0.5389666109,average,0.5985842347,0.5495891748,
O1/0379/2,,videos/sample_001513_O1__0379__2.pt,ok,0.5971109271,0.6168727875,0.5503994855,0.5396293373,average,0.5971109271,0.5503994855,
O1/0379/3,,videos/sample_001514_O1__0379__3.pt,ok,0.5983418226,0.6173987985,0.5497224180,0.5393455610,average,0.5983418226,0.5497224180,
O1/0379/4,,videos/sample_001515_O1__0379__4.pt,ok,0.5983987451,0.6181208491,0.5496911274,0.5389562667,average,0.5983987451,0.5496911274,
O1/0380/1,,videos/sample_001516_O1__0380__1.pt,ok,0.6191076636,0.6322447658,0.5384246792,0.5313975980,average,0.6191076636,0.5384246792,
O1/0380/2,,videos/sample_001517_O1__0380__2.pt,ok,0.6206975579,0.6333665252,0.5375693210,0.5308018320,average,0.6206975579,0.5375693210,
O1/0380/3,,videos/sample_001518_O1__0380__3.pt,ok,0.6213442087,0.6362849474,0.5372218138,0.5292549864,average,0.6213442087,0.5372218138,
O1/0380/4,,videos/sample_001519_O1__0380__4.pt,ok,0.6204111576,0.6356756091,0.5377233031,0.5295775800,average,0.6204111576,0.5377233031,
O1/0381/1,,videos/sample_001520_O1__0381__1.pt,ok,0.5739623308,0.5974724293,0.5632890734,0.5502005509,average,0.5739623308,0.5632890734,
O1/0381/2,,videos/sample_001521_O1__0381__2.pt,ok,0.5722796917,0.5886317492,0.5642376835,0.5550862626,average,0.5722796917,0.5642376835,
O1/0381/3,,videos/sample_001522_O1__0381__3.pt,ok,0.5725593567,0.5875528455,0.5640799080,0.5556854704,average,0.5725593567,0.5640799080,
O1/0381/4,,videos/sample_001523_O1__0381__4.pt,ok,0.5731115937,0.5966426134,0.5637684882,0.5506573055,average,0.5731115937,0.5637684882,
O1/0382/1,,videos/sample_001524_O1__0382__1.pt,ok,0.5858548284,0.6033943295,0.5566298354,0.5469519465,average,0.5858548284,0.5566298354,
O1/0382/2,,videos/sample_001525_O1__0382__2.pt,ok,0.5848615766,0.6033943295,0.5571829837,0.5469519465,average,0.5848615766,0.5571829837,
O1/0382/3,,videos/sample_001526_O1__0382__3.pt,ok,0.5857394338,0.6038768291,0.5566940712,0.5466881061,average,0.5857394338,0.5566940712,
O1/0382/4,,videos/sample_001527_O1__0382__4.pt,ok,0.5866683722,0.6055215597,0.5561771768,0.5457896905,average,0.5866683722,0.5561771768,
O1/0383/1,,videos/sample_001528_O1__0383__1.pt,ok,0.5834097266,0.6077098250,0.5579925173,0.5445966636,average,0.5834097266,0.5579925173,
O1/0383/2,,videos/sample_001529_O1__0383__2.pt,ok,0.5859627724,0.6115536690,0.5565697538,0.5425073371,average,0.5859627724,0.5565697538,
O1/0383/3,,videos/sample_001530_O1__0383__3.pt,ok,0.5846683979,0.6084786057,0.5572906299,0.5441781491,average,0.5846683979,0.5572906299,
O1/0383/4,,videos/sample_001531_O1__0383__4.pt,ok,0.5865741372,0.6114984751,0.5562295906,0.5425372811,average,0.5865741372,0.5562295906,
O1/0384/1,,videos/sample_001532_O1__0384__1.pt,ok,0.5547623038,0.5712981820,0.5742087322,0.5647917601,average,0.5547623038,0.5742087322,
O1/0384/2,,videos/sample_001533_O1__0384__2.pt,ok,0.5622086525,0.5947440863,0.5699488537,0.5517037364,average,0.5622086525,0.5699488537,
O1/0384/3,,videos/sample_001534_O1__0384__3.pt,ok,0.5605560541,0.5896077156,0.5708915290,0.5545447813,average,0.5605560541,0.5708915290,
O1/0384/4,,videos/sample_001535_O1__0384__4.pt,ok,0.5610184073,0.5863406062,0.5706276365,0.5563595026,average,0.5610184073,0.5706276365,
O1/0385/1,,videos/sample_001536_O1__0385__1.pt,ok,0.5743243694,0.5968469977,0.5630851779,0.5505447713,average,0.5743243694,0.5630851779,
O1/0385/2,,videos/sample_001537_O1__0385__2.pt,ok,0.5698027611,0.5842561126,0.5656369933,0.5575204400,average,0.5698027611,0.5656369933,
O1/0385/3,,videos/sample_001538_O1__0385__3.pt,ok,0.5730422735,0.5937479138,0.5638075701,0.5522536023,average,0.5730422735,0.5638075701,
O1/0385/4,,videos/sample_001539_O1__0385__4.pt,ok,0.5731723309,0.5984310508,0.5637342475,0.5496733695,average,0.5731723309,0.5637342475,
O1/0386/1,,videos/sample_001540_O1__0386__1.pt,ok,0.6267295480,0.6529502273,0.5343364683,0.5205078927,average,0.6267295480,0.5343364683,
O1/0386/2,,videos/sample_001541_O1__0386__2.pt,ok,0.6259294748,0.6529502273,0.5347641476,0.5205078927,average,0.6259294748,0.5347641476,
O1/0386/3,,videos/sample_001542_O1__0386__3.pt,ok,0.6241607070,0.6529753208,0.5357108583,0.5204948315,average,0.6241607070,0.5357108583,
O1/0386/4,,videos/sample_001543_O1__0386__4.pt,ok,0.6261849999,0.6529753208,0.5346275194,0.5204948315,average,0.6261849999,0.5346275194,
O1/0387/1,,videos/sample_001544_O1__0387__1.pt,ok,0.5879027843,0.6097078323,0.5554910485,0.5435096418,average,0.5879027843,0.5554910485,
O1/0387/2,,videos/sample_001545_O1__0387__2.pt,ok,0.5880409479,0.6079272032,0.5554143052,0.5444782931,average,0.5880409479,0.5554143052,
O1/0387/3,,videos/sample_001546_O1__0387__3.pt,ok,0.5889798403,0.6097747087,0.5548930757,0.5434732951,average,0.5889798403,0.5548930757,
O1/0387/4,,videos/sample_001547_O1__0387__4.pt,ok,0.5894032121,0.6100491881,0.5546581993,0.5433241433,average,0.5894032121,0.5546581993,
O1/0388/1,,videos/sample_001548_O1__0388__1.pt,ok,0.5758573413,0.6051993966,0.5622226454,0.5459655521,average,0.5758573413,0.5622226454,
O1/0388/2,,videos/sample_001549_O1__0388__2.pt,ok,0.5754184723,0.6008645296,0.5624694417,0.5483373772,average,0.5754184723,0.5624694417,
O1/0388/3,,videos/sample_001550_O1__0388__3.pt,ok,0.5698027611,0.5842561126,0.5656369933,0.5575204400,average,0.5698027611,0.5656369933,
O1/0388/4,,videos/sample_001551_O1__0388__4.pt,ok,0.5772951245,0.6018837690,0.5614148720,0.5477787749,average,0.5772951245,0.5614148720,
O1/0389/1,,videos/sample_001552_O1__0389__1.pt,ok,0.5711917877,0.5852972269,0.5648518539,0.5569402996,average,0.5711917877,0.5648518539,
O1/0389/2,,videos/sample_001553_O1__0389__2.pt,ok,0.5701389313,0.5837601423,0.5654468750,0.5577970222,average,0.5701389313,0.5654468750,
O1/0389/3,,videos/sample_001554_O1__0389__3.pt,ok,0.5705790520,0.5876735449,0.5651980649,0.5556184036,average,0.5705790520,0.5651980649,
O1/0389/4,,videos/sample_001555_O1__0389__4.pt,ok,0.5723131299,0.5908899903,0.5642188167,0.5538341583,average,0.5723131299,0.5642188167,
O1/0390/1,,videos/sample_001556_O1__0390__1.pt,ok,0.5711876154,0.5983064771,0.5648542106,0.5497418486,average,0.5711876154,0.5648542106,
O1/0390/2,,videos/sample_001557_O1__0390__2.pt,ok,0.5761624575,0.6100088358,0.5620511284,0.5433460682,average,0.5761624575,0.5620511284,
O1/0390/3,,videos/sample_001558_O1__0390__3.pt,ok,0.5748259425,0.6058575511,0.5628028203,0.5456063406,average,0.5748259425,0.5628028203,
O1/0390/4,,videos/sample_001559_O1__0390__4.pt,ok,0.5762544274,0.6061301827,0.5619994389,0.5454576114,average,0.5762544274,0.5619994389,
O1/0391/1,,videos/sample_001560_O1__0391__1.pt,ok,0.5651369691,0.5987988710,0.5682823043,0.5494712257,average,0.5651369691,0.5682823043,
O1/0391/2,,videos/sample_001561_O1__0391__2.pt,ok,0.5674154162,0.5990833640,0.5669889771,0.5493149272,average,0.5674154162,0.5669889771,
O1/0391/3,,videos/sample_001562_O1__0391__3.pt,ok,0.5671221614,0.6008591056,0.5671552737,0.5483403514,average,0.5671221614,0.5671552737,
O1/0391/4,,videos/sample_001563_O1__0391__4.pt,ok,0.5623625517,0.5928137302,0.5698611458,0.5527697496,average,0.5623625517,0.5698611458,
O1/0392/1,,videos/sample_001564_O1__0392__1.pt,ok,0.5755063295,0.5984441638,0.5624200268,0.5496661617,average,0.5755063295,0.5624200268,
O1/0392/2,,videos/sample_001565_O1__0392__2.pt,ok,0.5829253793,0.6112772226,0.5582628449,0.5426573320,average,0.5829253793,0.5582628449,
O1/0392/3,,videos/sample_001566_O1__0392__3.pt,ok,0.5822093487,0.6061242223,0.5586627213,0.5454608626,average,0.5822093487,0.5586627213,
O1/0392/4,,videos/sample_001567_O1__0392__4.pt,ok,0.5819813013,0.6036063433,0.5587901374,0.5468359975,average,0.5819813013,0.5587901374,
O1/0393/1,,videos/sample_001568_O1__0393__1.pt,ok,0.5875875354,0.6141787171,0.5556661941,0.5410850968,average,0.5875875354,0.5556661941,
O1/0393/2,,videos/sample_001569_O1__0393__2.pt,ok,0.5873363018,0.6135647297,0.5558058136,0.5414174183,average,0.5873363018,0.5558058136,
O1/0393/3,,videos/sample_001570_O1__0393__3.pt,ok,0.5839912891,0.6079548597,0.5576681041,0.5444632349,average,0.5839912891,0.5576681041,
O1/0393/4,,videos/sample_001571_O1__0393__4.pt,ok,0.5882015228,0.6125310659,0.5553251267,0.5419773512,average,0.5882015228,0.5553251267,
O1/0394/1,,videos/sample_001572_O1__0394__1.pt,ok,0.6218255162,0.6351162195,0.5369633071,0.5298739030,average,0.6218255162,0.5369633071,
O1/0394/2,,videos/sample_001573_O1__0394__2.pt,ok,0.6208093166,0.6350371242,0.5375092463,0.5299158153,average,0.6208093166,0.5375092463,
O1/0394/3,,videos/sample_001574_O1__0394__3.pt,ok,0.6227793694,0.6350371242,0.5364513672,0.5299158153,average,0.6227793694,0.5364513672,
O1/0394/4,,videos/sample_001575_O1__0394__4.pt,ok,0.6229642630,0.6351162195,0.5363521899,0.5298739030,average,0.6229642630,0.5363521899,
O1/0395/1,,videos/sample_001576_O1__0395__1.pt,ok,0.5777699351,0.6005002260,0.5611483695,0.5485371749,average,0.5777699351,0.5611483695,
O1/0395/2,,videos/sample_001577_O1__0395__2.pt,ok,0.5764457583,0.6005002260,0.5618919214,0.5485371749,average,0.5764457583,0.5618919214,
O1/0395/3,,videos/sample_001578_O1__0395__3.pt,ok,0.5806654096,0.6064925790,0.5595259288,0.5452599754,average,0.5806654096,0.5595259288,
O1/0395/4,,videos/sample_001579_O1__0395__4.pt,ok,0.5800961852,0.6064925790,0.5598445152,0.5452599754,average,0.5800961852,0.5598445152,
O1/0396/1,,videos/sample_001580_O1__0396__1.pt,ok,0.5741822720,0.5892609954,0.5631651965,0.5547370866,average,0.5741822720,0.5631651965,
O1/0396/2,,videos/sample_001581_O1__0396__2.pt,ok,0.5742349029,0.5898520350,0.5631355574,0.5544093118,average,0.5742349029,0.5631355574,
O1/0396/3,,videos/sample_001582_O1__0396__3.pt,ok,0.5758136511,0.5970551372,0.5622472096,0.5504301931,average,0.5758136511,0.5622472096,
O1/0396/4,,videos/sample_001583_O1__0396__4.pt,ok,0.5759098530,0.5990271568,0.5621931229,0.5493458035,average,0.5759098530,0.5621931229,
O1/0397/1,,videos/sample_001584_O1__0397__1.pt,ok,0.5637555122,0.5875240564,0.5690679043,0.5557014683,average,0.5637555122,0.5690679043,
O1/0397/2,,videos/sample_001585_O1__0397__2.pt,ok,0.5629318953,0.5857226253,0.5695367914,0.5567034285,average,0.5629318953,0.5695367914,
O1/0397/3,,videos/sample_001586_O1__0397__3.pt,ok,0.5625910759,0.5857062936,0.5697309336,0.5567125204,average,0.5625910759,0.5697309336,
O1/0397/4,,videos/sample_001587_O1__0397__4.pt,ok,0.5643616915,0.5887058973,0.5687230517,0.5550451055,average,0.5643616915,0.5687230517,
O1/0398/1,,videos/sample_001588_O1__0398__1.pt,ok,0.5965709686,0.6119760275,0.5506967586,0.5422782529,average,0.5965709686,0.5506967586,
O1/0398/2,,videos/sample_001589_O1__0398__2.pt,ok,0.5964469314,0.6116504669,0.5507650698,0.5424548261,average,0.5964469314,0.5507650698,
O1/0398/3,,videos/sample_001590_O1__0398__3.pt,ok,0.5957226753,0.6112816930,0.5511641092,0.5426549062,average,0.5957226753,0.5511641092,
O1/0398/4,,videos/sample_001591_O1__0398__4.pt,ok,0.5956921577,0.6116504669,0.5511809297,0.5424548261,average,0.5956921577,0.5511809297,
O1/0399/1,,videos/sample_001592_O1__0399__1.pt,ok,0.5750637650,0.6033445597,0.5626689890,0.5469791689,average,0.5750637650,0.5626689890,
O1/0399/2,,videos/sample_001593_O1__0399__2.pt,ok,0.5736222863,0.6005435586,0.5634806493,0.5485134059,average,0.5736222863,0.5634806493,
O1/0399/3,,videos/sample_001594_O1__0399__3.pt,ok,0.5737044811,0.5991120934,0.5634343360,0.5492991459,average,0.5737044811,0.5634343360,
O1/0399/4,,videos/sample_001595_O1__0399__4.pt,ok,0.5644847751,0.5795720816,0.5686530555,0.5601380087,average,0.5644847751,0.5686530555,
O1/0400/1,,videos/sample_001596_O1__0400__1.pt,ok,0.5646998286,0.5919352174,0.5685307778,0.5532555783,average,0.5646998286,0.5685307778,
O1/0400/2,,videos/sample_001597_O1__0400__2.pt,ok,0.5561165214,0.5747346878,0.5734316549,0.5628541811,average,0.5561165214,0.5734316549,
O1/0400/3,,videos/sample_001598_O1__0400__3.pt,ok,0.5656741261,0.5933563113,0.5679771294,0.5524699085,average,0.5656741261,0.5679771294,
O1/0400/4,,videos/sample_001599_O1__0400__4.pt,ok,0.5662809014,0.6001627445,0.5676325995,0.5487223273,average,0.5662809014,0.5676325995,
O1/0401/1,,videos/sample_001600_O1__0401__1.pt,ok,0.6370209455,0.6588509083,0.5288655990,0.5174455854,average,0.6370209455,0.5288655990,
O1/0401/2,,videos/sample_001601_O1__0401__2.pt,ok,0.6375072002,0.6573737860,0.5286084981,0.5182104806,average,0.6375072002,0.5286084981,
O1/0401/3,,videos/sample_001602_O1__0401__3.pt,ok,0.6358441114,0.6588509083,0.5294883525,0.5174455854,average,0.6358441114,0.5294883525,
O1/0401/4,,videos/sample_001603_O1__0401__4.pt,ok,0.6376106143,0.6573737860,0.5285538354,0.5182104806,average,0.6376106143,0.5285538354,
O1/0402/1,,videos/sample_001604_O1__0402__1.pt,ok,0.5960085988,0.6148278713,0.5510065410,0.5407339631,average,0.5960085988,0.5510065410,
O1/0402/2,,videos/sample_001605_O1__0402__2.pt,ok,0.5961127281,0.6157789826,0.5509491680,0.5402199094,average,0.5961127281,0.5509491680,
O1/0402/3,,videos/sample_001606_O1__0402__3.pt,ok,0.5954145789,0.6159790158,0.5513339471,0.5401118583,average,0.5954145789,0.5513339471,
O1/0402/4,,videos/sample_001607_O1__0402__4.pt,ok,0.5963906050,0.6139222980,0.5507960933,0.5412238592,average,0.5963906050,0.5507960933,
O1/0403/1,,videos/sample_001608_O1__0403__1.pt,ok,0.5704428554,0.5971379876,0.5652750482,0.5503845916,average,0.5704428554,0.5652750482,
O1/0403/2,,videos/sample_001609_O1__0403__2.pt,ok,0.5695494413,0.5924494863,0.5657802985,0.5529711293,average,0.5695494413,0.5657802985,
O1/0403/3,,videos/sample_001610_O1__0403__3.pt,ok,0.5666649342,0.5828796625,0.5674146518,0.5582883675,average,0.5666649342,0.5674146518,
O1/0403/4,,videos/sample_001611_O1__0403__4.pt,ok,0.5674387217,0.5833648443,0.5669757633,0.5580175618,average,0.5674387217,0.5669757633,
O1/0404/1,,videos/sample_001612_O1__0404__1.pt,ok,0.6205646396,0.6501203179,0.5376407786,0.5219829691,average,0.6205646396,0.5376407786,
O1/0404/2,,videos/sample_001613_O1__0404__2.pt,ok,0.6220909953,0.6471876502,0.5368207735,0.5235160185,average,0.6220909953,0.5368207735,
O1/0404/3,,videos/sample_001614_O1__0404__3.pt,ok,0.6213513017,0.6471876502,0.5372180033,0.5235160185,average,0.6213513017,0.5372180033,
O1/0404/4,,videos/sample_001615_O1__0404__4.pt,ok,0.6213226914,0.6501203179,0.5372333735,0.5219829691,average,0.6213226914,0.5372333735,
O1/0405/1,,videos/sample_001616_O1__0405__1.pt,ok,0.5905340910,0.6245033145,0.5540313026,0.5355273511,average,0.5905340910,0.5540313026,
O1/0405/2,,videos/sample_001617_O1__0405__2.pt,ok,0.5901709795,0.6200304627,0.5542325142,0.5379280506,average,0.5901709795,0.5542325142,
O1/0405/3,,videos/sample_001618_O1__0405__3.pt,ok,0.5861025453,0.6182753444,0.5564919659,0.5388730070,average,0.5861025453,0.5564919659,
O1/0405/4,,videos/sample_001619_O1__0405__4.pt,ok,0.5915332437,0.6231198311,0.5534780172,0.5362687571,average,0.5915332437,0.5534780172,
O1/0406/1,,videos/sample_001620_O1__0406__1.pt,ok,0.6229369044,0.6341785789,0.5363668639,0.5303709674,average,0.6229369044,0.5363668639,
O1/0406/2,,videos/sample_001621_O1__0406__2.pt,ok,0.6220566630,0.6343252659,0.5368392041,0.5302931745,average,0.6220566630,0.5368392041,
O1/0406/3,,videos/sample_001622_O1__0406__3.pt,ok,0.6225823760,0.6336640120,0.5365570549,0.5306439489,average,0.6225823760,0.5365570549,
O1/0406/4,,videos/sample_001623_O1__0406__4.pt,ok,0.6210917234,0.6337350607,0.5373574715,0.5306062487,average,0.6210917234,0.5373574715,
O1/0407/1,,videos/sample_001624_O1__0407__1.pt,ok,0.5787971616,0.6028721333,0.5605722390,0.5472376374,average,0.5787971616,0.5605722390,
O1/0407/2,,videos/sample_001625_O1__0407__2.pt,ok,0.5745888948,0.5977587700,0.5629362472,0.5500430286,average,0.5745888948,0.5629362472,
O1/0407/3,,videos/sample_001626_O1__0407__3.pt,ok,0.5720139146,0.5868406892,0.5643876648,0.5560813463,average,0.5720139146,0.5643876648,
O1/0407/4,,videos/sample_001627_O1__0407__4.pt,ok,0.5768947005,0.5915752649,0.5616397210,0.5534547598,average,0.5768947005,0.5616397210,
O1/0408/1,,videos/sample_001628_O1__0408__1.pt,ok,0.6211197972,0.6320190430,0.5373423861,0.5315175601,average,0.6211197972,0.5373423861,
O1/0408/2,,videos/sample_001629_O1__0408__2.pt,ok,0.6211706996,0.6330525279,0.5373150348,0.5309685285,average,0.6211706996,0.5373150348,
O1/0408/3,,videos/sample_001630_O1__0408__3.pt,ok,0.6195831299,0.6317963004,0.5381687373,0.5316359649,average,0.6195831299,0.5381687373,
O1/0408/4,,videos/sample_001631_O1__0408__4.pt,ok,0.6199464202,0.6320190430,0.5379732613,0.5315175601,average,0.6199464202,0.5379732613,
O1/0409/1,,videos/sample_001632_O1__0409__1.pt,ok,0.5927043557,0.6241123676,0.5528302118,0.5357367548,average,0.5927043557,0.5528302118,
O1/0409/2,,videos/sample_001633_O1__0409__2.pt,ok,0.5923520923,0.6234319210,0.5530249880,0.5361014191,average,0.5923520923,0.5530249880,
O1/0409/3,,videos/sample_001634_O1__0409__3.pt,ok,0.5909149051,0.6248703003,0.5538203598,0.5353308563,average,0.5909149051,0.5538203598,
O1/0409/4,,videos/sample_001635_O1__0409__4.pt,ok,0.5837712884,0.6141043305,0.5577908050,0.5411253478,average,0.5837712884,0.5577908050,
O1/0410/1,,videos/sample_001636_O1__0410__1.pt,ok,0.5637747645,0.5916798711,0.5690569486,0.5533968681,average,0.5637747645,0.5690569486,
O1/0410/2,,videos/sample_001637_O1__0410__2.pt,ok,0.5562489033,0.5752463937,0.5733557480,0.5625662390,average,0.5562489033,0.5733557480,
O1/0410/3,,videos/sample_001638_O1__0410__3.pt,ok,0.5653239489,0.5975001454,0.5681760570,0.5501853016,average,0.5653239489,0.5681760570,
O1/0410/4,,videos/sample_001639_O1__0410__4.pt,ok,0.5607022643,0.5886524916,0.5708080649,0.5550747489,average,0.5607022643,0.5708080649,
O1/0411/1,,videos/sample_001640_O1__0411__1.pt,ok,0.6224735975,0.6474277973,0.5366154240,0.5233903128,average,0.6224735975,0.5366154240,
O1/0411/2,,videos/sample_001641_O1__0411__2.pt,ok,0.6243922710,0.6477159262,0.5355868213,0.5232395306,average,0.6243922710,0.5355868213,
O1/0411/3,,videos/sample_001642_O1__0411__3.pt,ok,0.6210043430,0.6474277973,0.5374044281,0.5233903128,average,0.6210043430,0.5374044281,
O1/0411/4,,videos/sample_001643_O1__0411__4.pt,ok,0.6244231462,0.6477159262,0.5355702852,0.5232395306,average,0.6244231462,0.5355702852,
O1/0412/1,,videos/sample_001644_O1__0412__1.pt,ok,0.5798541903,0.6006019711,0.5599800111,0.5484813667,average,0.5798541903,0.5599800111,
O1/0412/2,,videos/sample_001645_O1__0412__2.pt,ok,0.5802193880,0.6006019711,0.5597755451,0.5484813667,average,0.5802193880,0.5597755451,
O1/0412/3,,videos/sample_001646_O1__0412__3.pt,ok,0.5804345608,0.6016994119,0.5596551096,0.5478797711,average,0.5804345608,0.5596551096,
O1/0412/4,,videos/sample_001647_O1__0412__4.pt,ok,0.5808491111,0.6016994119,0.5594231524,0.5478797711,average,0.5808491111,0.5594231524,
O1/0413/1,,videos/sample_001648_O1__0413__1.pt,ok,0.6249138117,0.6370188594,0.5353075638,0.5288667023,average,0.6249138117,0.5353075638,
O1/0413/2,,videos/sample_001649_O1__0413__2.pt,ok,0.6240181923,0.6360902190,0.5357872104,0.5293580574,average,0.6240181923,0.5357872104,
O1/0413/3,,videos/sample_001650_O1__0413__3.pt,ok,0.6242127419,0.6370121837,0.5356829834,0.5288702329,average,0.6242127419,0.5356829834,
O1/0413/4,,videos/sample_001651_O1__0413__4.pt,ok,0.6254141331,0.6361546516,0.5350398050,0.5293239506,average,0.6254141331,0.5350398050,
O1/0414/1,,videos/sample_001652_O1__0414__1.pt,ok,0.5743892193,0.5897274017,0.5630486631,0.5544784140,average,0.5743892193,0.5630486631,
O1/0414/2,,videos/sample_001653_O1__0414__2.pt,ok,0.5719845295,0.5916383862,0.5644042497,0.5534198261,average,0.5719845295,0.5644042497,
O1/0414/3,,videos/sample_001654_O1__0414__3.pt,ok,0.5742155313,0.5917868614,0.5631464663,0.5533376631,average,0.5742155313,0.5631464663,
O1/0414/4,,videos/sample_001655_O1__0414__4.pt,ok,0.5719160438,0.5868194699,0.5644429046,0.5560931460,average,0.5719160438,0.5644429046,
O1/0415/1,,videos/sample_001656_O1__0415__1.pt,ok,0.5790686011,0.5983855724,0.5604200982,0.5496983683,average,0.5790686011,0.5604200982,
O1/0415/2,,videos/sample_001657_O1__0415__2.pt,ok,0.5789809227,0.5981699228,0.5604692371,0.5498169233,average,0.5789809227,0.5604692371,
O1/0415/3,,videos/sample_001658_O1__0415__3.pt,ok,0.5805522203,0.6024227738,0.5595892647,0.5474835990,average,0.5805522203,0.5595892647,
O1/0415/4,,videos/sample_001659_O1__0415__4.pt,ok,0.5799574852,0.6005251408,0.5599221710,0.5485235084,average,0.5799574852,0.5599221710,
O1/0416/1,,videos/sample_001660_O1__0416__1.pt,ok,0.5869244337,0.6133299470,0.5560347795,0.5415445486,average,0.5869244337,0.5560347795,
O1/0416/2,,videos/sample_001661_O1__0416__2.pt,ok,0.5867971778,0.6149593592,0.5561055427,0.5406628679,average,0.5867971778,0.5561055427,
O1/0416/3,,videos/sample_001662_O1__0416__3.pt,ok,0.5855681300,0.6122804284,0.5567894431,0.5421132081,average,0.5855681300,0.5567894431,
O1/0416/4,,videos/sample_001663_O1__0416__4.pt,ok,0.5834402442,0.6089653969,0.5579754889,0.5439133125,average,0.5834402442,0.5579754889,
O1/0417/1,,videos/sample_001664_O1__0417__1.pt,ok,0.5888683796,0.6174911857,0.5549549279,0.5392957347,average,0.5888683796,0.5549549279,
O1/0417/2,,videos/sample_001665_O1__0417__2.pt,ok,0.5842598677,0.6091582179,0.5575183465,0.5438084447,average,0.5842598677,0.5575183465,
O1/0417/3,,videos/sample_001666_O1__0417__3.pt,ok,0.5869461894,0.6117622256,0.5560226827,0.5423942054,average,0.5869461894,0.5560226827,
O1/0417/4,,videos/sample_001667_O1__0417__4.pt,ok,0.5868785381,0.6145282984,0.5560602996,0.5408959767,average,0.5868785381,0.5560602996,
O1/0418/1,,videos/sample_001668_O1__0418__1.pt,ok,0.6369922161,0.6556184888,0.5288807932,0.5191208928,average,0.6369922161,0.5288807932,
O1/0418/2,,videos/sample_001669_O1__0418__2.pt,ok,0.6357515454,0.6550308466,0.5295373673,0.5194260398,average,0.6357515454,0.5295373673,
O1/0418/3,,videos/sample_001670_O1__0418__3.pt,ok,0.6364910603,0.6556184888,0.5291459114,0.5191208928,average,0.6364910603,0.5291459114,
O1/0418/4,,videos/sample_001671_O1__0418__4.pt,ok,0.6368716359,0.6550308466,0.5289445696,0.5194260398,average,0.6368716359,0.5289445696,
O1/0419/1,,videos/sample_001672_O1__0419__1.pt,ok,0.6247226596,0.6494088173,0.5354098987,0.5223544924,average,0.6247226596,0.5354098987,
O1/0419/2,,videos/sample_001673_O1__0419__2.pt,ok,0.6252115369,0.6520285010,0.5351482130,0.5209878797,average,0.6252115369,0.5351482130,
O1/0419/3,,videos/sample_001674_O1__0419__3.pt,ok,0.6253455281,0.6520285010,0.5350765126,0.5209878797,average,0.6253455281,0.5350765126,
O1/0419/4,,videos/sample_001675_O1__0419__4.pt,ok,0.6230931282,0.6494088173,0.5362830772,0.5223544924,average,0.6230931282,0.5362830772,
O1/0420/1,,videos/sample_001676_O1__0420__1.pt,ok,0.5709198117,0.6003864408,0.5650055009,0.5485995939,average,0.5709198117,0.5650055009,
O1/0420/2,,videos/sample_001677_O1__0420__2.pt,ok,0.5708155632,0.6009970903,0.5650644050,0.5482646940,average,0.5708155632,0.5650644050,
O1/0420/3,,videos/sample_001678_O1__0420__3.pt,ok,0.5637143254,0.5928759575,0.5690913429,0.5527353533,average,0.5637143254,0.5690913429,
O1/0420/4,,videos/sample_001679_O1__0420__4.pt,ok,0.5685493946,0.5977471471,0.5663463882,0.5500494217,average,0.5685493946,0.5663463882,
O1/0421/1,,videos/sample_001680_O1__0421__1.pt,ok,0.5658615828,0.5919809937,0.5678706683,0.5532302528,average,0.5658615828,0.5678706683,
O1/0421/2,,videos/sample_001681_O1__0421__2.pt,ok,0.5643841028,0.5869315267,0.5687103060,0.5560308355,average,0.5643841028,0.5687103060,
O1/0421/3,,videos/sample_001682_O1__0421__3.pt,ok,0.5658631325,0.5887991786,0.5678697883,0.5549933326,average,0.5658631325,0.5678697883,
O1/0421/4,,videos/sample_001683_O1__0421__4.pt,ok,0.5641810894,0.5853564739,0.5688257735,0.5569073035,average,0.5641810894,0.5688257735,
O1/0422/1,,videos/sample_001684_O1__0422__1.pt,ok,0.5514636040,0.5702853203,0.5761060020,0.5653641058,average,0.5514636040,0.5761060020,
O1/0422/2,,videos/sample_001685_O1__0422__2.pt,ok,0.5589221120,0.5894271135,0.5718250952,0.5546449423,average,0.5589221120,0.5718250952,
O1/0422/3,,videos/sample_001686_O1__0422__3.pt,ok,0.5562626123,0.5888206959,0.5733478879,0.5549813908,average,0.5562626123,0.5733478879,
O1/0422/4,,videos/sample_001687_O1__0422__4.pt,ok,0.5557619929,0.5744417906,0.5736349888,0.5630190637,average,0.5557619929,0.5736349888,
O1/0423/1,,videos/sample_001688_O1__0423__1.pt,ok,0.6236907244,0.6492457390,0.5359626922,0.5224396841,average,0.6236907244,0.5359626922,
O1/0423/2,,videos/sample_001689_O1__0423__2.pt,ok,0.6244047880,0.6491543055,0.5355801174,0.5224874548,average,0.6244047880,0.5355801174,
O1/0423/3,,videos/sample_001690_O1__0423__3.pt,ok,0.6238412857,0.6491543055,0.5358820031,0.5224874548,average,0.6238412857,0.5358820031,
O1/0423/4,,videos/sample_001691_O1__0423__4.pt,ok,0.6227025986,0.6492457390,0.5364925525,0.5224396841,average,0.6227025986,0.5364925525,
O1/0424/1,,videos/sample_001692_O1__0424__1.pt,ok,0.5764088035,0.5907431841,0.5619126864,0.5539154706,average,0.5764088035,0.5619126864,
O1/0424/2,,videos/sample_001693_O1__0424__2.pt,ok,0.5811108351,0.6036010981,0.5592767571,0.5468388658,average,0.5811108351,0.5592767571,
O1/0424/3,,videos/sample_001694_O1__0424__3.pt,ok,0.5814564228,0.6035915017,0.5590835113,0.5468441135,average,0.5814564228,0.5590835113,
O1/0424/4,,videos/sample_001695_O1__0424__4.pt,ok,0.5801017284,0.6004324555,0.5598414119,0.5485743508,average,0.5801017284,0.5598414119,
O1/0425/1,,videos/sample_001696_O1__0425__1.pt,ok,0.6279189587,0.6498237252,0.5337013006,0.5221378084,average,0.6279189587,0.5337013006,
O1/0425/2,,videos/sample_001697_O1__0425__2.pt,ok,0.6262611747,0.6497474313,0.5345867959,0.5221776458,average,0.6262611747,0.5345867959,
O1/0425/3,,videos/sample_001698_O1__0425__3.pt,ok,0.6280504465,0.6497474313,0.5336311300,0.5221776458,average,0.6280504465,0.5336311300,
O1/0425/4,,videos/sample_001699_O1__0425__4.pt,ok,0.6274946928,0.6498237252,0.5339277799,0.5221378084,average,0.6274946928,0.5339277799,
O1/0426/1,,videos/sample_001700_O1__0426__1.pt,ok,0.5860011578,0.6045689583,0.5565483901,0.5463098582,average,0.5860011578,0.5565483901,
O1/0426/2,,videos/sample_001701_O1__0426__2.pt,ok,0.5863714814,0.6046110392,0.5563423252,0.5462868695,average,0.5863714814,0.5563423252,
O1/0426/3,,videos/sample_001702_O1__0426__3.pt,ok,0.5855115652,0.6042493582,0.5568209387,0.5464844868,average,0.5855115652,0.5568209387,
O1/0426/4,,videos/sample_001703_O1__0426__4.pt,ok,0.5868607759,0.6046910286,0.5560701765,0.5462431741,average,0.5868607759,0.5560701765,
O1/0427/1,,videos/sample_001704_O1__0427__1.pt,ok,0.5802722573,0.6094675064,0.5597459509,0.5436402770,average,0.5802722573,0.5597459509,
O1/0427/2,,videos/sample_001705_O1__0427__2.pt,ok,0.5746415257,0.6039549708,0.5629066202,0.5466453886,average,0.5746415257,0.5629066202,
O1/0427/3,,videos/sample_001706_O1__0427__3.pt,ok,0.5817639828,0.6121317744,0.5589115861,0.5421938013,average,0.5817639828,0.5589115861,
O1/0427/4,,videos/sample_001707_O1__0427__4.pt,ok,0.5803458691,0.6108927727,0.5597047485,0.5428659967,average,0.5803458691,0.5597047485,
O1/0428/1,,videos/sample_001708_O1__0428__1.pt,ok,0.6223047376,0.6359181404,0.5367060445,0.5294491564,average,0.6223047376,0.5367060445,
O1/0428/2,,videos/sample_001709_O1__0428__2.pt,ok,0.6235621572,0.6364562511,0.5360316039,0.5291643308,average,0.6235621572,0.5360316039,
O1/0428/3,,videos/sample_001710_O1__0428__3.pt,ok,0.6213201880,0.6354172230,0.5372347184,0.5297144332,average,0.6213201880,0.5372347184,
O1/0428/4,,videos/sample_001711_O1__0428__4.pt,ok,0.6231731176,0.6359181404,0.5362401819,0.5294491564,average,0.6231731176,0.5362401819,
O1/0429/1,,videos/sample_001712_O1__0429__1.pt,ok,0.6242233515,0.6350978017,0.5356773000,0.5298836623,average,0.6242233515,0.5356773000,
O1/0429/2,,videos/sample_001713_O1__0429__2.pt,ok,0.6235128045,0.6343286037,0.5360580591,0.5302914045,average,0.6235128045,0.5360580591,
O1/0429/3,,videos/sample_001714_O1__0429__3.pt,ok,0.6222333908,0.6342721581,0.5367443381,0.5303213379,average,0.6222333908,0.5367443381,
O1/0429/4,,videos/sample_001715_O1__0429__4.pt,ok,0.6239151955,0.6347048879,0.5358423976,0.5300919018,average,0.6239151955,0.5358423976,
O1/0430/1,,videos/sample_001716_O1__0430__1.pt,ok,0.6188975573,0.6326742768,0.5385378176,0.5311694059,average,0.6188975573,0.5385378176,
O1/0430/2,,videos/sample_001717_O1__0430__2.pt,ok,0.6166630387,0.6328742504,0.5397425358,0.5310631967,average,0.6166630387,0.5397425358,
O1/0430/3,,videos/sample_001718_O1__0430__3.pt,ok,0.6174580455,0.6326742768,0.5393136073,0.5311694059,average,0.6174580455,0.5393136073,
O1/0430/4,,videos/sample_001719_O1__0430__4.pt,ok,0.6184736490,0.6345599890,0.5387661566,0.5301687171,average,0.6184736490,0.5387661566,
O1/0431/1,,videos/sample_001720_O1__0431__1.pt,ok,0.6197882891,0.6474978328,0.5380583384,0.5233536582,average,0.6197882891,0.5380583384,
O1/0431/2,,videos/sample_001721_O1__0431__2.pt,ok,0.6202039123,0.6474978328,0.5378347553,0.5233536582,average,0.6202039123,0.5378347553,
O1/0431/3,,videos/sample_001722_O1__0431__3.pt,ok,0.6190871596,0.6476913095,0.5384357192,0.5232524112,average,0.6190871596,0.5384357192,
O1/0431/4,,videos/sample_001723_O1__0431__4.pt,ok,0.6198309660,0.6476913095,0.5380353762,0.5232524112,average,0.6198309660,0.5380353762,
O1/0432/1,,videos/sample_001724_O1__0432__1.pt,ok,0.6201130748,0.6333844066,0.5378836131,0.5307923406,average,0.6201130748,0.5378836131,
O1/0432/2,,videos/sample_001725_O1__0432__2.pt,ok,0.6211763620,0.6333844066,0.5373119922,0.5307923406,average,0.6211763620,0.5373119922,
O1/0432/3,,videos/sample_001726_O1__0432__3.pt,ok,0.6216457486,0.6342759132,0.5370598444,0.5303193465,average,0.6216457486,0.5370598444,
O1/0432/4,,videos/sample_001727_O1__0432__4.pt,ok,0.6208776236,0.6342759132,0.5374725320,0.5303193465,average,0.6208776236,0.5374725320,
O1/0433/1,,videos/sample_001728_O1__0433__1.pt,ok,0.6276407838,0.6431756020,0.5338497836,0.5256206091,average,0.6276407838,0.5338497836,
O1/0433/2,,videos/sample_001729_O1__0433__2.pt,ok,0.6292811036,0.6431756020,0.5329748170,0.5256206091,average,0.6292811036,0.5329748170,
O1/0433/3,,videos/sample_001730_O1__0433__3.pt,ok,0.6283324361,0.6425622106,0.5334806728,0.5259431192,average,0.6283324361,0.5334806728,
O1/0433/4,,videos/sample_001731_O1__0433__4.pt,ok,0.6294619441,0.6425622106,0.5328784423,0.5259431192,average,0.6294619441,0.5328784423,
O1/0434/1,,videos/sample_001732_O1__0434__1.pt,ok,0.5972613096,0.6112828851,0.5503167213,0.5426542593,average,0.5972613096,0.5503167213,
O1/0434/2,,videos/sample_001733_O1__0434__2.pt,ok,0.5974385142,0.6112828851,0.5502192113,0.5426542593,average,0.5974385142,0.5502192113,
O1/0434/3,,videos/sample_001734_O1__0434__3.pt,ok,0.5970773697,0.6122829914,0.5504179558,0.5421118186,average,0.5970773697,0.5504179558,
O1/0434/4,,videos/sample_001735_O1__0434__4.pt,ok,0.5972149372,0.6122829914,0.5503422414,0.5421118186,average,0.5972149372,0.5503422414,
O1/0435/1,,videos/sample_001736_O1__0435__1.pt,ok,0.6267772317,0.6514172554,0.5343109898,0.5213064286,average,0.6267772317,0.5343109898,
O1/0435/2,,videos/sample_001737_O1__0435__2.pt,ok,0.6264894605,0.6527485251,0.5344647712,0.5206128909,average,0.6264894605,0.5344647712,
O1/0435/3,,videos/sample_001738_O1__0435__3.pt,ok,0.6263031960,0.6514172554,0.5345643323,0.5213064286,average,0.6263031960,0.5345643323,
O1/0435/4,,videos/sample_001739_O1__0435__4.pt,ok,0.6260533929,0.6527485251,0.5346978848,0.5206128909,average,0.6260533929,0.5346978848,
O1/0436/1,,videos/sample_001740_O1__0436__1.pt,ok,0.5902802348,0.6000060439,0.5541719647,0.5488083191,average,0.5902802348,0.5541719647,
O1/0436/2,,videos/sample_001741_O1__0436__2.pt,ok,0.5916250348,0.6060743332,0.5534272151,0.5454880758,average,0.5916250348,0.5534272151,
O1/0436/3,,videos/sample_001742_O1__0436__3.pt,ok,0.5891791582,0.5983100533,0.5547824865,0.5497398826,average,0.5891791582,0.5547824865,
O1/0436/4,,videos/sample_001743_O1__0436__4.pt,ok,0.5917373896,0.6081842184,0.5533650384,0.5443383719,average,0.5917373896,0.5533650384,
O1/0437/1,,videos/sample_001744_O1__0437__1.pt,ok,0.5801098347,0.6034457684,0.5598368737,0.5469238127,average,0.5801098347,0.5598368737,
O1/0437/2,,videos/sample_001745_O1__0437__2.pt,ok,0.5811078548,0.6156051159,0.5592784239,0.5403138439,average,0.5811078548,0.5592784239,
O1/0437/3,,videos/sample_001746_O1__0437__3.pt,ok,0.5757997632,0.6014273167,0.5622550181,0.5480288669,average,0.5757997632,0.5622550181,
O1/0437/4,,videos/sample_001747_O1__0437__4.pt,ok,0.5811443329,0.6066212654,0.5592580229,0.5451898124,average,0.5811443329,0.5592580229,
O1/0438/1,,videos/sample_001748_O1__0438__1.pt,ok,0.5831424594,0.6099975705,0.5581416703,0.5433521891,average,0.5831424594,0.5581416703,
O1/0438/2,,videos/sample_001749_O1__0438__2.pt,ok,0.5788125992,0.6008349657,0.5605635852,0.5483535885,average,0.5788125992,0.5605635852,
O1/0438/3,,videos/sample_001750_O1__0438__3.pt,ok,0.5819827318,0.6112715006,0.5587893381,0.5426604372,average,0.5819827318,0.5587893381,
O1/0438/4,,videos/sample_001751_O1__0438__4.pt,ok,0.5826361775,0.6079050899,0.5584243188,0.5444903334,average,0.5826361775,0.5584243188,
O1/0439/1,,videos/sample_001752_O1__0439__1.pt,ok,0.5843074322,0.6150622368,0.5574918290,0.5406072486,average,0.5843074322,0.5574918290,
O1/0439/2,,videos/sample_001753_O1__0439__2.pt,ok,0.5827121735,0.6150802374,0.5583818825,0.5405975174,average,0.5827121735,0.5583818825,
O1/0439/3,,videos/sample_001754_O1__0439__3.pt,ok,0.5792255402,0.6090188622,0.5603321533,0.5438842327,average,0.5792255402,0.5603321533,
O1/0439/4,,videos/sample_001755_O1__0439__4.pt,ok,0.5838455558,0.6148315072,0.5577493808,0.5407319971,average,0.5838455558,0.5577493808,
O1/0440/1,,videos/sample_001756_O1__0440__1.pt,ok,0.5739030242,0.5916810036,0.5633224811,0.5533962414,average,0.5739030242,0.5633224811,
O1/0440/2,,videos/sample_001757_O1__0440__2.pt,ok,0.5704941154,0.5896491408,0.5652460729,0.5545218097,average,0.5704941154,0.5652460729,
O1/0440/3,,videos/sample_001758_O1__0440__3.pt,ok,0.5736765862,0.5922140479,0.5634500532,0.5531013352,average,0.5736765862,0.5634500532,
O1/0440/4,,videos/sample_001759_O1__0440__4.pt,ok,0.5706036687,0.5867198110,0.5651841517,0.5561485685,average,0.5706036687,0.5651841517,
O1/0441/1,,videos/sample_001760_O1__0441__1.pt,ok,0.6215847135,0.6450781226,0.5370926249,0.5246215557,average,0.6215847135,0.5370926249,
O1/0441/2,,videos/sample_001761_O1__0441__2.pt,ok,0.6203202009,0.6464162469,0.5377722149,0.5239200163,average,0.6203202009,0.5377722149,
O1/0441/3,,videos/sample_001762_O1__0441__3.pt,ok,0.6178793311,0.6464162469,0.5390864501,0.5239200163,average,0.6178793311,0.5390864501,
O1/0441/4,,videos/sample_001763_O1__0441__4.pt,ok,0.6219917536,0.6450781226,0.5368740512,0.5246215557,average,0.6219917536,0.5368740512,
O1/0442/1,,videos/sample_001764_O1__0442__1.pt,ok,0.6279390454,0.6524452567,0.5336905804,0.5207708003,average,0.6279390454,0.5336905804,
O1/0442/2,,videos/sample_001765_O1__0442__2.pt,ok,0.6281537414,0.6523138881,0.5335760115,0.5208392177,average,0.6281537414,0.5335760115,
O1/0442/3,,videos/sample_001766_O1__0442__3.pt,ok,0.6272772551,0.6524452567,0.5340438886,0.5207708003,average,0.6272772551,0.5340438886,
O1/0442/4,,videos/sample_001767_O1__0442__4.pt,ok,0.6281783581,0.6523138881,0.5335628768,0.5208392177,average,0.6281783581,0.5335628768,
O1/0443/1,,videos/sample_001768_O1__0443__1.pt,ok,0.6230206490,0.6469092965,0.5363219480,0.5236617614,average,0.6230206490,0.5363219480,
O1/0443/2,,videos/sample_001769_O1__0443__2.pt,ok,0.6213659644,0.6450607181,0.5372101263,0.5246306866,average,0.6213659644,0.5372101263,
O1/0443/3,,videos/sample_001770_O1__0443__3.pt,ok,0.6220489740,0.6450607181,0.5368433319,0.5246306866,average,0.6220489740,0.5368433319,
O1/0443/4,,videos/sample_001771_O1__0443__4.pt,ok,0.6228902340,0.6469092965,0.5363918970,0.5236617614,average,0.6228902340,0.5363918970,
O1/0444/1,,videos/sample_001772_O1__0444__1.pt,ok,0.6256496906,0.6520923972,0.5349137871,0.5209545916,average,0.6256496906,0.5349137871,
O1/0444/2,,videos/sample_001773_O1__0444__2.pt,ok,0.6256445646,0.6519141197,0.5349165291,0.5210474744,average,0.6256445646,0.5349165291,
O1/0444/3,,videos/sample_001774_O1__0444__3.pt,ok,0.6252453923,0.6520923972,0.5351300956,0.5209545916,average,0.6252453923,0.5351300956,
O1/0444/4,,videos/sample_001775_O1__0444__4.pt,ok,0.6235611439,0.6519141197,0.5360321470,0.5210474744,average,0.6235611439,0.5360321470,
O1/0445/1,,videos/sample_001776_O1__0445__1.pt,ok,0.6257430315,0.6386647224,0.5348638601,0.5279969761,average,0.6257430315,0.5348638601,
O1/0445/2,,videos/sample_001777_O1__0445__2.pt,ok,0.6250596046,0.6371088028,0.5352295254,0.5288191364,average,0.6250596046,0.5352295254,
O1/0445/3,,videos/sample_001778_O1__0445__3.pt,ok,0.6235008240,0.6371111274,0.5360644814,0.5288179071,average,0.6235008240,0.5360644814,
O1/0445/4,,videos/sample_001779_O1__0445__4.pt,ok,0.6259009242,0.6377913356,0.5347794157,0.5284583231,average,0.6259009242,0.5347794157,
O1/0446/1,,videos/sample_001780_O1__0446__1.pt,ok,0.6276346445,0.6413111687,0.5338530610,0.5266015078,average,0.6276346445,0.5338530610,
O1/0446/2,,videos/sample_001781_O1__0446__2.pt,ok,0.6266555786,0.6412987113,0.5343759943,0.5266080679,average,0.6266555786,0.5343759943,
O1/0446/3,,videos/sample_001782_O1__0446__3.pt,ok,0.6266489625,0.6413111687,0.5343795298,0.5266015078,average,0.6266489625,0.5343795298,
O1/0446/4,,videos/sample_001783_O1__0446__4.pt,ok,0.6277630329,0.6412987113,0.5337845249,0.5266080679,average,0.6277630329,0.5337845249,
O1/0447/1,,videos/sample_001784_O1__0447__1.pt,ok,0.5663411021,0.5940953493,0.5675984286,0.5520617631,average,0.5663411021,0.5675984286,
O1/0447/2,,videos/sample_001785_O1__0447__2.pt,ok,0.5663182139,0.5980306268,0.5676114201,0.5498935160,average,0.5663182139,0.5676114201,
O1/0447/3,,videos/sample_001786_O1__0447__3.pt,ok,0.5637661219,0.5902168155,0.5690618667,0.5542071110,average,0.5637661219,0.5690618667,
O1/0447/4,,videos/sample_001787_O1__0447__4.pt,ok,0.5678896904,0.5970537663,0.5667201326,0.5504309477,average,0.5678896904,0.5667201326,
O1/0448/1,,videos/sample_001788_O1__0448__1.pt,ok,0.6209158301,0.6320476532,0.5374519974,0.5315023535,average,0.6209158301,0.5374519974,
O1/0448/2,,videos/sample_001789_O1__0448__2.pt,ok,0.6211420298,0.6307089925,0.5373304397,0.5322143313,average,0.6211420298,0.5373304397,
O1/0448/3,,videos/sample_001790_O1__0448__3.pt,ok,0.6194958687,0.6320476532,0.5382157006,0.5315023535,average,0.6194958687,0.5382157006,
O1/0448/4,,videos/sample_001791_O1__0448__4.pt,ok,0.6195148230,0.6301144361,0.5382054992,0.5325308567,average,0.6195148230,0.5382054992,
O1/0449/1,,videos/sample_001792_O1__0449__1.pt,ok,0.5754020810,0.5961520672,0.5624786613,0.5509274946,average,0.5754020810,0.5624786613,
O1/0449/2,,videos/sample_001793_O1__0449__2.pt,ok,0.5742336512,0.5961520672,0.5631362623,0.5509274946,average,0.5742336512,0.5631362623,
O1/0449/3,,videos/sample_001794_O1__0449__3.pt,ok,0.5748907924,0.5965533853,0.5627663238,0.5507064418,average,0.5748907924,0.5627663238,
O1/0449/4,,videos/sample_001795_O1__0449__4.pt,ok,0.5727155209,0.5939533114,0.5639918258,0.5521401823,average,0.5727155209,0.5639918258,
O1/0450/1,,videos/sample_001796_O1__0450__1.pt,ok,0.5749318600,0.6016625166,0.5627432128,0.5478999857,average,0.5749318600,0.5627432128,
O1/0450/2,,videos/sample_001797_O1__0450__2.pt,ok,0.5704401135,0.5969084501,0.5652765981,0.5505109400,average,0.5704401135,0.5652765981,
O1/0450/3,,videos/sample_001798_O1__0450__3.pt,ok,0.5771170259,0.6036774516,0.5615148681,0.5467971143,average,0.5771170259,0.5615148681,
O1/0450/4,,videos/sample_001799_O1__0450__4.pt,ok,0.5752124786,0.6043092608,0.5625853187,0.5464517519,average,0.5752124786,0.5625853187,
O1/0451/1,,videos/sample_001800_O1__0451__1.pt,ok,0.5712578893,0.5992043018,0.5648145175,0.5492484983,average,0.5712578893,0.5648145175,
O1/0451/2,,videos/sample_001801_O1__0451__2.pt,ok,0.5702557564,0.5871888995,0.5653808205,0.5558877467,average,0.5702557564,0.5653808205,
O1/0451/3,,videos/sample_001802_O1__0451__3.pt,ok,0.5685093403,0.5980502963,0.5663690733,0.5498827000,average,0.5685093403,0.5663690733,
O1/0451/4,,videos/sample_001803_O1__0451__4.pt,ok,0.5672034025,0.5836402178,0.5671091993,0.5578639197,average,0.5672034025,0.5671091993,
O1/0452/1,,videos/sample_001804_O1__0452__1.pt,ok,0.5615932345,0.6003623009,0.5702997184,0.5486128372,average,0.5615932345,0.5702997184,
O1/0452/2,,videos/sample_001805_O1__0452__2.pt,ok,0.5614119768,0.5905762911,0.5704030990,0.5540079229,average,0.5614119768,0.5704030990,
O1/0452/3,,videos/sample_001806_O1__0452__3.pt,ok,0.5533969998,0.5718902946,0.5749932371,0.5644574388,average,0.5533969998,0.5749932371,
O1/0452/4,,videos/sample_001807_O1__0452__4.pt,ok,0.5629102588,0.5938409567,0.5695491143,0.5522022214,average,0.5629102588,0.5695491143,
O1/0453/1,,videos/sample_001808_O1__0453__1.pt,ok,0.5824986100,0.6118940115,0.5585011452,0.5423227302,average,0.5824986100,0.5585011452,
O1/0453/2,,videos/sample_001809_O1__0453__2.pt,ok,0.5845615864,0.6164809465,0.5573501582,0.5398408276,average,0.5845615864,0.5573501582,
O1/0453/3,,videos/sample_001810_O1__0453__3.pt,ok,0.5846148133,0.6151625514,0.5573204929,0.5405530205,average,0.5846148133,0.5573204929,
O1/0453/4,,videos/sample_001811_O1__0453__4.pt,ok,0.5780069232,0.6054516435,0.5610153998,0.5458278514,average,0.5780069232,0.5610153998,
O1/0454/1,,videos/sample_001812_O1__0454__1.pt,ok,0.6213082075,0.6499705911,0.5372411548,0.5220611298,average,0.6213082075,0.5372411548,
O1/0454/2,,videos/sample_001813_O1__0454__2.pt,ok,0.6240338683,0.6522470713,0.5357788114,0.5208740197,average,0.6240338683,0.5357788114,
O1/0454/3,,videos/sample_001814_O1__0454__3.pt,ok,0.6241282821,0.6522470713,0.5357282289,0.5208740197,average,0.6241282821,0.5357282289,
O1/0454/4,,videos/sample_001815_O1__0454__4.pt,ok,0.6234897375,0.6499705911,0.5360704245,0.5220611298,average,0.6234897375,0.5360704245,
O1/0455/1,,videos/sample_001816_O1__0455__1.pt,ok,0.6406694651,0.6610710621,0.5269395383,0.5162980510,average,0.6406694651,0.5269395383,
O1/0455/2,,videos/sample_001817_O1__0455__2.pt,ok,0.6405197382,0.6615893245,0.5270184412,0.5160305424,average,0.6405197382,0.5270184412,
O1/0455/3,,videos/sample_001818_O1__0455__3.pt,ok,0.6410077810,0.6615893245,0.5267612964,0.5160305424,average,0.6410077810,0.5267612964,
O1/0455/4,,videos/sample_001819_O1__0455__4.pt,ok,0.6404217482,0.6610710621,0.5270700863,0.5162980510,average,0.6404217482,0.5270700863,
O1/0456/1,,videos/sample_001820_O1__0456__1.pt,ok,0.6168175936,0.6470042467,0.5396591224,0.5236120420,average,0.6168175936,0.5396591224,
O1/0456/2,,videos/sample_001821_O1__0456__2.pt,ok,0.6184070706,0.6471303105,0.5388020279,0.5235460376,average,0.6184070706,0.5388020279,
O1/0456/3,,videos/sample_001822_O1__0456__3.pt,ok,0.6178789735,0.6470042467,0.5390866429,0.5236120420,average,0.6178789735,0.5390866429,
O1/0456/4,,videos/sample_001823_O1__0456__4.pt,ok,0.6182734966,0.6471303105,0.5388740027,0.5235460376,average,0.6182734966,0.5388740027,
O1/0457/1,,videos/sample_001824_O1__0457__1.pt,ok,0.6103267074,0.6285662651,0.5431733813,0.5333559441,average,0.6103267074,0.5431733813,
O1/0457/2,,videos/sample_001825_O1__0457__2.pt,ok,0.6100468636,0.6280136108,0.5433254063,0.5336507870,average,0.6100468636,0.5433254063,
O1/0457/3,,videos/sample_001826_O1__0457__3.pt,ok,0.6061558723,0.6242843866,0.5454435990,0.5356446058,average,0.6061558723,0.5454435990,
O1/0457/4,,videos/sample_001827_O1__0457__4.pt,ok,0.6104727983,0.6311300993,0.5430940344,0.5319902594,average,0.6104727983,0.5430940344,
O1/0458/1,,videos/sample_001828_O1__0458__1.pt,ok,0.6290646195,0.6566833258,0.5330902100,0.5185684079,average,0.6290646195,0.5330902100,
O1/0458/2,,videos/sample_001829_O1__0458__2.pt,ok,0.6288300753,0.6552304626,0.5332152580,0.5193223644,average,0.6288300753,0.5332152580,
O1/0458/3,,videos/sample_001830_O1__0458__3.pt,ok,0.6278709769,0.6552304626,0.5337269091,0.5193223644,average,0.6278709769,0.5337269091,
O1/0458/4,,videos/sample_001831_O1__0458__4.pt,ok,0.6286982298,0.6566833258,0.5332855646,0.5185684079,average,0.6286982298,0.5332855646,
O1/0459/1,,videos/sample_001832_O1__0459__1.pt,ok,0.6215644479,0.6501446962,0.5371035095,0.5219702442,average,0.6215644479,0.5371035095,
O1/0459/2,,videos/sample_001833_O1__0459__2.pt,ok,0.6209071875,0.6503226757,0.5374566424,0.5218773524,average,0.6209071875,0.5374566424,
O1/0459/3,,videos/sample_001834_O1__0459__3.pt,ok,0.6201941967,0.6501446962,0.5378399807,0.5219702442,average,0.6201941967,0.5378399807,
O1/0459/4,,videos/sample_001835_O1__0459__4.pt,ok,0.6213306785,0.6503226757,0.5372290826,0.5218773524,average,0.6213306785,0.5372290826,
O1/0460/1,,videos/sample_001836_O1__0460__1.pt,ok,0.5676833391,0.5891560316,0.5668370881,0.5547953169,average,0.5676833391,0.5668370881,
O1/0460/2,,videos/sample_001837_O1__0460__2.pt,ok,0.5688163042,0.5911995769,0.5661952451,0.5536627252,average,0.5688163042,0.5661952451,
O1/0460/3,,videos/sample_001838_O1__0460__3.pt,ok,0.5687969923,0.5910732746,0.5662061795,0.5537326585,average,0.5687969923,0.5662061795,
O1/0460/4,,videos/sample_001839_O1__0460__4.pt,ok,0.5664610863,0.5880151987,0.5675303299,0.5554286068,average,0.5664610863,0.5675303299,
O1/0461/1,,videos/sample_001840_O1__0461__1.pt,ok,0.5905598402,0.6173481941,0.5540170369,0.5393728549,average,0.5905598402,0.5540170369,
O1/0461/2,,videos/sample_001841_O1__0461__2.pt,ok,0.5890103579,0.6140171885,0.5548761419,0.5411725046,average,0.5890103579,0.5548761419,
O1/0461/3,,videos/sample_001842_O1__0461__3.pt,ok,0.5863403082,0.6118779182,0.5563596684,0.5423314580,average,0.5863403082,0.5563596684,
O1/0461/4,,videos/sample_001843_O1__0461__4.pt,ok,0.5902951360,0.6152164340,0.5541637070,0.5405238949,average,0.5902951360,0.5541637070,
O1/0462/1,,videos/sample_001844_O1__0462__1.pt,ok,0.5833610892,0.6081687808,0.5580196572,0.5443467752,average,0.5833610892,0.5580196572,
O1/0462/2,,videos/sample_001845_O1__0462__2.pt,ok,0.5880979896,0.6134535670,0.5553826243,0.5414776070,average,0.5880979896,0.5553826243,
O1/0462/3,,videos/sample_001846_O1__0462__3.pt,ok,0.5870229006,0.6188165545,0.5559800311,0.5385814423,average,0.5870229006,0.5559800311,
O1/0462/4,,videos/sample_001847_O1__0462__4.pt,ok,0.5888024569,0.6183093190,0.5549915132,0.5388546993,average,0.5888024569,0.5549915132,
O1/0463/1,,videos/sample_001848_O1__0463__1.pt,ok,0.5761079788,0.5973393321,0.5620817490,0.5502737859,average,0.5761079788,0.5620817490,
O1/0463/2,,videos/sample_001849_O1__0463__2.pt,ok,0.5783730149,0.5998272300,0.5608100543,0.5489064625,average,0.5783730149,0.5608100543,
O1/0463/3,,videos/sample_001850_O1__0463__3.pt,ok,0.5761554837,0.5909362435,0.5620550480,0.5538085423,average,0.5761554837,0.5620550480,
O1/0463/4,,videos/sample_001851_O1__0463__4.pt,ok,0.5757459998,0.5979769230,0.5622852476,0.5499230482,average,0.5757459998,0.5622852476,
O1/0464/1,,videos/sample_001852_O1__0464__1.pt,ok,0.5796245933,0.6027849317,0.5601085956,0.5472853595,average,0.5796245933,0.5601085956,
O1/0464/2,,videos/sample_001853_O1__0464__2.pt,ok,0.5783730149,0.6015806794,0.5608100543,0.5479448261,average,0.5783730149,0.5608100543,
O1/0464/3,,videos/sample_001854_O1__0464__3.pt,ok,0.5798800588,0.6030891538,0.5599655255,0.5471188885,average,0.5798800588,0.5599655255,
O1/0464/4,,videos/sample_001855_O1__0464__4.pt,ok,0.5767471194,0.5970711112,0.5617226145,0.5504214006,average,0.5767471194,0.5617226145,
O1/0465/1,,videos/sample_001856_O1__0465__1.pt,ok,0.6316127181,0.6587992907,0.5317335728,0.5174722954,average,0.6316127181,0.5317335728,
O1/0465/2,,videos/sample_001857_O1__0465__2.pt,ok,0.6316572428,0.6588698626,0.5317098981,0.5174357777,average,0.6316572428,0.5317098981,
O1/0465/3,,videos/sample_001858_O1__0465__3.pt,ok,0.6318351030,0.6587992907,0.5316153364,0.5174722954,average,0.6318351030,0.5316153364,
O1/0465/4,,videos/sample_001859_O1__0465__4.pt,ok,0.6301181912,0.6588698626,0.5325288570,0.5174357777,average,0.6301181912,0.5325288570,
O1/0466/1,,videos/sample_001860_O1__0466__1.pt,ok,0.6428336501,0.6626207829,0.5258003768,0.5154985528,average,0.6428336501,0.5258003768,
O1/0466/2,,videos/sample_001861_O1__0466__2.pt,ok,0.6430972219,0.6626207829,0.5256618089,0.5154985528,average,0.6430972219,0.5256618089,
O1/0466/3,,videos/sample_001862_O1__0466__3.pt,ok,0.6426786780,0.6626555324,0.5258818675,0.5154806398,average,0.6426786780,0.5258818675,
O1/0466/4,,videos/sample_001863_O1__0466__4.pt,ok,0.6427370310,0.6626555324,0.5258511816,0.5154806398,average,0.6427370310,0.5258511816,
O1/0467/1,,videos/sample_001864_O1__0467__1.pt,ok,0.5875194669,0.6118606925,0.5557040187,0.5423408002,average,0.5875194669,0.5557040187,
O1/0467/2,,videos/sample_001865_O1__0467__2.pt,ok,0.5837415457,0.6075937748,0.5578073954,0.5446598679,average,0.5837415457,0.5578073954,
O1/0467/3,,videos/sample_001866_O1__0467__3.pt,ok,0.5876494646,0.6138302088,0.5556317832,0.5412737023,average,0.5876494646,0.5556317832,
O1/0467/4,,videos/sample_001867_O1__0467__4.pt,ok,0.5861410499,0.6117129326,0.5564705388,0.5424209423,average,0.5861410499,0.5564705388,
O1/0468/1,,videos/sample_001868_O1__0468__1.pt,ok,0.5770961046,0.6073781848,0.5615266158,0.5447773038,average,0.5770961046,0.5615266158,
O1/0468/2,,videos/sample_001869_O1__0468__2.pt,ok,0.5768504143,0.6073781848,0.5616645945,0.5447773038,average,0.5768504143,0.5616645945,
O1/0468/3,,videos/sample_001870_O1__0468__3.pt,ok,0.5729717016,0.6063802838,0.5638473604,0.5453212089,average,0.5729717016,0.5638473604,
O1/0468/4,,videos/sample_001871_O1__0468__4.pt,ok,0.5735964775,0.6063802838,0.5634951922,0.5453212089,average,0.5735964775,0.5634951922,
O1/0469/1,,videos/sample_001872_O1__0469__1.pt,ok,0.5771167874,0.6033298969,0.5615150020,0.5469871892,average,0.5771167874,0.5615150020,
O1/0469/2,,videos/sample_001873_O1__0469__2.pt,ok,0.5771183968,0.6033298969,0.5615140983,0.5469871892,average,0.5771183968,0.5615140983,
O1/0469/3,,videos/sample_001874_O1__0469__3.pt,ok,0.5815323591,0.6073435545,0.5590410582,0.5447961699,average,0.5815323591,0.5590410582,
O1/0469/4,,videos/sample_001875_O1__0469__4.pt,ok,0.5816560388,0.6073435545,0.5589719205,0.5447961699,average,0.5816560388,0.5589719205,
O1/0470/1,,videos/sample_001876_O1__0470__1.pt,ok,0.5657812953,0.5990688801,0.5679162631,0.5493228835,average,0.5657812953,0.5679162631,
O1/0470/2,,videos/sample_001877_O1__0470__2.pt,ok,0.5500726104,0.5687845349,0.5769079194,0.5662132330,average,0.5500726104,0.5769079194,
O1/0470/3,,videos/sample_001878_O1__0470__3.pt,ok,0.5676874518,0.6029416919,0.5668347569,0.5471995736,average,0.5676874518,0.5668347569,
O1/0470/4,,videos/sample_001879_O1__0470__4.pt,ok,0.5621623397,0.5991709828,0.5699752503,0.5492667990,average,0.5621623397,0.5699752503,
O1/0471/1,,videos/sample_001880_O1__0471__1.pt,ok,0.6239348650,0.6517932415,0.5358318579,0.5211104615,average,0.6239348650,0.5358318579,
O1/0471/2,,videos/sample_001881_O1__0471__2.pt,ok,0.6255534291,0.6504249573,0.5349652812,0.5218239767,average,0.6255534291,0.5349652812,
O1/0471/3,,videos/sample_001882_O1__0471__3.pt,ok,0.6249712706,0.6517932415,0.5352768065,0.5211104615,average,0.6249712706,0.5352768065,
O1/0471/4,,videos/sample_001883_O1__0471__4.pt,ok,0.6249445677,0.6504249573,0.5352911001,0.5218239767,average,0.6249445677,0.5352911001,
O1/0472/1,,videos/sample_001884_O1__0472__1.pt,ok,0.5692734718,0.5852237344,0.5659364582,0.5569812320,average,0.5692734718,0.5659364582,
O1/0472/2,,videos/sample_001885_O1__0472__2.pt,ok,0.5682502985,0.5955269933,0.5665158056,0.5512719727,average,0.5682502985,0.5665158056,
O1/0472/3,,videos/sample_001886_O1__0472__3.pt,ok,0.5701476336,0.5940660834,0.5654419543,0.5520779199,average,0.5701476336,0.5654419543,
O1/0472/4,,videos/sample_001887_O1__0472__4.pt,ok,0.5672596693,0.5828290582,0.5670772907,0.5583166200,average,0.5672596693,0.5670772907,
O1/0473/1,,videos/sample_001888_O1__0473__1.pt,ok,0.5735473037,0.6097343564,0.5635229021,0.5434952259,average,0.5735473037,0.5635229021,
O1/0473/2,,videos/sample_001889_O1__0473__2.pt,ok,0.5737446547,0.6076100469,0.5634117013,0.5446510052,average,0.5737446547,0.5634117013,
O1/0473/3,,videos/sample_001890_O1__0473__3.pt,ok,0.5746874809,0.6089537740,0.5628807523,0.5439196344,average,0.5746874809,0.5628807523,
O1/0473/4,,videos/sample_001891_O1__0473__4.pt,ok,0.5697747469,0.6039512157,0.5656528394,0.5466474413,average,0.5697747469,0.5656528394,
O1/0474/1,,videos/sample_001892_O1__0474__1.pt,ok,0.5889526606,0.5953735709,0.5549081577,0.5513565566,average,0.5889526606,0.5549081577,
O1/0474/2,,videos/sample_001893_O1__0474__2.pt,ok,0.5940197110,0.6106185317,0.5521035217,0.5430148933,average,0.5940197110,0.5521035217,
O1/0474/3,,videos/sample_001894_O1__0474__3.pt,ok,0.5916083455,0.5990715623,0.5534364515,0.5493214101,average,0.5916083455,0.5534364515,
O1/0474/4,,videos/sample_001895_O1__0474__4.pt,ok,0.5924807191,0.6130310893,0.5529538587,0.5417064176,average,0.5924807191,0.5529538587,
O1/0475/1,,videos/sample_001896_O1__0475__1.pt,ok,0.5710979700,0.6066668630,0.5649048495,0.5451649536,average,0.5710979700,0.5649048495,
O1/0475/2,,videos/sample_001897_O1__0475__2.pt,ok,0.5711399913,0.6052662730,0.5648811120,0.5459290411,average,0.5711399913,0.5648811120,
O1/0475/3,,videos/sample_001898_O1__0475__3.pt,ok,0.5660114288,0.6025746465,0.5677855815,0.5474004576,average,0.5660114288,0.5677855815,
O1/0475/4,,videos/sample_001899_O1__0475__4.pt,ok,0.5720547438,0.6067968011,0.5643646218,0.5450941205,average,0.5720547438,0.5643646218,
O1/0476/1,,videos/sample_001900_O1__0476__1.pt,ok,0.5711010695,0.5988706350,0.5649030986,0.5494317949,average,0.5711010695,0.5649030986,
O1/0476/2,,videos/sample_001901_O1__0476__2.pt,ok,0.5750465989,0.6031205654,0.5626786480,0.5471017029,average,0.5750465989,0.5626786480,
O1/0476/3,,videos/sample_001902_O1__0476__3.pt,ok,0.5760701299,0.6043432951,0.5621030236,0.5464331542,average,0.5760701299,0.5621030236,
O1/0476/4,,videos/sample_001903_O1__0476__4.pt,ok,0.5754433870,0.6029850841,0.5624554281,0.5471758300,average,0.5754433870,0.5624554281,
O1/0477/1,,videos/sample_001904_O1__0477__1.pt,ok,0.6214814782,0.6356632113,0.5371480747,0.5295841456,average,0.6214814782,0.5371480747,
O1/0477/2,,videos/sample_001905_O1__0477__2.pt,ok,0.6231350899,0.6347974539,0.5362605743,0.5300428356,average,0.6231350899,0.5362605743,
O1/0477/3,,videos/sample_001906_O1__0477__3.pt,ok,0.6218442321,0.6349062324,0.5369532575,0.5299851814,average,0.6218442321,0.5369532575,
O1/0477/4,,videos/sample_001907_O1__0477__4.pt,ok,0.6231812239,0.6369637251,0.5362358351,0.5288958618,average,0.6231812239,0.5362358351,
O1/0478/1,,videos/sample_001908_O1__0478__1.pt,ok,0.6186511517,0.6325445771,0.5386705326,0.5312383029,average,0.6186511517,0.5386705326,
O1/0478/2,,videos/sample_001909_O1__0478__2.pt,ok,0.6190683246,0.6312202811,0.5384458608,0.5319422857,average,0.6190683246,0.5384458608,
O1/0478/3,,videos/sample_001910_O1__0478__3.pt,ok,0.6203052998,0.6325445771,0.5377802284,0.5312383029,average,0.6203052998,0.5377802284,
O1/0478/4,,videos/sample_001911_O1__0478__4.pt,ok,0.6207268238,0.6312202811,0.5375535888,0.5319422857,average,0.6207268238,0.5375535888,
O1/0479/1,,videos/sample_001912_O1__0479__1.pt,ok,0.5822474360,0.6033277512,0.5586414437,0.5469883629,average,0.5822474360,0.5586414437,
O1/0479/2,,videos/sample_001913_O1__0479__2.pt,ok,0.5827844143,0.6017163992,0.5583415460,0.5478704642,average,0.5827844143,0.5583415460,
O1/0479/3,,videos/sample_001914_O1__0479__3.pt,ok,0.5838298202,0.6063547134,0.5577581574,0.5453351531,average,0.5838298202,0.5577581574,
O1/0479/4,,videos/sample_001915_O1__0479__4.pt,ok,0.5832975507,0.6039147377,0.5580551141,0.5466673823,average,0.5832975507,0.5580551141,
O1/0480/1,,videos/sample_001916_O1__0480__1.pt,ok,0.5813670158,0.6108031273,0.5591334995,0.5429146644,average,0.5813670158,0.5591334995,
O1/0480/2,,videos/sample_001917_O1__0480__2.pt,ok,0.5785555840,0.6052969694,0.5607076771,0.5459122833,average,0.5785555840,0.5607076771,
O1/0480/3,,videos/sample_001918_O1__0480__3.pt,ok,0.5825740099,0.6102585196,0.5584590358,0.5432104204,average,0.5825740099,0.5584590358,
O1/0480/4,,videos/sample_001919_O1__0480__4.pt,ok,0.5830421448,0.6112929583,0.5581976629,0.5426487931,average,0.5830421448,0.5581976629,
O1/0481/1,,videos/sample_001920_O1__0481__1.pt,ok,0.5728443861,0.5878886580,0.5639191515,0.5554988956,average,0.5728443861,0.5639191515,
O1/0481/2,,videos/sample_001921_O1__0481__2.pt,ok,0.5694246888,0.5939247012,0.5658508854,0.5521559794,average,0.5694246888,0.5658508854,
O1/0481/3,,videos/sample_001922_O1__0481__3.pt,ok,0.5688571930,0.5856432915,0.5661720946,0.5567475956,average,0.5688571930,0.5661720946,
O1/0481/4,,videos/sample_001923_O1__0481__4.pt,ok,0.5730474591,0.5944904089,0.5638046464,0.5518437089,average,0.5730474591,0.5638046464,
O1/0482/1,,videos/sample_001924_O1__0482__1.pt,ok,0.5819663405,0.6056486964,0.5587984974,0.5457203050,average,0.5819663405,0.5587984974,
O1/0482/2,,videos/sample_001925_O1__0482__2.pt,ok,0.5791118145,0.6033985019,0.5603958811,0.5469496645,average,0.5791118145,0.5603958811,
O1/0482/3,,videos/sample_001926_O1__0482__3.pt,ok,0.5742349029,0.5898520350,0.5631355574,0.5544093118,average,0.5742349029,0.5631355574,
O1/0482/4,,videos/sample_001927_O1__0482__4.pt,ok,0.5813015103,0.6042140126,0.5591701271,0.5465038030,average,0.5813015103,0.5591701271,
O1/0483/1,,videos/sample_001928_O1__0483__1.pt,ok,0.5724698305,0.5954751372,0.5641304102,0.5513005602,average,0.5724698305,0.5641304102,
O1/0483/2,,videos/sample_001929_O1__0483__2.pt,ok,0.5723466277,0.5950689912,0.5641999169,0.5515245142,average,0.5723466277,0.5641999169,
O1/0483/3,,videos/sample_001930_O1__0483__3.pt,ok,0.5740814209,0.5975759029,0.5632219952,0.5501436225,average,0.5740814209,0.5632219952,
O1/0483/4,,videos/sample_001931_O1__0483__4.pt,ok,0.5736638904,0.5969735980,0.5634572067,0.5504750766,average,0.5736638904,0.5634572067,
O1/0484/1,,videos/sample_001932_O1__0484__1.pt,ok,0.5661100745,0.5825285316,0.5677295747,0.5584844342,average,0.5661100745,0.5677295747,
O1/0484/2,,videos/sample_001933_O1__0484__2.pt,ok,0.5687094331,0.5943503380,0.5662557583,0.5519210115,average,0.5687094331,0.5662557583,
O1/0484/3,,videos/sample_001934_O1__0484__3.pt,ok,0.5677798986,0.5931791067,0.5667823572,0.5525678174,average,0.5677798986,0.5667823572,
O1/0484/4,,videos/sample_001935_O1__0484__4.pt,ok,0.5663386583,0.5814515352,0.5675998157,0.5590862439,average,0.5663386583,0.5675998157,
O1/0485/1,,videos/sample_001936_O1__0485__1.pt,ok,0.5683681369,0.5883524418,0.5664490522,0.5552413240,average,0.5683681369,0.5664490522,
O1/0485/2,,videos/sample_001937_O1__0485__2.pt,ok,0.5685656071,0.5885170698,0.5663372064,0.5551499232,average,0.5685656071,0.5663372064,
O1/0485/3,,videos/sample_001938_O1__0485__3.pt,ok,0.5682893395,0.5885170698,0.5664936886,0.5551499232,average,0.5682893395,0.5664936886,
O1/0485/4,,videos/sample_001939_O1__0485__4.pt,ok,0.5681676269,0.5883524418,0.5665626423,0.5552413240,average,0.5681676269,0.5665626423,
O1/0486/1,,videos/sample_001940_O1__0486__1.pt,ok,0.5746191740,0.5947680473,0.5629192023,0.5516905171,average,0.5746191740,0.5629192023,
O1/0486/2,,videos/sample_001941_O1__0486__2.pt,ok,0.5747162700,0.5945221186,0.5628645477,0.5518262104,average,0.5747162700,0.5628645477,
O1/0486/3,,videos/sample_001942_O1__0486__3.pt,ok,0.5750153661,0.5945221186,0.5626962223,0.5518262104,average,0.5750153661,0.5626962223,
O1/0486/4,,videos/sample_001943_O1__0486__4.pt,ok,0.5748562813,0.5947680473,0.5627857458,0.5516905171,average,0.5748562813,0.5627857458,
O1/0487/1,,videos/sample_001944_O1__0487__1.pt,ok,0.6168211699,0.6302525997,0.5396571924,0.5324572855,average,0.6168211699,0.5396571924,
O1/0487/2,,videos/sample_001945_O1__0487__2.pt,ok,0.6172378063,0.6303302050,0.5394323984,0.5324159656,average,0.6172378063,0.5394323984,
O1/0487/3,,videos/sample_001946_O1__0487__3.pt,ok,0.6183106303,0.6317765117,0.5388539927,0.5316464854,average,0.6183106303,0.5388539927,
O1/0487/4,,videos/sample_001947_O1__0487__4.pt,ok,0.6178749800,0.6308895946,0.5390887958,0.5321182209,average,0.6178749800,0.5390887958,
O1/0488/1,,videos/sample_001948_O1__0488__1.pt,ok,0.5723966360,0.5922663808,0.5641717029,0.5530723906,average,0.5723966360,0.5641717029,
O1/0488/2,,videos/sample_001949_O1__0488__2.pt,ok,0.5723712444,0.5867835283,0.5641860283,0.5561131333,average,0.5723712444,0.5641860283,
O1/0488/3,,videos/sample_001950_O1__0488__3.pt,ok,0.5708123446,0.5921485424,0.5650662237,0.5531375676,average,0.5708123446,0.5650662237,
O1/0488/4,,videos/sample_001951_O1__0488__4.pt,ok,0.5706099272,0.5858180523,0.5651806145,0.5566503064,average,0.5706099272,0.5651806145,
O1/0489/1,,videos/sample_001952_O1__0489__1.pt,ok,0.5677363873,0.6016151309,0.5668070192,0.5479259489,average,0.5677363873,0.5668070192,
O1/0489/2,,videos/sample_001953_O1__0489__2.pt,ok,0.5689823031,0.6016151309,0.5661012651,0.5479259489,average,0.5689823031,0.5661012651,
O1/0489/3,,videos/sample_001954_O1__0489__3.pt,ok,0.5630393624,0.5936933160,0.5694755881,0.5522837549,average,0.5630393624,0.5694755881,
O1/0489/4,,videos/sample_001955_O1__0489__4.pt,ok,0.5650216937,0.5936933160,0.5683478171,0.5522837549,average,0.5650216937,0.5683478171,
O1/0490/1,,videos/sample_001956_O1__0490__1.pt,ok,0.5805876851,0.6001313925,0.5595694193,0.5487395311,average,0.5805876851,0.5595694193,
O1/0490/2,,videos/sample_001957_O1__0490__2.pt,ok,0.5794554949,0.5994061828,0.5602033171,0.5491376267,average,0.5794554949,0.5602033171,
O1/0490/3,,videos/sample_001958_O1__0490__3.pt,ok,0.5813595653,0.6026236415,0.5591376654,0.5473736383,average,0.5813595653,0.5591376654,
O1/0490/4,,videos/sample_001959_O1__0490__4.pt,ok,0.5791488886,0.5993043184,0.5603751053,0.5491935671,average,0.5791488886,0.5603751053,
O1/0491/1,,videos/sample_001960_O1__0491__1.pt,ok,0.6230679750,0.6446298957,0.5362965666,0.5248567579,average,0.6230679750,0.5362965666,
O1/0491/2,,videos/sample_001961_O1__0491__2.pt,ok,0.6240752935,0.6456323266,0.5357566171,0.5243308889,average,0.6240752935,0.5357566171,
O1/0491/3,,videos/sample_001962_O1__0491__3.pt,ok,0.6232975721,0.6456323266,0.5361734486,0.5243308889,average,0.6232975721,0.5361734486,
O1/0491/4,,videos/sample_001963_O1__0491__4.pt,ok,0.6221482754,0.6446298957,0.5367900252,0.5248567579,average,0.6221482754,0.5367900252,
O1/0492/1,,videos/sample_001964_O1__0492__1.pt,ok,0.5687766671,0.5882463455,0.5662176879,0.5553002361,average,0.5687766671,0.5662176879,
O1/0492/2,,videos/sample_001965_O1__0492__2.pt,ok,0.5709292889,0.5957425833,0.5650001463,0.5511531368,average,0.5709292889,0.5650001463,
O1/0492/3,,videos/sample_001966_O1__0492__3.pt,ok,0.5684546828,0.5864351392,0.5664000305,0.5563069108,average,0.5684546828,0.5664000305,
O1/0492/4,,videos/sample_001967_O1__0492__4.pt,ok,0.5713192225,0.5988444686,0.5647798767,0.5494461717,average,0.5713192225,0.5647798767,
O1/0493/1,,videos/sample_001968_O1__0493__1.pt,ok,0.6183611751,0.6486703753,0.5388267571,0.5227403634,average,0.6183611751,0.5388267571,
O1/0493/2,,videos/sample_001969_O1__0493__2.pt,ok,0.6205797791,0.6486703753,0.5376326390,0.5227403634,average,0.6205797791,0.5376326390,
O1/0493/3,,videos/sample_001970_O1__0493__3.pt,ok,0.6209431291,0.6491228342,0.5374373257,0.5225038984,average,0.6209431291,0.5374373257,
O1/0493/4,,videos/sample_001971_O1__0493__4.pt,ok,0.6203016639,0.6491228342,0.5377821837,0.5225038984,average,0.6203016639,0.5377821837,
O1/0494/1,,videos/sample_001972_O1__0494__1.pt,ok,0.5839431882,0.6083500981,0.5576949291,0.5442480846,average,0.5839431882,0.5576949291,
O1/0494/2,,videos/sample_001973_O1__0494__2.pt,ok,0.5892878175,0.6256286502,0.5547222075,0.5349250421,average,0.5892878175,0.5547222075,
O1/0494/3,,videos/sample_001974_O1__0494__3.pt,ok,0.5873005390,0.6158260703,0.5558256911,0.5401944723,average,0.5873005390,0.5558256911,
O1/0494/4,,videos/sample_001975_O1__0494__4.pt,ok,0.5774962306,0.6003901958,0.5613019794,0.5485975338,average,0.5774962306,0.5613019794,
O1/0495/1,,videos/sample_001976_O1__0495__1.pt,ok,0.5815446973,0.6022359729,0.5590341607,0.5475858790,average,0.5815446973,0.5590341607,
O1/0495/2,,videos/sample_001977_O1__0495__2.pt,ok,0.5834069848,0.6053627729,0.5579940472,0.5458763615,average,0.5834069848,0.5579940472,
O1/0495/3,,videos/sample_001978_O1__0495__3.pt,ok,0.5833061934,0.6045085788,0.5580502910,0.5463428452,average,0.5833061934,0.5580502910,
O1/0495/4,,videos/sample_001979_O1__0495__4.pt,ok,0.5823984146,0.6026117206,0.5585571072,0.5473801636,average,0.5823984146,0.5585571072,
O1/0496/1,,videos/sample_001980_O1__0496__1.pt,ok,0.5740538836,0.5972961783,0.5632375051,0.5502975328,average,0.5740538836,0.5632375051,
O1/0496/2,,videos/sample_001981_O1__0496__2.pt,ok,0.5728003383,0.5928185582,0.5639439915,0.5527670808,average,0.5728003383,0.5639439915,
O1/0496/3,,videos/sample_001982_O1__0496__3.pt,ok,0.5744117498,0.5966746807,0.5630359774,0.5506396477,average,0.5744117498,0.5630359774,
O1/0496/4,,videos/sample_001983_O1__0496__4.pt,ok,0.5716161132,0.5910929441,0.5646122237,0.5537217669,average,0.5716161132,0.5646122237,
O1/0497/1,,videos/sample_001984_O1__0497__1.pt,ok,0.5856960416,0.6097672582,0.5567182279,0.5434773443,average,0.5856960416,0.5567182279,
O1/0497/2,,videos/sample_001985_O1__0497__2.pt,ok,0.5842598677,0.6097672582,0.5575183465,0.5434773443,average,0.5842598677,0.5575183465,
O1/0497/3,,videos/sample_001986_O1__0497__3.pt,ok,0.5886231661,0.6178200245,0.5550910270,0.5391184225,average,0.5886231661,0.5550910270,
O1/0497/4,,videos/sample_001987_O1__0497__4.pt,ok,0.5895580053,0.6178200245,0.5545723486,0.5391184225,average,0.5895580053,0.5545723486,
O1/0498/1,,videos/sample_001988_O1__0498__1.pt,ok,0.6238813400,0.6332077384,0.5358605391,0.5308861230,average,0.6238813400,0.5358605391,
O1/0498/2,,videos/sample_001989_O1__0498__2.pt,ok,0.6230071783,0.6334250569,0.5363291727,0.5307707641,average,0.6230071783,0.5363291727,
O1/0498/3,,videos/sample_001990_O1__0498__3.pt,ok,0.6208037734,0.6328045726,0.5375122259,0.5311002013,average,0.6208037734,0.5375122259,
O1/0498/4,,videos/sample_001991_O1__0498__4.pt,ok,0.6245313287,0.6332022548,0.5355123490,0.5308890342,average,0.6245313287,0.5355123490,
O1/0499/1,,videos/sample_001992_O1__0499__1.pt,ok,0.6306701899,0.6564620137,0.5322349830,0.5186831860,average,0.6306701899,0.5322349830,
O1/0499/2,,videos/sample_001993_O1__0499__2.pt,ok,0.6312642694,0.6564620137,0.5319188870,0.5186831860,average,0.6312642694,0.5319188870,
O1/0499/3,,videos/sample_001994_O1__0499__3.pt,ok,0.6297096014,0.6560438275,0.5327464874,0.5189001375,average,0.6297096014,0.5327464874,
O1/0499/4,,videos/sample_001995_O1__0499__4.pt,ok,0.6311981082,0.6560438275,0.5319540805,0.5189001375,average,0.6311981082,0.5319540805,
O1/0500/1,,videos/sample_001996_O1__0500__1.pt,ok,0.6123853326,0.6326455474,0.5420563411,0.5311846663,average,0.6123853326,0.5420563411,
O1/0500/2,,videos/sample_001997_O1__0500__2.pt,ok,0.6111228466,0.6301849484,0.5427411118,0.5324933081,average,0.6111228466,0.5427411118,
O1/0500/3,,videos/sample_001998_O1__0500__3.pt,ok,0.6106963158,0.6281654835,0.5429726570,0.5335697462,average,0.6106963158,0.5429726570,
O1/0500/4,,videos/sample_001999_O1__0500__4.pt,ok,0.6103231311,0.6296601892,0.5431753239,0.5327728122,average,0.6103231311,0.5431753239,
O1/0501/1,,videos/sample_002000_O1__0501__1.pt,ok,0.5672092438,0.6013078690,0.5671058866,0.5480943316,average,0.5672092438,0.5671058866,
O1/0501/2,,videos/sample_002001_O1__0501__2.pt,ok,0.5676458478,0.6013078690,0.5668583400,0.5480943316,average,0.5676458478,0.5668583400,
O1/0501/3,,videos/sample_002002_O1__0501__3.pt,ok,0.5731253028,0.6058602333,0.5637607595,0.5456048772,average,0.5731253028,0.5637607595,
O1/0501/4,,videos/sample_002003_O1__0501__4.pt,ok,0.5734487772,0.6058602333,0.5635784268,0.5456048772,average,0.5734487772,0.5635784268,
O1/0502/1,,videos/sample_002004_O1__0502__1.pt,ok,0.5816656947,0.6133914590,0.5589665231,0.5415112382,average,0.5816656947,0.5589665231,
O1/0502/2,,videos/sample_002005_O1__0502__2.pt,ok,0.5867295861,0.6205908060,0.5561431320,0.5376267107,average,0.5867295861,0.5561431320,
O1/0502/3,,videos/sample_002006_O1__0502__3.pt,ok,0.5861613750,0.6177731156,0.5564592285,0.5391437125,average,0.5861613750,0.5564592285,
O1/0502/4,,videos/sample_002007_O1__0502__4.pt,ok,0.5871278644,0.6196961403,0.5559216764,0.5381079221,average,0.5871278644,0.5559216764,
O1/0503/1,,videos/sample_002008_O1__0503__1.pt,ok,0.5743378401,0.5994954705,0.5630775928,0.5490885976,average,0.5743378401,0.5630775928,
O1/0503/2,,videos/sample_002009_O1__0503__2.pt,ok,0.5748916864,0.6030216813,0.5627658207,0.5471558052,average,0.5748916864,0.5627658207,
O1/0503/3,,videos/sample_002010_O1__0503__3.pt,ok,0.5699037910,0.5975105762,0.5655798500,0.5501795628,average,0.5699037910,0.5655798500,
O1/0503/4,,videos/sample_002011_O1__0503__4.pt,ok,0.5751467347,0.6011903286,0.5626223065,0.5481587586,average,0.5751467347,0.5626223065,
O1/0504/1,,videos/sample_002012_O1__0504__1.pt,ok,0.6150864363,0.6275342703,0.5405941663,0.5339066488,average,0.6150864363,0.5405941663,
O1/0504/2,,videos/sample_002013_O1__0504__2.pt,ok,0.6136836410,0.6268809438,0.5413530415,0.5342555781,average,0.6136836410,0.5413530415,
O1/0504/3,,videos/sample_002014_O1__0504__3.pt,ok,0.6140533686,0.6265232563,0.5411529253,0.5344467088,average,0.6140533686,0.5411529253,
O1/0504/4,,videos/sample_002015_O1__0504__4.pt,ok,0.6110932231,0.6257332563,0.5427571899,0.5348690885,average,0.6110932231,0.5427571899,
O1/0505/1,,videos/sample_002016_O1__0505__1.pt,ok,0.5671666265,0.5869078040,0.5671300557,0.5560440262,average,0.5671666265,0.5671300557,
O1/0505/2,,videos/sample_002017_O1__0505__2.pt,ok,0.5743201971,0.6120939851,0.5630875273,0.5422142909,average,0.5743201971,0.5630875273,
O1/0505/3,,videos/sample_002018_O1__0505__3.pt,ok,0.5799431801,0.6122268438,0.5599301808,0.5421422577,average,0.5799431801,0.5599301808,
O1/0505/4,,videos/sample_002019_O1__0505__4.pt,ok,0.5805349350,0.6135928035,0.5595989374,0.5414022188,average,0.5805349350,0.5595989374,
O1/0506/1,,videos/sample_002020_O1__0506__1.pt,ok,0.5518594384,0.5715432763,0.5758780045,0.5646533498,average,0.5518594384,0.5758780045,
O1/0506/2,,videos/sample_002021_O1__0506__2.pt,ok,0.5611816645,0.5861525536,0.5705344850,0.5564641374,average,0.5611816645,0.5705344850,
O1/0506/3,,videos/sample_002022_O1__0506__3.pt,ok,0.5604723096,0.5891138315,0.5709393400,0.5548187298,average,0.5604723096,0.5709393400,
O1/0506/4,,videos/sample_002023_O1__0506__4.pt,ok,0.5597541332,0.5971376300,0.5713495224,0.5503847885,average,0.5597541332,0.5713495224,
O1/0507/1,,videos/sample_002024_O1__0507__1.pt,ok,0.5709707737,0.6056463718,0.5649767079,0.5457215736,average,0.5709707737,0.5649767079,
O1/0507/2,,videos/sample_002025_O1__0507__2.pt,ok,0.5702430010,0.5991147757,0.5653880322,0.5492976726,average,0.5702430010,0.5653880322,
O1/0507/3,,videos/sample_002026_O1__0507__3.pt,ok,0.5694316030,0.5981760621,0.5658469731,0.5498135479,average,0.5694316030,0.5658469731,
O1/0507/4,,videos/sample_002027_O1__0507__4.pt,ok,0.5640884638,0.5913089514,0.5688784638,0.5536021719,average,0.5640884638,0.5688784638,
O1/0508/1,,videos/sample_002028_O1__0508__1.pt,ok,0.5713101029,0.5883547068,0.5647850273,0.5552400664,average,0.5713101029,0.5647850273,
O1/0508/2,,videos/sample_002029_O1__0508__2.pt,ok,0.5707203150,0.5876960754,0.5651182289,0.5556058853,average,0.5707203150,0.5651182289,
O1/0508/3,,videos/sample_002030_O1__0508__3.pt,ok,0.5717661381,0.5947493315,0.5645275242,0.5517008426,average,0.5717661381,0.5645275242,
O1/0508/4,,videos/sample_002031_O1__0508__4.pt,ok,0.5724032521,0.5944069624,0.5641679703,0.5518897602,average,0.5724032521,0.5641679703,
O1/0509/1,,videos/sample_002032_O1__0509__1.pt,ok,0.5726693869,0.6066417694,0.5640178456,0.5451786339,average,0.5726693869,0.5640178456,
O1/0509/2,,videos/sample_002033_O1__0509__2.pt,ok,0.5708078742,0.6071340442,0.5650687498,0.5449103223,average,0.5708078742,0.5650687498,
O1/0509/3,,videos/sample_002034_O1__0509__3.pt,ok,0.5734668970,0.6066417694,0.5635682150,0.5451786339,average,0.5734668970,0.5635682150,
O1/0509/4,,videos/sample_002035_O1__0509__4.pt,ok,0.5721596479,0.6071340442,0.5643054207,0.5449103223,average,0.5721596479,0.5643054207,
O1/0510/1,,videos/sample_002036_O1__0510__1.pt,ok,0.6253942847,0.6499924064,0.5350504247,0.5220497410,average,0.6253942847,0.5350504247,
O1/0510/2,,videos/sample_002037_O1__0510__2.pt,ok,0.6252300739,0.6515589952,0.5351382930,0.5212325440,average,0.6252300739,0.5351382930,
O1/0510/3,,videos/sample_002038_O1__0510__3.pt,ok,0.6258406639,0.6515589952,0.5348116426,0.5212325440,average,0.6258406639,0.5348116426,
O1/0510/4,,videos/sample_002039_O1__0510__4.pt,ok,0.6253657341,0.6499924064,0.5350657010,0.5220497410,average,0.6253657341,0.5350657010,
O1/0511/1,,videos/sample_002040_O1__0511__1.pt,ok,0.6191357970,0.6314774156,0.5384095317,0.5318055226,average,0.6191357970,0.5384095317,
O1/0511/2,,videos/sample_002041_O1__0511__2.pt,ok,0.6193462610,0.6313378215,0.5382962278,0.5318797646,average,0.6193462610,0.5382962278,
O1/0511/3,,videos/sample_002042_O1__0511__3.pt,ok,0.6181897521,0.6313378215,0.5389191323,0.5318797646,average,0.6181897521,0.5389191323,
O1/0511/4,,videos/sample_002043_O1__0511__4.pt,ok,0.6172766089,0.6300937533,0.5394114674,0.5325418711,average,0.6172766089,0.5394114674,
O1/0512/1,,videos/sample_002044_O1__0512__1.pt,ok,0.6094277501,0.6287267804,0.5436618905,0.5332703392,average,0.6094277501,0.5436618905,
O1/0512/2,,videos/sample_002045_O1__0512__2.pt,ok,0.6084903479,0.6270722747,0.5441717593,0.5341533683,average,0.6084903479,0.5441717593,
O1/0512/3,,videos/sample_002046_O1__0512__3.pt,ok,0.6068759561,0.6252105832,0.5450509753,0.5351487233,average,0.6068759561,0.5450509753,
O1/0512/4,,videos/sample_002047_O1__0512__4.pt,ok,0.6093131900,0.6274659634,0.5437241761,0.5339431196,average,0.6093131900,0.5437241761,
O1/0513/1,,videos/sample_002048_O1__0513__1.pt,ok,0.5773089528,0.6011596322,0.5614071086,0.5481755853,average,0.5773089528,0.5614071086,
O1/0513/2,,videos/sample_002049_O1__0513__2.pt,ok,0.5786762238,0.6049055457,0.5606400375,0.5461260081,average,0.5786762238,0.5606400375,
O1/0513/3,,videos/sample_002050_O1__0513__3.pt,ok,0.5777924061,0.6046926975,0.5611357601,0.5462422624,average,0.5777924061,0.5611357601,
O1/0513/4,,videos/sample_002051_O1__0513__4.pt,ok,0.5711741447,0.5938228369,0.5648618196,0.5522122273,average,0.5711741447,0.5648618196,
O1/0514/1,,videos/sample_002052_O1__0514__1.pt,ok,0.6289498806,0.6425598264,0.5331513798,0.5259443731,average,0.6289498806,0.5331513798,
O1/0514/2,,videos/sample_002053_O1__0514__2.pt,ok,0.6287314892,0.6422143579,0.5332678282,0.5261261017,average,0.6287314892,0.5332678282,
O1/0514/3,,videos/sample_002054_O1__0514__3.pt,ok,0.6279925704,0.6425598264,0.5336620154,0.5259443731,average,0.6279925704,0.5336620154,
O1/0514/4,,videos/sample_002055_O1__0514__4.pt,ok,0.6295553446,0.6422143579,0.5328286735,0.5261261017,average,0.6295553446,0.5328286735,
O1/0515/1,,videos/sample_002056_O1__0515__1.pt,ok,0.6201743484,0.6466454268,0.5378506560,0.5237999582,average,0.6201743484,0.5378506560,
O1/0515/2,,videos/sample_002057_O1__0515__2.pt,ok,0.6172463298,0.6466454268,0.5394278006,0.5237999582,average,0.6172463298,0.5394278006,
O1/0515/3,,videos/sample_002058_O1__0515__3.pt,ok,0.6197968721,0.6459543109,0.5380537202,0.5241620898,average,0.6197968721,0.5380537202,
O1/0515/4,,videos/sample_002059_O1__0515__4.pt,ok,0.6202500463,0.6459543109,0.5378099434,0.5241620898,average,0.6202500463,0.5378099434,
O1/0516/1,,videos/sample_002060_O1__0516__1.pt,ok,0.5722321868,0.5941975117,0.5642644881,0.5520053660,average,0.5722321868,0.5642644881,
O1/0516/2,,videos/sample_002061_O1__0516__2.pt,ok,0.5696617365,0.5851280689,0.5657167677,0.5570345184,average,0.5696617365,0.5657167677,
O1/0516/3,,videos/sample_002062_O1__0516__3.pt,ok,0.5703967214,0.5943503976,0.5653011272,0.5519209786,average,0.5703967214,0.5653011272,
O1/0516/4,,videos/sample_002063_O1__0516__4.pt,ok,0.5718718767,0.5878655910,0.5644678350,0.5555117094,average,0.5718718767,0.5644678350,
O1/0517/1,,videos/sample_002064_O1__0517__1.pt,ok,0.5843028426,0.6115642786,0.5574943877,0.5425015814,average,0.5843028426,0.5574943877,
O1/0517/2,,videos/sample_002065_O1__0517__2.pt,ok,0.5845710039,0.6087846160,0.5573449093,0.5440116505,average,0.5845710039,0.5573449093,
O1/0517/3,,videos/sample_002066_O1__0517__3.pt,ok,0.5764088035,0.5907431841,0.5619126864,0.5539154706,average,0.5764088035,0.5619126864,
O1/0517/4,,videos/sample_002067_O1__0517__4.pt,ok,0.5812429786,0.6096541882,0.5592028572,0.5435387987,average,0.5812429786,0.5592028572,
O1/0518/1,,videos/sample_002068_O1__0518__1.pt,ok,0.5906589627,0.6169245243,0.5539621240,0.5396014193,average,0.5906589627,0.5539621240,
O1/0518/2,,videos/sample_002069_O1__0518__2.pt,ok,0.5894607306,0.6145976782,0.5546262971,0.5408584507,average,0.5894607306,0.5546262971,
O1/0518/3,,videos/sample_002070_O1__0518__3.pt,ok,0.5862910748,0.6083500981,0.5563870606,0.5442480846,average,0.5862910748,0.5563870606,
O1/0518/4,,videos/sample_002071_O1__0518__4.pt,ok,0.5912408829,0.6162227988,0.5536398561,0.5399802043,average,0.5912408829,0.5536398561,
O1/0519/1,,videos/sample_002072_O1__0519__1.pt,ok,0.5793933868,0.6058610678,0.5602381113,0.5456044219,average,0.5793933868,0.5602381113,
O1/0519/2,,videos/sample_002073_O1__0519__2.pt,ok,0.5763024688,0.5910801291,0.5619724404,0.5537288629,average,0.5763024688,0.5619724404,
O1/0519/3,,videos/sample_002074_O1__0519__3.pt,ok,0.5811136365,0.6086814404,0.5592751904,0.5440677821,average,0.5811136365,0.5592751904,
O1/0519/4,,videos/sample_002075_O1__0519__4.pt,ok,0.5796522498,0.6045161486,0.5600931052,0.5463387095,average,0.5796522498,0.5600931052,
O1/0520/1,,videos/sample_002076_O1__0520__1.pt,ok,0.5695476532,0.5914845467,0.5657813102,0.5535049705,average,0.5695476532,0.5657813102,
O1/0520/2,,videos/sample_002077_O1__0520__2.pt,ok,0.5711032748,0.5940568447,0.5649018528,0.5520830204,average,0.5711032748,0.5649018528,
O1/0520/3,,videos/sample_002078_O1__0520__3.pt,ok,0.5694239140,0.5902030468,0.5658513239,0.5542147418,average,0.5694239140,0.5658513239,
O1/0520/4,,videos/sample_002079_O1__0520__4.pt,ok,0.5712791085,0.5941029191,0.5648025327,0.5520575841,average,0.5712791085,0.5648025327,
O1/0521/1,,videos/sample_002080_O1__0521__1.pt,ok,0.5874404907,0.6141251922,0.5557479078,0.5411140591,average,0.5874404907,0.5557479078,
O1/0521/2,,videos/sample_002081_O1__0521__2.pt,ok,0.5876095891,0.6148882508,0.5556539397,0.5407013149,average,0.5876095891,0.5556539397,
O1/0521/3,,videos/sample_002082_O1__0521__3.pt,ok,0.5904832482,0.6151914001,0.5540594718,0.5405374265,average,0.5904832482,0.5540594718,
O1/0521/4,,videos/sample_002083_O1__0521__4.pt,ok,0.5897269249,0.6149794459,0.5544786784,0.5406520078,average,0.5897269249,0.5544786784,
O1/0522/1,,videos/sample_002084_O1__0522__1.pt,ok,0.6167962551,0.6337117553,0.5396706380,0.5306186148,average,0.6167962551,0.5396706380,
O1/0522/2,,videos/sample_002085_O1__0522__2.pt,ok,0.6184709072,0.6348985434,0.5387676338,0.5299892565,average,0.6184709072,0.5387676338,
O1/0522/3,,videos/sample_002086_O1__0522__3.pt,ok,0.6163187623,0.6348985434,0.5399283884,0.5299892565,average,0.6163187623,0.5399283884,
O1/0522/4,,videos/sample_002087_O1__0522__4.pt,ok,0.6188676953,0.6337117553,0.5385538996,0.5306186148,average,0.6188676953,0.5385538996,
O1/0523/1,,videos/sample_002088_O1__0523__1.pt,ok,0.5633393526,0.5867114067,0.5693047767,0.5561532425,average,0.5633393526,0.5693047767,
O1/0523/2,,videos/sample_002089_O1__0523__2.pt,ok,0.5653331280,0.5896907449,0.5681708416,0.5544987398,average,0.5653331280,0.5681708416,
O1/0523/3,,videos/sample_002090_O1__0523__3.pt,ok,0.5646286011,0.5888315439,0.5685712743,0.5549753704,average,0.5646286011,0.5685712743,
O1/0523/4,,videos/sample_002091_O1__0523__4.pt,ok,0.5636389256,0.5853744149,0.5691342539,0.5568973121,average,0.5636389256,0.5691342539,
O1/0524/1,,videos/sample_002092_O1__0524__1.pt,ok,0.6185460091,0.6296624541,0.5387271728,0.5327716055,average,0.6185460091,0.5387271728,
O1/0524/2,,videos/sample_002093_O1__0524__2.pt,ok,0.6196241975,0.6296624541,0.5381466365,0.5327716055,average,0.6196241975,0.5381466365,
O1/0524/3,,videos/sample_002094_O1__0524__3.pt,ok,0.6184701324,0.6297630668,0.5387680512,0.5327180047,average,0.6184701324,0.5387680512,
O1/0524/4,,videos/sample_002095_O1__0524__4.pt,ok,0.6163874269,0.6297630668,0.5398913157,0.5327180047,average,0.6163874269,0.5398913157,
O1/0525/1,,videos/sample_002096_O1__0525__1.pt,ok,0.5828940272,0.6076942086,0.5582803479,0.5446051683,average,0.5828940272,0.5582803479,
O1/0525/2,,videos/sample_002097_O1__0525__2.pt,ok,0.5823432207,0.6095255613,0.5585879370,0.5436087169,average,0.5823432207,0.5585879370,
O1/0525/3,,videos/sample_002098_O1__0525__3.pt,ok,0.5812740326,0.6043521762,0.5591854920,0.5464283013,average,0.5812740326,0.5591854920,
O1/0525/4,,videos/sample_002099_O1__0525__4.pt,ok,0.5807009339,0.6050255895,0.5595060523,0.5460604531,average,0.5807009339,0.5595060523,
O1/0526/1,,videos/sample_002100_O1__0526__1.pt,ok,0.6213577390,0.6517631412,0.5372145451,0.5211261473,average,0.6213577390,0.5372145451,
O1/0526/2,,videos/sample_002101_O1__0526__2.pt,ok,0.6197404265,0.6517631412,0.5380840918,0.5211261473,average,0.6197404265,0.5380840918,
O1/0526/3,,videos/sample_002102_O1__0526__3.pt,ok,0.6210887432,0.6507525444,0.5373590730,0.5216530619,average,0.6210887432,0.5373590730,
O1/0526/4,,videos/sample_002103_O1__0526__4.pt,ok,0.6207348108,0.6507525444,0.5375492954,0.5216530619,average,0.6207348108,0.5375492954,
O1/0527/1,,videos/sample_002104_O1__0527__1.pt,ok,0.6217942834,0.6337451339,0.5369800783,0.5306009038,average,0.6217942834,0.5369800783,
O1/0527/2,,videos/sample_002105_O1__0527__2.pt,ok,0.6196503639,0.6308077574,0.5381325553,0.5321617698,average,0.6196503639,0.5381325553,
O1/0527/3,,videos/sample_002106_O1__0527__3.pt,ok,0.6214450002,0.6317614317,0.5371676691,0.5316545027,average,0.6214450002,0.5371676691,
O1/0527/4,,videos/sample_002107_O1__0527__4.pt,ok,0.6208733320,0.6321374774,0.5374748386,0.5314546139,average,0.6208733320,0.5374748386,
O1/0528/1,,videos/sample_002108_O1__0528__1.pt,ok,0.5709733963,0.5956562161,0.5649752262,0.5512007403,average,0.5709733963,0.5649752262,
O1/0528/2,,videos/sample_002109_O1__0528__2.pt,ok,0.5698027611,0.5842561126,0.5656369933,0.5575204400,average,0.5698027611,0.5656369933,
O1/0528/3,,videos/sample_002110_O1__0528__3.pt,ok,0.5689046383,0.5950776935,0.5661452330,0.5515197147,average,0.5689046383,0.5661452330,
O1/0528/4,,videos/sample_002111_O1__0528__4.pt,ok,0.5673540235,0.5833486319,0.5670237872,0.5580266087,average,0.5673540235,0.5670237872,
O1/0529/1,,videos/sample_002112_O1__0529__1.pt,ok,0.5995098948,0.6188852787,0.5490806774,0.5385444301,average,0.5995098948,0.5490806774,
O1/0529/2,,videos/sample_002113_O1__0529__2.pt,ok,0.6002840400,0.6200520992,0.5486557738,0.5379164118,average,0.6002840400,0.5486557738,
O1/0529/3,,videos/sample_002114_O1__0529__3.pt,ok,0.6000753045,0.6198181510,0.5487703097,0.5380422711,average,0.6000753045,0.5487703097,
O1/0529/4,,videos/sample_002115_O1__0529__4.pt,ok,0.5987893343,0.6194303036,0.5494764659,0.5382509899,average,0.5987893343,0.5494764659,
O1/0530/1,,videos/sample_002116_O1__0530__1.pt,ok,0.5783690214,0.6044619083,0.5608122939,0.5463683438,average,0.5783690214,0.5608122939,
O1/0530/2,,videos/sample_002117_O1__0530__2.pt,ok,0.5786864758,0.6054050326,0.5606342899,0.5458532935,average,0.5786864758,0.5606342899,
O1/0530/3,,videos/sample_002118_O1__0530__3.pt,ok,0.5750544071,0.5922020078,0.5626742545,0.5531079947,average,0.5750544071,0.5626742545,
O1/0530/4,,videos/sample_002119_O1__0530__4.pt,ok,0.5755736828,0.5919016004,0.5623821473,0.5532741774,average,0.5755736828,0.5623821473,
O1/0531/1,,videos/sample_002120_O1__0531__1.pt,ok,0.6200202107,0.6311424971,0.5379335654,0.5319836639,average,0.6200202107,0.5379335654,
O1/0531/2,,videos/sample_002121_O1__0531__2.pt,ok,0.6210979223,0.6312452555,0.5373541405,0.5319290009,average,0.6210979223,0.5373541405,
O1/0531/3,,videos/sample_002122_O1__0531__3.pt,ok,0.6180927753,0.6308156848,0.5389713975,0.5321575511,average,0.6180927753,0.5389713975,
O1/0531/4,,videos/sample_002123_O1__0531__4.pt,ok,0.6203431487,0.6312452555,0.5377598743,0.5319290009,average,0.6203431487,0.5377598743,
O1/0532/1,,videos/sample_002124_O1__0532__1.pt,ok,0.6189402938,0.6481878161,0.5385148028,0.5229926774,average,0.6189402938,0.5385148028,
O1/0532/2,,videos/sample_002125_O1__0532__2.pt,ok,0.6171161532,0.6459851265,0.5394980260,0.5241459376,average,0.6171161532,0.5394980260,
O1/0532/3,,videos/sample_002126_O1__0532__3.pt,ok,0.6195697784,0.6481878161,0.5381759227,0.5229926774,average,0.6195697784,0.5381759227,
O1/0532/4,,videos/sample_002127_O1__0532__4.pt,ok,0.6191354394,0.6459851265,0.5384097243,0.5241459376,average,0.6191354394,0.5384097243,
O1/0533/1,,videos/sample_002128_O1__0533__1.pt,ok,0.6186340451,0.6469516158,0.5386797475,0.5236396009,average,0.6186340451,0.5386797475,
O1/0533/2,,videos/sample_002129_O1__0533__2.pt,ok,0.6163070202,0.6454701424,0.5399347283,0.5244159340,average,0.6163070202,0.5399347283,
O1/0533/3,,videos/sample_002130_O1__0533__3.pt,ok,0.6179668903,0.6454701424,0.5390392502,0.5244159340,average,0.6179668903,0.5390392502,
O1/0533/4,,videos/sample_002131_O1__0533__4.pt,ok,0.6178562045,0.6469516158,0.5390989175,0.5236396009,average,0.6178562045,0.5390989175,
O1/0534/1,,videos/sample_002132_O1__0534__1.pt,ok,0.6208961010,0.6481087804,0.5374626010,0.5230340142,average,0.6208961010,0.5374626010,
O1/0534/2,,videos/sample_002133_O1__0534__2.pt,ok,0.6221880913,0.6481087804,0.5367686529,0.5230340142,average,0.6221880913,0.5367686529,
O1/0534/3,,videos/sample_002134_O1__0534__3.pt,ok,0.6228075027,0.6491034031,0.5364362752,0.5225140513,average,0.6228075027,0.5364362752,
O1/0534/4,,videos/sample_002135_O1__0534__4.pt,ok,0.6225862503,0.6491034031,0.5365549762,0.5225140513,average,0.6225862503,0.5365549762,
O1/0535/1,,videos/sample_002136_O1__0535__1.pt,ok,0.5733081698,0.5910757780,0.5636576756,0.5537312723,average,0.5733081698,0.5636576756,
O1/0535/2,,videos/sample_002137_O1__0535__2.pt,ok,0.5726229548,0.5907402635,0.5640440347,0.5539170883,average,0.5726229548,0.5640440347,
O1/0535/3,,videos/sample_002138_O1__0535__3.pt,ok,0.5745314360,0.5958628654,0.5629685939,0.5510868469,average,0.5745314360,0.5629685939,
O1/0535/4,,videos/sample_002139_O1__0535__4.pt,ok,0.5744063258,0.5974379182,0.5630390313,0.5502195392,average,0.5744063258,0.5630390313,
O1/0536/1,,videos/sample_002140_O1__0536__1.pt,ok,0.5938214660,0.6195105314,0.5522129843,0.5382078089,average,0.5938214660,0.5522129843,
O1/0536/2,,videos/sample_002141_O1__0536__2.pt,ok,0.5948285460,0.6208013892,0.5516571416,0.5375135074,average,0.5948285460,0.5516571416,
O1/0536/3,,videos/sample_002142_O1__0536__3.pt,ok,0.5904734731,0.6116739511,0.5540648878,0.5424420871,average,0.5904734731,0.5540648878,
O1/0536/4,,videos/sample_002143_O1__0536__4.pt,ok,0.5918636322,0.6170073152,0.5532951846,0.5395567471,average,0.5918636322,0.5532951846,
O1/0537/1,,videos/sample_002144_O1__0537__1.pt,ok,0.5880310535,0.6119646430,0.5554198007,0.5422844265,average,0.5880310535,0.5554198007,
O1/0537/2,,videos/sample_002145_O1__0537__2.pt,ok,0.5867716670,0.6138924360,0.5561197295,0.5412400214,average,0.5867716670,0.5561197295,
O1/0537/3,,videos/sample_002146_O1__0537__3.pt,ok,0.5835234523,0.6076529026,0.5579290628,0.5446276643,average,0.5835234523,0.5579290628,
O1/0537/4,,videos/sample_002147_O1__0537__4.pt,ok,0.5880746245,0.6125985384,0.5553956010,0.5419407839,average,0.5880746245,0.5553956010,
O1/0538/1,,videos/sample_002148_O1__0538__1.pt,ok,0.5819870234,0.6097274423,0.5587869400,0.5434989837,average,0.5819870234,0.5587869400,
O1/0538/2,,videos/sample_002149_O1__0538__2.pt,ok,0.5752806664,0.5905410647,0.5625469586,0.5540274389,average,0.5752806664,0.5625469586,
O1/0538/3,,videos/sample_002150_O1__0538__3.pt,ok,0.5825908780,0.6108683944,0.5584496158,0.5428792310,average,0.5825908780,0.5584496158,
O1/0538/4,,videos/sample_002151_O1__0538__4.pt,ok,0.5822748542,0.6077132225,0.5586261271,0.5445948134,average,0.5822748542,0.5586261271,
O1/0539/1,,videos/sample_002152_O1__0539__1.pt,ok,0.6238154769,0.6363507509,0.5358958337,0.5292201607,average,0.6238154769,0.5358958337,
O1/0539/2,,videos/sample_002153_O1__0539__2.pt,ok,0.6227733493,0.6359597445,0.5364545967,0.5294271297,average,0.6227733493,0.5364545967,
O1/0539/3,,videos/sample_002154_O1__0539__3.pt,ok,0.6222722530,0.6369754672,0.5367234794,0.5288896515,average,0.6222722530,0.5367234794,
O1/0539/4,,videos/sample_002155_O1__0539__4.pt,ok,0.6236724854,0.6369754672,0.5359724678,0.5288896515,average,0.6236724854,0.5359724678,
O1/0540/1,,videos/sample_002156_O1__0540__1.pt,ok,0.6230337620,0.6367619038,0.5363149153,0.5290026150,average,0.6230337620,0.5363149153,
O1/0540/2,,videos/sample_002157_O1__0540__2.pt,ok,0.6225060225,0.6359646320,0.5365980245,0.5294245420,average,0.6225060225,0.5365980245,
O1/0540/3,,videos/sample_002158_O1__0540__3.pt,ok,0.6235116124,0.6359646320,0.5360586982,0.5294245420,average,0.6235116124,0.5360586982,
O1/0540/4,,videos/sample_002159_O1__0540__4.pt,ok,0.6245351434,0.6367619038,0.5355103062,0.5290026150,average,0.6245351434,0.5355103062,
O1/0541/1,,videos/sample_002160_O1__0541__1.pt,ok,0.6304161549,0.6498237252,0.5323702065,0.5221378084,average,0.6304161549,0.5323702065,
O1/0541/2,,videos/sample_002161_O1__0541__2.pt,ok,0.6298562288,0.6497474313,0.5326683779,0.5221776458,average,0.6298562288,0.5326683779,
O1/0541/3,,videos/sample_002162_O1__0541__3.pt,ok,0.6284971237,0.6497474313,0.5333928224,0.5221776458,average,0.6284971237,0.5333928224,
O1/0541/4,,videos/sample_002163_O1__0541__4.pt,ok,0.6303305030,0.6498237252,0.5324158069,0.5221378084,average,0.6303305030,0.5324158069,
O1/0542/1,,videos/sample_002164_O1__0542__1.pt,ok,0.5655647516,0.5906862617,0.5680392551,0.5539470017,average,0.5655647516,0.5680392551,
O1/0542/2,,videos/sample_002165_O1__0542__2.pt,ok,0.5624268651,0.5798686743,0.5698244973,0.5599719005,average,0.5624268651,0.5698244973,
O1/0542/3,,videos/sample_002166_O1__0542__3.pt,ok,0.5637302399,0.5806167126,0.5690822862,0.5595531767,average,0.5637302399,0.5690822862,
O1/0542/4,,videos/sample_002167_O1__0542__4.pt,ok,0.5659493804,0.5919638872,0.5678208128,0.5532397167,average,0.5659493804,0.5678208128,
O1/0543/1,,videos/sample_002168_O1__0543__1.pt,ok,0.5713567138,0.5970879197,0.5647587028,0.5504121489,average,0.5713567138,0.5647587028,
O1/0543/2,,videos/sample_002169_O1__0543__2.pt,ok,0.5644847751,0.5795720816,0.5686530555,0.5601380087,average,0.5644847751,0.5686530555,
O1/0543/3,,videos/sample_002170_O1__0543__3.pt,ok,0.5711692572,0.5988588929,0.5648645805,0.5494382464,average,0.5711692572,0.5648645805,
O1/0543/4,,videos/sample_002171_O1__0543__4.pt,ok,0.5710518360,0.6008977890,0.5649309114,0.5483191402,average,0.5710518360,0.5649309114,
O1/0544/1,,videos/sample_002172_O1__0544__1.pt,ok,0.5986497998,0.6173795462,0.5495531421,0.5393559447,average,0.5986497998,0.5495531421,
O1/0544/2,,videos/sample_002173_O1__0544__2.pt,ok,0.5996225476,0.6203769445,0.5490188254,0.5377417006,average,0.5996225476,0.5490188254,
O1/0544/3,,videos/sample_002174_O1__0544__3.pt,ok,0.5976077318,0.6165710092,0.5501261124,0.5397922103,average,0.5976077318,0.5501261124,
O1/0544/4,,videos/sample_002175_O1__0544__4.pt,ok,0.5987007022,0.6191512942,0.5495251693,0.5384011879,average,0.5987007022,0.5495251693,
O1/0545/1,,videos/sample_002176_O1__0545__1.pt,ok,0.5638319850,0.5908315778,0.5690243878,0.5538665101,average,0.5638319850,0.5690243878,
O1/0545/2,,videos/sample_002177_O1__0545__2.pt,ok,0.5707741976,0.6001244187,0.5650877797,0.5487433579,average,0.5707741976,0.5650877797,
O1/0545/3,,videos/sample_002178_O1__0545__3.pt,ok,0.5720875263,0.6036682725,0.5643461208,0.5468021334,average,0.5720875263,0.5643461208,
O1/0545/4,,videos/sample_002179_O1__0545__4.pt,ok,0.5693290234,0.5986627936,0.5659050204,0.5495460014,average,0.5693290234,0.5659050204,
O1/0546/1,,videos/sample_002180_O1__0546__1.pt,ok,0.5785319805,0.5955324769,0.5607209119,0.5512689497,average,0.5785319805,0.5607209119,
O1/0546/2,,videos/sample_002181_O1__0546__2.pt,ok,0.5780018568,0.5945748687,0.5610182421,0.5517971022,average,0.5780018568,0.5610182421,
O1/0546/3,,videos/sample_002182_O1__0546__3.pt,ok,0.5793218613,0.6011190414,0.5602781841,0.5481978366,average,0.5793218613,0.5602781841,
O1/0546/4,,videos/sample_002183_O1__0546__4.pt,ok,0.5795058012,0.6019012928,0.5601751360,0.5477691758,average,0.5795058012,0.5601751360,
O1/0547/1,,videos/sample_002184_O1__0547__1.pt,ok,0.6455274224,0.6627379656,0.5243858963,0.5154381488,average,0.6455274224,0.5243858963,
O1/0547/2,,videos/sample_002185_O1__0547__2.pt,ok,0.6459312439,0.6639440656,0.5241741807,0.5148168536,average,0.6459312439,0.5241741807,
O1/0547/3,,videos/sample_002186_O1__0547__3.pt,ok,0.6446348429,0.6627379656,0.5248541614,0.5154381488,average,0.6446348429,0.5248541614,
O1/0547/4,,videos/sample_002187_O1__0547__4.pt,ok,0.6461743712,0.6639440656,0.5240467552,0.5148168536,average,0.6461743712,0.5240467552,
O1/0548/1,,videos/sample_002188_O1__0548__1.pt,ok,0.6183382869,0.6475830674,0.5388390900,0.5233090522,average,0.6183382869,0.5388390900,
O1/0548/2,,videos/sample_002189_O1__0548__2.pt,ok,0.6169782877,0.6475830674,0.5395724093,0.5233090522,average,0.6169782877,0.5395724093,
O1/0548/3,,videos/sample_002190_O1__0548__3.pt,ok,0.6200398207,0.6480289102,0.5379230167,0.5230757907,average,0.6200398207,0.5379230167,
O1/0548/4,,videos/sample_002191_O1__0548__4.pt,ok,0.6189759374,0.6480289102,0.5384956086,0.5230757907,average,0.6189759374,0.5384956086,
O1/0549/1,,videos/sample_002192_O1__0549__1.pt,ok,0.6298224330,0.6540620923,0.5326863801,0.5199294798,average,0.6298224330,0.5326863801,
O1/0549/2,,videos/sample_002193_O1__0549__2.pt,ok,0.6289066076,0.6540558934,0.5331744513,0.5199327028,average,0.6289066076,0.5331744513,
O1/0549/3,,videos/sample_002194_O1__0549__3.pt,ok,0.6266880035,0.6540558934,0.5343586675,0.5199327028,average,0.6266880035,0.5343586675,
O1/0549/4,,videos/sample_002195_O1__0549__4.pt,ok,0.6291043162,0.6540620923,0.5330690485,0.5199294798,average,0.6291043162,0.5330690485,
O1/0550/1,,videos/sample_002196_O1__0550__1.pt,ok,0.6199810505,0.6303133368,0.5379546315,0.5324249465,average,0.6199810505,0.5379546315,
O1/0550/2,,videos/sample_002197_O1__0550__2.pt,ok,0.6194695234,0.6305013299,0.5382298802,0.5323248637,average,0.6194695234,0.5382298802,
O1/0550/3,,videos/sample_002198_O1__0550__3.pt,ok,0.6207427382,0.6305013299,0.5375450340,0.5323248637,average,0.6207427382,0.5375450340,
O1/0550/4,,videos/sample_002199_O1__0550__4.pt,ok,0.6192776561,0.6303133368,0.5383331589,0.5324249465,average,0.6192776561,0.5383331589,
O1/0551/1,,videos/sample_002200_O1__0551__1.pt,ok,0.6288799047,0.6524452567,0.5331886888,0.5207708003,average,0.6288799047,0.5331886888,
O1/0551/2,,videos/sample_002201_O1__0551__2.pt,ok,0.6276944876,0.6524452567,0.5338211146,0.5207708003,average,0.6276944876,0.5338211146,
O1/0551/3,,videos/sample_002202_O1__0551__3.pt,ok,0.6293886304,0.6523138881,0.5329175110,0.5208392177,average,0.6293886304,0.5329175110,
O1/0551/4,,videos/sample_002203_O1__0551__4.pt,ok,0.6289977431,0.6523138881,0.5331258624,0.5208392177,average,0.6289977431,0.5331258624,
O1/0552/1,,videos/sample_002204_O1__0552__1.pt,ok,0.5922006965,0.6195332408,0.5531087200,0.5381955867,average,0.5922006965,0.5531087200,
O1/0552/2,,videos/sample_002205_O1__0552__2.pt,ok,0.5890177488,0.6216455698,0.5548720409,0.5370599404,average,0.5890177488,0.5548720409,
O1/0552/3,,videos/sample_002206_O1__0552__3.pt,ok,0.5851475596,0.6114121675,0.5570236615,0.5425841081,average,0.5851475596,0.5570236615,
O1/0552/4,,videos/sample_002207_O1__0552__4.pt,ok,0.5918710232,0.6191045642,0.5532910952,0.5384263480,average,0.5918710232,0.5532910952,
O1/0553/1,,videos/sample_002208_O1__0553__1.pt,ok,0.5784867406,0.6090833545,0.5607462794,0.5438491576,average,0.5784867406,0.5607462794,
O1/0553/2,,videos/sample_002209_O1__0553__2.pt,ok,0.5691055059,0.5887912512,0.5660315242,0.5549977323,average,0.5691055059,0.5660315242,
O1/0553/3,,videos/sample_002210_O1__0553__3.pt,ok,0.5790797472,0.6085958481,0.5604138518,0.5441143521,average,0.5790797472,0.5604138518,
O1/0553/4,,videos/sample_002211_O1__0553__4.pt,ok,0.5786103010,0.6136685014,0.5606769977,0.5413612374,average,0.5786103010,0.5606769977,
O1/0554/1,,videos/sample_002212_O1__0554__1.pt,ok,0.6170822382,0.6468579769,0.5395163234,0.5236886362,average,0.6170822382,0.5395163234,
O1/0554/2,,videos/sample_002213_O1__0554__2.pt,ok,0.6156181097,0.6464702487,0.5403068232,0.5238917245,average,0.6156181097,0.5403068232,
O1/0554/3,,videos/sample_002214_O1__0554__3.pt,ok,0.6176624894,0.6464702487,0.5392033592,0.5238917245,average,0.6176624894,0.5392033592,
O1/0554/4,,videos/sample_002215_O1__0554__4.pt,ok,0.6169798970,0.6468579769,0.5395715410,0.5236886362,average,0.6169798970,0.5395715410,
O1/0555/1,,videos/sample_002216_O1__0555__1.pt,ok,0.5833121538,0.6044673920,0.5580469648,0.5463653477,average,0.5833121538,0.5580469648,
O1/0555/2,,videos/sample_002217_O1__0555__2.pt,ok,0.5873918533,0.6085097194,0.5557749386,0.5441612180,average,0.5873918533,0.5557749386,
O1/0555/3,,videos/sample_002218_O1__0555__3.pt,ok,0.5881602168,0.6103286743,0.5553480655,0.5431723129,average,0.5881602168,0.5553480655,
O1/0555/4,,videos/sample_002219_O1__0555__4.pt,ok,0.5883052945,0.6114606261,0.5552675027,0.5425578159,average,0.5883052945,0.5552675027,
O1/0556/1,,videos/sample_002220_O1__0556__1.pt,ok,0.5704115629,0.6004813910,0.5652927373,0.5485475067,average,0.5704115629,0.5652927373,
O1/0556/2,,videos/sample_002221_O1__0556__2.pt,ok,0.5655953884,0.5926387906,0.5680218524,0.5528664594,average,0.5655953884,0.5680218524,
O1/0556/3,,videos/sample_002222_O1__0556__3.pt,ok,0.5701373816,0.6003307104,0.5654477513,0.5486301684,average,0.5701373816,0.5654477513,
O1/0556/4,,videos/sample_002223_O1__0556__4.pt,ok,0.5694556832,0.6012456417,0.5658333475,0.5481284390,average,0.5694556832,0.5658333475,
O1/0557/1,,videos/sample_002224_O1__0557__1.pt,ok,0.5914950371,0.6105557084,0.5534991641,0.5430490083,average,0.5914950371,0.5534991641,
O1/0557/2,,videos/sample_002225_O1__0557__2.pt,ok,0.5905837417,0.6096491218,0.5540037952,0.5435415525,average,0.5905837417,0.5540037952,
O1/0557/3,,videos/sample_002226_O1__0557__3.pt,ok,0.5905047059,0.6077443957,0.5540475831,0.5445778369,average,0.5905047059,0.5540475831,
O1/0557/4,,videos/sample_002227_O1__0557__4.pt,ok,0.5894700289,0.6073632836,0.5546211400,0.5447854216,average,0.5894700289,0.5546211400,
O1/0558/1,,videos/sample_002228_O1__0558__1.pt,ok,0.5806620717,0.6079209447,0.5595277964,0.5444817007,average,0.5806620717,0.5595277964,
O1/0558/2,,videos/sample_002229_O1__0558__2.pt,ok,0.5815756917,0.6083897352,0.5590168341,0.5442265127,average,0.5815756917,0.5590168341,
O1/0558/3,,videos/sample_002230_O1__0558__3.pt,ok,0.5818716884,0.6115673780,0.5588513914,0.5424998999,average,0.5818716884,0.5588513914,
O1/0558/4,,videos/sample_002231_O1__0558__4.pt,ok,0.5780248046,0.6039713621,0.5610053682,0.5466364285,average,0.5780248046,0.5610053682,
O1/0559/1,,videos/sample_002232_O1__0559__1.pt,ok,0.5853602886,0.6076086760,0.5569051791,0.5446517519,average,0.5853602886,0.5569051791,
O1/0559/2,,videos/sample_002233_O1__0559__2.pt,ok,0.5819461346,0.6004097462,0.5588097886,0.5485868087,average,0.5819461346,0.5588097886,
O1/0559/3,,videos/sample_002234_O1__0559__3.pt,ok,0.5866001844,0.6087061167,0.5562151026,0.5440543567,average,0.5866001844,0.5562151026,
O1/0559/4,,videos/sample_002235_O1__0559__4.pt,ok,0.5849223733,0.6057706475,0.5571491098,0.5456537578,average,0.5849223733,0.5571491098,
O1/0560/1,,videos/sample_002236_O1__0560__1.pt,ok,0.5688220859,0.5853344202,0.5661919716,0.5569195855,average,0.5688220859,0.5661919716,
O1/0560/2,,videos/sample_002237_O1__0560__2.pt,ok,0.5796394944,0.6059519053,0.5601002494,0.5455548629,average,0.5796394944,0.5601002494,
O1/0560/3,,videos/sample_002238_O1__0560__3.pt,ok,0.5815657377,0.6083401442,0.5590223985,0.5442535021,average,0.5815657377,0.5590223985,
O1/0560/4,,videos/sample_002239_O1__0560__4.pt,ok,0.5768675208,0.6048944592,0.5616549864,0.5461320628,average,0.5768675208,0.5616549864,
O1/0561/1,,videos/sample_002240_O1__0561__1.pt,ok,0.5900087953,0.6075374484,0.5543224093,0.5446905475,average,0.5900087953,0.5543224093,
O1/0561/2,,videos/sample_002241_O1__0561__2.pt,ok,0.5895310640,0.6073645353,0.5545872897,0.5447847397,average,0.5895310640,0.5545872897,
O1/0561/3,,videos/sample_002242_O1__0561__3.pt,ok,0.5893197060,0.6073645353,0.5547045186,0.5447847397,average,0.5893197060,0.5547045186,
O1/0561/4,,videos/sample_002243_O1__0561__4.pt,ok,0.5901646018,0.6075374484,0.5542360490,0.5446905475,average,0.5901646018,0.5542360490,
O1/0562/1,,videos/sample_002244_O1__0562__1.pt,ok,0.5723432899,0.5946571827,0.5642018001,0.5517516835,average,0.5723432899,0.5642018001,
O1/0562/2,,videos/sample_002245_O1__0562__2.pt,ok,0.5709037185,0.5895518661,0.5650145938,0.5545757533,average,0.5709037185,0.5650145938,
O1/0562/3,,videos/sample_002246_O1__0562__3.pt,ok,0.5723378658,0.5937422514,0.5642048604,0.5522567294,average,0.5723378658,0.5642048604,
O1/0562/4,,videos/sample_002247_O1__0562__4.pt,ok,0.5707181096,0.5900286436,0.5651194752,0.5543114070,average,0.5707181096,0.5651194752,
O1/0563/1,,videos/sample_002248_O1__0563__1.pt,ok,0.5824471712,0.6048657298,0.5585298746,0.5461477531,average,0.5824471712,0.5585298746,
O1/0563/2,,videos/sample_002249_O1__0563__2.pt,ok,0.5803136230,0.5974572301,0.5597227971,0.5502089135,average,0.5803136230,0.5597227971,
O1/0563/3,,videos/sample_002250_O1__0563__3.pt,ok,0.5812281966,0.5981137156,0.5592111234,0.5498478279,average,0.5812281966,0.5592111234,
O1/0563/4,,videos/sample_002251_O1__0563__4.pt,ok,0.5826932788,0.6044059396,0.5583924330,0.5463989242,average,0.5826932788,0.5583924330,
O1/0564/1,,videos/sample_002252_O1__0564__1.pt,ok,0.5789956450,0.6014441252,0.5604609858,0.5480196554,average,0.5789956450,0.5604609858,
O1/0564/2,,videos/sample_002253_O1__0564__2.pt,ok,0.5787366033,0.6016942859,0.5606061874,0.5478825796,average,0.5787366033,0.5606061874,
O1/0564/3,,videos/sample_002254_O1__0564__3.pt,ok,0.5777800083,0.5978218317,0.5611427170,0.5500083430,average,0.5777800083,0.5611427170,
O1/0564/4,,videos/sample_002255_O1__0564__4.pt,ok,0.5771188736,0.5984794497,0.5615138306,0.5496467665,average,0.5771188736,0.5615138306,
O1/0565/1,,videos/sample_002256_O1__0565__1.pt,ok,0.6240025759,0.6356719136,0.5357955775,0.5295795370,average,0.6240025759,0.5357955775,
O1/0565/2,,videos/sample_002257_O1__0565__2.pt,ok,0.6222754717,0.6356197596,0.5367217519,0.5296071575,average,0.6222754717,0.5367217519,
O1/0565/3,,videos/sample_002258_O1__0565__3.pt,ok,0.6246269345,0.6345831752,0.5354611533,0.5301564246,average,0.6246269345,0.5354611533,
O1/0565/4,,videos/sample_002259_O1__0565__4.pt,ok,0.6236230135,0.6357437968,0.5359989840,0.5295414705,average,0.6236230135,0.5359989840,
O1/0566/1,,videos/sample_002260_O1__0566__1.pt,ok,0.5639075041,0.5961639881,0.5689814172,0.5509209271,average,0.5639075041,0.5689814172,
O1/0566/2,,videos/sample_002261_O1__0566__2.pt,ok,0.5657796264,0.5982601047,0.5679172109,0.5497673421,average,0.5657796264,0.5679172109,
O1/0566/3,,videos/sample_002262_O1__0566__3.pt,ok,0.5603113770,0.5884945393,0.5710312301,0.5551624312,average,0.5603113770,0.5710312301,
O1/0566/4,,videos/sample_002263_O1__0566__4.pt,ok,0.5643040538,0.5889503360,0.5687558325,0.5549094476,average,0.5643040538,0.5687558325,
O1/0567/1,,videos/sample_002264_O1__0567__1.pt,ok,0.5591509342,0.5851529837,0.5716942639,0.5570206402,average,0.5591509342,0.5716942639,
O1/0567/2,,videos/sample_002265_O1__0567__2.pt,ok,0.5556023717,0.5717496276,0.5737265604,0.5645368449,average,0.5556023717,0.5737265604,
O1/0567/3,,videos/sample_002266_O1__0567__3.pt,ok,0.5619273186,0.5891228318,0.5701092222,0.5548137363,average,0.5619273186,0.5701092222,
O1/0567/4,,videos/sample_002267_O1__0567__4.pt,ok,0.5596722960,0.5825521946,0.5713962820,0.5584712189,average,0.5596722960,0.5713962820,
O1/0568/1,,videos/sample_002268_O1__0568__1.pt,ok,0.5845739245,0.6038549542,0.5573432815,0.5467000650,average,0.5845739245,0.5573432815,
O1/0568/2,,videos/sample_002269_O1__0568__2.pt,ok,0.5836678147,0.6038549542,0.5578485246,0.5467000650,average,0.5836678147,0.5578485246,
O1/0568/3,,videos/sample_002270_O1__0568__3.pt,ok,0.5833563209,0.6035271287,0.5580223181,0.5468793166,average,0.5833563209,0.5580223181,
O1/0568/4,,videos/sample_002271_O1__0568__4.pt,ok,0.5823646784,0.6016651392,0.5585759512,0.5478985487,average,0.5823646784,0.5585759512,
O1/0569/1,,videos/sample_002272_O1__0569__1.pt,ok,0.5707837939,0.5906631351,0.5650823570,0.5539598127,average,0.5707837939,0.5650823570,
O1/0569/2,,videos/sample_002273_O1__0569__2.pt,ok,0.5698147416,0.5901224613,0.5656302167,0.5542594052,average,0.5698147416,0.5656302167,
O1/0569/3,,videos/sample_002274_O1__0569__3.pt,ok,0.5723004937,0.5969433784,0.5642259463,0.5504917119,average,0.5723004937,0.5642259463,
O1/0569/4,,videos/sample_002275_O1__0569__4.pt,ok,0.5721020103,0.5970884562,0.5643379469,0.5504118537,average,0.5721020103,0.5643379469,
O1/0570/1,,videos/sample_002276_O1__0570__1.pt,ok,0.5606601238,0.5829030871,0.5708321196,0.5582752899,average,0.5606601238,0.5708321196,
O1/0570/2,,videos/sample_002277_O1__0570__2.pt,ok,0.5674462318,0.5928546786,0.5669715052,0.5527471150,average,0.5674462318,0.5669715052,
O1/0570/3,,videos/sample_002278_O1__0570__3.pt,ok,0.5696954131,0.5999193788,0.5656977166,0.5488558838,average,0.5696954131,0.5656977166,
O1/0570/4,,videos/sample_002279_O1__0570__4.pt,ok,0.5674495101,0.6004816294,0.5669696466,0.5485473759,average,0.5674495101,0.5669696466,
O1/0571/1,,videos/sample_002280_O1__0571__1.pt,ok,0.6152911782,0.6289737225,0.5404834954,0.5331386686,average,0.6152911782,0.5404834954,
O1/0571/2,,videos/sample_002281_O1__0571__2.pt,ok,0.6180323362,0.6282037497,0.5390039734,0.5335493289,average,0.6180323362,0.5390039734,
O1/0571/3,,videos/sample_002282_O1__0571__3.pt,ok,0.6175912619,0.6289852262,0.5392417667,0.5331325356,average,0.6175912619,0.5392417667,
O1/0571/4,,videos/sample_002283_O1__0571__4.pt,ok,0.6169381738,0.6282037497,0.5395940541,0.5335493289,average,0.6169381738,0.5395940541,
O1/0572/1,,videos/sample_002284_O1__0572__1.pt,ok,0.6256070137,0.6497224569,0.5349366161,0.5221906871,average,0.6256070137,0.5349366161,
O1/0572/2,,videos/sample_002285_O1__0572__2.pt,ok,0.6264031529,0.6505277157,0.5345109015,0.5217703577,average,0.6264031529,0.5345109015,
O1/0572/3,,videos/sample_002286_O1__0572__3.pt,ok,0.6256070137,0.6497224569,0.5349366161,0.5221906871,average,0.6256070137,0.5349366161,
O1/0572/4,,videos/sample_002287_O1__0572__4.pt,ok,0.6264031529,0.6505277157,0.5345109015,0.5217703577,average,0.6264031529,0.5345109015,
O1/0573/1,,videos/sample_002288_O1__0573__1.pt,ok,0.5662709475,0.5864370465,0.5676382497,0.5563058497,average,0.5662709475,0.5676382497,
O1/0573/2,,videos/sample_002289_O1__0573__2.pt,ok,0.5651679039,0.5870434642,0.5682647249,0.5559685983,average,0.5651679039,0.5682647249,
O1/0573/3,,videos/sample_002290_O1__0573__3.pt,ok,0.5655776858,0.5859441161,0.5680319080,0.5565801374,average,0.5655776858,0.5680319080,
O1/0573/4,,videos/sample_002291_O1__0573__4.pt,ok,0.5638636947,0.5845079422,0.5690063445,0.5573800576,average,0.5638636947,0.5690063445,
O1/0574/1,,videos/sample_002292_O1__0574__1.pt,ok,0.5818946958,0.6141548157,0.5588385339,0.5410980297,average,0.5818946958,0.5588385339,
O1/0574/2,,videos/sample_002293_O1__0574__2.pt,ok,0.5818706751,0.6055182815,0.5588519577,0.5457914797,average,0.5818706751,0.5588519577,
O1/0574/3,,videos/sample_002294_O1__0574__3.pt,ok,0.5737537742,0.5864270926,0.5634065633,0.5563113872,average,0.5737537742,0.5634065633,
O1/0574/4,,videos/sample_002295_O1__0574__4.pt,ok,0.5841837525,0.6110353470,0.5575607837,0.5427886035,average,0.5841837525,0.5575607837,
O1/0575/1,,videos/sample_002296_O1__0575__1.pt,ok,0.5899392366,0.6103230715,0.5543609685,0.5431753563,average,0.5899392366,0.5543609685,
O1/0575/2,,videos/sample_002297_O1__0575__2.pt,ok,0.5890322328,0.6104392409,0.5548640042,0.5431122595,average,0.5890322328,0.5548640042,
O1/0575/3,,videos/sample_002298_O1__0575__3.pt,ok,0.5899527073,0.6116385460,0.5543535010,0.5424612927,average,0.5899527073,0.5543535010,
O1/0575/4,,videos/sample_002299_O1__0575__4.pt,ok,0.5894643068,0.6111196876,0.5546243136,0.5427428263,average,0.5894643068,0.5546243136,
O1/0576/1,,videos/sample_002300_O1__0576__1.pt,ok,0.5783821344,0.5992717743,0.5608049400,0.5492114404,average,0.5783821344,0.5608049400,
O1/0576/2,,videos/sample_002301_O1__0576__2.pt,ok,0.5791755915,0.5984032154,0.5603601419,0.5496886701,average,0.5791755915,0.5603601419,
O1/0576/3,,videos/sample_002302_O1__0576__3.pt,ok,0.5794075727,0.5984032154,0.5602301639,0.5496886701,average,0.5794075727,0.5602301639,
O1/0576/4,,videos/sample_002303_O1__0576__4.pt,ok,0.5778214335,0.5970460176,0.5611194720,0.5504352128,average,0.5778214335,0.5611194720,
O1/0577/1,,videos/sample_002304_O1__0577__1.pt,ok,0.5783358216,0.5967050195,0.5608309131,0.5506229422,average,0.5783358216,0.5608309131,
O1/0577/2,,videos/sample_002305_O1__0577__2.pt,ok,0.5771325231,0.5923057795,0.5615061663,0.5530506007,average,0.5771325231,0.5615061663,
O1/0577/3,,videos/sample_002306_O1__0577__3.pt,ok,0.5782481432,0.5958284140,0.5608800880,0.5511058329,average,0.5782481432,0.5608800880,
O1/0577/4,,videos/sample_002307_O1__0577__4.pt,ok,0.5772742629,0.5923015475,0.5614265841,0.5530529412,average,0.5772742629,0.5614265841,
O1/0578/1,,videos/sample_002308_O1__0578__1.pt,ok,0.5567112565,0.5790002942,0.5730907164,0.5604583801,average,0.5567112565,0.5730907164,
O1/0578/2,,videos/sample_002309_O1__0578__2.pt,ok,0.5591785908,0.5770736933,0.5716784530,0.5615392005,average,0.5591785908,0.5716784530,
O1/0578/3,,videos/sample_002310_O1__0578__3.pt,ok,0.5556674600,0.5738241673,0.5736892188,0.5633669048,average,0.5556674600,0.5736892188,
O1/0578/4,,videos/sample_002311_O1__0578__4.pt,ok,0.5598883629,0.5819142461,0.5712728355,0.5588276085,average,0.5598883629,0.5712728355,
O1/0579/1,,videos/sample_002312_O1__0579__1.pt,ok,0.6169661880,0.6309030056,0.5395789380,0.5321110847,average,0.6169661880,0.5395789380,
O1/0579/2,,videos/sample_002313_O1__0579__2.pt,ok,0.6180092692,0.6326349974,0.5390164068,0.5311902703,average,0.6180092692,0.5390164068,
O1/0579/3,,videos/sample_002314_O1__0579__3.pt,ok,0.6188392639,0.6340619326,0.5385692116,0.5304328368,average,0.6188392639,0.5385692116,
O1/0579/4,,videos/sample_002315_O1__0579__4.pt,ok,0.6184660196,0.6327392459,0.5387702670,0.5311348974,average,0.6184660196,0.5387702670,
O1/0580/1,,videos/sample_002316_O1__0580__1.pt,ok,0.5709115267,0.5921335816,0.5650101820,0.5531458430,average,0.5709115267,0.5650101820,
O1/0580/2,,videos/sample_002317_O1__0580__2.pt,ok,0.5731517076,0.5980642438,0.5637458737,0.5498750305,average,0.5731517076,0.5637458737,
O1/0580/3,,videos/sample_002318_O1__0580__3.pt,ok,0.5716152191,0.5930358768,0.5646127285,0.5526469673,average,0.5716152191,0.5646127285,
O1/0580/4,,videos/sample_002319_O1__0580__4.pt,ok,0.5728919506,0.5973318815,0.5638923296,0.5502778858,average,0.5728919506,0.5638923296,
O1/0581/1,,videos/sample_002320_O1__0581__1.pt,ok,0.5840241313,0.6035813093,0.5576497893,0.5468496871,average,0.5840241313,0.5576497893,
O1/0581/2,,videos/sample_002321_O1__0581__2.pt,ok,0.5837816000,0.6035813093,0.5577850533,0.5468496871,average,0.5837816000,0.5577850533,
O1/0581/3,,videos/sample_002322_O1__0581__3.pt,ok,0.5844745636,0.6038804054,0.5573986624,0.5466861510,average,0.5844745636,0.5573986624,
O1/0581/4,,videos/sample_002323_O1__0581__4.pt,ok,0.5841615796,0.6038804054,0.5575731466,0.5466861510,average,0.5841615796,0.5575731466,
O1/0582/1,,videos/sample_002324_O1__0582__1.pt,ok,0.5710195899,0.5975990295,0.5649491285,0.5501308997,average,0.5710195899,0.5649491285,
O1/0582/2,,videos/sample_002325_O1__0582__2.pt,ok,0.5655474663,0.5968034863,0.5680490739,0.5505687268,average,0.5655474663,0.5680490739,
O1/0582/3,,videos/sample_002326_O1__0582__3.pt,ok,0.5730959773,0.6006440520,0.5637772923,0.5484582866,average,0.5730959773,0.5637772923,
O1/0582/4,,videos/sample_002327_O1__0582__4.pt,ok,0.5699445605,0.5993414521,0.5655567920,0.5491731739,average,0.5699445605,0.5655567920,
O1/0583/1,,videos/sample_002328_O1__0583__1.pt,ok,0.5662272573,0.6000809073,0.5676630505,0.5487672350,average,0.5662272573,0.5676630505,
O1/0583/2,,videos/sample_002329_O1__0583__2.pt,ok,0.5657164454,0.5942264795,0.5679530936,0.5519893759,average,0.5657164454,0.5679530936,
O1/0583/3,,videos/sample_002330_O1__0583__3.pt,ok,0.5562489033,0.5752463937,0.5733557480,0.5625662390,average,0.5562489033,0.5733557480,
O1/0583/4,,videos/sample_002331_O1__0583__4.pt,ok,0.5672959685,0.5958167315,0.5670567066,0.5511122713,average,0.5672959685,0.5670567066,
O1/0584/1,,videos/sample_002332_O1__0584__1.pt,ok,0.5713281035,0.5903300643,0.5647748609,0.5541443513,average,0.5713281035,0.5647748609,
O1/0584/2,,videos/sample_002333_O1__0584__2.pt,ok,0.5709684491,0.5917510986,0.5649780212,0.5533574524,average,0.5709684491,0.5649780212,
O1/0584/3,,videos/sample_002334_O1__0584__3.pt,ok,0.5730822682,0.5955964327,0.5637850212,0.5512336940,average,0.5730822682,0.5637850212,
O1/0584/4,,videos/sample_002335_O1__0584__4.pt,ok,0.5728442669,0.5945038795,0.5639192188,0.5518362752,average,0.5728442669,0.5639192188,
O1/0585/1,,videos/sample_002336_O1__0585__1.pt,ok,0.5808085799,0.6002289653,0.5594458270,0.5486859917,average,0.5808085799,0.5594458270,
O1/0585/2,,videos/sample_002337_O1__0585__2.pt,ok,0.5805943608,0.6006588340,0.5595656838,0.5484501794,average,0.5805943608,0.5595656838,
O1/0585/3,,videos/sample_002338_O1__0585__3.pt,ok,0.5813242197,0.6008847952,0.5591574288,0.5483262650,average,0.5813242197,0.5591574288,
O1/0585/4,,videos/sample_002339_O1__0585__4.pt,ok,0.5812798738,0.6002289653,0.5591822257,0.5486859917,average,0.5812798738,0.5591822257,
O1/0586/1,,videos/sample_002340_O1__0586__1.pt,ok,0.5643283129,0.5796812773,0.5687420352,0.5600768473,average,0.5643283129,0.5687420352,
O1/0586/2,,videos/sample_002341_O1__0586__2.pt,ok,0.5666589737,0.5912892222,0.5674180339,0.5536130941,average,0.5666589737,0.5674180339,
O1/0586/3,,videos/sample_002342_O1__0586__3.pt,ok,0.5671296716,0.5910699368,0.5671510143,0.5537345068,average,0.5671296716,0.5671510143,
O1/0586/4,,videos/sample_002343_O1__0586__4.pt,ok,0.5650946498,0.5811973810,0.5683063541,0.5592283561,average,0.5650946498,0.5683063541,
O1/0587/1,,videos/sample_002344_O1__0587__1.pt,ok,0.6272913218,0.6403321624,0.5340363764,0.5271173064,average,0.6272913218,0.5340363764,
O1/0587/2,,videos/sample_002345_O1__0587__2.pt,ok,0.6283811331,0.6407374740,0.5334546945,0.5269037030,average,0.6283811331,0.5334546945,
O1/0587/3,,videos/sample_002346_O1__0587__3.pt,ok,0.6289040446,0.6403321624,0.5331758178,0.5271173064,average,0.6289040446,0.5331758178,
O1/0587/4,,videos/sample_002347_O1__0587__4.pt,ok,0.6291710734,0.6407374740,0.5330334635,0.5269037030,average,0.6291710734,0.5330334635,
O1/0588/1,,videos/sample_002348_O1__0588__1.pt,ok,0.5875581503,0.6077077389,0.5556825226,0.5445977997,average,0.5875581503,0.5556825226,
O1/0588/2,,videos/sample_002349_O1__0588__2.pt,ok,0.5889894366,0.6100367308,0.5548877507,0.5433309117,average,0.5889894366,0.5548877507,
O1/0588/3,,videos/sample_002350_O1__0588__3.pt,ok,0.5894562602,0.6097437739,0.5546287765,0.5434901076,average,0.5894562602,0.5546287765,
O1/0588/4,,videos/sample_002351_O1__0588__4.pt,ok,0.5883063078,0.6071085930,0.5552669401,0.5449241910,average,0.5883063078,0.5552669401,
O1/0589/1,,videos/sample_002352_O1__0589__1.pt,ok,0.5832852125,0.6076013446,0.5580619995,0.5446557449,average,0.5832852125,0.5580619995,
O1/0589/2,,videos/sample_002353_O1__0589__2.pt,ok,0.5887317657,0.6162018180,0.5550307476,0.5399915336,average,0.5887317657,0.5550307476,
O1/0589/3,,videos/sample_002354_O1__0589__3.pt,ok,0.5885671377,0.6135691404,0.5551221287,0.5414150302,average,0.5885671377,0.5551221287,
O1/0589/4,,videos/sample_002355_O1__0589__4.pt,ok,0.5877936482,0.6121746898,0.5555516759,0.5421705334,average,0.5877936482,0.5555516759,
O1/0590/1,,videos/sample_002356_O1__0590__1.pt,ok,0.6159240603,0.6302133799,0.5401415412,0.5324781688,average,0.6159240603,0.5401415412,
O1/0590/2,,videos/sample_002357_O1__0590__2.pt,ok,0.6168023944,0.6306334138,0.5396673248,0.5322545568,average,0.6168023944,0.5396673248,
O1/0590/3,,videos/sample_002358_O1__0590__3.pt,ok,0.6146752238,0.6302396655,0.5408165111,0.5324641724,average,0.6146752238,0.5408165111,
O1/0590/4,,videos/sample_002359_O1__0590__4.pt,ok,0.6172749400,0.6302133799,0.5394123676,0.5324781688,average,0.6172749400,0.5394123676,
O1/0591/1,,videos/sample_002360_O1__0591__1.pt,ok,0.5563536286,0.5896274447,0.5732957062,0.5545338408,average,0.5563536286,0.5732957062,
O1/0591/2,,videos/sample_002361_O1__0591__2.pt,ok,0.5556228757,0.5749928355,0.5737147969,0.5627089003,average,0.5556228757,0.5737147969,
O1/0591/3,,videos/sample_002362_O1__0591__3.pt,ok,0.5549918413,0.5726757646,0.5740769449,0.5640142485,average,0.5549918413,0.5740769449,
O1/0591/4,,videos/sample_002363_O1__0591__4.pt,ok,0.5567959547,0.5884194374,0.5730421787,0.5552041265,average,0.5567959547,0.5730421787,
O1/0592/1,,videos/sample_002364_O1__0592__1.pt,ok,0.5941898823,0.6002370715,0.5520095775,0.5486815439,average,0.5941898823,0.5520095775,
O1/0592/2,,videos/sample_002365_O1__0592__2.pt,ok,0.5953794718,0.6107385159,0.5513533031,0.5429497440,average,0.5953794718,0.5513533031,
O1/0592/3,,videos/sample_002366_O1__0592__3.pt,ok,0.5905345678,0.5999296904,0.5540310384,0.5488502242,average,0.5905345678,0.5540310384,
O1/0592/4,,videos/sample_002367_O1__0592__4.pt,ok,0.5952490568,0.6111792326,0.5514252126,0.5427105097,average,0.5952490568,0.5514252126,
O1/0593/1,,videos/sample_002368_O1__0593__1.pt,ok,0.5876548290,0.6100111008,0.5556288025,0.5433448375,average,0.5876548290,0.5556288025,
O1/0593/2,,videos/sample_002369_O1__0593__2.pt,ok,0.5888945460,0.6136077642,0.5549404069,0.5413941191,average,0.5888945460,0.5549404069,
O1/0593/3,,videos/sample_002370_O1__0593__3.pt,ok,0.5879133940,0.6101704836,0.5554851550,0.5432582446,average,0.5879133940,0.5554851550,
O1/0593/4,,videos/sample_002371_O1__0593__4.pt,ok,0.5866628885,0.6088494062,0.5561802267,0.5439764050,average,0.5866628885,0.5561802267,
O1/0594/1,,videos/sample_002372_O1__0594__1.pt,ok,0.6201181412,0.6465674639,0.5378808880,0.5238407967,average,0.6201181412,0.5378808880,
O1/0594/2,,videos/sample_002373_O1__0594__2.pt,ok,0.6202789545,0.6465674639,0.5377943965,0.5238407967,average,0.6202789545,0.5377943965,
O1/0594/3,,videos/sample_002374_O1__0594__3.pt,ok,0.6190419197,0.6478353143,0.5384600785,0.5231770658,average,0.6190419197,0.5384600785,
O1/0594/4,,videos/sample_002375_O1__0594__4.pt,ok,0.6204871535,0.6478353143,0.5376824399,0.5231770658,average,0.6204871535,0.5376824399,
O1/0595/1,,videos/sample_002376_O1__0595__1.pt,ok,0.5819550753,0.5987270474,0.5588047925,0.5495106921,average,0.5819550753,0.5588047925,
O1/0595/2,,videos/sample_002377_O1__0595__2.pt,ok,0.5839976668,0.6026819348,0.5576645474,0.5473417310,average,0.5839976668,0.5576645474,
O1/0595/3,,videos/sample_002378_O1__0595__3.pt,ok,0.5825366378,0.5990403295,0.5584799070,0.5493385673,average,0.5825366378,0.5584799070,
O1/0595/4,,videos/sample_002379_O1__0595__4.pt,ok,0.5845748186,0.6043559909,0.5573427832,0.5464262168,average,0.5845748186,0.5573427832,
O1/0596/1,,videos/sample_002380_O1__0596__1.pt,ok,0.5855520964,0.6114733219,0.5567983706,0.5425509278,average,0.5855520964,0.5567983706,
O1/0596/2,,videos/sample_002381_O1__0596__2.pt,ok,0.5870903730,0.6170380116,0.5559425191,0.5395401849,average,0.5870903730,0.5559425191,
O1/0596/3,,videos/sample_002382_O1__0596__3.pt,ok,0.5865164995,0.6170380116,0.5562616513,0.5395401849,average,0.5865164995,0.5562616513,
O1/0596/4,,videos/sample_002383_O1__0596__4.pt,ok,0.5846713185,0.6114733219,0.5572890023,0.5425509278,average,0.5846713185,0.5572890023,
O1/0597/1,,videos/sample_002384_O1__0597__1.pt,ok,0.6256391406,0.6477191448,0.5349194305,0.5232378465,average,0.6256391406,0.5349194305,
O1/0597/2,,videos/sample_002385_O1__0597__2.pt,ok,0.6267364621,0.6484686136,0.5343327738,0.5228458430,average,0.6267364621,0.5343327738,
O1/0597/3,,videos/sample_002386_O1__0597__3.pt,ok,0.6264060736,0.6477191448,0.5345093404,0.5232378465,average,0.6264060736,0.5345093404,
O1/0597/4,,videos/sample_002387_O1__0597__4.pt,ok,0.6265613437,0.6484686136,0.5344263536,0.5228458430,average,0.6265613437,0.5344263536,
O1/0598/1,,videos/sample_002388_O1__0598__1.pt,ok,0.5904733539,0.6185905933,0.5540649539,0.5387031546,average,0.5904733539,0.5540649539,
O1/0598/2,,videos/sample_002389_O1__0598__2.pt,ok,0.5893013477,0.6194478869,0.5547147021,0.5382415257,average,0.5893013477,0.5547147021,
O1/0598/3,,videos/sample_002390_O1__0598__3.pt,ok,0.5815181136,0.6133790612,0.5590490221,0.5415179517,average,0.5815181136,0.5590490221,
O1/0598/4,,videos/sample_002391_O1__0598__4.pt,ok,0.5868189335,0.6263825297,0.5560934443,0.5345219250,average,0.5868189335,0.5560934443,
O1/0599/1,,videos/sample_002392_O1__0599__1.pt,ok,0.5927733183,0.6179261208,0.5527920885,0.5390612270,average,0.5927733183,0.5527920885,
O1/0599/2,,videos/sample_002393_O1__0599__2.pt,ok,0.5898939967,0.6150696278,0.5543860484,0.5406032530,average,0.5898939967,0.5543860484,
O1/0599/3,,videos/sample_002394_O1__0599__3.pt,ok,0.5864397287,0.6126767993,0.5563043576,0.5418983727,average,0.5864397287,0.5563043576,
O1/0599/4,,videos/sample_002395_O1__0599__4.pt,ok,0.5909377933,0.6147582531,0.5538076840,0.5407716094,average,0.5909377933,0.5538076840,
O1/0600/1,,videos/sample_002396_O1__0600__1.pt,ok,0.5889518857,0.6125659347,0.5549085877,0.5419584534,average,0.5889518857,0.5549085877,
O1/0600/2,,videos/sample_002397_O1__0600__2.pt,ok,0.5887205005,0.6131890416,0.5550370002,0.5416208605,average,0.5887205005,0.5550370002,
O1/0600/3,,videos/sample_002398_O1__0600__3.pt,ok,0.5860722065,0.6116245985,0.5565088494,0.5424688587,average,0.5860722065,0.5565088494,
O1/0600/4,,videos/sample_002399_O1__0600__4.pt,ok,0.5899930000,0.6135359406,0.5543311650,0.5414330054,average,0.5899930000,0.5543311650,
O1/0601/1,,videos/sample_002400_O1__0601__1.pt,ok,0.5768114328,0.5971657634,0.5616864894,0.5503693045,average,0.5768114328,0.5616864894,
O1/0601/2,,videos/sample_002401_O1__0601__2.pt,ok,0.5767628551,0.5975925922,0.5617137755,0.5501344411,average,0.5767628551,0.5617137755,
O1/0601/3,,videos/sample_002402_O1__0601__3.pt,ok,0.5770915151,0.5975925922,0.5615291930,0.5501344411,average,0.5770915151,0.5615291930,
O1/0601/4,,videos/sample_002403_O1__0601__4.pt,ok,0.5771071315,0.5971657634,0.5615204240,0.5503693045,average,0.5771071315,0.5615204240,
O1/0602/1,,videos/sample_002404_O1__0602__1.pt,ok,0.5754406452,0.5994548798,0.5624569702,0.5491108860,average,0.5754406452,0.5624569702,
O1/0602/2,,videos/sample_002405_O1__0602__2.pt,ok,0.5739239454,0.5891344547,0.5633106958,0.5548072878,average,0.5739239454,0.5633106958,
O1/0602/3,,videos/sample_002406_O1__0602__3.pt,ok,0.5748670697,0.5977696776,0.5627796743,0.5500370290,average,0.5748670697,0.5627796743,
O1/0602/4,,videos/sample_002407_O1__0602__4.pt,ok,0.5736770034,0.5899872780,0.5634498181,0.5543343369,average,0.5736770034,0.5634498181,
O1/0603/1,,videos/sample_002408_O1__0603__1.pt,ok,0.6246091127,0.6490647197,0.5354706963,0.5225342643,average,0.6246091127,0.5354706963,
O1/0603/2,,videos/sample_002409_O1__0603__2.pt,ok,0.6223914027,0.6472825408,0.5366595328,0.5234663442,average,0.6223914027,0.5366595328,
O1/0603/3,,videos/sample_002410_O1__0603__3.pt,ok,0.6242613196,0.6472825408,0.5356569617,0.5234663442,average,0.6242613196,0.5356569617,
O1/0603/4,,videos/sample_002411_O1__0603__4.pt,ok,0.6247000694,0.6490647197,0.5354219939,0.5225342643,average,0.6247000694,0.5354219939,
O1/0604/1,,videos/sample_002412_O1__0604__1.pt,ok,0.6185809970,0.6461041570,0.5387083242,0.5240835520,average,0.6185809970,0.5387083242,
O1/0604/2,,videos/sample_002413_O1__0604__2.pt,ok,0.6204170585,0.6452589035,0.5377201301,0.5245267227,average,0.6204170585,0.5377201301,
O1/0604/3,,videos/sample_002414_O1__0604__3.pt,ok,0.6203105450,0.6452589035,0.5377774076,0.5245267227,average,0.6203105450,0.5377774076,
O1/0604/4,,videos/sample_002415_O1__0604__4.pt,ok,0.6202830076,0.6461041570,0.5377922168,0.5240835520,average,0.6202830076,0.5377922168,
O1/0605/1,,videos/sample_002416_O1__0605__1.pt,ok,0.5638048649,0.5991568565,0.5690398200,0.5492745582,average,0.5638048649,0.5690398200,
O1/0605/2,,videos/sample_002417_O1__0605__2.pt,ok,0.5564895868,0.5769169331,0.5732177673,0.5616272344,average,0.5564895868,0.5732177673,
O1/0605/3,,videos/sample_002418_O1__0605__3.pt,ok,0.5625498295,0.5955448151,0.5697544335,0.5512621481,average,0.5625498295,0.5697544335,
O1/0605/4,,videos/sample_002419_O1__0605__4.pt,ok,0.5626683235,0.5961292982,0.5696869250,0.5509400388,average,0.5626683235,0.5696869250,
O1/0606/1,,videos/sample_002420_O1__0606__1.pt,ok,0.6238780022,0.6510596275,0.5358623277,0.5214928957,average,0.6238780022,0.5358623277,
O1/0606/2,,videos/sample_002421_O1__0606__2.pt,ok,0.6234732270,0.6513543129,0.5360792754,0.5213392420,average,0.6234732270,0.5360792754,
O1/0606/3,,videos/sample_002422_O1__0606__3.pt,ok,0.6240382791,0.6510596275,0.5357764483,0.5214928957,average,0.6240382791,0.5357764483,
O1/0606/4,,videos/sample_002423_O1__0606__4.pt,ok,0.6212527752,0.6513543129,0.5372709361,0.5213392420,average,0.6212527752,0.5372709361,
O1/0607/1,,videos/sample_002424_O1__0607__1.pt,ok,0.5675732493,0.6015918255,0.5668994945,0.5479387187,average,0.5675732493,0.5668994945,
O1/0607/2,,videos/sample_002425_O1__0607__2.pt,ok,0.5686954260,0.6026591063,0.5662636899,0.5473542262,average,0.5686954260,0.5662636899,
O1/0607/3,,videos/sample_002426_O1__0607__3.pt,ok,0.5687296391,0.6021599174,0.5662443167,0.5476275276,average,0.5687296391,0.5662443167,
O1/0607/4,,videos/sample_002427_O1__0607__4.pt,ok,0.5632354021,0.5929524899,0.5693639593,0.5526930528,average,0.5632354021,0.5693639593,
O1/0608/1,,videos/sample_002428_O1__0608__1.pt,ok,0.5710001588,0.5959606171,0.5649601062,0.5510329799,average,0.5710001588,0.5649601062,
O1/0608/2,,videos/sample_002429_O1__0608__2.pt,ok,0.5692467093,0.5913979411,0.5659516042,0.5535529092,average,0.5692467093,0.5659516042,
O1/0608/3,,videos/sample_002430_O1__0608__3.pt,ok,0.5680801272,0.5905991793,0.5666122185,0.5539952428,average,0.5680801272,0.5666122185,
O1/0608/4,,videos/sample_002431_O1__0608__4.pt,ok,0.5700754523,0.5966301560,0.5654827701,0.5506641653,average,0.5700754523,0.5654827701,
O1/0609/1,,videos/sample_002432_O1__0609__1.pt,ok,0.5740565062,0.5958716869,0.5632360279,0.5510819855,average,0.5740565062,0.5632360279,
O1/0609/2,,videos/sample_002433_O1__0609__2.pt,ok,0.5719437599,0.5966826677,0.5644272607,0.5506352497,average,0.5719437599,0.5644272607,
O1/0609/3,,videos/sample_002434_O1__0609__3.pt,ok,0.5693367124,0.5863445401,0.5659006692,0.5563573140,average,0.5693367124,0.5659006692,
O1/0609/4,,videos/sample_002435_O1__0609__4.pt,ok,0.5726761222,0.5890750885,0.5640140468,0.5548402256,average,0.5726761222,0.5640140468,
O1/0610/1,,videos/sample_002436_O1__0610__1.pt,ok,0.5820806026,0.6010940075,0.5587346516,0.5482115604,average,0.5820806026,0.5587346516,
O1/0610/2,,videos/sample_002437_O1__0610__2.pt,ok,0.5830988884,0.6027256846,0.5581659896,0.5473177855,average,0.5830988884,0.5581659896,
O1/0610/3,,videos/sample_002438_O1__0610__3.pt,ok,0.5830071568,0.6012787223,0.5582171934,0.5481103069,average,0.5830071568,0.5582171934,
O1/0610/4,,videos/sample_002439_O1__0610__4.pt,ok,0.5819443464,0.6009461880,0.5588107878,0.5482926027,average,0.5819443464,0.5588107878,
O1/0611/1,,videos/sample_002440_O1__0611__1.pt,ok,0.6177649498,0.6490301490,0.5391481151,0.5225523290,average,0.6177649498,0.5391481151,
O1/0611/2,,videos/sample_002441_O1__0611__2.pt,ok,0.6157296300,0.6490301490,0.5402465714,0.5225523290,average,0.6157296300,0.5402465714,
O1/0611/3,,videos/sample_002442_O1__0611__3.pt,ok,0.6181154251,0.6491881609,0.5389591901,0.5224697660,average,0.6181154251,0.5389591901,
O1/0611/4,,videos/sample_002443_O1__0611__4.pt,ok,0.6184268594,0.6491881609,0.5387913658,0.5224697660,average,0.6184268594,0.5387913658,
O1/0612/1,,videos/sample_002444_O1__0612__1.pt,ok,0.5745279789,0.6010757685,0.5629705401,0.5482215593,average,0.5745279789,0.5629705401,
O1/0612/2,,videos/sample_002445_O1__0612__2.pt,ok,0.5736123323,0.5986063480,0.5634862582,0.5495770217,average,0.5736123323,0.5634862582,
O1/0612/3,,videos/sample_002446_O1__0612__3.pt,ok,0.5715771914,0.6001490355,0.5646341999,0.5487298498,average,0.5715771914,0.5646341999,
O1/0612/4,,videos/sample_002447_O1__0612__4.pt,ok,0.5650447011,0.5880056024,0.5683347410,0.5554339369,average,0.5650447011,0.5683347410,
O1/0613/1,,videos/sample_002448_O1__0613__1.pt,ok,0.5817301869,0.6111001968,0.5589304753,0.5427534049,average,0.5817301869,0.5589304753,
O1/0613/2,,videos/sample_002449_O1__0613__2.pt,ok,0.5811140537,0.6115016937,0.5592749570,0.5425355348,average,0.5811140537,0.5592749570,
O1/0613/3,,videos/sample_002450_O1__0613__3.pt,ok,0.5809119940,0.6169820428,0.5593879754,0.5395703832,average,0.5809119940,0.5593879754,
O1/0613/4,,videos/sample_002451_O1__0613__4.pt,ok,0.5749706626,0.6029295921,0.5627213774,0.5472061946,average,0.5749706626,0.5627213774,
O1/0614/1,,videos/sample_002452_O1__0614__1.pt,ok,0.5680112839,0.5910352468,0.5666512273,0.5537537161,average,0.5680112839,0.5666512273,
O1/0614/2,,videos/sample_002453_O1__0614__2.pt,ok,0.5654697418,0.5823855996,0.5680932269,0.5585642652,average,0.5654697418,0.5680932269,
O1/0614/3,,videos/sample_002454_O1__0614__3.pt,ok,0.5673872232,0.5909775496,0.5670049624,0.5537856671,average,0.5673872232,0.5670049624,
O1/0614/4,,videos/sample_002455_O1__0614__4.pt,ok,0.5665977597,0.5824928880,0.5674527689,0.5585043410,average,0.5665977597,0.5674527689,
O1/0615/1,,videos/sample_002456_O1__0615__1.pt,ok,0.6197611094,0.6453920007,0.5380729628,0.5244569143,average,0.6197611094,0.5380729628,
O1/0615/2,,videos/sample_002457_O1__0615__2.pt,ok,0.6195767522,0.6467165351,0.5381721696,0.5237627130,average,0.6195767522,0.5381721696,
O1/0615/3,,videos/sample_002458_O1__0615__3.pt,ok,0.6199178696,0.6453920007,0.5379886210,0.5244569143,average,0.6199178696,0.5379886210,
O1/0615/4,,videos/sample_002459_O1__0615__4.pt,ok,0.6173631549,0.6467165351,0.5393647856,0.5237627130,average,0.6173631549,0.5393647856,
O1/0616/1,,videos/sample_002460_O1__0616__1.pt,ok,0.6181558967,0.6313517094,0.5389373780,0.5318723780,average,0.6181558967,0.5389373780,
O1/0616/2,,videos/sample_002461_O1__0616__2.pt,ok,0.6179236770,0.6328514218,0.5390625444,0.5310753202,average,0.6179236770,0.5390625444,
O1/0616/3,,videos/sample_002462_O1__0616__3.pt,ok,0.6172516346,0.6313517094,0.5394249390,0.5318723780,average,0.6172516346,0.5394249390,
O1/0616/4,,videos/sample_002463_O1__0616__4.pt,ok,0.6183365583,0.6328514218,0.5388400215,0.5310753202,average,0.6183365583,0.5388400215,
O1/0617/1,,videos/sample_002464_O1__0617__1.pt,ok,0.5884128213,0.6160659194,0.5552077998,0.5400649227,average,0.5884128213,0.5552077998,
O1/0617/2,,videos/sample_002465_O1__0617__2.pt,ok,0.5886936188,0.6154604554,0.5550519207,0.5403920116,average,0.5886936188,0.5550519207,
O1/0617/3,,videos/sample_002466_O1__0617__3.pt,ok,0.5855712891,0.6110889316,0.5567876842,0.5427595192,average,0.5855712891,0.5567876842,
O1/0617/4,,videos/sample_002467_O1__0617__4.pt,ok,0.5889948010,0.6128405333,0.5548847741,0.5418096528,average,0.5889948010,0.5548847741,
O1/0618/1,,videos/sample_002468_O1__0618__1.pt,ok,0.5598839521,0.5840334296,0.5712753553,0.5576446042,average,0.5598839521,0.5712753553,
O1/0618/2,,videos/sample_002469_O1__0618__2.pt,ok,0.5625771880,0.5931676626,0.5697388460,0.5525741411,average,0.5625771880,0.5697388460,
O1/0618/3,,videos/sample_002470_O1__0618__3.pt,ok,0.5672113895,0.5949165821,0.5671046698,0.5516085780,average,0.5672113895,0.5671046698,
O1/0618/4,,videos/sample_002471_O1__0618__4.pt,ok,0.5689967275,0.5985634923,0.5660930996,0.5496005748,average,0.5689967275,0.5660930996,
O1/0619/1,,videos/sample_002472_O1__0619__1.pt,ok,0.6213610768,0.6387515664,0.5372127519,0.5279511247,average,0.6213610768,0.5372127519,
O1/0619/2,,videos/sample_002473_O1__0619__2.pt,ok,0.6212180853,0.6365861893,0.5372895743,0.5290955766,average,0.6212180853,0.5372895743,
O1/0619/3,,videos/sample_002474_O1__0619__3.pt,ok,0.6205510497,0.6367684603,0.5376480851,0.5289991466,average,0.6205510497,0.5376480851,
O1/0619/4,,videos/sample_002475_O1__0619__4.pt,ok,0.6204146147,0.6365373731,0.5377214442,0.5291214057,average,0.6204146147,0.5377214442,
O1/0620/1,,videos/sample_002476_O1__0620__1.pt,ok,0.6156058908,0.6355552077,0.5403134252,0.5296413457,average,0.6156058908,0.5403134252,
O1/0620/2,,videos/sample_002477_O1__0620__2.pt,ok,0.6150067449,0.6379081607,0.5406372488,0.5283965895,average,0.6150067449,0.5406372488,
O1/0620/3,,videos/sample_002478_O1__0620__3.pt,ok,0.6137086153,0.6379081607,0.5413395217,0.5283965895,average,0.6137086153,0.5413395217,
O1/0620/4,,videos/sample_002479_O1__0620__4.pt,ok,0.6150764823,0.6355552077,0.5405995474,0.5296413457,average,0.6150764823,0.5405995474,
O1/0621/1,,videos/sample_002480_O1__0621__1.pt,ok,0.6209209561,0.6501570940,0.5374492424,0.5219637729,average,0.6209209561,0.5374492424,
O1/0621/2,,videos/sample_002481_O1__0621__2.pt,ok,0.6229361296,0.6489824057,0.5363672795,0.5225772780,average,0.6229361296,0.5363672795,
O1/0621/3,,videos/sample_002482_O1__0621__3.pt,ok,0.6209209561,0.6501570940,0.5374492424,0.5219637729,average,0.6209209561,0.5374492424,
O1/0621/4,,videos/sample_002483_O1__0621__4.pt,ok,0.6229361296,0.6489824057,0.5363672795,0.5225772780,average,0.6229361296,0.5363672795,
O1/0622/1,,videos/sample_002484_O1__0622__1.pt,ok,0.5882293582,0.6170501709,0.5553096693,0.5395336245,average,0.5882293582,0.5553096693,
O1/0622/2,,videos/sample_002485_O1__0622__2.pt,ok,0.5822237134,0.6067863703,0.5586546964,0.5450998063,average,0.5822237134,0.5586546964,
O1/0622/3,,videos/sample_002486_O1__0622__3.pt,ok,0.5879971385,0.6128619909,0.5554386381,0.5417980270,average,0.5879971385,0.5554386381,
O1/0622/4,,videos/sample_002487_O1__0622__4.pt,ok,0.5885608196,0.6151478887,0.5551256360,0.5405609466,average,0.5885608196,0.5551256360,
O1/0623/1,,videos/sample_002488_O1__0623__1.pt,ok,0.5694301724,0.5923904181,0.5658477825,0.5530037933,average,0.5694301724,0.5658477825,
O1/0623/2,,videos/sample_002489_O1__0623__2.pt,ok,0.5695461631,0.5863924026,0.5657821533,0.5563306859,average,0.5695461631,0.5657821533,
O1/0623/3,,videos/sample_002490_O1__0623__3.pt,ok,0.5698354840,0.5931559801,0.5656184843,0.5525805966,average,0.5698354840,0.5656184843,
O1/0623/4,,videos/sample_002491_O1__0623__4.pt,ok,0.5690279603,0.5853621960,0.5660754191,0.5569041169,average,0.5690279603,0.5660754191,
O1/0624/1,,videos/sample_002492_O1__0624__1.pt,ok,0.5749485493,0.5896767974,0.5627338211,0.5545064737,average,0.5749485493,0.5627338211,
O1/0624/2,,videos/sample_002493_O1__0624__2.pt,ok,0.5803004503,0.6057685614,0.5597301702,0.5456548962,average,0.5803004503,0.5597301702,
O1/0624/3,,videos/sample_002494_O1__0624__3.pt,ok,0.5816442370,0.6062352061,0.5589785174,0.5454003286,average,0.5816442370,0.5589785174,
O1/0624/4,,videos/sample_002495_O1__0624__4.pt,ok,0.5806149244,0.6114366651,0.5595541772,0.5425708163,average,0.5806149244,0.5595541772,
O1/0625/1,,videos/sample_002496_O1__0625__1.pt,ok,0.6313618422,0.6546822786,0.5318669887,0.5196071266,average,0.6313618422,0.5318669887,
O1/0625/2,,videos/sample_002497_O1__0625__2.pt,ok,0.6299864054,0.6540769935,0.5325990414,0.5199217323,average,0.6299864054,0.5325990414,
O1/0625/3,,videos/sample_002498_O1__0625__3.pt,ok,0.6315713525,0.6546822786,0.5317555687,0.5196071266,average,0.6315713525,0.5317555687,
O1/0625/4,,videos/sample_002499_O1__0625__4.pt,ok,0.6310513020,0.6540769935,0.5320321804,0.5199217323,average,0.6310513020,0.5320321804,
O1/0626/1,,videos/sample_002500_O1__0626__1.pt,ok,0.6100786328,0.6281375885,0.5433081455,0.5335846303,average,0.6100786328,0.5433081455,
O1/0626/2,,videos/sample_002501_O1__0626__2.pt,ok,0.6113888025,0.6292292476,0.5425967858,0.5330024557,average,0.6113888025,0.5425967858,
O1/0626/3,,videos/sample_002502_O1__0626__3.pt,ok,0.6094440818,0.6280189157,0.5436530117,0.5336479561,average,0.6094440818,0.5436530117,
O1/0626/4,,videos/sample_002503_O1__0626__4.pt,ok,0.6070435047,0.6250408888,0.5449596604,0.5352395428,average,0.6070435047,0.5449596604,
O1/0627/1,,videos/sample_002504_O1__0627__1.pt,ok,0.6258245707,0.6356940269,0.5348202496,0.5295678264,average,0.6258245707,0.5348202496,
O1/0627/2,,videos/sample_002505_O1__0627__2.pt,ok,0.6246764660,0.6356940269,0.5354346318,0.5295678264,average,0.6246764660,0.5354346318,
O1/0627/3,,videos/sample_002506_O1__0627__3.pt,ok,0.6233360767,0.6357620955,0.5361528038,0.5295317807,average,0.6233360767,0.5361528038,
O1/0627/4,,videos/sample_002507_O1__0627__4.pt,ok,0.6251692176,0.6357620955,0.5351708605,0.5295317807,average,0.6251692176,0.5351708605,
O1/0628/1,,videos/sample_002508_O1__0628__1.pt,ok,0.5695217252,0.5946148634,0.5657959800,0.5517750337,average,0.5695217252,0.5657959800,
O1/0628/2,,videos/sample_002509_O1__0628__2.pt,ok,0.5646219850,0.5905827284,0.5685750361,0.5540043566,average,0.5646219850,0.5685750361,
O1/0628/3,,videos/sample_002510_O1__0628__3.pt,ok,0.5685634613,0.5930631757,0.5663384217,0.5526318809,average,0.5685634613,0.5663384217,
O1/0628/4,,videos/sample_002511_O1__0628__4.pt,ok,0.5708470345,0.5970889926,0.5650466220,0.5504115584,average,0.5708470345,0.5650466220,
O1/0629/1,,videos/sample_002512_O1__0629__1.pt,ok,0.6217734814,0.6354600191,0.5369912486,0.5296917639,average,0.6217734814,0.5369912486,
O1/0629/2,,videos/sample_002513_O1__0629__2.pt,ok,0.6227779984,0.6365104318,0.5364521026,0.5291356611,average,0.6227779984,0.5364521026,
O1/0629/3,,videos/sample_002514_O1__0629__3.pt,ok,0.6222340465,0.6372308135,0.5367439862,0.5287546187,average,0.6222340465,0.5367439862,
O1/0629/4,,videos/sample_002515_O1__0629__4.pt,ok,0.6202684045,0.6345414519,0.5378000703,0.5301785449,average,0.6202684045,0.5378000703,
O1/0630/1,,videos/sample_002516_O1__0630__1.pt,ok,0.6221993566,0.6341959238,0.5367626061,0.5303617682,average,0.6221993566,0.5367626061,
O1/0630/2,,videos/sample_002517_O1__0630__2.pt,ok,0.6232897639,0.6346372962,0.5361776352,0.5301277328,average,0.6232897639,0.5361776352,
O1/0630/3,,videos/sample_002518_O1__0630__3.pt,ok,0.6238558292,0.6355249882,0.5358742095,0.5296573515,average,0.6238558292,0.5358742095,
O1/0630/4,,videos/sample_002519_O1__0630__4.pt,ok,0.6239988208,0.6348187327,0.5357975895,0.5300315570,average,0.6239988208,0.5357975895,
O1/0631/1,,videos/sample_002520_O1__0631__1.pt,ok,0.6238424182,0.6341453195,0.5358813962,0.5303886075,average,0.6238424182,0.5358813962,
O1/0631/2,,videos/sample_002521_O1__0631__2.pt,ok,0.6235507131,0.6341912150,0.5360377383,0.5303642655,average,0.6235507131,0.5360377383,
O1/0631/3,,videos/sample_002522_O1__0631__3.pt,ok,0.6227579713,0.6341453195,0.5364628463,0.5303886075,average,0.6227579713,0.5364628463,
O1/0631/4,,videos/sample_002523_O1__0631__4.pt,ok,0.6221775413,0.6341912150,0.5367743158,0.5303642655,average,0.6221775413,0.5367743158,
O1/0632/1,,videos/sample_002524_O1__0632__1.pt,ok,0.6194185019,0.6330955625,0.5382573423,0.5309456790,average,0.6194185019,0.5382573423,
O1/0632/2,,videos/sample_002525_O1__0632__2.pt,ok,0.6198924780,0.6324562430,0.5380022816,0.5312852314,average,0.6198924780,0.5380022816,
O1/0632/3,,videos/sample_002526_O1__0632__3.pt,ok,0.6203481555,0.6330955625,0.5377571819,0.5309456790,average,0.6203481555,0.5377571819,
O1/0632/4,,videos/sample_002527_O1__0632__4.pt,ok,0.6183579564,0.6324562430,0.5388284914,0.5312852314,average,0.6183579564,0.5388284914,
O1/0633/1,,videos/sample_002528_O1__0633__1.pt,ok,0.5913853645,0.6096411347,0.5535598711,0.5435458938,average,0.5913853645,0.5535598711,
O1/0633/2,,videos/sample_002529_O1__0633__2.pt,ok,0.5923557281,0.6109503508,0.5530229772,0.5428347405,average,0.5923557281,0.5530229772,
O1/0633/3,,videos/sample_002530_O1__0633__3.pt,ok,0.5923922658,0.6116108894,0.5530027715,0.5424762955,average,0.5923922658,0.5530027715,
O1/0633/4,,videos/sample_002531_O1__0633__4.pt,ok,0.5913490057,0.6102030873,0.5535799982,0.5432405326,average,0.5913490057,0.5535799982,
O1/0634/1,,videos/sample_002532_O1__0634__1.pt,ok,0.6038797498,0.6195411682,0.5466865094,0.5381913202,average,0.6038797498,0.5466865094,
O1/0634/2,,videos/sample_002533_O1__0634__2.pt,ok,0.6050159335,0.6204504967,0.5460657258,0.5377021500,average,0.6050159335,0.5460657258,
O1/0634/3,,videos/sample_002534_O1__0634__3.pt,ok,0.6059961915,0.6232603788,0.5455307028,0.5361933910,average,0.6059961915,0.5455307028,
O1/0634/4,,videos/sample_002535_O1__0634__4.pt,ok,0.6050484776,0.6246536374,0.5460479549,0.5354468552,average,0.6050484776,0.5460479549,
O1/0635/1,,videos/sample_002536_O1__0635__1.pt,ok,0.5670682192,0.5988392234,0.5671858681,0.5494490537,average,0.5670682192,0.5671858681,
O1/0635/2,,videos/sample_002537_O1__0635__2.pt,ok,0.5677260160,0.6024386883,0.5668128977,0.5474748862,average,0.5677260160,0.5668128977,
O1/0635/3,,videos/sample_002538_O1__0635__3.pt,ok,0.5639925003,0.5924651623,0.5689330580,0.5529624610,average,0.5639925003,0.5689330580,
O1/0635/4,,videos/sample_002539_O1__0635__4.pt,ok,0.5672854185,0.6035892963,0.5670626891,0.5468453195,average,0.5672854185,0.5670626891,
O1/0636/1,,videos/sample_002540_O1__0636__1.pt,ok,0.5701389313,0.5837601423,0.5654468750,0.5577970222,average,0.5701389313,0.5654468750,
O1/0636/2,,videos/sample_002541_O1__0636__2.pt,ok,0.5706351995,0.5861492753,0.5651663313,0.5564659616,average,0.5706351995,0.5651663313,
O1/0636/3,,videos/sample_002542_O1__0636__3.pt,ok,0.5714820623,0.5945819616,0.5646879155,0.5517931884,average,0.5714820623,0.5646879155,
O1/0636/4,,videos/sample_002543_O1__0636__4.pt,ok,0.5705807805,0.5905576944,0.5651970879,0.5540182257,average,0.5705807805,0.5651970879,
O1/0637/1,,videos/sample_002544_O1__0637__1.pt,ok,0.6073704362,0.6257927418,0.5447815250,0.5348372726,average,0.6073704362,0.5447815250,
O1/0637/2,,videos/sample_002545_O1__0637__2.pt,ok,0.6078275442,0.6247015595,0.5445325579,0.5354211960,average,0.6078275442,0.5445325579,
O1/0637/3,,videos/sample_002546_O1__0637__3.pt,ok,0.6044701338,0.6216266155,0.5463638497,0.5370701201,average,0.6044701338,0.5463638497,
O1/0637/4,,videos/sample_002547_O1__0637__4.pt,ok,0.6069490314,0.6269745827,0.5450111470,0.5342055534,average,0.6069490314,0.5450111470,
O1/0638/1,,videos/sample_002548_O1__0638__1.pt,ok,0.6217241883,0.6528309584,0.5370177192,0.5205699769,average,0.6217241883,0.5370177192,
O1/0638/2,,videos/sample_002549_O1__0638__2.pt,ok,0.6197541952,0.6528309584,0.5380766832,0.5205699769,average,0.6197541952,0.5380766832,
O1/0638/3,,videos/sample_002550_O1__0638__3.pt,ok,0.6226014495,0.6507735848,0.5365468210,0.5216420862,average,0.6226014495,0.5365468210,
O1/0638/4,,videos/sample_002551_O1__0638__4.pt,ok,0.6229156852,0.6507735848,0.5363782453,0.5216420862,average,0.6229156852,0.5363782453,
O1/0639/1,,videos/sample_002552_O1__0639__1.pt,ok,0.6217352152,0.6336475611,0.5370117976,0.5306526786,average,0.6217352152,0.5370117976,
O1/0639/2,,videos/sample_002553_O1__0639__2.pt,ok,0.6202673316,0.6335062981,0.5378006473,0.5307276455,average,0.6202673316,0.5378006473,
O1/0639/3,,videos/sample_002554_O1__0639__3.pt,ok,0.6226107478,0.6330715418,0.5365418321,0.5309584328,average,0.6226107478,0.5365418321,
O1/0639/4,,videos/sample_002555_O1__0639__4.pt,ok,0.6220580935,0.6337172985,0.5368384361,0.5306156735,average,0.6220580935,0.5368384361,
O1/0640/1,,videos/sample_002556_O1__0640__1.pt,ok,0.5804365277,0.5969146490,0.5596540087,0.5505075275,average,0.5804365277,0.5596540087,
O1/0640/2,,videos/sample_002557_O1__0640__2.pt,ok,0.5816234946,0.5983567834,0.5589901120,0.5497141938,average,0.5816234946,0.5589901120,
O1/0640/3,,videos/sample_002558_O1__0640__3.pt,ok,0.5813321471,0.5984862447,0.5591529961,0.5496430317,average,0.5813321471,0.5591529961,
O1/0640/4,,videos/sample_002559_O1__0640__4.pt,ok,0.5822389722,0.5991117954,0.5586461720,0.5492993096,average,0.5822389722,0.5586461720,
O1/0641/1,,videos/sample_002560_O1__0641__1.pt,ok,0.6378838420,0.6549834013,0.5284094396,0.5194506847,average,0.6378838420,0.5284094396,
O1/0641/2,,videos/sample_002561_O1__0641__2.pt,ok,0.6386523843,0.6560935974,0.5280034906,0.5188743126,average,0.6386523843,0.5280034906,
O1/0641/3,,videos/sample_002562_O1__0641__3.pt,ok,0.6374293566,0.6549834013,0.5286496486,0.5194506847,average,0.6374293566,0.5286496486,
O1/0641/4,,videos/sample_002563_O1__0641__4.pt,ok,0.6388040185,0.6560935974,0.5279234333,0.5188743126,average,0.6388040185,0.5279234333,
O1/0642/1,,videos/sample_002564_O1__0642__1.pt,ok,0.5692335963,0.5871527791,0.5659590256,0.5559078260,average,0.5692335963,0.5659590256,
O1/0642/2,,videos/sample_002565_O1__0642__2.pt,ok,0.5671178102,0.5859609842,0.5671577415,0.5565707490,average,0.5671178102,0.5671577415,
O1/0642/3,,videos/sample_002566_O1__0642__3.pt,ok,0.5694756508,0.5958302617,0.5658220493,0.5511048146,average,0.5694756508,0.5658220493,
O1/0642/4,,videos/sample_002567_O1__0642__4.pt,ok,0.5711060762,0.5956262946,0.5649002703,0.5512172334,average,0.5711060762,0.5649002703,
O1/0643/1,,videos/sample_002568_O1__0643__1.pt,ok,0.5774712563,0.6065065265,0.5613159977,0.5452523704,average,0.5774712563,0.5613159977,
O1/0643/2,,videos/sample_002569_O1__0643__2.pt,ok,0.5787991285,0.6096313000,0.5605711364,0.5435512395,average,0.5787991285,0.5605711364,
O1/0643/3,,videos/sample_002570_O1__0643__3.pt,ok,0.5680590868,0.5874720216,0.5666241404,0.5557303849,average,0.5680590868,0.5666241404,
O1/0643/4,,videos/sample_002571_O1__0643__4.pt,ok,0.5712720156,0.6027165055,0.5648065389,0.5473228094,average,0.5712720156,0.5648065389,
O1/0644/1,,videos/sample_002572_O1__0644__1.pt,ok,0.6040827036,0.6170918345,0.5465755686,0.5395111460,average,0.6040827036,0.5465755686,
O1/0644/2,,videos/sample_002573_O1__0644__2.pt,ok,0.6019049883,0.6142550111,0.5477671515,0.5410438169,average,0.6019049883,0.5477671515,
O1/0644/3,,videos/sample_002574_O1__0644__3.pt,ok,0.6042212248,0.6154934168,0.5464998615,0.5403741998,average,0.6042212248,0.5464998615,
O1/0644/4,,videos/sample_002575_O1__0644__4.pt,ok,0.6036477089,0.6172981262,0.5468133778,0.5393998609,average,0.6036477089,0.5468133778,
O1/0645/1,,videos/sample_002576_O1__0645__1.pt,ok,0.5732813478,0.5883401632,0.5636727943,0.5552481416,average,0.5732813478,0.5636727943,
O1/0645/2,,videos/sample_002577_O1__0645__2.pt,ok,0.5752411485,0.6015757918,0.5625691897,0.5479475042,average,0.5752411485,0.5625691897,
O1/0645/3,,videos/sample_002578_O1__0645__3.pt,ok,0.5755120516,0.6017247438,0.5624168086,0.5478658924,average,0.5755120516,0.5624168086,
O1/0645/4,,videos/sample_002579_O1__0645__4.pt,ok,0.5711870790,0.5872477889,0.5648545137,0.5558550118,average,0.5711870790,0.5648545137,
O1/0646/1,,videos/sample_002580_O1__0646__1.pt,ok,0.5636861324,0.5862733126,0.5691073875,0.5563969433,average,0.5636861324,0.5691073875,
O1/0646/2,,videos/sample_002581_O1__0646__2.pt,ok,0.5623449683,0.5859374404,0.5698711660,0.5565838530,average,0.5623449683,0.5698711660,
O1/0646/3,,videos/sample_002582_O1__0646__3.pt,ok,0.5640650392,0.5883351564,0.5688917897,0.5552509216,average,0.5640650392,0.5688917897,
O1/0646/4,,videos/sample_002583_O1__0646__4.pt,ok,0.5647229552,0.5894361734,0.5685176298,0.5546399173,average,0.5647229552,0.5685176298,
O1/0647/1,,videos/sample_002584_O1__0647__1.pt,ok,0.5701403618,0.5905539393,0.5654460661,0.5540203061,average,0.5701403618,0.5654460661,
O1/0647/2,,videos/sample_002585_O1__0647__2.pt,ok,0.5703650713,0.5887637138,0.5653190193,0.5550130157,average,0.5703650713,0.5653190193,
O1/0647/3,,videos/sample_002586_O1__0647__3.pt,ok,0.5717244148,0.5900630951,0.5645510786,0.5542923105,average,0.5717244148,0.5645510786,
O1/0647/4,,videos/sample_002587_O1__0647__4.pt,ok,0.5724357367,0.5905539393,0.5641496439,0.5540203061,average,0.5724357367,0.5641496439,
O1/0648/1,,videos/sample_002588_O1__0648__1.pt,ok,0.5537037849,0.5729203820,0.5748168648,0.5638762976,average,0.5537037849,0.5748168648,
O1/0648/2,,videos/sample_002589_O1__0648__2.pt,ok,0.5570220947,0.5870375633,0.5729126056,0.5559718790,average,0.5570220947,0.5729126056,
O1/0648/3,,videos/sample_002590_O1__0648__3.pt,ok,0.5531452894,0.5719944835,0.5751379871,0.5643986316,average,0.5531452894,0.5751379871,
O1/0648/4,,videos/sample_002591_O1__0648__4.pt,ok,0.5559480190,0.5829516649,0.5735282877,0.5582481708,average,0.5559480190,0.5735282877,
O1/0649/1,,videos/sample_002592_O1__0649__1.pt,ok,0.5692310333,0.5959513783,0.5659604762,0.5510380707,average,0.5692310333,0.5659604762,
O1/0649/2,,videos/sample_002593_O1__0649__2.pt,ok,0.5669779778,0.5843249559,0.5672370541,0.5574820598,average,0.5669779778,0.5672370541,
O1/0649/3,,videos/sample_002594_O1__0649__3.pt,ok,0.5694576502,0.5962263346,0.5658322345,0.5508865802,average,0.5694576502,0.5658322345,
O1/0649/4,,videos/sample_002595_O1__0649__4.pt,ok,0.5673150420,0.5823176503,0.5670458910,0.5586022205,average,0.5673150420,0.5670458910,
O1/0650/1,,videos/sample_002596_O1__0650__1.pt,ok,0.6246029735,0.6482056975,0.5354739837,0.5229833257,average,0.6246029735,0.5354739837,
O1/0650/2,,videos/sample_002597_O1__0650__2.pt,ok,0.6247898340,0.6493917704,0.5353739341,0.5223633971,average,0.6247898340,0.5353739341,
O1/0650/3,,videos/sample_002598_O1__0650__3.pt,ok,0.6249114871,0.6482056975,0.5353088082,0.5229833257,average,0.6249114871,0.5353088082,
O1/0650/4,,videos/sample_002599_O1__0650__4.pt,ok,0.6234712601,0.6493917704,0.5360803298,0.5223633971,average,0.6234712601,0.5360803298,
O1/0651/1,,videos/sample_002600_O1__0651__1.pt,ok,0.5536890626,0.5773215890,0.5748253275,0.5614000146,average,0.5536890626,0.5748253275,
O1/0651/2,,videos/sample_002601_O1__0651__2.pt,ok,0.5525643826,0.5753418803,0.5754721858,0.5625125240,average,0.5525643826,0.5754721858,
O1/0651/3,,videos/sample_002602_O1__0651__3.pt,ok,0.5528526306,0.5721552968,0.5753063309,0.5643078761,average,0.5528526306,0.5753063309,
O1/0651/4,,videos/sample_002603_O1__0651__4.pt,ok,0.5518594384,0.5715432763,0.5758780045,0.5646533498,average,0.5518594384,0.5758780045,
O1/0652/1,,videos/sample_002604_O1__0652__1.pt,ok,0.5762979388,0.5983936191,0.5619749861,0.5496939451,average,0.5762979388,0.5619749861,
O1/0652/2,,videos/sample_002605_O1__0652__2.pt,ok,0.5768333077,0.5973086953,0.5616742027,0.5502906448,average,0.5768333077,0.5616742027,
O1/0652/3,,videos/sample_002606_O1__0652__3.pt,ok,0.5767285824,0.5983936191,0.5617330273,0.5496939451,average,0.5767285824,0.5617330273,
O1/0652/4,,videos/sample_002607_O1__0652__4.pt,ok,0.5771186948,0.5973086953,0.5615139310,0.5502906448,average,0.5771186948,0.5615139310,
O1/0653/1,,videos/sample_002608_O1__0653__1.pt,ok,0.6088230014,0.6337597966,0.5439907688,0.5305931238,average,0.6088230014,0.5439907688,
O1/0653/2,,videos/sample_002609_O1__0653__2.pt,ok,0.6087312698,0.6339898109,0.5440406722,0.5304710938,average,0.6087312698,0.5440406722,
O1/0653/3,,videos/sample_002610_O1__0653__3.pt,ok,0.6087079644,0.6335016489,0.5440533514,0.5307301129,average,0.6087079644,0.5440533514,
O1/0653/4,,videos/sample_002611_O1__0653__4.pt,ok,0.6060493588,0.6339898109,0.5455016992,0.5304710938,average,0.6060493588,0.5455016992,
O1/0654/1,,videos/sample_002612_O1__0654__1.pt,ok,0.5583921671,0.5858656764,0.5721282113,0.5566237971,average,0.5583921671,0.5721282113,
O1/0654/2,,videos/sample_002613_O1__0654__2.pt,ok,0.5586806536,0.5875507593,0.5719631839,0.5556866297,average,0.5586806536,0.5719631839,
O1/0654/3,,videos/sample_002614_O1__0654__3.pt,ok,0.5558223724,0.5756778121,0.5736003541,0.5623235899,average,0.5558223724,0.5736003541,
O1/0654/4,,videos/sample_002615_O1__0654__4.pt,ok,0.5557827353,0.5758666992,0.5736230904,0.5622173842,average,0.5557827353,0.5736230904,
O1/0655/1,,videos/sample_002616_O1__0655__1.pt,ok,0.6250026226,0.6522236466,0.5352600247,0.5208862211,average,0.6250026226,0.5352600247,
O1/0655/2,,videos/sample_002617_O1__0655__2.pt,ok,0.6252382994,0.6518704295,0.5351338913,0.5210702396,average,0.6252382994,0.5351338913,
O1/0655/3,,videos/sample_002618_O1__0655__3.pt,ok,0.6243907809,0.6522236466,0.5355876193,0.5208862211,average,0.6243907809,0.5355876193,
O1/0655/4,,videos/sample_002619_O1__0655__4.pt,ok,0.6252632141,0.6518704295,0.5351205587,0.5210702396,average,0.6252632141,0.5351205587,
O1/0656/1,,videos/sample_002620_O1__0656__1.pt,ok,0.5738726258,0.6024781466,0.5633396055,0.5474532842,average,0.5738726258,0.5633396055,
O1/0656/2,,videos/sample_002621_O1__0656__2.pt,ok,0.5710619688,0.6021519899,0.5649251871,0.5476318689,average,0.5710619688,0.5649251871,
O1/0656/3,,videos/sample_002622_O1__0656__3.pt,ok,0.5651507378,0.5803271532,0.5682744799,0.5597152240,average,0.5651507378,0.5682744799,
O1/0656/4,,videos/sample_002623_O1__0656__4.pt,ok,0.5752552748,0.6041082144,0.5625612428,0.5465616252,average,0.5752552748,0.5625612428,
O1/0657/1,,videos/sample_002624_O1__0657__1.pt,ok,0.6262224317,0.6487732530,0.5346075078,0.5226865878,average,0.6262224317,0.5346075078,
O1/0657/2,,videos/sample_002625_O1__0657__2.pt,ok,0.6263165474,0.6487732530,0.5345571952,0.5226865878,average,0.6263165474,0.5345571952,
O1/0657/3,,videos/sample_002626_O1__0657__3.pt,ok,0.6248289943,0.6503044963,0.5353529691,0.5218868400,average,0.6248289943,0.5353529691,
O1/0657/4,,videos/sample_002627_O1__0657__4.pt,ok,0.6258767247,0.6503044963,0.5347923572,0.5218868400,average,0.6258767247,0.5347923572,
O1/0658/1,,videos/sample_002628_O1__0658__1.pt,ok,0.6216912270,0.6340280175,0.5370354204,0.5304508267,average,0.6216912270,0.5370354204,
O1/0658/2,,videos/sample_002629_O1__0658__2.pt,ok,0.6222853661,0.6337088943,0.5367164414,0.5306201330,average,0.6222853661,0.5367164414,
O1/0658/3,,videos/sample_002630_O1__0658__3.pt,ok,0.6234161258,0.6356598735,0.5361098870,0.5295859133,average,0.6234161258,0.5361098870,
O1/0658/4,,videos/sample_002631_O1__0658__4.pt,ok,0.6231217384,0.6341196299,0.5362677342,0.5304022331,average,0.6231217384,0.5362677342,
O1/0659/1,,videos/sample_002632_O1__0659__1.pt,ok,0.6139308810,0.6326652169,0.5412192138,0.5311742182,average,0.6139308810,0.5412192138,
O1/0659/2,,videos/sample_002633_O1__0659__2.pt,ok,0.6118298173,0.6319676638,0.5423575453,0.5315448698,average,0.6118298173,0.5423575453,
O1/0659/3,,videos/sample_002634_O1__0659__3.pt,ok,0.6086159945,0.6263328791,0.5441033903,0.5345484650,average,0.6086159945,0.5441033903,
O1/0659/4,,videos/sample_002635_O1__0659__4.pt,ok,0.6115099788,0.6329512596,0.5425310399,0.5310223015,average,0.6115099788,0.5425310399,
O1/0660/1,,videos/sample_002636_O1__0660__1.pt,ok,0.5696098804,0.5899133086,0.5657461043,0.5543753422,average,0.5696098804,0.5657461043,
O1/0660/2,,videos/sample_002637_O1__0660__2.pt,ok,0.5695584416,0.5900370479,0.5657752063,0.5543067485,average,0.5695584416,0.5657752063,
O1/0660/3,,videos/sample_002638_O1__0660__3.pt,ok,0.5691727400,0.5900370479,0.5659934688,0.5543067485,average,0.5691727400,0.5659934688,
O1/0660/4,,videos/sample_002639_O1__0660__4.pt,ok,0.5698046684,0.5899133086,0.5656359145,0.5543753422,average,0.5698046684,0.5656359145,
O1/0661/1,,videos/sample_002640_O1__0661__1.pt,ok,0.5803808570,0.6118663549,0.5596851660,0.5423377292,average,0.5803808570,0.5596851660,
O1/0661/2,,videos/sample_002641_O1__0661__2.pt,ok,0.5852145553,0.6100812554,0.5569863446,0.5433067207,average,0.5852145553,0.5569863446,
O1/0661/3,,videos/sample_002642_O1__0661__3.pt,ok,0.5850786567,0.6124542356,0.5570620434,0.5420189931,average,0.5850786567,0.5570620434,
O1/0661/4,,videos/sample_002643_O1__0661__4.pt,ok,0.5735020041,0.5863041282,0.5635484300,0.5563797979,average,0.5735020041,0.5635484300,
O1/0662/1,,videos/sample_002644_O1__0662__1.pt,ok,0.5786248446,0.6100152135,0.5606688435,0.5433426029,average,0.5786248446,0.5606688435,
O1/0662/2,,videos/sample_002645_O1__0662__2.pt,ok,0.5778200626,0.6178838611,0.5611202413,0.5390840081,average,0.5778200626,0.5611202413,
O1/0662/3,,videos/sample_002646_O1__0662__3.pt,ok,0.5756860971,0.6052341461,0.5623189310,0.5459465804,average,0.5756860971,0.5623189310,
O1/0662/4,,videos/sample_002647_O1__0662__4.pt,ok,0.5683627725,0.5879415870,0.5664520909,0.5554694944,average,0.5683627725,0.5664520909,
O1/0663/1,,videos/sample_002648_O1__0663__1.pt,ok,0.5686976910,0.5842350125,0.5662624074,0.5575322039,average,0.5686976910,0.5662624074,
O1/0663/2,,videos/sample_002649_O1__0663__2.pt,ok,0.5708184838,0.5945844650,0.5650627546,0.5517918070,average,0.5708184838,0.5650627546,
O1/0663/3,,videos/sample_002650_O1__0663__3.pt,ok,0.5701540112,0.5903441906,0.5654383481,0.5541365233,average,0.5701540112,0.5654383481,
O1/0663/4,,videos/sample_002651_O1__0663__4.pt,ok,0.5701389313,0.5837601423,0.5654468750,0.5577970222,average,0.5701389313,0.5654468750,
O1/0664/1,,videos/sample_002652_O1__0664__1.pt,ok,0.6260408759,0.6398879886,0.5347045776,0.5273514901,average,0.6260408759,0.5347045776,
O1/0664/2,,videos/sample_002653_O1__0664__2.pt,ok,0.6243884563,0.6390978694,0.5355888644,0.5277683253,average,0.6243884563,0.5355888644,
O1/0664/3,,videos/sample_002654_O1__0664__3.pt,ok,0.6255044341,0.6388867497,0.5349914925,0.5278797593,average,0.6255044341,0.5349914925,
O1/0664/4,,videos/sample_002655_O1__0664__4.pt,ok,0.6258603930,0.6386266947,0.5348010914,0.5280170550,average,0.6258603930,0.5348010914,
O1/0665/1,,videos/sample_002656_O1__0665__1.pt,ok,0.5824680328,0.6022658348,0.5585182228,0.5475695273,average,0.5824680328,0.5585182228,
O1/0665/2,,videos/sample_002657_O1__0665__2.pt,ok,0.5815553069,0.6002663374,0.5590282296,0.5486654865,average,0.5815553069,0.5590282296,
O1/0665/3,,videos/sample_002658_O1__0665__3.pt,ok,0.5813456774,0.5991127491,0.5591454307,0.5492987858,average,0.5813456774,0.5591454307,
O1/0665/4,,videos/sample_002659_O1__0665__4.pt,ok,0.5823726058,0.6017264128,0.5585715231,0.5478649781,average,0.5823726058,0.5585715231,
O1/0666/1,,videos/sample_002660_O1__0666__1.pt,ok,0.5721963048,0.5944409966,0.5642847354,0.5518709774,average,0.5721963048,0.5642847354,
O1/0666/2,,videos/sample_002661_O1__0666__2.pt,ok,0.5693553090,0.5849943757,0.5658901454,0.5571089951,average,0.5693553090,0.5658901454,
O1/0666/3,,videos/sample_002662_O1__0666__3.pt,ok,0.5710068345,0.5874817967,0.5649563347,0.5557249526,average,0.5710068345,0.5649563347,
O1/0666/4,,videos/sample_002663_O1__0666__4.pt,ok,0.5727814436,0.5982373357,0.5639546471,0.5497798599,average,0.5727814436,0.5639546471,
O1/0667/1,,videos/sample_002664_O1__0667__1.pt,ok,0.5623479486,0.5906735659,0.5698694676,0.5539540345,average,0.5623479486,0.5698694676,
O1/0667/2,,videos/sample_002665_O1__0667__2.pt,ok,0.5569667816,0.5760191083,0.5729442960,0.5621317037,average,0.5569667816,0.5729442960,
O1/0667/3,,videos/sample_002666_O1__0667__3.pt,ok,0.5595811009,0.5779581070,0.5714483929,0.5610427871,average,0.5595811009,0.5714483929,
O1/0667/4,,videos/sample_002667_O1__0667__4.pt,ok,0.5606951714,0.5884758234,0.5708121137,0.5551728216,average,0.5606951714,0.5708121137,
O1/0668/1,,videos/sample_002668_O1__0668__1.pt,ok,0.6260741949,0.6551291943,0.5346867621,0.5193749580,average,0.6260741949,0.5346867621,
O1/0668/2,,videos/sample_002669_O1__0668__2.pt,ok,0.6282477975,0.6545754671,0.5335258278,0.5196626296,average,0.6282477975,0.5335258278,
O1/0668/3,,videos/sample_002670_O1__0668__3.pt,ok,0.6279883981,0.6545754671,0.5336642420,0.5196626296,average,0.6279883981,0.5336642420,
O1/0668/4,,videos/sample_002671_O1__0668__4.pt,ok,0.6278730035,0.6551291943,0.5337258275,0.5193749580,average,0.6278730035,0.5337258275,
O1/0669/1,,videos/sample_002672_O1__0669__1.pt,ok,0.6243857145,0.6368164420,0.5355903328,0.5289737650,average,0.6243857145,0.5355903328,
O1/0669/2,,videos/sample_002673_O1__0669__2.pt,ok,0.6255183220,0.6376960874,0.5349840626,0.5285086602,average,0.6255183220,0.5349840626,
O1/0669/3,,videos/sample_002674_O1__0669__3.pt,ok,0.6249600053,0.6373577714,0.5352828366,0.5286874934,average,0.6249600053,0.5352828366,
O1/0669/4,,videos/sample_002675_O1__0669__4.pt,ok,0.6235598326,0.6360900402,0.5360328499,0.5293581520,average,0.6235598326,0.5360328499,
O1/0670/1,,videos/sample_002676_O1__0670__1.pt,ok,0.5780119300,0.5991700888,0.5610125909,0.5492672901,average,0.5780119300,0.5610125909,
O1/0670/2,,videos/sample_002677_O1__0670__2.pt,ok,0.5793047547,0.5999081731,0.5602877686,0.5488620341,average,0.5793047547,0.5602877686,
O1/0670/3,,videos/sample_002678_O1__0670__3.pt,ok,0.5783469677,0.5991700888,0.5608246620,0.5492672901,average,0.5783469677,0.5608246620,
O1/0670/4,,videos/sample_002679_O1__0670__4.pt,ok,0.5796130300,0.5999081731,0.5601150724,0.5488620341,average,0.5796130300,0.5601150724,
O1/0671/1,,videos/sample_002680_O1__0671__1.pt,ok,0.5634323955,0.5911380649,0.5692518094,0.5536967832,average,0.5634323955,0.5692518094,
O1/0671/2,,videos/sample_002681_O1__0671__2.pt,ok,0.5615761280,0.5940512419,0.5703094744,0.5520861137,average,0.5615761280,0.5703094744,
O1/0671/3,,videos/sample_002682_O1__0671__3.pt,ok,0.5556023717,0.5717496276,0.5737265604,0.5645368449,average,0.5556023717,0.5737265604,
O1/0671/4,,videos/sample_002683_O1__0671__4.pt,ok,0.5626635551,0.5888311267,0.5696896414,0.5549756019,average,0.5626635551,0.5696896414,
O1/0672/1,,videos/sample_002684_O1__0672__1.pt,ok,0.6224684119,0.6488613486,0.5366182066,0.5226405435,average,0.6224684119,0.5366182066,
O1/0672/2,,videos/sample_002685_O1__0672__2.pt,ok,0.6220551729,0.6485444307,0.5368400040,0.5228062038,average,0.6220551729,0.5368400040,
O1/0672/3,,videos/sample_002686_O1__0672__3.pt,ok,0.6199345589,0.6485444307,0.5379796424,0.5228062038,average,0.6199345589,0.5379796424,
O1/0672/4,,videos/sample_002687_O1__0672__4.pt,ok,0.6215637922,0.6488613486,0.5371038617,0.5226405435,average,0.6215637922,0.5371038617,
O1/0673/1,,videos/sample_002688_O1__0673__1.pt,ok,0.6185530424,0.6307721138,0.5387233838,0.5321807382,average,0.6185530424,0.5387233838,
O1/0673/2,,videos/sample_002689_O1__0673__2.pt,ok,0.6185109019,0.6310191154,0.5387460863,0.5320493050,average,0.6185109019,0.5387460863,
O1/0673/3,,videos/sample_002690_O1__0673__3.pt,ok,0.6173670888,0.6286258698,0.5393626637,0.5333241546,average,0.6173670888,0.5393626637,
O1/0673/4,,videos/sample_002691_O1__0673__4.pt,ok,0.6193726063,0.6304265261,0.5382820465,0.5323646852,average,0.6193726063,0.5382820465,
O1/0674/1,,videos/sample_002692_O1__0674__1.pt,ok,0.5778236389,0.5936380029,0.5611182345,0.5523143043,average,0.5778236389,0.5611182345,
O1/0674/2,,videos/sample_002693_O1__0674__2.pt,ok,0.5760857463,0.5897984505,0.5620942456,0.5544390204,average,0.5760857463,0.5620942456,
O1/0674/3,,videos/sample_002694_O1__0674__3.pt,ok,0.5804811120,0.6033357382,0.5596290575,0.5469839941,average,0.5804811120,0.5596290575,
O1/0674/4,,videos/sample_002695_O1__0674__4.pt,ok,0.5792264938,0.6039032340,0.5603316189,0.5466736711,average,0.5792264938,0.5603316189,
O1/0675/1,,videos/sample_002696_O1__0675__1.pt,ok,0.6230437756,0.6348472834,0.5363095448,0.5300164245,average,0.6230437756,0.5363095448,
O1/0675/2,,videos/sample_002697_O1__0675__2.pt,ok,0.6212345958,0.6343643069,0.5372807035,0.5302724717,average,0.6212345958,0.5372807035,
O1/0675/3,,videos/sample_002698_O1__0675__3.pt,ok,0.6232005358,0.6347499490,0.5362254794,0.5300680158,average,0.6232005358,0.5362254794,
O1/0675/4,,videos/sample_002699_O1__0675__4.pt,ok,0.6225785017,0.6347499490,0.5365591337,0.5300680158,average,0.6225785017,0.5365591337,
O1/0676/1,,videos/sample_002700_O1__0676__1.pt,ok,0.5837019682,0.5995378494,0.5578294725,0.5490653283,average,0.5837019682,0.5578294725,
O1/0676/2,,videos/sample_002701_O1__0676__2.pt,ok,0.5820378661,0.5995378494,0.5587585305,0.5490653283,average,0.5820378661,0.5587585305,
O1/0676/3,,videos/sample_002702_O1__0676__3.pt,ok,0.5831826925,0.5990515947,0.5581192150,0.5493323788,average,0.5831826925,0.5581192150,
O1/0676/4,,videos/sample_002703_O1__0676__4.pt,ok,0.5819568634,0.5990515947,0.5588037933,0.5493323788,average,0.5819568634,0.5588037933,
O1/0677/1,,videos/sample_002704_O1__0677__1.pt,ok,0.5815207362,0.5983070731,0.5590475559,0.5497415210,average,0.5815207362,0.5590475559,
O1/0677/2,,videos/sample_002705_O1__0677__2.pt,ok,0.5817218423,0.6005995870,0.5589351394,0.5484826744,average,0.5817218423,0.5589351394,
O1/0677/3,,videos/sample_002706_O1__0677__3.pt,ok,0.5805757642,0.5984188914,0.5595760899,0.5496800532,average,0.5805757642,0.5595760899,
O1/0677/4,,videos/sample_002707_O1__0677__4.pt,ok,0.5822490454,0.6001785994,0.5586405447,0.5487136274,average,0.5822490454,0.5586405447,
O1/0678/1,,videos/sample_002708_O1__0678__1.pt,ok,0.5863096118,0.6093218923,0.5563767469,0.5437194445,average,0.5863096118,0.5563767469,
O1/0678/2,,videos/sample_002709_O1__0678__2.pt,ok,0.5899301171,0.6178202629,0.5543660241,0.5391182939,average,0.5899301171,0.5543660241,
O1/0678/3,,videos/sample_002710_O1__0678__3.pt,ok,0.5893422961,0.6205006242,0.5546919879,0.5376751970,average,0.5893422961,0.5546919879,
O1/0678/4,,videos/sample_002711_O1__0678__4.pt,ok,0.5808514953,0.6035305858,0.5594218187,0.5468774260,average,0.5808514953,0.5594218187,
O1/0679/1,,videos/sample_002712_O1__0679__1.pt,ok,0.5714480877,0.5935986638,0.5647071009,0.5523360323,average,0.5714480877,0.5647071009,
O1/0679/2,,videos/sample_002713_O1__0679__2.pt,ok,0.5712283254,0.5909916759,0.5648312159,0.5537778442,average,0.5712283254,0.5648312159,
O1/0679/3,,videos/sample_002714_O1__0679__3.pt,ok,0.5700590014,0.5853171945,0.5654920729,0.5569291789,average,0.5700590014,0.5654920729,
O1/0679/4,,videos/sample_002715_O1__0679__4.pt,ok,0.5708476305,0.5869600177,0.5650462852,0.5560149939,average,0.5708476305,0.5650462852,
O1/0680/1,,videos/sample_002716_O1__0680__1.pt,ok,0.6207736135,0.6477617025,0.5375284375,0.5232155792,average,0.6207736135,0.5375284375,
O1/0680/2,,videos/sample_002717_O1__0680__2.pt,ok,0.6217796803,0.6477617025,0.5369879199,0.5232155792,average,0.6217796803,0.5369879199,
O1/0680/3,,videos/sample_002718_O1__0680__3.pt,ok,0.6208612919,0.6497241855,0.5374813099,0.5221897844,average,0.6208612919,0.5374813099,
O1/0680/4,,videos/sample_002719_O1__0680__4.pt,ok,0.6216936111,0.6497241855,0.5370341400,0.5221897844,average,0.6216936111,0.5370341400,
O1/0681/1,,videos/sample_002720_O1__0681__1.pt,ok,0.5619335771,0.5934884548,0.5701056542,0.5523969080,average,0.5619335771,0.5701056542,
O1/0681/2,,videos/sample_002721_O1__0681__2.pt,ok,0.5671551824,0.6083941460,0.5671365460,0.5442241122,average,0.5671551824,0.5671365460,
O1/0681/3,,videos/sample_002722_O1__0681__3.pt,ok,0.5666778088,0.5981734991,0.5674073467,0.5498149570,average,0.5666778088,0.5674073467,
O1/0681/4,,videos/sample_002723_O1__0681__4.pt,ok,0.5667936802,0.5982074142,0.5673416042,0.5497963104,average,0.5667936802,0.5673416042,
O1/0682/1,,videos/sample_002724_O1__0682__1.pt,ok,0.5791056752,0.5997286439,0.5603993215,0.5489605797,average,0.5791056752,0.5603993215,
O1/0682/2,,videos/sample_002725_O1__0682__2.pt,ok,0.5808058381,0.6110736132,0.5594473609,0.5427678335,average,0.5808058381,0.5594473609,
O1/0682/3,,videos/sample_002726_O1__0682__3.pt,ok,0.5737537742,0.5864270926,0.5634065633,0.5563113872,average,0.5737537742,0.5634065633,
O1/0682/4,,videos/sample_002727_O1__0682__4.pt,ok,0.5780315399,0.6000692248,0.5610015896,0.5487736460,average,0.5780315399,0.5610015896,
O1/0683/1,,videos/sample_002728_O1__0683__1.pt,ok,0.5828674436,0.6038631797,0.5582951892,0.5466955681,average,0.5828674436,0.5582951892,
O1/0683/2,,videos/sample_002729_O1__0683__2.pt,ok,0.5839089155,0.6050376296,0.5577140431,0.5460538785,average,0.5839089155,0.5577140431,
O1/0683/3,,videos/sample_002730_O1__0683__3.pt,ok,0.5842722058,0.6058536172,0.5575114678,0.5456084870,average,0.5842722058,0.5575114678,
O1/0683/4,,videos/sample_002731_O1__0683__4.pt,ok,0.5828739405,0.6026674509,0.5582915620,0.5473496587,average,0.5828739405,0.5582915620,
O1/0684/1,,videos/sample_002732_O1__0684__1.pt,ok,0.6445698738,0.6636543274,0.5248882617,0.5149660373,average,0.6445698738,0.5248882617,
O1/0684/2,,videos/sample_002733_O1__0684__2.pt,ok,0.6450482607,0.6636543274,0.5246372221,0.5149660373,average,0.6450482607,0.5246372221,
O1/0684/3,,videos/sample_002734_O1__0684__3.pt,ok,0.6448070407,0.6632801294,0.5247637904,0.5151587726,average,0.6448070407,0.5247637904,
O1/0684/4,,videos/sample_002735_O1__0684__4.pt,ok,0.6447150707,0.6632801294,0.5248120551,0.5151587726,average,0.6447150707,0.5248120551,
O1/0685/1,,videos/sample_002736_O1__0685__1.pt,ok,0.6302722692,0.6414204240,0.5324468124,0.5265439769,average,0.6302722692,0.5324468124,
O1/0685/2,,videos/sample_002737_O1__0685__2.pt,ok,0.6293930411,0.6414204240,0.5329151604,0.5265439769,average,0.6293930411,0.5329151604,
O1/0685/3,,videos/sample_002738_O1__0685__3.pt,ok,0.6294990778,0.6411002874,0.5328586549,0.5267125699,average,0.6294990778,0.5328586549,
O1/0685/4,,videos/sample_002739_O1__0685__4.pt,ok,0.6283347607,0.6411002874,0.5334794327,0.5267125699,average,0.6283347607,0.5334794327,
O1/0686/1,,videos/sample_002740_O1__0686__1.pt,ok,0.6274554729,0.6511589885,0.5339487209,0.5214410822,average,0.6274554729,0.5339487209,
O1/0686/2,,videos/sample_002741_O1__0686__2.pt,ok,0.6259651184,0.6492174864,0.5347450871,0.5224544446,average,0.6259651184,0.5347450871,
O1/0686/3,,videos/sample_002742_O1__0686__3.pt,ok,0.6268400550,0.6511589885,0.5342774236,0.5214410822,average,0.6268400550,0.5342774236,
O1/0686/4,,videos/sample_002743_O1__0686__4.pt,ok,0.6245362163,0.6492174864,0.5355097316,0.5224544446,average,0.6245362163,0.5355097316,
O1/0687/1,,videos/sample_002744_O1__0687__1.pt,ok,0.6065652966,0.6258054972,0.5452203268,0.5348304506,average,0.6065652966,0.5452203268,
O1/0687/2,,videos/sample_002745_O1__0687__2.pt,ok,0.6124144197,0.6306425333,0.5420405745,0.5322497030,average,0.6124144197,0.5420405745,
O1/0687/3,,videos/sample_002746_O1__0687__3.pt,ok,0.6138347983,0.6331414580,0.5412712181,0.5309213115,average,0.6138347983,0.5412712181,
O1/0687/4,,videos/sample_002747_O1__0687__4.pt,ok,0.6102589965,0.6330181360,0.5432101613,0.5309867898,average,0.6102589965,0.5432101613,
O1/0688/1,,videos/sample_002748_O1__0688__1.pt,ok,0.5946701765,0.6134926677,0.5517445142,0.5414564353,average,0.5946701765,0.5517445142,
O1/0688/2,,videos/sample_002749_O1__0688__2.pt,ok,0.5946629047,0.6133085489,0.5517485263,0.5415561368,average,0.5946629047,0.5517485263,
O1/0688/3,,videos/sample_002750_O1__0688__3.pt,ok,0.5936983824,0.6122750044,0.5522809569,0.5421161485,average,0.5936983824,0.5522809569,
O1/0688/4,,videos/sample_002751_O1__0688__4.pt,ok,0.5925757289,0.6110813618,0.5529013252,0.5427636278,average,0.5925757289,0.5529013252,
O1/0689/1,,videos/sample_002752_O1__0689__1.pt,ok,0.5519305468,0.5711470842,0.5758370563,0.5648771053,average,0.5519305468,0.5758370563,
O1/0689/2,,videos/sample_002753_O1__0689__2.pt,ok,0.5607355833,0.5881001949,0.5707890465,0.5553813995,average,0.5607355833,0.5707890465,
O1/0689/3,,videos/sample_002754_O1__0689__3.pt,ok,0.5595753789,0.5840927362,0.5714516628,0.5576115331,average,0.5595753789,0.5714516628,
O1/0689/4,,videos/sample_002755_O1__0689__4.pt,ok,0.5566955805,0.5905928612,0.5730997002,0.5539987430,average,0.5566955805,0.5730997002,
O1/0690/1,,videos/sample_002756_O1__0690__1.pt,ok,0.6259372234,0.6390044093,0.5347600040,0.5278176529,average,0.6259372234,0.5347600040,
O1/0690/2,,videos/sample_002757_O1__0690__2.pt,ok,0.6271339655,0.6388033032,0.5341204170,0.5279238109,average,0.6271339655,0.5341204170,
O1/0690/3,,videos/sample_002758_O1__0690__3.pt,ok,0.6267760992,0.6390044093,0.5343115949,0.5278176529,average,0.6267760992,0.5343115949,
O1/0690/4,,videos/sample_002759_O1__0690__4.pt,ok,0.6256982684,0.6388033032,0.5348878028,0.5279238109,average,0.6256982684,0.5348878028,
O1/0691/1,,videos/sample_002760_O1__0691__1.pt,ok,0.5815553665,0.5996229053,0.5590281963,0.5490186291,average,0.5815553665,0.5590281963,
O1/0691/2,,videos/sample_002761_O1__0691__2.pt,ok,0.5822491050,0.6024919152,0.5586405114,0.5474457466,average,0.5822491050,0.5586405114,
O1/0691/3,,videos/sample_002762_O1__0691__3.pt,ok,0.5806065798,0.5999851227,0.5595588465,0.5488198010,average,0.5806065798,0.5595588465,
O1/0691/4,,videos/sample_002763_O1__0691__4.pt,ok,0.5819913149,0.6012114286,0.5587845420,0.5481471925,average,0.5819913149,0.5587845420,
O1/0692/1,,videos/sample_002764_O1__0692__1.pt,ok,0.5969024897,0.6124813557,0.5505142213,0.5420042937,average,0.5969024897,0.5505142213,
O1/0692/2,,videos/sample_002765_O1__0692__2.pt,ok,0.5968074203,0.6103376150,0.5505665609,0.5431674566,average,0.5968074203,0.5505665609,
O1/0692/3,,videos/sample_002766_O1__0692__3.pt,ok,0.5941898823,0.6002370715,0.5520095775,0.5486815439,average,0.5941898823,0.5520095775,
O1/0692/4,,videos/sample_002767_O1__0692__4.pt,ok,0.5950715542,0.6034969687,0.5515231007,0.5468958107,average,0.5950715542,0.5515231007,
O1/0693/1,,videos/sample_002768_O1__0693__1.pt,ok,0.5830587149,0.6016395688,0.5581884136,0.5479125589,average,0.5830587149,0.5581884136,
O1/0693/2,,videos/sample_002769_O1__0693__2.pt,ok,0.5845368505,0.6028680801,0.5573639449,0.5472398554,average,0.5845368505,0.5573639449,
O1/0693/3,,videos/sample_002770_O1__0693__3.pt,ok,0.5843514800,0.6028680801,0.5574672733,0.5472398554,average,0.5843514800,0.5574672733,
O1/0693/4,,videos/sample_002771_O1__0693__4.pt,ok,0.5826979876,0.6016395688,0.5583898037,0.5479125589,average,0.5826979876,0.5583898037,
O1/0694/1,,videos/sample_002772_O1__0694__1.pt,ok,0.6315602064,0.6574180126,0.5317614958,0.5181875624,average,0.6315602064,0.5317614958,
O1/0694/2,,videos/sample_002773_O1__0694__2.pt,ok,0.6320235133,0.6575014591,0.5315151840,0.5181443233,average,0.6320235133,0.5315151840,
O1/0694/3,,videos/sample_002774_O1__0694__3.pt,ok,0.6314312220,0.6575014591,0.5318300891,0.5181443233,average,0.6314312220,0.5318300891,
O1/0694/4,,videos/sample_002775_O1__0694__4.pt,ok,0.6290826201,0.6574180126,0.5330806142,0.5181875624,average,0.6290826201,0.5330806142,
O1/0695/1,,videos/sample_002776_O1__0695__1.pt,ok,0.5796236396,0.6021252275,0.5601091298,0.5476465250,average,0.5796236396,0.5601091298,
O1/0695/2,,videos/sample_002777_O1__0695__2.pt,ok,0.5875428319,0.6157661676,0.5556910349,0.5402268324,average,0.5875428319,0.5556910349,
O1/0695/3,,videos/sample_002778_O1__0695__3.pt,ok,0.5835947990,0.6089543700,0.5578892578,0.5439193102,average,0.5835947990,0.5578892578,
O1/0695/4,,videos/sample_002779_O1__0695__4.pt,ok,0.5863068700,0.6127403378,0.5563782724,0.5418639424,average,0.5863068700,0.5563782724,
O1/0696/1,,videos/sample_002780_O1__0696__1.pt,ok,0.5980995893,0.6140464544,0.5498555952,0.5411566669,average,0.5980995893,0.5498555952,
O1/0696/2,,videos/sample_002781_O1__0696__2.pt,ok,0.5966582298,0.6139619350,0.5506487063,0.5412024071,average,0.5966582298,0.5506487063,
O1/0696/3,,videos/sample_002782_O1__0696__3.pt,ok,0.5971865654,0.6139619350,0.5503578558,0.5412024071,average,0.5971865654,0.5503578558,
O1/0696/4,,videos/sample_002783_O1__0696__4.pt,ok,0.5962914228,0.6140464544,0.5508507251,0.5411566669,average,0.5962914228,0.5508507251,
O1/0697/1,,videos/sample_002784_O1__0697__1.pt,ok,0.5633208156,0.5787367225,0.5693153300,0.5606061205,average,0.5633208156,0.5693153300,
O1/0697/2,,videos/sample_002785_O1__0697__2.pt,ok,0.5684500933,0.5906946659,0.5664026300,0.5539423462,average,0.5684500933,0.5664026300,
O1/0697/3,,videos/sample_002786_O1__0697__3.pt,ok,0.5666555762,0.5919973254,0.5674199617,0.5532212177,average,0.5666555762,0.5674199617,
O1/0697/4,,videos/sample_002787_O1__0697__4.pt,ok,0.5668773651,0.5830883384,0.5672941282,0.5581718783,average,0.5668773651,0.5672941282,
O1/0698/1,,videos/sample_002788_O1__0698__1.pt,ok,0.6180670261,0.6334008574,0.5389852758,0.5307836087,average,0.6180670261,0.5389852758,
O1/0698/2,,videos/sample_002789_O1__0698__2.pt,ok,0.6194396615,0.6336864829,0.5382459530,0.5306320250,average,0.6194396615,0.5382459530,
O1/0698/3,,videos/sample_002790_O1__0698__3.pt,ok,0.6203597188,0.6347445250,0.5377509637,0.5300708909,average,0.6203597188,0.5377509637,
O1/0698/4,,videos/sample_002791_O1__0698__4.pt,ok,0.6206455827,0.6351818442,0.5375972621,0.5298391314,average,0.6206455827,0.5375972621,
O1/0699/1,,videos/sample_002792_O1__0699__1.pt,ok,0.5769351721,0.5941154361,0.5616169910,0.5520506741,average,0.5769351721,0.5616169910,
O1/0699/2,,videos/sample_002793_O1__0699__2.pt,ok,0.5760772228,0.5981217623,0.5620990366,0.5498434035,average,0.5760772228,0.5620990366,
O1/0699/3,,videos/sample_002794_O1__0699__3.pt,ok,0.5749523640,0.5913674235,0.5627316745,0.5535698026,average,0.5749523640,0.5627316745,
O1/0699/4,,videos/sample_002795_O1__0699__4.pt,ok,0.5777843595,0.5993793607,0.5611402754,0.5491523559,average,0.5777843595,0.5611402754,
O1/0700/1,,videos/sample_002796_O1__0700__1.pt,ok,0.6229052544,0.6486910582,0.5363838402,0.5227295517,average,0.6229052544,0.5363838402,
O1/0700/2,,videos/sample_002797_O1__0700__2.pt,ok,0.6237296462,0.6483345628,0.5359418320,0.5229159356,average,0.6237296462,0.5359418320,
O1/0700/3,,videos/sample_002798_O1__0700__3.pt,ok,0.6218077540,0.6486910582,0.5369728448,0.5227295517,average,0.6218077540,0.5369728448,
O1/0700/4,,videos/sample_002799_O1__0700__4.pt,ok,0.6231514215,0.6483345628,0.5362518164,0.5229159356,average,0.6231514215,0.5362518164,
O1/0701/1,,videos/sample_002800_O1__0701__1.pt,ok,0.6429795623,0.6621088386,0.5257236617,0.5157625269,average,0.6429795623,0.5257236617,
O1/0701/2,,videos/sample_002801_O1__0701__2.pt,ok,0.6431845427,0.6621088386,0.5256159097,0.5157625269,average,0.6431845427,0.5256159097,
O1/0701/3,,videos/sample_002802_O1__0701__3.pt,ok,0.6420973539,0.6625719666,0.5261876641,0.5155237181,average,0.6420973539,0.5261876641,
O1/0701/4,,videos/sample_002803_O1__0701__4.pt,ok,0.6422093511,0.6625719666,0.5261287359,0.5155237181,average,0.6422093511,0.5261287359,
O1/0702/1,,videos/sample_002804_O1__0702__1.pt,ok,0.5618802309,0.5908697248,0.5701360680,0.5538453822,average,0.5618802309,0.5701360680,
O1/0702/2,,videos/sample_002805_O1__0702__2.pt,ok,0.5642267466,0.5920366645,0.5687998032,0.5531994549,average,0.5642267466,0.5687998032,
O1/0702/3,,videos/sample_002806_O1__0702__3.pt,ok,0.5567433238,0.5771042109,0.5730723392,0.5615220640,average,0.5567433238,0.5730723392,
O1/0702/4,,videos/sample_002807_O1__0702__4.pt,ok,0.5625036955,0.5931106806,0.5697807191,0.5526056288,average,0.5625036955,0.5697807191,
O1/0703/1,,videos/sample_002808_O1__0703__1.pt,ok,0.5696362853,0.5912494063,0.5657311660,0.5536351372,average,0.5696362853,0.5657311660,
O1/0703/2,,videos/sample_002809_O1__0703__2.pt,ok,0.5697576404,0.5906155705,0.5656625159,0.5539861622,average,0.5697576404,0.5656625159,
O1/0703/3,,videos/sample_002810_O1__0703__3.pt,ok,0.5715018511,0.5982910395,0.5646767412,0.5497503354,average,0.5715018511,0.5646767412,
O1/0703/4,,videos/sample_002811_O1__0703__4.pt,ok,0.5715827942,0.5969438553,0.5646310363,0.5504914494,average,0.5715827942,0.5646310363,
O1/0704/1,,videos/sample_002812_O1__0704__1.pt,ok,0.5543779135,0.5793076158,0.5744294949,0.5602861656,average,0.5543779135,0.5744294949,
O1/0704/2,,videos/sample_002813_O1__0704__2.pt,ok,0.5541388988,0.5726544261,0.5745668084,0.5640262838,average,0.5541388988,0.5745668084,
O1/0704/3,,videos/sample_002814_O1__0704__3.pt,ok,0.5505866408,0.5699257851,0.5766114473,0.5655674107,average,0.5505866408,0.5766114473,
O1/0704/4,,videos/sample_002815_O1__0704__4.pt,ok,0.5509631038,0.5793436170,0.5763944153,0.5602659950,average,0.5509631038,0.5763944153,
O1/0705/1,,videos/sample_002816_O1__0705__1.pt,ok,0.6204062700,0.6322375536,0.5377259313,0.5314014306,average,0.6204062700,0.5377259313,
O1/0705/2,,videos/sample_002817_O1__0705__2.pt,ok,0.6209113598,0.6321070194,0.5374544000,0.5314708011,average,0.6209113598,0.5374544000,
O1/0705/3,,videos/sample_002818_O1__0705__3.pt,ok,0.6203750372,0.6322595477,0.5377427262,0.5313897430,average,0.6203750372,0.5377427262,
O1/0705/4,,videos/sample_002819_O1__0705__4.pt,ok,0.6181363463,0.6321393847,0.5389479145,0.5314536002,average,0.6181363463,0.5389479145,
O1/0706/1,,videos/sample_002820_O1__0706__1.pt,ok,0.5698027611,0.5842561126,0.5656369933,0.5575204400,average,0.5698027611,0.5656369933,
O1/0706/2,,videos/sample_002821_O1__0706__2.pt,ok,0.5734755397,0.6012915969,0.5635633442,0.5481032503,average,0.5734755397,0.5635633442,
O1/0706/3,,videos/sample_002822_O1__0706__3.pt,ok,0.5756058097,0.5973787904,0.5623640800,0.5502520735,average,0.5756058097,0.5623640800,
O1/0706/4,,videos/sample_002823_O1__0706__4.pt,ok,0.5775321126,0.6052839756,0.5612818391,0.5459193768,average,0.5775321126,0.5612818391,
O1/0707/1,,videos/sample_002824_O1__0707__1.pt,ok,0.6249088049,0.6477267146,0.5353102440,0.5232338857,average,0.6249088049,0.5353102440,
O1/0707/2,,videos/sample_002825_O1__0707__2.pt,ok,0.6244841814,0.6477267146,0.5355375975,0.5232338857,average,0.6244841814,0.5355375975,
O1/0707/3,,videos/sample_002826_O1__0707__3.pt,ok,0.6232809424,0.6477144957,0.5361823651,0.5232402792,average,0.6232809424,0.5361823651,
O1/0707/4,,videos/sample_002827_O1__0707__4.pt,ok,0.6229903102,0.6477144957,0.5363382196,0.5232402792,average,0.6229903102,0.5363382196,
O1/0708/1,,videos/sample_002828_O1__0708__1.pt,ok,0.5849712491,0.6147135496,0.5571218793,0.5407957843,average,0.5849712491,0.5571218793,
O1/0708/2,,videos/sample_002829_O1__0708__2.pt,ok,0.5822086930,0.6157791018,0.5586630876,0.5402198450,average,0.5822086930,0.5586630876,
O1/0708/3,,videos/sample_002830_O1__0708__3.pt,ok,0.5827328563,0.6159054637,0.5583703337,0.5401515862,average,0.5827328563,0.5583703337,
O1/0708/4,,videos/sample_002831_O1__0708__4.pt,ok,0.5763281584,0.6083980203,0.5619580037,0.5442220037,average,0.5763281584,0.5619580037,
O1/0709/1,,videos/sample_002832_O1__0709__1.pt,ok,0.6441055536,0.6624909639,0.5251320346,0.5155654786,average,0.6441055536,0.5251320346,
O1/0709/2,,videos/sample_002833_O1__0709__2.pt,ok,0.6444149017,0.6624909639,0.5249696111,0.5155654786,average,0.6444149017,0.5249696111,
O1/0709/3,,videos/sample_002834_O1__0709__3.pt,ok,0.6442557573,0.6613054276,0.5250531637,0.5161770627,average,0.6442557573,0.5250531637,
O1/0709/4,,videos/sample_002835_O1__0709__4.pt,ok,0.6444563270,0.6613054276,0.5249478645,0.5161770627,average,0.6444563270,0.5249478645,
O1/0710/1,,videos/sample_002836_O1__0710__1.pt,ok,0.5773311853,0.6016356945,0.5613946273,0.5479146817,average,0.5773311853,0.5613946273,
O1/0710/2,,videos/sample_002837_O1__0710__2.pt,ok,0.5818340182,0.6111474633,0.5588724438,0.5427277515,average,0.5818340182,0.5588724438,
O1/0710/3,,videos/sample_002838_O1__0710__3.pt,ok,0.5797490478,0.6086342931,0.5600388919,0.5440934341,average,0.5797490478,0.5600388919,
O1/0710/4,,videos/sample_002839_O1__0710__4.pt,ok,0.5797961354,0.6088525653,0.5600125216,0.5439746865,average,0.5797961354,0.5600125216,
O1/0711/1,,videos/sample_002840_O1__0711__1.pt,ok,0.5530920625,0.5711063743,0.5751686007,0.5649001019,average,0.5530920625,0.5751686007,
O1/0711/2,,videos/sample_002841_O1__0711__2.pt,ok,0.5633720160,0.5941781402,0.5692861816,0.5520160593,average,0.5633720160,0.5692861816,
O1/0711/3,,videos/sample_002842_O1__0711__3.pt,ok,0.5555170178,0.5821042061,0.5737755323,0.5587214637,average,0.5555170178,0.5737755323,
O1/0711/4,,videos/sample_002843_O1__0711__4.pt,ok,0.5649017096,0.5941781402,0.5684160139,0.5520160593,average,0.5649017096,0.5684160139,
O1/0712/1,,videos/sample_002844_O1__0712__1.pt,ok,0.6216679215,0.6347199082,0.5370479363,0.5300839397,average,0.6216679215,0.5370479363,
O1/0712/2,,videos/sample_002845_O1__0712__2.pt,ok,0.6216044426,0.6325579882,0.5370820287,0.5312311785,average,0.6216044426,0.5370820287,
O1/0712/3,,videos/sample_002846_O1__0712__3.pt,ok,0.6205586791,0.6333254576,0.5376439832,0.5308236312,average,0.6205586791,0.5376439832,
O1/0712/4,,videos/sample_002847_O1__0712__4.pt,ok,0.6213685274,0.6346738338,0.5372087494,0.5301083635,average,0.6213685274,0.5372087494,
O1/0713/1,,videos/sample_002848_O1__0713__1.pt,ok,0.6178894043,0.6299185157,0.5390810198,0.5326352007,average,0.6178894043,0.5390810198,
O1/0713/2,,videos/sample_002849_O1__0713__2.pt,ok,0.6163615584,0.6299185157,0.5399052820,0.5326352007,average,0.6163615584,0.5399052820,
O1/0713/3,,videos/sample_002850_O1__0713__3.pt,ok,0.6178489327,0.6314269304,0.5391028377,0.5318323715,average,0.6178489327,0.5391028377,
O1/0713/4,,videos/sample_002851_O1__0713__4.pt,ok,0.6183363199,0.6308173537,0.5388401499,0.5321566630,average,0.6183363199,0.5388401499,
O1/0714/1,,videos/sample_002852_O1__0714__1.pt,ok,0.5564033389,0.5775607228,0.5732672083,0.5612657809,average,0.5564033389,0.5732672083,
O1/0714/2,,videos/sample_002853_O1__0714__2.pt,ok,0.5572471023,0.5779669881,0.5727837104,0.5610378045,average,0.5572471023,0.5727837104,
O1/0714/3,,videos/sample_002854_O1__0714__3.pt,ok,0.5594145060,0.5880302787,0.5715436013,0.5554202311,average,0.5594145060,0.5715436013,
O1/0714/4,,videos/sample_002855_O1__0714__4.pt,ok,0.5598188043,0.5903847218,0.5713125739,0.5541140640,average,0.5598188043,0.5713125739,
O1/0715/1,,videos/sample_002856_O1__0715__1.pt,ok,0.6270022988,0.6527202725,0.5341907475,0.5206275998,average,0.6270022988,0.5341907475,
O1/0715/2,,videos/sample_002857_O1__0715__2.pt,ok,0.6289369464,0.6527202725,0.5331582757,0.5206275998,average,0.6289369464,0.5331582757,
O1/0715/3,,videos/sample_002858_O1__0715__3.pt,ok,0.6286681294,0.6529231668,0.5333016169,0.5205219781,average,0.6286681294,0.5333016169,
O1/0715/4,,videos/sample_002859_O1__0715__4.pt,ok,0.6284791231,0.6529231668,0.5334024238,0.5205219781,average,0.6284791231,0.5334024238,
O1/0716/1,,videos/sample_002860_O1__0716__1.pt,ok,0.6246678829,0.6513192058,0.5354392275,0.5213575450,average,0.6246678829,0.5354392275,
O1/0716/2,,videos/sample_002861_O1__0716__2.pt,ok,0.6261220574,0.6513192058,0.5346611713,0.5213575450,average,0.6261220574,0.5346611713,
O1/0716/3,,videos/sample_002862_O1__0716__3.pt,ok,0.6264015436,0.6493963599,0.5345117617,0.5223609996,average,0.6264015436,0.5345117617,
O1/0716/4,,videos/sample_002863_O1__0716__4.pt,ok,0.6264095306,0.6493963599,0.5345074926,0.5223609996,average,0.6264095306,0.5345074926,
O1/0717/1,,videos/sample_002864_O1__0717__1.pt,ok,0.5692292452,0.5959685445,0.5659614882,0.5510286116,average,0.5692292452,0.5659614882,
O1/0717/2,,videos/sample_002865_O1__0717__2.pt,ok,0.5657965541,0.5826485753,0.5679075974,0.5584173957,average,0.5657965541,0.5679075974,
O1/0717/3,,videos/sample_002866_O1__0717__3.pt,ok,0.5642718077,0.5793375969,0.5687741730,0.5602693678,average,0.5642718077,0.5687741730,
O1/0717/4,,videos/sample_002867_O1__0717__4.pt,ok,0.5683344007,0.5932168365,0.5664681624,0.5525469695,average,0.5683344007,0.5664681624,
O1/0718/1,,videos/sample_002868_O1__0718__1.pt,ok,0.5579683185,0.5840861201,0.5723707585,0.5576152224,average,0.5579683185,0.5723707585,
O1/0718/2,,videos/sample_002869_O1__0718__2.pt,ok,0.5571781993,0.5927403569,0.5728231783,0.5528103096,average,0.5571781993,0.5728231783,
O1/0718/3,,videos/sample_002870_O1__0718__3.pt,ok,0.5554932952,0.5731688142,0.5737891439,0.5637362300,average,0.5554932952,0.5737891439,
O1/0718/4,,videos/sample_002871_O1__0718__4.pt,ok,0.5568168163,0.5752986670,0.5730302242,0.5625368326,average,0.5568168163,0.5730302242,
O1/0719/1,,videos/sample_002872_O1__0719__1.pt,ok,0.5530629158,0.5700900555,0.5751853652,0.5654745123,average,0.5530629158,0.5751853652,
O1/0719/2,,videos/sample_002873_O1__0719__2.pt,ok,0.5557540059,0.5814306736,0.5736395705,0.5590979075,average,0.5557540059,0.5736395705,
O1/0719/3,,videos/sample_002874_O1__0719__3.pt,ok,0.5565173626,0.5857466459,0.5732018460,0.5566900562,average,0.5565173626,0.5732018460,
O1/0719/4,,videos/sample_002875_O1__0719__4.pt,ok,0.5534110665,0.5705847740,0.5749851489,0.5651948308,average,0.5534110665,0.5749851489,
O1/0720/1,,videos/sample_002876_O1__0720__1.pt,ok,0.5783112645,0.6023553014,0.5608446856,0.5475205403,average,0.5783112645,0.5608446856,
O1/0720/2,,videos/sample_002877_O1__0720__2.pt,ok,0.5722588301,0.5873448253,0.5642494545,0.5558010763,average,0.5722588301,0.5642494545,
O1/0720/3,,videos/sample_002878_O1__0720__3.pt,ok,0.5768715143,0.5914060473,0.5616527434,0.5535484220,average,0.5768715143,0.5616527434,
O1/0720/4,,videos/sample_002879_O1__0720__4.pt,ok,0.5755091310,0.5990685821,0.5624184513,0.5493230472,average,0.5755091310,0.5624184513,
O1/0721/1,,videos/sample_002880_O1__0721__1.pt,ok,0.5729988813,0.5849996805,0.5638320354,0.5571060398,average,0.5729988813,0.5638320354,
O1/0721/2,,videos/sample_002881_O1__0721__2.pt,ok,0.5664693117,0.5808038712,0.5675256617,0.5594484613,average,0.5664693117,0.5675256617,
O1/0721/3,,videos/sample_002882_O1__0721__3.pt,ok,0.5739515424,0.5999700427,0.5632951504,0.5488280773,average,0.5739515424,0.5632951504,
O1/0721/4,,videos/sample_002883_O1__0721__4.pt,ok,0.5736252069,0.6028112769,0.5634790036,0.5472709413,average,0.5736252069,0.5634790036,
O1/0722/1,,videos/sample_002884_O1__0722__1.pt,ok,0.5949041247,0.6179020405,0.5516154496,0.5390742079,average,0.5949041247,0.5516154496,
O1/0722/2,,videos/sample_002885_O1__0722__2.pt,ok,0.5963809490,0.6187800169,0.5508014118,0.5386011212,average,0.5963809490,0.5508014118,
O1/0722/3,,videos/sample_002886_O1__0722__3.pt,ok,0.5961740613,0.6192703247,0.5509153776,0.5383371056,average,0.5961740613,0.5509153776,
O1/0722/4,,videos/sample_002887_O1__0722__4.pt,ok,0.5953139067,0.6180213094,0.5513894539,0.5390099170,average,0.5953139067,0.5513894539,
O1/0723/1,,videos/sample_002888_O1__0723__1.pt,ok,0.5899108648,0.6148960590,0.5543766970,0.5406970930,average,0.5899108648,0.5543766970,
O1/0723/2,,videos/sample_002889_O1__0723__2.pt,ok,0.5885188580,0.6085411310,0.5551489305,0.5441441253,average,0.5885188580,0.5551489305,
O1/0723/3,,videos/sample_002890_O1__0723__3.pt,ok,0.5896855593,0.6124905944,0.5545016152,0.5419992863,average,0.5896855593,0.5545016152,
O1/0723/4,,videos/sample_002891_O1__0723__4.pt,ok,0.5889967680,0.6107847691,0.5548836827,0.5429246314,average,0.5889967680,0.5548836827,
O1/0724/1,,videos/sample_002892_O1__0724__1.pt,ok,0.5890167356,0.5977757573,0.5548726031,0.5500336849,average,0.5890167356,0.5548726031,
O1/0724/2,,videos/sample_002893_O1__0724__2.pt,ok,0.5899443030,0.6007748246,0.5543581599,0.5483865680,average,0.5899443030,0.5543581599,
O1/0724/3,,videos/sample_002894_O1__0724__3.pt,ok,0.5923484564,0.6087368131,0.5530269987,0.5440376565,average,0.5923484564,0.5530269987,
O1/0724/4,,videos/sample_002895_O1__0724__4.pt,ok,0.5911682844,0.6084971428,0.5536800510,0.5441680618,average,0.5911682844,0.5536800510,
O1/0725/1,,videos/sample_002896_O1__0725__1.pt,ok,0.5713730454,0.5894045830,0.5647494794,0.5546574389,average,0.5713730454,0.5647494794,
O1/0725/2,,videos/sample_002897_O1__0725__2.pt,ok,0.5708093047,0.5976017118,0.5650679414,0.5501294242,average,0.5708093047,0.5650679414,
O1/0725/3,,videos/sample_002898_O1__0725__3.pt,ok,0.5719202757,0.5959874988,0.5644405160,0.5510181674,average,0.5719202757,0.5644405160,
O1/0725/4,,videos/sample_002899_O1__0725__4.pt,ok,0.5700660348,0.5875815153,0.5654880956,0.5556695392,average,0.5700660348,0.5654880956,
O1/0726/1,,videos/sample_002900_O1__0726__1.pt,ok,0.5575667620,0.5857878327,0.5726006438,0.5566671284,average,0.5575667620,0.5726006438,
O1/0726/2,,videos/sample_002901_O1__0726__2.pt,ok,0.5564830303,0.5851400495,0.5732215256,0.5570278449,average,0.5564830303,0.5732215256,
O1/0726/3,,videos/sample_002902_O1__0726__3.pt,ok,0.5528247952,0.5711839795,0.5753223450,0.5648562644,average,0.5528247952,0.5753223450,
O1/0726/4,,videos/sample_002903_O1__0726__4.pt,ok,0.5545639992,0.5736300945,0.5743226117,0.5634762495,average,0.5545639992,0.5743226117,
O1/0727/1,,videos/sample_002904_O1__0727__1.pt,ok,0.5859923363,0.6094167233,0.5565532997,0.5436678854,average,0.5859923363,0.5565532997,
O1/0727/2,,videos/sample_002905_O1__0727__2.pt,ok,0.5885543227,0.6134657264,0.5551292426,0.5414710230,average,0.5885543227,0.5551292426,
O1/0727/3,,videos/sample_002906_O1__0727__3.pt,ok,0.5817602873,0.6042333841,0.5589136515,0.5464932165,average,0.5817602873,0.5589136515,
O1/0727/4,,videos/sample_002907_O1__0727__4.pt,ok,0.5872997642,0.6164723039,0.5558261218,0.5398454933,average,0.5872997642,0.5558261218,
O1/0728/1,,videos/sample_002908_O1__0728__1.pt,ok,0.5684577227,0.5938442349,0.5663983087,0.5522004111,average,0.5684577227,0.5663983087,
O1/0728/2,,videos/sample_002909_O1__0728__2.pt,ok,0.5701168180,0.6008045077,0.5654593790,0.5483702904,average,0.5701168180,0.5654593790,
O1/0728/3,,videos/sample_002910_O1__0728__3.pt,ok,0.5672786832,0.5942644477,0.5670665085,0.5519684182,average,0.5672786832,0.5670665085,
O1/0728/4,,videos/sample_002911_O1__0728__4.pt,ok,0.5648137927,0.5903192759,0.5684659894,0.5541503297,average,0.5648137927,0.5684659894,
O1/0729/1,,videos/sample_002912_O1__0729__1.pt,ok,0.5757547617,0.5961616635,0.5622803210,0.5509222078,average,0.5757547617,0.5622803210,
O1/0729/2,,videos/sample_002913_O1__0729__2.pt,ok,0.5772615671,0.5974467993,0.5614337119,0.5502146527,average,0.5772615671,0.5614337119,
O1/0729/3,,videos/sample_002914_O1__0729__3.pt,ok,0.5765395164,0.5960444808,0.5618392419,0.5509867701,average,0.5765395164,0.5618392419,
O1/0729/4,,videos/sample_002915_O1__0729__4.pt,ok,0.5778878331,0.5980710387,0.5610822152,0.5498712942,average,0.5778878331,0.5610822152,
O1/0730/1,,videos/sample_002916_O1__0730__1.pt,ok,0.5898572206,0.6143931746,0.5544064369,0.5409690695,average,0.5898572206,0.5544064369,
O1/0730/2,,videos/sample_002917_O1__0730__2.pt,ok,0.5827056766,0.6063224673,0.5583855103,0.5453527384,average,0.5827056766,0.5583855103,
O1/0730/3,,videos/sample_002918_O1__0730__3.pt,ok,0.5902903676,0.6143931746,0.5541663494,0.5409690695,average,0.5902903676,0.5541663494,
O1/0730/4,,videos/sample_002919_O1__0730__4.pt,ok,0.5829545259,0.6063224673,0.5582465736,0.5453527384,average,0.5829545259,0.5582465736,
O1/0731/1,,videos/sample_002920_O1__0731__1.pt,ok,0.5852791071,0.6101813912,0.5569503913,0.5432523189,average,0.5852791071,0.5569503913,
O1/0731/2,,videos/sample_002921_O1__0731__2.pt,ok,0.5832186937,0.6073576212,0.5580991224,0.5447885065,average,0.5832186937,0.5580991224,
O1/0731/3,,videos/sample_002922_O1__0731__3.pt,ok,0.5861032605,0.6126620173,0.5564915678,0.5419063831,average,0.5861032605,0.5564915678,
O1/0731/4,,videos/sample_002923_O1__0731__4.pt,ok,0.5858209729,0.6111609936,0.5566486807,0.5427204083,average,0.5858209729,0.5566486807,
O1/0732/1,,videos/sample_002924_O1__0732__1.pt,ok,0.5846548080,0.6048132181,0.5572982035,0.5461764330,average,0.5846548080,0.5572982035,
O1/0732/2,,videos/sample_002925_O1__0732__2.pt,ok,0.5850078464,0.6051160097,0.5571014906,0.5460110804,average,0.5850078464,0.5571014906,
O1/0732/3,,videos/sample_002926_O1__0732__3.pt,ok,0.5835434198,0.6015108228,0.5579179224,0.5479831050,average,0.5835434198,0.5579179224,
O1/0732/4,,videos/sample_002927_O1__0732__4.pt,ok,0.5835465789,0.6023858190,0.5579161599,0.5475038316,average,0.5835465789,0.5579161599,
O1/0733/1,,videos/sample_002928_O1__0733__1.pt,ok,0.6214924455,0.6334515810,0.5371421837,0.5307566861,average,0.6214924455,0.5371421837,
O1/0733/2,,videos/sample_002929_O1__0733__2.pt,ok,0.6192548871,0.6308950186,0.5383454163,0.5321153347,average,0.6192548871,0.5383454163,
O1/0733/3,,videos/sample_002930_O1__0733__3.pt,ok,0.6211713552,0.6328666806,0.5373146825,0.5310672167,average,0.6211713552,0.5373146825,
O1/0733/4,,videos/sample_002931_O1__0733__4.pt,ok,0.6219485402,0.6327821612,0.5368972518,0.5311121041,average,0.6219485402,0.5368972518,
O1/0734/1,,videos/sample_002932_O1__0734__1.pt,ok,0.5929248333,0.6105855107,0.5527083386,0.5430328244,average,0.5929248333,0.5527083386,
O1/0734/2,,videos/sample_002933_O1__0734__2.pt,ok,0.5935704708,0.6119021177,0.5523516045,0.5423183341,average,0.5935704708,0.5523516045,
O1/0734/3,,videos/sample_002934_O1__0734__3.pt,ok,0.5935997963,0.6119525433,0.5523354068,0.5422909881,average,0.5935997963,0.5523354068,
O1/0734/4,,videos/sample_002935_O1__0734__4.pt,ok,0.5940797925,0.6121051908,0.5520703515,0.5422082150,average,0.5940797925,0.5520703515,
O1/0735/1,,videos/sample_002936_O1__0735__1.pt,ok,0.5574872494,0.5783335567,0.5726461746,0.5608321833,average,0.5574872494,0.5726461746,
O1/0735/2,,videos/sample_002937_O1__0735__2.pt,ok,0.5585415959,0.5886120200,0.5720427252,0.5550972141,average,0.5585415959,0.5720427252,
O1/0735/3,,videos/sample_002938_O1__0735__3.pt,ok,0.5562884212,0.5762594938,0.5733330906,0.5619965916,average,0.5562884212,0.5733330906,
O1/0735/4,,videos/sample_002939_O1__0735__4.pt,ok,0.5573802590,0.5875558257,0.5727074455,0.5556838144,average,0.5573802590,0.5727074455,
O1/0736/1,,videos/sample_002940_O1__0736__1.pt,ok,0.5845802426,0.6127676964,0.5573397602,0.5418491180,average,0.5845802426,0.5573397602,
O1/0736/2,,videos/sample_002941_O1__0736__2.pt,ok,0.5809127092,0.6089029908,0.5593875753,0.5439472570,average,0.5809127092,0.5593875753,
O1/0736/3,,videos/sample_002942_O1__0736__3.pt,ok,0.5852600336,0.6133698821,0.5569610144,0.5415229224,average,0.5852600336,0.5569610144,
O1/0736/4,,videos/sample_002943_O1__0736__4.pt,ok,0.5844961405,0.6133575439,0.5573866356,0.5415296039,average,0.5844961405,0.5573866356,
O1/0737/1,,videos/sample_002944_O1__0737__1.pt,ok,0.5814342499,0.6074670553,0.5590959080,0.5447288913,average,0.5814342499,0.5590959080,
O1/0737/2,,videos/sample_002945_O1__0737__2.pt,ok,0.5763699412,0.6000055075,0.5619345240,0.5488086135,average,0.5763699412,0.5619345240,
O1/0737/3,,videos/sample_002946_O1__0737__3.pt,ok,0.5799903274,0.6056118011,0.5599037823,0.5457404399,average,0.5799903274,0.5599037823,
O1/0737/4,,videos/sample_002947_O1__0737__4.pt,ok,0.5805647969,0.6095547676,0.5595822270,0.5435928403,average,0.5805647969,0.5595822270,
O1/0738/1,,videos/sample_002948_O1__0738__1.pt,ok,0.5749009848,0.5906714201,0.5627605879,0.5539552232,average,0.5749009848,0.5627605879,
O1/0738/2,,videos/sample_002949_O1__0738__2.pt,ok,0.5761528015,0.5985528827,0.5620565555,0.5496064058,average,0.5761528015,0.5620565555,
O1/0738/3,,videos/sample_002950_O1__0738__3.pt,ok,0.5775308013,0.5933213830,0.5612825751,0.5524892057,average,0.5775308013,0.5612825751,
O1/0738/4,,videos/sample_002951_O1__0738__4.pt,ok,0.5789577961,0.6022528410,0.5604821990,0.5475766424,average,0.5789577961,0.5604821990,
O1/0739/1,,videos/sample_002952_O1__0739__1.pt,ok,0.5790122747,0.5985470414,0.5604516655,0.5496096162,average,0.5790122747,0.5604516655,
O1/0739/2,,videos/sample_002953_O1__0739__2.pt,ok,0.5777222514,0.5968909860,0.5611751278,0.5505205543,average,0.5777222514,0.5611751278,
O1/0739/3,,videos/sample_002954_O1__0739__3.pt,ok,0.5801420212,0.5996769667,0.5598188548,0.5489889492,average,0.5801420212,0.5598188548,
O1/0739/4,,videos/sample_002955_O1__0739__4.pt,ok,0.5794498920,0.6007094383,0.5602064558,0.5484224262,average,0.5794498920,0.5602064558,
O1/0740/1,,videos/sample_002956_O1__0740__1.pt,ok,0.6240187883,0.6503919959,0.5357868910,0.5218411771,average,0.6240187883,0.5357868910,
O1/0740/2,,videos/sample_002957_O1__0740__2.pt,ok,0.6261742711,0.6513168812,0.5346332554,0.5213587570,average,0.6261742711,0.5346332554,
O1/0740/3,,videos/sample_002958_O1__0740__3.pt,ok,0.6255872250,0.6503919959,0.5349472019,0.5218411771,average,0.6255872250,0.5349472019,
O1/0740/4,,videos/sample_002959_O1__0740__4.pt,ok,0.6261976361,0.6513168812,0.5346207638,0.5213587570,average,0.6261976361,0.5346207638,
O1/0741/1,,videos/sample_002960_O1__0741__1.pt,ok,0.6290014982,0.6546978951,0.5331238605,0.5195990123,average,0.6290014982,0.5331238605,
O1/0741/2,,videos/sample_002961_O1__0741__2.pt,ok,0.6296592951,0.6549854279,0.5327732886,0.5194496320,average,0.6296592951,0.5327732886,
O1/0741/3,,videos/sample_002962_O1__0741__3.pt,ok,0.6281698942,0.6546978951,0.5335673928,0.5195990123,average,0.6281698942,0.5335673928,
O1/0741/4,,videos/sample_002963_O1__0741__4.pt,ok,0.6294747591,0.6549854279,0.5328716135,0.5194496320,average,0.6294747591,0.5328716135,
O1/0742/1,,videos/sample_002964_O1__0742__1.pt,ok,0.5877401233,0.6132406592,0.5555814126,0.5415929041,average,0.5877401233,0.5555814126,
O1/0742/2,,videos/sample_002965_O1__0742__2.pt,ok,0.5816647410,0.6054127812,0.5589670562,0.5458490639,average,0.5816647410,0.5589670562,
O1/0742/3,,videos/sample_002966_O1__0742__3.pt,ok,0.5876013637,0.6132406592,0.5556585102,0.5415929041,average,0.5876013637,0.5556585102,
O1/0742/4,,videos/sample_002967_O1__0742__4.pt,ok,0.5819118023,0.6054127812,0.5588289741,0.5458490639,average,0.5819118023,0.5588289741,
O1/0743/1,,videos/sample_002968_O1__0743__1.pt,ok,0.5827650428,0.6194084287,0.5583523620,0.5382627642,average,0.5827650428,0.5583523620,
O1/0743/2,,videos/sample_002969_O1__0743__2.pt,ok,0.5791468024,0.6082494855,0.5603762743,0.5443028456,average,0.5791468024,0.5603762743,
O1/0743/3,,videos/sample_002970_O1__0743__3.pt,ok,0.5844765902,0.6130056381,0.5573975328,0.5417202048,average,0.5844765902,0.5573975328,
O1/0743/4,,videos/sample_002971_O1__0743__4.pt,ok,0.5841464996,0.6125409007,0.5575815548,0.5419720210,average,0.5841464996,0.5575815548,
O1/0744/1,,videos/sample_002972_O1__0744__1.pt,ok,0.5683798194,0.5879338980,0.5664424347,0.5554737654,average,0.5683798194,0.5664424347,
O1/0744/2,,videos/sample_002973_O1__0744__2.pt,ok,0.5796542764,0.6128775477,0.5600919701,0.5417895984,average,0.5796542764,0.5600919701,
O1/0744/3,,videos/sample_002974_O1__0744__3.pt,ok,0.5802215338,0.6123268008,0.5597743439,0.5420880695,average,0.5802215338,0.5597743439,
O1/0744/4,,videos/sample_002975_O1__0744__4.pt,ok,0.5773806572,0.6148436666,0.5613668547,0.5407254222,average,0.5773806572,0.5613668547,
O1/0745/1,,videos/sample_002976_O1__0745__1.pt,ok,0.5639848113,0.5931780338,0.5689374325,0.5525684102,average,0.5639848113,0.5689374325,
O1/0745/2,,videos/sample_002977_O1__0745__2.pt,ok,0.5619215369,0.5985072255,0.5701125184,0.5496314999,average,0.5619215369,0.5701125184,
O1/0745/3,,videos/sample_002978_O1__0745__3.pt,ok,0.5537785292,0.5708383322,0.5747739021,0.5650515392,average,0.5537785292,0.5747739021,
O1/0745/4,,videos/sample_002979_O1__0745__4.pt,ok,0.5608351827,0.5861389041,0.5707321991,0.5564717328,average,0.5608351827,0.5707321991,
O1/0746/1,,videos/sample_002980_O1__0746__1.pt,ok,0.5842150450,0.6068196893,0.5575433365,0.5450816444,average,0.5842150450,0.5575433365,
O1/0746/2,,videos/sample_002981_O1__0746__2.pt,ok,0.5836433172,0.6042240858,0.5578621907,0.5464982980,average,0.5836433172,0.5578621907,
O1/0746/3,,videos/sample_002982_O1__0746__3.pt,ok,0.5818107128,0.6027368307,0.5588854687,0.5473116850,average,0.5818107128,0.5588854687,
O1/0746/4,,videos/sample_002983_O1__0746__4.pt,ok,0.5830247998,0.6021235585,0.5582073449,0.5476474390,average,0.5830247998,0.5582073449,
O1/0747/1,,videos/sample_002984_O1__0747__1.pt,ok,0.6288269758,0.6554342508,0.5332169106,0.5192165434,average,0.6288269758,0.5332169106,
O1/0747/2,,videos/sample_002985_O1__0747__2.pt,ok,0.6299724579,0.6547742486,0.5326064699,0.5195593406,average,0.6299724579,0.5326064699,
O1/0747/3,,videos/sample_002986_O1__0747__3.pt,ok,0.6292321682,0.6547742486,0.5330008990,0.5195593406,average,0.6292321682,0.5330008990,
O1/0747/4,,videos/sample_002987_O1__0747__4.pt,ok,0.6286870241,0.6554342508,0.5332915405,0.5192165434,average,0.6286870241,0.5332915405,
O1/0748/1,,videos/sample_002988_O1__0748__1.pt,ok,0.6238988638,0.6505240798,0.5358511489,0.5217722548,average,0.6238988638,0.5358511489,
O1/0748/2,,videos/sample_002989_O1__0748__2.pt,ok,0.6240180731,0.6505240798,0.5357872743,0.5217722548,average,0.6240180731,0.5357872743,
O1/0748/3,,videos/sample_002990_O1__0748__3.pt,ok,0.6240859628,0.6520354748,0.5357509011,0.5209842465,average,0.6240859628,0.5357509011,
O1/0748/4,,videos/sample_002991_O1__0748__4.pt,ok,0.6222376823,0.6520354748,0.5367420346,0.5209842465,average,0.6222376823,0.5367420346,
O1/0749/1,,videos/sample_002992_O1__0749__1.pt,ok,0.5779767632,0.6085097790,0.5610323203,0.5441611856,average,0.5779767632,0.5610323203,
O1/0749/2,,videos/sample_002993_O1__0749__2.pt,ok,0.5790015459,0.6099792123,0.5604576786,0.5433621642,average,0.5790015459,0.5604576786,
O1/0749/3,,videos/sample_002994_O1__0749__3.pt,ok,0.5771580338,0.6150358915,0.5614918420,0.5406214912,average,0.5771580338,0.5614918420,
O1/0749/4,,videos/sample_002995_O1__0749__4.pt,ok,0.5686603785,0.5880917311,0.5662835364,0.5553861002,average,0.5686603785,0.5662835364,
O1/0750/1,,videos/sample_002996_O1__0750__1.pt,ok,0.6282162070,0.6407974362,0.5335426824,0.5268721096,average,0.6282162070,0.5335426824,
O1/0750/2,,videos/sample_002997_O1__0750__2.pt,ok,0.6278135180,0.6397851706,0.5337575774,0.5274057142,average,0.6278135180,0.5337575774,
O1/0750/3,,videos/sample_002998_O1__0750__3.pt,ok,0.6289915442,0.6407974362,0.5331291672,0.5268721096,average,0.6289915442,0.5331291672,
O1/0750/4,,videos/sample_002999_O1__0750__4.pt,ok,0.6289522648,0.6397851706,0.5331501086,0.5274057142,average,0.6289522648,0.5331501086,
O1/0751/1,,videos/sample_003000_O1__0751__1.pt,ok,0.5547980666,0.5740265250,0.5741881973,0.5632529146,average,0.5547980666,0.5741881973,
O1/0751/2,,videos/sample_003001_O1__0751__2.pt,ok,0.5596036911,0.5886613131,0.5714354839,0.5550698524,average,0.5596036911,0.5714354839,
O1/0751/3,,videos/sample_003002_O1__0751__3.pt,ok,0.5565719604,0.5762667656,0.5731705512,0.5619925049,average,0.5565719604,0.5731705512,
O1/0751/4,,videos/sample_003003_O1__0751__4.pt,ok,0.5576238036,0.5838919878,0.5725679827,0.5577234840,average,0.5576238036,0.5725679827,
O1/0752/1,,videos/sample_003004_O1__0752__1.pt,ok,0.6375520825,0.6476353407,0.5285847735,0.5232816979,average,0.6375520825,0.5285847735,
O1/0752/2,,videos/sample_003005_O1__0752__2.pt,ok,0.6387372613,0.6486129165,0.5279586772,0.5227704003,average,0.6387372613,0.5279586772,
O1/0752/3,,videos/sample_003006_O1__0752__3.pt,ok,0.6381705999,0.6472425461,0.5282579357,0.5234872805,average,0.6381705999,0.5282579357,
O1/0752/4,,videos/sample_003007_O1__0752__4.pt,ok,0.6378565431,0.6474174261,0.5284238648,0.5233957410,average,0.6378565431,0.5284238648,
O1/0753/1,,videos/sample_003008_O1__0753__1.pt,ok,0.5693489313,0.5947052836,0.5658937545,0.5517251443,average,0.5693489313,0.5658937545,
O1/0753/2,,videos/sample_003009_O1__0753__2.pt,ok,0.5728454590,0.5966987610,0.5639185465,0.5506263883,average,0.5728454590,0.5639185465,
O1/0753/3,,videos/sample_003010_O1__0753__3.pt,ok,0.5724863410,0.5981992483,0.5641210962,0.5498007999,average,0.5724863410,0.5641210962,
O1/0753/4,,videos/sample_003011_O1__0753__4.pt,ok,0.5639930367,0.5805958509,0.5689327528,0.5595648500,average,0.5639930367,0.5689327528,
O1/0754/1,,videos/sample_003012_O1__0754__1.pt,ok,0.6150354147,0.6280423999,0.5406217490,0.5336354239,average,0.6150354147,0.5406217490,
O1/0754/2,,videos/sample_003013_O1__0754__2.pt,ok,0.6137171388,0.6280423999,0.5413349076,0.5336354239,average,0.6137171388,0.5413349076,
O1/0754/3,,videos/sample_003014_O1__0754__3.pt,ok,0.6166573167,0.6280366778,0.5397456242,0.5336384774,average,0.6166573167,0.5397456242,
O1/0754/4,,videos/sample_003015_O1__0754__4.pt,ok,0.6163839698,0.6280366778,0.5398931822,0.5336384774,average,0.6163839698,0.5398931822,
O1/0755/1,,videos/sample_003016_O1__0755__1.pt,ok,0.6211515069,0.6496918201,0.5373253474,0.5222066855,average,0.6211515069,0.5373253474,
O1/0755/2,,videos/sample_003017_O1__0755__2.pt,ok,0.6195693612,0.6496918201,0.5381761472,0.5222066855,average,0.6195693612,0.5381761472,
O1/0755/3,,videos/sample_003018_O1__0755__3.pt,ok,0.6213832498,0.6490683556,0.5372008405,0.5225323644,average,0.6213832498,0.5372008405,
O1/0755/4,,videos/sample_003019_O1__0755__4.pt,ok,0.6210618019,0.6490683556,0.5373735503,0.5225323644,average,0.6210618019,0.5373735503,
O1/0756/1,,videos/sample_003020_O1__0756__1.pt,ok,0.5689998865,0.6012828946,0.5660913112,0.5481080200,average,0.5689998865,0.5660913112,
O1/0756/2,,videos/sample_003021_O1__0756__2.pt,ok,0.5663649440,0.5929402113,0.5675848962,0.5526998391,average,0.5663649440,0.5675848962,
O1/0756/3,,videos/sample_003022_O1__0756__3.pt,ok,0.5725803971,0.6017527580,0.5640680396,0.5478505446,average,0.5725803971,0.5640680396,
O1/0756/4,,videos/sample_003023_O1__0756__4.pt,ok,0.5731531382,0.6027383208,0.5637450672,0.5473108695,average,0.5731531382,0.5637450672,
O1/0757/1,,videos/sample_003024_O1__0757__1.pt,ok,0.5809655190,0.6022372246,0.5593580350,0.5475851936,average,0.5809655190,0.5593580350,
O1/0757/2,,videos/sample_003025_O1__0757__2.pt,ok,0.5793472528,0.5999103785,0.5602639579,0.5488608236,average,0.5793472528,0.5602639579,
O1/0757/3,,videos/sample_003026_O1__0757__3.pt,ok,0.5786782503,0.5999103785,0.5606389013,0.5488608236,average,0.5786782503,0.5606389013,
O1/0757/4,,videos/sample_003027_O1__0757__4.pt,ok,0.5813415647,0.6022372246,0.5591477303,0.5475851936,average,0.5813415647,0.5591477303,
O1/0758/1,,videos/sample_003028_O1__0758__1.pt,ok,0.6269036531,0.6375872493,0.5342434457,0.5285661852,average,0.6269036531,0.5342434457,
O1/0758/2,,videos/sample_003029_O1__0758__2.pt,ok,0.6264360547,0.6375809908,0.5344933155,0.5285694933,average,0.6264360547,0.5344933155,
O1/0758/3,,videos/sample_003030_O1__0758__3.pt,ok,0.6278685331,0.6382096410,0.5337282135,0.5282373124,average,0.6278685331,0.5337282135,
O1/0758/4,,videos/sample_003031_O1__0758__4.pt,ok,0.6255883574,0.6375872493,0.5349465961,0.5285661852,average,0.6255883574,0.5349465961,
O1/0759/1,,videos/sample_003032_O1__0759__1.pt,ok,0.6238188744,0.6365000606,0.5358940130,0.5291411489,average,0.6238188744,0.5358940130,
O1/0759/2,,videos/sample_003033_O1__0759__2.pt,ok,0.6256193519,0.6372322440,0.5349300160,0.5287538623,average,0.6256193519,0.5349300160,
O1/0759/3,,videos/sample_003034_O1__0759__3.pt,ok,0.6266505718,0.6361161470,0.5343786698,0.5293443324,average,0.6266505718,0.5343786698,
O1/0759/4,,videos/sample_003035_O1__0759__4.pt,ok,0.6258752942,0.6356245279,0.5347931223,0.5296046321,average,0.6258752942,0.5347931223,
O1/0760/1,,videos/sample_003036_O1__0760__1.pt,ok,0.5532512069,0.5721492767,0.5750770732,0.5643112733,average,0.5532512069,0.5750770732,
O1/0760/2,,videos/sample_003037_O1__0760__2.pt,ok,0.5527438521,0.5705311894,0.5753689153,0.5652251173,average,0.5527438521,0.5753689153,
O1/0760/3,,videos/sample_003038_O1__0760__3.pt,ok,0.5565084815,0.5868548751,0.5732069366,0.5560734578,average,0.5565084815,0.5732069366,
O1/0760/4,,videos/sample_003039_O1__0760__4.pt,ok,0.5568746328,0.5894824266,0.5729970946,0.5546142640,average,0.5568746328,0.5729970946,
O1/0761/1,,videos/sample_003040_O1__0761__1.pt,ok,0.5604470372,0.5888336301,0.5709537692,0.5549742126,average,0.5604470372,0.5709537692,
O1/0761/2,,videos/sample_003041_O1__0761__2.pt,ok,0.5609353185,0.5874229074,0.5706750512,0.5557576798,average,0.5609353185,0.5706750512,
O1/0761/3,,videos/sample_003042_O1__0761__3.pt,ok,0.5564602017,0.5751228929,0.5732346116,0.5626357206,average,0.5564602017,0.5732346116,
O1/0761/4,,videos/sample_003043_O1__0761__4.pt,ok,0.5589215159,0.5776985288,0.5718254360,0.5611884405,average,0.5589215159,0.5718254360,
O1/0762/1,,videos/sample_003044_O1__0762__1.pt,ok,0.5620827079,0.5917114019,0.5700206402,0.5533794193,average,0.5620827079,0.5700206402,
O1/0762/2,,videos/sample_003045_O1__0762__2.pt,ok,0.5664664507,0.6044706702,0.5675272855,0.5463635566,average,0.5664664507,0.5675272855,
O1/0762/3,,videos/sample_003046_O1__0762__3.pt,ok,0.5710908175,0.6055397987,0.5649088900,0.5457797359,average,0.5710908175,0.5649088900,
O1/0762/4,,videos/sample_003047_O1__0762__4.pt,ok,0.5688279271,0.5976014137,0.5661886643,0.5501295881,average,0.5688279271,0.5661886643,
O1/0763/1,,videos/sample_003048_O1__0763__1.pt,ok,0.5660377741,0.5864840150,0.5677706233,0.5562797215,average,0.5660377741,0.5677706233,
O1/0763/2,,videos/sample_003049_O1__0763__2.pt,ok,0.5652995110,0.5872984529,0.5681899422,0.5558268507,average,0.5652995110,0.5681899422,
O1/0763/3,,videos/sample_003050_O1__0763__3.pt,ok,0.5671383142,0.5908832550,0.5671461126,0.5538378885,average,0.5671383142,0.5671461126,
O1/0763/4,,videos/sample_003051_O1__0763__4.pt,ok,0.5668925643,0.5926730633,0.5672855059,0.5528475115,average,0.5668925643,0.5672855059,
O1/0764/1,,videos/sample_003052_O1__0764__1.pt,ok,0.5868765712,0.6199949980,0.5560613933,0.5379471284,average,0.5868765712,0.5560613933,
O1/0764/2,,videos/sample_003053_O1__0764__2.pt,ok,0.5921595097,0.6207193136,0.5531315012,0.5375576260,average,0.5921595097,0.5531315012,
O1/0764/3,,videos/sample_003054_O1__0764__3.pt,ok,0.5901022553,0.6232935786,0.5542706047,0.5361755898,average,0.5901022553,0.5542706047,
O1/0764/4,,videos/sample_003055_O1__0764__4.pt,ok,0.5913844109,0.6225960255,0.5535603990,0.5365497313,average,0.5913844109,0.5535603990,
O1/0765/1,,videos/sample_003056_O1__0765__1.pt,ok,0.6273245215,0.6388888955,0.5340186468,0.5278786266,average,0.6273245215,0.5340186468,
O1/0765/2,,videos/sample_003057_O1__0765__2.pt,ok,0.6259410381,0.6377697587,0.5347579640,0.5284697257,average,0.6259410381,0.5347579640,
O1/0765/3,,videos/sample_003058_O1__0765__3.pt,ok,0.6269397736,0.6374106407,0.5342241489,0.5286595428,average,0.6269397736,0.5342241489,
O1/0765/4,,videos/sample_003059_O1__0765__4.pt,ok,0.6282534003,0.6388888955,0.5335228385,0.5278786266,average,0.6282534003,0.5335228385,
O1/0766/1,,videos/sample_003060_O1__0766__1.pt,ok,0.6279363036,0.6527165771,0.5336920437,0.5206295237,average,0.6279363036,0.5336920437,
O1/0766/2,,videos/sample_003061_O1__0766__2.pt,ok,0.6279416680,0.6527165771,0.5336891807,0.5206295237,average,0.6279416680,0.5336891807,
O1/0766/3,,videos/sample_003062_O1__0766__3.pt,ok,0.6282338500,0.6533879042,0.5335332692,0.5202801283,average,0.6282338500,0.5335332692,
O1/0766/4,,videos/sample_003063_O1__0766__4.pt,ok,0.6270421743,0.6533879042,0.5341694468,0.5202801283,average,0.6270421743,0.5341694468,
O1/0767/1,,videos/sample_003064_O1__0767__1.pt,ok,0.6215317249,0.6471163630,0.5371210854,0.5235533398,average,0.6215317249,0.5371210854,
O1/0767/2,,videos/sample_003065_O1__0767__2.pt,ok,0.6212803721,0.6471163630,0.5372561093,0.5235533398,average,0.6212803721,0.5372561093,
O1/0767/3,,videos/sample_003066_O1__0767__3.pt,ok,0.6213333011,0.6451852918,0.5372276736,0.5245653355,average,0.6213333011,0.5372276736,
O1/0767/4,,videos/sample_003067_O1__0767__4.pt,ok,0.6207051277,0.6451852918,0.5375652518,0.5245653355,average,0.6207051277,0.5375652518,
O1/0768/1,,videos/sample_003068_O1__0768__1.pt,ok,0.5860371590,0.6116950512,0.5565283540,0.5424306417,average,0.5860371590,0.5565283540,
O1/0768/2,,videos/sample_003069_O1__0768__2.pt,ok,0.5911052823,0.6166682839,0.5537149351,0.5397397047,average,0.5911052823,0.5537149351,
O1/0768/3,,videos/sample_003070_O1__0768__3.pt,ok,0.5913093090,0.6180315614,0.5536019740,0.5390043911,average,0.5913093090,0.5536019740,
O1/0768/4,,videos/sample_003071_O1__0768__4.pt,ok,0.5882288218,0.6180043817,0.5553099672,0.5390190413,average,0.5882288218,0.5553099672,
O1/0769/1,,videos/sample_003072_O1__0769__1.pt,ok,0.5742858648,0.5965456367,0.5631068597,0.5507107090,average,0.5742858648,0.5631068597,
O1/0769/2,,videos/sample_003073_O1__0769__2.pt,ok,0.5743167400,0.5978147388,0.5630894739,0.5500122442,average,0.5743167400,0.5630894739,
O1/0769/3,,videos/sample_003074_O1__0769__3.pt,ok,0.5726372004,0.5936694145,0.5640359996,0.5522969555,average,0.5726372004,0.5640359996,
O1/0769/4,,videos/sample_003075_O1__0769__4.pt,ok,0.5729594827,0.5924566388,0.5638542501,0.5529671741,average,0.5729594827,0.5638542501,
O1/0770/1,,videos/sample_003076_O1__0770__1.pt,ok,0.5667781830,0.5824450254,0.5673503964,0.5585310730,average,0.5667781830,0.5673503964,
O1/0770/2,,videos/sample_003077_O1__0770__2.pt,ok,0.5675323606,0.5919836760,0.5669226748,0.5532287689,average,0.5675323606,0.5669226748,
O1/0770/3,,videos/sample_003078_O1__0770__3.pt,ok,0.5642239451,0.5802901387,0.5688013966,0.5597359419,average,0.5642239451,0.5688013966,
O1/0770/4,,videos/sample_003079_O1__0770__4.pt,ok,0.5686184764,0.5911408663,0.5663072654,0.5536952320,average,0.5686184764,0.5663072654,
O1/0771/1,,videos/sample_003080_O1__0771__1.pt,ok,0.5815758705,0.6026956439,0.5590167341,0.5473342275,average,0.5815758705,0.5590167341,
O1/0771/2,,videos/sample_003081_O1__0771__2.pt,ok,0.5820359588,0.6032234430,0.5587595962,0.5470454212,average,0.5820359588,0.5587595962,
O1/0771/3,,videos/sample_003082_O1__0771__3.pt,ok,0.5801638961,0.5980260968,0.5598066089,0.5498960070,average,0.5801638961,0.5598066089,
O1/0771/4,,videos/sample_003083_O1__0771__4.pt,ok,0.5807645917,0.5991107225,0.5594704365,0.5492998990,average,0.5807645917,0.5594704365,
O1/0772/1,,videos/sample_003084_O1__0772__1.pt,ok,0.6228873134,0.6336441636,0.5363934636,0.5306544814,average,0.6228873134,0.5363934636,
O1/0772/2,,videos/sample_003085_O1__0772__2.pt,ok,0.6248180866,0.6381090283,0.5353588086,0.5282904624,average,0.6248180866,0.5353588086,
O1/0772/3,,videos/sample_003086_O1__0772__3.pt,ok,0.6238740683,0.6373009086,0.5358644358,0.5287175569,average,0.6238740683,0.5358644358,
O1/0772/4,,videos/sample_003087_O1__0772__4.pt,ok,0.6244288087,0.6342722178,0.5355672525,0.5303213063,average,0.6244288087,0.5355672525,
O1/0773/1,,videos/sample_003088_O1__0773__1.pt,ok,0.6256008148,0.6525860429,0.5349399321,0.5206974881,average,0.6256008148,0.5349399321,
O1/0773/2,,videos/sample_003089_O1__0773__2.pt,ok,0.6232998967,0.6518325210,0.5361722022,0.5210899929,average,0.6232998967,0.5361722022,
O1/0773/3,,videos/sample_003090_O1__0773__3.pt,ok,0.6263688207,0.6525860429,0.5345292528,0.5206974881,average,0.6263688207,0.5345292528,
O1/0773/4,,videos/sample_003091_O1__0773__4.pt,ok,0.6261017323,0.6518325210,0.5346720385,0.5210899929,average,0.6261017323,0.5346720385,
O1/0774/1,,videos/sample_003092_O1__0774__1.pt,ok,0.5727374554,0.5999929309,0.5639794550,0.5488155157,average,0.5727374554,0.5639794550,
O1/0774/2,,videos/sample_003093_O1__0774__2.pt,ok,0.5717105865,0.5888357162,0.5645588854,0.5549730548,average,0.5717105865,0.5645588854,
O1/0774/3,,videos/sample_003094_O1__0774__3.pt,ok,0.5711318254,0.6005340219,0.5648857247,0.5485186369,average,0.5711318254,0.5648857247,
O1/0774/4,,videos/sample_003095_O1__0774__4.pt,ok,0.5697845817,0.5872583985,0.5656472764,0.5558491144,average,0.5697845817,0.5656472764,
O1/0775/1,,videos/sample_003096_O1__0775__1.pt,ok,0.6149535775,0.6295660734,0.5406659938,0.5328229569,average,0.6149535775,0.5406659938,
O1/0775/2,,videos/sample_003097_O1__0775__2.pt,ok,0.6136873960,0.6295515895,0.5413510086,0.5328306743,average,0.6136873960,0.5413510086,
O1/0775/3,,videos/sample_003098_O1__0775__3.pt,ok,0.6127690077,0.6300691366,0.5418484075,0.5325549807,average,0.6127690077,0.5418484075,
O1/0775/4,,videos/sample_003099_O1__0775__4.pt,ok,0.6144050956,0.6308007240,0.5409626207,0.5321655126,average,0.6144050956,0.5409626207,
O1/0776/1,,videos/sample_003100_O1__0776__1.pt,ok,0.6234570146,0.6351360679,0.5360879666,0.5298633860,average,0.6234570146,0.5360879666,
O1/0776/2,,videos/sample_003101_O1__0776__2.pt,ok,0.6244164109,0.6351360679,0.5355738924,0.5298633860,average,0.6244164109,0.5355738924,
O1/0776/3,,videos/sample_003102_O1__0776__3.pt,ok,0.6237490177,0.6352326274,0.5359314501,0.5298122251,average,0.6237490177,0.5359314501,
O1/0776/4,,videos/sample_003103_O1__0776__4.pt,ok,0.6229539514,0.6345945597,0.5363577206,0.5301503891,average,0.6229539514,0.5363577206,
O1/0777/1,,videos/sample_003104_O1__0777__1.pt,ok,0.5765328407,0.6013721228,0.5618429926,0.5480591155,average,0.5765328407,0.5618429926,
O1/0777/2,,videos/sample_003105_O1__0777__2.pt,ok,0.5776396990,0.6007839441,0.5612214561,0.5483815670,average,0.5776396990,0.5612214561,
O1/0777/3,,videos/sample_003106_O1__0777__3.pt,ok,0.5741004944,0.5895748138,0.5632112527,0.5545630271,average,0.5741004944,0.5632112527,
O1/0777/4,,videos/sample_003107_O1__0777__4.pt,ok,0.5787526965,0.6021732092,0.5605971655,0.5476202486,average,0.5787526965,0.5605971655,
O1/0778/1,,videos/sample_003108_O1__0778__1.pt,ok,0.5758982301,0.6019413471,0.5621996573,0.5477472357,average,0.5758982301,0.5621996573,
O1/0778/2,,videos/sample_003109_O1__0778__2.pt,ok,0.5777183771,0.6021540761,0.5611773020,0.5476307264,average,0.5777183771,0.5611773020,
O1/0778/3,,videos/sample_003110_O1__0778__3.pt,ok,0.5709446669,0.5848730803,0.5649914578,0.5571765740,average,0.5709446669,0.5649914578,
O1/0778/4,,videos/sample_003111_O1__0778__4.pt,ok,0.5714507699,0.5958857536,0.5647055863,0.5510742336,average,0.5714507699,0.5647055863,
O1/0779/1,,videos/sample_003112_O1__0779__1.pt,ok,0.6221992373,0.6528309584,0.5367626701,0.5205699769,average,0.6221992373,0.5367626701,
O1/0779/2,,videos/sample_003113_O1__0779__2.pt,ok,0.6234132051,0.6507735848,0.5361114528,0.5216420862,average,0.6234132051,0.5361114528,
O1/0779/3,,videos/sample_003114_O1__0779__3.pt,ok,0.6231070757,0.6507735848,0.5362755975,0.5216420862,average,0.6231070757,0.5362755975,
O1/0779/4,,videos/sample_003115_O1__0779__4.pt,ok,0.6229421496,0.6528309584,0.5363640506,0.5205699769,average,0.6229421496,0.5363640506,
O1/0780/1,,videos/sample_003116_O1__0780__1.pt,ok,0.6193708777,0.6322550774,0.5382829769,0.5313921185,average,0.6193708777,0.5382829769,
O1/0780/2,,videos/sample_003117_O1__0780__2.pt,ok,0.6207276583,0.6322550774,0.5375531403,0.5313921185,average,0.6207276583,0.5375531403,
O1/0780/3,,videos/sample_003118_O1__0780__3.pt,ok,0.6202676296,0.6316286922,0.5378004870,0.5317250789,average,0.6202676296,0.5378004870,
O1/0780/4,,videos/sample_003119_O1__0780__4.pt,ok,0.6179051995,0.6316286922,0.5390725050,0.5317250789,average,0.6179051995,0.5390725050,
O1/0781/1,,videos/sample_003120_O1__0781__1.pt,ok,0.5852167606,0.6096965671,0.5569851163,0.5435157646,average,0.5852167606,0.5569851163,
O1/0781/2,,videos/sample_003121_O1__0781__2.pt,ok,0.5846090913,0.6084278822,0.5573236819,0.5442057525,average,0.5846090913,0.5573236819,
O1/0781/3,,videos/sample_003122_O1__0781__3.pt,ok,0.5818398595,0.6073616743,0.5588691793,0.5447862984,average,0.5818398595,0.5588691793,
O1/0781/4,,videos/sample_003123_O1__0781__4.pt,ok,0.5847145915,0.6075965762,0.5572648873,0.5446583421,average,0.5847145915,0.5572648873,
O1/0782/1,,videos/sample_003124_O1__0782__1.pt,ok,0.5678846240,0.5871288180,0.5667230038,0.5559211463,average,0.5678846240,0.5667230038,
O1/0782/2,,videos/sample_003125_O1__0782__2.pt,ok,0.5687146187,0.5896542668,0.5662528219,0.5545189672,average,0.5687146187,0.5662528219,
O1/0782/3,,videos/sample_003126_O1__0782__3.pt,ok,0.5673367381,0.5864530206,0.5670335885,0.5562969633,average,0.5673367381,0.5670335885,
O1/0782/4,,videos/sample_003127_O1__0782__4.pt,ok,0.5696605444,0.5921160579,0.5657174421,0.5531555363,average,0.5696605444,0.5657174421,
O1/0783/1,,videos/sample_003128_O1__0783__1.pt,ok,0.5791785717,0.6042162776,0.5603584719,0.5465025651,average,0.5791785717,0.5603584719,
O1/0783/2,,videos/sample_003129_O1__0783__2.pt,ok,0.5777739286,0.5993220806,0.5611461286,0.5491838123,average,0.5777739286,0.5611461286,
O1/0783/3,,videos/sample_003130_O1__0783__3.pt,ok,0.5805556178,0.6072723866,0.5595873635,0.5448349433,average,0.5805556178,0.5595873635,
O1/0783/4,,videos/sample_003131_O1__0783__4.pt,ok,0.5815145373,0.6108374596,0.5590510214,0.5428960252,average,0.5815145373,0.5590510214,
O1/0784/1,,videos/sample_003132_O1__0784__1.pt,ok,0.5700917244,0.5849004984,0.5654735686,0.5571612975,average,0.5700917244,0.5654735686,
O1/0784/2,,videos/sample_003133_O1__0784__2.pt,ok,0.5710610747,0.5916621685,0.5649256922,0.5534066647,average,0.5710610747,0.5649256922,
O1/0784/3,,videos/sample_003134_O1__0784__3.pt,ok,0.5683532953,0.5845214725,0.5664574593,0.5573725161,average,0.5683532953,0.5664574593,
O1/0784/4,,videos/sample_003135_O1__0784__4.pt,ok,0.5698221326,0.5932783484,0.5656260362,0.5525129823,average,0.5698221326,0.5656260362,
O1/0785/1,,videos/sample_003136_O1__0785__1.pt,ok,0.5862720609,0.6107367277,0.5563976398,0.5429507149,average,0.5862720609,0.5563976398,
O1/0785/2,,videos/sample_003137_O1__0785__2.pt,ok,0.5814680457,0.6054382324,0.5590770132,0.5458351715,average,0.5814680457,0.5590770132,
O1/0785/3,,videos/sample_003138_O1__0785__3.pt,ok,0.5797029734,0.5996667743,0.5600646960,0.5489945447,average,0.5797029734,0.5600646960,
O1/0785/4,,videos/sample_003139_O1__0785__4.pt,ok,0.5866467953,0.6121690273,0.5561891775,0.5421736034,average,0.5866467953,0.5561891775,
O1/0786/1,,videos/sample_003140_O1__0786__1.pt,ok,0.5772486925,0.5909783840,0.5614409402,0.5537852050,average,0.5772486925,0.5614409402,
O1/0786/2,,videos/sample_003141_O1__0786__2.pt,ok,0.5810518861,0.6035867333,0.5593097269,0.5468467210,average,0.5810518861,0.5593097269,
O1/0786/3,,videos/sample_003142_O1__0786__3.pt,ok,0.5831254125,0.6057847142,0.5581511850,0.5456460824,average,0.5831254125,0.5581511850,
O1/0786/4,,videos/sample_003143_O1__0786__4.pt,ok,0.5835642815,0.6118542552,0.5579062835,0.5423442914,average,0.5835642815,0.5579062835,
O1/0787/1,,videos/sample_003144_O1__0787__1.pt,ok,0.5966152549,0.6167708039,0.5506723709,0.5396843734,average,0.5966152549,0.5506723709,
O1/0787/2,,videos/sample_003145_O1__0787__2.pt,ok,0.5971315503,0.6157653928,0.5503881346,0.5402272510,average,0.5971315503,0.5503881346,
O1/0787/3,,videos/sample_003146_O1__0787__3.pt,ok,0.5972699523,0.6167708039,0.5503119651,0.5396843734,average,0.5972699523,0.5503119651,
O1/0787/4,,videos/sample_003147_O1__0787__4.pt,ok,0.5951762199,0.6157653928,0.5514653781,0.5402272510,average,0.5951762199,0.5514653781,
O1/0788/1,,videos/sample_003148_O1__0788__1.pt,ok,0.6254914999,0.6546199918,0.5349984122,0.5196394924,average,0.6254914999,0.5349984122,
O1/0788/2,,videos/sample_003149_O1__0788__2.pt,ok,0.6248828769,0.6539096832,0.5353241237,0.5200087278,average,0.6248828769,0.5353241237,
O1/0788/3,,videos/sample_003150_O1__0788__3.pt,ok,0.6249154806,0.6539096832,0.5353066704,0.5200087278,average,0.6249154806,0.5353066704,
O1/0788/4,,videos/sample_003151_O1__0788__4.pt,ok,0.6241572499,0.6546199918,0.5357127103,0.5196394924,average,0.6241572499,0.5357127103,
O1/0789/1,,videos/sample_003152_O1__0789__1.pt,ok,0.5999297500,0.6154640913,0.5488501915,0.5403900468,average,0.5999297500,0.5488501915,
O1/0789/2,,videos/sample_003153_O1__0789__2.pt,ok,0.6086301208,0.6243644357,0.5440957042,0.5356017297,average,0.6086301208,0.5440957042,
O1/0789/3,,videos/sample_003154_O1__0789__3.pt,ok,0.6047288179,0.6256236434,0.5462225323,0.5349277203,average,0.6047288179,0.5462225323,
O1/0789/4,,videos/sample_003155_O1__0789__4.pt,ok,0.6090440750,0.6241185069,0.5438705201,0.5357334658,average,0.6090440750,0.5438705201,
O1/0790/1,,videos/sample_003156_O1__0790__1.pt,ok,0.5677753687,0.6048212051,0.5667849247,0.5461720707,average,0.5677753687,0.5667849247,
O1/0790/2,,videos/sample_003157_O1__0790__2.pt,ok,0.5673890710,0.6007322669,0.5670039147,0.5484099066,average,0.5673890710,0.5670039147,
O1/0790/3,,videos/sample_003158_O1__0790__3.pt,ok,0.5689542890,0.6038985252,0.5661171242,0.5466762452,average,0.5689542890,0.5661171242,
O1/0790/4,,videos/sample_003159_O1__0790__4.pt,ok,0.5617753863,0.5959960222,0.5701958468,0.5510134708,average,0.5617753863,0.5701958468,
O1/0791/1,,videos/sample_003160_O1__0791__1.pt,ok,0.5826091170,0.6090334058,0.5584394303,0.5438763228,average,0.5826091170,0.5584394303,
O1/0791/2,,videos/sample_003161_O1__0791__2.pt,ok,0.5832953453,0.6102792621,0.5580563448,0.5431991530,average,0.5832953453,0.5580563448,
O1/0791/3,,videos/sample_003162_O1__0791__3.pt,ok,0.5763602257,0.5995013118,0.5619399835,0.5490853902,average,0.5763602257,0.5619399835,
O1/0791/4,,videos/sample_003163_O1__0791__4.pt,ok,0.5829013586,0.6101735234,0.5582762549,0.5432565931,average,0.5829013586,0.5582762549,
O1/0792/1,,videos/sample_003164_O1__0792__1.pt,ok,0.6387272477,0.6474447250,0.5279639639,0.5233814530,average,0.6387272477,0.5279639639,
O1/0792/2,,videos/sample_003165_O1__0792__2.pt,ok,0.6381515265,0.6465653181,0.5282680115,0.5238419208,average,0.6381515265,0.5282680115,
O1/0792/3,,videos/sample_003166_O1__0792__3.pt,ok,0.6377711296,0.6474447250,0.5284690012,0.5233814530,average,0.6377711296,0.5284690012,
O1/0792/4,,videos/sample_003167_O1__0792__4.pt,ok,0.6385062337,0.6461789012,0.5280806643,0.5240443813,average,0.6385062337,0.5280806643,
O1/0793/1,,videos/sample_003168_O1__0793__1.pt,ok,0.6179367304,0.6304944754,0.5390555078,0.5323285126,average,0.6179367304,0.5390555078,
O1/0793/2,,videos/sample_003169_O1__0793__2.pt,ok,0.6188422441,0.6318436861,0.5385676066,0.5316107735,average,0.6188422441,0.5385676066,
O1/0793/3,,videos/sample_003170_O1__0793__3.pt,ok,0.6204714775,0.6316180825,0.5376908687,0.5317307204,average,0.6204714775,0.5376908687,
O1/0793/4,,videos/sample_003171_O1__0793__4.pt,ok,0.6199223399,0.6305849552,0.5379862160,0.5322803498,average,0.6199223399,0.5379862160,
O1/0794/1,,videos/sample_003172_O1__0794__1.pt,ok,0.5802664161,0.6038199663,0.5597492205,0.5467191932,average,0.5802664161,0.5597492205,
O1/0794/2,,videos/sample_003173_O1__0794__2.pt,ok,0.5783969164,0.5997367501,0.5607966503,0.5489561297,average,0.5783969164,0.5607966503,
O1/0794/3,,videos/sample_003174_O1__0794__3.pt,ok,0.5804808140,0.6025155783,0.5596292243,0.5474327925,average,0.5804808140,0.5596292243,
O1/0794/4,,videos/sample_003175_O1__0794__4.pt,ok,0.5795745850,0.6015333533,0.5601366064,0.5479707588,average,0.5795745850,0.5601366064,
O1/0795/1,,videos/sample_003176_O1__0795__1.pt,ok,0.6377917528,0.6464787126,0.5284581026,0.5238872903,average,0.6377917528,0.5284581026,
O1/0795/2,,videos/sample_003177_O1__0795__2.pt,ok,0.6380487084,0.6464303732,0.5283223298,0.5239126153,average,0.6380487084,0.5283223298,
O1/0795/3,,videos/sample_003178_O1__0795__3.pt,ok,0.6388274431,0.6466851234,0.5279110670,0.5237791655,average,0.6388274431,0.5279110670,
O1/0795/4,,videos/sample_003179_O1__0795__4.pt,ok,0.6385292411,0.6464303732,0.5280685147,0.5239126153,average,0.6385292411,0.5280685147,
O1/0796/1,,videos/sample_003180_O1__0796__1.pt,ok,0.6381260753,0.6454285383,0.5282814568,0.5244377523,average,0.6381260753,0.5282814568,
O1/0796/2,,videos/sample_003181_O1__0796__2.pt,ok,0.6378760934,0.6458392739,0.5284135341,0.5242223912,average,0.6378760934,0.5284135341,
O1/0796/3,,videos/sample_003182_O1__0796__3.pt,ok,0.6373078227,0.6461897492,0.5287139013,0.5240386964,average,0.6373078227,0.5287139013,
O1/0796/4,,videos/sample_003183_O1__0796__4.pt,ok,0.6383720040,0.6455363631,0.5281515531,0.5243812079,average,0.6383720040,0.5281515531,
O1/0797/1,,videos/sample_003184_O1__0797__1.pt,ok,0.6088290215,0.6248030066,0.5439874939,0.5353668818,average,0.6088290215,0.5439874939,
O1/0797/2,,videos/sample_003185_O1__0797__2.pt,ok,0.6067841649,0.6249414086,0.5451010084,0.5352927911,average,0.6067841649,0.5451010084,
O1/0797/3,,videos/sample_003186_O1__0797__3.pt,ok,0.6096388698,0.6278823018,0.5435471249,0.5337208648,average,0.6096388698,0.5435471249,
O1/0797/4,,videos/sample_003187_O1__0797__4.pt,ok,0.6097488999,0.6281783581,0.5434873216,0.5335628768,average,0.6097488999,0.5434873216,
O1/0798/1,,videos/sample_003188_O1__0798__1.pt,ok,0.5613352060,0.5873633027,0.5704468910,0.5557908066,average,0.5613352060,0.5704468910,
O1/0798/2,,videos/sample_003189_O1__0798__2.pt,ok,0.5693662167,0.5974122286,0.5658839729,0.5502336743,average,0.5693662167,0.5658839729,
O1/0798/3,,videos/sample_003190_O1__0798__3.pt,ok,0.5676567554,0.6025323272,0.5668521569,0.5474236237,average,0.5676567554,0.5668521569,
O1/0798/4,,videos/sample_003191_O1__0798__4.pt,ok,0.5689603090,0.6014270782,0.5661137162,0.5480289975,average,0.5689603090,0.5661137162,
O1/0799/1,,videos/sample_003192_O1__0799__1.pt,ok,0.5650946498,0.5811973810,0.5683063541,0.5592283561,average,0.5650946498,0.5683063541,
O1/0799/2,,videos/sample_003193_O1__0799__2.pt,ok,0.5736284256,0.6009277701,0.5634771899,0.5483027012,average,0.5736284256,0.5634771899,
O1/0799/3,,videos/sample_003194_O1__0799__3.pt,ok,0.5727127790,0.5986321568,0.5639933722,0.5495628380,average,0.5727127790,0.5639933722,
O1/0799/4,,videos/sample_003195_O1__0799__4.pt,ok,0.5738433003,0.5999358296,0.5633561259,0.5488468547,average,0.5738433003,0.5633561259,
O1/0800/1,,videos/sample_003196_O1__0800__1.pt,ok,0.6126135588,0.6273398995,0.5419326438,0.5340104347,average,0.6126135588,0.5419326438,
O1/0800/2,,videos/sample_003197_O1__0800__2.pt,ok,0.6109648943,0.6255288124,0.5428268458,0.5349784505,average,0.6109648943,0.5428268458,
O1/0800/3,,videos/sample_003198_O1__0800__3.pt,ok,0.6124609709,0.6266556382,0.5420153424,0.5343759624,average,0.6124609709,0.5420153424,
O1/0800/4,,videos/sample_003199_O1__0800__4.pt,ok,0.6105977893,0.6257300973,0.5430261568,0.5348707782,average,0.6105977893,0.5430261568,
O1/0801/1,,videos/sample_003200_O1__0801__1.pt,ok,0.5779652596,0.6039857864,0.5610387742,0.5466285437,average,0.5779652596,0.5610387742,
O1/0801/2,,videos/sample_003201_O1__0801__2.pt,ok,0.5819299817,0.6106395125,0.5588188151,0.5430035005,average,0.5819299817,0.5588188151,
O1/0801/3,,videos/sample_003202_O1__0801__3.pt,ok,0.5756076574,0.6010028124,0.5623630409,0.5482615568,average,0.5756076574,0.5623630409,
O1/0801/4,,videos/sample_003203_O1__0801__4.pt,ok,0.5790598392,0.6091125011,0.5604250086,0.5438333064,average,0.5790598392,0.5604250086,
O1/0802/1,,videos/sample_003204_O1__0802__1.pt,ok,0.6310343742,0.6543039083,0.5320411866,0.5198037677,average,0.6310343742,0.5320411866,
O1/0802/2,,videos/sample_003205_O1__0802__2.pt,ok,0.6280703545,0.6546873450,0.5336205066,0.5196044941,average,0.6280703545,0.5336205066,
O1/0802/3,,videos/sample_003206_O1__0802__3.pt,ok,0.6318550110,0.6543039083,0.5316047531,0.5198037677,average,0.6318550110,0.5316047531,
O1/0802/4,,videos/sample_003207_O1__0802__4.pt,ok,0.6307851672,0.6546873450,0.5321737915,0.5196044941,average,0.6307851672,0.5321737915,
O1/0803/1,,videos/sample_003208_O1__0803__1.pt,ok,0.5821596980,0.6040837765,0.5586904600,0.5465749822,average,0.5821596980,0.5586904600,
O1/0803/2,,videos/sample_003209_O1__0803__2.pt,ok,0.5862522125,0.6118560433,0.5564086835,0.5423433216,average,0.5862522125,0.5564086835,
O1/0803/3,,videos/sample_003210_O1__0803__3.pt,ok,0.5873053074,0.6121029258,0.5558230408,0.5422094431,average,0.5873053074,0.5558230408,
O1/0803/4,,videos/sample_003211_O1__0803__4.pt,ok,0.5814688206,0.6033791900,0.5590765800,0.5469602272,average,0.5814688206,0.5590765800,
O1/0804/1,,videos/sample_003212_O1__0804__1.pt,ok,0.5756595135,0.5897718072,0.5623338797,0.5544537927,average,0.5756595135,0.5623338797,
O1/0804/2,,videos/sample_003213_O1__0804__2.pt,ok,0.5781753063,0.6026355028,0.5609209422,0.5473671458,average,0.5781753063,0.5609209422,
O1/0804/3,,videos/sample_003214_O1__0804__3.pt,ok,0.5801223516,0.6042947173,0.5598298663,0.5464596993,average,0.5801223516,0.5598298663,
O1/0804/4,,videos/sample_003215_O1__0804__4.pt,ok,0.5782663822,0.6025327444,0.5608698582,0.5474233953,average,0.5782663822,0.5608698582,
O1/0805/1,,videos/sample_003216_O1__0805__1.pt,ok,0.5768073797,0.5968608260,0.5616887660,0.5505371582,average,0.5768073797,0.5616887660,
O1/0805/2,,videos/sample_003217_O1__0805__2.pt,ok,0.5787795782,0.5999415517,0.5605820959,0.5488437141,average,0.5787795782,0.5605820959,
O1/0805/3,,videos/sample_003218_O1__0805__3.pt,ok,0.5790041089,0.5992248654,0.5604562421,0.5492372039,average,0.5790041089,0.5604562421,
O1/0805/4,,videos/sample_003219_O1__0805__4.pt,ok,0.5777965188,0.5984009504,0.5611334523,0.5496899151,average,0.5777965188,0.5611334523,
O1/0806/1,,videos/sample_003220_O1__0806__1.pt,ok,0.5588088036,0.5859822631,0.5718898915,0.5565589060,average,0.5588088036,0.5718898915,
O1/0806/2,,videos/sample_003221_O1__0806__2.pt,ok,0.5500726104,0.5687845349,0.5769079194,0.5662132330,average,0.5500726104,0.5769079194,
O1/0806/3,,videos/sample_003222_O1__0806__3.pt,ok,0.5609593987,0.5897760391,0.5706613094,0.5544514463,average,0.5609593987,0.5706613094,
O1/0806/4,,videos/sample_003223_O1__0806__4.pt,ok,0.5603244305,0.5906136036,0.5710237763,0.5539872519,average,0.5603244305,0.5710237763,
O1/0807/1,,videos/sample_003224_O1__0807__1.pt,ok,0.6255192757,0.6496730447,0.5349835524,0.5222164903,average,0.6255192757,0.5349835524,
O1/0807/2,,videos/sample_003225_O1__0807__2.pt,ok,0.6251769066,0.6505808830,0.5351667456,0.5217426173,average,0.6251769066,0.5351667456,
O1/0807/3,,videos/sample_003226_O1__0807__3.pt,ok,0.6231656075,0.6496730447,0.5362442092,0.5222164903,average,0.6231656075,0.5362442092,
O1/0807/4,,videos/sample_003227_O1__0807__4.pt,ok,0.6257811189,0.6505808830,0.5348434890,0.5217426173,average,0.6257811189,0.5348434890,
O1/0808/1,,videos/sample_003228_O1__0808__1.pt,ok,0.5550913811,0.5754570961,0.5740198043,0.5624477174,average,0.5550913811,0.5740198043,
O1/0808/2,,videos/sample_003229_O1__0808__2.pt,ok,0.5555897355,0.5754821897,0.5737338102,0.5624336037,average,0.5555897355,0.5737338102,
O1/0808/3,,videos/sample_003230_O1__0808__3.pt,ok,0.5563291907,0.5817863345,0.5733097166,0.5588990936,average,0.5563291907,0.5733097166,
O1/0808/4,,videos/sample_003231_O1__0808__4.pt,ok,0.5576113462,0.5857123137,0.5725751154,0.5567091690,average,0.5576113462,0.5725751154,
O1/0809/1,,videos/sample_003232_O1__0809__1.pt,ok,0.6220867634,0.6364642382,0.5368230453,0.5291601044,average,0.6220867634,0.5368230453,
O1/0809/2,,videos/sample_003233_O1__0809__2.pt,ok,0.6204920411,0.6360511780,0.5376798119,0.5293787245,average,0.6204920411,0.5376798119,
O1/0809/3,,videos/sample_003234_O1__0809__3.pt,ok,0.6223497391,0.6360511780,0.5366818924,0.5293787245,average,0.6223497391,0.5366818924,
O1/0809/4,,videos/sample_003235_O1__0809__4.pt,ok,0.6233003139,0.6364642382,0.5361719785,0.5291601044,average,0.6233003139,0.5361719785,
O1/0810/1,,videos/sample_003236_O1__0810__1.pt,ok,0.6182119846,0.6486814618,0.5389071509,0.5227345681,average,0.6182119846,0.5389071509,
O1/0810/2,,videos/sample_003237_O1__0810__2.pt,ok,0.6186785698,0.6486814618,0.5386557635,0.5227345681,average,0.6186785698,0.5386557635,
O1/0810/3,,videos/sample_003238_O1__0810__3.pt,ok,0.6177636385,0.6492552161,0.5391488220,0.5224347329,average,0.6177636385,0.5391488220,
O1/0810/4,,videos/sample_003239_O1__0810__4.pt,ok,0.6184044480,0.6492552161,0.5388034410,0.5224347329,average,0.6184044480,0.5388034410,
O1/0811/1,,videos/sample_003240_O1__0811__1.pt,ok,0.5740172267,0.5979639292,0.5632581520,0.5499301938,average,0.5740172267,0.5632581520,
O1/0811/2,,videos/sample_003241_O1__0811__2.pt,ok,0.5726947188,0.5898563862,0.5640035581,0.5544068995,average,0.5726947188,0.5640035581,
O1/0811/3,,videos/sample_003242_O1__0811__3.pt,ok,0.5772444010,0.6005619168,0.5614433497,0.5485033362,average,0.5772444010,0.5614433497,
O1/0811/4,,videos/sample_003243_O1__0811__4.pt,ok,0.5764845014,0.5919939280,0.5618701524,0.5532230973,average,0.5764845014,0.5618701524,
O1/0812/1,,videos/sample_003244_O1__0812__1.pt,ok,0.5697403550,0.5834799409,0.5656722936,0.5579533396,average,0.5697403550,0.5656722936,
O1/0812/2,,videos/sample_003245_O1__0812__2.pt,ok,0.5738352537,0.5964186192,0.5633606591,0.5507806634,average,0.5738352537,0.5633606591,
O1/0812/3,,videos/sample_003246_O1__0812__3.pt,ok,0.5739661455,0.5957600474,0.5632869246,0.5511435114,average,0.5739661455,0.5632869246,
O1/0812/4,,videos/sample_003247_O1__0812__4.pt,ok,0.5729988813,0.5849996805,0.5638320354,0.5571060398,average,0.5729988813,0.5638320354,
O1/0813/1,,videos/sample_003248_O1__0813__1.pt,ok,0.6240652800,0.6494151354,0.5357619820,0.5223511922,average,0.6240652800,0.5357619820,
O1/0813/2,,videos/sample_003249_O1__0813__2.pt,ok,0.6223547459,0.6492847204,0.5366792054,0.5224193190,average,0.6223547459,0.5366792054,
O1/0813/3,,videos/sample_003250_O1__0813__3.pt,ok,0.6232691407,0.6492847204,0.5361886930,0.5224193190,average,0.6232691407,0.5361886930,
O1/0813/4,,videos/sample_003251_O1__0813__4.pt,ok,0.6231891513,0.6494151354,0.5362315841,0.5223511922,average,0.6231891513,0.5362315841,
O1/0814/1,,videos/sample_003252_O1__0814__1.pt,ok,0.6072568297,0.6235429645,0.5448434192,0.5360418919,average,0.6072568297,0.5448434192,
O1/0814/2,,videos/sample_003253_O1__0814__2.pt,ok,0.6100167036,0.6256713867,0.5433417932,0.5349021817,average,0.6100167036,0.5433417932,
O1/0814/3,,videos/sample_003254_O1__0814__3.pt,ok,0.6075376868,0.6235429645,0.5446904176,0.5360418919,average,0.6075376868,0.5446904176,
O1/0814/4,,videos/sample_003255_O1__0814__4.pt,ok,0.6069956422,0.6256713867,0.5449857441,0.5349021817,average,0.6069956422,0.5449857441,
O1/0815/1,,videos/sample_003256_O1__0815__1.pt,ok,0.6191663146,0.6347082257,0.5383931010,0.5300901324,average,0.6191663146,0.5383931010,
O1/0815/2,,videos/sample_003257_O1__0815__2.pt,ok,0.6167125702,0.6347082257,0.5397158022,0.5300901324,average,0.6167125702,0.5397158022,
O1/0815/3,,videos/sample_003258_O1__0815__3.pt,ok,0.6197901368,0.6336240768,0.5380573442,0.5306651407,average,0.6197901368,0.5380573442,
O1/0815/4,,videos/sample_003259_O1__0815__4.pt,ok,0.6181558967,0.6331012845,0.5389373780,0.5309426409,average,0.6181558967,0.5389373780,
O1/0816/1,,videos/sample_003260_O1__0816__1.pt,ok,0.6263984442,0.6408561468,0.5345134184,0.5268411775,average,0.6263984442,0.5345134184,
O1/0816/2,,videos/sample_003261_O1__0816__2.pt,ok,0.6253074408,0.6408172250,0.5350968926,0.5268616835,average,0.6253074408,0.5350968926,
O1/0816/3,,videos/sample_003262_O1__0816__3.pt,ok,0.6260524988,0.6408561468,0.5346983629,0.5268411775,average,0.6260524988,0.5346983629,
O1/0816/4,,videos/sample_003263_O1__0816__4.pt,ok,0.6263915896,0.6408172250,0.5345170823,0.5268616835,average,0.6263915896,0.5345170823,
O1/0817/1,,videos/sample_003264_O1__0817__1.pt,ok,0.5708957314,0.5871462822,0.5650191066,0.5559114377,average,0.5708957314,0.5650191066,
O1/0817/2,,videos/sample_003265_O1__0817__2.pt,ok,0.5726643205,0.5895554423,0.5640207031,0.5545737700,average,0.5726643205,0.5640207031,
O1/0817/3,,videos/sample_003266_O1__0817__3.pt,ok,0.5735567212,0.5985188484,0.5635175952,0.5496251116,average,0.5735567212,0.5635175952,
O1/0817/4,,videos/sample_003267_O1__0817__4.pt,ok,0.5735304356,0.5967423916,0.5635324078,0.5506023647,average,0.5735304356,0.5635324078,
O1/0818/1,,videos/sample_003268_O1__0818__1.pt,ok,0.5777826905,0.6069768667,0.5611412119,0.5449959766,average,0.5777826905,0.5611412119,
O1/0818/2,,videos/sample_003269_O1__0818__2.pt,ok,0.5751419067,0.6017003655,0.5626250229,0.5478792486,average,0.5751419067,0.5626250229,
O1/0818/3,,videos/sample_003270_O1__0818__3.pt,ok,0.5710545778,0.5960628986,0.5649293625,0.5509766222,average,0.5710545778,0.5649293625,
O1/0818/4,,videos/sample_003271_O1__0818__4.pt,ok,0.5769405961,0.6046215296,0.5616139448,0.5462811388,average,0.5769405961,0.5616139448,
O1/0819/1,,videos/sample_003272_O1__0819__1.pt,ok,0.6095299125,0.6256414652,0.5436063516,0.5349181870,average,0.6095299125,0.5436063516,
O1/0819/2,,videos/sample_003273_O1__0819__2.pt,ok,0.6125679612,0.6293467879,0.5419573551,0.5329398100,average,0.6125679612,0.5419573551,
O1/0819/3,,videos/sample_003274_O1__0819__3.pt,ok,0.6120680571,0.6274716854,0.5422283496,0.5339400643,average,0.6120680571,0.5422283496,
O1/0819/4,,videos/sample_003275_O1__0819__4.pt,ok,0.6109285951,0.6266760826,0.5428465503,0.5343650376,average,0.6109285951,0.5428465503,
O1/0820/1,,videos/sample_003276_O1__0820__1.pt,ok,0.5701149106,0.5867487192,0.5654604576,0.5561324914,average,0.5701149106,0.5654604576,
O1/0820/2,,videos/sample_003277_O1__0820__2.pt,ok,0.5684773922,0.5830365419,0.5663871680,0.5582007904,average,0.5684773922,0.5663871680,
O1/0820/3,,videos/sample_003278_O1__0820__3.pt,ok,0.5704649091,0.5925146341,0.5652625819,0.5529351056,average,0.5704649091,0.5652625819,
O1/0820/4,,videos/sample_003279_O1__0820__4.pt,ok,0.5694128871,0.5908533931,0.5658575635,0.5538544275,average,0.5694128871,0.5658575635,
O1/0821/1,,videos/sample_003280_O1__0821__1.pt,ok,0.6285154223,0.6547025442,0.5333830621,0.5195965966,average,0.6285154223,0.5333830621,
O1/0821/2,,videos/sample_003281_O1__0821__2.pt,ok,0.6269254088,0.6548608541,0.5342318230,0.5195143458,average,0.6269254088,0.5342318230,
O1/0821/3,,videos/sample_003282_O1__0821__3.pt,ok,0.6279268861,0.6547025442,0.5336970698,0.5195965966,average,0.6279268861,0.5336970698,
O1/0821/4,,videos/sample_003283_O1__0821__4.pt,ok,0.6246246099,0.6548608541,0.5354623981,0.5195143458,average,0.6246246099,0.5354623981,
O1/0822/1,,videos/sample_003284_O1__0822__1.pt,ok,0.6256658435,0.6514389515,0.5349051468,0.5212951184,average,0.6256658435,0.5349051468,
O1/0822/2,,videos/sample_003285_O1__0822__2.pt,ok,0.6256355643,0.6518660784,0.5349213435,0.5210725068,average,0.6256355643,0.5349213435,
O1/0822/3,,videos/sample_003286_O1__0822__3.pt,ok,0.6237529516,0.6518660784,0.5359293418,0.5210725068,average,0.6237529516,0.5359293418,
O1/0822/4,,videos/sample_003287_O1__0822__4.pt,ok,0.6254932880,0.6514389515,0.5349974556,0.5212951184,average,0.6254932880,0.5349974556,
O1/0823/1,,videos/sample_003288_O1__0823__1.pt,ok,0.5724465251,0.5898563266,0.5641435576,0.5544069326,average,0.5724465251,0.5641435576,
O1/0823/2,,videos/sample_003289_O1__0823__2.pt,ok,0.5754718781,0.6004320979,0.5624394034,0.5485745470,average,0.5754718781,0.5624394034,
O1/0823/3,,videos/sample_003290_O1__0823__3.pt,ok,0.5741220713,0.5897685289,0.5631991005,0.5544556103,average,0.5741220713,0.5631991005,
O1/0823/4,,videos/sample_003291_O1__0823__4.pt,ok,0.5760086775,0.5975574255,0.5621375672,0.5501537879,average,0.5760086775,0.5621375672,
O1/0824/1,,videos/sample_003292_O1__0824__1.pt,ok,0.6316129565,0.6540747285,0.5317334460,0.5199229100,average,0.6316129565,0.5317334460,
O1/0824/2,,videos/sample_003293_O1__0824__2.pt,ok,0.6327312589,0.6540747285,0.5311391396,0.5199229100,average,0.6327312589,0.5311391396,
O1/0824/3,,videos/sample_003294_O1__0824__3.pt,ok,0.6329556704,0.6538091302,0.5310199593,0.5200610189,average,0.6329556704,0.5310199593,
O1/0824/4,,videos/sample_003295_O1__0824__4.pt,ok,0.6327668428,0.6538091302,0.5311202399,0.5200610189,average,0.6327668428,0.5311202399,
O1/0825/1,,videos/sample_003296_O1__0825__1.pt,ok,0.5857885480,0.6106917858,0.5566667303,0.5429751166,average,0.5857885480,0.5566667303,
O1/0825/2,,videos/sample_003297_O1__0825__2.pt,ok,0.5769399405,0.6019111276,0.5616143130,0.5477637887,average,0.5769399405,0.5616143130,
O1/0825/3,,videos/sample_003298_O1__0825__3.pt,ok,0.5726775527,0.5969138145,0.5640132399,0.5505079869,average,0.5726775527,0.5640132399,
O1/0825/4,,videos/sample_003299_O1__0825__4.pt,ok,0.5842589140,0.6091857553,0.5575188782,0.5437934698,average,0.5842589140,0.5575188782,
O1/0826/1,,videos/sample_003300_O1__0826__1.pt,ok,0.5699289441,0.5865370035,0.5655656240,0.5562502459,average,0.5699289441,0.5655656240,
O1/0826/2,,videos/sample_003301_O1__0826__2.pt,ok,0.5712389946,0.5875960588,0.5648251896,0.5556614579,average,0.5712389946,0.5648251896,
O1/0826/3,,videos/sample_003302_O1__0826__3.pt,ok,0.5711867809,0.5949180126,0.5648546820,0.5516077889,average,0.5711867809,0.5648546820,
O1/0826/4,,videos/sample_003303_O1__0826__4.pt,ok,0.5725283623,0.5978404880,0.5640973916,0.5499980820,average,0.5725283623,0.5640973916,
O1/0827/1,,videos/sample_003304_O1__0827__1.pt,ok,0.5930626988,0.6101471782,0.5526321444,0.5432709056,average,0.5930626988,0.5526321444,
O1/0827/2,,videos/sample_003305_O1__0827__2.pt,ok,0.5919081569,0.6091349721,0.5532705498,0.5438210861,average,0.5919081569,0.5532705498,
O1/0827/3,,videos/sample_003306_O1__0827__3.pt,ok,0.5915542841,0.6086483002,0.5534663719,0.5440858130,average,0.5915542841,0.5534663719,
O1/0827/4,,videos/sample_003307_O1__0827__4.pt,ok,0.5926167369,0.6113904715,0.5528786523,0.5425958802,average,0.5926167369,0.5528786523,
O1/0828/1,,videos/sample_003308_O1__0828__1.pt,ok,0.5552839637,0.5833400488,0.5739092687,0.5580313983,average,0.5552839637,0.5739092687,
O1/0828/2,,videos/sample_003309_O1__0828__2.pt,ok,0.5533969998,0.5718902946,0.5749932371,0.5644574388,average,0.5533969998,0.5749932371,
O1/0828/3,,videos/sample_003310_O1__0828__3.pt,ok,0.5625511408,0.5947414637,0.5697536863,0.5517051833,average,0.5625511408,0.5697536863,
O1/0828/4,,videos/sample_003311_O1__0828__4.pt,ok,0.5638005137,0.5947414637,0.5690422960,0.5517051833,average,0.5638005137,0.5690422960,
O1/0829/1,,videos/sample_003312_O1__0829__1.pt,ok,0.5802175403,0.6085183024,0.5597765794,0.5441565475,average,0.5802175403,0.5597765794,
O1/0829/2,,videos/sample_003313_O1__0829__2.pt,ok,0.5808215141,0.6100563407,0.5594385910,0.5433202572,average,0.5808215141,0.5594385910,
O1/0829/3,,videos/sample_003314_O1__0829__3.pt,ok,0.5739794374,0.6029418111,0.5632794375,0.5471995084,average,0.5739794374,0.5632794375,
O1/0829/4,,videos/sample_003315_O1__0829__4.pt,ok,0.5822128057,0.6100976467,0.5586607900,0.5432978152,average,0.5822128057,0.5586607900,
O1/0830/1,,videos/sample_003316_O1__0830__1.pt,ok,0.5623571873,0.5970132947,0.5698642028,0.5504532250,average,0.5623571873,0.5698642028,
O1/0830/2,,videos/sample_003317_O1__0830__2.pt,ok,0.5670930147,0.5998192430,0.5671718046,0.5489108466,average,0.5670930147,0.5671718046,
O1/0830/3,,videos/sample_003318_O1__0830__3.pt,ok,0.5671023130,0.5969352722,0.5671665309,0.5504961744,average,0.5671023130,0.5671665309,
O1/0830/4,,videos/sample_003319_O1__0830__4.pt,ok,0.5584020615,0.5887075067,0.5721225505,0.5550442123,average,0.5584020615,0.5721225505,
O1/0831/1,,videos/sample_003320_O1__0831__1.pt,ok,0.5736777782,0.5974007845,0.5634493815,0.5502399713,average,0.5736777782,0.5634493815,
O1/0831/2,,videos/sample_003321_O1__0831__2.pt,ok,0.5713112950,0.5952202678,0.5647843540,0.5514410878,average,0.5713112950,0.5647843540,
O1/0831/3,,videos/sample_003322_O1__0831__3.pt,ok,0.5718124509,0.5943728685,0.5645013799,0.5519085766,average,0.5718124509,0.5645013799,
O1/0831/4,,videos/sample_003323_O1__0831__4.pt,ok,0.5732252002,0.5959631801,0.5637044441,0.5510315676,average,0.5732252002,0.5637044441,
O1/0832/1,,videos/sample_003324_O1__0832__1.pt,ok,0.5636872649,0.5954036713,0.5691067430,0.5513399608,average,0.5636872649,0.5691067430,
O1/0832/2,,videos/sample_003325_O1__0832__2.pt,ok,0.5684822798,0.5999357104,0.5663843998,0.5488469201,average,0.5684822798,0.5663843998,
O1/0832/3,,videos/sample_003326_O1__0832__3.pt,ok,0.5699795485,0.5999854207,0.5655370047,0.5488196374,average,0.5699795485,0.5655370047,
O1/0832/4,,videos/sample_003327_O1__0832__4.pt,ok,0.5703954101,0.6006535292,0.5653018685,0.5484530889,average,0.5703954101,0.5653018685,
O1/0833/1,,videos/sample_003328_O1__0833__1.pt,ok,0.6339396238,0.6557052732,0.5304977173,0.5190758432,average,0.6339396238,0.5304977173,
O1/0833/2,,videos/sample_003329_O1__0833__2.pt,ok,0.6318007708,0.6563534141,0.5316335883,0.5187395179,average,0.6318007708,0.5316335883,
O1/0833/3,,videos/sample_003330_O1__0833__3.pt,ok,0.6330018640,0.6563534141,0.5309954301,0.5187395179,average,0.6330018640,0.5309954301,
O1/0833/4,,videos/sample_003331_O1__0833__4.pt,ok,0.6337412000,0.6557052732,0.5306029912,0.5190758432,average,0.6337412000,0.5306029912,
O1/0834/1,,videos/sample_003332_O1__0834__1.pt,ok,0.6262249947,0.6493185163,0.5346061376,0.5224016637,average,0.6262249947,0.5346061376,
O1/0834/2,,videos/sample_003333_O1__0834__2.pt,ok,0.6261721253,0.6493185163,0.5346344026,0.5224016637,average,0.6261721253,0.5346344026,
O1/0834/3,,videos/sample_003334_O1__0834__3.pt,ok,0.6237465143,0.6488934755,0.5359327917,0.5226237529,average,0.6237465143,0.5359327917,
O1/0834/4,,videos/sample_003335_O1__0834__4.pt,ok,0.6256142259,0.6488934755,0.5349327581,0.5226237529,average,0.6256142259,0.5349327581,
O1/0835/1,,videos/sample_003336_O1__0835__1.pt,ok,0.5536339879,0.5711654425,0.5748569867,0.5648667353,average,0.5536339879,0.5748569867,
O1/0835/2,,videos/sample_003337_O1__0835__2.pt,ok,0.5552134514,0.5820382833,0.5739497378,0.5587582973,average,0.5552134514,0.5739497378,
O1/0835/3,,videos/sample_003338_O1__0835__3.pt,ok,0.5533969998,0.5718902946,0.5749932371,0.5644574388,average,0.5533969998,0.5749932371,
O1/0835/4,,videos/sample_003339_O1__0835__4.pt,ok,0.5572274327,0.5869909525,0.5727949769,0.5559977939,average,0.5572274327,0.5727949769,
O1/0836/1,,videos/sample_003340_O1__0836__1.pt,ok,0.6222501993,0.6345465779,0.5367353163,0.5301758272,average,0.6222501993,0.5367353163,
O1/0836/2,,videos/sample_003341_O1__0836__2.pt,ok,0.6228758693,0.6378642917,0.5363996022,0.5284197703,average,0.6228758693,0.5363996022,
O1/0836/3,,videos/sample_003342_O1__0836__3.pt,ok,0.6226718426,0.6342151761,0.5365090532,0.5303515576,average,0.6226718426,0.5365090532,
O1/0836/4,,videos/sample_003343_O1__0836__4.pt,ok,0.6214116216,0.6370764375,0.5371855993,0.5288362521,average,0.6214116216,0.5371855993,
O1/0837/1,,videos/sample_003344_O1__0837__1.pt,ok,0.5841993690,0.6159010530,0.5575520767,0.5401539686,average,0.5841993690,0.5575520767,
O1/0837/2,,videos/sample_003345_O1__0837__2.pt,ok,0.5838729143,0.6156108379,0.5577341218,0.5403107522,average,0.5838729143,0.5577341218,
O1/0837/3,,videos/sample_003346_O1__0837__3.pt,ok,0.5789243579,0.6071087718,0.5605009408,0.5449240936,average,0.5789243579,0.5605009408,
O1/0837/4,,videos/sample_003347_O1__0837__4.pt,ok,0.5855766535,0.6149002910,0.5567846974,0.5406948048,average,0.5855766535,0.5567846974,
O1/0838/1,,videos/sample_003348_O1__0838__1.pt,ok,0.5742778778,0.5929386020,0.5631113572,0.5527007286,average,0.5742778778,0.5631113572,
O1/0838/2,,videos/sample_003349_O1__0838__2.pt,ok,0.5734468102,0.5932726264,0.5635795353,0.5525161438,average,0.5734468102,0.5635795353,
O1/0838/3,,videos/sample_003350_O1__0838__3.pt,ok,0.5756379366,0.5965514779,0.5623460133,0.5507074922,average,0.5756379366,0.5623460133,
O1/0838/4,,videos/sample_003351_O1__0838__4.pt,ok,0.5755585432,0.5974899530,0.5623906616,0.5501909094,average,0.5755585432,0.5623906616,
O1/0839/1,,videos/sample_003352_O1__0839__1.pt,ok,0.5554569960,0.5734286308,0.5738099724,0.5635897810,average,0.5554569960,0.5738099724,
O1/0839/2,,videos/sample_003353_O1__0839__2.pt,ok,0.5536053777,0.5856416821,0.5748734337,0.5567484916,average,0.5536053777,0.5748734337,
O1/0839/3,,videos/sample_003354_O1__0839__3.pt,ok,0.5578303337,0.5844157338,0.5724497423,0.5574314550,average,0.5578303337,0.5724497423,
O1/0839/4,,videos/sample_003355_O1__0839__4.pt,ok,0.5500726104,0.5687845349,0.5769079194,0.5662132330,average,0.5500726104,0.5769079194,
O1/0840/1,,videos/sample_003356_O1__0840__1.pt,ok,0.6240091324,0.6340495348,0.5357920646,0.5304394130,average,0.6240091324,0.5357920646,
O1/0840/2,,videos/sample_003357_O1__0840__2.pt,ok,0.6222466230,0.6323295832,0.5367372358,0.5313525282,average,0.6222466230,0.5367372358,
O1/0840/3,,videos/sample_003358_O1__0840__3.pt,ok,0.6231991649,0.6347022653,0.5362262146,0.5300932920,average,0.6231991649,0.5362262146,
O1/0840/4,,videos/sample_003359_O1__0840__4.pt,ok,0.6230692863,0.6322051883,0.5362958633,0.5314186298,average,0.6230692863,0.5362958633,
O1/0841/1,,videos/sample_003360_O1__0841__1.pt,ok,0.6327122450,0.6562170982,0.5311492387,0.5188102351,average,0.6327122450,0.5311492387,
O1/0841/2,,videos/sample_003361_O1__0841__2.pt,ok,0.6320749521,0.6587354541,0.5314878442,0.5175053302,average,0.6320749521,0.5314878442,
O1/0841/3,,videos/sample_003362_O1__0841__3.pt,ok,0.6315878630,0.6562170982,0.5317467893,0.5188102351,average,0.6315878630,0.5317467893,
O1/0841/4,,videos/sample_003363_O1__0841__4.pt,ok,0.6324701905,0.6587354541,0.5312778213,0.5175053302,average,0.6324701905,0.5312778213,
O1/0842/1,,videos/sample_003364_O1__0842__1.pt,ok,0.5738770962,0.5890997052,0.5633370871,0.5548265674,average,0.5738770962,0.5633370871,
O1/0842/2,,videos/sample_003365_O1__0842__2.pt,ok,0.5805010796,0.6080337167,0.5596178832,0.5444203019,average,0.5805010796,0.5596178832,
O1/0842/3,,videos/sample_003366_O1__0842__3.pt,ok,0.5793984532,0.6021156907,0.5602352729,0.5476517478,average,0.5793984532,0.5602352729,
O1/0842/4,,videos/sample_003367_O1__0842__4.pt,ok,0.5794357061,0.6053737998,0.5602144029,0.5458703423,average,0.5794357061,0.5602144029,
O1/0843/1,,videos/sample_003368_O1__0843__1.pt,ok,0.6233928204,0.6504438519,0.5361223815,0.5218141171,average,0.6233928204,0.5361223815,
O1/0843/2,,videos/sample_003369_O1__0843__2.pt,ok,0.6236282587,0.6509568691,0.5359961725,0.5215464862,average,0.6236282587,0.5359961725,
O1/0843/3,,videos/sample_003370_O1__0843__3.pt,ok,0.6219422817,0.6509568691,0.5369006120,0.5215464862,average,0.6219422817,0.5369006120,
O1/0843/4,,videos/sample_003371_O1__0843__4.pt,ok,0.6236155033,0.6504438519,0.5360030094,0.5218141171,average,0.6236155033,0.5360030094,
O1/0844/1,,videos/sample_003372_O1__0844__1.pt,ok,0.5762142539,0.5983200073,0.5620220169,0.5497344105,average,0.5762142539,0.5620220169,
O1/0844/2,,videos/sample_003373_O1__0844__2.pt,ok,0.5765625834,0.5963352919,0.5618262821,0.5508265604,average,0.5765625834,0.5618262821,
O1/0844/3,,videos/sample_003374_O1__0844__3.pt,ok,0.5748476386,0.5953379273,0.5627906098,0.5513762093,average,0.5748476386,0.5627906098,
O1/0844/4,,videos/sample_003375_O1__0844__4.pt,ok,0.5744713545,0.5953676105,0.5630024189,0.5513598430,average,0.5744713545,0.5630024189,
O1/0845/1,,videos/sample_003376_O1__0845__1.pt,ok,0.5943566561,0.6236822009,0.5519175245,0.5359672605,average,0.5943566561,0.5519175245,
O1/0845/2,,videos/sample_003377_O1__0845__2.pt,ok,0.5929057598,0.6234549284,0.5527188807,0.5360890850,average,0.5929057598,0.5527188807,
O1/0845/3,,videos/sample_003378_O1__0845__3.pt,ok,0.5951439142,0.6254664660,0.5514831939,0.5350118055,average,0.5951439142,0.5514831939,
O1/0845/4,,videos/sample_003379_O1__0845__4.pt,ok,0.5890832543,0.6133270264,0.5548356949,0.5415461303,average,0.5890832543,0.5548356949,
O1/0846/1,,videos/sample_003380_O1__0846__1.pt,ok,0.5674906373,0.5969984531,0.5669463292,0.5504613946,average,0.5674906373,0.5669463292,
O1/0846/2,,videos/sample_003381_O1__0846__2.pt,ok,0.5704644322,0.5969984531,0.5652628514,0.5504613946,average,0.5704644322,0.5652628514,
O1/0846/3,,videos/sample_003382_O1__0846__3.pt,ok,0.5680378079,0.5942487121,0.5666361976,0.5519771039,average,0.5680378079,0.5666361976,
O1/0846/4,,videos/sample_003383_O1__0846__4.pt,ok,0.5634760857,0.5893010497,0.5692269392,0.5547148674,average,0.5634760857,0.5692269392,
O1/0847/1,,videos/sample_003384_O1__0847__1.pt,ok,0.5693286061,0.5833655000,0.5659052565,0.5580171959,average,0.5693286061,0.5659052565,
O1/0847/2,,videos/sample_003385_O1__0847__2.pt,ok,0.5702110529,0.5839281082,0.5654060955,0.5577033392,average,0.5702110529,0.5654060955,
O1/0847/3,,videos/sample_003386_O1__0847__3.pt,ok,0.5729640722,0.5987971425,0.5638516623,0.5494721755,average,0.5729640722,0.5638516623,
O1/0847/4,,videos/sample_003387_O1__0847__4.pt,ok,0.5718341470,0.5950058699,0.5644891326,0.5515593283,average,0.5718341470,0.5644891326,
O1/0848/1,,videos/sample_003388_O1__0848__1.pt,ok,0.5858138204,0.6063888073,0.5566526622,0.5453165609,average,0.5858138204,0.5566526622,
O1/0848/2,,videos/sample_003389_O1__0848__2.pt,ok,0.5865618587,0.6045578718,0.5562364203,0.5463159149,average,0.5865618587,0.5562364203,
O1/0848/3,,videos/sample_003390_O1__0848__3.pt,ok,0.5873204470,0.6063888073,0.5558146259,0.5453165609,average,0.5873204470,0.5558146259,
O1/0848/4,,videos/sample_003391_O1__0848__4.pt,ok,0.5871377587,0.6080861688,0.5559161760,0.5443917467,average,0.5871377587,0.5559161760,
O1/0849/1,,videos/sample_003392_O1__0849__1.pt,ok,0.5562489033,0.5752463937,0.5733557480,0.5625662390,average,0.5562489033,0.5733557480,
O1/0849/2,,videos/sample_003393_O1__0849__2.pt,ok,0.5618093014,0.5962017775,0.5701765089,0.5509001086,average,0.5618093014,0.5701765089,
O1/0849/3,,videos/sample_003394_O1__0849__3.pt,ok,0.5670666099,0.5973366499,0.5671867809,0.5502752618,average,0.5670666099,0.5671867809,
O1/0849/4,,videos/sample_003395_O1__0849__4.pt,ok,0.5683604479,0.5993580222,0.5664534076,0.5491640741,average,0.5683604479,0.5664534076,
O1/0850/1,,videos/sample_003396_O1__0850__1.pt,ok,0.5882838368,0.6082664132,0.5552794176,0.5442936319,average,0.5882838368,0.5552794176,
O1/0850/2,,videos/sample_003397_O1__0850__2.pt,ok,0.5875315666,0.6069238186,0.5556972949,0.5450248884,average,0.5875315666,0.5556972949,
O1/0850/3,,videos/sample_003398_O1__0850__3.pt,ok,0.5864689946,0.6042860150,0.5562880771,0.5464644548,average,0.5864689946,0.5562880771,
O1/0850/4,,videos/sample_003399_O1__0850__4.pt,ok,0.5872021317,0.6049507856,0.5558803911,0.5461013020,average,0.5872021317,0.5558803911,
O1/0851/1,,videos/sample_003400_O1__0851__1.pt,ok,0.5707491040,0.5960634351,0.5651019600,0.5509763267,average,0.5707491040,0.5651019600,
O1/0851/2,,videos/sample_003401_O1__0851__2.pt,ok,0.5687454343,0.5903754830,0.5662353728,0.5541191833,average,0.5687454343,0.5662353728,
O1/0851/3,,videos/sample_003402_O1__0851__3.pt,ok,0.5709178448,0.5959871411,0.5650066123,0.5510183644,average,0.5709178448,0.5650066123,
O1/0851/4,,videos/sample_003403_O1__0851__4.pt,ok,0.5696263909,0.5911792517,0.5657367636,0.5536739786,average,0.5696263909,0.5657367636,
O1/0852/1,,videos/sample_003404_O1__0852__1.pt,ok,0.6229032874,0.6351218224,0.5363848953,0.5298709343,average,0.6229032874,0.5363848953,
O1/0852/2,,videos/sample_003405_O1__0852__2.pt,ok,0.6251746416,0.6366400719,0.5351679578,0.5290670684,average,0.6251746416,0.5351679578,
O1/0852/3,,videos/sample_003406_O1__0852__3.pt,ok,0.6246467233,0.6371636987,0.5354505573,0.5287901072,average,0.6246467233,0.5354505573,
O1/0852/4,,videos/sample_003407_O1__0852__4.pt,ok,0.6245568991,0.6369742751,0.5354986559,0.5288902820,average,0.6245568991,0.5354986559,
O1/0853/1,,videos/sample_003408_O1__0853__1.pt,ok,0.5617199540,0.5942193866,0.5702274549,0.5519932911,average,0.5617199540,0.5702274549,
O1/0853/2,,videos/sample_003409_O1__0853__2.pt,ok,0.5613821149,0.5899783969,0.5704201326,0.5543392601,average,0.5613821149,0.5704201326,
O1/0853/3,,videos/sample_003410_O1__0853__3.pt,ok,0.5560679436,0.5763078928,0.5734595117,0.5619693922,average,0.5560679436,0.5734595117,
O1/0853/4,,videos/sample_003411_O1__0853__4.pt,ok,0.5633195043,0.5922608376,0.5693160766,0.5530754564,average,0.5633195043,0.5693160766,
O1/0854/1,,videos/sample_003412_O1__0854__1.pt,ok,0.5760160089,0.5979990959,0.5621334460,0.5499108549,average,0.5760160089,0.5621334460,
O1/0854/2,,videos/sample_003413_O1__0854__2.pt,ok,0.5731461644,0.5876806974,0.5637489986,0.5556144295,average,0.5731461644,0.5637489986,
O1/0854/3,,videos/sample_003414_O1__0854__3.pt,ok,0.5761309266,0.5907970667,0.5620688506,0.5538856250,average,0.5761309266,0.5620688506,
O1/0854/4,,videos/sample_003415_O1__0854__4.pt,ok,0.5738871694,0.5954182744,0.5633314126,0.5513319096,average,0.5738871694,0.5633314126,
O1/0855/1,,videos/sample_003416_O1__0855__1.pt,ok,0.6286578178,0.6503025293,0.5333071162,0.5218878665,average,0.6286578178,0.5333071162,
O1/0855/2,,videos/sample_003417_O1__0855__2.pt,ok,0.6290294528,0.6503025293,0.5331089574,0.5218878665,average,0.6290294528,0.5331089574,
O1/0855/3,,videos/sample_003418_O1__0855__3.pt,ok,0.6280751228,0.6510406733,0.5336179621,0.5215027803,average,0.6280751228,0.5336179621,
O1/0855/4,,videos/sample_003419_O1__0855__4.pt,ok,0.6284318566,0.6510406733,0.5334276365,0.5215027803,average,0.6284318566,0.5334276365,
O1/0856/1,,videos/sample_003420_O1__0856__1.pt,ok,0.6178642511,0.6483227015,0.5390945796,0.5229221381,average,0.6178642511,0.5390945796,
O1/0856/2,,videos/sample_003421_O1__0856__2.pt,ok,0.6161261797,0.6473255157,0.5400323792,0.5234438487,average,0.6161261797,0.5400323792,
O1/0856/3,,videos/sample_003422_O1__0856__3.pt,ok,0.6175935864,0.6473255157,0.5392405132,0.5234438487,average,0.6175935864,0.5392405132,
O1/0856/4,,videos/sample_003423_O1__0856__4.pt,ok,0.6183326244,0.6483227015,0.5388421412,0.5229221381,average,0.6183326244,0.5388421412,
O1/0857/1,,videos/sample_003424_O1__0857__1.pt,ok,0.6193577647,0.6332073212,0.5382900355,0.5308863445,average,0.6193577647,0.5382900355,
O1/0857/2,,videos/sample_003425_O1__0857__2.pt,ok,0.6210431457,0.6357711554,0.5373835758,0.5295269833,average,0.6210431457,0.5373835758,
O1/0857/3,,videos/sample_003426_O1__0857__3.pt,ok,0.6207802892,0.6339450479,0.5375248491,0.5304948399,average,0.6207802892,0.5375248491,
O1/0857/4,,videos/sample_003427_O1__0857__4.pt,ok,0.6205559969,0.6353400350,0.5376454253,0.5297553224,average,0.6205559969,0.5376454253,
O1/0858/1,,videos/sample_003428_O1__0858__1.pt,ok,0.6194444299,0.6320801377,0.5382433865,0.5314850882,average,0.6194444299,0.5382433865,
O1/0858/2,,videos/sample_003429_O1__0858__2.pt,ok,0.6176660061,0.6320801377,0.5392014630,0.5314850882,average,0.6176660061,0.5392014630,
O1/0858/3,,videos/sample_003430_O1__0858__3.pt,ok,0.6189273596,0.6332780719,0.5385217681,0.5308487852,average,0.6189273596,0.5385217681,
O1/0858/4,,videos/sample_003431_O1__0858__4.pt,ok,0.6199347377,0.6332780719,0.5379795462,0.5308487852,average,0.6199347377,0.5379795462,
O1/0859/1,,videos/sample_003432_O1__0859__1.pt,ok,0.6278716922,0.6539109945,0.5337265274,0.5200080460,average,0.6278716922,0.5337265274,
O1/0859/2,,videos/sample_003433_O1__0859__2.pt,ok,0.6273034811,0.6539109945,0.5340298829,0.5200080460,average,0.6273034811,0.5340298829,
O1/0859/3,,videos/sample_003434_O1__0859__3.pt,ok,0.6271109581,0.6550544500,0.5341327058,0.5194137797,average,0.6271109581,0.5341327058,
O1/0859/4,,videos/sample_003435_O1__0859__4.pt,ok,0.6250923276,0.6550544500,0.5352120114,0.5194137797,average,0.6250923276,0.5352120114,
O1/0860/1,,videos/sample_003436_O1__0860__1.pt,ok,0.5866029859,0.6152875423,0.5562135444,0.5404854605,average,0.5866029859,0.5562135444,
O1/0860/2,,videos/sample_003437_O1__0860__2.pt,ok,0.5873028636,0.6152875423,0.5558243991,0.5404854605,average,0.5873028636,0.5558243991,
O1/0860/3,,videos/sample_003438_O1__0860__3.pt,ok,0.5861183405,0.6133508086,0.5564831760,0.5415332512,average,0.5861183405,0.5564831760,
O1/0860/4,,videos/sample_003439_O1__0860__4.pt,ok,0.5835377574,0.6133508086,0.5579210816,0.5415332512,average,0.5835377574,0.5579210816,
O1/0861/1,,videos/sample_003440_O1__0861__1.pt,ok,0.6047456861,0.6166294813,0.5462133186,0.5397606484,average,0.6047456861,0.5462133186,
O1/0861/2,,videos/sample_003441_O1__0861__2.pt,ok,0.6062976122,0.6190996766,0.5453662933,0.5384289796,average,0.6062976122,0.5453662933,
O1/0861/3,,videos/sample_003442_O1__0861__3.pt,ok,0.6060608029,0.6206749678,0.5454954564,0.5375814650,average,0.6060608029,0.5454954564,
O1/0861/4,,videos/sample_003443_O1__0861__4.pt,ok,0.6052514911,0.6169895530,0.5459371111,0.5395663309,average,0.6052514911,0.5459371111,
O1/0862/1,,videos/sample_003444_O1__0862__1.pt,ok,0.5874538422,0.6091157198,0.5557404879,0.5438315560,average,0.5874538422,0.5557404879,
O1/0862/2,,videos/sample_003445_O1__0862__2.pt,ok,0.5874982476,0.6066139340,0.5557158105,0.5451938094,average,0.5874982476,0.5557158105,
O1/0862/3,,videos/sample_003446_O1__0862__3.pt,ok,0.5882061124,0.6084068418,0.5553225780,0.5442172029,average,0.5882061124,0.5553225780,
O1/0862/4,,videos/sample_003447_O1__0862__4.pt,ok,0.5864040852,0.6049251556,0.5563241866,0.5461152988,average,0.5864040852,0.5563241866,
O1/0863/1,,videos/sample_003448_O1__0863__1.pt,ok,0.5710986257,0.5957182646,0.5649044791,0.5511665403,average,0.5710986257,0.5649044791,
O1/0863/2,,videos/sample_003449_O1__0863__2.pt,ok,0.5743654370,0.6007996798,0.5630620538,0.5483729380,average,0.5743654370,0.5630620538,
O1/0863/3,,videos/sample_003450_O1__0863__3.pt,ok,0.5731351972,0.6007996798,0.5637551815,0.5483729380,average,0.5731351972,0.5637551815,
O1/0863/4,,videos/sample_003451_O1__0863__4.pt,ok,0.5670332909,0.5957182646,0.5672056793,0.5511665403,average,0.5670332909,0.5672056793,
O1/0864/1,,videos/sample_003452_O1__0864__1.pt,ok,0.6149096489,0.6306728125,0.5406897450,0.5322335871,average,0.6149096489,0.5406897450,
O1/0864/2,,videos/sample_003453_O1__0864__2.pt,ok,0.6158069372,0.6312618256,0.5402048080,0.5319201869,average,0.6158069372,0.5402048080,
O1/0864/3,,videos/sample_003454_O1__0864__3.pt,ok,0.6140807867,0.6312618256,0.5411380881,0.5319201869,average,0.6140807867,0.5411380881,
O1/0864/4,,videos/sample_003455_O1__0864__4.pt,ok,0.6164739132,0.6310706735,0.5398446245,0.5320218743,average,0.6164739132,0.5398446245,
O1/0865/1,,videos/sample_003456_O1__0865__1.pt,ok,0.6285155416,0.6541975737,0.5333829985,0.5198590439,average,0.6285155416,0.5333829985,
O1/0865/2,,videos/sample_003457_O1__0865__2.pt,ok,0.6265885830,0.6550074816,0.5344117964,0.5194381764,average,0.6265885830,0.5344117964,
O1/0865/3,,videos/sample_003458_O1__0865__3.pt,ok,0.6274597645,0.6550074816,0.5339464294,0.5194381764,average,0.6274597645,0.5339464294,
O1/0865/4,,videos/sample_003459_O1__0865__4.pt,ok,0.6291689277,0.6541975737,0.5330346073,0.5198590439,average,0.6291689277,0.5330346073,
O1/0866/1,,videos/sample_003460_O1__0866__1.pt,ok,0.5758734941,0.5994060040,0.5622135640,0.5491377249,average,0.5758734941,0.5622135640,
O1/0866/2,,videos/sample_003461_O1__0866__2.pt,ok,0.5746581554,0.5968508124,0.5628972593,0.5505426711,average,0.5746581554,0.5628972593,
O1/0866/3,,videos/sample_003462_O1__0866__3.pt,ok,0.5772226453,0.6018201709,0.5614555644,0.5478136137,average,0.5772226453,0.5614555644,
O1/0866/4,,videos/sample_003463_O1__0866__4.pt,ok,0.5702110529,0.5839281082,0.5654060955,0.5577033392,average,0.5702110529,0.5654060955,
O1/0867/1,,videos/sample_003464_O1__0867__1.pt,ok,0.6344753504,0.6445634961,0.5302135917,0.5248916093,average,0.6344753504,0.5302135917,
O1/0867/2,,videos/sample_003465_O1__0867__2.pt,ok,0.6359953880,0.6452553272,0.5294082593,0.5245285986,average,0.6359953880,0.5294082593,
O1/0867/3,,videos/sample_003466_O1__0867__3.pt,ok,0.6360319853,0.6453147531,0.5293888848,0.5244974290,average,0.6360319853,0.5293888848,
O1/0867/4,,videos/sample_003467_O1__0867__4.pt,ok,0.6363258958,0.6445525289,0.5292333147,0.5248973660,average,0.6363258958,0.5292333147,
O1/0868/1,,videos/sample_003468_O1__0868__1.pt,ok,0.6191409826,0.6335635781,0.5384067397,0.5306972462,average,0.6191409826,0.5384067397,
O1/0868/2,,videos/sample_003469_O1__0868__2.pt,ok,0.6210312843,0.6326540112,0.5373899499,0.5311801704,average,0.6210312843,0.5373899499,
O1/0868/3,,videos/sample_003470_O1__0868__3.pt,ok,0.6206289530,0.6341869235,0.5376062022,0.5303665416,average,0.6206289530,0.5376062022,
O1/0868/4,,videos/sample_003471_O1__0868__4.pt,ok,0.6202841401,0.6334065199,0.5377916077,0.5307806031,average,0.6202841401,0.5377916077,
O1/0869/1,,videos/sample_003472_O1__0869__1.pt,ok,0.5805915594,0.6045662761,0.5595672514,0.5463113236,average,0.5805915594,0.5595672514,
O1/0869/2,,videos/sample_003473_O1__0869__2.pt,ok,0.5777391195,0.6041789055,0.5611656619,0.5465229895,average,0.5777391195,0.5611656619,
O1/0869/3,,videos/sample_003474_O1__0869__3.pt,ok,0.5811975598,0.6050683260,0.5592282561,0.5460371168,average,0.5811975598,0.5592282561,
O1/0869/4,,videos/sample_003475_O1__0869__4.pt,ok,0.5746209025,0.5903417468,0.5629182292,0.5541378775,average,0.5746209025,0.5629182292,
O1/0870/1,,videos/sample_003476_O1__0870__1.pt,ok,0.5727950931,0.5993396044,0.5639469495,0.5491741886,average,0.5727950931,0.5639469495,
O1/0870/2,,videos/sample_003477_O1__0870__2.pt,ok,0.5677074790,0.5850594044,0.5668234049,0.5570727683,average,0.5677074790,0.5668234049,
O1/0870/3,,videos/sample_003478_O1__0870__3.pt,ok,0.5750183463,0.5897326469,0.5626945453,0.5544755056,average,0.5750183463,0.5626945453,
O1/0870/4,,videos/sample_003479_O1__0870__4.pt,ok,0.5765885115,0.5982768536,0.5618117153,0.5497581342,average,0.5765885115,0.5618117153,
O1/0871/1,,videos/sample_003480_O1__0871__1.pt,ok,0.5618368983,0.5927028060,0.5701607740,0.5528310685,average,0.5618368983,0.5701607740,
O1/0871/2,,videos/sample_003481_O1__0871__2.pt,ok,0.5608071089,0.5916315913,0.5707482219,0.5534235866,average,0.5608071089,0.5707482219,
O1/0871/3,,videos/sample_003482_O1__0871__3.pt,ok,0.5574550629,0.5784407258,0.5726646064,0.5607720826,average,0.5574550629,0.5726646064,
O1/0871/4,,videos/sample_003483_O1__0871__4.pt,ok,0.5590766072,0.5795342922,0.5717367578,0.5601591763,average,0.5590766072,0.5717367578,
O1/0872/1,,videos/sample_003484_O1__0872__1.pt,ok,0.5846155882,0.6098403335,0.5573200611,0.5434376310,average,0.5846155882,0.5573200611,
O1/0872/2,,videos/sample_003485_O1__0872__2.pt,ok,0.5853014588,0.6139576435,0.5569379426,0.5412047297,average,0.5853014588,0.5569379426,
O1/0872/3,,videos/sample_003486_O1__0872__3.pt,ok,0.5846526027,0.6072596312,0.5572994325,0.5448418929,average,0.5846526027,0.5572994325,
O1/0872/4,,videos/sample_003487_O1__0872__4.pt,ok,0.5799276233,0.6028372645,0.5599388916,0.5472567192,average,0.5799276233,0.5599388916,
O1/0873/1,,videos/sample_003488_O1__0873__1.pt,ok,0.5765019655,0.6064632535,0.5618603399,0.5452759656,average,0.5765019655,0.5618603399,
O1/0873/2,,videos/sample_003489_O1__0873__2.pt,ok,0.5698027611,0.5842561126,0.5656369933,0.5575204400,average,0.5698027611,0.5656369933,
O1/0873/3,,videos/sample_003490_O1__0873__3.pt,ok,0.5789530277,0.6052970886,0.5604848716,0.5459122182,average,0.5789530277,0.5604848716,
O1/0873/4,,videos/sample_003491_O1__0873__4.pt,ok,0.5784444809,0.6038345695,0.5607699769,0.5467112094,average,0.5784444809,0.5607699769,
O1/0874/1,,videos/sample_003492_O1__0874__1.pt,ok,0.5531854033,0.5729132295,0.5751149165,0.5638803308,average,0.5531854033,0.5751149165,
O1/0874/2,,videos/sample_003493_O1__0874__2.pt,ok,0.5541834235,0.5780447721,0.5745412266,0.5609941664,average,0.5541834235,0.5745412266,
O1/0874/3,,videos/sample_003494_O1__0874__3.pt,ok,0.5527808070,0.5770196319,0.5753476530,0.5615695590,average,0.5527808070,0.5753476530,
O1/0874/4,,videos/sample_003495_O1__0874__4.pt,ok,0.5519305468,0.5711470842,0.5758370563,0.5648771053,average,0.5519305468,0.5758370563,
O1/0875/1,,videos/sample_003496_O1__0875__1.pt,ok,0.5799375772,0.6157978773,0.5599333181,0.5402097022,average,0.5799375772,0.5599333181,
O1/0875/2,,videos/sample_003497_O1__0875__2.pt,ok,0.5819581747,0.6111734509,0.5588030605,0.5427136474,average,0.5819581747,0.5588030605,
O1/0875/3,,videos/sample_003498_O1__0875__3.pt,ok,0.5690622926,0.5856009722,0.5660559848,0.5567711573,average,0.5690622926,0.5660559848,
O1/0875/4,,videos/sample_003499_O1__0875__4.pt,ok,0.5815846324,0.6108013391,0.5590118361,0.5429156352,average,0.5815846324,0.5590118361,
O1/0876/1,,videos/sample_003500_O1__0876__1.pt,ok,0.5737984180,0.5878294706,0.5633814112,0.5555317751,average,0.5737984180,0.5633814112,
O1/0876/2,,videos/sample_003501_O1__0876__2.pt,ok,0.5763509274,0.6009721160,0.5619452086,0.5482783868,average,0.5763509274,0.5619452086,
O1/0876/3,,videos/sample_003502_O1__0876__3.pt,ok,0.5765686035,0.6032230258,0.5618228999,0.5470456495,average,0.5765686035,0.5618228999,
O1/0876/4,,videos/sample_003503_O1__0876__4.pt,ok,0.5729988813,0.5849996805,0.5638320354,0.5571060398,average,0.5729988813,0.5638320354,
O1/0877/1,,videos/sample_003504_O1__0877__1.pt,ok,0.5807303190,0.6025176048,0.5594896114,0.5474316831,average,0.5807303190,0.5594896114,
O1/0877/2,,videos/sample_003505_O1__0877__2.pt,ok,0.5805107355,0.6018697619,0.5596124796,0.5477864477,average,0.5805107355,0.5596124796,
O1/0877/3,,videos/sample_003506_O1__0877__3.pt,ok,0.5784004927,0.5942165852,0.5607946447,0.5519948375,average,0.5784004927,0.5607946447,
O1/0877/4,,videos/sample_003507_O1__0877__4.pt,ok,0.5797942877,0.5942060947,0.5600135564,0.5520006282,average,0.5797942877,0.5600135564,
O1/0878/1,,videos/sample_003508_O1__0878__1.pt,ok,0.5672995448,0.6007419229,0.5670546787,0.5484046112,average,0.5672995448,0.5670546787,
O1/0878/2,,videos/sample_003509_O1__0878__2.pt,ok,0.5646295547,0.5931832790,0.5685707321,0.5525655119,average,0.5646295547,0.5685707321,
O1/0878/3,,videos/sample_003510_O1__0878__3.pt,ok,0.5662264228,0.6005585194,0.5676635242,0.5485051998,average,0.5662264228,0.5676635242,
O1/0878/4,,videos/sample_003511_O1__0878__4.pt,ok,0.5605959892,0.5860802531,0.5708687308,0.5565043714,average,0.5605959892,0.5708687308,
O1/0879/1,,videos/sample_003512_O1__0879__1.pt,ok,0.6307462454,0.6553497910,0.5321945051,0.5192603982,average,0.6307462454,0.5321945051,
O1/0879/2,,videos/sample_003513_O1__0879__2.pt,ok,0.6301070452,0.6553497910,0.5325347927,0.5192603982,average,0.6301070452,0.5325347927,
O1/0879/3,,videos/sample_003514_O1__0879__3.pt,ok,0.6296458244,0.6553398967,0.5327804654,0.5192655360,average,0.6296458244,0.5327804654,
O1/0879/4,,videos/sample_003515_O1__0879__4.pt,ok,0.6306658387,0.6553398967,0.5322372988,0.5192655360,average,0.6306658387,0.5322372988,
O1/0880/1,,videos/sample_003516_O1__0880__1.pt,ok,0.5667479634,0.5993734002,0.5673675418,0.5491556291,average,0.5667479634,0.5673675418,
O1/0880/2,,videos/sample_003517_O1__0880__2.pt,ok,0.5627336502,0.5918342471,0.5696497104,0.5533114435,average,0.5627336502,0.5696497104,
O1/0880/3,,videos/sample_003518_O1__0880__3.pt,ok,0.5669820905,0.6075652838,0.5672347212,0.5446753860,average,0.5669820905,0.5672347212,
O1/0880/4,,videos/sample_003519_O1__0880__4.pt,ok,0.5653675795,0.5976509452,0.5681512676,0.5501023401,average,0.5653675795,0.5681512676,
O1/0881/1,,videos/sample_003520_O1__0881__1.pt,ok,0.5660040975,0.5986511111,0.5677897442,0.5495524215,average,0.5660040975,0.5677897442,
O1/0881/2,,videos/sample_003521_O1__0881__2.pt,ok,0.5561913252,0.5770705938,0.5733887617,0.5615409410,average,0.5561913252,0.5733887617,
O1/0881/3,,videos/sample_003522_O1__0881__3.pt,ok,0.5657114387,0.6057760119,0.5679559372,0.5456508307,average,0.5657114387,0.5679559372,
O1/0881/4,,videos/sample_003523_O1__0881__4.pt,ok,0.5611612797,0.5935377479,0.5705461154,0.5523696794,average,0.5611612797,0.5705461154,
O1/0882/1,,videos/sample_003524_O1__0882__1.pt,ok,0.6209643483,0.6515127420,0.5374259218,0.5212566532,average,0.6209643483,0.5374259218,
O1/0882/2,,videos/sample_003525_O1__0882__2.pt,ok,0.6188610792,0.6525758505,0.5385574627,0.5207027953,average,0.6188610792,0.5385574627,
O1/0882/3,,videos/sample_003526_O1__0882__3.pt,ok,0.6202651858,0.6525758505,0.5378018013,0.5207027953,average,0.6202651858,0.5378018013,
O1/0882/4,,videos/sample_003527_O1__0882__4.pt,ok,0.6210269332,0.6515127420,0.5373922882,0.5212566532,average,0.6210269332,0.5373922882,
O1/0883/1,,videos/sample_003528_O1__0883__1.pt,ok,0.5945283175,0.6038471460,0.5518227897,0.5467043337,average,0.5945283175,0.5518227897,
O1/0883/2,,videos/sample_003529_O1__0883__2.pt,ok,0.5955996513,0.6136521101,0.5512319198,0.5413701111,average,0.5955996513,0.5512319198,
O1/0883/3,,videos/sample_003530_O1__0883__3.pt,ok,0.5959561467,0.6155111194,0.5510354432,0.5403646339,average,0.5959561467,0.5510354432,
O1/0883/4,,videos/sample_003531_O1__0883__4.pt,ok,0.5909790397,0.6008418798,0.5537848419,0.5483497971,average,0.5909790397,0.5537848419,
O1/0884/1,,videos/sample_003532_O1__0884__1.pt,ok,0.6198626161,0.6316387057,0.5380183476,0.5317197545,average,0.6198626161,0.5380183476,
O1/0884/2,,videos/sample_003533_O1__0884__2.pt,ok,0.6218121052,0.6330685019,0.5369705084,0.5309600468,average,0.6218121052,0.5369705084,
O1/0884/3,,videos/sample_003534_O1__0884__3.pt,ok,0.6216805577,0.6316387057,0.5370411501,0.5317197545,average,0.6216805577,0.5370411501,
O1/0884/4,,videos/sample_003535_O1__0884__4.pt,ok,0.6210142970,0.6330685019,0.5373990788,0.5309600468,average,0.6210142970,0.5373990788,
O1/0885/1,,videos/sample_003536_O1__0885__1.pt,ok,0.6175807118,0.6506912708,0.5392474558,0.5216850264,average,0.6175807118,0.5392474558,
O1/0885/2,,videos/sample_003537_O1__0885__2.pt,ok,0.6175807118,0.6506912708,0.5392474558,0.5216850264,average,0.6175807118,0.5392474558,
O1/0885/3,,videos/sample_003538_O1__0885__3.pt,ok,0.6202807426,0.6521080732,0.5377934348,0.5209464252,average,0.6202807426,0.5377934348,
O1/0885/4,,videos/sample_003539_O1__0885__4.pt,ok,0.6202807426,0.6521080732,0.5377934348,0.5209464252,average,0.6202807426,0.5377934348,
O1/0886/1,,videos/sample_003540_O1__0886__1.pt,ok,0.5865526795,0.6043826342,0.5562415261,0.5464116584,average,0.5865526795,0.5562415261,
O1/0886/2,,videos/sample_003541_O1__0886__2.pt,ok,0.5863233209,0.6051506996,0.5563691196,0.5459921396,average,0.5863233209,0.5563691196,
O1/0886/3,,videos/sample_003542_O1__0886__3.pt,ok,0.5876350403,0.6057760119,0.5556397978,0.5456508307,average,0.5876350403,0.5556397978,
O1/0886/4,,videos/sample_003543_O1__0886__4.pt,ok,0.5873633623,0.6055691242,0.5557907734,0.5457637309,average,0.5873633623,0.5557907734,
O1/0887/1,,videos/sample_003544_O1__0887__1.pt,ok,0.5641776919,0.5967336297,0.5688277061,0.5506071890,average,0.5641776919,0.5688277061,
O1/0887/2,,videos/sample_003545_O1__0887__2.pt,ok,0.5723542571,0.6096562147,0.5641956124,0.5435376972,average,0.5723542571,0.5641956124,
O1/0887/3,,videos/sample_003546_O1__0887__3.pt,ok,0.5693261027,0.6001274586,0.5659066732,0.5487416898,average,0.5693261027,0.5659066732,
O1/0887/4,,videos/sample_003547_O1__0887__4.pt,ok,0.5714575648,0.6114636064,0.5647017491,0.5425561990,average,0.5714575648,0.5647017491,
O1/0888/1,,videos/sample_003548_O1__0888__1.pt,ok,0.5826302171,0.6088282466,0.5584276473,0.5439879155,average,0.5826302171,0.5584276473,
O1/0888/2,,videos/sample_003549_O1__0888__2.pt,ok,0.5843610168,0.6088961363,0.5574619569,0.5439509855,average,0.5843610168,0.5574619569,
O1/0888/3,,videos/sample_003550_O1__0888__3.pt,ok,0.5822590590,0.6048990488,0.5586349508,0.5461295563,average,0.5822590590,0.5586349508,
O1/0888/4,,videos/sample_003551_O1__0888__4.pt,ok,0.5822290778,0.6036570072,0.5586516995,0.5468082933,average,0.5822290778,0.5586516995,
O1/0889/1,,videos/sample_003552_O1__0889__1.pt,ok,0.5848244429,0.6070959568,0.5572036743,0.5449310769,average,0.5848244429,0.5572036743,
O1/0889/2,,videos/sample_003553_O1__0889__2.pt,ok,0.5871143937,0.6106386185,0.5559291651,0.5430039859,average,0.5871143937,0.5559291651,
O1/0889/3,,videos/sample_003554_O1__0889__3.pt,ok,0.5880840421,0.6108378768,0.5553903706,0.5428957987,average,0.5880840421,0.5553903706,
O1/0889/4,,videos/sample_003555_O1__0889__4.pt,ok,0.5892809033,0.6122120619,0.5547260430,0.5421502717,average,0.5892809033,0.5547260430,
O1/0890/1,,videos/sample_003556_O1__0890__1.pt,ok,0.6209595203,0.6335310936,0.5374285165,0.5307144859,average,0.6209595203,0.5374285165,
O1/0890/2,,videos/sample_003557_O1__0890__2.pt,ok,0.6221141815,0.6342898607,0.5368083268,0.5303119500,average,0.6221141815,0.5368083268,
O1/0890/3,,videos/sample_003558_O1__0890__3.pt,ok,0.6220251322,0.6337044239,0.5368561314,0.5306225050,average,0.6220251322,0.5368561314,
O1/0890/4,,videos/sample_003559_O1__0890__4.pt,ok,0.6213139892,0.6347259879,0.5372380486,0.5300807169,average,0.6213139892,0.5372380486,
O1/0891/1,,videos/sample_003560_O1__0891__1.pt,ok,0.5570843220,0.5824068189,0.5728769559,0.5585524130,average,0.5570843220,0.5728769559,
O1/0891/2,,videos/sample_003561_O1__0891__2.pt,ok,0.5539302230,0.5718520880,0.5746867191,0.5644790052,average,0.5539302230,0.5746867191,
O1/0891/3,,videos/sample_003562_O1__0891__3.pt,ok,0.5556023717,0.5717496276,0.5737265604,0.5645368449,average,0.5556023717,0.5737265604,
O1/0891/4,,videos/sample_003563_O1__0891__4.pt,ok,0.5566833019,0.5849565864,0.5731067371,0.5571300483,average,0.5566833019,0.5731067371,
O1/0892/1,,videos/sample_003564_O1__0892__1.pt,ok,0.5759496093,0.5908582211,0.5621707727,0.5538517535,average,0.5759496093,0.5621707727,
O1/0892/2,,videos/sample_003565_O1__0892__2.pt,ok,0.5794774890,0.6043705940,0.5601909961,0.5464182373,average,0.5794774890,0.5601909961,
O1/0892/3,,videos/sample_003566_O1__0892__3.pt,ok,0.5793595910,0.6085610986,0.5602570454,0.5441332602,average,0.5793595910,0.5602570454,
O1/0892/4,,videos/sample_003567_O1__0892__4.pt,ok,0.5791735649,0.6040759087,0.5603612775,0.5465792825,average,0.5791735649,0.5603612775,
O1/0893/1,,videos/sample_003568_O1__0893__1.pt,ok,0.5769029260,0.5975996852,0.5616351013,0.5501305390,average,0.5769029260,0.5616351013,
O1/0893/2,,videos/sample_003569_O1__0893__2.pt,ok,0.5774689913,0.5996953845,0.5613172691,0.5489788381,average,0.5774689913,0.5613172691,
O1/0893/3,,videos/sample_003570_O1__0893__3.pt,ok,0.5757122040,0.5956811905,0.5623042508,0.5511869746,average,0.5757122040,0.5623042508,
O1/0893/4,,videos/sample_003571_O1__0893__4.pt,ok,0.5779278874,0.5995526314,0.5610597418,0.5490572121,average,0.5779278874,0.5610597418,
O1/0894/1,,videos/sample_003572_O1__0894__1.pt,ok,0.5801943541,0.5998994112,0.5597895586,0.5488668432,average,0.5801943541,0.5597895586,
O1/0894/2,,videos/sample_003573_O1__0894__2.pt,ok,0.5805227160,0.6060684919,0.5596057752,0.5454912621,average,0.5805227160,0.5596057752,
O1/0894/3,,videos/sample_003574_O1__0894__3.pt,ok,0.5746209025,0.5903417468,0.5629182292,0.5541378775,average,0.5746209025,0.5629182292,
O1/0894/4,,videos/sample_003575_O1__0894__4.pt,ok,0.5817080140,0.6051161885,0.5589428685,0.5460109827,average,0.5817080140,0.5589428685,
O1/0895/1,,videos/sample_003576_O1__0895__1.pt,ok,0.6449692845,0.6632801294,0.5246786576,0.5151587726,average,0.6449692845,0.5246786576,
O1/0895/2,,videos/sample_003577_O1__0895__2.pt,ok,0.6454600692,0.6636543274,0.5244212166,0.5149660373,average,0.6454600692,0.5244212166,
O1/0895/3,,videos/sample_003578_O1__0895__3.pt,ok,0.6445116401,0.6632801294,0.5249188288,0.5151587726,average,0.6445116401,0.5249188288,
O1/0895/4,,videos/sample_003579_O1__0895__4.pt,ok,0.6455579400,0.6636543274,0.5243698935,0.5149660373,average,0.6455579400,0.5243698935,
O1/0896/1,,videos/sample_003580_O1__0896__1.pt,ok,0.5558544993,0.5741155744,0.5735819264,0.5632027596,average,0.5558544993,0.5735819264,
O1/0896/2,,videos/sample_003581_O1__0896__2.pt,ok,0.5547572970,0.5730047822,0.5742116071,0.5638287084,average,0.5547572970,0.5742116071,
O1/0896/3,,videos/sample_003582_O1__0896__3.pt,ok,0.5586960912,0.5871183276,0.5719543542,0.5559269782,average,0.5586960912,0.5719543542,
O1/0896/4,,videos/sample_003583_O1__0896__4.pt,ok,0.5585948229,0.5853345394,0.5720122780,0.5569195191,average,0.5585948229,0.5720122780,
O1/0897/1,,videos/sample_003584_O1__0897__1.pt,ok,0.6446971297,0.6623998284,0.5248214709,0.5156124671,average,0.6446971297,0.5248214709,
O1/0897/2,,videos/sample_003585_O1__0897__2.pt,ok,0.6450303793,0.6623998284,0.5246466035,0.5156124671,average,0.6450303793,0.5246466035,
O1/0897/3,,videos/sample_003586_O1__0897__3.pt,ok,0.6457415223,0.6629537940,0.5242736373,0.5153269146,average,0.6457415223,0.5242736373,
O1/0897/4,,videos/sample_003587_O1__0897__4.pt,ok,0.6452560425,0.6629537940,0.5245282234,0.5153269146,average,0.6452560425,0.5245282234,
O1/0898/1,,videos/sample_003588_O1__0898__1.pt,ok,0.5778768063,0.6017969847,0.5610884022,0.5478263156,average,0.5778768063,0.5610884022,
O1/0898/2,,videos/sample_003589_O1__0898__2.pt,ok,0.5763806105,0.5909055471,0.5619285286,0.5538255425,average,0.5763806105,0.5619285286,
O1/0898/3,,videos/sample_003590_O1__0898__3.pt,ok,0.5776029825,0.5990907550,0.5612420625,0.5493108673,average,0.5776029825,0.5612420625,
O1/0898/4,,videos/sample_003591_O1__0898__4.pt,ok,0.5776757002,0.6033651233,0.5612012518,0.5469679212,average,0.5776757002,0.5612012518,
O1/0899/1,,videos/sample_003592_O1__0899__1.pt,ok,0.6270870566,0.6402000785,0.5341454725,0.5271869347,average,0.6270870566,0.5341454725,
O1/0899/2,,videos/sample_003593_O1__0899__2.pt,ok,0.6278028488,0.6391999125,0.5337632722,0.5277144729,average,0.6278028488,0.5337632722,
O1/0899/3,,videos/sample_003594_O1__0899__3.pt,ok,0.6264888048,0.6387867928,0.5344651216,0.5279325272,average,0.6264888048,0.5344651216,
O1/0899/4,,videos/sample_003595_O1__0899__4.pt,ok,0.6281288862,0.6401564479,0.5335892738,0.5272099367,average,0.6281288862,0.5335892738,
O1/0900/1,,videos/sample_003596_O1__0900__1.pt,ok,0.5771037936,0.5983158946,0.5615222983,0.5497366714,average,0.5771037936,0.5615222983,
O1/0900/2,,videos/sample_003597_O1__0900__2.pt,ok,0.5769398212,0.5981751680,0.5616143800,0.5498140394,average,0.5769398212,0.5616143800,
O1/0900/3,,videos/sample_003598_O1__0900__3.pt,ok,0.5753070712,0.5964193344,0.5625321049,0.5507802694,average,0.5753070712,0.5625321049,
O1/0900/4,,videos/sample_003599_O1__0900__4.pt,ok,0.5757244825,0.5960738659,0.5622973466,0.5509705796,average,0.5757244825,0.5622973466,
O1/0901/1,,videos/sample_003600_O1__0901__1.pt,ok,0.6295536757,0.6549854279,0.5328295628,0.5194496320,average,0.6295536757,0.5328295628,
O1/0901/2,,videos/sample_003601_O1__0901__2.pt,ok,0.6271036267,0.6546978951,0.5341366218,0.5195990123,average,0.6271036267,0.5341366218,
O1/0901/3,,videos/sample_003602_O1__0901__3.pt,ok,0.6288899183,0.6549854279,0.5331833497,0.5194496320,average,0.6288899183,0.5331833497,
O1/0901/4,,videos/sample_003603_O1__0901__4.pt,ok,0.6284769773,0.6546978951,0.5334035684,0.5195990123,average,0.6284769773,0.5334035684,
O1/0902/1,,videos/sample_003604_O1__0902__1.pt,ok,0.5902813077,0.6111723185,0.5541713701,0.5427142620,average,0.5902813077,0.5541713701,
O1/0902/2,,videos/sample_003605_O1__0902__2.pt,ok,0.5906957388,0.6114630699,0.5539417519,0.5425564900,average,0.5906957388,0.5539417519,
O1/0902/3,,videos/sample_003606_O1__0902__3.pt,ok,0.5893719196,0.6088069677,0.5546755562,0.5439994910,average,0.5893719196,0.5546755562,
O1/0902/4,,videos/sample_003607_O1__0902__4.pt,ok,0.5892331004,0.6085759401,0.5547525612,0.5441251844,average,0.5892331004,0.5547525612,
O1/0903/1,,videos/sample_003608_O1__0903__1.pt,ok,0.5545600653,0.5722689629,0.5743248711,0.5642437371,average,0.5545600653,0.5743248711,
O1/0903/2,,videos/sample_003609_O1__0903__2.pt,ok,0.5563660860,0.5875829458,0.5732885645,0.5556687444,average,0.5563660860,0.5732885645,
O1/0903/3,,videos/sample_003610_O1__0903__3.pt,ok,0.5530920625,0.5711063743,0.5751686007,0.5649001019,average,0.5530920625,0.5751686007,
O1/0903/4,,videos/sample_003611_O1__0903__4.pt,ok,0.5563465953,0.5839464664,0.5732997384,0.5576931008,average,0.5563465953,0.5732997384,
O1/0904/1,,videos/sample_003612_O1__0904__1.pt,ok,0.5772173405,0.5969564319,0.5614585428,0.5504845262,average,0.5772173405,0.5614585428,
O1/0904/2,,videos/sample_003613_O1__0904__2.pt,ok,0.5753301382,0.5972007513,0.5625191291,0.5503500485,average,0.5753301382,0.5625191291,
O1/0904/3,,videos/sample_003614_O1__0904__3.pt,ok,0.5749609470,0.5923606157,0.5627268445,0.5530202743,average,0.5749609470,0.5627268445,
O1/0904/4,,videos/sample_003615_O1__0904__4.pt,ok,0.5770938396,0.5938253403,0.5615278877,0.5522108449,average,0.5770938396,0.5615278877,
O1/0905/1,,videos/sample_003616_O1__0905__1.pt,ok,0.6263597608,0.6377375722,0.5345340956,0.5284867356,average,0.6263597608,0.5345340956,
O1/0905/2,,videos/sample_003617_O1__0905__2.pt,ok,0.6255715489,0.6394919753,0.5349555878,0.5275603697,average,0.6255715489,0.5349555878,
O1/0905/3,,videos/sample_003618_O1__0905__3.pt,ok,0.6266227365,0.6394919753,0.5343935447,0.5275603697,average,0.6266227365,0.5343935447,
O1/0905/4,,videos/sample_003619_O1__0905__4.pt,ok,0.6255790591,0.6377375722,0.5349515702,0.5284867356,average,0.6255790591,0.5349515702,
O1/0906/1,,videos/sample_003620_O1__0906__1.pt,ok,0.5778851509,0.5916470885,0.5610837201,0.5534150101,average,0.5778851509,0.5610837201,
O1/0906/2,,videos/sample_003621_O1__0906__2.pt,ok,0.5777366161,0.5963679552,0.5611670667,0.5508085688,average,0.5777366161,0.5611670667,
O1/0906/3,,videos/sample_003622_O1__0906__3.pt,ok,0.5739776492,0.5892547965,0.5632804447,0.5547405253,average,0.5739776492,0.5632804447,
O1/0906/4,,videos/sample_003623_O1__0906__4.pt,ok,0.5739408731,0.5952073932,0.5633011604,0.5514481874,average,0.5739408731,0.5633011604,
O1/0907/1,,videos/sample_003624_O1__0907__1.pt,ok,0.5840579271,0.6042810678,0.5576309434,0.5464671583,average,0.5840579271,0.5576309434,
O1/0907/2,,videos/sample_003625_O1__0907__2.pt,ok,0.5850465894,0.6037237048,0.5570799072,0.5467718237,average,0.5850465894,0.5570799072,
O1/0907/3,,videos/sample_003626_O1__0907__3.pt,ok,0.5855407119,0.6083934307,0.5568047095,0.5442245015,average,0.5855407119,0.5568047095,
O1/0907/4,,videos/sample_003627_O1__0907__4.pt,ok,0.5864443779,0.6099510789,0.5563017713,0.5433774511,average,0.5864443779,0.5563017713,
O1/0908/1,,videos/sample_003628_O1__0908__1.pt,ok,0.6154764891,0.6435950398,0.5403833472,0.5254001901,average,0.6154764891,0.5403833472,
O1/0908/2,,videos/sample_003629_O1__0908__2.pt,ok,0.6160655022,0.6444844007,0.5400651480,0.5249331275,average,0.6160655022,0.5400651480,
O1/0908/3,,videos/sample_003630_O1__0908__3.pt,ok,0.6156219244,0.6444844007,0.5403047621,0.5249331275,average,0.6156219244,0.5403047621,
O1/0908/4,,videos/sample_003631_O1__0908__4.pt,ok,0.6159685850,0.6435950398,0.5401174922,0.5254001901,average,0.6159685850,0.5401174922,
O1/0909/1,,videos/sample_003632_O1__0909__1.pt,ok,0.6234636307,0.6508145928,0.5360844198,0.5216206952,average,0.6234636307,0.5360844198,
O1/0909/2,,videos/sample_003633_O1__0909__2.pt,ok,0.6228925586,0.6508145928,0.5363906501,0.5216206952,average,0.6228925586,0.5363906501,
O1/0909/3,,videos/sample_003634_O1__0909__3.pt,ok,0.6230787635,0.6504678726,0.5362907808,0.5218015830,average,0.6230787635,0.5362907808,
O1/0909/4,,videos/sample_003635_O1__0909__4.pt,ok,0.6221762300,0.6504678726,0.5367750197,0.5218015830,average,0.6221762300,0.5367750197,
O1/0910/1,,videos/sample_003636_O1__0910__1.pt,ok,0.5958728790,0.6148064137,0.5510813285,0.5407455661,average,0.5958728790,0.5510813285,
O1/0910/2,,videos/sample_003637_O1__0910__2.pt,ok,0.5971355438,0.6148064137,0.5503859367,0.5407455661,average,0.5971355438,0.5503859367,
O1/0910/3,,videos/sample_003638_O1__0910__3.pt,ok,0.5967184305,0.6139695644,0.5506155578,0.5411982780,average,0.5967184305,0.5506155578,
O1/0910/4,,videos/sample_003639_O1__0910__4.pt,ok,0.5973147154,0.6139695644,0.5502873320,0.5411982780,average,0.5973147154,0.5502873320,
O1/0911/1,,videos/sample_003640_O1__0911__1.pt,ok,0.6260969043,0.6407951117,0.5346746199,0.5268733343,average,0.6260969043,0.5346746199,
O1/0911/2,,videos/sample_003641_O1__0911__2.pt,ok,0.6260069609,0.6412766576,0.5347227125,0.5266196817,average,0.6260069609,0.5347227125,
O1/0911/3,,videos/sample_003642_O1__0911__3.pt,ok,0.6239292622,0.6412766576,0.5358348601,0.5266196817,average,0.6239292622,0.5358348601,
O1/0911/4,,videos/sample_003643_O1__0911__4.pt,ok,0.6254370809,0.6407951117,0.5350275271,0.5268733343,average,0.6254370809,0.5350275271,
O1/0912/1,,videos/sample_003644_O1__0912__1.pt,ok,0.6200646758,0.6499534249,0.5379096467,0.5220700916,average,0.6200646758,0.5379096467,
O1/0912/2,,videos/sample_003645_O1__0912__2.pt,ok,0.6223282814,0.6504943967,0.5366934085,0.5217877428,average,0.6223282814,0.5366934085,
O1/0912/3,,videos/sample_003646_O1__0912__3.pt,ok,0.6200646758,0.6499534249,0.5379096467,0.5220700916,average,0.6200646758,0.5379096467,
O1/0912/4,,videos/sample_003647_O1__0912__4.pt,ok,0.6223282814,0.6504943967,0.5366934085,0.5217877428,average,0.6223282814,0.5366934085,
O1/0913/1,,videos/sample_003648_O1__0913__1.pt,ok,0.6158360243,0.6309149861,0.5401890953,0.5321047098,average,0.6158360243,0.5401890953,
O1/0913/2,,videos/sample_003649_O1__0913__2.pt,ok,0.6165063977,0.6308161020,0.5398270882,0.5321573291,average,0.6165063977,0.5398270882,
O1/0913/3,,videos/sample_003650_O1__0913__3.pt,ok,0.6178206801,0.6309149861,0.5391180690,0.5321047098,average,0.6178206801,0.5391180690,
O1/0913/4,,videos/sample_003651_O1__0913__4.pt,ok,0.6180863976,0.6308161020,0.5389748349,0.5321573291,average,0.6180863976,0.5389748349,
O1/0914/1,,videos/sample_003652_O1__0914__1.pt,ok,0.5739776492,0.5892547965,0.5632804447,0.5547405253,average,0.5739776492,0.5632804447,
O1/0914/2,,videos/sample_003653_O1__0914__2.pt,ok,0.5734800696,0.5929102302,0.5635607913,0.5527164099,average,0.5734800696,0.5635607913,
O1/0914/3,,videos/sample_003654_O1__0914__3.pt,ok,0.5736967325,0.5931602120,0.5634387018,0.5525782581,average,0.5736967325,0.5634387018,
O1/0914/4,,videos/sample_003655_O1__0914__4.pt,ok,0.5734873414,0.5902289152,0.5635566933,0.5542004053,average,0.5734873414,0.5635566933,
O1/0915/1,,videos/sample_003656_O1__0915__1.pt,ok,0.5747440457,0.5885992646,0.5628489140,0.5551042946,average,0.5747440457,0.5628489140,
O1/0915/2,,videos/sample_003657_O1__0915__2.pt,ok,0.5750645995,0.5956694484,0.5626685195,0.5511934468,average,0.5750645995,0.5626685195,
O1/0915/3,,videos/sample_003658_O1__0915__3.pt,ok,0.5732386708,0.5882690549,0.5636968507,0.5552876257,average,0.5732386708,0.5636968507,
O1/0915/4,,videos/sample_003659_O1__0915__4.pt,ok,0.5734981894,0.5933669806,0.5635505798,0.5524640141,average,0.5734981894,0.5635505798,
O1/0916/1,,videos/sample_003660_O1__0916__1.pt,ok,0.5911001563,0.6207121611,0.5537177734,0.5375614709,average,0.5911001563,0.5537177734,
O1/0916/2,,videos/sample_003661_O1__0916__2.pt,ok,0.5904692411,0.6241447926,0.5540672326,0.5357193839,average,0.5904692411,0.5540672326,
O1/0916/3,,videos/sample_003662_O1__0916__3.pt,ok,0.5859183669,0.6142010093,0.5565944691,0.5410730350,average,0.5859183669,0.5565944691,
O1/0916/4,,videos/sample_003663_O1__0916__4.pt,ok,0.5905977488,0.6201055646,0.5539960353,0.5378876527,average,0.5905977488,0.5539960353,
O1/0917/1,,videos/sample_003664_O1__0917__1.pt,ok,0.5744124651,0.5944847465,0.5630355747,0.5518468337,average,0.5744124651,0.5630355747,
O1/0917/2,,videos/sample_003665_O1__0917__2.pt,ok,0.5730442405,0.5937665701,0.5638064611,0.5522432994,average,0.5730442405,0.5638064611,
O1/0917/3,,videos/sample_003666_O1__0917__3.pt,ok,0.5733802915,0.5943469405,0.5636170252,0.5519228867,average,0.5733802915,0.5636170252,
O1/0917/4,,videos/sample_003667_O1__0917__4.pt,ok,0.5744053125,0.5943469405,0.5630396019,0.5519228867,average,0.5744053125,0.5630396019,
O1/0918/1,,videos/sample_003668_O1__0918__1.pt,ok,0.5889278054,0.6192985773,0.5549219502,0.5383218964,average,0.5889278054,0.5549219502,
O1/0918/2,,videos/sample_003669_O1__0918__2.pt,ok,0.5837512016,0.6108152866,0.5578020093,0.5429080629,average,0.5837512016,0.5578020093,
O1/0918/3,,videos/sample_003670_O1__0918__3.pt,ok,0.5888084173,0.6192985773,0.5549882052,0.5383218964,average,0.5888084173,0.5549882052,
O1/0918/4,,videos/sample_003671_O1__0918__4.pt,ok,0.5836358666,0.6108152866,0.5578663471,0.5429080629,average,0.5836358666,0.5578663471,
O1/0919/1,,videos/sample_003672_O1__0919__1.pt,ok,0.6183163524,0.6482456326,0.5388509093,0.5229624407,average,0.6183163524,0.5388509093,
O1/0919/2,,videos/sample_003673_O1__0919__2.pt,ok,0.6173822284,0.6482456326,0.5393544981,0.5229624407,average,0.6173822284,0.5393544981,
O1/0919/3,,videos/sample_003674_O1__0919__3.pt,ok,0.6180241108,0.6498636007,0.5390084070,0.5221169883,average,0.6180241108,0.5390084070,
O1/0919/4,,videos/sample_003675_O1__0919__4.pt,ok,0.6169236302,0.6498636007,0.5396019018,0.5221169883,average,0.6169236302,0.5396019018,
O1/0920/1,,videos/sample_003676_O1__0920__1.pt,ok,0.6213354468,0.6345888376,0.5372265209,0.5301534227,average,0.6213354468,0.5372265209,
O1/0920/2,,videos/sample_003677_O1__0920__2.pt,ok,0.6242335439,0.6352121830,0.5356718402,0.5298230569,average,0.6242335439,0.5356718402,
O1/0920/3,,videos/sample_003678_O1__0920__3.pt,ok,0.6235273480,0.6357338428,0.5360502630,0.5295467416,average,0.6235273480,0.5360502630,
O1/0920/4,,videos/sample_003679_O1__0920__4.pt,ok,0.6232511997,0.6350551248,0.5361983128,0.5299062766,average,0.6232511997,0.5361983128,
O1/0921/1,,videos/sample_003680_O1__0921__1.pt,ok,0.5867039561,0.6151011586,0.5561573862,0.5405862076,average,0.5867039561,0.5561573862,
O1/0921/2,,videos/sample_003681_O1__0921__2.pt,ok,0.5837756991,0.6100140214,0.5577883447,0.5433432506,average,0.5837756991,0.5577883447,
O1/0921/3,,videos/sample_003682_O1__0921__3.pt,ok,0.5855258107,0.6131036878,0.5568130066,0.5416670919,average,0.5855258107,0.5568130066,
O1/0921/4,,videos/sample_003683_O1__0921__4.pt,ok,0.5808054209,0.6052694321,0.5594475943,0.5459273165,average,0.5808054209,0.5594475943,
O1/0922/1,,videos/sample_003684_O1__0922__1.pt,ok,0.6200240850,0.6485444307,0.5379314813,0.5228062038,average,0.6200240850,0.5379314813,
O1/0922/2,,videos/sample_003685_O1__0922__2.pt,ok,0.6215089560,0.6485444307,0.5371333153,0.5228062038,average,0.6215089560,0.5371333153,
O1/0922/3,,videos/sample_003686_O1__0922__3.pt,ok,0.6218653321,0.6488613486,0.5369419279,0.5226405435,average,0.6218653321,0.5369419279,
O1/0922/4,,videos/sample_003687_O1__0922__4.pt,ok,0.6223946214,0.6488613486,0.5366578055,0.5226405435,average,0.6223946214,0.5366578055,
O1/0923/1,,videos/sample_003688_O1__0923__1.pt,ok,0.5789146423,0.5967277884,0.5605063864,0.5506104052,average,0.5789146423,0.5605063864,
O1/0923/2,,videos/sample_003689_O1__0923__2.pt,ok,0.5791589618,0.5985307097,0.5603694606,0.5496185924,average,0.5791589618,0.5603694606,
O1/0923/3,,videos/sample_003690_O1__0923__3.pt,ok,0.5789569020,0.5985307097,0.5604827001,0.5496185924,average,0.5789569020,0.5604827001,
O1/0923/4,,videos/sample_003691_O1__0923__4.pt,ok,0.5788008571,0.5967277884,0.5605701674,0.5506104052,average,0.5788008571,0.5605701674,
O1/0924/1,,videos/sample_003692_O1__0924__1.pt,ok,0.6227505207,0.6342548132,0.5364668433,0.5303305364,average,0.6227505207,0.5364668433,
O1/0924/2,,videos/sample_003693_O1__0924__2.pt,ok,0.6226239800,0.6344393492,0.5365347325,0.5302326804,average,0.6226239800,0.5365347325,
O1/0924/3,,videos/sample_003694_O1__0924__3.pt,ok,0.6221265197,0.6347516775,0.5368017036,0.5300670996,average,0.6221265197,0.5368017036,
O1/0924/4,,videos/sample_003695_O1__0924__4.pt,ok,0.6219234467,0.6335843801,0.5369107246,0.5306862068,average,0.6219234467,0.5369107246,
O1/0925/1,,videos/sample_003696_O1__0925__1.pt,ok,0.5537785292,0.5708383322,0.5747739021,0.5650515392,average,0.5537785292,0.5747739021,
O1/0925/2,,videos/sample_003697_O1__0925__2.pt,ok,0.5621110201,0.5875289440,0.5700045019,0.5556987523,average,0.5621110201,0.5700045019,
O1/0925/3,,videos/sample_003698_O1__0925__3.pt,ok,0.5598203540,0.5870807767,0.5713116885,0.5559478541,average,0.5598203540,0.5713116885,
O1/0925/4,,videos/sample_003699_O1__0925__4.pt,ok,0.5638125539,0.6003817320,0.5690354447,0.5486021771,average,0.5638125539,0.5690354447,
O1/0926/1,,videos/sample_003700_O1__0926__1.pt,ok,0.5995489359,0.6159422994,0.5490592412,0.5401316897,average,0.5995489359,0.5490592412,
O1/0926/2,,videos/sample_003701_O1__0926__2.pt,ok,0.5941898823,0.6002370715,0.5520095775,0.5486815439,average,0.5941898823,0.5520095775,
O1/0926/3,,videos/sample_003702_O1__0926__3.pt,ok,0.6016063690,0.6203522086,0.5479307498,0.5377550023,average,0.6016063690,0.5479307498,
O1/0926/4,,videos/sample_003703_O1__0926__4.pt,ok,0.6025568247,0.6213644743,0.5474102133,0.5372109268,average,0.6025568247,0.5474102133,
O1/0927/1,,videos/sample_003704_O1__0927__1.pt,ok,0.5865369439,0.6104790568,0.5562502790,0.5430906355,average,0.5865369439,0.5562502790,
O1/0927/2,,videos/sample_003705_O1__0927__2.pt,ok,0.5871788263,0.6142063141,0.5558933463,0.5410701647,average,0.5871788263,0.5558933463,
O1/0927/3,,videos/sample_003706_O1__0927__3.pt,ok,0.5866378546,0.6124637127,0.5561941503,0.5420138563,average,0.5866378546,0.5561941503,
O1/0927/4,,videos/sample_003707_O1__0927__4.pt,ok,0.5825446844,0.6069903374,0.5584754132,0.5449886352,average,0.5825446844,0.5584754132,
O1/0928/1,,videos/sample_003708_O1__0928__1.pt,ok,0.6225578785,0.6499896049,0.5365701994,0.5220512035,average,0.6225578785,0.5365701994,
O1/0928/2,,videos/sample_003709_O1__0928__2.pt,ok,0.6207116246,0.6499896049,0.5375617593,0.5220512035,average,0.6207116246,0.5375617593,
O1/0928/3,,videos/sample_003710_O1__0928__3.pt,ok,0.6228524446,0.6502166986,0.5364121673,0.5219326624,average,0.6228524446,0.5364121673,
O1/0928/4,,videos/sample_003711_O1__0928__4.pt,ok,0.6231609583,0.6502166986,0.5362467023,0.5219326624,average,0.6231609583,0.5362467023,
O1/0929/1,,videos/sample_003712_O1__0929__1.pt,ok,0.5848464370,0.6032736301,0.5571914192,0.5470179673,average,0.5848464370,0.5571914192,
O1/0929/2,,videos/sample_003713_O1__0929__2.pt,ok,0.5838731527,0.6036578417,0.5577339889,0.5468078370,average,0.5838731527,0.5577339889,
O1/0929/3,,videos/sample_003714_O1__0929__3.pt,ok,0.5838032961,0.6014090776,0.5577729517,0.5480388625,average,0.5838032961,0.5577729517,
O1/0929/4,,videos/sample_003715_O1__0929__4.pt,ok,0.5823815465,0.6012896895,0.5585665291,0.5481042957,average,0.5823815465,0.5585665291,
O1/0930/1,,videos/sample_003716_O1__0930__1.pt,ok,0.5830007195,0.6053206921,0.5582207868,0.5458993330,average,0.5830007195,0.5582207868,
O1/0930/2,,videos/sample_003717_O1__0930__2.pt,ok,0.5890926719,0.6163519621,0.5548304697,0.5399104632,average,0.5890926719,0.5548304697,
O1/0930/3,,videos/sample_003718_O1__0930__3.pt,ok,0.5885782242,0.6189492941,0.5551159744,0.5385099560,average,0.5885782242,0.5551159744,
O1/0930/4,,videos/sample_003719_O1__0930__4.pt,ok,0.5876938105,0.6123181581,0.5556071438,0.5420927546,average,0.5876938105,0.5556071438,
O1/0931/1,,videos/sample_003720_O1__0931__1.pt,ok,0.5687545538,0.5873074532,0.5662302090,0.5558218481,average,0.5687545538,0.5662302090,
O1/0931/2,,videos/sample_003721_O1__0931__2.pt,ok,0.5691681504,0.5877743363,0.5659960665,0.5555624048,average,0.5691681504,0.5659960665,
O1/0931/3,,videos/sample_003722_O1__0931__3.pt,ok,0.5679392815,0.5839313269,0.5666920290,0.5577015441,average,0.5679392815,0.5666920290,
O1/0931/4,,videos/sample_003723_O1__0931__4.pt,ok,0.5681213140,0.5835348368,0.5665888820,0.5579227111,average,0.5681213140,0.5665888820,
O1/0932/1,,videos/sample_003724_O1__0932__1.pt,ok,0.5728626251,0.5872411728,0.5639088663,0.5558586894,average,0.5728626251,0.5639088663,
O1/0932/2,,videos/sample_003725_O1__0932__2.pt,ok,0.5768947005,0.5915752649,0.5616397210,0.5534547598,average,0.5768947005,0.5616397210,
O1/0932/3,,videos/sample_003726_O1__0932__3.pt,ok,0.5790538788,0.6042003036,0.5604283490,0.5465112951,average,0.5790538788,0.5604283490,
O1/0932/4,,videos/sample_003727_O1__0932__4.pt,ok,0.5758631825,0.5991579294,0.5622193614,0.5492739689,average,0.5758631825,0.5622193614,
O1/0933/1,,videos/sample_003728_O1__0933__1.pt,ok,0.5701501369,0.5900551677,0.5654405388,0.5542967046,average,0.5701501369,0.5654405388,
O1/0933/2,,videos/sample_003729_O1__0933__2.pt,ok,0.5717487931,0.5944319367,0.5645373160,0.5518759773,average,0.5717487931,0.5645373160,
O1/0933/3,,videos/sample_003730_O1__0933__3.pt,ok,0.5712010860,0.5941171050,0.5648466017,0.5520497527,average,0.5712010860,0.5648466017,
O1/0933/4,,videos/sample_003731_O1__0933__4.pt,ok,0.5708296299,0.5890574455,0.5650564565,0.5548500147,average,0.5708296299,0.5650564565,
O1/0934/1,,videos/sample_003732_O1__0934__1.pt,ok,0.5491080880,0.5670380592,0.5774646284,0.5672029747,average,0.5491080880,0.5774646284,
O1/0934/2,,videos/sample_003733_O1__0934__2.pt,ok,0.5500785112,0.5695159435,0.5769045151,0.5657992512,average,0.5500785112,0.5769045151,
O1/0934/3,,videos/sample_003734_O1__0934__3.pt,ok,0.5529257655,0.5809851885,0.5752642575,0.5593470328,average,0.5529257655,0.5752642575,
O1/0934/4,,videos/sample_003735_O1__0934__4.pt,ok,0.5534024239,0.5820806026,0.5749901183,0.5587346516,average,0.5534024239,0.5749901183,
O1/0935/1,,videos/sample_003736_O1__0935__1.pt,ok,0.5793369412,0.6112801433,0.5602697352,0.5426557471,average,0.5793369412,0.5602697352,
O1/0935/2,,videos/sample_003737_O1__0935__2.pt,ok,0.5813107491,0.6005538702,0.5591649611,0.5485077498,average,0.5813107491,0.5591649611,
O1/0935/3,,videos/sample_003738_O1__0935__3.pt,ok,0.5844784379,0.6105804443,0.5573965029,0.5430355757,average,0.5844784379,0.5573965029,
O1/0935/4,,videos/sample_003739_O1__0935__4.pt,ok,0.5735020041,0.5863041282,0.5635484300,0.5563797979,average,0.5735020041,0.5635484300,
O1/0936/1,,videos/sample_003740_O1__0936__1.pt,ok,0.5798608065,0.5994600058,0.5599763062,0.5491080712,average,0.5798608065,0.5599763062,
O1/0936/2,,videos/sample_003741_O1__0936__2.pt,ok,0.5809798241,0.6023250818,0.5593500334,0.5475370864,average,0.5809798241,0.5593500334,
O1/0936/3,,videos/sample_003742_O1__0936__3.pt,ok,0.5794916153,0.6031487584,0.5601830827,0.5470862786,average,0.5794916153,0.5601830827,
O1/0936/4,,videos/sample_003743_O1__0936__4.pt,ok,0.5770304203,0.5990440845,0.5615635005,0.5493365044,average,0.5770304203,0.5615635005,
O1/0937/1,,videos/sample_003744_O1__0937__1.pt,ok,0.6017476916,0.6137178540,0.5478533203,0.5413345204,average,0.6017476916,0.5478533203,
O1/0937/2,,videos/sample_003745_O1__0937__2.pt,ok,0.6030942798,0.6162369251,0.5471160840,0.5399725764,average,0.6030942798,0.5471160840,
O1/0937/3,,videos/sample_003746_O1__0937__3.pt,ok,0.6027325988,0.6146935225,0.5473140012,0.5408066150,average,0.6027325988,0.5473140012,
O1/0937/4,,videos/sample_003747_O1__0937__4.pt,ok,0.6039052010,0.6175473928,0.5466725958,0.5392654232,average,0.6039052010,0.5466725958,
O1/0938/1,,videos/sample_003748_O1__0938__1.pt,ok,0.5708304048,0.6009944677,0.5650560186,0.5482661319,average,0.5708304048,0.5650560186,
O1/0938/2,,videos/sample_003749_O1__0938__2.pt,ok,0.5717695355,0.6009402871,0.5645256062,0.5482958381,average,0.5717695355,0.5645256062,
O1/0938/3,,videos/sample_003750_O1__0938__3.pt,ok,0.5730246902,0.6057399511,0.5638174838,0.5456705077,average,0.5730246902,0.5638174838,
O1/0938/4,,videos/sample_003751_O1__0938__4.pt,ok,0.5673545599,0.5954570174,0.5670234830,0.5513105498,average,0.5673545599,0.5670234830,
O1/0939/1,,videos/sample_003752_O1__0939__1.pt,ok,0.5854994059,0.6077854037,0.5568277093,0.5445555053,average,0.5854994059,0.5568277093,
O1/0939/2,,videos/sample_003753_O1__0939__2.pt,ok,0.5896095037,0.6123311520,0.5545437897,0.5420857108,average,0.5896095037,0.5545437897,
O1/0939/3,,videos/sample_003754_O1__0939__3.pt,ok,0.5877531171,0.6116649508,0.5555741935,0.5424469693,average,0.5877531171,0.5555741935,
O1/0939/4,,videos/sample_003755_O1__0939__4.pt,ok,0.5888180733,0.6173909307,0.5549828463,0.5393498045,average,0.5888180733,0.5549828463,
O1/0940/1,,videos/sample_003756_O1__0940__1.pt,ok,0.5948759913,0.6205608249,0.5516309686,0.5376428296,average,0.5948759913,0.5516309686,
O1/0940/2,,videos/sample_003757_O1__0940__2.pt,ok,0.5932543278,0.6183085442,0.5525262542,0.5388551168,average,0.5932543278,0.5525262542,
O1/0940/3,,videos/sample_003758_O1__0940__3.pt,ok,0.5942599773,0.6236302257,0.5519708857,0.5359951183,average,0.5942599773,0.5519708857,
O1/0940/4,,videos/sample_003759_O1__0940__4.pt,ok,0.5909855962,0.6164942980,0.5537812110,0.5398336200,average,0.5909855962,0.5537812110,
O1/0941/1,,videos/sample_003760_O1__0941__1.pt,ok,0.5620790124,0.5895174146,0.5700227467,0.5545948596,average,0.5620790124,0.5700227467,
O1/0941/2,,videos/sample_003761_O1__0941__2.pt,ok,0.5676922798,0.5981906652,0.5668320202,0.5498055189,average,0.5676922798,0.5668320202,
O1/0941/3,,videos/sample_003762_O1__0941__3.pt,ok,0.5667411089,0.6048566699,0.5673714308,0.5461527011,average,0.5667411089,0.5673714308,
O1/0941/4,,videos/sample_003763_O1__0941__4.pt,ok,0.5704123974,0.6031107903,0.5652922656,0.5471070509,average,0.5704123974,0.5652922656,
O1/0942/1,,videos/sample_003764_O1__0942__1.pt,ok,0.6257406473,0.6509094238,0.5348651354,0.5215712317,average,0.6257406473,0.5348651354,
O1/0942/2,,videos/sample_003765_O1__0942__2.pt,ok,0.6259788871,0.6502504945,0.5347377244,0.5219150236,average,0.6259788871,0.5347377244,
O1/0942/3,,videos/sample_003766_O1__0942__3.pt,ok,0.6262407899,0.6502504945,0.5345976934,0.5219150236,average,0.6262407899,0.5345976934,
O1/0942/4,,videos/sample_003767_O1__0942__4.pt,ok,0.6257931590,0.6509094238,0.5348370494,0.5215712317,average,0.6257931590,0.5348370494,
O1/0943/1,,videos/sample_003768_O1__0943__1.pt,ok,0.5730186701,0.5893250704,0.5638208780,0.5547015429,average,0.5730186701,0.5638208780,
O1/0943/2,,videos/sample_003769_O1__0943__2.pt,ok,0.5775508881,0.5962565541,0.5612713009,0.5508699329,average,0.5775508881,0.5612713009,
O1/0943/3,,videos/sample_003770_O1__0943__3.pt,ok,0.5773924589,0.5913901925,0.5613602297,0.5535571985,average,0.5773924589,0.5613602297,
O1/0943/4,,videos/sample_003771_O1__0943__4.pt,ok,0.5732377768,0.5958996415,0.5636973546,0.5510665804,average,0.5732377768,0.5636973546,
O1/0944/1,,videos/sample_003772_O1__0944__1.pt,ok,0.6208664179,0.6341167688,0.5374785548,0.5304037506,average,0.6208664179,0.5374785548,
O1/0944/2,,videos/sample_003773_O1__0944__2.pt,ok,0.6208156943,0.6354258060,0.5375058183,0.5297098866,average,0.6208156943,0.5375058183,
O1/0944/3,,videos/sample_003774_O1__0944__3.pt,ok,0.6186348200,0.6340833902,0.5386793301,0.5304214550,average,0.6186348200,0.5386793301,
O1/0944/4,,videos/sample_003775_O1__0944__4.pt,ok,0.6200781465,0.6341167688,0.5379024008,0.5304037506,average,0.6200781465,0.5379024008,
O1/0945/1,,videos/sample_003776_O1__0945__1.pt,ok,0.5687810779,0.5970464349,0.5662151905,0.5504349832,average,0.5687810779,0.5662151905,
O1/0945/2,,videos/sample_003777_O1__0945__2.pt,ok,0.5733106732,0.6021170020,0.5636562646,0.5476510297,average,0.5733106732,0.5636562646,
O1/0945/3,,videos/sample_003778_O1__0945__3.pt,ok,0.5726001859,0.6009937525,0.5640568775,0.5482665241,average,0.5726001859,0.5640568775,
O1/0945/4,,videos/sample_003779_O1__0945__4.pt,ok,0.5735328794,0.6033902168,0.5635310306,0.5469541960,average,0.5735328794,0.5635310306,
O1/0946/1,,videos/sample_003780_O1__0946__1.pt,ok,0.5704212189,0.5931068063,0.5652872789,0.5526077697,average,0.5704212189,0.5652872789,
O1/0946/2,,videos/sample_003781_O1__0946__2.pt,ok,0.5731928349,0.5949025750,0.5637226888,0.5516163045,average,0.5731928349,0.5637226888,
O1/0946/3,,videos/sample_003782_O1__0946__3.pt,ok,0.5701988935,0.5865792632,0.5654129705,0.5562267394,average,0.5701988935,0.5654129705,
O1/0946/4,,videos/sample_003783_O1__0946__4.pt,ok,0.5729721189,0.5893968344,0.5638471252,0.5546617368,average,0.5729721189,0.5638471252,
O1/0947/1,,videos/sample_003784_O1__0947__1.pt,ok,0.5817498565,0.6109045148,0.5589194815,0.5428596224,average,0.5817498565,0.5589194815,
O1/0947/2,,videos/sample_003785_O1__0947__2.pt,ok,0.5768150687,0.6080053449,0.5616844471,0.5444357483,average,0.5768150687,0.5616844471,
O1/0947/3,,videos/sample_003786_O1__0947__3.pt,ok,0.5800203681,0.6082409620,0.5598869626,0.5443074850,average,0.5800203681,0.5598869626,
O1/0947/4,,videos/sample_003787_O1__0947__4.pt,ok,0.5688480139,0.5854997039,0.5661772915,0.5568275434,average,0.5688480139,0.5661772915,
O1/0948/1,,videos/sample_003788_O1__0948__1.pt,ok,0.6314122677,0.6542587280,0.5318401697,0.5198272532,average,0.6314122677,0.5318401697,
O1/0948/2,,videos/sample_003789_O1__0948__2.pt,ok,0.6302188039,0.6542587280,0.5324752806,0.5198272532,average,0.6302188039,0.5324752806,
O1/0948/3,,videos/sample_003790_O1__0948__3.pt,ok,0.6314381957,0.6551925540,0.5318263803,0.5193420516,average,0.6314381957,0.5318263803,
O1/0948/4,,videos/sample_003791_O1__0948__4.pt,ok,0.6309548616,0.6551925540,0.5320834922,0.5193420516,average,0.6309548616,0.5320834922,
O1/0949/1,,videos/sample_003792_O1__0949__1.pt,ok,0.6130677462,0.6270756721,0.5416865607,0.5341515535,average,0.6130677462,0.5416865607,
O1/0949/2,,videos/sample_003793_O1__0949__2.pt,ok,0.6163886786,0.6279214621,0.5398906399,0.5336999646,average,0.6163886786,0.5398906399,
O1/0949/3,,videos/sample_003794_O1__0949__3.pt,ok,0.6155225635,0.6270242333,0.5403584499,0.5341790304,average,0.6155225635,0.5403584499,
O1/0949/4,,videos/sample_003795_O1__0949__4.pt,ok,0.6153815985,0.6286346912,0.5404346269,0.5333194499,average,0.6153815985,0.5404346269,
O1/0950/1,,videos/sample_003796_O1__0950__1.pt,ok,0.6149044037,0.6443188190,0.5406925811,0.5250200540,average,0.6149044037,0.5406925811,
O1/0950/2,,videos/sample_003797_O1__0950__2.pt,ok,0.6128714085,0.6444044113,0.5417929246,0.5249751183,average,0.6128714085,0.5417929246,
O1/0950/3,,videos/sample_003798_O1__0950__3.pt,ok,0.6135979891,0.6443188190,0.5413994113,0.5250200540,average,0.6135979891,0.5413994113,
O1/0950/4,,videos/sample_003799_O1__0950__4.pt,ok,0.6139519215,0.6444044113,0.5412078265,0.5249751183,average,0.6139519215,0.5412078265,
O1/0951/1,,videos/sample_003800_O1__0951__1.pt,ok,0.6131030321,0.6298698783,0.5416674471,0.5326611073,average,0.6131030321,0.5416674471,
O1/0951/2,,videos/sample_003801_O1__0951__2.pt,ok,0.6113836169,0.6266352534,0.5425995995,0.5343868557,average,0.6113836169,0.5425995995,
O1/0951/3,,videos/sample_003802_O1__0951__3.pt,ok,0.6130266190,0.6293163300,0.5417088392,0.5329560426,average,0.6130266190,0.5417088392,
O1/0951/4,,videos/sample_003803_O1__0951__4.pt,ok,0.6118706465,0.6280187368,0.5423354018,0.5336480515,average,0.6118706465,0.5423354018,
O1/0952/1,,videos/sample_003804_O1__0952__1.pt,ok,0.6069880128,0.6258414984,0.5449899021,0.5348111964,average,0.6069880128,0.5449899021,
O1/0952/2,,videos/sample_003805_O1__0952__2.pt,ok,0.6006529331,0.6199908257,0.5484534158,0.5379493729,average,0.6006529331,0.5484534158,
O1/0952/3,,videos/sample_003806_O1__0952__3.pt,ok,0.6062743068,0.6243742704,0.5453790035,0.5355964622,average,0.6062743068,0.5453790035,
O1/0952/4,,videos/sample_003807_O1__0952__4.pt,ok,0.5963425636,0.6017004251,0.5508225549,0.5478792160,average,0.5963425636,0.5508225549,
O1/0953/1,,videos/sample_003808_O1__0953__1.pt,ok,0.5844487548,0.6140386462,0.5574130484,0.5411608924,average,0.5844487548,0.5574130484,
O1/0953/2,,videos/sample_003809_O1__0953__2.pt,ok,0.5808279514,0.6074202061,0.5594349898,0.5447544120,average,0.5808279514,0.5594349898,
O1/0953/3,,videos/sample_003810_O1__0953__3.pt,ok,0.5844796896,0.6121283174,0.5573958052,0.5421956757,average,0.5844796896,0.5573958052,
O1/0953/4,,videos/sample_003811_O1__0953__4.pt,ok,0.5839313865,0.6154668331,0.5577015109,0.5403885651,average,0.5839313865,0.5577015109,
O1/0954/1,,videos/sample_003812_O1__0954__1.pt,ok,0.6251069307,0.6369200945,0.5352041957,0.5289189384,average,0.6251069307,0.5352041957,
O1/0954/2,,videos/sample_003813_O1__0954__2.pt,ok,0.6243437529,0.6361036897,0.5356128076,0.5293509266,average,0.6243437529,0.5356128076,
O1/0954/3,,videos/sample_003814_O1__0954__3.pt,ok,0.6233995557,0.6366952658,0.5361187705,0.5290378679,average,0.6233995557,0.5361187705,
O1/0954/4,,videos/sample_003815_O1__0954__4.pt,ok,0.6259317994,0.6376669407,0.5347629045,0.5285240647,average,0.6259317994,0.5347629045,
O1/0955/1,,videos/sample_003816_O1__0955__1.pt,ok,0.5712099671,0.6036373973,0.5648415853,0.5468190163,average,0.5712099671,0.5648415853,
O1/0955/2,,videos/sample_003817_O1__0955__2.pt,ok,0.5739850998,0.6054149866,0.5632762480,0.5458478601,average,0.5739850998,0.5632762480,
O1/0955/3,,videos/sample_003818_O1__0955__3.pt,ok,0.5735299587,0.6028640270,0.5635326765,0.5472420734,average,0.5735299587,0.5635326765,
O1/0955/4,,videos/sample_003819_O1__0955__4.pt,ok,0.5686295033,0.6007500291,0.5663010208,0.5484001657,average,0.5686295033,0.5663010208,
O1/0956/1,,videos/sample_003820_O1__0956__1.pt,ok,0.6264788508,0.6502990723,0.5344704417,0.5218896707,average,0.6264788508,0.5344704417,
O1/0956/2,,videos/sample_003821_O1__0956__2.pt,ok,0.6274948716,0.6502990723,0.5339276844,0.5218896707,average,0.6274948716,0.5339276844,
O1/0956/3,,videos/sample_003822_O1__0956__3.pt,ok,0.6267460585,0.6508193612,0.5343276462,0.5216182079,average,0.6267460585,0.5343276462,
O1/0956/4,,videos/sample_003823_O1__0956__4.pt,ok,0.6274296045,0.6508193612,0.5339625335,0.5216182079,average,0.6274296045,0.5339625335,
O1/0957/1,,videos/sample_003824_O1__0957__1.pt,ok,0.5853930712,0.6116154194,0.5568869226,0.5424738381,average,0.5853930712,0.5568869226,
O1/0957/2,,videos/sample_003825_O1__0957__2.pt,ok,0.5803257823,0.6116154194,0.5597159913,0.5424738381,average,0.5803257823,0.5597159913,
O1/0957/3,,videos/sample_003826_O1__0957__3.pt,ok,0.5881656408,0.6124698520,0.5553450533,0.5420105288,average,0.5881656408,0.5553450533,
O1/0957/4,,videos/sample_003827_O1__0957__4.pt,ok,0.5864548683,0.6112754941,0.5562959355,0.5426582700,average,0.5864548683,0.5562959355,
O1/0958/1,,videos/sample_003828_O1__0958__1.pt,ok,0.5791352987,0.5985590219,0.5603827208,0.5496030317,average,0.5791352987,0.5603827208,
O1/0958/2,,videos/sample_003829_O1__0958__2.pt,ok,0.5780168772,0.5999646783,0.5610098155,0.5488310214,average,0.5780168772,0.5610098155,
O1/0958/3,,videos/sample_003830_O1__0958__3.pt,ok,0.5784549713,0.5944086313,0.5607640942,0.5518888392,average,0.5784549713,0.5607640942,
O1/0958/4,,videos/sample_003831_O1__0958__4.pt,ok,0.5764133334,0.5915475488,0.5619101410,0.5534700997,average,0.5764133334,0.5619101410,
O1/0959/1,,videos/sample_003832_O1__0959__1.pt,ok,0.6292614341,0.6539398432,0.5329853005,0.5199930446,average,0.6292614341,0.5329853005,
O1/0959/2,,videos/sample_003833_O1__0959__2.pt,ok,0.6280751228,0.6517336369,0.5336179621,0.5211415230,average,0.6280751228,0.5336179621,
O1/0959/3,,videos/sample_003834_O1__0959__3.pt,ok,0.6268237233,0.6517336369,0.5342861494,0.5211415230,average,0.6268237233,0.5342861494,
O1/0959/4,,videos/sample_003835_O1__0959__4.pt,ok,0.6295701265,0.6539398432,0.5328207973,0.5199930446,average,0.6295701265,0.5328207973,
O1/0960/1,,videos/sample_003836_O1__0960__1.pt,ok,0.5796680450,0.6072057486,0.5600842585,0.5448712512,average,0.5796680450,0.5600842585,
O1/0960/2,,videos/sample_003837_O1__0960__2.pt,ok,0.5759497881,0.6032196879,0.5621706721,0.5470474754,average,0.5759497881,0.5621706721,
O1/0960/3,,videos/sample_003838_O1__0960__3.pt,ok,0.5807970166,0.6082178354,0.5594522960,0.5443200731,average,0.5807970166,0.5594522960,
O1/0960/4,,videos/sample_003839_O1__0960__4.pt,ok,0.5803868175,0.6115309596,0.5596818300,0.5425196573,average,0.5803868175,0.5596818300,
O1/0961/1,,videos/sample_003840_O1__0961__1.pt,ok,0.5816336870,0.6103503108,0.5589844146,0.5431605607,average,0.5816336870,0.5589844146,
O1/0961/2,,videos/sample_003841_O1__0961__2.pt,ok,0.5797678828,0.6085346937,0.5600283437,0.5441476281,average,0.5797678828,0.5600283437,
O1/0961/3,,videos/sample_003842_O1__0961__3.pt,ok,0.5692330003,0.5853310823,0.5659593629,0.5569214444,average,0.5692330003,0.5659593629,
O1/0961/4,,videos/sample_003843_O1__0961__4.pt,ok,0.5772507191,0.6130025387,0.5614398024,0.5417218838,average,0.5772507191,0.5614398024,
O1/0962/1,,videos/sample_003844_O1__0962__1.pt,ok,0.5882881880,0.6096031666,0.5552770015,0.5435665316,average,0.5882881880,0.5552770015,
O1/0962/2,,videos/sample_003845_O1__0962__2.pt,ok,0.5896336436,0.6096031666,0.5545304033,0.5435665316,average,0.5896336436,0.5545304033,
O1/0962/3,,videos/sample_003846_O1__0962__3.pt,ok,0.5885502100,0.6085314751,0.5551315257,0.5441493795,average,0.5885502100,0.5551315257,
O1/0962/4,,videos/sample_003847_O1__0962__4.pt,ok,0.5901473165,0.6087405086,0.5542456292,0.5440356460,average,0.5901473165,0.5542456292,
O1/0963/1,,videos/sample_003848_O1__0963__1.pt,ok,0.5588381886,0.5875023007,0.5718730867,0.5557135581,average,0.5588381886,0.5718730867,
O1/0963/2,,videos/sample_003849_O1__0963__2.pt,ok,0.5682681203,0.6050239205,0.5665057093,0.5460613644,average,0.5682681203,0.5665057093,
O1/0963/3,,videos/sample_003850_O1__0963__3.pt,ok,0.5697510839,0.6008912325,0.5656662246,0.5483227352,average,0.5697510839,0.5656662246,
O1/0963/4,,videos/sample_003851_O1__0963__4.pt,ok,0.5662339330,0.5969626904,0.5676592609,0.5504810810,average,0.5662339330,0.5676592609,
O1/0964/1,,videos/sample_003852_O1__0964__1.pt,ok,0.5580137968,0.5893095732,0.5723447286,0.5547101393,average,0.5580137968,0.5723447286,
O1/0964/2,,videos/sample_003853_O1__0964__2.pt,ok,0.5620089173,0.5898005962,0.5700627039,0.5544378307,average,0.5620089173,0.5700627039,
O1/0964/3,,videos/sample_003854_O1__0964__3.pt,ok,0.5500726104,0.5687845349,0.5769079194,0.5662132330,average,0.5500726104,0.5769079194,
O1/0964/4,,videos/sample_003855_O1__0964__4.pt,ok,0.5593662262,0.5852310658,0.5715711959,0.5569771486,average,0.5593662262,0.5715711959,
O1/0965/1,,videos/sample_003856_O1__0965__1.pt,ok,0.5777485967,0.6009445190,0.5611603437,0.5482935178,average,0.5777485967,0.5611603437,
O1/0965/2,,videos/sample_003857_O1__0965__2.pt,ok,0.5774666071,0.5986419320,0.5613186074,0.5495574659,average,0.5774666071,0.5613186074,
O1/0965/3,,videos/sample_003858_O1__0965__3.pt,ok,0.5757765174,0.5898803473,0.5622680883,0.5543936155,average,0.5757765174,0.5622680883,
O1/0965/4,,videos/sample_003859_O1__0965__4.pt,ok,0.5759521723,0.5908766389,0.5621693318,0.5538415528,average,0.5759521723,0.5621693318,
O1/0966/1,,videos/sample_003860_O1__0966__1.pt,ok,0.6394554377,0.6466003060,0.5275796458,0.5238235929,average,0.6394554377,0.5275796458,
O1/0966/2,,videos/sample_003861_O1__0966__2.pt,ok,0.6394588947,0.6467732191,0.5275778220,0.5237330248,average,0.6394588947,0.5275778220,
O1/0966/3,,videos/sample_003862_O1__0966__3.pt,ok,0.6401317120,0.6453277469,0.5272229779,0.5244906138,average,0.6401317120,0.5272229779,
O1/0966/4,,videos/sample_003863_O1__0966__4.pt,ok,0.6391113400,0.6467732191,0.5277612160,0.5237330248,average,0.6391113400,0.5277612160,
O1/0967/1,,videos/sample_003864_O1__0967__1.pt,ok,0.6185998321,0.6383715868,0.5386981777,0.5281517735,average,0.6185998321,0.5386981777,
O1/0967/2,,videos/sample_003865_O1__0967__2.pt,ok,0.6188880205,0.6379086375,0.5385429535,0.5283963376,average,0.6188880205,0.5385429535,
O1/0967/3,,videos/sample_003866_O1__0967__3.pt,ok,0.6182340980,0.6379086375,0.5388952340,0.5283963376,average,0.6182340980,0.5388952340,
O1/0967/4,,videos/sample_003867_O1__0967__4.pt,ok,0.6163476110,0.6383715868,0.5399128124,0.5281517735,average,0.6163476110,0.5399128124,
O1/0968/1,,videos/sample_003868_O1__0968__1.pt,ok,0.5739622712,0.5998117924,0.5632891069,0.5489149364,average,0.5739622712,0.5632891069,
O1/0968/2,,videos/sample_003869_O1__0968__2.pt,ok,0.5687229633,0.5887656808,0.5662480968,0.5550119240,average,0.5687229633,0.5662480968,
O1/0968/3,,videos/sample_003870_O1__0968__3.pt,ok,0.5762008429,0.5999624133,0.5620295542,0.5488322645,average,0.5762008429,0.5620295542,
O1/0968/4,,videos/sample_003871_O1__0968__4.pt,ok,0.5764302015,0.6060354710,0.5619006627,0.5455092751,average,0.5764302015,0.5619006627,
O1/0969/1,,videos/sample_003872_O1__0969__1.pt,ok,0.6270924211,0.6506883502,0.5341426072,0.5216865501,average,0.6270924211,0.5341426072,
O1/0969/2,,videos/sample_003873_O1__0969__2.pt,ok,0.6270442605,0.6528247595,0.5341683324,0.5205732038,average,0.6270442605,0.5341683324,
O1/0969/3,,videos/sample_003874_O1__0969__3.pt,ok,0.6254754066,0.6506883502,0.5350070222,0.5216865501,average,0.6254754066,0.5350070222,
O1/0969/4,,videos/sample_003875_O1__0969__4.pt,ok,0.6273674369,0.6528247595,0.5339957297,0.5205732038,average,0.6273674369,0.5339957297,
O1/0970/1,,videos/sample_003876_O1__0970__1.pt,ok,0.5715027452,0.6068689823,0.5646762363,0.5450547763,average,0.5715027452,0.5646762363,
O1/0970/2,,videos/sample_003877_O1__0970__2.pt,ok,0.5723416805,0.6027936935,0.5642027081,0.5472805642,average,0.5723416805,0.5642027081,
O1/0970/3,,videos/sample_003878_O1__0970__3.pt,ok,0.5636370182,0.5954179764,0.5691353395,0.5513320739,average,0.5636370182,0.5691353395,
O1/0970/4,,videos/sample_003879_O1__0970__4.pt,ok,0.5729784966,0.6037765741,0.5638435292,0.5467429171,average,0.5729784966,0.5638435292,
O1/0971/1,,videos/sample_003880_O1__0971__1.pt,ok,0.6162173748,0.6326804757,0.5399831332,0.5311661132,average,0.6162173748,0.5399831332,
O1/0971/2,,videos/sample_003881_O1__0971__2.pt,ok,0.6181874871,0.6326804757,0.5389203530,0.5311661132,average,0.6181874871,0.5389203530,
O1/0971/3,,videos/sample_003882_O1__0971__3.pt,ok,0.6184346676,0.6316836476,0.5387871589,0.5316958585,average,0.6184346676,0.5387871589,
O1/0971/4,,videos/sample_003883_O1__0971__4.pt,ok,0.6178280115,0.6316836476,0.5391141165,0.5316958585,average,0.6178280115,0.5391141165,
O1/0972/1,,videos/sample_003884_O1__0972__1.pt,ok,0.5835993886,0.6085327268,0.5578866973,0.5441486984,average,0.5835993886,0.5578866973,
O1/0972/2,,videos/sample_003885_O1__0972__2.pt,ok,0.5838425159,0.6099451780,0.5577510763,0.5433806575,average,0.5838425159,0.5577510763,
O1/0972/3,,videos/sample_003886_O1__0972__3.pt,ok,0.5793547034,0.6094382405,0.5602597837,0.5436561873,average,0.5793547034,0.5602597837,
O1/0972/4,,videos/sample_003887_O1__0972__4.pt,ok,0.5759521723,0.5908766389,0.5621693318,0.5538415528,average,0.5759521723,0.5621693318,
O1/0973/1,,videos/sample_003888_O1__0973__1.pt,ok,0.5894356966,0.6146013141,0.5546401818,0.5408564842,average,0.5894356966,0.5546401818,
O1/0973/2,,videos/sample_003889_O1__0973__2.pt,ok,0.5812980533,0.6036440134,0.5591720602,0.5468153985,average,0.5812980533,0.5591720602,
O1/0973/3,,videos/sample_003890_O1__0973__3.pt,ok,0.5873679519,0.6134091020,0.5557882226,0.5415016844,average,0.5873679519,0.5557882226,
O1/0973/4,,videos/sample_003891_O1__0973__4.pt,ok,0.5838608742,0.6092283130,0.5577408371,0.5437703277,average,0.5838608742,0.5577408371,
O1/0974/1,,videos/sample_003892_O1__0974__1.pt,ok,0.6203439236,0.6345114112,0.5377594576,0.5301944721,average,0.6203439236,0.5377594576,
O1/0974/2,,videos/sample_003893_O1__0974__2.pt,ok,0.6202925444,0.6340097189,0.5377870880,0.5304605333,average,0.6202925444,0.5377870880,
O1/0974/3,,videos/sample_003894_O1__0974__3.pt,ok,0.6185377836,0.6321811080,0.5387316041,0.5314314267,average,0.6185377836,0.5387316041,
O1/0974/4,,videos/sample_003895_O1__0974__4.pt,ok,0.6191605926,0.6327971816,0.5383961817,0.5311041266,average,0.6191605926,0.5383961817,
O1/0975/1,,videos/sample_003896_O1__0975__1.pt,ok,0.5629255772,0.5928527117,0.5695403898,0.5527482022,average,0.5629255772,0.5695403898,
O1/0975/2,,videos/sample_003897_O1__0975__2.pt,ok,0.5613527894,0.5930045843,0.5704368607,0.5526642613,average,0.5613527894,0.5704368607,
O1/0975/3,,videos/sample_003898_O1__0975__3.pt,ok,0.5533969998,0.5718902946,0.5749932371,0.5644574388,average,0.5533969998,0.5749932371,
O1/0975/4,,videos/sample_003899_O1__0975__4.pt,ok,0.5599340200,0.5858050585,0.5712467534,0.5566575395,average,0.5599340200,0.5712467534,
O1/0976/1,,videos/sample_003900_O1__0976__1.pt,ok,0.5613383651,0.5871015191,0.5704450889,0.5559363225,average,0.5613383651,0.5704450889,
O1/0976/2,,videos/sample_003901_O1__0976__2.pt,ok,0.5602676272,0.5831143260,0.5710562132,0.5581573729,average,0.5602676272,0.5710562132,
O1/0976/3,,videos/sample_003902_O1__0976__3.pt,ok,0.5557635427,0.5728202462,0.5736340998,0.5639327646,average,0.5557635427,0.5736340998,
O1/0976/4,,videos/sample_003903_O1__0976__4.pt,ok,0.5598664880,0.5881950855,0.5712853322,0.5553287015,average,0.5598664880,0.5712853322,
O1/0977/1,,videos/sample_003904_O1__0977__1.pt,ok,0.5740982890,0.5992886424,0.5632124948,0.5492021763,average,0.5740982890,0.5632124948,
O1/0977/2,,videos/sample_003905_O1__0977__2.pt,ok,0.5717624426,0.5872161388,0.5645296104,0.5558726049,average,0.5717624426,0.5645296104,
O1/0977/3,,videos/sample_003906_O1__0977__3.pt,ok,0.5754904151,0.6023845673,0.5624289775,0.5475045169,average,0.5754904151,0.5624289775,
O1/0977/4,,videos/sample_003907_O1__0977__4.pt,ok,0.5691027641,0.5845667124,0.5660330761,0.5573473012,average,0.5691027641,0.5660330761,
O1/0978/1,,videos/sample_003908_O1__0978__1.pt,ok,0.5688263178,0.6015514135,0.5661895755,0.5479608624,average,0.5688263178,0.5661895755,
O1/0978/2,,videos/sample_003909_O1__0978__2.pt,ok,0.5708298087,0.6054281592,0.5650563554,0.5458406699,average,0.5708298087,0.5650563554,
O1/0978/3,,videos/sample_003910_O1__0978__3.pt,ok,0.5667742491,0.5977794528,0.5673526284,0.5500316523,average,0.5667742491,0.5673526284,
O1/0978/4,,videos/sample_003911_O1__0978__4.pt,ok,0.5703667402,0.6011953354,0.5653180758,0.5481560140,average,0.5703667402,0.5653180758,
O1/0979/1,,videos/sample_003912_O1__0979__1.pt,ok,0.5867571831,0.6020753980,0.5561277844,0.5476738147,average,0.5867571831,0.5561277844,
O1/0979/2,,videos/sample_003913_O1__0979__2.pt,ok,0.5858058929,0.6021219492,0.5566570750,0.5476483204,average,0.5858058929,0.5566570750,
O1/0979/3,,videos/sample_003914_O1__0979__3.pt,ok,0.5865522623,0.6022019982,0.5562417582,0.5476044834,average,0.5865522623,0.5562417582,
O1/0979/4,,videos/sample_003915_O1__0979__4.pt,ok,0.5862488747,0.6020753980,0.5564105407,0.5476738147,average,0.5862488747,0.5564105407,
O1/0980/1,,videos/sample_003916_O1__0980__1.pt,ok,0.5653880835,0.6030533910,0.5681396184,0.5471384553,average,0.5653880835,0.5681396184,
O1/0980/2,,videos/sample_003917_O1__0980__2.pt,ok,0.5645933151,0.5982638597,0.5685913372,0.5497652777,average,0.5645933151,0.5685913372,
O1/0980/3,,videos/sample_003918_O1__0980__3.pt,ok,0.5559239984,0.5761825442,0.5735420644,0.5620398387,average,0.5559239984,0.5735420644,
O1/0980/4,,videos/sample_003919_O1__0980__4.pt,ok,0.5648452640,0.5947862267,0.5684480994,0.5516804878,average,0.5648452640,0.5684480994,
O1/0981/1,,videos/sample_003920_O1__0981__1.pt,ok,0.5669887066,0.5966600180,0.5672309684,0.5506477216,average,0.5669887066,0.5672309684,
O1/0981/2,,videos/sample_003921_O1__0981__2.pt,ok,0.5672574043,0.5986213684,0.5670785752,0.5495687669,average,0.5672574043,0.5670785752,
O1/0981/3,,videos/sample_003922_O1__0981__3.pt,ok,0.5605309010,0.5905389786,0.5709058889,0.5540285947,average,0.5605309010,0.5709058889,
O1/0981/4,,videos/sample_003923_O1__0981__4.pt,ok,0.5634708405,0.5977222323,0.5692299249,0.5500631263,average,0.5634708405,0.5692299249,
O1/0982/1,,videos/sample_003924_O1__0982__1.pt,ok,0.6178953648,0.6330468655,0.5390778067,0.5309715351,average,0.6178953648,0.5390778067,
O1/0982/2,,videos/sample_003925_O1__0982__2.pt,ok,0.6189942956,0.6330468655,0.5384857228,0.5309715351,average,0.6189942956,0.5384857228,
O1/0982/3,,videos/sample_003926_O1__0982__3.pt,ok,0.6191519499,0.6330518723,0.5384008349,0.5309688766,average,0.6191519499,0.5384008349,
O1/0982/4,,videos/sample_003927_O1__0982__4.pt,ok,0.6183089018,0.6330518723,0.5388549241,0.5309688766,average,0.6183089018,0.5388549241,
O1/0983/1,,videos/sample_003928_O1__0983__1.pt,ok,0.5857115984,0.6057606339,0.5567095672,0.5456592218,average,0.5857115984,0.5567095672,
O1/0983/2,,videos/sample_003929_O1__0983__2.pt,ok,0.5835109949,0.6043112278,0.5579360132,0.5464506771,average,0.5835109949,0.5579360132,
O1/0983/3,,videos/sample_003930_O1__0983__3.pt,ok,0.5845831633,0.6041157842,0.5573381324,0.5465574878,average,0.5845831633,0.5573381324,
O1/0983/4,,videos/sample_003931_O1__0983__4.pt,ok,0.5852344036,0.6065757871,0.5569752895,0.5452146072,average,0.5852344036,0.5569752895,
O1/0984/1,,videos/sample_003932_O1__0984__1.pt,ok,0.5663006902,0.5945123434,0.5676213669,0.5518316046,average,0.5663006902,0.5676213669,
O1/0984/2,,videos/sample_003933_O1__0984__2.pt,ok,0.5682832599,0.5989071727,0.5664971327,0.5494117203,average,0.5682832599,0.5664971327,
O1/0984/3,,videos/sample_003934_O1__0984__3.pt,ok,0.5685087442,0.6062602401,0.5663694109,0.5453866752,average,0.5685087442,0.5663694109,
O1/0984/4,,videos/sample_003935_O1__0984__4.pt,ok,0.5608995557,0.5865280628,0.5706954605,0.5562552191,average,0.5608995557,0.5706954605,
O1/0985/1,,videos/sample_003936_O1__0985__1.pt,ok,0.5759654045,0.6054368019,0.5621618931,0.5458359524,average,0.5759654045,0.5621618931,
O1/0985/2,,videos/sample_003937_O1__0985__2.pt,ok,0.5679026246,0.5874322057,0.5667128026,0.5557525123,average,0.5679026246,0.5667128026,
O1/0985/3,,videos/sample_003938_O1__0985__3.pt,ok,0.5722830296,0.5908848643,0.5642358001,0.5538369972,average,0.5722830296,0.5642358001,
O1/0985/4,,videos/sample_003939_O1__0985__4.pt,ok,0.5727888942,0.6048759222,0.5639504454,0.5461421866,average,0.5727888942,0.5639504454,
O1/0986/1,,videos/sample_003940_O1__0986__1.pt,ok,0.5518009663,0.5695369840,0.5759116783,0.5657873467,average,0.5518009663,0.5759116783,
O1/0986/2,,videos/sample_003941_O1__0986__2.pt,ok,0.5626394749,0.5945500135,0.5697033599,0.5518108174,average,0.5626394749,0.5697033599,
O1/0986/3,,videos/sample_003942_O1__0986__3.pt,ok,0.5569745898,0.5888490081,0.5729398224,0.5549656783,average,0.5569745898,0.5729398224,
O1/0986/4,,videos/sample_003943_O1__0986__4.pt,ok,0.5619592071,0.5926353931,0.5700910426,0.5528683377,average,0.5619592071,0.5700910426,
O1/0987/1,,videos/sample_003944_O1__0987__1.pt,ok,0.6180831790,0.6475446820,0.5389765697,0.5233291400,average,0.6180831790,0.5389765697,
O1/0987/2,,videos/sample_003945_O1__0987__2.pt,ok,0.6156695485,0.6465060115,0.5402790312,0.5238729890,average,0.6156695485,0.5402790312,
O1/0987/3,,videos/sample_003946_O1__0987__3.pt,ok,0.6179203391,0.6475446820,0.5390643437,0.5233291400,average,0.6179203391,0.5390643437,
O1/0987/4,,videos/sample_003947_O1__0987__4.pt,ok,0.6182615161,0.6465060115,0.5388804587,0.5238729890,average,0.6182615161,0.5388804587,
O1/0988/1,,videos/sample_003948_O1__0988__1.pt,ok,0.6160913706,0.6303625107,0.5400511776,0.5323987658,average,0.6160913706,0.5400511776,
O1/0988/2,,videos/sample_003949_O1__0988__2.pt,ok,0.6174879670,0.6322402954,0.5392974705,0.5313999736,average,0.6174879670,0.5392974705,
O1/0988/3,,videos/sample_003950_O1__0988__3.pt,ok,0.6185979247,0.6327689886,0.5386992052,0.5311191003,average,0.6185979247,0.5386992052,
O1/0988/4,,videos/sample_003951_O1__0988__4.pt,ok,0.6179379821,0.6311877966,0.5390548331,0.5319595658,average,0.6179379821,0.5390548331,
O1/0989/1,,videos/sample_003952_O1__0989__1.pt,ok,0.6238446832,0.6511081457,0.5358801824,0.5214675944,average,0.6238446832,0.5358801824,
O1/0989/2,,videos/sample_003953_O1__0989__2.pt,ok,0.6222761869,0.6509015560,0.5367213680,0.5215753353,average,0.6222761869,0.5367213680,
O1/0989/3,,videos/sample_003954_O1__0989__3.pt,ok,0.6243283153,0.6511081457,0.5356210762,0.5214675944,average,0.6243283153,0.5356210762,
O1/0989/4,,videos/sample_003955_O1__0989__4.pt,ok,0.6208900213,0.6509015560,0.5374658686,0.5215753353,average,0.6208900213,0.5374658686,
O1/0990/1,,videos/sample_003956_O1__0990__1.pt,ok,0.5632976890,0.5896147490,0.5693284965,0.5545408810,average,0.5632976890,0.5693284965,
O1/0990/2,,videos/sample_003957_O1__0990__2.pt,ok,0.5556023717,0.5717496276,0.5737265604,0.5645368449,average,0.5556023717,0.5737265604,
O1/0990/3,,videos/sample_003958_O1__0990__3.pt,ok,0.5667147636,0.5934709907,0.5673863786,0.5524065553,average,0.5667147636,0.5673863786,
O1/0990/4,,videos/sample_003959_O1__0990__4.pt,ok,0.5615834594,0.5874500275,0.5703052932,0.5557426078,average,0.5615834594,0.5703052932,
O1/0991/1,,videos/sample_003960_O1__0991__1.pt,ok,0.5695164204,0.5870948434,0.5657989814,0.5559400338,average,0.5695164204,0.5657989814,
O1/0991/2,,videos/sample_003961_O1__0991__2.pt,ok,0.5725270510,0.5970741510,0.5640981313,0.5504197274,average,0.5725270510,0.5640981313,
O1/0991/3,,videos/sample_003962_O1__0991__3.pt,ok,0.5691854954,0.5843775868,0.5659862494,0.5574527198,average,0.5691854954,0.5659862494,
O1/0991/4,,videos/sample_003963_O1__0991__4.pt,ok,0.5711237192,0.5967144966,0.5648903038,0.5506177239,average,0.5711237192,0.5648903038,
O1/0992/1,,videos/sample_003964_O1__0992__1.pt,ok,0.6158570051,0.6465914845,0.5401777618,0.5238282139,average,0.6158570051,0.5401777618,
O1/0992/2,,videos/sample_003965_O1__0992__2.pt,ok,0.6187072992,0.6467952728,0.5386402884,0.5237214747,average,0.6187072992,0.5386402884,
O1/0992/3,,videos/sample_003966_O1__0992__3.pt,ok,0.6183683276,0.6467952728,0.5388229032,0.5237214747,average,0.6183683276,0.5388229032,
O1/0992/4,,videos/sample_003967_O1__0992__4.pt,ok,0.6186335683,0.6465914845,0.5386800044,0.5238282139,average,0.6186335683,0.5386800044,
O1/0993/1,,videos/sample_003968_O1__0993__1.pt,ok,0.5668390393,0.5844375491,0.5673158706,0.5574192946,average,0.5668390393,0.5673158706,
O1/0993/2,,videos/sample_003969_O1__0993__2.pt,ok,0.5678222775,0.5935235023,0.5667583381,0.5523775482,average,0.5678222775,0.5667583381,
O1/0993/3,,videos/sample_003970_O1__0993__3.pt,ok,0.5681744814,0.5976271629,0.5665587588,0.5501154229,average,0.5681744814,0.5665587588,
O1/0993/4,,videos/sample_003971_O1__0993__4.pt,ok,0.5670646429,0.5854910612,0.5671878966,0.5568323559,average,0.5670646429,0.5671878966,
O1/0994/1,,videos/sample_003972_O1__0994__1.pt,ok,0.5564174652,0.5734422803,0.5732591102,0.5635820883,average,0.5564174652,0.5732591102,
O1/0994/2,,videos/sample_003973_O1__0994__2.pt,ok,0.5614659190,0.5912664533,0.5703723311,0.5536256995,average,0.5614659190,0.5703723311,
O1/0994/3,,videos/sample_003974_O1__0994__3.pt,ok,0.5576584935,0.5760461688,0.5725481207,0.5621164924,average,0.5576584935,0.5725481207,
O1/0994/4,,videos/sample_003975_O1__0994__4.pt,ok,0.5599840283,0.5870147347,0.5712181871,0.5559845712,average,0.5599840283,0.5712181871,
O1/0995/1,,videos/sample_003976_O1__0995__1.pt,ok,0.6438719630,0.6628170609,0.5252547148,0.5153973817,average,0.6438719630,0.5252547148,
O1/0995/2,,videos/sample_003977_O1__0995__2.pt,ok,0.6458854079,0.6638128161,0.5241982073,0.5148844275,average,0.6458854079,0.5241982073,
O1/0995/3,,videos/sample_003978_O1__0995__3.pt,ok,0.6458854079,0.6638128161,0.5241982073,0.5148844275,average,0.6458854079,0.5241982073,
O1/0995/4,,videos/sample_003979_O1__0995__4.pt,ok,0.6438719630,0.6628170609,0.5252547148,0.5153973817,average,0.6438719630,0.5252547148,
O1/0996/1,,videos/sample_003980_O1__0996__1.pt,ok,0.5673233867,0.5863945484,0.5670411592,0.5563294922,average,0.5673233867,0.5670411592,
O1/0996/2,,videos/sample_003981_O1__0996__2.pt,ok,0.5691306591,0.5960872769,0.5660172869,0.5509631905,average,0.5691306591,0.5660172869,
O1/0996/3,,videos/sample_003982_O1__0996__3.pt,ok,0.5690177679,0.5981500149,0.5660811888,0.5498278692,average,0.5690177679,0.5660811888,
O1/0996/4,,videos/sample_003983_O1__0996__4.pt,ok,0.5665645003,0.5877003074,0.5674716423,0.5556035340,average,0.5665645003,0.5674716423,
O1/0997/1,,videos/sample_003984_O1__0997__1.pt,ok,0.5856592655,0.6103582978,0.5567387022,0.5431562225,average,0.5856592655,0.5567387022,
O1/0997/2,,videos/sample_003985_O1__0997__2.pt,ok,0.5859041214,0.6158720255,0.5566023981,0.5401696482,average,0.5859041214,0.5566023981,
O1/0997/3,,videos/sample_003986_O1__0997__3.pt,ok,0.5833294988,0.6052554846,0.5580372856,0.5459349309,average,0.5833294988,0.5580372856,
O1/0997/4,,videos/sample_003987_O1__0997__4.pt,ok,0.5847808123,0.6087632775,0.5572279860,0.5440232590,average,0.5847808123,0.5572279860,
O1/0998/1,,videos/sample_003988_O1__0998__1.pt,ok,0.5613938570,0.5914049149,0.5704134347,0.5535490489,average,0.5613938570,0.5704134347,
O1/0998/2,,videos/sample_003989_O1__0998__2.pt,ok,0.5673260689,0.5994240642,0.5670396383,0.5491278074,average,0.5673260689,0.5670396383,
O1/0998/3,,videos/sample_003990_O1__0998__3.pt,ok,0.5674798489,0.6047517061,0.5669524457,0.5462100304,average,0.5674798489,0.5669524457,
O1/0998/4,,videos/sample_003991_O1__0998__4.pt,ok,0.5693469644,0.6012676358,0.5658948676,0.5481163836,average,0.5693469644,0.5658948676,
O1/0999/1,,videos/sample_003992_O1__0999__1.pt,ok,0.5706793666,0.5976346731,0.5651413701,0.5501112915,average,0.5706793666,0.5651413701,
O1/0999/2,,videos/sample_003993_O1__0999__2.pt,ok,0.5728913546,0.6039639115,0.5638926657,0.5466405013,average,0.5728913546,0.5638926657,
O1/0999/3,,videos/sample_003994_O1__0999__3.pt,ok,0.5702030659,0.6053618193,0.5654106114,0.5458768821,average,0.5702030659,0.5654106114,
O1/0999/4,,videos/sample_003995_O1__0999__4.pt,ok,0.5640388727,0.5904353857,0.5689066758,0.5540859911,average,0.5640388727,0.5689066758,
O1/1000/1,,videos/sample_003996_O1__1000__1.pt,ok,0.6226057410,0.6372376680,0.5365445184,0.5287509944,average,0.6226057410,0.5365445184,
O1/1000/2,,videos/sample_003997_O1__1000__2.pt,ok,0.6229613423,0.6361680031,0.5363537564,0.5293168834,average,0.6229613423,0.5363537564,
O1/1000/3,,videos/sample_003998_O1__1000__3.pt,ok,0.6210068464,0.6361680031,0.5374030827,0.5293168834,average,0.6210068464,0.5374030827,
O1/1000/4,,videos/sample_003999_O1__1000__4.pt,ok,0.6216855049,0.6372376680,0.5370384933,0.5287509944,average,0.6216855049,0.5370384933,
O1/1001/1,,videos/sample_004000_O1__1001__1.pt,ok,0.5715149045,0.5917990208,0.5646693703,0.5533309349,average,0.5715149045,0.5646693703,
O1/1001/2,,videos/sample_004001_O1__1001__2.pt,ok,0.5733841062,0.5940983295,0.5636148752,0.5520601178,average,0.5733841062,0.5636148752,
O1/1001/3,,videos/sample_004002_O1__1001__3.pt,ok,0.5735121965,0.5950139761,0.5635426862,0.5515548572,average,0.5735121965,0.5635426862,
O1/1001/4,,videos/sample_004003_O1__1001__4.pt,ok,0.5723727942,0.5909544826,0.5641851540,0.5537984414,average,0.5723727942,0.5641851540,
O1/1002/1,,videos/sample_004004_O1__1002__1.pt,ok,0.5578610301,0.5834512115,0.5724321705,0.5579693695,average,0.5578610301,0.5724321705,
O1/1002/2,,videos/sample_004005_O1__1002__2.pt,ok,0.5573170185,0.5755346417,0.5727436649,0.5624041037,average,0.5573170185,0.5727436649,
O1/1002/3,,videos/sample_004006_O1__1002__3.pt,ok,0.5567823648,0.5834629536,0.5730499663,0.5579628178,average,0.5567823648,0.5730499663,
O1/1002/4,,videos/sample_004007_O1__1002__4.pt,ok,0.5561686158,0.5743300915,0.5734017831,0.5630819559,average,0.5561686158,0.5734017831,
O1/1003/1,,videos/sample_004008_O1__1003__1.pt,ok,0.5725495815,0.6022046208,0.5640854220,0.5476030473,average,0.5725495815,0.5640854220,
O1/1003/2,,videos/sample_004009_O1__1003__2.pt,ok,0.5732390285,0.6022046208,0.5636966491,0.5476030473,average,0.5732390285,0.5636966491,
O1/1003/3,,videos/sample_004010_O1__1003__3.pt,ok,0.5692461133,0.5987128019,0.5659519416,0.5495185202,average,0.5692461133,0.5659519416,
O1/1003/4,,videos/sample_004011_O1__1003__4.pt,ok,0.5743441582,0.6028995514,0.5630740352,0.5472226334,average,0.5743441582,0.5630740352,
O1/1004/1,,videos/sample_004012_O1__1004__1.pt,ok,0.5556092858,0.5736761093,0.5737225936,0.5634503219,average,0.5556092858,0.5737225936,
O1/1004/2,,videos/sample_004013_O1__1004__2.pt,ok,0.5590036511,0.5868043303,0.5717784710,0.5561015651,average,0.5590036511,0.5717784710,
O1/1004/3,,videos/sample_004014_O1__1004__3.pt,ok,0.5556542873,0.5739749670,0.5736967758,0.5632819556,average,0.5556542873,0.5736967758,
O1/1004/4,,videos/sample_004015_O1__1004__4.pt,ok,0.5598427653,0.5885001421,0.5712988848,0.5551593207,average,0.5598427653,0.5712988848,
O1/1005/1,,videos/sample_004016_O1__1005__1.pt,ok,0.5879601836,0.6158750057,0.5554591646,0.5401680383,average,0.5879601836,0.5554591646,
O1/1005/2,,videos/sample_004017_O1__1005__2.pt,ok,0.5874624252,0.6163226962,0.5557357179,0.5399262644,average,0.5874624252,0.5557357179,
O1/1005/3,,videos/sample_004018_O1__1005__3.pt,ok,0.5818864703,0.6136838198,0.5588431306,0.5413529447,average,0.5818864703,0.5588431306,
O1/1005/4,,videos/sample_004019_O1__1005__4.pt,ok,0.5885187387,0.6163226962,0.5551489967,0.5399262644,average,0.5885187387,0.5551489967,
O1/1006/1,,videos/sample_004020_O1__1006__1.pt,ok,0.5799347162,0.6009139419,0.5599349200,0.5483102833,average,0.5799347162,0.5599349200,
O1/1006/2,,videos/sample_004021_O1__1006__2.pt,ok,0.5778934360,0.6004511118,0.5610790715,0.5485641165,average,0.5778934360,0.5610790715,
O1/1006/3,,videos/sample_004022_O1__1006__3.pt,ok,0.5789327621,0.6000620127,0.5604962303,0.5487776039,average,0.5789327621,0.5604962303,
O1/1006/4,,videos/sample_004023_O1__1006__4.pt,ok,0.5791929364,0.6020433903,0.5603504225,0.5476913447,average,0.5791929364,0.5603504225,
O1/1007/1,,videos/sample_004024_O1__1007__1.pt,ok,0.5739770532,0.5988184214,0.5632807805,0.5494604835,average,0.5739770532,0.5632807805,
O1/1007/2,,videos/sample_004025_O1__1007__2.pt,ok,0.5733701587,0.5981811881,0.5636227362,0.5498107295,average,0.5733701587,0.5636227362,
O1/1007/3,,videos/sample_004026_O1__1007__3.pt,ok,0.5709617734,0.5865129828,0.5649817929,0.5562636075,average,0.5709617734,0.5649817929,
O1/1007/4,,videos/sample_004027_O1__1007__4.pt,ok,0.5703959465,0.5857251883,0.5653015652,0.5567020016,average,0.5703959465,0.5653015652,
O1/1008/1,,videos/sample_004028_O1__1008__1.pt,ok,0.6174094081,0.6330181360,0.5393398388,0.5309867898,average,0.6174094081,0.5393398388,
O1/1008/2,,videos/sample_004029_O1__1008__2.pt,ok,0.6179721355,0.6337835193,0.5390364228,0.5305805369,average,0.6179721355,0.5390364228,
O1/1008/3,,videos/sample_004030_O1__1008__3.pt,ok,0.6185223460,0.6345461607,0.5387399209,0.5301760485,average,0.6185223460,0.5387399209,
O1/1008/4,,videos/sample_004031_O1__1008__4.pt,ok,0.6188061237,0.6342835426,0.5385870602,0.5303153005,average,0.6188061237,0.5385870602,
O1/1009/1,,videos/sample_004032_O1__1009__1.pt,ok,0.5837965608,0.6029142141,0.5577767084,0.5472146096,average,0.5837965608,0.5577767084,
O1/1009/2,,videos/sample_004033_O1__1009__2.pt,ok,0.5826393366,0.6016946435,0.5584225548,0.5478823836,average,0.5826393366,0.5584225548,
O1/1009/3,,videos/sample_004034_O1__1009__3.pt,ok,0.5828143954,0.6025106311,0.5583248065,0.5474355007,average,0.5828143954,0.5583248065,
O1/1009/4,,videos/sample_004035_O1__1009__4.pt,ok,0.5838494301,0.6032625437,0.5577472199,0.5470240318,average,0.5838494301,0.5577472199,
O1/1010/1,,videos/sample_004036_O1__1010__1.pt,ok,0.6253347993,0.6379423738,0.5350822534,0.5283785118,average,0.6253347993,0.5350822534,
O1/1010/2,,videos/sample_004037_O1__1010__2.pt,ok,0.6266228557,0.6382912397,0.5343934809,0.5281942106,average,0.6266228557,0.5343934809,
O1/1010/3,,videos/sample_004038_O1__1010__3.pt,ok,0.6261669397,0.6384328008,0.5346371750,0.5281194442,average,0.6261669397,0.5346371750,
O1/1010/4,,videos/sample_004039_O1__1010__4.pt,ok,0.6246017218,0.6383916736,0.5354746540,0.5281411647,average,0.6246017218,0.5354746540,
O1/1011/1,,videos/sample_004040_O1__1011__1.pt,ok,0.5575419068,0.5759934783,0.5726148760,0.5621461113,average,0.5575419068,0.5726148760,
O1/1011/2,,videos/sample_004041_O1__1011__2.pt,ok,0.5591397285,0.5825458169,0.5717006701,0.5584747807,average,0.5591397285,0.5717006701,
O1/1011/3,,videos/sample_004042_O1__1011__3.pt,ok,0.5569988489,0.5809088945,0.5729259235,0.5593897092,average,0.5569988489,0.5729259235,
O1/1011/4,,videos/sample_004043_O1__1011__4.pt,ok,0.5559096932,0.5734834671,0.5735502690,0.5635588767,average,0.5559096932,0.5735502690,
O1/1012/1,,videos/sample_004044_O1__1012__1.pt,ok,0.6035367846,0.6169483066,0.5468740360,0.5395885865,average,0.6035367846,0.5468740360,
O1/1012/2,,videos/sample_004045_O1__1012__2.pt,ok,0.6041325927,0.6165109873,0.5465483011,0.5398246106,average,0.6041325927,0.5465483011,
O1/1012/3,,videos/sample_004046_O1__1012__3.pt,ok,0.6015613675,0.6159312725,0.5479554081,0.5401376457,average,0.6015613675,0.5479554081,
O1/1012/4,,videos/sample_004047_O1__1012__4.pt,ok,0.5995844007,0.6118430495,0.5490397693,0.5423503688,average,0.5995844007,0.5490397693,
O1/1013/1,,videos/sample_004048_O1__1013__1.pt,ok,0.6024001837,0.6228948236,0.5474959669,0.5363894352,average,0.6024001837,0.5474959669,
O1/1013/2,,videos/sample_004049_O1__1013__2.pt,ok,0.5987685323,0.6155416369,0.5494878962,0.5403481435,average,0.5987685323,0.5494878962,
O1/1013/3,,videos/sample_004050_O1__1013__3.pt,ok,0.6023154855,0.6206961274,0.5475423408,0.5375700900,average,0.6023154855,0.5475423408,
O1/1013/4,,videos/sample_004051_O1__1013__4.pt,ok,0.5941898823,0.6002370715,0.5520095775,0.5486815439,average,0.5941898823,0.5520095775,
O1/1014/1,,videos/sample_004052_O1__1014__1.pt,ok,0.5554932952,0.5731688142,0.5737891439,0.5637362300,average,0.5554932952,0.5737891439,
O1/1014/2,,videos/sample_004053_O1__1014__2.pt,ok,0.5682427287,0.5957891345,0.5665200940,0.5511274805,average,0.5682427287,0.5665200940,
O1/1014/3,,videos/sample_004054_O1__1014__3.pt,ok,0.5669007301,0.5957891345,0.5672808735,0.5511274805,average,0.5669007301,0.5672808735,
O1/1014/4,,videos/sample_004055_O1__1014__4.pt,ok,0.5589747429,0.5897030830,0.5717950003,0.5544918983,average,0.5589747429,0.5717950003,
O1/1015/1,,videos/sample_004056_O1__1015__1.pt,ok,0.6010288596,0.6176172495,0.5482472763,0.5392277533,average,0.6010288596,0.5482472763,
O1/1015/2,,videos/sample_004057_O1__1015__2.pt,ok,0.6010506749,0.6176172495,0.5482353163,0.5392277533,average,0.6010506749,0.5482353163,
O1/1015/3,,videos/sample_004058_O1__1015__3.pt,ok,0.6000830531,0.6166706681,0.5487660575,0.5397384179,average,0.6000830531,0.5487660575,
O1/1015/4,,videos/sample_004059_O1__1015__4.pt,ok,0.6017253995,0.6166706681,0.5478655332,0.5397384179,average,0.6017253995,0.5478655332,
O1/1016/1,,videos/sample_004060_O1__1016__1.pt,ok,0.5762804747,0.6049233675,0.5619848006,0.5461162753,average,0.5762804747,0.5619848006,
O1/1016/2,,videos/sample_004061_O1__1016__2.pt,ok,0.5709892511,0.5977411866,0.5649662686,0.5500527003,average,0.5709892511,0.5649662686,
O1/1016/3,,videos/sample_004062_O1__1016__3.pt,ok,0.5792239308,0.6048575640,0.5603330551,0.5461522129,average,0.5792239308,0.5603330551,
O1/1016/4,,videos/sample_004063_O1__1016__4.pt,ok,0.5774075985,0.6054047346,0.5613517310,0.5458534561,average,0.5774075985,0.5613517310,
O1/1017/1,,videos/sample_004064_O1__1017__1.pt,ok,0.6181979179,0.6332535148,0.5389147316,0.5308618215,average,0.6181979179,0.5389147316,
O1/1017/2,,videos/sample_004065_O1__1017__2.pt,ok,0.6211674809,0.6329804659,0.5373167642,0.5310067925,average,0.6211674809,0.5373167642,
O1/1017/3,,videos/sample_004066_O1__1017__3.pt,ok,0.6203190684,0.6335169077,0.5377728239,0.5307220147,average,0.6203190684,0.5377728239,
O1/1017/4,,videos/sample_004067_O1__1017__4.pt,ok,0.6201801300,0.6339145303,0.5378475464,0.5305110296,average,0.6201801300,0.5378475464,
O1/1018/1,,videos/sample_004068_O1__1018__1.pt,ok,0.6175264120,0.6477925777,0.5392767376,0.5231994251,average,0.6175264120,0.5392767376,
O1/1018/2,,videos/sample_004069_O1__1018__2.pt,ok,0.6196595430,0.6491913795,0.5381276157,0.5224680844,average,0.6196595430,0.5381276157,
O1/1018/3,,videos/sample_004070_O1__1018__3.pt,ok,0.6194104552,0.6477925777,0.5382616734,0.5231994251,average,0.6194104552,0.5382616734,
O1/1018/4,,videos/sample_004071_O1__1018__4.pt,ok,0.6197676659,0.6491913795,0.5380694350,0.5224680844,average,0.6197676659,0.5380694350,
O1/1019/1,,videos/sample_004072_O1__1019__1.pt,ok,0.5709525943,0.5923205614,0.5649869789,0.5530424256,average,0.5709525943,0.5649869789,
O1/1019/2,,videos/sample_004073_O1__1019__2.pt,ok,0.5736367702,0.5960067511,0.5634724879,0.5510075591,average,0.5736367702,0.5634724879,
O1/1019/3,,videos/sample_004074_O1__1019__3.pt,ok,0.5726012588,0.5957996249,0.5640562724,0.5511216990,average,0.5726012588,0.5640562724,
O1/1019/4,,videos/sample_004075_O1__1019__4.pt,ok,0.5720213652,0.5926887989,0.5643834598,0.5528388121,average,0.5720213652,0.5643834598,
O1/1020/1,,videos/sample_004076_O1__1020__1.pt,ok,0.6019738317,0.6159966588,0.5477294427,0.5401023292,average,0.6019738317,0.5477294427,
O1/1020/2,,videos/sample_004077_O1__1020__2.pt,ok,0.5997530222,0.6217355132,0.5489471971,0.5370116376,average,0.5997530222,0.5489471971,
O1/1020/3,,videos/sample_004078_O1__1020__3.pt,ok,0.5916083455,0.5990715623,0.5534364515,0.5493214101,average,0.5916083455,0.5534364515,
O1/1020/4,,videos/sample_004079_O1__1020__4.pt,ok,0.6023444533,0.6162050962,0.5475264799,0.5399897634,average,0.6023444533,0.5475264799,
O1/1021/1,,videos/sample_004080_O1__1021__1.pt,ok,0.6277046800,0.6514389515,0.5338156737,0.5212951184,average,0.6277046800,0.5338156737,
O1/1021/2,,videos/sample_004081_O1__1021__2.pt,ok,0.6268241405,0.6518660784,0.5342859264,0.5210725068,average,0.6268241405,0.5342859264,
O1/1021/3,,videos/sample_004082_O1__1021__3.pt,ok,0.6264771819,0.6518660784,0.5344713337,0.5210725068,average,0.6264771819,0.5344713337,
O1/1021/4,,videos/sample_004083_O1__1021__4.pt,ok,0.6268162727,0.6514389515,0.5342901301,0.5212951184,average,0.6268162727,0.5342901301,
O1/1022/1,,videos/sample_004084_O1__1022__1.pt,ok,0.6421226263,0.6615503430,0.5261743663,0.5160506584,average,0.6421226263,0.5261743663,
O1/1022/2,,videos/sample_004085_O1__1022__2.pt,ok,0.6421406269,0.6600747108,0.5261648949,0.5168127215,average,0.6421406269,0.5261648949,
O1/1022/3,,videos/sample_004086_O1__1022__3.pt,ok,0.6424025297,0.6615503430,0.5260271089,0.5160506584,average,0.6424025297,0.5260271089,
O1/1022/4,,videos/sample_004087_O1__1022__4.pt,ok,0.6419840455,0.6600747108,0.5262472890,0.5168127215,average,0.6419840455,0.5262472890,
O1/1023/1,,videos/sample_004088_O1__1023__1.pt,ok,0.5733798146,0.5967972875,0.5636172940,0.5505721397,average,0.5733798146,0.5636172940,
O1/1023/2,,videos/sample_004089_O1__1023__2.pt,ok,0.5714049339,0.5919480324,0.5647314707,0.5532484883,average,0.5714049339,0.5647314707,
O1/1023/3,,videos/sample_004090_O1__1023__3.pt,ok,0.5717160702,0.5919516087,0.5645557896,0.5532465098,average,0.5717160702,0.5645557896,
O1/1023/4,,videos/sample_004091_O1__1023__4.pt,ok,0.5733271241,0.5978089571,0.5636469920,0.5500154242,average,0.5733271241,0.5636469920,
O1/1024/1,,videos/sample_004092_O1__1024__1.pt,ok,0.6131389141,0.6359017491,0.5416480113,0.5294578348,average,0.6131389141,0.5416480113,
O1/1024/2,,videos/sample_004093_O1__1024__2.pt,ok,0.6136949658,0.6317838430,0.5413469107,0.5316425877,average,0.6136949658,0.5413469107,
O1/1024/3,,videos/sample_004094_O1__1024__3.pt,ok,0.6124344468,0.6286967993,0.5420297191,0.5332863275,average,0.6124344468,0.5420297191,
O1/1024/4,,videos/sample_004095_O1__1024__4.pt,ok,0.6081044078,0.6251954436,0.5443818176,0.5351568253,average,0.6081044078,0.5443818176,
O1/1025/1,,videos/sample_004096_O1__1025__1.pt,ok,0.5554466844,0.5738836527,0.5738158894,0.5633333936,average,0.5554466844,0.5738158894,
O1/1025/2,,videos/sample_004097_O1__1025__2.pt,ok,0.5552344918,0.5747906566,0.5739376617,0.5628226797,average,0.5552344918,0.5739376617,
O1/1025/3,,videos/sample_004098_O1__1025__3.pt,ok,0.5596446991,0.5935690403,0.5714120510,0.5523523946,average,0.5596446991,0.5714120510,
O1/1025/4,,videos/sample_004099_O1__1025__4.pt,ok,0.5587124825,0.5892781019,0.5719449792,0.5547275970,average,0.5587124825,0.5719449792,
O1/1026/1,,videos/sample_004100_O1__1026__1.pt,ok,0.5832527876,0.6063352823,0.5580800949,0.5453457497,average,0.5832527876,0.5580800949,
O1/1026/2,,videos/sample_004101_O1__1026__2.pt,ok,0.5800238252,0.6034221649,0.5598850271,0.5469367221,average,0.5800238252,0.5598850271,
O1/1026/3,,videos/sample_004102_O1__1026__3.pt,ok,0.5819265246,0.6084472537,0.5588207469,0.5441952105,average,0.5819265246,0.5588207469,
O1/1026/4,,videos/sample_004103_O1__1026__4.pt,ok,0.5836760402,0.6108440161,0.5578439361,0.5428924657,average,0.5836760402,0.5578439361,
O1/1027/1,,videos/sample_004104_O1__1027__1.pt,ok,0.5686408877,0.6002784371,0.5662945738,0.5486588478,average,0.5686408877,0.5662945738,
O1/1027/2,,videos/sample_004105_O1__1027__2.pt,ok,0.5751878619,0.6108103395,0.5625991679,0.5429107488,average,0.5751878619,0.5625991679,
O1/1027/3,,videos/sample_004106_O1__1027__3.pt,ok,0.5737619400,0.6066699028,0.5634019626,0.5451632964,average,0.5737619400,0.5634019626,
O1/1027/4,,videos/sample_004107_O1__1027__4.pt,ok,0.5747595429,0.6087887883,0.5628401914,0.5440093807,average,0.5747595429,0.5628401914,
O1/1028/1,,videos/sample_004108_O1__1028__1.pt,ok,0.6376164556,0.6437649727,0.5285507480,0.5253109150,average,0.6376164556,0.5285507480,
O1/1028/2,,videos/sample_004109_O1__1028__2.pt,ok,0.6364285350,0.6468085647,0.5291789974,0.5237145135,average,0.6364285350,0.5291789974,
O1/1028/3,,videos/sample_004110_O1__1028__3.pt,ok,0.6377956867,0.6442846656,0.5284560237,0.5250379855,average,0.6377956867,0.5284560237,
O1/1028/4,,videos/sample_004111_O1__1028__4.pt,ok,0.6370632648,0.6437467933,0.5288432183,0.5253204649,average,0.6370632648,0.5288432183,
O1/1029/1,,videos/sample_004112_O1__1029__1.pt,ok,0.5950499773,0.6123884320,0.5515350009,0.5420546610,average,0.5950499773,0.5515350009,
O1/1029/2,,videos/sample_004113_O1__1029__2.pt,ok,0.5941430330,0.6030110717,0.5520354394,0.5471616103,average,0.5941430330,0.5520354394,
O1/1029/3,,videos/sample_004114_O1__1029__3.pt,ok,0.5939812660,0.6083620191,0.5521247477,0.5442415967,average,0.5939812660,0.5521247477,
O1/1029/4,,videos/sample_004115_O1__1029__4.pt,ok,0.5933589935,0.5995305181,0.5524684267,0.5490693537,average,0.5933589935,0.5524684267,
O1/1030/1,,videos/sample_004116_O1__1030__1.pt,ok,0.5872228146,0.6096414328,0.5558688941,0.5435457318,average,0.5872228146,0.5558688941,
O1/1030/2,,videos/sample_004117_O1__1030__2.pt,ok,0.5871601105,0.6144912243,0.5559037504,0.5409160303,average,0.5871601105,0.5559037504,
O1/1030/3,,videos/sample_004118_O1__1030__3.pt,ok,0.5791137218,0.6005368233,0.5603948122,0.5485171003,average,0.5791137218,0.5603948122,
O1/1030/4,,videos/sample_004119_O1__1030__4.pt,ok,0.5870955586,0.6105228066,0.5559396362,0.5430668759,average,0.5870955586,0.5559396362,
O1/1031/1,,videos/sample_004120_O1__1031__1.pt,ok,0.6177461147,0.6327034831,0.5391582700,0.5311538926,average,0.6177461147,0.5391582700,
O1/1031/2,,videos/sample_004121_O1__1031__2.pt,ok,0.6162148714,0.6318350434,0.5399844850,0.5316153681,average,0.6162148714,0.5399844850,
O1/1031/3,,videos/sample_004122_O1__1031__3.pt,ok,0.6153107882,0.6316902637,0.5404728966,0.5316923408,average,0.6153107882,0.5404728966,
O1/1031/4,,videos/sample_004123_O1__1031__4.pt,ok,0.6172274351,0.6338550448,0.5394379930,0.5305425882,average,0.6172274351,0.5394379930,
O1/1032/1,,videos/sample_004124_O1__1032__1.pt,ok,0.6132342219,0.6275026798,0.5415963905,0.5339235154,average,0.6132342219,0.5415963905,
O1/1032/2,,videos/sample_004125_O1__1032__2.pt,ok,0.6161009669,0.6273632050,0.5400459951,0.5339979895,average,0.6161009669,0.5400459951,
O1/1032/3,,videos/sample_004126_O1__1032__3.pt,ok,0.6156361103,0.6274077296,0.5402970974,0.5339742140,average,0.6156361103,0.5402970974,
O1/1032/4,,videos/sample_004127_O1__1032__4.pt,ok,0.6149710417,0.6277192831,0.5406565516,0.5338078784,average,0.6149710417,0.5406565516,
O1/1033/1,,videos/sample_004128_O1__1033__1.pt,ok,0.6189516187,0.6332664490,0.5385087042,0.5308549553,average,0.6189516187,0.5385087042,
O1/1033/2,,videos/sample_004129_O1__1033__2.pt,ok,0.6165407300,0.6296026111,0.5398085550,0.5328034892,average,0.6165407300,0.5398085550,
O1/1033/3,,videos/sample_004130_O1__1033__3.pt,ok,0.6174439788,0.6306604743,0.5393211937,0.5322401539,average,0.6174439788,0.5393211937,
O1/1033/4,,videos/sample_004131_O1__1033__4.pt,ok,0.6181699038,0.6303158402,0.5389298291,0.5324236136,average,0.6181699038,0.5389298291,
O1/1034/1,,videos/sample_004132_O1__1034__1.pt,ok,0.5592468977,0.5923314691,0.5716394047,0.5530363932,average,0.5592468977,0.5716394047,
O1/1034/2,,videos/sample_004133_O1__1034__2.pt,ok,0.5618214011,0.5895881653,0.5701696099,0.5545556230,average,0.5618214011,0.5701696099,
O1/1034/3,,videos/sample_004134_O1__1034__3.pt,ok,0.5547623038,0.5712981820,0.5742087322,0.5647917601,average,0.5547623038,0.5742087322,
O1/1034/4,,videos/sample_004135_O1__1034__4.pt,ok,0.5639825463,0.5945228338,0.5689387212,0.5518258157,average,0.5639825463,0.5689387212,
O1/1035/1,,videos/sample_004136_O1__1035__1.pt,ok,0.6183432937,0.6484909058,0.5388363922,0.5228341878,average,0.6183432937,0.5388363922,
O1/1035/2,,videos/sample_004137_O1__1035__2.pt,ok,0.6199208498,0.6484909058,0.5379870177,0.5228341878,average,0.6199208498,0.5379870177,
O1/1035/3,,videos/sample_004138_O1__1035__3.pt,ok,0.6201738715,0.6479082108,0.5378509125,0.5231389294,average,0.6201738715,0.5378509125,
O1/1035/4,,videos/sample_004139_O1__1035__4.pt,ok,0.6197823286,0.6479082108,0.5380615455,0.5231389294,average,0.6197823286,0.5380615455,
O1/1036/1,,videos/sample_004140_O1__1036__1.pt,ok,0.6205374599,0.6492787600,0.5376553917,0.5224224329,average,0.6205374599,0.5376553917,
O1/1036/2,,videos/sample_004141_O1__1036__2.pt,ok,0.6209686995,0.6492787600,0.5374235834,0.5224224329,average,0.6209686995,0.5374235834,
O1/1036/3,,videos/sample_004142_O1__1036__3.pt,ok,0.6186337471,0.6481041312,0.5386799080,0.5230364458,average,0.6186337471,0.5386799080,
O1/1036/4,,videos/sample_004143_O1__1036__4.pt,ok,0.6210611463,0.6481041312,0.5373739026,0.5230364458,average,0.6210611463,0.5373739026,
O1/1037/1,,videos/sample_004144_O1__1037__1.pt,ok,0.5943009853,0.6160202622,0.5519482510,0.5400895811,average,0.5943009853,0.5519482510,
O1/1037/2,,videos/sample_004145_O1__1037__2.pt,ok,0.5949501395,0.6186970472,0.5515900677,0.5386458106,average,0.5949501395,0.5515900677,
O1/1037/3,,videos/sample_004146_O1__1037__3.pt,ok,0.5950530767,0.6178429723,0.5515332915,0.5391060510,average,0.5950530767,0.5515332915,
O1/1037/4,,videos/sample_004147_O1__1037__4.pt,ok,0.5938764215,0.6148935556,0.5521826380,0.5406984465,average,0.5938764215,0.5521826380,
O1/1038/1,,videos/sample_004148_O1__1038__1.pt,ok,0.5482158065,0.5667678118,0.5779801194,0.5673562806,average,0.5482158065,0.5779801194,
O1/1038/2,,videos/sample_004149_O1__1038__2.pt,ok,0.5515060425,0.5803277493,0.5760815534,0.5597148904,average,0.5515060425,0.5760815534,
O1/1038/3,,videos/sample_004150_O1__1038__3.pt,ok,0.5513767004,0.5693962574,0.5761560698,0.5658669736,average,0.5513767004,0.5761560698,
O1/1038/4,,videos/sample_004151_O1__1038__4.pt,ok,0.5547038317,0.5831155181,0.5742423084,0.5581567076,average,0.5547038317,0.5742423084,
O1/1039/1,,videos/sample_004152_O1__1039__1.pt,ok,0.5767937899,0.5980213284,0.5616963993,0.5498986291,average,0.5767937899,0.5616963993,
O1/1039/2,,videos/sample_004153_O1__1039__2.pt,ok,0.5762771964,0.5937728882,0.5619866429,0.5522398103,average,0.5762771964,0.5619866429,
O1/1039/3,,videos/sample_004154_O1__1039__3.pt,ok,0.5792592764,0.5999770761,0.5603132501,0.5488242172,average,0.5792592764,0.5603132501,
O1/1039/4,,videos/sample_004155_O1__1039__4.pt,ok,0.5788038969,0.5955929756,0.5605684634,0.5512355997,average,0.5788038969,0.5605684634,
O1/1040/1,,videos/sample_004156_O1__1040__1.pt,ok,0.5893186927,0.6141467094,0.5547050807,0.5411024160,average,0.5893186927,0.5547050807,
O1/1040/2,,videos/sample_004157_O1__1040__2.pt,ok,0.5824749470,0.6072631478,0.5585143612,0.5448399769,average,0.5824749470,0.5585143612,
O1/1040/3,,videos/sample_004158_O1__1040__3.pt,ok,0.5861948133,0.6127614975,0.5564406218,0.5418524769,average,0.5861948133,0.5564406218,
O1/1040/4,,videos/sample_004159_O1__1040__4.pt,ok,0.5905826092,0.6161507368,0.5540044226,0.5400191178,average,0.5905826092,0.5540044226,
O1/1041/1,,videos/sample_004160_O1__1041__1.pt,ok,0.5792592764,0.6099563837,0.5603132501,0.5433745685,average,0.5792592764,0.5603132501,
O1/1041/2,,videos/sample_004161_O1__1041__2.pt,ok,0.5674640536,0.5868519545,0.5669614009,0.5560750819,average,0.5674640536,0.5669614009,
O1/1041/3,,videos/sample_004162_O1__1041__3.pt,ok,0.5794736743,0.6170715094,0.5601931330,0.5395221118,average,0.5794736743,0.5601931330,
O1/1041/4,,videos/sample_004163_O1__1041__4.pt,ok,0.5801572204,0.6116640568,0.5598103461,0.5424474543,average,0.5801572204,0.5598103461,
O1/1042/1,,videos/sample_004164_O1__1042__1.pt,ok,0.5731184483,0.5958151221,0.5637646238,0.5511131582,average,0.5731184483,0.5637646238,
O1/1042/2,,videos/sample_004165_O1__1042__2.pt,ok,0.5724996328,0.5963633657,0.5641135980,0.5508110968,average,0.5724996328,0.5641135980,
O1/1042/3,,videos/sample_004166_O1__1042__3.pt,ok,0.5713899732,0.5945150256,0.5647399196,0.5518301245,average,0.5713899732,0.5647399196,
O1/1042/4,,videos/sample_004167_O1__1042__4.pt,ok,0.5732506514,0.5972201824,0.5636900973,0.5503393547,average,0.5732506514,0.5636900973,
O1/1043/1,,videos/sample_004168_O1__1043__1.pt,ok,0.5543009639,0.5845656395,0.5744736987,0.5573478992,average,0.5543009639,0.5744736987,
O1/1043/2,,videos/sample_004169_O1__1043__2.pt,ok,0.5518009663,0.5695369840,0.5759116783,0.5657873467,average,0.5518009663,0.5759116783,
O1/1043/3,,videos/sample_004170_O1__1043__3.pt,ok,0.5492480397,0.5664541125,0.5773838169,0.5675342877,average,0.5492480397,0.5773838169,
O1/1043/4,,videos/sample_004171_O1__1043__4.pt,ok,0.5542184114,0.5801969767,0.5745211249,0.5597880905,average,0.5542184114,0.5745211249,
O1/1044/1,,videos/sample_004172_O1__1044__1.pt,ok,0.5848022103,0.6050223708,0.5572160625,0.5460622106,average,0.5848022103,0.5572160625,
O1/1044/2,,videos/sample_004173_O1__1044__2.pt,ok,0.5853216648,0.6065791845,0.5569266893,0.5452127549,average,0.5853216648,0.5569266893,
O1/1044/3,,videos/sample_004174_O1__1044__3.pt,ok,0.5796524882,0.5995128751,0.5600929716,0.5490790410,average,0.5796524882,0.5600929716,
O1/1044/4,,videos/sample_004175_O1__1044__4.pt,ok,0.5873261690,0.6100028753,0.5558114455,0.5433493068,average,0.5873261690,0.5558114455,
O1/1045/1,,videos/sample_004176_O1__1045__1.pt,ok,0.5826324224,0.6144445539,0.5584264158,0.5409412756,average,0.5826324224,0.5584264158,
O1/1045/2,,videos/sample_004177_O1__1045__2.pt,ok,0.5819761753,0.6098442674,0.5587930018,0.5434354931,average,0.5819761753,0.5587930018,
O1/1045/3,,videos/sample_004178_O1__1045__3.pt,ok,0.5759041905,0.6040688753,0.5621963063,0.5465831268,average,0.5759041905,0.5621963063,
O1/1045/4,,videos/sample_004179_O1__1045__4.pt,ok,0.5805384517,0.6089726686,0.5595969695,0.5439093573,average,0.5805384517,0.5595969695,
O1/1046/1,,videos/sample_004180_O1__1046__1.pt,ok,0.6212224960,0.6328079700,0.5372872045,0.5310983969,average,0.6212224960,0.5372872045,
O1/1046/2,,videos/sample_004181_O1__1046__2.pt,ok,0.6202833056,0.6336058974,0.5377920565,0.5306747880,average,0.6202833056,0.5377920565,
O1/1046/3,,videos/sample_004182_O1__1046__3.pt,ok,0.6210948825,0.6348069906,0.5373557740,0.5300377807,average,0.6210948825,0.5373557740,
O1/1046/4,,videos/sample_004183_O1__1046__4.pt,ok,0.6194233298,0.6335172653,0.5382547436,0.5307218249,average,0.6194233298,0.5382547436,
O1/1047/1,,videos/sample_004184_O1__1047__1.pt,ok,0.5556023717,0.5717496276,0.5737265604,0.5645368449,average,0.5556023717,0.5737265604,
O1/1047/2,,videos/sample_004185_O1__1047__2.pt,ok,0.5664523244,0.6045863628,0.5675353026,0.5463003500,average,0.5664523244,0.5675353026,
O1/1047/3,,videos/sample_004186_O1__1047__3.pt,ok,0.5639238358,0.5925526023,0.5689721249,0.5529141120,average,0.5639238358,0.5689721249,
O1/1047/4,,videos/sample_004187_O1__1047__4.pt,ok,0.5656381249,0.5935812593,0.5679975777,0.5523456455,average,0.5656381249,0.5679975777,
O1/1048/1,,videos/sample_004188_O1__1048__1.pt,ok,0.6219428778,0.6343317032,0.5369002920,0.5302897609,average,0.6219428778,0.5369002920,
O1/1048/2,,videos/sample_004189_O1__1048__2.pt,ok,0.6205759048,0.6330503225,0.5376347220,0.5309696995,average,0.6205759048,0.5376347220,
O1/1048/3,,videos/sample_004190_O1__1048__3.pt,ok,0.6205136180,0.6331434846,0.5376682106,0.5309202355,average,0.6205136180,0.5376682106,
O1/1048/4,,videos/sample_004191_O1__1048__4.pt,ok,0.6217692494,0.6342759132,0.5369935212,0.5303193465,average,0.6217692494,0.5369935212,
O1/1049/1,,videos/sample_004192_O1__1049__1.pt,ok,0.5707798600,0.6000403166,0.5650845799,0.5487895103,average,0.5707798600,0.5650845799,
O1/1049/2,,videos/sample_004193_O1__1049__2.pt,ok,0.5658814311,0.5939834714,0.5678593972,0.5521235301,average,0.5658814311,0.5678593972,
O1/1049/3,,videos/sample_004194_O1__1049__3.pt,ok,0.5695727468,0.5988162756,0.5657671129,0.5494616625,average,0.5695727468,0.5657671129,
O1/1049/4,,videos/sample_004195_O1__1049__4.pt,ok,0.5723704100,0.6045632958,0.5641864991,0.5463129517,average,0.5723704100,0.5641864991,
O1/1050/1,,videos/sample_004196_O1__1050__1.pt,ok,0.5966984630,0.6161069274,0.5506265524,0.5400427762,average,0.5966984630,0.5506265524,
O1/1050/2,,videos/sample_004197_O1__1050__2.pt,ok,0.5968579650,0.6155213118,0.5505387333,0.5403591263,average,0.5968579650,0.5505387333,
O1/1050/3,,videos/sample_004198_O1__1050__3.pt,ok,0.5968672633,0.6169162393,0.5505336143,0.5396058900,average,0.5968672633,0.5505336143,
O1/1050/4,,videos/sample_004199_O1__1050__4.pt,ok,0.5954943895,0.6159256697,0.5512899465,0.5401406720,average,0.5954943895,0.5512899465,
O1/1051/1,,videos/sample_004200_O1__1051__1.pt,ok,0.5692515373,0.5949388742,0.5659488718,0.5515962816,average,0.5692515373,0.5659488718,
O1/1051/2,,videos/sample_004201_O1__1051__2.pt,ok,0.5664229989,0.5998435616,0.5675519461,0.5488974980,average,0.5664229989,0.5675519461,
O1/1051/3,,videos/sample_004202_O1__1051__3.pt,ok,0.5697067380,0.5981175303,0.5656913101,0.5498457304,average,0.5697067380,0.5656913101,
O1/1051/4,,videos/sample_004203_O1__1051__4.pt,ok,0.5633369684,0.5903317928,0.5693061340,0.5541433934,average,0.5633369684,0.5693061340,
O1/1052/1,,videos/sample_004204_O1__1052__1.pt,ok,0.6013520956,0.6254066825,0.5480700917,0.5350437913,average,0.6013520956,0.5480700917,
O1/1052/2,,videos/sample_004205_O1__1052__2.pt,ok,0.5916083455,0.5990715623,0.5534364515,0.5493214101,average,0.5916083455,0.5534364515,
O1/1052/3,,videos/sample_004206_O1__1052__3.pt,ok,0.6051512957,0.6211373806,0.5459918142,0.5373329378,average,0.6051512957,0.5459918142,
O1/1052/4,,videos/sample_004207_O1__1052__4.pt,ok,0.6057137251,0.6238427162,0.5456848187,0.5358812365,average,0.6057137251,0.5456848187,
O1/1053/1,,videos/sample_004208_O1__1053__1.pt,ok,0.6444433331,0.6646096706,0.5249546857,0.5144743029,average,0.6444433331,0.5249546857,
O1/1053/2,,videos/sample_004209_O1__1053__2.pt,ok,0.6437537074,0.6641454101,0.5253168328,0.5147132085,average,0.6437537074,0.5253168328,
O1/1053/3,,videos/sample_004210_O1__1053__3.pt,ok,0.6428673267,0.6646096706,0.5257826699,0.5144743029,average,0.6428673267,0.5257826699,
O1/1053/4,,videos/sample_004211_O1__1053__4.pt,ok,0.6441968083,0.6641454101,0.5250841160,0.5147132085,average,0.6441968083,0.5250841160,
O1/1054/1,,videos/sample_004212_O1__1054__1.pt,ok,0.5668702126,0.5974735618,0.5672981858,0.5501999278,average,0.5668702126,0.5672981858,
O1/1054/2,,videos/sample_004213_O1__1054__2.pt,ok,0.5671078563,0.6018465161,0.5671633870,0.5477991816,average,0.5671078563,0.5671633870,
O1/1054/3,,videos/sample_004214_O1__1054__3.pt,ok,0.5665698647,0.5947470665,0.5674685982,0.5517020922,average,0.5665698647,0.5674685982,
O1/1054/4,,videos/sample_004215_O1__1054__4.pt,ok,0.5557635427,0.5728202462,0.5736340998,0.5639327646,average,0.5557635427,0.5736340998,
O1/1055/1,,videos/sample_004216_O1__1055__1.pt,ok,0.5514380336,0.5700616837,0.5761207334,0.5654905561,average,0.5514380336,0.5761207334,
O1/1055/2,,videos/sample_004217_O1__1055__2.pt,ok,0.5553582907,0.5817869902,0.5738666133,0.5588987271,average,0.5553582907,0.5738666133,
O1/1055/3,,videos/sample_004218_O1__1055__3.pt,ok,0.5557352901,0.5865448117,0.5736503067,0.5562459026,average,0.5557352901,0.5736503067,
O1/1055/4,,videos/sample_004219_O1__1055__4.pt,ok,0.5527438521,0.5705311894,0.5753689153,0.5652251173,average,0.5527438521,0.5753689153,
O1/1056/1,,videos/sample_004220_O1__1056__1.pt,ok,0.5696022511,0.5975394845,0.5657504206,0.5501636583,average,0.5696022511,0.5657504206,
O1/1056/2,,videos/sample_004221_O1__1056__2.pt,ok,0.5705919266,0.5975582004,0.5651907882,0.5501533616,average,0.5705919266,0.5651907882,
O1/1056/3,,videos/sample_004222_O1__1056__3.pt,ok,0.5668238401,0.5950725079,0.5673244934,0.5515225747,average,0.5668238401,0.5673244934,
O1/1056/4,,videos/sample_004223_O1__1056__4.pt,ok,0.5695556402,0.5979415178,0.5657767913,0.5499425186,average,0.5695556402,0.5657767913,
O1/1057/1,,videos/sample_004224_O1__1057__1.pt,ok,0.5564634204,0.5772054195,0.5732327666,0.5614652360,average,0.5564634204,0.5732327666,
O1/1057/2,,videos/sample_004225_O1__1057__2.pt,ok,0.5555878878,0.5757419467,0.5737348703,0.5622875266,average,0.5555878878,0.5737348703,
O1/1057/3,,videos/sample_004226_O1__1057__3.pt,ok,0.5577759147,0.5853558779,0.5724808954,0.5569076354,average,0.5577759147,0.5724808954,
O1/1057/4,,videos/sample_004227_O1__1057__4.pt,ok,0.5570265055,0.5875436068,0.5729100786,0.5556906043,average,0.5570265055,0.5729100786,
O1/1058/1,,videos/sample_004228_O1__1058__1.pt,ok,0.5764533281,0.5942718387,0.5618876680,0.5519643387,average,0.5764533281,0.5618876680,
O1/1058/2,,videos/sample_004229_O1__1058__2.pt,ok,0.5766044855,0.6064596772,0.5618027409,0.5452779157,average,0.5766044855,0.5618027409,
O1/1058/3,,videos/sample_004230_O1__1058__3.pt,ok,0.5711053014,0.5909877419,0.5649007080,0.5537800227,average,0.5711053014,0.5649007080,
O1/1058/4,,videos/sample_004231_O1__1058__4.pt,ok,0.5788391829,0.6081676483,0.5605486836,0.5443473917,average,0.5788391829,0.5605486836,
O1/1059/1,,videos/sample_004232_O1__1059__1.pt,ok,0.6255341768,0.6356570125,0.5349755806,0.5295874284,average,0.6255341768,0.5349755806,
O1/1059/2,,videos/sample_004233_O1__1059__2.pt,ok,0.6265804768,0.6363027096,0.5344161284,0.5292455857,average,0.6265804768,0.5344161284,
O1/1059/3,,videos/sample_004234_O1__1059__3.pt,ok,0.6257868409,0.6358101368,0.5348404286,0.5295063419,average,0.6257868409,0.5348404286,
O1/1059/4,,videos/sample_004235_O1__1059__4.pt,ok,0.6266154647,0.6375115514,0.5343974306,0.5286061981,average,0.6266154647,0.5343974306,
O1/1060/1,,videos/sample_004236_O1__1060__1.pt,ok,0.6258866191,0.6513503194,0.5347870658,0.5213413240,average,0.6258866191,0.5347870658,
O1/1060/2,,videos/sample_004237_O1__1060__2.pt,ok,0.6247320771,0.6518601775,0.5354048565,0.5210755816,average,0.6247320771,0.5354048565,
O1/1060/3,,videos/sample_004238_O1__1060__3.pt,ok,0.6261307597,0.6513503194,0.5346565185,0.5213413240,average,0.6261307597,0.5346565185,
O1/1060/4,,videos/sample_004239_O1__1060__4.pt,ok,0.6260069013,0.6518601775,0.5347227444,0.5210755816,average,0.6260069013,0.5347227444,
O1/1061/1,,videos/sample_004240_O1__1061__1.pt,ok,0.5749993920,0.5969182849,0.5627052109,0.5505055259,average,0.5749993920,0.5627052109,
O1/1061/2,,videos/sample_004241_O1__1061__2.pt,ok,0.5762239099,0.5983812809,0.5620165901,0.5497007274,average,0.5762239099,0.5620165901,
O1/1061/3,,videos/sample_004242_O1__1061__3.pt,ok,0.5763309002,0.5988658071,0.5619564629,0.5494344475,average,0.5763309002,0.5619564629,
O1/1061/4,,videos/sample_004243_O1__1061__4.pt,ok,0.5749632716,0.5958509445,0.5627255364,0.5510934164,average,0.5749632716,0.5627255364,
O1/1062/1,,videos/sample_004244_O1__1062__1.pt,ok,0.6030929685,0.6177237034,0.5471168014,0.5391703534,average,0.6030929685,0.5471168014,
O1/1062/2,,videos/sample_004245_O1__1062__2.pt,ok,0.6005128622,0.6177237034,0.5485302435,0.5391703534,average,0.6005128622,0.5485302435,
O1/1062/3,,videos/sample_004246_O1__1062__3.pt,ok,0.6090031266,0.6252360344,0.5438927912,0.5351351033,average,0.6090031266,0.5438927912,
O1/1062/4,,videos/sample_004247_O1__1062__4.pt,ok,0.6097029448,0.6252360344,0.5435122983,0.5351351033,average,0.6097029448,0.5435122983,
O1/1063/1,,videos/sample_004248_O1__1063__1.pt,ok,0.5932435989,0.6197992563,0.5525321822,0.5380524374,average,0.5932435989,0.5525321822,
O1/1063/2,,videos/sample_004249_O1__1063__2.pt,ok,0.5932356715,0.6223890781,0.5525365624,0.5366607803,average,0.5932356715,0.5525365624,
O1/1063/3,,videos/sample_004250_O1__1063__3.pt,ok,0.5941883922,0.6217202544,0.5520104001,0.5370198318,average,0.5941883922,0.5520104001,
O1/1063/4,,videos/sample_004251_O1__1063__4.pt,ok,0.5895417929,0.6155784726,0.5545813396,0.5403282398,average,0.5895417929,0.5545813396,
O1/1064/1,,videos/sample_004252_O1__1064__1.pt,ok,0.5833595991,0.6013870835,0.5580204887,0.5480509162,average,0.5833595991,0.5580204887,
O1/1064/2,,videos/sample_004253_O1__1064__2.pt,ok,0.5844794512,0.6030349731,0.5573959381,0.5471485325,average,0.5844794512,0.5573959381,
O1/1064/3,,videos/sample_004254_O1__1064__3.pt,ok,0.5831620097,0.6028098464,0.5581307586,0.5472717242,average,0.5831620097,0.5581307586,
O1/1064/4,,videos/sample_004255_O1__1064__4.pt,ok,0.5846381783,0.6043991446,0.5573074712,0.5464026370,average,0.5846381783,0.5573074712,
O1/1065/1,,videos/sample_004256_O1__1065__1.pt,ok,0.6002812982,0.6171876192,0.5486572781,0.5394594716,average,0.6002812982,0.5486572781,
O1/1065/2,,videos/sample_004257_O1__1065__2.pt,ok,0.6015595794,0.6199446321,0.5479563879,0.5379742233,average,0.6015595794,0.5479563879,
O1/1065/3,,videos/sample_004258_O1__1065__3.pt,ok,0.6003763080,0.6184644699,0.5486051528,0.5387711020,average,0.6003763080,0.5486051528,
O1/1065/4,,videos/sample_004259_O1__1065__4.pt,ok,0.6010332704,0.6193286777,0.5482448582,0.5383056930,average,0.6010332704,0.5482448582,
O1/1066/1,,videos/sample_004260_O1__1066__1.pt,ok,0.5692178607,0.5867078900,0.5659679314,0.5561551983,average,0.5692178607,0.5659679314,
O1/1066/2,,videos/sample_004261_O1__1066__2.pt,ok,0.5703092217,0.5876132846,0.5653505930,0.5556518863,average,0.5703092217,0.5653505930,
O1/1066/3,,videos/sample_004262_O1__1066__3.pt,ok,0.5685329437,0.5837140679,0.5663557052,0.5578227229,average,0.5685329437,0.5663557052,
O1/1066/4,,videos/sample_004263_O1__1066__4.pt,ok,0.5697175860,0.5848776698,0.5656851735,0.5571740168,average,0.5697175860,0.5656851735,
O1/1067/1,,videos/sample_004264_O1__1067__1.pt,ok,0.5738075376,0.5971425176,0.5633762735,0.5503820984,average,0.5738075376,0.5633762735,
O1/1067/2,,videos/sample_004265_O1__1067__2.pt,ok,0.5721789002,0.5941337943,0.5642945567,0.5520405395,average,0.5721789002,0.5642945567,
O1/1067/3,,videos/sample_004266_O1__1067__3.pt,ok,0.5721052289,0.5942531824,0.5643361305,0.5519746363,average,0.5721052289,0.5643361305,
O1/1067/4,,videos/sample_004267_O1__1067__4.pt,ok,0.5736451149,0.5986186862,0.5634677860,0.5495702410,average,0.5736451149,0.5634677860,
O1/1068/1,,videos/sample_004268_O1__1068__1.pt,ok,0.6163319349,0.6283222437,0.5399212762,0.5334861103,average,0.6163319349,0.5399212762,
O1/1068/2,,videos/sample_004269_O1__1068__2.pt,ok,0.6165631413,0.6286745667,0.5397964573,0.5332981839,average,0.6165631413,0.5397964573,
O1/1068/3,,videos/sample_004270_O1__1068__3.pt,ok,0.6152122617,0.6286745667,0.5405261501,0.5332981839,average,0.6152122617,0.5405261501,
O1/1068/4,,videos/sample_004271_O1__1068__4.pt,ok,0.6172421575,0.6283222437,0.5394300513,0.5334861103,average,0.6172421575,0.5394300513,
O1/1069/1,,videos/sample_004272_O1__1069__1.pt,ok,0.6401029229,0.6614251137,0.5272381564,0.5161152872,average,0.6401029229,0.5272381564,
O1/1069/2,,videos/sample_004273_O1__1069__2.pt,ok,0.6392073631,0.6614251137,0.5277105411,0.5161152872,average,0.6392073631,0.5277105411,
O1/1069/3,,videos/sample_004274_O1__1069__3.pt,ok,0.6405839920,0.6609408259,0.5269845794,0.5163652960,average,0.6405839920,0.5269845794,
O1/1069/4,,videos/sample_004275_O1__1069__4.pt,ok,0.6404708624,0.6609408259,0.5270442003,0.5163652960,average,0.6404708624,0.5270442003,
O1/1070/1,,videos/sample_004276_O1__1070__1.pt,ok,0.6250998974,0.6364104152,0.5352079600,0.5291885861,average,0.6250998974,0.5352079600,
O1/1070/2,,videos/sample_004277_O1__1070__2.pt,ok,0.6254165173,0.6375426054,0.5350385293,0.5285897830,average,0.6254165173,0.5350385293,
O1/1070/3,,videos/sample_004278_O1__1070__3.pt,ok,0.6235249639,0.6358004212,0.5360515411,0.5295114864,average,0.6235249639,0.5360515411,
O1/1070/4,,videos/sample_004279_O1__1070__4.pt,ok,0.6245762706,0.6367848516,0.5354882826,0.5289904757,average,0.6245762706,0.5354882826,
O1/1071/1,,videos/sample_004280_O1__1071__1.pt,ok,0.5855146646,0.6074661613,0.5568192129,0.5447293783,average,0.5855146646,0.5568192129,
O1/1071/2,,videos/sample_004281_O1__1071__2.pt,ok,0.5862141252,0.6078473330,0.5564298760,0.5445217824,average,0.5862141252,0.5564298760,
O1/1071/3,,videos/sample_004282_O1__1071__3.pt,ok,0.5809614658,0.6034277081,0.5593603021,0.5469336903,average,0.5809614658,0.5593603021,
O1/1071/4,,videos/sample_004283_O1__1071__4.pt,ok,0.5830305815,0.6086313725,0.5582041175,0.5440950232,average,0.5830305815,0.5582041175,
O1/1072/1,,videos/sample_004284_O1__1072__1.pt,ok,0.5856929421,0.6141168475,0.5567199534,0.5411185746,average,0.5856929421,0.5567199534,
O1/1072/2,,videos/sample_004285_O1__1072__2.pt,ok,0.5855904222,0.6105788946,0.5567770313,0.5430364172,average,0.5855904222,0.5567770313,
O1/1072/3,,videos/sample_004286_O1__1072__3.pt,ok,0.5807594657,0.6059775949,0.5594733044,0.5455408479,average,0.5807594657,0.5594733044,
O1/1072/4,,videos/sample_004287_O1__1072__4.pt,ok,0.5857900977,0.6104170680,0.5566658676,0.5431243021,average,0.5857900977,0.5566658676,
O1/1073/1,,videos/sample_004288_O1__1073__1.pt,ok,0.5788800120,0.5992447734,0.5605257973,0.5492262698,average,0.5788800120,0.5605257973,
O1/1073/2,,videos/sample_004289_O1__1073__2.pt,ok,0.5802250504,0.5990806222,0.5597723754,0.5493164333,average,0.5802250504,0.5597723754,
O1/1073/3,,videos/sample_004290_O1__1073__3.pt,ok,0.5784042478,0.5985628963,0.5607925389,0.5496009023,average,0.5784042478,0.5607925389,
O1/1073/4,,videos/sample_004291_O1__1073__4.pt,ok,0.5798743963,0.5995785594,0.5599686963,0.5490429763,average,0.5798743963,0.5599686963,
O1/1074/1,,videos/sample_004292_O1__1074__1.pt,ok,0.6266662478,0.6499923468,0.5343702929,0.5220497721,average,0.6266662478,0.5343702929,
O1/1074/2,,videos/sample_004293_O1__1074__2.pt,ok,0.6264467239,0.6499923468,0.5344876129,0.5220497721,average,0.6264467239,0.5344876129,
O1/1074/3,,videos/sample_004294_O1__1074__3.pt,ok,0.6237179041,0.6502337456,0.5359481251,0.5219237651,average,0.6237179041,0.5359481251,
O1/1074/4,,videos/sample_004295_O1__1074__4.pt,ok,0.6259533763,0.6502337456,0.5347513661,0.5219237651,average,0.6259533763,0.5347513661,
O1/1075/1,,videos/sample_004296_O1__1075__1.pt,ok,0.5732671618,0.5978091955,0.5636807906,0.5500152931,average,0.5732671618,0.5636807906,
O1/1075/2,,videos/sample_004297_O1__1075__2.pt,ok,0.5730201602,0.5903927684,0.5638200379,0.5541096053,average,0.5730201602,0.5638200379,
O1/1075/3,,videos/sample_004298_O1__1075__3.pt,ok,0.5715018511,0.5959165096,0.5646767412,0.5510572850,average,0.5715018511,0.5646767412,
O1/1075/4,,videos/sample_004299_O1__1075__4.pt,ok,0.5712820888,0.5895378590,0.5648008495,0.5545835213,average,0.5712820888,0.5648008495,
O1/1076/1,,videos/sample_004300_O1__1076__1.pt,ok,0.5730453730,0.5956289172,0.5638058226,0.5512157877,average,0.5730453730,0.5638058226,
O1/1076/2,,videos/sample_004301_O1__1076__2.pt,ok,0.5731941462,0.5941520929,0.5637219496,0.5520304380,average,0.5731941462,0.5637219496,
O1/1076/3,,videos/sample_004302_O1__1076__3.pt,ok,0.5724493265,0.5926715136,0.5641419772,0.5528483682,average,0.5724493265,0.5641419772,
O1/1076/4,,videos/sample_004303_O1__1076__4.pt,ok,0.5722618699,0.5934077501,0.5642477393,0.5524414908,average,0.5722618699,0.5642477393,
O1/1077/1,,videos/sample_004304_O1__1077__1.pt,ok,0.6206532717,0.6335460544,0.5375931285,0.5307065461,average,0.6206532717,0.5375931285,
O1/1077/2,,videos/sample_004305_O1__1077__2.pt,ok,0.6204266548,0.6335420012,0.5377149700,0.5307086971,average,0.6204266548,0.5377149700,
O1/1077/3,,videos/sample_004306_O1__1077__3.pt,ok,0.6192412972,0.6338797212,0.5383527324,0.5305294965,average,0.6192412972,0.5383527324,
O1/1077/4,,videos/sample_004307_O1__1077__4.pt,ok,0.6189359426,0.6338111162,0.5385171460,0.5305658947,average,0.6189359426,0.5385171460,
O1/1078/1,,videos/sample_004308_O1__1078__1.pt,ok,0.5686407089,0.5934745073,0.5662946751,0.5524046126,average,0.5686407089,0.5662946751,
O1/1078/2,,videos/sample_004309_O1__1078__2.pt,ok,0.5702669621,0.5929421782,0.5653744850,0.5526987519,average,0.5702669621,0.5653744850,
O1/1078/3,,videos/sample_004310_O1__1078__3.pt,ok,0.5692832470,0.5888295770,0.5659309261,0.5549764620,average,0.5692832470,0.5659309261,
O1/1078/4,,videos/sample_004311_O1__1078__4.pt,ok,0.5662397742,0.5842055082,0.5676559451,0.5575486537,average,0.5662397742,0.5676559451,
O1/1079/1,,videos/sample_004312_O1__1079__1.pt,ok,0.6230867505,0.6379464269,0.5362864975,0.5283763702,average,0.6230867505,0.5362864975,
O1/1079/2,,videos/sample_004313_O1__1079__2.pt,ok,0.6234444380,0.6381862164,0.5360947088,0.5282496863,average,0.6234444380,0.5360947088,
O1/1079/3,,videos/sample_004314_O1__1079__3.pt,ok,0.6215807199,0.6371937394,0.5370947698,0.5287742222,average,0.6215807199,0.5370947698,
O1/1079/4,,videos/sample_004315_O1__1079__4.pt,ok,0.6230227947,0.6373190880,0.5363207972,0.5287079452,average,0.6230227947,0.5363207972,
O1/1080/1,,videos/sample_004316_O1__1080__1.pt,ok,0.6442552209,0.6639440656,0.5250534454,0.5148168536,average,0.6442552209,0.5250534454,
O1/1080/2,,videos/sample_004317_O1__1080__2.pt,ok,0.6439896822,0.6627379656,0.5251928859,0.5154381488,average,0.6439896822,0.5251928859,
O1/1080/3,,videos/sample_004318_O1__1080__3.pt,ok,0.6436366439,0.6639440656,0.5253783318,0.5148168536,average,0.6436366439,0.5253783318,
O1/1080/4,,videos/sample_004319_O1__1080__4.pt,ok,0.6441701055,0.6627379656,0.5250981374,0.5154381488,average,0.6441701055,0.5250981374,
